bucket,datetime,trade_count,size_sum,amount_sum,vwap,avg_trade_size,max_trade_size,midpoint,midpoint_return,abs_midpoint_return,spread,spread_pct,bid_depth_top5,ask_depth_top5,total_depth,depth_change,depth_imbalance,depth_drop,abs_depth_imbalance,market_file,market_stem
1770819000,2026-02-11 14:10:00,4,115.081625,104.07729500000002,0.9043780447060565,26.019323750000005,,,0.0,0.0,,0.0,,,,0.0,,-0.0,,1345814_YES.csv,1345814_YES
1770819060,2026-02-11 14:11:00,1,149.0,135.59,0.9099999999938927,135.59,,,0.0,0.0,,0.0,,,,0.0,,-0.0,,1345814_YES.csv,1345814_YES
1770819540,2026-02-11 14:19:00,1,2.37,2.133,0.8999999996202531,2.133,,,0.0,0.0,,0.0,,,,0.0,,-0.0,,1345814_YES.csv,1345814_YES
1770820500,2026-02-11 14:35:00,1,2.37,2.0382,0.8599999996371308,2.0382,,,0.0,0.0,,0.0,,,,0.0,,-0.0,,1345814_YES.csv,1345814_YES
1770820860,2026-02-11 14:41:00,1,10.0,8.299999999999999,0.8299999999169999,8.299999999999999,,,0.0,0.0,,0.0,,,,0.0,,-0.0,,1345814_YES.csv,1345814_YES
1770820920,2026-02-11 14:42:00,1,10.0,8.100000000000001,0.8099999999190002,8.100000000000001,,,0.0,0.0,,0.0,,,,0.0,,-0.0,,1345814_YES.csv,1345814_YES
1770820980,2026-02-11 14:43:00,1,10.0,8.2,0.8199999999179999,8.2,,,0.0,0.0,,0.0,,,,0.0,,-0.0,,1345814_YES.csv,1345814_YES
1770821220,2026-02-11 14:47:00,1,10.0,8.2,0.8199999999179999,8.2,,,0.0,0.0,,0.0,,,,0.0,,-0.0,,1345814_YES.csv,1345814_YES
1770821340,2026-02-11 14:49:00,1,10.0,8.2,0.8199999999179999,8.2,,,0.0,0.0,,0.0,,,,0.0,,-0.0,,1345814_YES.csv,1345814_YES
1770821400,2026-02-11 14:50:00,1,10.0,8.100000000000001,0.8099999999190002,8.100000000000001,,,0.0,0.0,,0.0,,,,0.0,,-0.0,,1345814_YES.csv,1345814_YES
1770821460,2026-02-11 14:51:00,1,10.0,8.100000000000001,0.8099999999190002,8.100000000000001,,,0.0,0.0,,0.0,,,,0.0,,-0.0,,1345814_YES.csv,1345814_YES
1770821520,2026-02-11 14:52:00,1,10.0,8.100000000000001,0.8099999999190002,8.100000000000001,,,0.0,0.0,,0.0,,,,0.0,,-0.0,,1345814_YES.csv,1345814_YES
1770821700,2026-02-11 14:55:00,1,10.0,8.100000000000001,0.8099999999190002,8.100000000000001,,,0.0,0.0,,0.0,,,,0.0,,-0.0,,1345814_YES.csv,1345814_YES
1770822180,2026-02-11 15:03:00,1,15.0,11.7,0.7799999999480001,11.7,,,0.0,0.0,,0.0,,,,0.0,,-0.0,,1345814_YES.csv,1345814_YES
1770822240,2026-02-11 15:04:00,8,337.08389,259.354595,0.7694066749948525,32.419324375,,,0.0,0.0,,0.0,,,,0.0,,-0.0,,1345814_YES.csv,1345814_YES
1770822300,2026-02-11 15:05:00,3,135.7887,104.45729899999999,0.769263561689822,34.819099666666666,,,0.0,0.0,,0.0,,,,0.0,,-0.0,,1345814_YES.csv,1345814_YES
1770822360,2026-02-11 15:06:00,3,73.16883,56.039999,0.7658998920610607,18.679999666666667,,,0.0,0.0,,0.0,,,,0.0,,-0.0,,1345814_YES.csv,1345814_YES
1770822420,2026-02-11 15:07:00,1,65.013511,48.10999799999999,0.7399999978352191,48.10999799999999,,,0.0,0.0,,0.0,,,,0.0,,-0.0,,1345814_YES.csv,1345814_YES
1770822480,2026-02-11 15:08:00,3,85.904107,62.509997999999996,0.7276718213166726,20.836665999999997,,,0.0,0.0,,0.0,,,,0.0,,-0.0,,1345814_YES.csv,1345814_YES
1770822540,2026-02-11 15:09:00,2,76.819443,55.209998,0.718698233717749,27.604999,,,0.0,0.0,,0.0,,,,0.0,,-0.0,,1345814_YES.csv,1345814_YES
1770822600,2026-02-11 15:10:00,2,94.904107,68.989998,0.7269442828145789,34.494999,,,0.0,0.0,,0.0,,,,0.0,,-0.0,,1345814_YES.csv,1345814_YES
1770822780,2026-02-11 15:13:00,1,10.0,6.9,0.6899999999309999,6.9,,,0.0,0.0,,0.0,,,,0.0,,-0.0,,1345814_YES.csv,1345814_YES
1770822840,2026-02-11 15:14:00,5,50.0,35.3,0.70599999998588,7.06,,,0.0,0.0,,0.0,,,,0.0,,-0.0,,1345814_YES.csv,1345814_YES
1770822900,2026-02-11 15:15:00,6,233.265174,171.873995,0.7368180686897702,28.645665833333336,,,0.0,0.0,,0.0,,,,0.0,,-0.0,,1345814_YES.csv,1345814_YES
1770822960,2026-02-11 15:16:00,2,65.94520299999999,48.139998,0.7299999971077502,24.069999,,,0.0,0.0,,0.0,,,,0.0,,-0.0,,1345814_YES.csv,1345814_YES
1770823020,2026-02-11 15:17:00,2,65.945942,48.599997,0.7369672117089938,24.2999985,,,0.0,0.0,,0.0,,,,0.0,,-0.0,,1345814_YES.csv,1345814_YES
1770823080,2026-02-11 15:18:00,2,52.0,38.84,0.7469230769087132,19.42,,,0.0,0.0,,0.0,,,,0.0,,-0.0,,1345814_YES.csv,1345814_YES
1770823140,2026-02-11 15:19:00,2,46.64,34.980000000000004,0.7499999999839195,17.490000000000002,,,0.0,0.0,,0.0,,,,0.0,,-0.0,,1345814_YES.csv,1345814_YES
1770823260,2026-02-11 15:21:00,1,10.0,7.5,0.749999999925,7.5,,,0.0,0.0,,0.0,,,,0.0,,-0.0,,1345814_YES.csv,1345814_YES
1770823380,2026-02-11 15:23:00,1,10.0,7.6,0.7599999999239999,7.6,,,0.0,0.0,,0.0,,,,0.0,,-0.0,,1345814_YES.csv,1345814_YES
1770823500,2026-02-11 15:25:00,1,15.0,11.25,0.74999999995,11.25,,,0.0,0.0,,0.0,,,,0.0,,-0.0,,1345814_YES.csv,1345814_YES
1770823680,2026-02-11 15:28:00,5,111.725668,82.306494,0.7366838388405368,16.4612988,,,0.0,0.0,,0.0,,,,0.0,,-0.0,,1345814_YES.csv,1345814_YES
1770823740,2026-02-11 15:29:00,4,137.88455399999998,103.763594,0.7525396499396696,25.9408985,,,0.0,0.0,,0.0,,,,0.0,,-0.0,,1345814_YES.csv,1345814_YES
1770823800,2026-02-11 15:30:00,2,56.919997,42.689997000000005,0.7499999868104351,21.344998500000003,,,0.0,0.0,,0.0,,,,0.0,,-0.0,,1345814_YES.csv,1345814_YES
1770823860,2026-02-11 15:31:00,1,10.0,7.6,0.7599999999239999,7.6,,,0.0,0.0,,0.0,,,,0.0,,-0.0,,1345814_YES.csv,1345814_YES
1770823920,2026-02-11 15:32:00,1,34.578946,26.279998000000003,0.7599999722154632,26.279998000000003,,,0.0,0.0,,0.0,,,,0.0,,-0.0,,1345814_YES.csv,1345814_YES
1770825060,2026-02-11 15:51:00,2,30.0,22.8,0.7599999999746667,11.4,,,0.0,0.0,,0.0,,,,0.0,,-0.0,,1345814_YES.csv,1345814_YES
1770825120,2026-02-11 15:52:00,2,61.0,46.36,0.759999999987541,23.18,,,0.0,0.0,,0.0,,,,0.0,,-0.0,,1345814_YES.csv,1345814_YES
1770825240,2026-02-11 15:54:00,2,38.0,29.64,0.7799999999794738,14.82,,,0.0,0.0,,0.0,,,,0.0,,-0.0,,1345814_YES.csv,1345814_YES
1770825360,2026-02-11 15:56:00,2,31.0,24.490000000000002,0.7899999999745162,12.245000000000001,,,0.0,0.0,,0.0,,,,0.0,,-0.0,,1345814_YES.csv,1345814_YES
1770826200,2026-02-11 16:10:00,2,192.0,155.52,0.8099999999957813,77.76,,,0.0,0.0,,0.0,,,,0.0,,-0.0,,1345814_YES.csv,1345814_YES
1770826260,2026-02-11 16:11:00,1,15.0,12.3,0.8199999999453332,12.3,,,0.0,0.0,,0.0,,,,0.0,,-0.0,,1345814_YES.csv,1345814_YES
1770826860,2026-02-11 16:21:00,1,5.0,4.2,0.839999999832,4.2,,,0.0,0.0,,0.0,,,,0.0,,-0.0,,1345814_YES.csv,1345814_YES
1770827100,2026-02-11 16:25:00,1,8.0,6.64,0.82999999989625,6.64,,,0.0,0.0,,0.0,,,,0.0,,-0.0,,1345814_YES.csv,1345814_YES
1770827760,2026-02-11 16:36:00,1,10.0,7.800000000000001,0.7799999999220001,7.800000000000001,,,0.0,0.0,,0.0,,,,0.0,,-0.0,,1345814_YES.csv,1345814_YES
1770827820,2026-02-11 16:37:00,1,10.0,7.7,0.7699999999230001,7.7,,,0.0,0.0,,0.0,,,,0.0,,-0.0,,1345814_YES.csv,1345814_YES
1770827880,2026-02-11 16:38:00,1,10.0,7.6,0.7599999999239999,7.6,,,0.0,0.0,,0.0,,,,0.0,,-0.0,,1345814_YES.csv,1345814_YES
1770828000,2026-02-11 16:40:00,3,64.0,49.28,0.7699999999879688,16.426666666666666,,,0.0,0.0,,0.0,,,,0.0,,-0.0,,1345814_YES.csv,1345814_YES
1770828060,2026-02-11 16:41:00,1,26.0,20.02,0.7699999999703846,20.02,,,0.0,0.0,,0.0,,,,0.0,,-0.0,,1345814_YES.csv,1345814_YES
1770828120,2026-02-11 16:42:00,1,5.0,3.85,0.769999999846,3.85,,,0.0,0.0,,0.0,,,,0.0,,-0.0,,1345814_YES.csv,1345814_YES
1770828360,2026-02-11 16:46:00,2,31.0,23.560000000000002,0.759999999975484,11.780000000000001,,,0.0,0.0,,0.0,,,,0.0,,-0.0,,1345814_YES.csv,1345814_YES
1770828420,2026-02-11 16:47:00,3,53.0,40.28,0.7599999999856605,13.426666666666668,,,0.0,0.0,,0.0,,,,0.0,,-0.0,,1345814_YES.csv,1345814_YES
1770828600,2026-02-11 16:50:00,1,10.0,7.4,0.7399999999260001,7.4,,,0.0,0.0,,0.0,,,,0.0,,-0.0,,1345814_YES.csv,1345814_YES
1770828780,2026-02-11 16:53:00,1,16.0,12.0,0.749999999953125,12.0,,,0.0,0.0,,0.0,,,,0.0,,-0.0,,1345814_YES.csv,1345814_YES
1770831300,2026-02-11 17:35:00,1,15.0,12.15,0.809999999946,12.15,,,0.0,0.0,,0.0,,,,0.0,,-0.0,,1345814_YES.csv,1345814_YES
1770831420,2026-02-11 17:37:00,1,15.0,12.3,0.8199999999453332,12.3,,,0.0,0.0,,0.0,,,,0.0,,-0.0,,1345814_YES.csv,1345814_YES
1770834600,2026-02-11 18:30:00,1,10.0,8.299999999999999,0.8299999999169999,8.299999999999999,,,0.0,0.0,,0.0,,,,0.0,,-0.0,,1345814_YES.csv,1345814_YES
1770834720,2026-02-11 18:32:00,1,10.0,8.2,0.8199999999179999,8.2,,,0.0,0.0,,0.0,,,,0.0,,-0.0,,1345814_YES.csv,1345814_YES
1770835740,2026-02-11 18:49:00,1,10.0,8.5,0.849999999915,8.5,,,0.0,0.0,,0.0,,,,0.0,,-0.0,,1345814_YES.csv,1345814_YES
1770835800,2026-02-11 18:50:00,2,26.547618,22.299999,0.8399999954481792,11.1499995,,,0.0,0.0,,0.0,,,,0.0,,-0.0,,1345814_YES.csv,1345814_YES
1770836880,2026-02-11 19:08:00,1,110.0,96.8,0.879999999992,96.8,,,0.0,0.0,,0.0,,,,0.0,,-0.0,,1345814_YES.csv,1345814_YES
1770836940,2026-02-11 19:09:00,1,100.0,88.0,0.8799999999911999,88.0,,,0.0,0.0,,0.0,,,,0.0,,-0.0,,1345814_YES.csv,1345814_YES
1770837540,2026-02-11 19:19:00,1,22.727271,19.999998,0.8799999788412783,19.999998,,,0.0,0.0,,0.0,,,,0.0,,-0.0,,1345814_YES.csv,1345814_YES
1770838080,2026-02-11 19:28:00,1,16.0,13.92,0.869999999945625,13.92,,,0.0,0.0,,0.0,,,,0.0,,-0.0,,1345814_YES.csv,1345814_YES
1770838140,2026-02-11 19:29:00,1,16.0,13.92,0.869999999945625,13.92,,,0.0,0.0,,0.0,,,,0.0,,-0.0,,1345814_YES.csv,1345814_YES
1770838260,2026-02-11 19:31:00,1,10.0,8.6,0.859999999914,8.6,,,0.0,0.0,,0.0,,,,0.0,,-0.0,,1345814_YES.csv,1345814_YES
1770838320,2026-02-11 19:32:00,1,10.0,8.6,0.859999999914,8.6,,,0.0,0.0,,0.0,,,,0.0,,-0.0,,1345814_YES.csv,1345814_YES
1770838560,2026-02-11 19:36:00,6,460.724489,403.799995,0.8764456950737941,67.29999916666667,,,0.0,0.0,,0.0,,,,0.0,,-0.0,,1345814_YES.csv,1345814_YES
1770838860,2026-02-11 19:41:00,1,10.0,8.9,0.889999999911,8.9,,,0.0,0.0,,0.0,,,,0.0,,-0.0,,1345814_YES.csv,1345814_YES
1770838920,2026-02-11 19:42:00,1,10.0,8.9,0.889999999911,8.9,,,0.0,0.0,,0.0,,,,0.0,,-0.0,,1345814_YES.csv,1345814_YES
1770840060,2026-02-11 20:01:00,1,10.0,8.9,0.889999999911,8.9,,,0.0,0.0,,0.0,,,,0.0,,-0.0,,1345814_YES.csv,1345814_YES
1770840900,2026-02-11 20:15:00,1,5.0,4.45,0.8899999998220001,4.45,,,0.0,0.0,,0.0,,,,0.0,,-0.0,,1345814_YES.csv,1345814_YES
1770841200,2026-02-11 20:20:00,1,5.6,4.984,0.8899999998410715,4.984,,,0.0,0.0,,0.0,,,,0.0,,-0.0,,1345814_YES.csv,1345814_YES
1770842820,2026-02-11 20:47:00,1,15.0,13.05,0.8699999999420001,13.05,,,0.0,0.0,,0.0,,,,0.0,,-0.0,,1345814_YES.csv,1345814_YES
1770842880,2026-02-11 20:48:00,1,25.0,21.75,0.8699999999651999,21.75,,,0.0,0.0,,0.0,,,,0.0,,-0.0,,1345814_YES.csv,1345814_YES
1770843180,2026-02-11 20:53:00,1,16.0,14.08,0.879999999945,14.08,,,0.0,0.0,,0.0,,,,0.0,,-0.0,,1345814_YES.csv,1345814_YES
1770843480,2026-02-11 20:58:00,1,90.0,80.1,0.889999999990111,80.1,,,0.0,0.0,,0.0,,,,0.0,,-0.0,,1345814_YES.csv,1345814_YES
1770843960,2026-02-11 21:06:00,1,165.0,146.85,0.8899999999946061,146.85,,,0.0,0.0,,0.0,,,,0.0,,-0.0,,1345814_YES.csv,1345814_YES
1770844320,2026-02-11 21:12:00,1,1.11111,0.999999,0.8999999991899992,0.999999,,,0.0,0.0,,0.0,,,,0.0,,-0.0,,1345814_YES.csv,1345814_YES
1770844980,2026-02-11 21:23:00,2,743.0,668.7,0.8999999999987888,334.35,,,0.0,0.0,,0.0,,,,0.0,,-0.0,,1345814_YES.csv,1345814_YES
1770845040,2026-02-11 21:24:00,2,10.870000000000001,9.8917,0.9099999999162832,4.94585,,,0.0,0.0,,0.0,,,,0.0,,-0.0,,1345814_YES.csv,1345814_YES
1770845340,2026-02-11 21:29:00,1,5.0,4.6000000000000005,0.9199999998160001,4.6000000000000005,,,0.0,0.0,,0.0,,,,0.0,,-0.0,,1345814_YES.csv,1345814_YES
1770845400,2026-02-11 21:30:00,1,5.0,4.6000000000000005,0.9199999998160001,4.6000000000000005,,,0.0,0.0,,0.0,,,,0.0,,-0.0,,1345814_YES.csv,1345814_YES
1770845520,2026-02-11 21:32:00,2,10.054345999999999,9.149998,0.9100540203301087,4.574999,,,0.0,0.0,,0.0,,,,0.0,,-0.0,,1345814_YES.csv,1345814_YES
1770845700,2026-02-11 21:35:00,1,10.752685,9.999997,0.9299999952635086,9.999997,,,0.0,0.0,,0.0,,,,0.0,,-0.0,,1345814_YES.csv,1345814_YES
1770846240,2026-02-11 21:44:00,2,10.054337,9.14999,0.9100540392757818,4.574995,,,0.0,0.0,,0.0,,,,0.0,,-0.0,,1345814_YES.csv,1345814_YES
1770847920,2026-02-11 22:12:00,1,1.38,1.2558,0.9099999993405797,1.2558,,,0.0,0.0,,0.0,,,,0.0,,-0.0,,1345814_YES.csv,1345814_YES
1770848640,2026-02-11 22:24:00,1,90.0,80.1,0.889999999990111,80.1,,,0.0,0.0,,0.0,,,,0.0,,-0.0,,1345814_YES.csv,1345814_YES
1770848940,2026-02-11 22:29:00,1,89.0,79.21000000000001,0.88999999999,79.21000000000001,,,0.0,0.0,,0.0,,,,0.0,,-0.0,,1345814_YES.csv,1345814_YES
1770849600,2026-02-11 22:40:00,1,1.38,1.1868,0.8599999993768115,1.1868,,,0.0,0.0,,0.0,,,,0.0,,-0.0,,1345814_YES.csv,1345814_YES
1770849660,2026-02-11 22:41:00,1,995.0,875.6,0.8799999999991156,875.6,,,0.0,0.0,,0.0,,,,0.0,,-0.0,,1345814_YES.csv,1345814_YES
1770854280,2026-02-11 23:58:00,1,1.162785,0.999995,0.8599999132599749,0.999995,,,0.0,0.0,,0.0,,,,0.0,,-0.0,,1345814_YES.csv,1345814_YES
1770854340,2026-02-11 23:59:00,1,9.46,7.9518,0.8405708244354576,7.9518,,,0.0,0.0,,0.0,,,,0.0,,-0.0,,1345814_YES.csv,1345814_YES
1770854820,2026-02-12 00:07:00,1,2.272726,1.999998,0.8799996124125831,1.999998,,,0.0,0.0,,0.0,,,,0.0,,-0.0,,1345814_YES.csv,1345814_YES
1770857760,2026-02-12 00:56:00,1,7.74444,6.969996,0.8999999998837876,6.969996,,,0.0,0.0,,0.0,,,,0.0,,-0.0,,1345814_YES.csv,1345814_YES
1770858480,2026-02-12 01:08:00,1,5.0,4.5,0.89999999982,4.5,,,0.0,0.0,,0.0,,,,0.0,,-0.0,,1345814_YES.csv,1345814_YES
1770859560,2026-02-12 01:26:00,2,551.208677,496.09999600000003,0.9000221090480041,248.04999800000002,,,0.0,0.0,,0.0,,,,0.0,,-0.0,,1345814_YES.csv,1345814_YES
1770860160,2026-02-12 01:36:00,1,98.78,89.88980000000001,0.9099999999907876,89.88980000000001,,,0.0,0.0,,0.0,,,,0.0,,-0.0,,1345814_YES.csv,1345814_YES
1770862080,2026-02-12 02:08:00,2,146.203955,131.599999,0.9001124422324956,65.7999995,,,0.0,0.0,,0.0,,,,0.0,,-0.0,,1345814_YES.csv,1345814_YES
1770862620,2026-02-12 02:17:00,1,1.11111,0.999999,0.8999999991899992,0.999999,,,0.0,0.0,,0.0,,,,0.0,,-0.0,,1345814_YES.csv,1345814_YES
1770863700,2026-02-12 02:35:00,2,102.1978,91.999998,0.9002150535442034,45.999999,,,0.0,0.0,,0.0,,,,0.0,,-0.0,,1345814_YES.csv,1345814_YES
1770865020,2026-02-12 02:57:00,1,70.7,63.63,0.8999999999872701,63.63,,,0.0,0.0,,0.0,,,,0.0,,-0.0,,1345814_YES.csv,1345814_YES
1770865920,2026-02-12 03:12:00,1,6.57,5.7816,0.8799999998660578,5.7816,,,0.0,0.0,,0.0,,,,0.0,,-0.0,,1345814_YES.csv,1345814_YES
1770868260,2026-02-12 03:51:00,1,11.16,9.9324,0.8899999999202508,9.9324,,,0.0,0.0,,0.0,,,,0.0,,-0.0,,1345814_YES.csv,1345814_YES
1770869760,2026-02-12 04:16:00,1,1.11111,0.999999,0.8999999991899992,0.999999,,,0.0,0.0,,0.0,,,,0.0,,-0.0,,1345814_YES.csv,1345814_YES
1770870240,2026-02-12 04:24:00,1,11.235954,9.999999,0.8899999945807894,9.999999,,,0.0,0.0,,0.0,,,,0.0,,-0.0,,1345814_YES.csv,1345814_YES
1770871080,2026-02-12 04:38:00,1,7.674414,6.599996,0.859999994675815,6.599996,,,0.0,0.0,,0.0,,,,0.0,,-0.0,,1345814_YES.csv,1345814_YES
1770871320,2026-02-12 04:42:00,1,10.0,8.8,0.8799999999120001,8.8,,,0.0,0.0,,0.0,,,,0.0,,-0.0,,1345814_YES.csv,1345814_YES
1770873300,2026-02-12 05:15:00,1,23.52941,19.999998,0.8499999787138733,19.999998,,,0.0,0.0,,0.0,,,,0.0,,-0.0,,1345814_YES.csv,1345814_YES
1770875700,2026-02-12 05:55:00,2,31.0,26.66,0.8599999999722581,13.33,,,0.0,0.0,,0.0,,,,0.0,,-0.0,,1345814_YES.csv,1345814_YES
1770876600,2026-02-12 06:10:00,1,97.0,83.42,0.859999999991134,83.42,,,0.0,0.0,,0.0,,,,0.0,,-0.0,,1345814_YES.csv,1345814_YES
1770876720,2026-02-12 06:12:00,5,230.0,197.79999999999998,0.8599999999962609,39.559999999999995,,,0.0,0.0,,0.0,,,,0.0,,-0.0,,1345814_YES.csv,1345814_YES
1770877380,2026-02-12 06:23:00,1,15.0,13.05,0.8699999999420001,13.05,,,0.0,0.0,,0.0,,,,0.0,,-0.0,,1345814_YES.csv,1345814_YES
1770877500,2026-02-12 06:25:00,2,34.0,29.580000000000002,0.8699999999744119,14.790000000000001,,,0.0,0.0,,0.0,,,,0.0,,-0.0,,1345814_YES.csv,1345814_YES
1770878280,2026-02-12 06:38:00,1,1.136358,0.999995,0.8799999640254216,0.999995,,,0.0,0.0,,0.0,,,,0.0,,-0.0,,1345814_YES.csv,1345814_YES
1770881040,2026-02-12 07:24:00,1,39.0,34.32,0.8799999999774359,34.32,,,0.0,0.0,,0.0,,,,0.0,,-0.0,,1345814_YES.csv,1345814_YES
1770881100,2026-02-12 07:25:00,2,299.0,263.12,0.8799999999970569,131.56,,,0.0,0.0,,0.0,,,,0.0,,-0.0,,1345814_YES.csv,1345814_YES
1770881280,2026-02-12 07:28:00,3,452.0,397.76,0.8799999999980531,132.58666666666667,,,0.0,0.0,,0.0,,,,0.0,,-0.0,,1345814_YES.csv,1345814_YES
1770881400,2026-02-12 07:30:00,1,13.0,11.44,0.8799999999323076,11.44,,,0.0,0.0,,0.0,,,,0.0,,-0.0,,1345814_YES.csv,1345814_YES
1770883080,2026-02-12 07:58:00,2,50.340908,44.299999,0.8799999991879368,22.1499995,,,0.0,0.0,,0.0,,,,0.0,,-0.0,,1345814_YES.csv,1345814_YES
1770883140,2026-02-12 07:59:00,1,40.0,35.2,0.8799999999780002,35.2,,,0.0,0.0,,0.0,,,,0.0,,-0.0,,1345814_YES.csv,1345814_YES
1770883200,2026-02-12 08:00:00,1,7.0,6.16,0.8799999998742857,6.16,,,0.0,0.0,,0.0,,,,0.0,,-0.0,,1345814_YES.csv,1345814_YES
1770883560,2026-02-12 08:06:00,1,87.0,76.56,0.8799999999898851,76.56,,,0.0,0.0,,0.0,,,,0.0,,-0.0,,1345814_YES.csv,1345814_YES
1770883860,2026-02-12 08:11:00,2,13.0,11.440000000000001,0.8799999999323078,5.720000000000001,,,0.0,0.0,,0.0,,,,0.0,,-0.0,,1345814_YES.csv,1345814_YES
1770883920,2026-02-12 08:12:00,1,1.127302,0.999998,0.887071963957243,0.999998,,,0.0,0.0,,0.0,,,,0.0,,-0.0,,1345814_YES.csv,1345814_YES
1770884100,2026-02-12 08:15:00,3,15.0,13.200000000000001,0.8799999999413334,4.4,,,0.0,0.0,,0.0,,,,0.0,,-0.0,,1345814_YES.csv,1345814_YES
1770884820,2026-02-12 08:27:00,1,5.74,4.9938,0.869999999848432,4.9938,,,0.0,0.0,,0.0,,,,0.0,,-0.0,,1345814_YES.csv,1345814_YES
1770885120,2026-02-12 08:32:00,2,10.0,8.6,0.859999999914,4.3,,,0.0,0.0,,0.0,,,,0.0,,-0.0,,1345814_YES.csv,1345814_YES
1770885180,2026-02-12 08:33:00,1,5.747125,4.999998,0.8699998693485873,4.999998,,,0.0,0.0,,0.0,,,,0.0,,-0.0,,1345814_YES.csv,1345814_YES
1770888780,2026-02-12 09:33:00,2,7.922219999999999,7.1299980000000005,0.8999999998863956,3.5649990000000003,,,0.0,0.0,,0.0,,,,0.0,,-0.0,,1345814_YES.csv,1345814_YES
1770888840,2026-02-12 09:34:00,10,394.91228,355.44995300000005,0.9000731833385884,35.544995300000004,,,0.0,0.0,,0.0,,,,0.0,,-0.0,,1345814_YES.csv,1345814_YES
1770889500,2026-02-12 09:45:00,1,75.0,68.25,0.9099999999878666,68.25,,,0.0,0.0,,0.0,,,,0.0,,-0.0,,1345814_YES.csv,1345814_YES
1770890040,2026-02-12 09:54:00,3,766.9891250000001,705.4099950000001,0.919713164119609,235.13666500000002,,,0.0,0.0,,0.0,,,,0.0,,-0.0,,1345814_YES.csv,1345814_YES
1770890400,2026-02-12 10:00:00,1,5.75,5.2325,0.9099999998417391,5.2325,,,0.0,0.0,,0.0,,,,0.0,,-0.0,,1345814_YES.csv,1345814_YES
1770890460,2026-02-12 10:01:00,1,1.11,1.0101000000000002,0.9099999991801803,1.0101000000000002,,,0.0,0.0,,0.0,,,,0.0,,-0.0,,1345814_YES.csv,1345814_YES
1770891900,2026-02-12 10:25:00,1,10.65,9.798,0.919999999913615,9.798,,,0.0,0.0,,0.0,,,,0.0,,-0.0,,1345814_YES.csv,1345814_YES
1770892320,2026-02-12 10:32:00,1,55.537628,51.649994,0.9299999992630222,51.649994,,,0.0,0.0,,0.0,,,,0.0,,-0.0,,1345814_YES.csv,1345814_YES
1770892380,2026-02-12 10:33:00,2,99.919108,93.09998300000001,0.9317535440675497,46.549991500000004,,,0.0,0.0,,0.0,,,,0.0,,-0.0,,1345814_YES.csv,1345814_YES
1770892620,2026-02-12 10:37:00,1,10.65,9.798,0.919999999913615,9.798,,,0.0,0.0,,0.0,,,,0.0,,-0.0,,1345814_YES.csv,1345814_YES
1770892920,2026-02-12 10:42:00,1,5.376343,4.999998000000001,0.9299998156869829,4.999998000000001,,,0.0,0.0,,0.0,,,,0.0,,-0.0,,1345814_YES.csv,1345814_YES
1770893160,2026-02-12 10:46:00,2,110.53999999999999,102.8022,0.9299999999915868,51.4011,,,0.0,0.0,,0.0,,,,0.0,,-0.0,,1345814_YES.csv,1345814_YES
1770894300,2026-02-12 11:05:00,2,81.23,75.54390000000001,0.929999999988551,37.771950000000004,,,0.0,0.0,,0.0,,,,0.0,,-0.0,,1345814_YES.csv,1345814_YES
1770894600,2026-02-12 11:10:00,1,100.0,93.0,0.9299999999906999,93.0,,,0.0,0.0,,0.0,,,,0.0,,-0.0,,1345814_YES.csv,1345814_YES
1770895080,2026-02-12 11:18:00,1,10.42,9.7948,0.9399999999097888,9.7948,,,0.0,0.0,,0.0,,,,0.0,,-0.0,,1345814_YES.csv,1345814_YES
1770895200,2026-02-12 11:20:00,1,5.0,4.699999999999999,0.9399999998119999,4.699999999999999,,,0.0,0.0,,0.0,,,,0.0,,-0.0,,1345814_YES.csv,1345814_YES
1770895380,2026-02-12 11:23:00,1,50.095733,47.089989,0.9399999995820004,47.089989,,,0.0,0.0,,0.0,,,,0.0,,-0.0,,1345814_YES.csv,1345814_YES
1770895680,2026-02-12 11:28:00,1,416.0,391.04,0.9399999999977403,391.04,,,0.0,0.0,,0.0,,,,0.0,,-0.0,,1345814_YES.csv,1345814_YES
1770896100,2026-02-12 11:35:00,2,10.43,9.7499,0.9347938637646411,4.87495,,,0.0,0.0,,0.0,,,,0.0,,-0.0,,1345814_YES.csv,1345814_YES
1770896280,2026-02-12 11:38:00,1,10.31,9.7945,0.9499999999078563,9.7945,,,0.0,0.0,,0.0,,,,0.0,,-0.0,,1345814_YES.csv,1345814_YES
1770897060,2026-02-12 11:51:00,1,5.0,4.75,0.9499999998099999,4.75,,,0.0,0.0,,0.0,,,,0.0,,-0.0,,1345814_YES.csv,1345814_YES
1770897180,2026-02-12 11:53:00,1,5.0,4.699999999999999,0.9399999998119999,4.699999999999999,,,0.0,0.0,,0.0,,,,0.0,,-0.0,,1345814_YES.csv,1345814_YES
1770897840,2026-02-12 12:04:00,1,10.31,9.6914,0.9399999999088263,9.6914,,,0.0,0.0,,0.0,,,,0.0,,-0.0,,1345814_YES.csv,1345814_YES
1770899280,2026-02-12 12:28:00,1,1.29,1.2126,0.9399999992713177,1.2126,,,0.0,0.0,,0.0,,,,0.0,,-0.0,,1345814_YES.csv,1345814_YES
1770900360,2026-02-12 12:46:00,1,5.26314,4.999982999999999,0.9499999998194992,4.999982999999999,,,0.0,0.0,,0.0,,,,0.0,,-0.0,,1345814_YES.csv,1345814_YES
1770902760,2026-02-12 13:26:00,1,100.0,95.0,0.9499999999905,95.0,,,0.0,0.0,,0.0,,,,0.0,,-0.0,,1345814_YES.csv,1345814_YES
1770903420,2026-02-12 13:37:00,1,22.6842,21.54999,0.9499999999581207,21.54999,,,0.0,0.0,,0.0,,,,0.0,,-0.0,,1345814_YES.csv,1345814_YES
1770903840,2026-02-12 13:44:00,1,5.6,5.263999999999999,0.9399999998321428,5.263999999999999,,,0.0,0.0,,0.0,,,,0.0,,-0.0,,1345814_YES.csv,1345814_YES
1770904800,2026-02-12 14:00:00,1,1.04165,0.999984,0.9599999990783852,0.999984,,,0.0,0.0,,0.0,,,,0.0,,-0.0,,1345814_YES.csv,1345814_YES
1770905280,2026-02-12 14:08:00,1,26.0,24.7,0.9499999999634615,24.7,,,0.0,0.0,,0.0,,,,0.0,,-0.0,,1345814_YES.csv,1345814_YES
1770907380,2026-02-12 14:43:00,1,40.0,38.0,0.9499999999762501,38.0,,,0.0,0.0,,0.0,,,,0.0,,-0.0,,1345814_YES.csv,1345814_YES
1770907980,2026-02-12 14:53:00,2,1541.0,1448.54,0.93999999999939,724.27,,,0.0,0.0,,0.0,,,,0.0,,-0.0,,1345814_YES.csv,1345814_YES
1770908880,2026-02-12 15:08:00,1,285.0,262.2,0.919999999996772,262.2,,,0.0,0.0,,0.0,,,,0.0,,-0.0,,1345814_YES.csv,1345814_YES
1770908940,2026-02-12 15:09:00,1,5.0,4.55,0.909999999818,4.55,,,0.0,0.0,,0.0,,,,0.0,,-0.0,,1345814_YES.csv,1345814_YES
1770909000,2026-02-12 15:10:00,1,200.0,182.0,0.90999999999545,182.0,,,0.0,0.0,,0.0,,,,0.0,,-0.0,,1345814_YES.csv,1345814_YES
1770909240,2026-02-12 15:14:00,7,105.0,97.14000000000001,0.9251428571340463,13.877142857142859,,,0.0,0.0,,0.0,,,,0.0,,-0.0,,1345814_YES.csv,1345814_YES
1770909300,2026-02-12 15:15:00,2,129.706512,119.329991,0.9199999996845186,59.6649955,,,0.0,0.0,,0.0,,,,0.0,,-0.0,,1345814_YES.csv,1345814_YES
1770909360,2026-02-12 15:16:00,11,450.8172,419.25999600000006,0.9299999999979373,38.1145450909091,,,0.0,0.0,,0.0,,,,0.0,,-0.0,,1345814_YES.csv,1345814_YES
1770909540,2026-02-12 15:19:00,1,5.0,4.65,0.9299999998140001,4.65,,,0.0,0.0,,0.0,,,,0.0,,-0.0,,1345814_YES.csv,1345814_YES
1770909600,2026-02-12 15:20:00,1,200.0,188.0,0.9399999999953,188.0,,,0.0,0.0,,0.0,,,,0.0,,-0.0,,1345814_YES.csv,1345814_YES
1770910920,2026-02-12 15:42:00,1,200.0,186.0,0.9299999999953501,186.0,,,0.0,0.0,,0.0,,,,0.0,,-0.0,,1345814_YES.csv,1345814_YES
1770910980,2026-02-12 15:43:00,2,10.0,9.3,0.9299999999070001,4.65,,,0.0,0.0,,0.0,,,,0.0,,-0.0,,1345814_YES.csv,1345814_YES
1770911040,2026-02-12 15:44:00,2,10.0,9.399999999999999,0.9399999999059998,4.699999999999999,,,0.0,0.0,,0.0,,,,0.0,,-0.0,,1345814_YES.csv,1345814_YES
1770911160,2026-02-12 15:46:00,1,5.05262,4.799989,0.9499999998119787,4.799989,,,0.0,0.0,,0.0,,,,0.0,,-0.0,,1345814_YES.csv,1345814_YES
1770911760,2026-02-12 15:56:00,1,0.34,0.3094,0.9099999973235293,0.3094,,,0.0,0.0,,0.0,,,,0.0,,-0.0,,1345814_YES.csv,1345814_YES
1770912000,2026-02-12 16:00:00,3,92.0,83.72,0.9099999999901086,27.906666666666666,,,0.0,0.0,,0.0,,,,0.0,,-0.0,,1345814_YES.csv,1345814_YES
1770912060,2026-02-12 16:01:00,1,20.68,18.612,0.8999999999564798,18.612,,,0.0,0.0,,0.0,,,,0.0,,-0.0,,1345814_YES.csv,1345814_YES
1770912420,2026-02-12 16:07:00,17,887.258309,782.807045,0.8822763755026358,46.04747323529412,,,0.0,0.0,,0.0,,,,0.0,,-0.0,,1345814_YES.csv,1345814_YES
1770912480,2026-02-12 16:08:00,3,239.36226599999998,210.899994,0.8810912326469993,70.299998,,,0.0,0.0,,0.0,,,,0.0,,-0.0,,1345814_YES.csv,1345814_YES
1770912540,2026-02-12 16:09:00,3,210.00449,185.67999600000002,0.8841715527087819,61.89333200000001,,,0.0,0.0,,0.0,,,,0.0,,-0.0,,1345814_YES.csv,1345814_YES
1770912600,2026-02-12 16:10:00,10,767.510111,663.969976,0.865096063860369,66.39699759999999,,,0.0,0.0,,0.0,,,,0.0,,-0.0,,1345814_YES.csv,1345814_YES
1770912720,2026-02-12 16:12:00,14,635.548751,552.229971,0.8689026138911113,39.444997928571425,,,0.0,0.0,,0.0,,,,0.0,,-0.0,,1345814_YES.csv,1345814_YES
1770912780,2026-02-12 16:13:00,7,353.91952100000003,307.799983,0.8696891941123821,43.97142614285714,,,0.0,0.0,,0.0,,,,0.0,,-0.0,,1345814_YES.csv,1345814_YES
1770912840,2026-02-12 16:14:00,2,42.141376,36.653997000000004,0.8697864303037998,18.326998500000002,,,0.0,0.0,,0.0,,,,0.0,,-0.0,,1345814_YES.csv,1345814_YES
1770912900,2026-02-12 16:15:00,1,123.0,104.55,0.8499999999930894,104.55,,,0.0,0.0,,0.0,,,,0.0,,-0.0,,1345814_YES.csv,1345814_YES
1770912960,2026-02-12 16:16:00,1,89.23,75.8455,0.849999999990474,75.8455,,,0.0,0.0,,0.0,,,,0.0,,-0.0,,1345814_YES.csv,1345814_YES
1770913020,2026-02-12 16:17:00,6,309.160915,268.969996,0.8699999998354578,44.82833266666666,,,0.0,0.0,,0.0,,,,0.0,,-0.0,,1345814_YES.csv,1345814_YES
1770913080,2026-02-12 16:18:00,4,312.0,268.46999999999997,0.8604807692280112,67.11749999999999,,,0.0,0.0,,0.0,,,,0.0,,-0.0,,1345814_YES.csv,1345814_YES
1770913140,2026-02-12 16:19:00,2,17.241369,14.999991,0.8699999982095391,7.4999955,,,0.0,0.0,,0.0,,,,0.0,,-0.0,,1345814_YES.csv,1345814_YES
1770913260,2026-02-12 16:21:00,2,418.0,351.3,0.8404306220075588,175.65,,,0.0,0.0,,0.0,,,,0.0,,-0.0,,1345814_YES.csv,1345814_YES
1770913320,2026-02-12 16:22:00,2,555.0,459.58,0.8280720720705801,229.79,,,0.0,0.0,,0.0,,,,0.0,,-0.0,,1345814_YES.csv,1345814_YES
1770913380,2026-02-12 16:23:00,2,292.96000000000004,243.1568,0.8299999999971668,121.5784,,,0.0,0.0,,0.0,,,,0.0,,-0.0,,1345814_YES.csv,1345814_YES
1770913440,2026-02-12 16:24:00,1,293.0,240.26,0.8199999999972014,240.26,,,0.0,0.0,,0.0,,,,0.0,,-0.0,,1345814_YES.csv,1345814_YES
1770913560,2026-02-12 16:26:00,2,612.0,497.72,0.8132679738548804,248.86,,,0.0,0.0,,0.0,,,,0.0,,-0.0,,1345814_YES.csv,1345814_YES
1770913740,2026-02-12 16:29:00,1,2.7125,2.17,0.7999999997050691,2.17,,,0.0,0.0,,0.0,,,,0.0,,-0.0,,1345814_YES.csv,1345814_YES
1770913860,2026-02-12 16:31:00,1,5.005431,4.049999,0.8091209326810975,4.049999,,,0.0,0.0,,0.0,,,,0.0,,-0.0,,1345814_YES.csv,1345814_YES
1770913980,2026-02-12 16:33:00,2,20.0,16.0,0.79999999996,8.0,,,0.0,0.0,,0.0,,,,0.0,,-0.0,,1345814_YES.csv,1345814_YES
1770914040,2026-02-12 16:34:00,3,177.8375,142.27,0.7999999999955016,47.42333333333334,,,0.0,0.0,,0.0,,,,0.0,,-0.0,,1345814_YES.csv,1345814_YES
1770914100,2026-02-12 16:35:00,3,6.859999999999999,5.566600000000001,0.8114577258292338,1.8555333333333337,,,0.0,0.0,,0.0,,,,0.0,,-0.0,,1345814_YES.csv,1345814_YES
1770914400,2026-02-12 16:40:00,1,12.428568,10.439997000000002,0.8399999902772388,10.439997000000002,,,0.0,0.0,,0.0,,,,0.0,,-0.0,,1345814_YES.csv,1345814_YES
1770914460,2026-02-12 16:41:00,1,33.0,27.72,0.8399999999745456,27.72,,,0.0,0.0,,0.0,,,,0.0,,-0.0,,1345814_YES.csv,1345814_YES
1770914580,2026-02-12 16:43:00,1,33.0,27.39,0.8299999999748485,27.39,,,0.0,0.0,,0.0,,,,0.0,,-0.0,,1345814_YES.csv,1345814_YES
1770914820,2026-02-12 16:47:00,2,100.9,81.729,0.8099999999919721,40.8645,,,0.0,0.0,,0.0,,,,0.0,,-0.0,,1345814_YES.csv,1345814_YES
1770915180,2026-02-12 16:53:00,1,400.0,300.0,0.749999999998125,300.0,,,0.0,0.0,,0.0,,,,0.0,,-0.0,,1345814_YES.csv,1345814_YES
1770915240,2026-02-12 16:54:00,2,103.08108,75.279999,0.7302988967448701,37.6399995,,,0.0,0.0,,0.0,,,,0.0,,-0.0,,1345814_YES.csv,1345814_YES
1770915300,2026-02-12 16:55:00,7,167.636798,122.93159299999999,0.7333210516181935,17.561656142857142,,,0.0,0.0,,0.0,,,,0.0,,-0.0,,1345814_YES.csv,1345814_YES
1770915360,2026-02-12 16:56:00,1,31.578945,23.999998,0.7599999936425994,23.999998,,,0.0,0.0,,0.0,,,,0.0,,-0.0,,1345814_YES.csv,1345814_YES
1770915480,2026-02-12 16:58:00,1,40.47,30.3525,0.7499999999814678,30.3525,,,0.0,0.0,,0.0,,,,0.0,,-0.0,,1345814_YES.csv,1345814_YES
1770915720,2026-02-12 17:02:00,1,100.0,76.0,0.7599999999924,76.0,,,0.0,0.0,,0.0,,,,0.0,,-0.0,,1345814_YES.csv,1345814_YES
1770916140,2026-02-12 17:09:00,2,10.0,7.8,0.7799999999220001,3.9,,,0.0,0.0,,0.0,,,,0.0,,-0.0,,1345814_YES.csv,1345814_YES
1770916260,2026-02-12 17:11:00,5,18.779600000000002,14.460291999999999,0.7699999999589979,2.8920584,,,0.0,0.0,,0.0,,,,0.0,,-0.0,,1345814_YES.csv,1345814_YES
1770916380,2026-02-12 17:13:00,2,27.48,20.3352,0.7399999999730713,10.1676,,,0.0,0.0,,0.0,,,,0.0,,-0.0,,1345814_YES.csv,1345814_YES
1770916440,2026-02-12 17:14:00,4,62.66,46.995000000000005,0.7499999999880308,11.748750000000001,,,0.0,0.0,,0.0,,,,0.0,,-0.0,,1345814_YES.csv,1345814_YES
1770916620,2026-02-12 17:17:00,3,25.797401,19.631998,0.7610068161222519,6.543999333333333,,,0.0,0.0,,0.0,,,,0.0,,-0.0,,1345814_YES.csv,1345814_YES
1770916680,2026-02-12 17:18:00,2,17.67,13.075800000000001,0.739999999958121,6.5379000000000005,,,0.0,0.0,,0.0,,,,0.0,,-0.0,,1345814_YES.csv,1345814_YES
1770916740,2026-02-12 17:19:00,1,16.0,12.0,0.749999999953125,12.0,,,0.0,0.0,,0.0,,,,0.0,,-0.0,,1345814_YES.csv,1345814_YES
1770916800,2026-02-12 17:20:00,3,166.17,124.97749999999999,0.7521062767000536,41.659166666666664,,,0.0,0.0,,0.0,,,,0.0,,-0.0,,1345814_YES.csv,1345814_YES
1770916920,2026-02-12 17:22:00,1,126.582276,99.999998,0.789999999677759,99.999998,,,0.0,0.0,,0.0,,,,0.0,,-0.0,,1345814_YES.csv,1345814_YES
1770917160,2026-02-12 17:26:00,1,59.0,46.61,0.7899999999866102,46.61,,,0.0,0.0,,0.0,,,,0.0,,-0.0,,1345814_YES.csv,1345814_YES
1770917280,2026-02-12 17:28:00,2,150.26,121.708,0.8099826966537338,60.854,,,0.0,0.0,,0.0,,,,0.0,,-0.0,,1345814_YES.csv,1345814_YES
1770917340,2026-02-12 17:29:00,2,67.83250000000001,54.266000000000005,0.7999999999882061,27.133000000000003,,,0.0,0.0,,0.0,,,,0.0,,-0.0,,1345814_YES.csv,1345814_YES
1770917400,2026-02-12 17:30:00,1,2.0,1.58,0.789999999605,1.58,,,0.0,0.0,,0.0,,,,0.0,,-0.0,,1345814_YES.csv,1345814_YES
1770917460,2026-02-12 17:31:00,1,7.0,5.53,0.7899999998871429,5.53,,,0.0,0.0,,0.0,,,,0.0,,-0.0,,1345814_YES.csv,1345814_YES
1770917520,2026-02-12 17:32:00,1,36.0,28.08,0.7799999999783335,28.08,,,0.0,0.0,,0.0,,,,0.0,,-0.0,,1345814_YES.csv,1345814_YES
1770917640,2026-02-12 17:34:00,1,11.0,8.58,0.7799999999290909,8.58,,,0.0,0.0,,0.0,,,,0.0,,-0.0,,1345814_YES.csv,1345814_YES
1770917760,2026-02-12 17:36:00,2,188.0,144.76,0.7699999999959043,72.38,,,0.0,0.0,,0.0,,,,0.0,,-0.0,,1345814_YES.csv,1345814_YES
1770917820,2026-02-12 17:37:00,1,0.16,0.1248,0.7799999951250001,0.1248,,,0.0,0.0,,0.0,,,,0.0,,-0.0,,1345814_YES.csv,1345814_YES
1770917880,2026-02-12 17:38:00,4,344.84000000000003,274.6436,0.7964377682380337,68.6609,,,0.0,0.0,,0.0,,,,0.0,,-0.0,,1345814_YES.csv,1345814_YES
1770917940,2026-02-12 17:39:00,1,237.0,187.23,0.7899999999966668,187.23,,,0.0,0.0,,0.0,,,,0.0,,-0.0,,1345814_YES.csv,1345814_YES
1770918420,2026-02-12 17:47:00,1,16.0,12.32,0.7699999999518751,12.32,,,0.0,0.0,,0.0,,,,0.0,,-0.0,,1345814_YES.csv,1345814_YES
1770918600,2026-02-12 17:50:00,1,15.0,11.55,0.7699999999486667,11.55,,,0.0,0.0,,0.0,,,,0.0,,-0.0,,1345814_YES.csv,1345814_YES
1770918780,2026-02-12 17:53:00,1,130.103895,99.999999,0.7686164891468574,99.999999,,,0.0,0.0,,0.0,,,,0.0,,-0.0,,1345814_YES.csv,1345814_YES
1770918900,2026-02-12 17:55:00,1,18.0,13.14,0.7299999999594444,13.14,,,0.0,0.0,,0.0,,,,0.0,,-0.0,,1345814_YES.csv,1345814_YES
1770919080,2026-02-12 17:58:00,1,17.0,12.41,0.7299999999570588,12.41,,,0.0,0.0,,0.0,,,,0.0,,-0.0,,1345814_YES.csv,1345814_YES
1770919200,2026-02-12 18:00:00,1,164.0,119.72,0.7299999999955489,119.72,,,0.0,0.0,,0.0,,,,0.0,,-0.0,,1345814_YES.csv,1345814_YES
1770919620,2026-02-12 18:07:00,1,5.0,3.85,0.769999999846,3.85,,,0.0,0.0,,0.0,,,,0.0,,-0.0,,1345814_YES.csv,1345814_YES
1770920160,2026-02-12 18:16:00,1,6.578945,4.999998,0.7599999694844689,4.999998,,,0.0,0.0,,0.0,,,,0.0,,-0.0,,1345814_YES.csv,1345814_YES
1770920340,2026-02-12 18:19:00,1,11.16,7.811999999999999,0.6999999999372759,7.811999999999999,,,0.0,0.0,,0.0,,,,0.0,,-0.0,,1345814_YES.csv,1345814_YES
1770920400,2026-02-12 18:20:00,1,5.0,3.5,0.6999999998599999,3.5,,,0.0,0.0,,0.0,,,,0.0,,-0.0,,1345814_YES.csv,1345814_YES
1770920520,2026-02-12 18:22:00,1,10.78,7.7616,0.7199999999332096,7.7616,,,0.0,0.0,,0.0,,,,0.0,,-0.0,,1345814_YES.csv,1345814_YES
1770920580,2026-02-12 18:23:00,2,10.0,7.2,0.7199999999279999,3.6,,,0.0,0.0,,0.0,,,,0.0,,-0.0,,1345814_YES.csv,1345814_YES
1770920640,2026-02-12 18:24:00,2,196.877533,141.80839899999998,0.7202873625975378,70.90419949999999,,,0.0,0.0,,0.0,,,,0.0,,-0.0,,1345814_YES.csv,1345814_YES
1770920700,2026-02-12 18:25:00,2,18.0,12.6,0.6999999999611111,6.3,,,0.0,0.0,,0.0,,,,0.0,,-0.0,,1345814_YES.csv,1345814_YES
1770920760,2026-02-12 18:26:00,1,15.0,10.8,0.7199999999519999,10.8,,,0.0,0.0,,0.0,,,,0.0,,-0.0,,1345814_YES.csv,1345814_YES
1770920940,2026-02-12 18:29:00,1,40.0,28.0,0.6999999999825001,28.0,,,0.0,0.0,,0.0,,,,0.0,,-0.0,,1345814_YES.csv,1345814_YES
1770921000,2026-02-12 18:30:00,1,12.81,8.838899999999999,0.6899999999461357,8.838899999999999,,,0.0,0.0,,0.0,,,,0.0,,-0.0,,1345814_YES.csv,1345814_YES
1770921180,2026-02-12 18:33:00,1,133.16,93.212,0.6999999999947432,93.212,,,0.0,0.0,,0.0,,,,0.0,,-0.0,,1345814_YES.csv,1345814_YES
1770921480,2026-02-12 18:38:00,1,1.13,0.8135999999999999,0.7199999993628318,0.8135999999999999,,,0.0,0.0,,0.0,,,,0.0,,-0.0,,1345814_YES.csv,1345814_YES
1770921600,2026-02-12 18:40:00,1,29.0,21.17,0.7299999999748276,21.17,,,0.0,0.0,,0.0,,,,0.0,,-0.0,,1345814_YES.csv,1345814_YES
1770921660,2026-02-12 18:41:00,1,16.0,11.52,0.719999999955,11.52,,,0.0,0.0,,0.0,,,,0.0,,-0.0,,1345814_YES.csv,1345814_YES
1770922020,2026-02-12 18:47:00,1,16.0,11.84,0.73999999995375,11.84,,,0.0,0.0,,0.0,,,,0.0,,-0.0,,1345814_YES.csv,1345814_YES
1770922140,2026-02-12 18:49:00,1,6.0,4.5600000000000005,0.7599999998733334,4.5600000000000005,,,0.0,0.0,,0.0,,,,0.0,,-0.0,,1345814_YES.csv,1345814_YES
1770922260,2026-02-12 18:51:00,1,16.0,12.0,0.749999999953125,12.0,,,0.0,0.0,,0.0,,,,0.0,,-0.0,,1345814_YES.csv,1345814_YES
1770922680,2026-02-12 18:58:00,1,18.0,13.32,0.7399999999588889,13.32,,,0.0,0.0,,0.0,,,,0.0,,-0.0,,1345814_YES.csv,1345814_YES
1770922860,2026-02-12 19:01:00,1,18.0,13.5,0.7499999999583333,13.5,,,0.0,0.0,,0.0,,,,0.0,,-0.0,,1345814_YES.csv,1345814_YES
1770923100,2026-02-12 19:05:00,1,1.315787,0.999998,0.7599999082222275,0.999998,,,0.0,0.0,,0.0,,,,0.0,,-0.0,,1345814_YES.csv,1345814_YES
1770923400,2026-02-12 19:10:00,1,40.0,28.76,0.718999999982025,28.76,,,0.0,0.0,,0.0,,,,0.0,,-0.0,,1345814_YES.csv,1345814_YES
1770923580,2026-02-12 19:13:00,2,31.013885000000002,22.149997,0.7141961414793987,11.0749985,,,0.0,0.0,,0.0,,,,0.0,,-0.0,,1345814_YES.csv,1345814_YES
1770923640,2026-02-12 19:14:00,1,7.0,5.04,0.7199999998971428,5.04,,,0.0,0.0,,0.0,,,,0.0,,-0.0,,1345814_YES.csv,1345814_YES
1770923820,2026-02-12 19:17:00,1,1.35135,0.999999,0.7399999994523994,0.999999,,,0.0,0.0,,0.0,,,,0.0,,-0.0,,1345814_YES.csv,1345814_YES
1770923880,2026-02-12 19:18:00,1,2.666665,1.999998,0.749999718468574,1.999998,,,0.0,0.0,,0.0,,,,0.0,,-0.0,,1345814_YES.csv,1345814_YES
1770924180,2026-02-12 19:23:00,1,501.975,399.0,0.7948603018062754,399.0,,,0.0,0.0,,0.0,,,,0.0,,-0.0,,1345814_YES.csv,1345814_YES
1770924240,2026-02-12 19:24:00,3,26.87,21.2773,0.7918608112842627,7.092433333333333,,,0.0,0.0,,0.0,,,,0.0,,-0.0,,1345814_YES.csv,1345814_YES
1770924660,2026-02-12 19:31:00,2,17.83,13.907399999999999,0.7799999999562536,6.9536999999999995,,,0.0,0.0,,0.0,,,,0.0,,-0.0,,1345814_YES.csv,1345814_YES
1770924720,2026-02-12 19:32:00,1,5.0,3.95,0.789999999842,3.95,,,0.0,0.0,,0.0,,,,0.0,,-0.0,,1345814_YES.csv,1345814_YES
1770924900,2026-02-12 19:35:00,1,1.0,0.79,0.78999999921,0.79,,,0.0,0.0,,0.0,,,,0.0,,-0.0,,1345814_YES.csv,1345814_YES
1770925320,2026-02-12 19:42:00,2,7.1899999999999995,5.8020000000000005,0.8069541028084906,2.9010000000000002,,,0.0,0.0,,0.0,,,,0.0,,-0.0,,1345814_YES.csv,1345814_YES
1770925440,2026-02-12 19:44:00,1,1.219511,0.999999,0.8199999829275832,0.999999,,,0.0,0.0,,0.0,,,,0.0,,-0.0,,1345814_YES.csv,1345814_YES
1770925620,2026-02-12 19:47:00,1,17.0,13.94,0.8199999999517646,13.94,,,0.0,0.0,,0.0,,,,0.0,,-0.0,,1345814_YES.csv,1345814_YES
1770925740,2026-02-12 19:49:00,5,29.85541,24.779989999999998,0.8299999899237692,4.955997999999999,,,0.0,0.0,,0.0,,,,0.0,,-0.0,,1345814_YES.csv,1345814_YES
1770925800,2026-02-12 19:50:00,2,48.506023,40.259999,0.8299999981274492,20.1299995,,,0.0,0.0,,0.0,,,,0.0,,-0.0,,1345814_YES.csv,1345814_YES
1770925860,2026-02-12 19:51:00,2,36.0,29.52,0.8199999999772223,14.76,,,0.0,0.0,,0.0,,,,0.0,,-0.0,,1345814_YES.csv,1345814_YES
1770925920,2026-02-12 19:52:00,1,18.0,14.580000000000002,0.809999999955,14.580000000000002,,,0.0,0.0,,0.0,,,,0.0,,-0.0,,1345814_YES.csv,1345814_YES
1770925980,2026-02-12 19:53:00,1,18.0,14.4,0.7999999999555556,14.4,,,0.0,0.0,,0.0,,,,0.0,,-0.0,,1345814_YES.csv,1345814_YES
1770926280,2026-02-12 19:58:00,3,34.060974,27.429998,0.8053204232854493,9.143332666666668,,,0.0,0.0,,0.0,,,,0.0,,-0.0,,1345814_YES.csv,1345814_YES
1770926460,2026-02-12 20:01:00,2,38.0,30.020000000000003,0.7899999999792107,15.010000000000002,,,0.0,0.0,,0.0,,,,0.0,,-0.0,,1345814_YES.csv,1345814_YES
1770926640,2026-02-12 20:04:00,2,33.0,26.22,0.7945454545213775,13.11,,,0.0,0.0,,0.0,,,,0.0,,-0.0,,1345814_YES.csv,1345814_YES
1770926820,2026-02-12 20:07:00,1,6.097555,4.999995,0.8199999834655038,4.999995,,,0.0,0.0,,0.0,,,,0.0,,-0.0,,1345814_YES.csv,1345814_YES
1770926880,2026-02-12 20:08:00,1,1.432094,1.159996,0.8099999016754488,1.159996,,,0.0,0.0,,0.0,,,,0.0,,-0.0,,1345814_YES.csv,1345814_YES
1770927060,2026-02-12 20:11:00,2,435.24,330.7824,0.7599999999982539,165.3912,,,0.0,0.0,,0.0,,,,0.0,,-0.0,,1345814_YES.csv,1345814_YES
1770927180,2026-02-12 20:13:00,2,20.66,15.908199999999999,0.7699999999627298,7.9540999999999995,,,0.0,0.0,,0.0,,,,0.0,,-0.0,,1345814_YES.csv,1345814_YES
1770927240,2026-02-12 20:14:00,1,5.0,3.85,0.769999999846,3.85,,,0.0,0.0,,0.0,,,,0.0,,-0.0,,1345814_YES.csv,1345814_YES
1770927300,2026-02-12 20:15:00,2,145.037973,113.859998,0.7850357781766225,56.929999,,,0.0,0.0,,0.0,,,,0.0,,-0.0,,1345814_YES.csv,1345814_YES
1770927480,2026-02-12 20:18:00,1,16.0,12.64,0.7899999999506251,12.64,,,0.0,0.0,,0.0,,,,0.0,,-0.0,,1345814_YES.csv,1345814_YES
1770927540,2026-02-12 20:19:00,1,18.0,14.04,0.7799999999566667,14.04,,,0.0,0.0,,0.0,,,,0.0,,-0.0,,1345814_YES.csv,1345814_YES
1770927600,2026-02-12 20:20:00,1,54.0,41.58,0.7699999999857408,41.58,,,0.0,0.0,,0.0,,,,0.0,,-0.0,,1345814_YES.csv,1345814_YES
1770927960,2026-02-12 20:26:00,2,16.013154,12.169996999999999,0.7599999974545926,6.084998499999999,,,0.0,0.0,,0.0,,,,0.0,,-0.0,,1345814_YES.csv,1345814_YES
1770928020,2026-02-12 20:27:00,2,37.870126,28.799996999999998,0.76049382564081,14.399998499999999,,,0.0,0.0,,0.0,,,,0.0,,-0.0,,1345814_YES.csv,1345814_YES
1770928140,2026-02-12 20:29:00,1,18.0,13.5,0.7499999999583333,13.5,,,0.0,0.0,,0.0,,,,0.0,,-0.0,,1345814_YES.csv,1345814_YES
1770928320,2026-02-12 20:32:00,1,155.0,113.15,0.7299999999952903,113.15,,,0.0,0.0,,0.0,,,,0.0,,-0.0,,1345814_YES.csv,1345814_YES
1770928380,2026-02-12 20:33:00,2,76.0,56.49,0.7432894736744304,28.245,,,0.0,0.0,,0.0,,,,0.0,,-0.0,,1345814_YES.csv,1345814_YES
1770928440,2026-02-12 20:34:00,1,18.0,13.5,0.7499999999583333,13.5,,,0.0,0.0,,0.0,,,,0.0,,-0.0,,1345814_YES.csv,1345814_YES
1770928500,2026-02-12 20:35:00,1,2.28,1.71,0.7499999996710527,1.71,,,0.0,0.0,,0.0,,,,0.0,,-0.0,,1345814_YES.csv,1345814_YES
1770928560,2026-02-12 20:36:00,1,72.0,54.72,0.7599999999894443,54.72,,,0.0,0.0,,0.0,,,,0.0,,-0.0,,1345814_YES.csv,1345814_YES
1770928620,2026-02-12 20:37:00,1,72.0,54.72,0.7599999999894443,54.72,,,0.0,0.0,,0.0,,,,0.0,,-0.0,,1345814_YES.csv,1345814_YES
1770928740,2026-02-12 20:39:00,3,90.0,68.58,0.7619999999915333,22.86,,,0.0,0.0,,0.0,,,,0.0,,-0.0,,1345814_YES.csv,1345814_YES
1770928860,2026-02-12 20:41:00,3,94.0,72.38,0.7699999999918085,24.126666666666665,,,0.0,0.0,,0.0,,,,0.0,,-0.0,,1345814_YES.csv,1345814_YES
1770928980,2026-02-12 20:43:00,1,18.0,13.68,0.7599999999577778,13.68,,,0.0,0.0,,0.0,,,,0.0,,-0.0,,1345814_YES.csv,1345814_YES
1770929040,2026-02-12 20:44:00,5,119.0387,89.582399,0.7525485325297356,17.916479799999998,,,0.0,0.0,,0.0,,,,0.0,,-0.0,,1345814_YES.csv,1345814_YES
1770929100,2026-02-12 20:45:00,1,36.0,27.36,0.7599999999788889,27.36,,,0.0,0.0,,0.0,,,,0.0,,-0.0,,1345814_YES.csv,1345814_YES
1770929160,2026-02-12 20:46:00,1,18.0,13.68,0.7599999999577778,13.68,,,0.0,0.0,,0.0,,,,0.0,,-0.0,,1345814_YES.csv,1345814_YES
1770929220,2026-02-12 20:47:00,3,23.963597,17.769995,0.741541221848225,5.923331666666667,,,0.0,0.0,,0.0,,,,0.0,,-0.0,,1345814_YES.csv,1345814_YES
1770929280,2026-02-12 20:48:00,2,20.0,14.620000000000001,0.73099999996345,7.3100000000000005,,,0.0,0.0,,0.0,,,,0.0,,-0.0,,1345814_YES.csv,1345814_YES
1770929340,2026-02-12 20:49:00,4,186.0,135.84,0.7303225806412349,33.96,,,0.0,0.0,,0.0,,,,0.0,,-0.0,,1345814_YES.csv,1345814_YES
1770929400,2026-02-12 20:50:00,11,464.402693,335.337995,0.7220845185737929,30.485272272727272,,,0.0,0.0,,0.0,,,,0.0,,-0.0,,1345814_YES.csv,1345814_YES
1770929520,2026-02-12 20:52:00,1,18.0,12.78,0.7099999999605555,12.78,,,0.0,0.0,,0.0,,,,0.0,,-0.0,,1345814_YES.csv,1345814_YES
1770929700,2026-02-12 20:55:00,1,183.0,135.42,0.7399999999959562,135.42,,,0.0,0.0,,0.0,,,,0.0,,-0.0,,1345814_YES.csv,1345814_YES
1770930120,2026-02-12 21:02:00,1,13.01,9.7575,0.7499999999423521,9.7575,,,0.0,0.0,,0.0,,,,0.0,,-0.0,,1345814_YES.csv,1345814_YES
1770930180,2026-02-12 21:03:00,1,9.74,7.305,0.7499999999229979,7.305,,,0.0,0.0,,0.0,,,,0.0,,-0.0,,1345814_YES.csv,1345814_YES
1770930240,2026-02-12 21:04:00,1,4.0,3.08,0.7699999998075,3.08,,,0.0,0.0,,0.0,,,,0.0,,-0.0,,1345814_YES.csv,1345814_YES
1770930300,2026-02-12 21:05:00,1,4.0,3.04,0.75999999981,3.04,,,0.0,0.0,,0.0,,,,0.0,,-0.0,,1345814_YES.csv,1345814_YES
1770930660,2026-02-12 21:11:00,1,23.0,17.71,0.7699999999665218,17.71,,,0.0,0.0,,0.0,,,,0.0,,-0.0,,1345814_YES.csv,1345814_YES
1770930900,2026-02-12 21:15:00,2,82.35,64.233,0.7799999999905283,32.1165,,,0.0,0.0,,0.0,,,,0.0,,-0.0,,1345814_YES.csv,1345814_YES
1770931080,2026-02-12 21:18:00,2,326.0,254.82,0.7816564417153937,127.41,,,0.0,0.0,,0.0,,,,0.0,,-0.0,,1345814_YES.csv,1345814_YES
1770931140,2026-02-12 21:19:00,3,42.0,33.18,0.7899999999811905,11.06,,,0.0,0.0,,0.0,,,,0.0,,-0.0,,1345814_YES.csv,1345814_YES
1770931200,2026-02-12 21:20:00,2,67.078394,54.226499000000004,0.8084048493944502,27.113249500000002,,,0.0,0.0,,0.0,,,,0.0,,-0.0,,1345814_YES.csv,1345814_YES
1770931260,2026-02-12 21:21:00,5,195.0,154.23,0.7909230769190211,30.845999999999997,,,0.0,0.0,,0.0,,,,0.0,,-0.0,,1345814_YES.csv,1345814_YES
1770931320,2026-02-12 21:22:00,4,171.07,130.1932,0.761052200849003,32.5483,,,0.0,0.0,,0.0,,,,0.0,,-0.0,,1345814_YES.csv,1345814_YES
1770931380,2026-02-12 21:23:00,2,30.0,22.8,0.7599999999746667,11.4,,,0.0,0.0,,0.0,,,,0.0,,-0.0,,1345814_YES.csv,1345814_YES
1770931440,2026-02-12 21:24:00,2,1004.0,753.0,0.749999999999253,376.5,,,0.0,0.0,,0.0,,,,0.0,,-0.0,,1345814_YES.csv,1345814_YES
1770931620,2026-02-12 21:27:00,1,55.0,41.8,0.7599999999861818,41.8,,,0.0,0.0,,0.0,,,,0.0,,-0.0,,1345814_YES.csv,1345814_YES
1770931680,2026-02-12 21:28:00,1,32.68831,24.999998,0.7647993426162198,24.999998,,,0.0,0.0,,0.0,,,,0.0,,-0.0,,1345814_YES.csv,1345814_YES
1770931800,2026-02-12 21:30:00,9,325.948047,247.989996,0.7608267583798076,27.554444,,,0.0,0.0,,0.0,,,,0.0,,-0.0,,1345814_YES.csv,1345814_YES
1770931920,2026-02-12 21:32:00,1,153.0,116.28,0.7599999999950328,116.28,,,0.0,0.0,,0.0,,,,0.0,,-0.0,,1345814_YES.csv,1345814_YES
1770932100,2026-02-12 21:35:00,2,36.0,28.44,0.7899999999780557,14.22,,,0.0,0.0,,0.0,,,,0.0,,-0.0,,1345814_YES.csv,1345814_YES
1770932220,2026-02-12 21:37:00,2,53.0,42.28,0.7977358490415523,21.14,,,0.0,0.0,,0.0,,,,0.0,,-0.0,,1345814_YES.csv,1345814_YES
1770932280,2026-02-12 21:38:00,1,18.0,14.4,0.7999999999555556,14.4,,,0.0,0.0,,0.0,,,,0.0,,-0.0,,1345814_YES.csv,1345814_YES
1770932520,2026-02-12 21:42:00,1,28.0,22.4,0.7999999999714287,22.4,,,0.0,0.0,,0.0,,,,0.0,,-0.0,,1345814_YES.csv,1345814_YES
1770932820,2026-02-12 21:47:00,1,26.0,20.54,0.7899999999696153,20.54,,,0.0,0.0,,0.0,,,,0.0,,-0.0,,1345814_YES.csv,1345814_YES
1770932880,2026-02-12 21:48:00,1,18.0,14.4,0.7999999999555556,14.4,,,0.0,0.0,,0.0,,,,0.0,,-0.0,,1345814_YES.csv,1345814_YES
1770933000,2026-02-12 21:50:00,1,3.0,2.4000000000000004,0.7999999997333335,2.4000000000000004,,,0.0,0.0,,0.0,,,,0.0,,-0.0,,1345814_YES.csv,1345814_YES
1770933060,2026-02-12 21:51:00,2,18.7037,14.999997,0.8019801963888439,7.4999985,,,0.0,0.0,,0.0,,,,0.0,,-0.0,,1345814_YES.csv,1345814_YES
1770933240,2026-02-12 21:54:00,1,96.0,77.76,0.8099999999915625,77.76,,,0.0,0.0,,0.0,,,,0.0,,-0.0,,1345814_YES.csv,1345814_YES
1770933600,2026-02-12 22:00:00,2,118.0,94.4,0.7999999999932204,47.2,,,0.0,0.0,,0.0,,,,0.0,,-0.0,,1345814_YES.csv,1345814_YES
1770933780,2026-02-12 22:03:00,1,18.0,14.4,0.7999999999555556,14.4,,,0.0,0.0,,0.0,,,,0.0,,-0.0,,1345814_YES.csv,1345814_YES
1770934080,2026-02-12 22:08:00,1,23.0,18.4,0.7999999999652175,18.4,,,0.0,0.0,,0.0,,,,0.0,,-0.0,,1345814_YES.csv,1345814_YES
1770934260,2026-02-12 22:11:00,1,5.0,4.050000000000001,0.8099999998380001,4.050000000000001,,,0.0,0.0,,0.0,,,,0.0,,-0.0,,1345814_YES.csv,1345814_YES
1770934320,2026-02-12 22:12:00,1,5.0,4.050000000000001,0.8099999998380001,4.050000000000001,,,0.0,0.0,,0.0,,,,0.0,,-0.0,,1345814_YES.csv,1345814_YES
1770934380,2026-02-12 22:13:00,1,54.0,43.2,0.7999999999851853,43.2,,,0.0,0.0,,0.0,,,,0.0,,-0.0,,1345814_YES.csv,1345814_YES
1770934440,2026-02-12 22:14:00,1,54.0,43.2,0.7999999999851853,43.2,,,0.0,0.0,,0.0,,,,0.0,,-0.0,,1345814_YES.csv,1345814_YES
1770934560,2026-02-12 22:16:00,1,12.0,9.6,0.7999999999333335,9.6,,,0.0,0.0,,0.0,,,,0.0,,-0.0,,1345814_YES.csv,1345814_YES
1770934920,2026-02-12 22:22:00,1,5.0,3.9,0.779999999844,3.9,,,0.0,0.0,,0.0,,,,0.0,,-0.0,,1345814_YES.csv,1345814_YES
1770935040,2026-02-12 22:24:00,1,36.0,28.44,0.7899999999780557,28.44,,,0.0,0.0,,0.0,,,,0.0,,-0.0,,1345814_YES.csv,1345814_YES
1770935100,2026-02-12 22:25:00,7,586.0,478.35999999999996,0.8163139931726684,68.33714285714285,,,0.0,0.0,,0.0,,,,0.0,,-0.0,,1345814_YES.csv,1345814_YES
1770935160,2026-02-12 22:26:00,1,2.59,2.0461,0.7899999996949807,2.0461,,,0.0,0.0,,0.0,,,,0.0,,-0.0,,1345814_YES.csv,1345814_YES
1770935220,2026-02-12 22:27:00,1,18.0,14.4,0.7999999999555556,14.4,,,0.0,0.0,,0.0,,,,0.0,,-0.0,,1345814_YES.csv,1345814_YES
1770935280,2026-02-12 22:28:00,2,205.0,168.1,0.819999999996,84.05,,,0.0,0.0,,0.0,,,,0.0,,-0.0,,1345814_YES.csv,1345814_YES
1770935400,2026-02-12 22:30:00,1,14.0,11.62,0.8299999999407143,11.62,,,0.0,0.0,,0.0,,,,0.0,,-0.0,,1345814_YES.csv,1345814_YES
1770935700,2026-02-12 22:35:00,3,72.0,59.76,0.8299999999884722,19.919999999999998,,,0.0,0.0,,0.0,,,,0.0,,-0.0,,1345814_YES.csv,1345814_YES
1770935760,2026-02-12 22:36:00,4,145.0,120.35,0.8299999999942759,30.0875,,,0.0,0.0,,0.0,,,,0.0,,-0.0,,1345814_YES.csv,1345814_YES
1770935880,2026-02-12 22:38:00,1,61.72,50.6104,0.8199999999867142,50.6104,,,0.0,0.0,,0.0,,,,0.0,,-0.0,,1345814_YES.csv,1345814_YES
1770936000,2026-02-12 22:40:00,2,59.0,48.559999999999995,0.8230508474436771,24.279999999999998,,,0.0,0.0,,0.0,,,,0.0,,-0.0,,1345814_YES.csv,1345814_YES
1770936060,2026-02-12 22:41:00,5,129.18,105.7208,0.818399132986388,21.14416,,,0.0,0.0,,0.0,,,,0.0,,-0.0,,1345814_YES.csv,1345814_YES
1770936120,2026-02-12 22:42:00,2,36.0,29.88,0.8299999999769445,14.94,,,0.0,0.0,,0.0,,,,0.0,,-0.0,,1345814_YES.csv,1345814_YES
1770936180,2026-02-12 22:43:00,1,5.0,4.25,0.84999999983,4.25,,,0.0,0.0,,0.0,,,,0.0,,-0.0,,1345814_YES.csv,1345814_YES
1770936240,2026-02-12 22:44:00,4,90.0,76.32,0.8479999999905776,19.08,,,0.0,0.0,,0.0,,,,0.0,,-0.0,,1345814_YES.csv,1345814_YES
1770936300,2026-02-12 22:45:00,3,62.689423,53.924398,0.8601833518094403,17.974799333333333,,,0.0,0.0,,0.0,,,,0.0,,-0.0,,1345814_YES.csv,1345814_YES
1770936420,2026-02-12 22:47:00,5,657.991817,578.392798,0.8790273420666582,115.6785596,,,0.0,0.0,,0.0,,,,0.0,,-0.0,,1345814_YES.csv,1345814_YES
1770936540,2026-02-12 22:49:00,1,16.0,13.92,0.869999999945625,13.92,,,0.0,0.0,,0.0,,,,0.0,,-0.0,,1345814_YES.csv,1345814_YES
1770936780,2026-02-12 22:53:00,1,11.38,9.9006,0.86999999992355,9.9006,,,0.0,0.0,,0.0,,,,0.0,,-0.0,,1345814_YES.csv,1345814_YES
1770937020,2026-02-12 22:57:00,2,214.0,188.0,0.8785046728930912,94.0,,,0.0,0.0,,0.0,,,,0.0,,-0.0,,1345814_YES.csv,1345814_YES
1770937200,2026-02-12 23:00:00,1,51.0,44.37,0.8699999999829412,44.37,,,0.0,0.0,,0.0,,,,0.0,,-0.0,,1345814_YES.csv,1345814_YES
1770937260,2026-02-12 23:01:00,3,72.0,62.46,0.8674999999879514,20.82,,,0.0,0.0,,0.0,,,,0.0,,-0.0,,1345814_YES.csv,1345814_YES
1770937320,2026-02-12 23:02:00,1,93.0,81.84,0.8799999999905377,81.84,,,0.0,0.0,,0.0,,,,0.0,,-0.0,,1345814_YES.csv,1345814_YES
1770937380,2026-02-12 23:03:00,1,97.0,84.39,0.869999999991031,84.39,,,0.0,0.0,,0.0,,,,0.0,,-0.0,,1345814_YES.csv,1345814_YES
1770937440,2026-02-12 23:04:00,1,134.0,117.92,0.8799999999934329,117.92,,,0.0,0.0,,0.0,,,,0.0,,-0.0,,1345814_YES.csv,1345814_YES
1770937500,2026-02-12 23:05:00,1,1.94,1.6878,0.8699999995515464,1.6878,,,0.0,0.0,,0.0,,,,0.0,,-0.0,,1345814_YES.csv,1345814_YES
1770937560,2026-02-12 23:06:00,1,11.38,9.9006,0.86999999992355,9.9006,,,0.0,0.0,,0.0,,,,0.0,,-0.0,,1345814_YES.csv,1345814_YES
1770937680,2026-02-12 23:08:00,1,36.0,31.68,0.8799999999755557,31.68,,,0.0,0.0,,0.0,,,,0.0,,-0.0,,1345814_YES.csv,1345814_YES
1770937860,2026-02-12 23:11:00,1,18.0,15.66,0.8699999999516667,15.66,,,0.0,0.0,,0.0,,,,0.0,,-0.0,,1345814_YES.csv,1345814_YES
1770938100,2026-02-12 23:15:00,1,7.954544,6.999998000000001,0.8799999093750692,6.999998000000001,,,0.0,0.0,,0.0,,,,0.0,,-0.0,,1345814_YES.csv,1345814_YES
1770939240,2026-02-12 23:34:00,1,1.988635,1.749998,0.8799995972714955,1.749998,,,0.0,0.0,,0.0,,,,0.0,,-0.0,,1345814_YES.csv,1345814_YES
1770939540,2026-02-12 23:39:00,1,10.0,8.7,0.8699999999129999,8.7,,,0.0,0.0,,0.0,,,,0.0,,-0.0,,1345814_YES.csv,1345814_YES
1770939660,2026-02-12 23:41:00,1,61.64,52.394,0.8499999999862102,52.394,,,0.0,0.0,,0.0,,,,0.0,,-0.0,,1345814_YES.csv,1345814_YES
1770939900,2026-02-12 23:45:00,1,30.0,25.8,0.8599999999713334,25.8,,,0.0,0.0,,0.0,,,,0.0,,-0.0,,1345814_YES.csv,1345814_YES
1770940260,2026-02-12 23:51:00,1,1.65,1.4025,0.8499999994848484,1.4025,,,0.0,0.0,,0.0,,,,0.0,,-0.0,,1345814_YES.csv,1345814_YES
1770940560,2026-02-12 23:56:00,2,88.19,75.84339999999999,0.8599999999902482,37.921699999999994,,,0.0,0.0,,0.0,,,,0.0,,-0.0,,1345814_YES.csv,1345814_YES
1770940800,2026-02-13 00:00:00,11,217.75,188.60999999999999,0.8661768082623826,17.146363636363635,,,0.0,0.0,,0.0,,,,0.0,,-0.0,,1345814_YES.csv,1345814_YES
1770940860,2026-02-13 00:01:00,3,884.0,777.02,0.8789819004514944,259.00666666666666,,,0.0,0.0,,0.0,,,,0.0,,-0.0,,1345814_YES.csv,1345814_YES
1770940920,2026-02-13 00:02:00,10,635.0,563.71,0.887732283463169,56.371,,,0.0,0.0,,0.0,,,,0.0,,-0.0,,1345814_YES.csv,1345814_YES
1770940980,2026-02-13 00:03:00,5,28.11111,25.029999,0.8903952565056877,5.0059998,,,0.0,0.0,,0.0,,,,0.0,,-0.0,,1345814_YES.csv,1345814_YES
1770941040,2026-02-13 00:04:00,1,5.55555,4.999995,0.8999999998379998,4.999995,,,0.0,0.0,,0.0,,,,0.0,,-0.0,,1345814_YES.csv,1345814_YES
1770941160,2026-02-13 00:06:00,1,18.0,16.02,0.8899999999505556,16.02,,,0.0,0.0,,0.0,,,,0.0,,-0.0,,1345814_YES.csv,1345814_YES
1770941820,2026-02-13 00:17:00,2,34.0,29.919999999999998,0.8799999999741177,14.959999999999999,,,0.0,0.0,,0.0,,,,0.0,,-0.0,,1345814_YES.csv,1345814_YES
1770941880,2026-02-13 00:18:00,2,10.0,8.6,0.859999999914,4.3,,,0.0,0.0,,0.0,,,,0.0,,-0.0,,1345814_YES.csv,1345814_YES
1770942360,2026-02-13 00:26:00,4,262.54022299999997,226.04999399999997,0.8610109011720425,56.51249849999999,,,0.0,0.0,,0.0,,,,0.0,,-0.0,,1345814_YES.csv,1345814_YES
1770942540,2026-02-13 00:29:00,3,106.0,90.1,0.8499999999919811,30.03333333333333,,,0.0,0.0,,0.0,,,,0.0,,-0.0,,1345814_YES.csv,1345814_YES
1770942660,2026-02-13 00:31:00,3,138.0,118.68,0.8599999999937682,39.56,,,0.0,0.0,,0.0,,,,0.0,,-0.0,,1345814_YES.csv,1345814_YES
1770942720,2026-02-13 00:32:00,1,36.0,30.6,0.8499999999763889,30.6,,,0.0,0.0,,0.0,,,,0.0,,-0.0,,1345814_YES.csv,1345814_YES
1770942960,2026-02-13 00:36:00,3,195.81394899999998,167.479996,0.8553016618808128,55.82666533333333,,,0.0,0.0,,0.0,,,,0.0,,-0.0,,1345814_YES.csv,1345814_YES
1770943080,2026-02-13 00:38:00,2,35.0,29.7,0.8485714285471837,14.85,,,0.0,0.0,,0.0,,,,0.0,,-0.0,,1345814_YES.csv,1345814_YES
1770943140,2026-02-13 00:39:00,2,31.0,26.419999999999998,0.8522580644886367,13.209999999999999,,,0.0,0.0,,0.0,,,,0.0,,-0.0,,1345814_YES.csv,1345814_YES
1770943260,2026-02-13 00:41:00,1,54.0,46.44,0.8599999999840741,46.44,,,0.0,0.0,,0.0,,,,0.0,,-0.0,,1345814_YES.csv,1345814_YES
1770943380,2026-02-13 00:43:00,2,36.0,30.599999999999998,0.8499999999763889,15.299999999999999,,,0.0,0.0,,0.0,,,,0.0,,-0.0,,1345814_YES.csv,1345814_YES
1770943440,2026-02-13 00:44:00,2,62.0,52.16,0.8412903225670759,26.08,,,0.0,0.0,,0.0,,,,0.0,,-0.0,,1345814_YES.csv,1345814_YES
1770943560,2026-02-13 00:46:00,1,7.0,5.95,0.8499999998785714,5.95,,,0.0,0.0,,0.0,,,,0.0,,-0.0,,1345814_YES.csv,1345814_YES
1770943620,2026-02-13 00:47:00,1,7.1,5.893,0.8299999998830986,5.893,,,0.0,0.0,,0.0,,,,0.0,,-0.0,,1345814_YES.csv,1345814_YES
1770943680,2026-02-13 00:48:00,3,54.0,44.82,0.8299999999846297,14.94,,,0.0,0.0,,0.0,,,,0.0,,-0.0,,1345814_YES.csv,1345814_YES
1770943800,2026-02-13 00:50:00,2,98.0,82.32000000000001,0.8399999999914286,41.160000000000004,,,0.0,0.0,,0.0,,,,0.0,,-0.0,,1345814_YES.csv,1345814_YES
1770943860,2026-02-13 00:51:00,2,104.0,86.46000000000001,0.8313461538381601,43.230000000000004,,,0.0,0.0,,0.0,,,,0.0,,-0.0,,1345814_YES.csv,1345814_YES
1770943920,2026-02-13 00:52:00,1,1.190475,0.999999,0.8399999992943993,0.999999,,,0.0,0.0,,0.0,,,,0.0,,-0.0,,1345814_YES.csv,1345814_YES
1770944040,2026-02-13 00:54:00,2,90.0,75.6,0.8399999999906665,37.8,,,0.0,0.0,,0.0,,,,0.0,,-0.0,,1345814_YES.csv,1345814_YES
1770944160,2026-02-13 00:56:00,1,14.0,11.9,0.8499999999392858,11.9,,,0.0,0.0,,0.0,,,,0.0,,-0.0,,1345814_YES.csv,1345814_YES
1770944220,2026-02-13 00:57:00,1,18.047053,15.339994999999998,0.8499999971823654,15.339994999999998,,,0.0,0.0,,0.0,,,,0.0,,-0.0,,1345814_YES.csv,1345814_YES
1770944280,2026-02-13 00:58:00,2,62.0,52.16,0.8412903225670759,26.08,,,0.0,0.0,,0.0,,,,0.0,,-0.0,,1345814_YES.csv,1345814_YES
1770944460,2026-02-13 01:01:00,1,18.0,15.12,0.8399999999533333,15.12,,,0.0,0.0,,0.0,,,,0.0,,-0.0,,1345814_YES.csv,1345814_YES
1770944520,2026-02-13 01:02:00,1,14.0,11.9,0.8499999999392858,11.9,,,0.0,0.0,,0.0,,,,0.0,,-0.0,,1345814_YES.csv,1345814_YES
1770944580,2026-02-13 01:03:00,2,349.0,296.65,0.8499999999975645,148.325,,,0.0,0.0,,0.0,,,,0.0,,-0.0,,1345814_YES.csv,1345814_YES
1770944760,2026-02-13 01:06:00,1,36.0,30.96,0.8599999999761112,30.96,,,0.0,0.0,,0.0,,,,0.0,,-0.0,,1345814_YES.csv,1345814_YES
1770944880,2026-02-13 01:08:00,1,18.0,15.84,0.8799999999511111,15.84,,,0.0,0.0,,0.0,,,,0.0,,-0.0,,1345814_YES.csv,1345814_YES
1770945000,2026-02-13 01:10:00,1,54.0,46.98,0.8699999999838889,46.98,,,0.0,0.0,,0.0,,,,0.0,,-0.0,,1345814_YES.csv,1345814_YES
1770945180,2026-02-13 01:13:00,3,314.0,274.32,0.8736305732456254,91.44,,,0.0,0.0,,0.0,,,,0.0,,-0.0,,1345814_YES.csv,1345814_YES
1770945960,2026-02-13 01:26:00,1,28.0,24.36,0.8699999999689285,24.36,,,0.0,0.0,,0.0,,,,0.0,,-0.0,,1345814_YES.csv,1345814_YES
1770946020,2026-02-13 01:27:00,2,41.0,35.26,0.8599999999790244,17.63,,,0.0,0.0,,0.0,,,,0.0,,-0.0,,1345814_YES.csv,1345814_YES
1770946080,2026-02-13 01:28:00,1,41.0,35.67,0.8699999999787806,35.67,,,0.0,0.0,,0.0,,,,0.0,,-0.0,,1345814_YES.csv,1345814_YES
1770946140,2026-02-13 01:29:00,2,10.0,8.7,0.8699999999129999,4.35,,,0.0,0.0,,0.0,,,,0.0,,-0.0,,1345814_YES.csv,1345814_YES
1770946200,2026-02-13 01:30:00,2,205.0,180.95,0.8826829268249625,90.475,,,0.0,0.0,,0.0,,,,0.0,,-0.0,,1345814_YES.csv,1345814_YES
1770946680,2026-02-13 01:38:00,4,162.48359,144.610395,0.8899999993790759,36.15259875,,,0.0,0.0,,0.0,,,,0.0,,-0.0,,1345814_YES.csv,1345814_YES
1770947100,2026-02-13 01:45:00,1,6.0,5.4,0.89999999985,5.4,,,0.0,0.0,,0.0,,,,0.0,,-0.0,,1345814_YES.csv,1345814_YES
1770947220,2026-02-13 01:47:00,1,5.4,4.968000000000001,0.9199999998296298,4.968000000000001,,,0.0,0.0,,0.0,,,,0.0,,-0.0,,1345814_YES.csv,1345814_YES
1770947280,2026-02-13 01:48:00,1,152.0,138.32,0.9099999999940132,138.32,,,0.0,0.0,,0.0,,,,0.0,,-0.0,,1345814_YES.csv,1345814_YES
1770947580,2026-02-13 01:53:00,1,36.0,32.76,0.9099999999747223,32.76,,,0.0,0.0,,0.0,,,,0.0,,-0.0,,1345814_YES.csv,1345814_YES
1770947700,2026-02-13 01:55:00,1,16.6,15.106000000000002,0.9099999999451808,15.106000000000002,,,0.0,0.0,,0.0,,,,0.0,,-0.0,,1345814_YES.csv,1345814_YES
1770948000,2026-02-13 02:00:00,1,40.0,36.4,0.90999999997725,36.4,,,0.0,0.0,,0.0,,,,0.0,,-0.0,,1345814_YES.csv,1345814_YES
1770948420,2026-02-13 02:07:00,1,10.77,9.8007,0.909999999915506,9.8007,,,0.0,0.0,,0.0,,,,0.0,,-0.0,,1345814_YES.csv,1345814_YES
1770948720,2026-02-13 02:12:00,1,44.48075,40.47999,0.9100563726800909,40.47999,,,0.0,0.0,,0.0,,,,0.0,,-0.0,,1345814_YES.csv,1345814_YES
1770948840,2026-02-13 02:14:00,1,0.07,0.0637,0.9099999870000002,0.0637,,,0.0,0.0,,0.0,,,,0.0,,-0.0,,1345814_YES.csv,1345814_YES
1770948900,2026-02-13 02:15:00,1,10.65,9.798,0.919999999913615,9.798,,,0.0,0.0,,0.0,,,,0.0,,-0.0,,1345814_YES.csv,1345814_YES
1770948960,2026-02-13 02:16:00,1,21.42,19.492200000000004,0.9099999999575165,19.492200000000004,,,0.0,0.0,,0.0,,,,0.0,,-0.0,,1345814_YES.csv,1345814_YES
1770949500,2026-02-13 02:25:00,2,1706.77,1570.2284,0.9199999999994611,785.1142,,,0.0,0.0,,0.0,,,,0.0,,-0.0,,1345814_YES.csv,1345814_YES
1770949740,2026-02-13 02:29:00,1,64.516128,59.999999,0.929999999365585,59.999999,,,0.0,0.0,,0.0,,,,0.0,,-0.0,,1345814_YES.csv,1345814_YES
1770950100,2026-02-13 02:35:00,1,1.13,1.0283,0.9099999991946903,1.0283,,,0.0,0.0,,0.0,,,,0.0,,-0.0,,1345814_YES.csv,1345814_YES
1770950220,2026-02-13 02:37:00,1,25.0,23.25,0.9299999999628,23.25,,,0.0,0.0,,0.0,,,,0.0,,-0.0,,1345814_YES.csv,1345814_YES
1770950400,2026-02-13 02:40:00,1,200.0,186.0,0.9299999999953501,186.0,,,0.0,0.0,,0.0,,,,0.0,,-0.0,,1345814_YES.csv,1345814_YES
1770950580,2026-02-13 02:43:00,1,200.0,186.0,0.9299999999953501,186.0,,,0.0,0.0,,0.0,,,,0.0,,-0.0,,1345814_YES.csv,1345814_YES
1770951180,2026-02-13 02:53:00,2,1.0838160000000001,1.018587,0.9398154290582391,0.5092935,,,0.0,0.0,,0.0,,,,0.0,,-0.0,,1345814_YES.csv,1345814_YES
1770951300,2026-02-13 02:55:00,1,31.57,29.360100000000003,0.9299999999705417,29.360100000000003,,,0.0,0.0,,0.0,,,,0.0,,-0.0,,1345814_YES.csv,1345814_YES
1770951660,2026-02-13 03:01:00,1,10.0,9.4,0.9399999999059998,9.4,,,0.0,0.0,,0.0,,,,0.0,,-0.0,,1345814_YES.csv,1345814_YES
1770952020,2026-02-13 03:07:00,1,14.0,12.88,0.9199999999342857,12.88,,,0.0,0.0,,0.0,,,,0.0,,-0.0,,1345814_YES.csv,1345814_YES
1770952140,2026-02-13 03:09:00,1,18.0,16.560000000000002,0.919999999948889,16.560000000000002,,,0.0,0.0,,0.0,,,,0.0,,-0.0,,1345814_YES.csv,1345814_YES
1770952440,2026-02-13 03:14:00,1,215.053757,199.999994,0.9299999999491755,199.999994,,,0.0,0.0,,0.0,,,,0.0,,-0.0,,1345814_YES.csv,1345814_YES
1770952500,2026-02-13 03:15:00,2,28.0,25.860000000000003,0.923571428538444,12.930000000000001,,,0.0,0.0,,0.0,,,,0.0,,-0.0,,1345814_YES.csv,1345814_YES
1770952560,2026-02-13 03:16:00,1,18.0,16.560000000000002,0.919999999948889,16.560000000000002,,,0.0,0.0,,0.0,,,,0.0,,-0.0,,1345814_YES.csv,1345814_YES
1770952920,2026-02-13 03:22:00,1,4.28,3.9804,0.9299999997827103,3.9804,,,0.0,0.0,,0.0,,,,0.0,,-0.0,,1345814_YES.csv,1345814_YES
1770953220,2026-02-13 03:27:00,1,0.25,0.2325,0.92999999628,0.2325,,,0.0,0.0,,0.0,,,,0.0,,-0.0,,1345814_YES.csv,1345814_YES
1770953460,2026-02-13 03:31:00,3,114.691483,107.80999399999999,0.9399999998174231,35.936664666666665,,,0.0,0.0,,0.0,,,,0.0,,-0.0,,1345814_YES.csv,1345814_YES
1770953760,2026-02-13 03:36:00,2,56.0,52.08,0.929999999983393,26.04,,,0.0,0.0,,0.0,,,,0.0,,-0.0,,1345814_YES.csv,1345814_YES
1770953940,2026-02-13 03:39:00,2,19.31,18.1514,0.9399999999513206,9.0757,,,0.0,0.0,,0.0,,,,0.0,,-0.0,,1345814_YES.csv,1345814_YES
1770954300,2026-02-13 03:45:00,1,212.77,200.0038,0.9399999999955821,200.0038,,,0.0,0.0,,0.0,,,,0.0,,-0.0,,1345814_YES.csv,1345814_YES
1770954480,2026-02-13 03:48:00,1,2.127658,1.999998,0.9399997551580189,1.999998,,,0.0,0.0,,0.0,,,,0.0,,-0.0,,1345814_YES.csv,1345814_YES
1770954840,2026-02-13 03:54:00,2,16.173912,14.879999000000002,0.9199999974699998,7.439999500000001,,,0.0,0.0,,0.0,,,,0.0,,-0.0,,1345814_YES.csv,1345814_YES
1770954900,2026-02-13 03:55:00,2,18.0,16.560000000000002,0.919999999948889,8.280000000000001,,,0.0,0.0,,0.0,,,,0.0,,-0.0,,1345814_YES.csv,1345814_YES
1770955440,2026-02-13 04:04:00,2,36.0,33.120000000000005,0.9199999999744447,16.560000000000002,,,0.0,0.0,,0.0,,,,0.0,,-0.0,,1345814_YES.csv,1345814_YES
1770955560,2026-02-13 04:06:00,1,16.58695,15.259994000000004,0.9199999999445347,15.259994000000004,,,0.0,0.0,,0.0,,,,0.0,,-0.0,,1345814_YES.csv,1345814_YES
1770955620,2026-02-13 04:07:00,2,2.210528,2.0545910000000003,0.9294571247550554,1.0272955000000001,,,0.0,0.0,,0.0,,,,0.0,,-0.0,,1345814_YES.csv,1345814_YES
1770955800,2026-02-13 04:10:00,2,16.173912,14.879999000000002,0.9199999974699998,7.439999500000001,,,0.0,0.0,,0.0,,,,0.0,,-0.0,,1345814_YES.csv,1345814_YES
1770955860,2026-02-13 04:11:00,1,18.0,16.560000000000002,0.919999999948889,16.560000000000002,,,0.0,0.0,,0.0,,,,0.0,,-0.0,,1345814_YES.csv,1345814_YES
1770956160,2026-02-13 04:16:00,3,383.0,352.36,0.919999999997598,117.45333333333333,,,0.0,0.0,,0.0,,,,0.0,,-0.0,,1345814_YES.csv,1345814_YES
1770956220,2026-02-13 04:17:00,2,172.75,158.93,0.9199999999946745,79.465,,,0.0,0.0,,0.0,,,,0.0,,-0.0,,1345814_YES.csv,1345814_YES
1770957120,2026-02-13 04:32:00,1,1.075257,0.999989,0.9299999898349882,0.999989,,,0.0,0.0,,0.0,,,,0.0,,-0.0,,1345814_YES.csv,1345814_YES
1770957180,2026-02-13 04:33:00,1,55.56,51.1152,0.9199999999834414,51.1152,,,0.0,0.0,,0.0,,,,0.0,,-0.0,,1345814_YES.csv,1345814_YES
1770957240,2026-02-13 04:34:00,1,10.0,9.1,0.9099999999089999,9.1,,,0.0,0.0,,0.0,,,,0.0,,-0.0,,1345814_YES.csv,1345814_YES
1770957480,2026-02-13 04:38:00,1,300.0,273.0,0.9099999999969667,273.0,,,0.0,0.0,,0.0,,,,0.0,,-0.0,,1345814_YES.csv,1345814_YES
1770957600,2026-02-13 04:40:00,1,2.173912,1.999999,0.9199999811767909,1.999999,,,0.0,0.0,,0.0,,,,0.0,,-0.0,,1345814_YES.csv,1345814_YES
1770957840,2026-02-13 04:44:00,1,48.0,44.16,0.9199999999808335,44.16,,,0.0,0.0,,0.0,,,,0.0,,-0.0,,1345814_YES.csv,1345814_YES
1770958080,2026-02-13 04:48:00,1,2.17,1.9964,0.9199999995760368,1.9964,,,0.0,0.0,,0.0,,,,0.0,,-0.0,,1345814_YES.csv,1345814_YES
1770958200,2026-02-13 04:50:00,1,11.326075,10.419989,0.9199999999187715,10.419989,,,0.0,0.0,,0.0,,,,0.0,,-0.0,,1345814_YES.csv,1345814_YES
1770958260,2026-02-13 04:51:00,1,10.0,9.2,0.9199999999080001,9.2,,,0.0,0.0,,0.0,,,,0.0,,-0.0,,1345814_YES.csv,1345814_YES
1770958320,2026-02-13 04:52:00,2,8.015649999999999,7.372998,0.919825341560594,3.686499,,,0.0,0.0,,0.0,,,,0.0,,-0.0,,1345814_YES.csv,1345814_YES
1770958380,2026-02-13 04:53:00,1,589.75,542.57,0.9199999999984401,542.57,,,0.0,0.0,,0.0,,,,0.0,,-0.0,,1345814_YES.csv,1345814_YES
1770958500,2026-02-13 04:55:00,1,3.11,2.8612,0.9199999997041801,2.8612,,,0.0,0.0,,0.0,,,,0.0,,-0.0,,1345814_YES.csv,1345814_YES
1770958620,2026-02-13 04:57:00,2,11.21,10.3132,0.9199999999179304,5.1566,,,0.0,0.0,,0.0,,,,0.0,,-0.0,,1345814_YES.csv,1345814_YES
1770959160,2026-02-13 05:06:00,3,113.97801,103.85998899999998,0.911228306224058,34.619996333333326,,,0.0,0.0,,0.0,,,,0.0,,-0.0,,1345814_YES.csv,1345814_YES
1770959220,2026-02-13 05:07:00,3,62.0,56.42,0.9099999999853227,18.80666666666667,,,0.0,0.0,,0.0,,,,0.0,,-0.0,,1345814_YES.csv,1345814_YES
1770959280,2026-02-13 05:08:00,1,42.0,38.22,0.9099999999783334,38.22,,,0.0,0.0,,0.0,,,,0.0,,-0.0,,1345814_YES.csv,1345814_YES
1770959520,2026-02-13 05:12:00,1,18.0,16.38,0.9099999999494444,16.38,,,0.0,0.0,,0.0,,,,0.0,,-0.0,,1345814_YES.csv,1345814_YES
1770959700,2026-02-13 05:15:00,3,108.703295,98.91999799999999,0.9099999958519197,32.973332666666664,,,0.0,0.0,,0.0,,,,0.0,,-0.0,,1345814_YES.csv,1345814_YES
1770959820,2026-02-13 05:17:00,1,588.358687,541.2899920000001,0.9199999999304507,541.2899920000001,,,0.0,0.0,,0.0,,,,0.0,,-0.0,,1345814_YES.csv,1345814_YES
1770959880,2026-02-13 05:18:00,1,10.65,9.798,0.919999999913615,9.798,,,0.0,0.0,,0.0,,,,0.0,,-0.0,,1345814_YES.csv,1345814_YES
1770959940,2026-02-13 05:19:00,1,1.086955,0.9999979999999998,0.9199994471528263,0.9999979999999998,,,0.0,0.0,,0.0,,,,0.0,,-0.0,,1345814_YES.csv,1345814_YES
1770960000,2026-02-13 05:20:00,4,296.765157,273.390396,0.921234820026661,68.347599,,,0.0,0.0,,0.0,,,,0.0,,-0.0,,1345814_YES.csv,1345814_YES
1770960060,2026-02-13 05:21:00,2,43.86,40.351200000000006,0.9199999999790244,20.175600000000003,,,0.0,0.0,,0.0,,,,0.0,,-0.0,,1345814_YES.csv,1345814_YES
1770960120,2026-02-13 05:22:00,1,2.150528,1.999991,0.9299999809674648,1.999991,,,0.0,0.0,,0.0,,,,0.0,,-0.0,,1345814_YES.csv,1345814_YES
1770960240,2026-02-13 05:24:00,1,2.173912,1.999999,0.9199999811767909,1.999999,,,0.0,0.0,,0.0,,,,0.0,,-0.0,,1345814_YES.csv,1345814_YES
1770960300,2026-02-13 05:25:00,2,28.0,25.76,0.9199999999671429,12.88,,,0.0,0.0,,0.0,,,,0.0,,-0.0,,1345814_YES.csv,1345814_YES
1770960600,2026-02-13 05:30:00,1,2.173912,1.999999,0.9199999811767909,1.999999,,,0.0,0.0,,0.0,,,,0.0,,-0.0,,1345814_YES.csv,1345814_YES
1770960660,2026-02-13 05:31:00,2,2.220528,2.063691,0.929369500889262,1.0318455,,,0.0,0.0,,0.0,,,,0.0,,-0.0,,1345814_YES.csv,1345814_YES
1770960720,2026-02-13 05:32:00,2,6.3839120000000005,5.831099,0.9134052911579286,2.9155495,,,0.0,0.0,,0.0,,,,0.0,,-0.0,,1345814_YES.csv,1345814_YES
1770960840,2026-02-13 05:34:00,1,14.0,12.88,0.9199999999342857,12.88,,,0.0,0.0,,0.0,,,,0.0,,-0.0,,1345814_YES.csv,1345814_YES
1770960900,2026-02-13 05:35:00,1,1.739125,1.599995,0.9199999994709983,1.599995,,,0.0,0.0,,0.0,,,,0.0,,-0.0,,1345814_YES.csv,1345814_YES
1770961140,2026-02-13 05:39:00,3,260.677416,240.91999600000003,0.9242073966203341,80.30666533333334,,,0.0,0.0,,0.0,,,,0.0,,-0.0,,1345814_YES.csv,1345814_YES
1770961200,2026-02-13 05:40:00,2,405.77419,377.369996,0.9299999982726109,188.684998,,,0.0,0.0,,0.0,,,,0.0,,-0.0,,1345814_YES.csv,1345814_YES
1770961440,2026-02-13 05:44:00,1,1.075257,0.999989,0.9299999898349882,0.999989,,,0.0,0.0,,0.0,,,,0.0,,-0.0,,1345814_YES.csv,1345814_YES
1770961500,2026-02-13 05:45:00,2,13.0968,12.097992,0.9237364851777734,6.048996,,,0.0,0.0,,0.0,,,,0.0,,-0.0,,1345814_YES.csv,1345814_YES
1770961680,2026-02-13 05:48:00,1,2.258057,2.099993,0.9299999951595554,2.099993,,,0.0,0.0,,0.0,,,,0.0,,-0.0,,1345814_YES.csv,1345814_YES
1770961800,2026-02-13 05:50:00,1,27.0,25.110000000000003,0.9299999999655557,25.110000000000003,,,0.0,0.0,,0.0,,,,0.0,,-0.0,,1345814_YES.csv,1345814_YES
1770962520,2026-02-13 06:02:00,2,318.67,286.983,0.9005648476452112,143.4915,,,0.0,0.0,,0.0,,,,0.0,,-0.0,,1345814_YES.csv,1345814_YES
1770962640,2026-02-13 06:04:00,2,391.67,360.3364,0.9199999999976511,180.1682,,,0.0,0.0,,0.0,,,,0.0,,-0.0,,1345814_YES.csv,1345814_YES
1770962940,2026-02-13 06:09:00,1,10.9,10.028,0.9199999999155963,10.028,,,0.0,0.0,,0.0,,,,0.0,,-0.0,,1345814_YES.csv,1345814_YES
1770963000,2026-02-13 06:10:00,1,32.543475,29.939997,0.9199999999717302,29.939997,,,0.0,0.0,,0.0,,,,0.0,,-0.0,,1345814_YES.csv,1345814_YES
1770963780,2026-02-13 06:23:00,5,257.19780000000003,233.409998,0.9075116427865731,46.6819996,,,0.0,0.0,,0.0,,,,0.0,,-0.0,,1345814_YES.csv,1345814_YES
1770964440,2026-02-13 06:34:00,1,10.86666,9.779994,0.8999999999171779,9.779994,,,0.0,0.0,,0.0,,,,0.0,,-0.0,,1345814_YES.csv,1345814_YES
1770964560,2026-02-13 06:36:00,1,1.11111,0.999999,0.8999999991899992,0.999999,,,0.0,0.0,,0.0,,,,0.0,,-0.0,,1345814_YES.csv,1345814_YES
1770964860,2026-02-13 06:41:00,1,2.22222,1.999998,0.8999999995949997,1.999998,,,0.0,0.0,,0.0,,,,0.0,,-0.0,,1345814_YES.csv,1345814_YES
1770964920,2026-02-13 06:42:00,1,200.001311,181.929993,0.909644002279017,181.929993,,,0.0,0.0,,0.0,,,,0.0,,-0.0,,1345814_YES.csv,1345814_YES
1770965160,2026-02-13 06:46:00,1,1.11111,0.999999,0.8999999991899992,0.999999,,,0.0,0.0,,0.0,,,,0.0,,-0.0,,1345814_YES.csv,1345814_YES
1770965340,2026-02-13 06:49:00,1,2.1978,1.999998,0.9099999995859496,1.999998,,,0.0,0.0,,0.0,,,,0.0,,-0.0,,1345814_YES.csv,1345814_YES
1770965460,2026-02-13 06:51:00,4,118.0,106.2,0.8999999999923729,26.55,,,0.0,0.0,,0.0,,,,0.0,,-0.0,,1345814_YES.csv,1345814_YES
1770965640,2026-02-13 06:54:00,1,14.0,12.74,0.909999999935,12.74,,,0.0,0.0,,0.0,,,,0.0,,-0.0,,1345814_YES.csv,1345814_YES
1770965700,2026-02-13 06:55:00,1,1.0989,0.999999,0.9099999991718991,0.999999,,,0.0,0.0,,0.0,,,,0.0,,-0.0,,1345814_YES.csv,1345814_YES
1770965760,2026-02-13 06:56:00,1,590.795685,546.229987,0.9245666494654162,546.229987,,,0.0,0.0,,0.0,,,,0.0,,-0.0,,1345814_YES.csv,1345814_YES
1770965820,2026-02-13 06:57:00,1,18.41,16.9372,0.9199999999500272,16.9372,,,0.0,0.0,,0.0,,,,0.0,,-0.0,,1345814_YES.csv,1345814_YES
1770965940,2026-02-13 06:59:00,1,106.516128,99.059999,0.9299999996157389,99.059999,,,0.0,0.0,,0.0,,,,0.0,,-0.0,,1345814_YES.csv,1345814_YES
1770966660,2026-02-13 07:11:00,3,236.0,219.48000000000002,0.9299999999960594,73.16000000000001,,,0.0,0.0,,0.0,,,,0.0,,-0.0,,1345814_YES.csv,1345814_YES
1770966720,2026-02-13 07:12:00,1,21.72,20.1996,0.9299999999571824,20.1996,,,0.0,0.0,,0.0,,,,0.0,,-0.0,,1345814_YES.csv,1345814_YES
1770967380,2026-02-13 07:23:00,2,203.075257,184.819989,0.9101058973378027,92.4099945,,,0.0,0.0,,0.0,,,,0.0,,-0.0,,1345814_YES.csv,1345814_YES
1770967800,2026-02-13 07:30:00,4,116.0,107.88,0.9299999999919827,26.97,,,0.0,0.0,,0.0,,,,0.0,,-0.0,,1345814_YES.csv,1345814_YES
1770967860,2026-02-13 07:31:00,1,21.505371,19.999995,0.9299999985617545,19.999995,,,0.0,0.0,,0.0,,,,0.0,,-0.0,,1345814_YES.csv,1345814_YES
1770968460,2026-02-13 07:41:00,1,7.4,6.66,0.8999999998783783,6.66,,,0.0,0.0,,0.0,,,,0.0,,-0.0,,1345814_YES.csv,1345814_YES
1770968700,2026-02-13 07:45:00,1,10.0,8.85,0.8849999999114999,8.85,,,0.0,0.0,,0.0,,,,0.0,,-0.0,,1345814_YES.csv,1345814_YES
1770968880,2026-02-13 07:48:00,1,20.55,18.495,0.8999999999562044,18.495,,,0.0,0.0,,0.0,,,,0.0,,-0.0,,1345814_YES.csv,1345814_YES
1770969180,2026-02-13 07:53:00,1,566.167387,518.749996,0.916248459219506,518.749996,,,0.0,0.0,,0.0,,,,0.0,,-0.0,,1345814_YES.csv,1345814_YES
1770969360,2026-02-13 07:56:00,1,200.0,184.0,0.9199999999954,184.0,,,0.0,0.0,,0.0,,,,0.0,,-0.0,,1345814_YES.csv,1345814_YES
1770969420,2026-02-13 07:57:00,1,562.720429,516.5899979999999,0.9180224697317358,516.5899979999999,,,0.0,0.0,,0.0,,,,0.0,,-0.0,,1345814_YES.csv,1345814_YES
1770970620,2026-02-13 08:17:00,1,0.04,0.0368,0.9199999770000006,0.0368,,,0.0,0.0,,0.0,,,,0.0,,-0.0,,1345814_YES.csv,1345814_YES
1770970680,2026-02-13 08:18:00,1,10.9,9.919,0.9099999999165138,9.919,,,0.0,0.0,,0.0,,,,0.0,,-0.0,,1345814_YES.csv,1345814_YES
1770970860,2026-02-13 08:21:00,2,1114.09472,1052.519984,0.9447311481729805,526.259992,,,0.0,0.0,,0.0,,,,0.0,,-0.0,,1345814_YES.csv,1345814_YES
1770971340,2026-02-13 08:29:00,1,21.2421,19.999995,0.9415262614834915,19.999995,,,0.0,0.0,,0.0,,,,0.0,,-0.0,,1345814_YES.csv,1345814_YES
1770971460,2026-02-13 08:31:00,1,4.21052,3.999994,0.9499999997743745,3.999994,,,0.0,0.0,,0.0,,,,0.0,,-0.0,,1345814_YES.csv,1345814_YES
1770971700,2026-02-13 08:35:00,1,736.8421,699.9999949999999,0.9499999999987107,699.9999949999999,,,0.0,0.0,,0.0,,,,0.0,,-0.0,,1345814_YES.csv,1345814_YES
1770971820,2026-02-13 08:37:00,1,1.21,1.1374,0.9399999992231405,1.1374,,,0.0,0.0,,0.0,,,,0.0,,-0.0,,1345814_YES.csv,1345814_YES
1770971880,2026-02-13 08:38:00,1,1.1,1.034,0.9399999991454544,1.034,,,0.0,0.0,,0.0,,,,0.0,,-0.0,,1345814_YES.csv,1345814_YES
1770972000,2026-02-13 08:40:00,1,5.75,5.404999999999999,0.9399999998365216,5.404999999999999,,,0.0,0.0,,0.0,,,,0.0,,-0.0,,1345814_YES.csv,1345814_YES
1770972300,2026-02-13 08:45:00,1,5.08,4.826,0.949999999812992,4.826,,,0.0,0.0,,0.0,,,,0.0,,-0.0,,1345814_YES.csv,1345814_YES
1770972480,2026-02-13 08:48:00,2,25.618533,24.799977000000002,0.9680482875046731,12.399988500000001,,,0.0,0.0,,0.0,,,,0.0,,-0.0,,1345814_YES.csv,1345814_YES
1770972660,2026-02-13 08:51:00,1,5.0,4.8,0.959999999808,4.8,,,0.0,0.0,,0.0,,,,0.0,,-0.0,,1345814_YES.csv,1345814_YES
1770972720,2026-02-13 08:52:00,2,4.09,3.9254999999999995,0.9597799508655794,1.9627499999999998,,,0.0,0.0,,0.0,,,,0.0,,-0.0,,1345814_YES.csv,1345814_YES
1770972840,2026-02-13 08:54:00,1,10.41665,9.999984,0.9599999999078398,9.999984,,,0.0,0.0,,0.0,,,,0.0,,-0.0,,1345814_YES.csv,1345814_YES
1770973260,2026-02-13 09:01:00,1,3.0,2.88,0.9599999996799999,2.88,,,0.0,0.0,,0.0,,,,0.0,,-0.0,,1345814_YES.csv,1345814_YES
1770973440,2026-02-13 09:04:00,1,5.0,4.75,0.9499999998099999,4.75,,,0.0,0.0,,0.0,,,,0.0,,-0.0,,1345814_YES.csv,1345814_YES
1770973500,2026-02-13 09:05:00,3,11.59,11.0605,0.9543140637658054,3.686833333333333,,,0.0,0.0,,0.0,,,,0.0,,-0.0,,1345814_YES.csv,1345814_YES
1770973920,2026-02-13 09:12:00,2,20.6,19.776,0.959999999953398,9.888,,,0.0,0.0,,0.0,,,,0.0,,-0.0,,1345814_YES.csv,1345814_YES
1770974040,2026-02-13 09:14:00,1,501.97,473.2318,0.9427491682751106,473.2318,,,0.0,0.0,,0.0,,,,0.0,,-0.0,,1345814_YES.csv,1345814_YES
1770974640,2026-02-13 09:24:00,1,15.0,14.4,0.9599999999359999,14.4,,,0.0,0.0,,0.0,,,,0.0,,-0.0,,1345814_YES.csv,1345814_YES
1770974880,2026-02-13 09:28:00,1,20.833325,19.999992,0.95999999995392,19.999992,,,0.0,0.0,,0.0,,,,0.0,,-0.0,,1345814_YES.csv,1345814_YES
1770975060,2026-02-13 09:31:00,3,28.73,27.393499999999996,0.9534806821805261,9.131166666666665,,,0.0,0.0,,0.0,,,,0.0,,-0.0,,1345814_YES.csv,1345814_YES
1770975120,2026-02-13 09:32:00,4,40.55,38.722500000000004,0.9549321824672027,9.680625000000001,,,0.0,0.0,,0.0,,,,0.0,,-0.0,,1345814_YES.csv,1345814_YES
1770975420,2026-02-13 09:37:00,1,25.0,24.05,0.9619999999615201,24.05,,,0.0,0.0,,0.0,,,,0.0,,-0.0,,1345814_YES.csv,1345814_YES
1770975480,2026-02-13 09:38:00,1,5.186694,4.999973,0.963999996729323,4.999973,,,0.0,0.0,,0.0,,,,0.0,,-0.0,,1345814_YES.csv,1345814_YES
1770975660,2026-02-13 09:41:00,2,645.813545,624.0999569999999,0.9663779303344181,312.04997849999995,,,0.0,0.0,,0.0,,,,0.0,,-0.0,,1345814_YES.csv,1345814_YES
1770975720,2026-02-13 09:42:00,5,25.0,24.2,0.9679999999612799,4.84,,,0.0,0.0,,0.0,,,,0.0,,-0.0,,1345814_YES.csv,1345814_YES
1770975780,2026-02-13 09:43:00,2,10.0,9.682,0.9681999999031801,4.841,,,0.0,0.0,,0.0,,,,0.0,,-0.0,,1345814_YES.csv,1345814_YES
1770975960,2026-02-13 09:46:00,12,117.0309,113.519973,0.9699999999917115,9.45999775,,,0.0,0.0,,0.0,,,,0.0,,-0.0,,1345814_YES.csv,1345814_YES
1770976020,2026-02-13 09:47:00,3,84.0,81.48,0.9699999999884522,27.16,,,0.0,0.0,,0.0,,,,0.0,,-0.0,,1345814_YES.csv,1345814_YES
1770976080,2026-02-13 09:48:00,2,57.0,55.29,0.9699999999829825,27.645,,,0.0,0.0,,0.0,,,,0.0,,-0.0,,1345814_YES.csv,1345814_YES
1770976140,2026-02-13 09:49:00,2,50.0,48.5,0.9699999999806,24.25,,,0.0,0.0,,0.0,,,,0.0,,-0.0,,1345814_YES.csv,1345814_YES
1770976260,2026-02-13 09:51:00,1,128.865966,124.999987,0.9699999998372729,124.999987,,,0.0,0.0,,0.0,,,,0.0,,-0.0,,1345814_YES.csv,1345814_YES
1770976380,2026-02-13 09:53:00,23,209.368558,202.859849,0.96891267216461,8.819993434782608,,,0.0,0.0,,0.0,,,,0.0,,-0.0,,1345814_YES.csv,1345814_YES
1770976440,2026-02-13 09:54:00,14,243.00952,235.65980499999998,0.969755444144864,16.832843214285713,,,0.0,0.0,,0.0,,,,0.0,,-0.0,,1345814_YES.csv,1345814_YES
1770976500,2026-02-13 09:55:00,4,36.389864,35.279962,0.9694996936243152,8.8199905,,,0.0,0.0,,0.0,,,,0.0,,-0.0,,1345814_YES.csv,1345814_YES
1770976560,2026-02-13 09:56:00,3,27.278298,26.459948999999995,0.9699999977648897,8.819982999999999,,,0.0,0.0,,0.0,,,,0.0,,-0.0,,1345814_YES.csv,1345814_YES
1770976620,2026-02-13 09:57:00,3,42.185531999999995,40.919966,0.9699999990288142,13.639988666666667,,,0.0,0.0,,0.0,,,,0.0,,-0.0,,1345814_YES.csv,1345814_YES
1770976740,2026-02-13 09:59:00,1,24.0,23.28,0.9699999999595834,23.28,,,0.0,0.0,,0.0,,,,0.0,,-0.0,,1345814_YES.csv,1345814_YES
1770976800,2026-02-13 10:00:00,1,24.0,23.28,0.9699999999595834,23.28,,,0.0,0.0,,0.0,,,,0.0,,-0.0,,1345814_YES.csv,1345814_YES
1770977280,2026-02-13 10:08:00,4,20.0,19.2,0.9599999999519999,4.8,,,0.0,0.0,,0.0,,,,0.0,,-0.0,,1345814_YES.csv,1345814_YES
1770977340,2026-02-13 10:09:00,2,10.0,9.6,0.959999999904,4.8,,,0.0,0.0,,0.0,,,,0.0,,-0.0,,1345814_YES.csv,1345814_YES
1770977400,2026-02-13 10:10:00,1,5.0,4.8,0.959999999808,4.8,,,0.0,0.0,,0.0,,,,0.0,,-0.0,,1345814_YES.csv,1345814_YES
1770977460,2026-02-13 10:11:00,1,0.03,0.0288299999999999,0.9609999679666678,0.0288299999999999,,,0.0,0.0,,0.0,,,,0.0,,-0.0,,1345814_YES.csv,1345814_YES
1770977520,2026-02-13 10:12:00,2,18.074537,17.459984,0.9659989630181953,8.729992,,,0.0,0.0,,0.0,,,,0.0,,-0.0,,1345814_YES.csv,1345814_YES
1770977700,2026-02-13 10:15:00,1,9.009258,8.729971,0.9689999996704499,8.729971,,,0.0,0.0,,0.0,,,,0.0,,-0.0,,1345814_YES.csv,1345814_YES
1770977880,2026-02-13 10:18:00,5,68.0,65.96000000000001,0.9699999999857354,13.192000000000002,,,0.0,0.0,,0.0,,,,0.0,,-0.0,,1345814_YES.csv,1345814_YES
1770977940,2026-02-13 10:19:00,12,90.11,87.4067,0.9699999999892354,7.283891666666666,,,0.0,0.0,,0.0,,,,0.0,,-0.0,,1345814_YES.csv,1345814_YES
1770978000,2026-02-13 10:20:00,1,5.0,4.85,0.9699999998059999,4.85,,,0.0,0.0,,0.0,,,,0.0,,-0.0,,1345814_YES.csv,1345814_YES
1770978060,2026-02-13 10:21:00,5,669.952825,648.186965,0.9675113542495065,129.637393,,,0.0,0.0,,0.0,,,,0.0,,-0.0,,1345814_YES.csv,1345814_YES
1770978120,2026-02-13 10:22:00,1,1.03199,0.999998,0.96899969867053,0.999998,,,0.0,0.0,,0.0,,,,0.0,,-0.0,,1345814_YES.csv,1345814_YES
1770978360,2026-02-13 10:26:00,1,14.0,13.51,0.9649999999310714,13.51,,,0.0,0.0,,0.0,,,,0.0,,-0.0,,1345814_YES.csv,1345814_YES
1770978480,2026-02-13 10:28:00,2,24.618533,23.867977,0.9695125618992199,11.9339885,,,0.0,0.0,,0.0,,,,0.0,,-0.0,,1345814_YES.csv,1345814_YES
1770978600,2026-02-13 10:30:00,25,197.310277,191.71962,0.9716656573292852,7.6687848,,,0.0,0.0,,0.0,,,,0.0,,-0.0,,1345814_YES.csv,1345814_YES
1770978720,2026-02-13 10:32:00,5,681.280426,659.318935,0.9677643886968684,131.863787,,,0.0,0.0,,0.0,,,,0.0,,-0.0,,1345814_YES.csv,1345814_YES
1770978780,2026-02-13 10:33:00,1,100.0,96.8,0.9679999999903199,96.8,,,0.0,0.0,,0.0,,,,0.0,,-0.0,,1345814_YES.csv,1345814_YES
1770978840,2026-02-13 10:34:00,3,128.31,124.66601,0.9716001091031752,41.55533666666667,,,0.0,0.0,,0.0,,,,0.0,,-0.0,,1345814_YES.csv,1345814_YES
1770978960,2026-02-13 10:36:00,4,761.252575,739.919537,0.9719763995531022,184.97988425,,,0.0,0.0,,0.0,,,,0.0,,-0.0,,1345814_YES.csv,1345814_YES
1770979020,2026-02-13 10:37:00,1,102.56408,99.999978,0.9749999999904937,99.999978,,,0.0,0.0,,0.0,,,,0.0,,-0.0,,1345814_YES.csv,1345814_YES
1770979260,2026-02-13 10:41:00,1,5.0,4.859999999999999,0.9719999998055999,4.859999999999999,,,0.0,0.0,,0.0,,,,0.0,,-0.0,,1345814_YES.csv,1345814_YES
1770979380,2026-02-13 10:43:00,1,5.0,4.89,0.9779999998043999,4.89,,,0.0,0.0,,0.0,,,,0.0,,-0.0,,1345814_YES.csv,1345814_YES
1770979440,2026-02-13 10:44:00,4,656.593476,638.6639660000001,0.9726931340984377,159.66599150000002,,,0.0,0.0,,0.0,,,,0.0,,-0.0,,1345814_YES.csv,1345814_YES
1770979500,2026-02-13 10:45:00,1,61.475375,59.999966,0.9759999999841238,59.999966,,,0.0,0.0,,0.0,,,,0.0,,-0.0,,1345814_YES.csv,1345814_YES
1770979560,2026-02-13 10:46:00,1,41.06773,39.999969,0.9739999994892828,39.999969,,,0.0,0.0,,0.0,,,,0.0,,-0.0,,1345814_YES.csv,1345814_YES
1770979800,2026-02-13 10:50:00,1,2474.67,2417.14526,0.976754581418542,2417.14526,,,0.0,0.0,,0.0,,,,0.0,,-0.0,,1345814_YES.csv,1345814_YES
1770980220,2026-02-13 10:57:00,5,1391.647148,1356.939972,0.9750603620674576,271.38799439999997,,,0.0,0.0,,0.0,,,,0.0,,-0.0,,1345814_YES.csv,1345814_YES
1770980340,2026-02-13 10:59:00,5,1253.53328,1220.945948,0.9740036164010148,244.18918960000002,,,0.0,0.0,,0.0,,,,0.0,,-0.0,,1345814_YES.csv,1345814_YES
1770980400,2026-02-13 11:00:00,1,13.213551,12.869998,0.9739999489180463,12.869998,,,0.0,0.0,,0.0,,,,0.0,,-0.0,,1345814_YES.csv,1345814_YES
1770980520,2026-02-13 11:02:00,1,3.956814,3.84998,0.9729999941940664,3.84998,,,0.0,0.0,,0.0,,,,0.0,,-0.0,,1345814_YES.csv,1345814_YES
1770980640,2026-02-13 11:04:00,5,569.712694,552.1099459999999,0.9691024121695817,110.42198919999998,,,0.0,0.0,,0.0,,,,0.0,,-0.0,,1345814_YES.csv,1345814_YES
1770980880,2026-02-13 11:08:00,29,57.848955000000004,56.299364,0.9732131548275468,1.9413573793103447,,,0.0,0.0,,0.0,,,,0.0,,-0.0,,1345814_YES.csv,1345814_YES
1770981000,2026-02-13 11:10:00,2,308.008191,299.999978,0.973999999886451,149.999989,,,0.0,0.0,,0.0,,,,0.0,,-0.0,,1345814_YES.csv,1345814_YES
1770981120,2026-02-13 11:12:00,1,130.1,125.3215,0.9632705610994369,125.3215,,,0.0,0.0,,0.0,,,,0.0,,-0.0,,1345814_YES.csv,1345814_YES
1770981240,2026-02-13 11:14:00,1,26.714576,25.999997,0.9732513440986953,25.999997,,,0.0,0.0,,0.0,,,,0.0,,-0.0,,1345814_YES.csv,1345814_YES
1770981300,2026-02-13 11:15:00,1,5.0,4.85,0.9699999998059999,4.85,,,0.0,0.0,,0.0,,,,0.0,,-0.0,,1345814_YES.csv,1345814_YES
1770981660,2026-02-13 11:21:00,1,5.0,4.88,0.9759999998048,4.88,,,0.0,0.0,,0.0,,,,0.0,,-0.0,,1345814_YES.csv,1345814_YES
1770981780,2026-02-13 11:23:00,1,5.117706,4.999998000000001,0.9769998509142575,4.999998000000001,,,0.0,0.0,,0.0,,,,0.0,,-0.0,,1345814_YES.csv,1345814_YES
1770982020,2026-02-13 11:27:00,1,4.994881,4.8799980000000005,0.976999852253337,4.8799980000000005,,,0.0,0.0,,0.0,,,,0.0,,-0.0,,1345814_YES.csv,1345814_YES
1770982200,2026-02-13 11:30:00,1,5.168883,5.049998,0.9769998661263951,5.049998,,,0.0,0.0,,0.0,,,,0.0,,-0.0,,1345814_YES.csv,1345814_YES
1770982320,2026-02-13 11:32:00,1,910.65,890.67884,0.978069335089246,890.67884,,,0.0,0.0,,0.0,,,,0.0,,-0.0,,1345814_YES.csv,1345814_YES
1770982380,2026-02-13 11:33:00,1,1094.93,1071.98293,0.9790424319353939,1071.98293,,,0.0,0.0,,0.0,,,,0.0,,-0.0,,1345814_YES.csv,1345814_YES
1770982440,2026-02-13 11:34:00,1,5.0,4.895,0.9789999998041999,4.895,,,0.0,0.0,,0.0,,,,0.0,,-0.0,,1345814_YES.csv,1345814_YES
1770982560,2026-02-13 11:36:00,1,90.0,88.02,0.9779999999891332,88.02,,,0.0,0.0,,0.0,,,,0.0,,-0.0,,1345814_YES.csv,1345814_YES
1770982680,2026-02-13 11:38:00,6,97.551,95.59998,0.9799999999899538,15.93333,,,0.0,0.0,,0.0,,,,0.0,,-0.0,,1345814_YES.csv,1345814_YES
1770982740,2026-02-13 11:39:00,2,109.0,106.74199999999999,0.9792844036607404,53.370999999999995,,,0.0,0.0,,0.0,,,,0.0,,-0.0,,1345814_YES.csv,1345814_YES
1770982920,2026-02-13 11:42:00,5,45.0,44.1,0.9799999999782223,8.82,,,0.0,0.0,,0.0,,,,0.0,,-0.0,,1345814_YES.csv,1345814_YES
1770982980,2026-02-13 11:43:00,1,5.0,4.895,0.9789999998041999,4.895,,,0.0,0.0,,0.0,,,,0.0,,-0.0,,1345814_YES.csv,1345814_YES
1770983100,2026-02-13 11:45:00,2,12.184050000000001,11.936409,0.9796749848384013,5.9682045,,,0.0,0.0,,0.0,,,,0.0,,-0.0,,1345814_YES.csv,1345814_YES
1770983160,2026-02-13 11:46:00,2,47.46935,46.519963000000004,0.9799999999793552,23.259981500000002,,,0.0,0.0,,0.0,,,,0.0,,-0.0,,1345814_YES.csv,1345814_YES
1770983280,2026-02-13 11:48:00,1,9.81,9.59418,0.9779999999003057,9.59418,,,0.0,0.0,,0.0,,,,0.0,,-0.0,,1345814_YES.csv,1345814_YES
1770983340,2026-02-13 11:49:00,2,56.34,55.151520000000005,0.978905218299984,27.575760000000002,,,0.0,0.0,,0.0,,,,0.0,,-0.0,,1345814_YES.csv,1345814_YES
1770983520,2026-02-13 11:52:00,1,3.83,3.74574,0.9779999997446475,3.74574,,,0.0,0.0,,0.0,,,,0.0,,-0.0,,1345814_YES.csv,1345814_YES
1770983580,2026-02-13 11:53:00,7,20561.3,20110.83604,0.9780916595740066,2872.976577142857,,,0.0,0.0,,0.0,,,,0.0,,-0.0,,1345814_YES.csv,1345814_YES
1770983640,2026-02-13 11:54:00,10,14.949992,14.665939999999999,0.9809998559878158,1.466594,,,0.0,0.0,,0.0,,,,0.0,,-0.0,,1345814_YES.csv,1345814_YES
1770983700,2026-02-13 11:55:00,1,25.0,24.55,0.9819999999607201,24.55,,,0.0,0.0,,0.0,,,,0.0,,-0.0,,1345814_YES.csv,1345814_YES
1770983760,2026-02-13 11:56:00,2,66.232722,65.040533,0.9819999999247806,32.5202665,,,0.0,0.0,,0.0,,,,0.0,,-0.0,,1345814_YES.csv,1345814_YES
1770983820,2026-02-13 11:57:00,1,24.022388,23.589985,0.9819999992930762,23.589985,,,0.0,0.0,,0.0,,,,0.0,,-0.0,,1345814_YES.csv,1345814_YES
1770983880,2026-02-13 11:58:00,1,104.185333,102.309997,0.9819999999329849,102.309997,,,0.0,0.0,,0.0,,,,0.0,,-0.0,,1345814_YES.csv,1345814_YES
1770984000,2026-02-13 12:00:00,11,1478.641837,1449.4936420000001,0.9802871836359517,131.7721492727273,,,0.0,0.0,,0.0,,,,0.0,,-0.0,,1345814_YES.csv,1345814_YES
1770984060,2026-02-13 12:01:00,1,553.78,541.89206,0.9785330997851521,541.89206,,,0.0,0.0,,0.0,,,,0.0,,-0.0,,1345814_YES.csv,1345814_YES
1770984120,2026-02-13 12:02:00,5,5.514577,5.4098,0.9809999931126178,1.08196,,,0.0,0.0,,0.0,,,,0.0,,-0.0,,1345814_YES.csv,1345814_YES
1770984180,2026-02-13 12:03:00,8,2075.2907,2030.577526,0.9784545008557217,253.82219075,,,0.0,0.0,,0.0,,,,0.0,,-0.0,,1345814_YES.csv,1345814_YES
1770984240,2026-02-13 12:04:00,5,5.52595,5.409905,0.978999990774618,1.081981,,,0.0,0.0,,0.0,,,,0.0,,-0.0,,1345814_YES.csv,1345814_YES
1770984840,2026-02-13 12:14:00,1,24.0,23.4,0.9749999999593749,23.4,,,0.0,0.0,,0.0,,,,0.0,,-0.0,,1345814_YES.csv,1345814_YES
1770985020,2026-02-13 12:17:00,1,25.0,24.25,0.9699999999612,24.25,,,0.0,0.0,,0.0,,,,0.0,,-0.0,,1345814_YES.csv,1345814_YES
1770985080,2026-02-13 12:18:00,1,24.0,23.28,0.9699999999595834,23.28,,,0.0,0.0,,0.0,,,,0.0,,-0.0,,1345814_YES.csv,1345814_YES
1770985260,2026-02-13 12:21:00,1,10.277481,9.999989,0.9729999986404255,9.999989,,,0.0,0.0,,0.0,,,,0.0,,-0.0,,1345814_YES.csv,1345814_YES
1770985380,2026-02-13 12:23:00,1,85.060698,82.61999800000001,0.9713063722922741,82.61999800000001,,,0.0,0.0,,0.0,,,,0.0,,-0.0,,1345814_YES.csv,1345814_YES
1770985440,2026-02-13 12:24:00,1,34.836064,33.999998,0.9759999866524532,33.999998,,,0.0,0.0,,0.0,,,,0.0,,-0.0,,1345814_YES.csv,1345814_YES
1770985500,2026-02-13 12:25:00,1,5.0,4.859999999999999,0.9719999998055999,4.859999999999999,,,0.0,0.0,,0.0,,,,0.0,,-0.0,,1345814_YES.csv,1345814_YES
1770985560,2026-02-13 12:26:00,11,3551.726301,3482.331245,0.9804615980737474,316.5755677272727,,,0.0,0.0,,0.0,,,,0.0,,-0.0,,1345814_YES.csv,1345814_YES
1770985620,2026-02-13 12:27:00,12,1637.096197,1610.9014260000001,0.9839992475402568,134.24178550000002,,,0.0,0.0,,0.0,,,,0.0,,-0.0,,1345814_YES.csv,1345814_YES
1770986280,2026-02-13 12:38:00,8,298.294199,292.35978600000004,0.9801055031546889,36.544973250000005,,,0.0,0.0,,0.0,,,,0.0,,-0.0,,1345814_YES.csv,1345814_YES
1770986340,2026-02-13 12:39:00,1,1.228425,1.209998,0.9849994904165905,1.209998,,,0.0,0.0,,0.0,,,,0.0,,-0.0,,1345814_YES.csv,1345814_YES
1770986400,2026-02-13 12:40:00,1,5.0,4.915,0.9829999998034,4.915,,,0.0,0.0,,0.0,,,,0.0,,-0.0,,1345814_YES.csv,1345814_YES
1770986460,2026-02-13 12:41:00,5,474.263799,466.187842,0.9829715929868326,93.2375684,,,0.0,0.0,,0.0,,,,0.0,,-0.0,,1345814_YES.csv,1345814_YES
1770986520,2026-02-13 12:42:00,1,1.2284,1.209974,0.9849999991981438,1.209974,,,0.0,0.0,,0.0,,,,0.0,,-0.0,,1345814_YES.csv,1345814_YES
1770986640,2026-02-13 12:44:00,2,473.170384,465.960998,0.9847636575644497,232.980499,,,0.0,0.0,,0.0,,,,0.0,,-0.0,,1345814_YES.csv,1345814_YES
1770986700,2026-02-13 12:45:00,1,269.03,265.26358,0.985999999996335,265.26358,,,0.0,0.0,,0.0,,,,0.0,,-0.0,,1345814_YES.csv,1345814_YES
1770986760,2026-02-13 12:46:00,2,526.933083,520.609886,0.987999999990534,260.304943,,,0.0,0.0,,0.0,,,,0.0,,-0.0,,1345814_YES.csv,1345814_YES
1770986820,2026-02-13 12:47:00,2,491.21,485.26548,0.9878982105393053,242.63274,,,0.0,0.0,,0.0,,,,0.0,,-0.0,,1345814_YES.csv,1345814_YES
1770986880,2026-02-13 12:48:00,1,59.33,58.67737,0.9889999999833305,58.67737,,,0.0,0.0,,0.0,,,,0.0,,-0.0,,1345814_YES.csv,1345814_YES
1770986940,2026-02-13 12:49:00,2,60.0,59.28,0.9879999999835334,29.64,,,0.0,0.0,,0.0,,,,0.0,,-0.0,,1345814_YES.csv,1345814_YES
1770987180,2026-02-13 12:53:00,2,44.604428,43.979966,0.9859999997985402,21.989983,,,0.0,0.0,,0.0,,,,0.0,,-0.0,,1345814_YES.csv,1345814_YES
1770987240,2026-02-13 12:54:00,10,6718.264962,6625.385438000001,0.986175072801336,662.5385438000001,,,0.0,0.0,,0.0,,,,0.0,,-0.0,,1345814_YES.csv,1345814_YES
1770987300,2026-02-13 12:55:00,1,25.0,24.7,0.9879999999604799,24.7,,,0.0,0.0,,0.0,,,,0.0,,-0.0,,1345814_YES.csv,1345814_YES
1770987600,2026-02-13 13:00:00,1,5.55,5.4632,0.9843603601829982,5.4632,,,0.0,0.0,,0.0,,,,0.0,,-0.0,,1345814_YES.csv,1345814_YES
1770987840,2026-02-13 13:04:00,7,1428.226568,1408.5021359999998,0.9861895637268483,201.21459085714284,,,0.0,0.0,,0.0,,,,0.0,,-0.0,,1345814_YES.csv,1345814_YES
1770988020,2026-02-13 13:07:00,1,305.348166,301.39998799999995,0.9870699141484707,301.39998799999995,,,0.0,0.0,,0.0,,,,0.0,,-0.0,,1345814_YES.csv,1345814_YES
1770988140,2026-02-13 13:09:00,1,6.085142,5.99995,0.9859999978659495,5.99995,,,0.0,0.0,,0.0,,,,0.0,,-0.0,,1345814_YES.csv,1345814_YES
1770988260,2026-02-13 13:11:00,1,24.0,23.52,0.9799999999591666,23.52,,,0.0,0.0,,0.0,,,,0.0,,-0.0,,1345814_YES.csv,1345814_YES
1770988620,2026-02-13 13:17:00,1,150.0,147.45,0.9829999999934467,147.45,,,0.0,0.0,,0.0,,,,0.0,,-0.0,,1345814_YES.csv,1345814_YES
1770988800,2026-02-13 13:20:00,5,932.645289,917.216614,0.9834570815046667,183.4433228,,,0.0,0.0,,0.0,,,,0.0,,-0.0,,1345814_YES.csv,1345814_YES
1770988980,2026-02-13 13:23:00,1,2030.425928,1999.999965,0.9850149849933433,1999.999965,,,0.0,0.0,,0.0,,,,0.0,,-0.0,,1345814_YES.csv,1345814_YES
1770989040,2026-02-13 13:24:00,2,111.560214,109.99837099999999,0.9859999999553065,54.999185499999996,,,0.0,0.0,,0.0,,,,0.0,,-0.0,,1345814_YES.csv,1345814_YES
1770989220,2026-02-13 13:27:00,1,33.785424,33.379998,0.9879999729768671,33.379998,,,0.0,0.0,,0.0,,,,0.0,,-0.0,,1345814_YES.csv,1345814_YES
1770989280,2026-02-13 13:28:00,1,101.112233,99.999998,0.9889999956682887,99.999998,,,0.0,0.0,,0.0,,,,0.0,,-0.0,,1345814_YES.csv,1345814_YES
1770989340,2026-02-13 13:29:00,1,209.0,204.665,0.9792583732010562,204.665,,,0.0,0.0,,0.0,,,,0.0,,-0.0,,1345814_YES.csv,1345814_YES
1770989400,2026-02-13 13:30:00,4,31.258379,30.601952999999998,0.978999998657032,7.6504882499999995,,,0.0,0.0,,0.0,,,,0.0,,-0.0,,1345814_YES.csv,1345814_YES
1770989520,2026-02-13 13:32:00,1,101.214573,99.999998,0.9879999987651186,99.999998,,,0.0,0.0,,0.0,,,,0.0,,-0.0,,1345814_YES.csv,1345814_YES
1770990180,2026-02-13 13:43:00,1,25.0,24.7,0.9879999999604799,24.7,,,0.0,0.0,,0.0,,,,0.0,,-0.0,,1345814_YES.csv,1345814_YES
1770990300,2026-02-13 13:45:00,1,815.46975,809.999871,0.9932923581763844,809.999871,,,0.0,0.0,,0.0,,,,0.0,,-0.0,,1345814_YES.csv,1345814_YES
1770990480,2026-02-13 13:48:00,8,437.462761,429.921748,0.9827619315899148,53.7402185,,,0.0,0.0,,0.0,,,,0.0,,-0.0,,1345814_YES.csv,1345814_YES
1770990600,2026-02-13 13:50:00,4,506.57181199999997,498.46200300000004,0.9839908008916534,124.61550075000001,,,0.0,0.0,,0.0,,,,0.0,,-0.0,,1345814_YES.csv,1345814_YES
1770990720,2026-02-13 13:52:00,1,126.33,124.68771,0.9869999999921871,124.68771,,,0.0,0.0,,0.0,,,,0.0,,-0.0,,1345814_YES.csv,1345814_YES
1770990780,2026-02-13 13:53:00,1,1019.24,1005.12364,0.986150111847076,1005.12364,,,0.0,0.0,,0.0,,,,0.0,,-0.0,,1345814_YES.csv,1345814_YES
1770990840,2026-02-13 13:54:00,2,137.81,135.88066,0.9859999999928454,67.94033,,,0.0,0.0,,0.0,,,,0.0,,-0.0,,1345814_YES.csv,1345814_YES
1770991020,2026-02-13 13:57:00,2,185.11218100000002,182.991947,0.9885462210561468,91.4959735,,,0.0,0.0,,0.0,,,,0.0,,-0.0,,1345814_YES.csv,1345814_YES
1770991080,2026-02-13 13:58:00,1,7.077818,6.999962,0.9889999995776947,6.999962,,,0.0,0.0,,0.0,,,,0.0,,-0.0,,1345814_YES.csv,1345814_YES
1770991620,2026-02-13 14:07:00,11,2837.764804,2795.108025,0.984968176735134,254.10072954545456,,,0.0,0.0,,0.0,,,,0.0,,-0.0,,1345814_YES.csv,1345814_YES
1770991740,2026-02-13 14:09:00,3,1128.006306,1111.2162440000002,0.9851152764734766,370.40541466666673,,,0.0,0.0,,0.0,,,,0.0,,-0.0,,1345814_YES.csv,1345814_YES
1770991800,2026-02-13 14:10:00,1,1797.96,1774.88652,0.9871668557693234,1774.88652,,,0.0,0.0,,0.0,,,,0.0,,-0.0,,1345814_YES.csv,1345814_YES
1770991920,2026-02-13 14:12:00,2,25.0,24.725,0.9889999999604401,12.3625,,,0.0,0.0,,0.0,,,,0.0,,-0.0,,1345814_YES.csv,1345814_YES
1770992040,2026-02-13 14:14:00,2,50.971427999999996,50.430488,0.9893873877539907,25.215244,,,0.0,0.0,,0.0,,,,0.0,,-0.0,,1345814_YES.csv,1345814_YES
1770992340,2026-02-13 14:19:00,1,5.05,4.99445,0.9889999998041583,4.99445,,,0.0,0.0,,0.0,,,,0.0,,-0.0,,1345814_YES.csv,1345814_YES
1770992400,2026-02-13 14:20:00,1,175.95,174.01455,0.9889999999943792,174.01455,,,0.0,0.0,,0.0,,,,0.0,,-0.0,,1345814_YES.csv,1345814_YES
1770992580,2026-02-13 14:23:00,1,192.9707,190.859993,0.9890620337647682,190.859993,,,0.0,0.0,,0.0,,,,0.0,,-0.0,,1345814_YES.csv,1345814_YES
1770992880,2026-02-13 14:28:00,2,10.0,9.89,0.9889999999011001,4.945,,,0.0,0.0,,0.0,,,,0.0,,-0.0,,1345814_YES.csv,1345814_YES
1770992940,2026-02-13 14:29:00,1,5.0,4.95,0.989999999802,4.95,,,0.0,0.0,,0.0,,,,0.0,,-0.0,,1345814_YES.csv,1345814_YES
1770993180,2026-02-13 14:33:00,1,5.0,4.91,0.9819999998036,4.91,,,0.0,0.0,,0.0,,,,0.0,,-0.0,,1345814_YES.csv,1345814_YES
1770993360,2026-02-13 14:36:00,2,443.542727,438.489987,0.9886082226279216,219.2449935,,,0.0,0.0,,0.0,,,,0.0,,-0.0,,1345814_YES.csv,1345814_YES
1770993420,2026-02-13 14:37:00,1,1000.0,988.978,0.9889779999990111,988.978,,,0.0,0.0,,0.0,,,,0.0,,-0.0,,1345814_YES.csv,1345814_YES
1770993480,2026-02-13 14:38:00,2,50.0,49.4,0.98799999998024,24.7,,,0.0,0.0,,0.0,,,,0.0,,-0.0,,1345814_YES.csv,1345814_YES
1770993900,2026-02-13 14:45:00,1,13.144545,12.999955,0.9889999995443737,12.999955,,,0.0,0.0,,0.0,,,,0.0,,-0.0,,1345814_YES.csv,1345814_YES
1770993960,2026-02-13 14:46:00,2,1284.42,1271.2694000000001,0.9897614487465239,635.6347000000001,,,0.0,0.0,,0.0,,,,0.0,,-0.0,,1345814_YES.csv,1345814_YES
1770994140,2026-02-13 14:49:00,1,24.09625,23.999865,0.9959999999586657,23.999865,,,0.0,0.0,,0.0,,,,0.0,,-0.0,,1345814_YES.csv,1345814_YES
1770994260,2026-02-13 14:51:00,1,36.0,35.856,0.9959999999723335,35.856,,,0.0,0.0,,0.0,,,,0.0,,-0.0,,1345814_YES.csv,1345814_YES
1770994320,2026-02-13 14:52:00,1,71.63,71.41511,0.9969999999860812,71.41511,,,0.0,0.0,,0.0,,,,0.0,,-0.0,,1345814_YES.csv,1345814_YES
1770995160,2026-02-13 15:06:00,1,1.31,1.30476,0.9959999992396946,1.30476,,,0.0,0.0,,0.0,,,,0.0,,-0.0,,1345814_YES.csv,1345814_YES
1770995460,2026-02-13 15:11:00,1,64.51,64.12294,0.9939999999845914,64.12294,,,0.0,0.0,,0.0,,,,0.0,,-0.0,,1345814_YES.csv,1345814_YES
1770995520,2026-02-13 15:12:00,2,12.024000000000001,11.999952,0.9979999999169993,5.999976,,,0.0,0.0,,0.0,,,,0.0,,-0.0,,1345814_YES.csv,1345814_YES
1770995580,2026-02-13 15:13:00,1,1.705114,1.699998,0.9969996135173369,1.699998,,,0.0,0.0,,0.0,,,,0.0,,-0.0,,1345814_YES.csv,1345814_YES
1770995640,2026-02-13 15:14:00,2,1105.67,1102.37346,0.9970185136604981,551.18673,,,0.0,0.0,,0.0,,,,0.0,,-0.0,,1345814_YES.csv,1345814_YES
1770995760,2026-02-13 15:16:00,1,7.01,6.97495,0.9949999998580599,6.97495,,,0.0,0.0,,0.0,,,,0.0,,-0.0,,1345814_YES.csv,1345814_YES
1770996180,2026-02-13 15:23:00,2,602.35,600.54295,0.9969999999983449,300.271475,,,0.0,0.0,,0.0,,,,0.0,,-0.0,,1345814_YES.csv,1345814_YES
1770996300,2026-02-13 15:25:00,5,497.65,496.15705,0.9969999999979967,99.23141000000001,,,0.0,0.0,,0.0,,,,0.0,,-0.0,,1345814_YES.csv,1345814_YES
1770996420,2026-02-13 15:27:00,2,199.54,198.79183999999998,0.996250576320556,99.39591999999999,,,0.0,0.0,,0.0,,,,0.0,,-0.0,,1345814_YES.csv,1345814_YES
1770996720,2026-02-13 15:32:00,1,1224.3785,1221.929743,0.9979999999991848,1221.929743,,,0.0,0.0,,0.0,,,,0.0,,-0.0,,1345814_YES.csv,1345814_YES
1770996780,2026-02-13 15:33:00,1,26.0,25.948,0.9979999999616154,25.948,,,0.0,0.0,,0.0,,,,0.0,,-0.0,,1345814_YES.csv,1345814_YES
1770997080,2026-02-13 15:38:00,1,1.001,0.999999,0.9989999990019979,0.999999,,,0.0,0.0,,0.0,,,,0.0,,-0.0,,1345814_YES.csv,1345814_YES
1770997200,2026-02-13 15:40:00,1,44.0,43.912,0.9979999999773183,43.912,,,0.0,0.0,,0.0,,,,0.0,,-0.0,,1345814_YES.csv,1345814_YES
1770997500,2026-02-13 15:45:00,2,99.426,99.227148,0.9979999999899624,49.613574,,,0.0,0.0,,0.0,,,,0.0,,-0.0,,1345814_YES.csv,1345814_YES
1770997560,2026-02-13 15:46:00,2,37.71,37.6119,0.9973985679926439,18.80595,,,0.0,0.0,,0.0,,,,0.0,,-0.0,,1345814_YES.csv,1345814_YES
1770997620,2026-02-13 15:47:00,1,100.1,99.9999,0.99899999999002,99.9999,,,0.0,0.0,,0.0,,,,0.0,,-0.0,,1345814_YES.csv,1345814_YES
1770997740,2026-02-13 15:49:00,2,131.18,131.04882,0.9989999999923845,65.52441,,,0.0,0.0,,0.0,,,,0.0,,-0.0,,1345814_YES.csv,1345814_YES
1770997800,2026-02-13 15:50:00,1,10.0,9.97,0.9969999999003001,9.97,,,0.0,0.0,,0.0,,,,0.0,,-0.0,,1345814_YES.csv,1345814_YES
1770997920,2026-02-13 15:52:00,1,1.19,1.18881,0.9989999991605041,1.18881,,,0.0,0.0,,0.0,,,,0.0,,-0.0,,1345814_YES.csv,1345814_YES
1770997980,2026-02-13 15:53:00,1,275.245,274.969755,0.9989999999963706,274.969755,,,0.0,0.0,,0.0,,,,0.0,,-0.0,,1345814_YES.csv,1345814_YES
1770998460,2026-02-13 16:01:00,1,5.0,4.99,0.9979999998004,4.99,,,0.0,0.0,,0.0,,,,0.0,,-0.0,,1345814_YES.csv,1345814_YES
1770998640,2026-02-13 16:04:00,1,1000.0,999.0,0.998999999999001,999.0,,,0.0,0.0,,0.0,,,,0.0,,-0.0,,1345814_YES.csv,1345814_YES
1770998700,2026-02-13 16:05:00,1,3500.0,3496.5,0.9989999999997146,3496.5,,,0.0,0.0,,0.0,,,,0.0,,-0.0,,1345814_YES.csv,1345814_YES
1770998760,2026-02-13 16:06:00,1,36.12,36.08388,0.9989999999723423,36.08388,,,0.0,0.0,,0.0,,,,0.0,,-0.0,,1345814_YES.csv,1345814_YES
1770998820,2026-02-13 16:07:00,2,10.01,9.99999,0.9989999999001998,4.999995,,,0.0,0.0,,0.0,,,,0.0,,-0.0,,1345814_YES.csv,1345814_YES
1770998880,2026-02-13 16:08:00,4,561.22,560.65378,0.9989910908360375,140.163445,,,0.0,0.0,,0.0,,,,0.0,,-0.0,,1345814_YES.csv,1345814_YES
1770998940,2026-02-13 16:09:00,2,56.0,55.893,0.9980892856964627,27.9465,,,0.0,0.0,,0.0,,,,0.0,,-0.0,,1345814_YES.csv,1345814_YES
1770999000,2026-02-13 16:10:00,4,133.28799999999998,133.149552,0.9989612868300302,33.287388,,,0.0,0.0,,0.0,,,,0.0,,-0.0,,1345814_YES.csv,1345814_YES
1770999120,2026-02-13 16:12:00,7,225.225,224.999775,0.9989999999955645,32.142825,,,0.0,0.0,,0.0,,,,0.0,,-0.0,,1345814_YES.csv,1345814_YES
1770999180,2026-02-13 16:13:00,1,250.0,249.75,0.9989999999960041,249.75,,,0.0,0.0,,0.0,,,,0.0,,-0.0,,1345814_YES.csv,1345814_YES
1770999240,2026-02-13 16:14:00,1,1.37,1.36863,0.9989999992708027,1.36863,,,0.0,0.0,,0.0,,,,0.0,,-0.0,,1345814_YES.csv,1345814_YES
1770999360,2026-02-13 16:16:00,5,21762.248401,21740.486150999997,0.9989999999264783,4348.097230199999,,,0.0,0.0,,0.0,,,,0.0,,-0.0,,1345814_YES.csv,1345814_YES
1770999420,2026-02-13 16:17:00,1,4.95,4.94505,0.9989999997981818,4.94505,,,0.0,0.0,,0.0,,,,0.0,,-0.0,,1345814_YES.csv,1345814_YES
1770999480,2026-02-13 16:18:00,1,275.24,274.96476,0.9989999999963705,274.96476,,,0.0,0.0,,0.0,,,,0.0,,-0.0,,1345814_YES.csv,1345814_YES
1770999600,2026-02-13 16:20:00,1,486.38,485.89362,0.9989999999979461,485.89362,,,0.0,0.0,,0.0,,,,0.0,,-0.0,,1345814_YES.csv,1345814_YES
1770999840,2026-02-13 16:24:00,1,1.02,1.01898,0.9989999990205881,1.01898,,,0.0,0.0,,0.0,,,,0.0,,-0.0,,1345814_YES.csv,1345814_YES
1770999960,2026-02-13 16:26:00,1,206.0,205.794,0.9989999999951505,205.794,,,0.0,0.0,,0.0,,,,0.0,,-0.0,,1345814_YES.csv,1345814_YES
1771000920,2026-02-13 16:42:00,1,42.07,42.02793,0.9989999999762539,42.02793,,,0.0,0.0,,0.0,,,,0.0,,-0.0,,1345814_YES.csv,1345814_YES
1771001580,2026-02-13 16:53:00,1,17.79,17.772209999999998,0.9989999999438448,17.772209999999998,,,0.0,0.0,,0.0,,,,0.0,,-0.0,,1345814_YES.csv,1345814_YES
1771001700,2026-02-13 16:55:00,1,49.99,49.94001,0.9989999999800161,49.94001,,,0.0,0.0,,0.0,,,,0.0,,-0.0,,1345814_YES.csv,1345814_YES
1771002060,2026-02-13 17:01:00,3,1363.7999999999997,1362.4361999999999,0.9989999999992676,454.14539999999994,,,0.0,0.0,,0.0,,,,0.0,,-0.0,,1345814_YES.csv,1345814_YES
1771002540,2026-02-13 17:09:00,1,3.0,2.997,0.9989999996669999,2.997,,,0.0,0.0,,0.0,,,,0.0,,-0.0,,1345814_YES.csv,1345814_YES
1771002660,2026-02-13 17:11:00,2,1103.26,1102.1567400000001,0.9989999999990946,551.0783700000001,,,0.0,0.0,,0.0,,,,0.0,,-0.0,,1345814_YES.csv,1345814_YES
1771003980,2026-02-13 17:33:00,1,1.29,1.28871,0.9989999992255814,1.28871,,,0.0,0.0,,0.0,,,,0.0,,-0.0,,1345814_YES.csv,1345814_YES
1771004160,2026-02-13 17:36:00,1,8.78,8.77122,0.9989999998862187,8.77122,,,0.0,0.0,,0.0,,,,0.0,,-0.0,,1345814_YES.csv,1345814_YES
1771007340,2026-02-13 18:29:00,1,1.03,1.02897,0.998999999030097,1.02897,,,0.0,0.0,,0.0,,,,0.0,,-0.0,,1345814_YES.csv,1345814_YES
1771007820,2026-02-13 18:37:00,1,10771.98,10761.20802,0.9989999999999073,10761.20802,,,0.0,0.0,,0.0,,,,0.0,,-0.0,,1345814_YES.csv,1345814_YES
1771009680,2026-02-13 19:08:00,2,8100.4,8092.2996,0.9989999999998767,4046.1498,,,0.0,0.0,,0.0,,,,0.0,,-0.0,,1345814_YES.csv,1345814_YES
1771010400,2026-02-13 19:20:00,1,3.95,3.94605,0.9989999997470885,3.94605,,,0.0,0.0,,0.0,,,,0.0,,-0.0,,1345814_YES.csv,1345814_YES
1771011780,2026-02-13 19:43:00,1,1.07,1.0689300000000002,0.9989999990663552,1.0689300000000002,,,0.0,0.0,,0.0,,,,0.0,,-0.0,,1345814_YES.csv,1345814_YES
