bucket,datetime,trade_count,size_sum,amount_sum,vwap,avg_trade_size,max_trade_size,midpoint,midpoint_return,abs_midpoint_return,spread,spread_pct,bid_depth_top5,ask_depth_top5,total_depth,depth_change,depth_imbalance,depth_drop,abs_depth_imbalance,z_trade_count,z_amount_sum,z_avg_trade_size,z_spread,z_depth_drop,z_abs_midpoint_return,z_abs_depth_imbalance,activity_score,liquidity_score,price_dislocation_score,stress_score,is_stress_anomaly,market_file,market_stem
1770819000,2026-02-11 14:10:00,4,115.081625,104.07729500000002,0.9043780447060565,26.019323750000005,,,0.0,0.0,,0.0,,,,0.0,,-0.0,,0.0,0.0,0.0,0.0,0.0,0.0,0.0,0.0,0.0,0.0,0.0,False,1345814_YES.csv,1345814_YES
1770819060,2026-02-11 14:11:00,1,149.0,135.59,0.9099999999938927,135.59,,,0.0,0.0,,0.0,,,,0.0,,-0.0,,0.0,0.0,0.0,0.0,0.0,0.0,0.0,0.0,0.0,0.0,0.0,False,1345814_YES.csv,1345814_YES
1770819540,2026-02-11 14:19:00,1,2.37,2.133,0.8999999996202531,2.133,,,0.0,0.0,,0.0,,,,0.0,,-0.0,,0.0,0.0,0.0,0.0,0.0,0.0,0.0,0.0,0.0,0.0,0.0,False,1345814_YES.csv,1345814_YES
1770820500,2026-02-11 14:35:00,1,2.37,2.0382,0.8599999996371308,2.0382,,,0.0,0.0,,0.0,,,,0.0,,-0.0,,0.0,0.0,0.0,0.0,0.0,0.0,0.0,0.0,0.0,0.0,0.0,False,1345814_YES.csv,1345814_YES
1770820860,2026-02-11 14:41:00,1,10.0,8.299999999999999,0.8299999999169999,8.299999999999999,,,0.0,0.0,,0.0,,,,0.0,,-0.0,,0.0,0.0,0.0,0.0,0.0,0.0,0.0,0.0,0.0,0.0,0.0,False,1345814_YES.csv,1345814_YES
1770820920,2026-02-11 14:42:00,1,10.0,8.100000000000001,0.8099999999190002,8.100000000000001,,,0.0,0.0,,0.0,,,,0.0,,-0.0,,0.0,0.0,0.0,0.0,0.0,0.0,0.0,0.0,0.0,0.0,0.0,False,1345814_YES.csv,1345814_YES
1770820980,2026-02-11 14:43:00,1,10.0,8.2,0.8199999999179999,8.2,,,0.0,0.0,,0.0,,,,0.0,,-0.0,,0.0,0.0,0.0,0.0,0.0,0.0,0.0,0.0,0.0,0.0,0.0,False,1345814_YES.csv,1345814_YES
1770821220,2026-02-11 14:47:00,1,10.0,8.2,0.8199999999179999,8.2,,,0.0,0.0,,0.0,,,,0.0,,-0.0,,0.0,0.0,0.0,0.0,0.0,0.0,0.0,0.0,0.0,0.0,0.0,False,1345814_YES.csv,1345814_YES
1770821340,2026-02-11 14:49:00,1,10.0,8.2,0.8199999999179999,8.2,,,0.0,0.0,,0.0,,,,0.0,,-0.0,,0.0,0.0,0.0,0.0,0.0,0.0,0.0,0.0,0.0,0.0,0.0,False,1345814_YES.csv,1345814_YES
1770821400,2026-02-11 14:50:00,1,10.0,8.100000000000001,0.8099999999190002,8.100000000000001,,,0.0,0.0,,0.0,,,,0.0,,-0.0,,0.0,0.0,0.0,0.0,0.0,0.0,0.0,0.0,0.0,0.0,0.0,False,1345814_YES.csv,1345814_YES
1770821460,2026-02-11 14:51:00,1,10.0,8.100000000000001,0.8099999999190002,8.100000000000001,,,0.0,0.0,,0.0,,,,0.0,,-0.0,,0.0,0.0,0.0,0.0,0.0,0.0,0.0,0.0,0.0,0.0,0.0,False,1345814_YES.csv,1345814_YES
1770821520,2026-02-11 14:52:00,1,10.0,8.100000000000001,0.8099999999190002,8.100000000000001,,,0.0,0.0,,0.0,,,,0.0,,-0.0,,0.0,0.0,0.0,0.0,0.0,0.0,0.0,0.0,0.0,0.0,0.0,False,1345814_YES.csv,1345814_YES
1770821700,2026-02-11 14:55:00,1,10.0,8.100000000000001,0.8099999999190002,8.100000000000001,,,0.0,0.0,,0.0,,,,0.0,,-0.0,,0.0,0.0,0.0,0.0,0.0,0.0,0.0,0.0,0.0,0.0,0.0,False,1345814_YES.csv,1345814_YES
1770822180,2026-02-11 15:03:00,1,15.0,11.7,0.7799999999480001,11.7,,,0.0,0.0,,0.0,,,,0.0,,-0.0,,0.0,0.0,0.0,0.0,0.0,0.0,0.0,0.0,0.0,0.0,0.0,False,1345814_YES.csv,1345814_YES
1770822240,2026-02-11 15:04:00,8,337.08389,259.354595,0.7694066749948525,32.419324375,,,0.0,0.0,,0.0,,,,0.0,,-0.0,,0.0,0.0,0.0,0.0,0.0,0.0,0.0,0.0,0.0,0.0,0.0,False,1345814_YES.csv,1345814_YES
1770822300,2026-02-11 15:05:00,3,135.7887,104.45729899999999,0.769263561689822,34.819099666666666,,,0.0,0.0,,0.0,,,,0.0,,-0.0,,0.0,0.0,0.0,0.0,0.0,0.0,0.0,0.0,0.0,0.0,0.0,False,1345814_YES.csv,1345814_YES
1770822360,2026-02-11 15:06:00,3,73.16883,56.039999,0.7658998920610607,18.679999666666667,,,0.0,0.0,,0.0,,,,0.0,,-0.0,,0.0,0.0,0.0,0.0,0.0,0.0,0.0,0.0,0.0,0.0,0.0,False,1345814_YES.csv,1345814_YES
1770822420,2026-02-11 15:07:00,1,65.013511,48.10999799999999,0.7399999978352191,48.10999799999999,,,0.0,0.0,,0.0,,,,0.0,,-0.0,,0.0,0.0,0.0,0.0,0.0,0.0,0.0,0.0,0.0,0.0,0.0,False,1345814_YES.csv,1345814_YES
1770822480,2026-02-11 15:08:00,3,85.904107,62.509997999999996,0.7276718213166726,20.836665999999997,,,0.0,0.0,,0.0,,,,0.0,,-0.0,,0.0,0.0,0.0,0.0,0.0,0.0,0.0,0.0,0.0,0.0,0.0,False,1345814_YES.csv,1345814_YES
1770822540,2026-02-11 15:09:00,2,76.819443,55.209998,0.718698233717749,27.604999,,,0.0,0.0,,0.0,,,,0.0,,-0.0,,0.08694643004524523,0.14726252608908902,0.20124201193349825,0.0,0.0,0.0,0.0,0.43545096806783246,0.0,0.0,0.43545096806783246,False,1345814_YES.csv,1345814_YES
1770822600,2026-02-11 15:10:00,2,94.904107,68.989998,0.7269442828145789,34.494999,,,0.0,0.0,,0.0,,,,0.0,,-0.0,,0.08494119857293755,0.3519278745407895,0.4228238049165664,0.0,0.0,0.0,0.0,0.8596928780302935,0.0,0.0,0.8596928780302935,False,1345814_YES.csv,1345814_YES
1770822780,2026-02-11 15:13:00,1,10.0,6.9,0.6899999999309999,6.9,,,0.0,0.0,,0.0,,,,0.0,,-0.0,,-0.49543369430686224,-0.6147566714568736,-0.5171217371082883,0.0,0.0,0.0,0.0,-1.6273121028720243,0.0,0.0,-1.6273121028720243,False,1345814_YES.csv,1345814_YES
1770822840,2026-02-11 15:14:00,5,50.0,35.3,0.70599999998588,7.06,,,0.0,0.0,,0.0,,,,0.0,,-0.0,,1.7445567519772938,-0.15341810519563082,-0.49780285247162526,0.0,0.0,0.0,0.0,1.0933357943100375,0.0,0.0,1.0933357943100375,False,1345814_YES.csv,1345814_YES
1770822900,2026-02-11 15:15:00,6,233.265174,171.873995,0.7368180686897702,28.645665833333336,,,0.0,0.0,,0.0,,,,0.0,,-0.0,,2.044465981564152,1.8842591513577531,0.2699111710497153,0.0,0.0,0.0,0.0,4.19863630397162,0.0,0.0,4.19863630397162,False,1345814_YES.csv,1345814_YES
1770822960,2026-02-11 15:16:00,2,65.94520299999999,48.139998,0.7299999971077502,24.069999,,,0.0,0.0,,0.0,,,,0.0,,-0.0,,-0.06466833994834521,-0.026716029591549808,0.10048711604470549,0.0,0.0,0.0,0.0,0.009102746504810466,0.0,0.0,0.009102746504810466,False,1345814_YES.csv,1345814_YES
1770823020,2026-02-11 15:17:00,2,65.945942,48.599997,0.7369672117089938,24.2999985,,,0.0,0.0,,0.0,,,,0.0,,-0.0,,-0.06345799955639532,-0.019094308207717743,0.10702352927494119,0.0,0.0,0.0,0.0,0.024471221510828117,0.0,0.0,0.024471221510828117,False,1345814_YES.csv,1345814_YES
1770823080,2026-02-11 15:18:00,2,52.0,38.84,0.7469230769087132,19.42,,,0.0,0.0,,0.0,,,,0.0,,-0.0,,-0.062313041758830526,-0.17301594897650344,-0.07761688938213836,0.0,0.0,0.0,0.0,-0.3129458801174723,0.0,0.0,-0.3129458801174723,False,1345814_YES.csv,1345814_YES
1770823140,2026-02-11 15:19:00,2,46.64,34.980000000000004,0.7499999999839195,17.490000000000002,,,0.0,0.0,,0.0,,,,0.0,,-0.0,,-0.061227795564652535,-0.23203721971341856,-0.14994176181561555,0.0,0.0,0.0,0.0,-0.4432067770936866,0.0,0.0,-0.4432067770936866,False,1345814_YES.csv,1345814_YES
1770823260,2026-02-11 15:21:00,1,10.0,7.5,0.749999999925,7.5,,,0.0,0.0,,0.0,,,,0.0,,-0.0,,-0.6176748596995836,-0.6739147534977467,-0.5335971058207131,0.0,0.0,0.0,0.0,-1.8251867190180433,0.0,0.0,-1.8251867190180433,False,1345814_YES.csv,1345814_YES
1770823380,2026-02-11 15:23:00,1,10.0,7.6,0.7599999999239999,7.6,,,0.0,0.0,,0.0,,,,0.0,,-0.0,,-0.6036916204842224,-0.6562229201622233,-0.518489921207228,0.0,0.0,0.0,0.0,-1.7784044618536736,0.0,0.0,-1.7784044618536736,False,1345814_YES.csv,1345814_YES
1770823500,2026-02-11 15:25:00,1,15.0,11.25,0.74999999995,11.25,,,0.0,0.0,,0.0,,,,0.0,,-0.0,,-0.5906244232186183,-0.5812810131455116,-0.3635403848852206,0.0,0.0,0.0,0.0,-1.5354458212493505,0.0,0.0,-1.5354458212493505,False,1345814_YES.csv,1345814_YES
1770823680,2026-02-11 15:28:00,5,111.725668,82.306494,0.7366838388405368,16.4612988,,,0.0,0.0,,0.0,,,,0.0,,-0.0,,1.6626308637158562,0.6290271783976163,-0.14635527069756235,0.0,0.0,0.0,0.0,2.1453027714159103,0.0,0.0,2.1453027714159103,False,1345814_YES.csv,1345814_YES
1770823740,2026-02-11 15:29:00,4,137.88455399999998,103.763594,0.7525396499396696,25.9408985,,,0.0,0.0,,0.0,,,,0.0,,-0.0,,1.0549730100313661,0.9723729320619738,0.24686667331310352,0.0,0.0,0.0,0.0,2.2742126154064435,0.0,0.0,2.2742126154064435,False,1345814_YES.csv,1345814_YES
1770823800,2026-02-11 15:30:00,2,56.919997,42.689997000000005,0.7499999868104351,21.344998500000003,,,0.0,0.0,,0.0,,,,0.0,,-0.0,,-0.08522152038874879,-0.08935249208064705,0.050679488588140906,0.0,0.0,0.0,0.0,-0.12389452388125495,0.0,0.0,-0.12389452388125495,False,1345814_YES.csv,1345814_YES
1770823860,2026-02-11 15:31:00,1,10.0,7.6,0.7599999999239999,7.6,,,0.0,0.0,,0.0,,,,0.0,,-0.0,,-0.6512248587324735,-0.6944832029789466,-0.5329963278154418,0.0,0.0,0.0,0.0,-1.8787043895268618,0.0,0.0,-1.8787043895268618,False,1345814_YES.csv,1345814_YES
1770823920,2026-02-11 15:32:00,1,34.578946,26.279998000000003,0.7599999722154632,26.279998000000003,,,0.0,0.0,,0.0,,,,0.0,,-0.0,,-0.6385186709799208,-0.35625113224105653,0.2781303254608683,0.0,0.0,0.0,0.0,-0.7166394777601091,0.0,0.0,-0.7166394777601091,False,1345814_YES.csv,1345814_YES
1770825060,2026-02-11 15:51:00,2,30.0,22.8,0.7599999999746667,11.4,,,0.0,0.0,,0.0,,,,0.0,,-0.0,,-0.048465610891065825,-0.4124629499752804,-0.3742539678073515,0.0,0.0,0.0,0.0,-0.8351825286736977,0.0,0.0,-0.8351825286736977,False,1345814_YES.csv,1345814_YES
1770825120,2026-02-11 15:52:00,2,61.0,46.36,0.759999999987541,23.18,,,0.0,0.0,,0.0,,,,0.0,,-0.0,,-0.04783961052313977,0.017175755356217542,0.15110265441550091,0.0,0.0,0.0,0.0,0.12043879924857868,0.0,0.0,0.12043879924857868,False,1345814_YES.csv,1345814_YES
1770825240,2026-02-11 15:54:00,2,38.0,29.64,0.7799999999794738,14.82,,,0.0,0.0,,0.0,,,,0.0,,-0.0,,-0.04723723562857719,-0.28810229289086653,-0.2251865163590359,0.0,0.0,0.0,0.0,-0.5605260448784796,0.0,0.0,-0.5605260448784796,False,1345814_YES.csv,1345814_YES
1770825360,2026-02-11 15:56:00,2,31.0,24.490000000000002,0.7899999999745162,12.245000000000001,,,0.0,0.0,,0.0,,,,0.0,,-0.0,,-0.04665703790754551,-0.3791019097530508,-0.3387847916765245,0.0,0.0,0.0,0.0,-0.7645437393371208,0.0,0.0,-0.7645437393371208,False,1345814_YES.csv,1345814_YES
1770826200,2026-02-11 16:10:00,2,192.0,155.52,0.8099999999957813,77.76,,,0.0,0.0,,0.0,,,,0.0,,-0.0,,-0.04609769027419069,1.970556941617664,2.458240925520669,0.0,0.0,0.0,0.0,4.382700176864143,0.0,0.0,4.382700176864143,False,1345814_YES.csv,1345814_YES
1770826260,2026-02-11 16:11:00,1,15.0,12.3,0.8199999999453332,12.3,,,0.0,0.0,,0.0,,,,0.0,,-0.0,,-0.6645047277147982,-0.6249021496281008,-0.3694884902598399,0.0,0.0,0.0,0.0,-1.6588953676027387,0.0,0.0,-1.6588953676027387,False,1345814_YES.csv,1345814_YES
1770826860,2026-02-11 16:21:00,1,5.0,4.2,0.839999999832,4.2,,,0.0,0.0,,0.0,,,,0.0,,-0.0,,-0.6534905140045018,-0.7591678879763768,-0.7110735860905912,0.0,0.0,0.0,0.0,-2.12373198807147,0.0,0.0,-2.12373198807147,False,1345814_YES.csv,1345814_YES
1770827100,2026-02-11 16:25:00,1,8.0,6.64,0.82999999989625,6.64,,,0.0,0.0,,0.0,,,,0.0,,-0.0,,-0.6430097498961727,-0.7020900912950225,-0.5944750321284754,0.0,0.0,0.0,0.0,-1.9395748733196707,0.0,0.0,-1.9395748733196707,False,1345814_YES.csv,1345814_YES
1770827760,2026-02-11 16:36:00,1,10.0,7.800000000000001,0.7799999999220001,7.800000000000001,,,0.0,0.0,,0.0,,,,0.0,,-0.0,,-0.6330205564843772,-0.6696457191590027,-0.5353349640446857,0.0,0.0,0.0,0.0,-1.8380012396880656,0.0,0.0,-1.8380012396880656,False,1345814_YES.csv,1345814_YES
1770827820,2026-02-11 16:37:00,1,10.0,7.7,0.7699999999230001,7.7,,,0.0,0.0,,0.0,,,,0.0,,-0.0,,-0.6234855285621378,-0.6610300630381312,-0.5323146107440672,0.0,0.0,0.0,0.0,-1.8168302023443363,0.0,0.0,-1.8168302023443363,False,1345814_YES.csv,1345814_YES
1770827880,2026-02-11 16:38:00,1,10.0,7.6,0.7599999999239999,7.6,,,0.0,0.0,,0.0,,,,0.0,,-0.0,,-0.6143711374645311,-0.6528589232867682,-0.5295465722629746,0.0,0.0,0.0,0.0,-1.7967766330142738,0.0,0.0,-1.7967766330142738,False,1345814_YES.csv,1345814_YES
1770828000,2026-02-11 16:40:00,3,64.0,49.28,0.7699999999879688,16.426666666666666,,,0.0,0.0,,0.0,,,,0.0,,-0.0,,0.6874378408778391,0.1327307389160139,-0.12743319619510726,0.0,0.0,0.0,0.0,0.6927353835987456,0.0,0.0,0.6927353835987456,False,1345814_YES.csv,1345814_YES
1770828060,2026-02-11 16:41:00,1,26.0,20.02,0.7699999999703846,20.02,,,0.0,0.0,,0.0,,,,0.0,,-0.0,,-0.6234983951757106,-0.4205469499487537,0.03707878072773809,0.0,0.0,0.0,0.0,-1.006966564396726,0.0,0.0,-1.006966564396726,False,1345814_YES.csv,1345814_YES
1770828120,2026-02-11 16:42:00,1,5.0,3.85,0.769999999846,3.85,,,0.0,0.0,,0.0,,,,0.0,,-0.0,,-0.6149249952780025,-0.7206514498196794,-0.7021127178267695,0.0,0.0,0.0,0.0,-2.0376891629244516,0.0,0.0,-2.0376891629244516,False,1345814_YES.csv,1345814_YES
1770828360,2026-02-11 16:46:00,2,31.0,23.560000000000002,0.759999999975484,11.780000000000001,,,0.0,0.0,,0.0,,,,0.0,,-0.0,,0.05295398821316818,-0.335760184703202,-0.3289082106556889,0.0,0.0,0.0,0.0,-0.6117144071457228,0.0,0.0,-0.6117144071457228,False,1345814_YES.csv,1345814_YES
1770828420,2026-02-11 16:47:00,3,53.0,40.28,0.7599999999856605,13.426666666666668,,,0.0,0.0,,0.0,,,,0.0,,-0.0,,0.7174998191426305,-0.009367680111864002,-0.24892450158458046,0.0,0.0,0.0,0.0,0.4592076374461861,0.0,0.0,0.4592076374461861,False,1345814_YES.csv,1345814_YES
1770828600,2026-02-11 16:50:00,1,10.0,7.4,0.7399999999260001,7.4,,,0.0,0.0,,0.0,,,,0.0,,-0.0,,-0.630810572662155,-0.6486268608312061,-0.5285929222003002,0.0,0.0,0.0,0.0,-1.8080303556936612,0.0,0.0,-1.8080303556936612,False,1345814_YES.csv,1345814_YES
1770828780,2026-02-11 16:53:00,1,16.0,12.0,0.749999999953125,12.0,,,0.0,0.0,,0.0,,,,0.0,,-0.0,,-0.6227195734129243,-0.5507547691111105,-0.3056059966958931,0.0,0.0,0.0,0.0,-1.4790803392199279,0.0,0.0,-1.4790803392199279,False,1345814_YES.csv,1345814_YES
1770831300,2026-02-11 17:35:00,1,15.0,12.15,0.809999999946,12.15,,,0.0,0.0,,0.0,,,,0.0,,-0.0,,-0.6149335896058322,-0.5413502802060745,-0.2954556362250724,0.0,0.0,0.0,0.0,-1.451739506036979,0.0,0.0,-1.451739506036979,False,1345814_YES.csv,1345814_YES
1770831420,2026-02-11 17:37:00,1,15.0,12.3,0.8199999999453332,12.3,,,0.0,0.0,,0.0,,,,0.0,,-0.0,,-0.6074338676880454,-0.5321970691460808,-0.2854084479237629,0.0,0.0,0.0,0.0,-1.425039384757889,0.0,0.0,-1.425039384757889,False,1345814_YES.csv,1345814_YES
1770834600,2026-02-11 18:30:00,1,10.0,8.299999999999999,0.8299999999169999,8.299999999999999,,,0.0,0.0,,0.0,,,,0.0,,-0.0,,-0.6002032328607351,-0.6057214605845359,-0.47642070876128917,0.0,0.0,0.0,0.0,-1.6823454022065603,0.0,0.0,-1.6823454022065603,False,1345814_YES.csv,1345814_YES
1770834720,2026-02-11 18:32:00,1,10.0,8.2,0.8199999999179999,8.2,,,0.0,0.0,,0.0,,,,0.0,,-0.0,,-0.593225921991675,-0.6006415498994901,-0.4762973651344461,0.0,0.0,0.0,0.0,-1.6701648370256112,0.0,0.0,-1.6701648370256112,False,1345814_YES.csv,1345814_YES
1770835740,2026-02-11 18:49:00,1,10.0,8.5,0.849999999915,8.5,,,0.0,0.0,,0.0,,,,0.0,,-0.0,,-0.5864874376625306,-0.5877476019032954,-0.45668484899150497,0.0,0.0,0.0,0.0,-1.630919888557331,0.0,0.0,-1.630919888557331,False,1345814_YES.csv,1345814_YES
1770835800,2026-02-11 18:50:00,2,26.547618,22.299999,0.8399999954481792,11.1499995,,,0.0,0.0,,0.0,,,,0.0,,-0.0,,0.1186923338091475,-0.3012819377421794,-0.3210661994644057,0.0,0.0,0.0,0.0,-0.5036558033974375,0.0,0.0,-0.5036558033974375,False,1345814_YES.csv,1345814_YES
1770836880,2026-02-11 19:08:00,1,110.0,96.8,0.879999999992,96.8,,,0.0,0.0,,0.0,,,,0.0,,-0.0,,-0.5680786182350253,1.2491131477325121,3.5041350618477303,0.0,0.0,0.0,0.0,4.185169591345217,0.0,0.0,4.185169591345217,False,1345814_YES.csv,1345814_YES
1770836940,2026-02-11 19:09:00,1,100.0,88.0,0.8799999999911999,88.0,,,0.0,0.0,,0.0,,,,0.0,,-0.0,,-0.5680786182350253,1.11231155524962,3.7685705717482505,0.0,0.0,0.0,0.0,4.312803508762846,0.0,0.0,4.312803508762846,False,1345814_YES.csv,1345814_YES
1770837540,2026-02-11 19:19:00,1,22.727271,19.999998,0.8799999788412783,19.999998,,,0.0,0.0,,0.0,,,,0.0,,-0.0,,-0.5680786182350253,-0.34774580139094813,0.09744287541887604,0.0,0.0,0.0,0.0,-0.8183815442070973,0.0,0.0,-0.8183815442070973,False,1345814_YES.csv,1345814_YES
1770838080,2026-02-11 19:28:00,1,16.0,13.92,0.869999999945625,13.92,,,0.0,0.0,,0.0,,,,0.0,,-0.0,,-0.5680786182350253,-0.48358129101619257,-0.24363505749074496,0.0,0.0,0.0,0.0,-1.2952949667419627,0.0,0.0,-1.2952949667419627,False,1345814_YES.csv,1345814_YES
1770838140,2026-02-11 19:29:00,1,16.0,13.92,0.869999999945625,13.92,,,0.0,0.0,,0.0,,,,0.0,,-0.0,,-0.5680786182350253,-0.48613690976474,-0.24924902600527118,0.0,0.0,0.0,0.0,-1.3034645540050365,0.0,0.0,-1.3034645540050365,False,1345814_YES.csv,1345814_YES
1770838260,2026-02-11 19:31:00,1,10.0,8.6,0.859999999914,8.6,,,0.0,0.0,,0.0,,,,0.0,,-0.0,,-0.5680786182350253,-0.6008414986131947,-0.5399785985727094,0.0,0.0,0.0,0.0,-1.7088987154209292,0.0,0.0,-1.7088987154209292,False,1345814_YES.csv,1345814_YES
1770838320,2026-02-11 19:32:00,1,10.0,8.6,0.859999999914,8.6,,,0.0,0.0,,0.0,,,,0.0,,-0.0,,-0.5680786182350253,-0.6010380138380628,-0.5404524306767856,0.0,0.0,0.0,0.0,-1.7095690627498734,0.0,0.0,-1.7095690627498734,False,1345814_YES.csv,1345814_YES
1770838560,2026-02-11 19:36:00,6,460.724489,403.799995,0.8764456950737941,67.29999916666667,,,0.0,0.0,,0.0,,,,0.0,,-0.0,,2.7960429023451283,5.444891907947651,2.4739223112920015,0.0,0.0,0.0,0.0,10.714857121584782,0.0,0.0,10.714857121584782,True,1345814_YES.csv,1345814_YES
1770838860,2026-02-11 19:41:00,1,10.0,8.9,0.889999999911,8.9,,,0.0,0.0,,0.0,,,,0.0,,-0.0,,-0.5862670601691399,-0.5168781467613952,-0.5487899012288593,0.0,0.0,0.0,0.0,-1.6519351081593943,0.0,0.0,-1.6519351081593943,False,1345814_YES.csv,1345814_YES
1770838920,2026-02-11 19:42:00,1,10.0,8.9,0.889999999911,8.9,,,0.0,0.0,,0.0,,,,0.0,,-0.0,,-0.5862670601691399,-0.5171348226238608,-0.5496999764710904,0.0,0.0,0.0,0.0,-1.6531018592640911,0.0,0.0,-1.6531018592640911,False,1345814_YES.csv,1345814_YES
1770840060,2026-02-11 20:01:00,1,10.0,8.9,0.889999999911,8.9,,,0.0,0.0,,0.0,,,,0.0,,-0.0,,-0.5862670601691399,-0.5173915807308003,-0.5506111358285922,0.0,0.0,0.0,0.0,-1.6542697767285324,0.0,0.0,-1.6542697767285324,False,1345814_YES.csv,1345814_YES
1770840900,2026-02-11 20:15:00,1,5.0,4.45,0.8899999998220001,4.45,,,0.0,0.0,,0.0,,,,0.0,,-0.0,,-0.5862670601691399,-0.5833690897053055,-0.7762879783937813,0.0,0.0,0.0,0.0,-1.9459241282682267,0.0,0.0,-1.9459241282682267,False,1345814_YES.csv,1345814_YES
1770841200,2026-02-11 20:20:00,1,5.6,4.984,0.8899999998410715,4.984,,,0.0,0.0,,0.0,,,,0.0,,-0.0,,-0.5862670601691399,-0.5742731561553345,-0.7446460169911192,0.0,0.0,0.0,0.0,-1.9051862333155936,0.0,0.0,-1.9051862333155936,False,1345814_YES.csv,1345814_YES
1770842820,2026-02-11 20:47:00,1,15.0,13.05,0.8699999999420001,13.05,,,0.0,0.0,,0.0,,,,0.0,,-0.0,,-0.5862670601691399,-0.45299718166623393,-0.3297636312702706,0.0,0.0,0.0,0.0,-1.3690278731056442,0.0,0.0,-1.3690278731056442,False,1345814_YES.csv,1345814_YES
1770842880,2026-02-11 20:48:00,1,25.0,21.75,0.8699999999651999,21.75,,,0.0,0.0,,0.0,,,,0.0,,-0.0,,-0.6030743156004793,-0.2897201797029655,0.12898791957189126,0.0,0.0,0.0,0.0,-0.7638065757315535,0.0,0.0,-0.7638065757315535,False,1345814_YES.csv,1345814_YES
1770843180,2026-02-11 20:53:00,1,16.0,14.08,0.879999999945,14.08,,,0.0,0.0,,0.0,,,,0.0,,-0.0,,-0.5796689917201077,-0.39612472203508,-0.25178657756093265,0.0,0.0,0.0,0.0,-1.2275802913161202,0.0,0.0,-1.2275802913161202,False,1345814_YES.csv,1345814_YES
1770843480,2026-02-11 20:58:00,1,90.0,80.1,0.889999999990111,80.1,,,0.0,0.0,,0.0,,,,0.0,,-0.0,,-0.5564219794742614,0.7063089397873829,2.8975052476076546,0.0,0.0,0.0,0.0,3.047392207920776,0.0,0.0,3.047392207920776,False,1345814_YES.csv,1345814_YES
1770843960,2026-02-11 21:06:00,1,165.0,146.85,0.8899999999946061,146.85,,,0.0,0.0,,0.0,,,,0.0,,-0.0,,-0.5564219794742614,1.7509886064705016,4.776072570202555,0.0,0.0,0.0,0.0,5.970639197198794,0.0,0.0,5.970639197198794,False,1345814_YES.csv,1345814_YES
1770844320,2026-02-11 21:12:00,1,1.11111,0.999999,0.8999999991899992,0.999999,,,0.0,0.0,,0.0,,,,0.0,,-0.0,,-0.5332899535505058,-0.6133469013419142,-0.7682858135325362,0.0,0.0,0.0,0.0,-1.914922668424956,0.0,0.0,-1.914922668424956,False,1345814_YES.csv,1345814_YES
1770844980,2026-02-11 21:23:00,2,743.0,668.7,0.8999999999987888,334.35,,,0.0,0.0,,0.0,,,,0.0,,-0.0,,0.2871561288348879,6.083628058031577,6.381517300982233,0.0,0.0,0.0,0.0,12.752301487848698,0.0,0.0,12.752301487848698,True,1345814_YES.csv,1345814_YES
1770845040,2026-02-11 21:24:00,2,10.870000000000001,9.8917,0.9099999999162832,4.94585,,,0.0,0.0,,0.0,,,,0.0,,-0.0,,0.2871561288348879,-0.3723944237916278,-0.4330318617235819,0.0,0.0,0.0,0.0,-0.5182701566803218,0.0,0.0,-0.5182701566803218,False,1345814_YES.csv,1345814_YES
1770845340,2026-02-11 21:29:00,1,5.0,4.6000000000000005,0.9199999998160001,4.6000000000000005,,,0.0,0.0,,0.0,,,,0.0,,-0.0,,-0.5332899535505058,-0.4238434803170697,-0.43924757912236345,0.0,0.0,0.0,0.0,-1.3963810129899388,0.0,0.0,-1.3963810129899388,False,1345814_YES.csv,1345814_YES
1770845400,2026-02-11 21:30:00,1,5.0,4.6000000000000005,0.9199999998160001,4.6000000000000005,,,0.0,0.0,,0.0,,,,0.0,,-0.0,,-0.5120067271502202,-0.41824922168325535,-0.4382432825740344,0.0,0.0,0.0,0.0,-1.36849923140751,0.0,0.0,-1.36849923140751,False,1345814_YES.csv,1345814_YES
1770845520,2026-02-11 21:32:00,2,10.054345999999999,9.149998,0.9100540203301087,4.574999,,,0.0,0.0,,0.0,,,,0.0,,-0.0,,0.4918116681960424,-0.3513077975746181,-0.42979192299823543,0.0,0.0,0.0,0.0,-0.28928805237681116,0.0,0.0,-0.28928805237681116,False,1345814_YES.csv,1345814_YES
1770845700,2026-02-11 21:35:00,1,10.752685,9.999997,0.9299999952635086,9.999997,,,0.0,0.0,,0.0,,,,0.0,,-0.0,,-0.5086963041192274,-0.33626229893643667,-0.3126886487949642,0.0,0.0,0.0,0.0,-1.1576472518506282,0.0,0.0,-1.1576472518506282,False,1345814_YES.csv,1345814_YES
1770846240,2026-02-11 21:44:00,2,10.054337,9.14999,0.9100540392757818,4.574995,,,0.0,0.0,,0.0,,,,0.0,,-0.0,,0.5086963041192274,-0.3378412514053916,-0.41718772369826496,0.0,0.0,0.0,0.0,-0.24633267098442918,0.0,0.0,-0.24633267098442918,False,1345814_YES.csv,1345814_YES
1770847920,2026-02-11 22:12:00,1,1.38,1.2558,0.9099999993405797,1.2558,,,0.0,0.0,,0.0,,,,0.0,,-0.0,,-0.4918116681960424,-0.4091314541777037,-0.4784225309237272,0.0,0.0,0.0,0.0,-1.3793656532974734,0.0,0.0,-1.3793656532974734,False,1345814_YES.csv,1345814_YES
1770848640,2026-02-11 22:24:00,1,90.0,80.1,0.889999999990111,80.1,,,0.0,0.0,,0.0,,,,0.0,,-0.0,,-0.4750611119732803,0.3616692268541873,1.1092947357727143,0.0,0.0,0.0,0.0,0.9959028506536213,0.0,0.0,0.9959028506536213,False,1345814_YES.csv,1345814_YES
1770848940,2026-02-11 22:29:00,1,89.0,79.21000000000001,0.88999999999,79.21000000000001,,,0.0,0.0,,0.0,,,,0.0,,-0.0,,-0.4750611119732803,0.3411270187585528,1.0577710703260002,0.0,0.0,0.0,0.0,0.9238369771112727,0.0,0.0,0.9238369771112727,False,1345814_YES.csv,1345814_YES
1770849600,2026-02-11 22:40:00,1,1.38,1.1868,0.8599999993768115,1.1868,,,0.0,0.0,,0.0,,,,0.0,,-0.0,,-0.4750611119732803,-0.42737765266153793,-0.5132490117735076,0.0,0.0,0.0,0.0,-1.4156877764083258,0.0,0.0,-1.4156877764083258,False,1345814_YES.csv,1345814_YES
1770849660,2026-02-11 22:41:00,1,995.0,875.6,0.8799999999991156,875.6,,,0.0,0.0,,0.0,,,,0.0,,-0.0,,-0.4750611119732803,5.536273240606977,6.939241885714414,0.0,0.0,0.0,0.0,12.00045401434811,0.0,0.0,12.00045401434811,True,1345814_YES.csv,1345814_YES
1770854280,2026-02-11 23:58:00,1,1.162785,0.999995,0.8599999132599749,0.999995,,,0.0,0.0,,0.0,,,,0.0,,-0.0,,-0.4610993522144794,-0.3831327679488611,-0.3308056397172136,0.0,0.0,0.0,0.0,-1.1750377598805541,0.0,0.0,-1.1750377598805541,False,1345814_YES.csv,1345814_YES
1770854340,2026-02-11 23:59:00,1,9.46,7.9518,0.8405708244354576,7.9518,,,0.0,0.0,,0.0,,,,0.0,,-0.0,,-0.43813864409287534,-0.32521909625137835,-0.27040787722036036,0.0,0.0,0.0,0.0,-1.0337656175646142,0.0,0.0,-1.0337656175646142,False,1345814_YES.csv,1345814_YES
1770854820,2026-02-12 00:07:00,1,2.272726,1.999998,0.8799996124125831,1.999998,,,0.0,0.0,,0.0,,,,0.0,,-0.0,,-0.41904085492376286,-0.36055016336215945,-0.3169606085664085,0.0,0.0,0.0,0.0,-1.0965516268523308,0.0,0.0,-1.0965516268523308,False,1345814_YES.csv,1345814_YES
1770857760,2026-02-12 00:56:00,1,7.74444,6.969996,0.8999999998837876,6.969996,,,0.0,0.0,,0.0,,,,0.0,,-0.0,,-0.41904085492376286,-0.32685244024040583,-0.2756122169717531,0.0,0.0,0.0,0.0,-1.0215055121359218,0.0,0.0,-1.0215055121359218,False,1345814_YES.csv,1345814_YES
1770858480,2026-02-12 01:08:00,1,5.0,4.5,0.89999999982,4.5,,,0.0,0.0,,0.0,,,,0.0,,-0.0,,-0.41904085492376286,-0.34087604966731194,-0.292918142885536,0.0,0.0,0.0,0.0,-1.0528350474766108,0.0,0.0,-1.0528350474766108,False,1345814_YES.csv,1345814_YES
1770859560,2026-02-12 01:26:00,2,551.208677,496.09999600000003,0.9000221090480041,248.04999800000002,,,0.0,0.0,,0.0,,,,0.0,,-0.0,,0.838081709847526,2.7347008567651345,1.6549962971713426,0.0,0.0,0.0,0.0,5.227778863784003,0.0,0.0,5.227778863784003,False,1345814_YES.csv,1345814_YES
1770860160,2026-02-12 01:36:00,1,98.78,89.88980000000001,0.9099999999907876,89.88980000000001,,,0.0,0.0,,0.0,,,,0.0,,-0.0,,-0.3999680774403233,0.1662748991519095,0.36439889295454647,0.0,0.0,0.0,0.0,0.13070571466613265,0.0,0.0,0.13070571466613265,False,1345814_YES.csv,1345814_YES
1770862080,2026-02-12 02:08:00,2,146.203955,131.599999,0.9001124422324956,65.7999995,,,0.0,0.0,,0.0,,,,0.0,,-0.0,,0.8630890092133293,0.4183025057527031,0.1625924489943796,0.0,0.0,0.0,0.0,1.443983963960412,0.0,0.0,1.443983963960412,False,1345814_YES.csv,1345814_YES
1770862620,2026-02-12 02:17:00,1,1.11111,0.999999,0.8999999991899992,0.999999,,,0.0,0.0,,0.0,,,,0.0,,-0.0,,-0.38089626831082873,-0.40214887302950714,-0.3603337559095647,0.0,0.0,0.0,0.0,-1.1433788972499006,0.0,0.0,-1.1433788972499006,False,1345814_YES.csv,1345814_YES
1770863700,2026-02-12 02:35:00,2,102.1978,91.999998,0.9002150535442034,45.999999,,,0.0,0.0,,0.0,,,,0.0,,-0.0,,0.8887579593919336,0.17812654539783895,0.00809577405572347,0.0,0.0,0.0,0.0,1.074980278845496,0.0,0.0,1.074980278845496,False,1345814_YES.csv,1345814_YES
1770865020,2026-02-12 02:57:00,1,70.7,63.63,0.8999999999872701,63.63,,,0.0,0.0,,0.0,,,,0.0,,-0.0,,-0.38089626831082873,-0.006422374353615952,0.14397642407904424,0.0,0.0,0.0,0.0,-0.24334221858540048,0.0,0.0,-0.24334221858540048,False,1345814_YES.csv,1345814_YES
1770865920,2026-02-12 03:12:00,1,6.57,5.7816,0.8799999998660578,5.7816,,,0.0,0.0,,0.0,,,,0.0,,-0.0,,-0.38089626831082873,-0.3722269478380534,-0.3248454057675645,0.0,0.0,0.0,0.0,-1.0779686219164466,0.0,0.0,-1.0779686219164466,False,1345814_YES.csv,1345814_YES
1770868260,2026-02-12 03:51:00,1,11.16,9.9324,0.8899999999202508,9.9324,,,0.0,0.0,,0.0,,,,0.0,,-0.0,,-0.38089626831082873,-0.3463817320699698,-0.29170529258129513,0.0,0.0,0.0,0.0,-1.0189832929620937,0.0,0.0,-1.0189832929620937,False,1345814_YES.csv,1345814_YES
1770869760,2026-02-12 04:16:00,1,1.11111,0.999999,0.8999999991899992,0.999999,,,0.0,0.0,,0.0,,,,0.0,,-0.0,,-0.38089626831082873,-0.4020191105228083,-0.36304278015918673,0.0,0.0,0.0,0.0,-1.1459581589928238,0.0,0.0,-1.1459581589928238,False,1345814_YES.csv,1345814_YES
1770870240,2026-02-12 04:24:00,1,11.235954,9.999999,0.8899999945807894,9.999999,,,0.0,0.0,,0.0,,,,0.0,,-0.0,,-0.38089626831082873,-0.3454144459412288,-0.2904863118354214,0.0,0.0,0.0,0.0,-1.0167970260874788,0.0,0.0,-1.0167970260874788,False,1345814_YES.csv,1345814_YES
1770871080,2026-02-12 04:38:00,1,7.674414,6.599996,0.859999994675815,6.599996,,,0.0,0.0,,0.0,,,,0.0,,-0.0,,-0.38089626831082873,-0.3667835404717107,-0.3178781336054372,0.0,0.0,0.0,0.0,-1.0655579423879766,0.0,0.0,-1.0655579423879766,False,1345814_YES.csv,1345814_YES
1770871320,2026-02-12 04:42:00,1,10.0,8.8,0.8799999999120001,8.8,,,0.0,0.0,,0.0,,,,0.0,,-0.0,,-0.35266723203054967,-0.3482793809888073,-0.29894489308515143,0.0,0.0,0.0,0.0,-0.9998915061045084,0.0,0.0,-0.9998915061045084,False,1345814_YES.csv,1345814_YES
1770873300,2026-02-12 05:15:00,1,23.52941,19.999998,0.8499999787138733,19.999998,,,0.0,0.0,,0.0,,,,0.0,,-0.0,,-0.35266723203054967,-0.27756186262044175,-0.20824986140691384,0.0,0.0,0.0,0.0,-0.8384789560579052,0.0,0.0,-0.8384789560579052,False,1345814_YES.csv,1345814_YES
1770875700,2026-02-12 05:55:00,2,31.0,26.66,0.8599999999722581,13.33,,,0.0,0.0,,0.0,,,,0.0,,-0.0,,0.9415339966574193,-0.23809135937413123,-0.26364305076069783,0.0,0.0,0.0,0.0,0.4397995865225902,0.0,0.0,0.4397995865225902,False,1345814_YES.csv,1345814_YES
1770876600,2026-02-12 06:10:00,1,97.0,83.42,0.859999999991134,83.42,,,0.0,0.0,,0.0,,,,0.0,,-0.0,,-0.35266723203054967,0.11430232566953318,0.294435774760904,0.0,0.0,0.0,0.0,0.05607086839988751,0.0,0.0,0.05607086839988751,False,1345814_YES.csv,1345814_YES
1770876720,2026-02-12 06:12:00,5,230.0,197.79999999999998,0.8599999999962609,39.559999999999995,,,0.0,0.0,,0.0,,,,0.0,,-0.0,,4.255595103636935,0.8162132464892097,-0.06439557492632046,0.0,0.0,0.0,0.0,5.007412775199825,0.0,0.0,5.007412775199825,False,1345814_YES.csv,1345814_YES
1770877380,2026-02-12 06:23:00,1,15.0,13.05,0.8699999999420001,13.05,,,0.0,0.0,,0.0,,,,0.0,,-0.0,,-0.34504825164623804,-0.3458832476446019,-0.2800844924305705,0.0,0.0,0.0,0.0,-0.9710159917214105,0.0,0.0,-0.9710159917214105,False,1345814_YES.csv,1345814_YES
1770877500,2026-02-12 06:25:00,2,34.0,29.580000000000002,0.8699999999744119,14.790000000000001,,,0.0,0.0,,0.0,,,,0.0,,-0.0,,0.7825872986951946,-0.2439234822894269,-0.2663840190019442,0.0,0.0,0.0,0.0,0.2722797974038236,0.0,0.0,0.2722797974038236,False,1345814_YES.csv,1345814_YES
1770878280,2026-02-12 06:38:00,1,1.136358,0.999995,0.8799999640254216,0.999995,,,0.0,0.0,,0.0,,,,0.0,,-0.0,,-0.36266240671240724,-0.4223671573475206,-0.3764900028270928,0.0,0.0,0.0,0.0,-1.1615195668870206,0.0,0.0,-1.1615195668870206,False,1345814_YES.csv,1345814_YES
1770881040,2026-02-12 07:24:00,1,39.0,34.32,0.8799999999774359,34.32,,,0.0,0.0,,0.0,,,,0.0,,-0.0,,-0.36266240671240724,-0.21528603961815476,-0.10952046934764718,0.0,0.0,0.0,0.0,-0.6874689156782091,0.0,0.0,-0.6874689156782091,False,1345814_YES.csv,1345814_YES
1770881100,2026-02-12 07:25:00,2,299.0,263.12,0.8799999999970569,131.56,,,0.0,0.0,,0.0,,,,0.0,,-0.0,,0.7605467589497833,1.1846428875266428,0.6603686854926025,0.0,0.0,0.0,0.0,2.6055583319690285,0.0,0.0,2.6055583319690285,False,1345814_YES.csv,1345814_YES
1770881280,2026-02-12 07:28:00,3,452.0,397.76,0.8799999999980531,132.58666666666667,,,0.0,0.0,,0.0,,,,0.0,,-0.0,,1.8120993954036955,1.9208183641028123,0.6501655792072172,0.0,0.0,0.0,0.0,4.383083338713725,0.0,0.0,4.383083338713725,False,1345814_YES.csv,1345814_YES
1770881400,2026-02-12 07:30:00,1,13.0,11.44,0.8799999999323076,11.44,,,0.0,0.0,,0.0,,,,0.0,,-0.0,,-0.4067978234579725,-0.40944468599505307,-0.3271232674753381,0.0,0.0,0.0,0.0,-1.1433657769283636,0.0,0.0,-1.1433657769283636,False,1345814_YES.csv,1345814_YES
1770883080,2026-02-12 07:58:00,2,50.340908,44.299999,0.8799999991879368,22.1499995,,,0.0,0.0,,0.0,,,,0.0,,-0.0,,0.7026507859728615,-0.21358499703396577,-0.2423355851115957,0.0,0.0,0.0,0.0,0.2467302038273,0.0,0.0,0.2467302038273,False,1345814_YES.csv,1345814_YES
1770883140,2026-02-12 07:59:00,1,40.0,35.2,0.8799999999780002,35.2,,,0.0,0.0,,0.0,,,,0.0,,-0.0,,-0.4067978234579725,-0.2621810213183637,-0.12889162711462768,0.0,0.0,0.0,0.0,-0.7978704718909638,0.0,0.0,-0.7978704718909638,False,1345814_YES.csv,1345814_YES
1770883200,2026-02-12 08:00:00,1,7.0,6.16,0.8799999998742857,6.16,,,0.0,0.0,,0.0,,,,0.0,,-0.0,,-0.4067978234579725,-0.4284707050606875,-0.3522889809990349,0.0,0.0,0.0,0.0,-1.187557509517695,0.0,0.0,-1.187557509517695,False,1345814_YES.csv,1345814_YES
1770883560,2026-02-12 08:06:00,1,87.0,76.56,0.8799999999898851,76.56,,,0.0,0.0,,0.0,,,,0.0,,-0.0,,-0.4067978234579725,-0.010126716395941728,0.2084875776980495,0.0,0.0,0.0,0.0,-0.2084369621558647,0.0,0.0,-0.2084369621558647,False,1345814_YES.csv,1345814_YES
1770883860,2026-02-12 08:11:00,2,13.0,11.440000000000001,0.8799999999323078,5.720000000000001,,,0.0,0.0,,0.0,,,,0.0,,-0.0,,0.6823827800460688,-0.4024698884166791,-0.3622592717904243,0.0,0.0,0.0,0.0,-0.08234638016103457,0.0,0.0,-0.08234638016103457,False,1345814_YES.csv,1345814_YES
1770883920,2026-02-12 08:12:00,1,1.127302,0.999998,0.887071963957243,0.999998,,,0.0,0.0,,0.0,,,,0.0,,-0.0,,-0.4241838902989076,-0.4638513582463009,-0.39837342736533504,0.0,0.0,0.0,0.0,-1.2864086759105435,0.0,0.0,-1.2864086759105435,False,1345814_YES.csv,1345814_YES
1770884100,2026-02-12 08:15:00,3,15.0,13.200000000000001,0.8799999999413334,4.4,,,0.0,0.0,,0.0,,,,0.0,,-0.0,,1.7099942034193045,-0.3908779052550856,-0.3703078778339516,0.0,0.0,0.0,0.0,0.9488084203302672,0.0,0.0,0.9488084203302672,False,1345814_YES.csv,1345814_YES
1770884820,2026-02-12 08:27:00,1,5.74,4.9938,0.869999999848432,4.9938,,,0.0,0.0,,0.0,,,,0.0,,-0.0,,-0.44999847458402764,-0.43990102015244426,-0.36497122444705266,0.0,0.0,0.0,0.0,-1.2548707191835247,0.0,0.0,-1.2548707191835247,False,1345814_YES.csv,1345814_YES
1770885120,2026-02-12 08:32:00,2,10.0,8.6,0.859999999914,4.3,,,0.0,0.0,,0.0,,,,0.0,,-0.0,,0.916910642579498,-0.39120010319058074,-0.3617493381611489,0.0,0.0,0.0,0.0,0.1639612012277683,0.0,0.0,0.1639612012277683,False,1345814_YES.csv,1345814_YES
1770885180,2026-02-12 08:33:00,1,5.747125,4.999998,0.8699998693485873,4.999998,,,0.0,0.0,,0.0,,,,0.0,,-0.0,,-0.49372111523511447,-0.4131479636331502,-0.3555224667061727,0.0,0.0,0.0,0.0,-1.2623915455744374,0.0,0.0,-1.2623915455744374,False,1345814_YES.csv,1345814_YES
1770888780,2026-02-12 09:33:00,2,7.922219999999999,7.1299980000000005,0.8999999998863956,3.5649990000000003,,,0.0,0.0,,0.0,,,,0.0,,-0.0,,0.8891618301568447,-0.3996713121430895,-0.3662718654458403,0.0,0.0,0.0,0.0,0.12321865256791492,0.0,0.0,0.12321865256791492,False,1345814_YES.csv,1345814_YES
1770888840,2026-02-12 09:34:00,10,394.91228,355.44995300000005,0.9000731833385884,35.544995300000004,,,0.0,0.0,,0.0,,,,0.0,,-0.0,,6.42109455666283,1.6920908197868136,-0.11243145939374473,0.0,0.0,0.0,0.0,8.000753917055897,0.0,0.0,8.000753917055897,False,1345814_YES.csv,1345814_YES
1770889500,2026-02-12 09:45:00,1,75.0,68.25,0.9099999999878666,68.25,,,0.0,0.0,,0.0,,,,0.0,,-0.0,,-0.39106862722307995,-0.06032581023119948,0.1426887928478358,0.0,0.0,0.0,0.0,-0.3087056446064436,0.0,0.0,-0.3087056446064436,False,1345814_YES.csv,1345814_YES
1770890040,2026-02-12 09:54:00,3,766.9891250000001,705.4099950000001,0.919713164119609,235.13666500000002,,,0.0,0.0,,0.0,,,,0.0,,-0.0,,1.0877016583018433,3.3677146724792624,1.433509527828025,0.0,0.0,0.0,0.0,5.88892585860913,0.0,0.0,5.88892585860913,False,1345814_YES.csv,1345814_YES
1770890400,2026-02-12 10:00:00,1,5.75,5.2325,0.9099999998417391,5.2325,,,0.0,0.0,,0.0,,,,0.0,,-0.0,,-0.4125764910800096,-0.46196310292205556,-0.38875285319334646,0.0,0.0,0.0,0.0,-1.2632924471954117,0.0,0.0,-1.2632924471954117,False,1345814_YES.csv,1345814_YES
1770890460,2026-02-12 10:01:00,1,1.11,1.0101000000000002,0.9099999991801803,1.0101000000000002,,,0.0,0.0,,0.0,,,,0.0,,-0.0,,-0.4125764910800096,-0.4827686921046551,-0.4190935294066907,0.0,0.0,0.0,0.0,-1.3144387125913555,0.0,0.0,-1.3144387125913555,False,1345814_YES.csv,1345814_YES
1770891900,2026-02-12 10:25:00,1,10.65,9.798,0.919999999913615,9.798,,,0.0,0.0,,0.0,,,,0.0,,-0.0,,-0.4125764910800096,-0.4342837521368202,-0.34885392751054806,0.0,0.0,0.0,0.0,-1.1957141707273777,0.0,0.0,-1.1957141707273777,False,1345814_YES.csv,1345814_YES
1770892320,2026-02-12 10:32:00,1,55.537628,51.649994,0.9299999992630222,51.649994,,,0.0,0.0,,0.0,,,,0.0,,-0.0,,-0.4125764910800096,-0.2029604203250614,-0.013663572173627805,0.0,0.0,0.0,0.0,-0.6292004835786988,0.0,0.0,-0.6292004835786988,False,1345814_YES.csv,1345814_YES
1770892380,2026-02-12 10:33:00,2,99.919108,93.09998300000001,0.9317535440675497,46.549991500000004,,,0.0,0.0,,0.0,,,,0.0,,-0.0,,0.3252412641511548,0.028349886974400107,-0.04101754141070936,0.0,0.0,0.0,0.0,0.31257360971484555,0.0,0.0,0.31257360971484555,False,1345814_YES.csv,1345814_YES
1770892620,2026-02-12 10:37:00,1,10.65,9.798,0.919999999913615,9.798,,,0.0,0.0,,0.0,,,,0.0,,-0.0,,-0.42531549927458695,-0.4279824026583422,-0.3348728198291553,0.0,0.0,0.0,0.0,-1.1881707217620845,0.0,0.0,-1.1881707217620845,False,1345814_YES.csv,1345814_YES
1770892920,2026-02-12 10:42:00,1,5.376343,4.999998000000001,0.9299998156869829,4.999998000000001,,,0.0,0.0,,0.0,,,,0.0,,-0.0,,-0.4125764910800096,-0.432463216885857,-0.34439594526105394,0.0,0.0,0.0,0.0,-1.1894356532269206,0.0,0.0,-1.1894356532269206,False,1345814_YES.csv,1345814_YES
1770893160,2026-02-12 10:46:00,2,110.53999999999999,102.8022,0.9299999999915868,51.4011,,,0.0,0.0,,0.0,,,,0.0,,-0.0,,0.33756258361091684,0.14586493397715303,0.03556064535919617,0.0,0.0,0.0,0.0,0.518988162947266,0.0,0.0,0.518988162947266,False,1345814_YES.csv,1345814_YES
1770894300,2026-02-12 11:05:00,2,81.23,75.54390000000001,0.929999999988551,37.771950000000004,,,0.0,0.0,,0.0,,,,0.0,,-0.0,,0.3252412641511548,-0.02521612042631748,-0.08273329065221187,0.0,0.0,0.0,0.0,0.21729185307262544,0.0,0.0,0.21729185307262544,False,1345814_YES.csv,1345814_YES
1770894600,2026-02-12 11:10:00,1,100.0,93.0,0.9299999999906999,93.0,,,0.0,0.0,,0.0,,,,0.0,,-0.0,,-0.42531549927458695,0.07118828068037776,0.3657653561142329,0.0,0.0,0.0,0.0,0.011638137520023684,0.0,0.0,0.011638137520023684,False,1345814_YES.csv,1345814_YES
1770895080,2026-02-12 11:18:00,1,10.42,9.7948,0.9399999999097888,9.7948,,,0.0,0.0,,0.0,,,,0.0,,-0.0,,-0.4125764910800096,-0.4309902653055785,-0.3292573433148183,0.0,0.0,0.0,0.0,-1.1728240997004065,0.0,0.0,-1.1728240997004065,False,1345814_YES.csv,1345814_YES
1770895200,2026-02-12 11:20:00,1,5.0,4.699999999999999,0.9399999998119999,4.699999999999999,,,0.0,0.0,,0.0,,,,0.0,,-0.0,,-0.4125764910800096,-0.46109129149255923,-0.37094183191393937,0.0,0.0,0.0,0.0,-1.2446096144865082,0.0,0.0,-1.2446096144865082,False,1345814_YES.csv,1345814_YES
1770895380,2026-02-12 11:23:00,1,50.095733,47.089989,0.9399999995820004,47.089989,,,0.0,0.0,,0.0,,,,0.0,,-0.0,,-0.399915281159698,-0.2094200901797611,-0.023207114183328614,0.0,0.0,0.0,0.0,-0.6325424855227878,0.0,0.0,-0.6325424855227878,False,1345814_YES.csv,1345814_YES
1770895680,2026-02-12 11:28:00,1,416.0,391.04,0.9399999999977403,391.04,,,0.0,0.0,,0.0,,,,0.0,,-0.0,,-0.399915281159698,1.7819329701401223,2.6277382403809955,0.0,0.0,0.0,0.0,4.00975592936142,0.0,0.0,4.00975592936142,False,1345814_YES.csv,1345814_YES
1770896100,2026-02-12 11:35:00,2,10.43,9.7499,0.9347938637646411,4.87495,,,0.0,0.0,,0.0,,,,0.0,,-0.0,,0.33756258361091684,-0.4543066868314662,-0.3940221508489983,0.0,0.0,0.0,0.0,-0.5107662540695477,0.0,0.0,-0.5107662540695477,False,1345814_YES.csv,1345814_YES
1770896280,2026-02-12 11:38:00,1,10.31,9.7945,0.9499999999078563,9.7945,,,0.0,0.0,,0.0,,,,0.0,,-0.0,,-0.4125764910800096,-0.44648718131992476,-0.3461105178649945,0.0,0.0,0.0,0.0,-1.205174190264929,0.0,0.0,-1.205174190264929,False,1345814_YES.csv,1345814_YES
1770897060,2026-02-12 11:51:00,1,5.0,4.75,0.9499999998099999,4.75,,,0.0,0.0,,0.0,,,,0.0,,-0.0,,-0.4125764910800096,-0.47650247043939287,-0.3861866044325461,0.0,0.0,0.0,0.0,-1.2752655659519485,0.0,0.0,-1.2752655659519485,False,1345814_YES.csv,1345814_YES
1770897180,2026-02-12 11:53:00,1,5.0,4.699999999999999,0.9399999998119999,4.699999999999999,,,0.0,0.0,,0.0,,,,0.0,,-0.0,,-0.4125764910800096,-0.49231569892341226,-0.5098333928951654,0.0,0.0,0.0,0.0,-1.4147255828985874,0.0,0.0,-1.4147255828985874,False,1345814_YES.csv,1345814_YES
1770897840,2026-02-12 12:04:00,1,10.31,9.6914,0.9399999999088263,9.6914,,,0.0,0.0,,0.0,,,,0.0,,-0.0,,-0.4125764910800096,-0.4568224823248472,-0.4393019056955534,0.0,0.0,0.0,0.0,-1.3087008791004102,0.0,0.0,-1.3087008791004102,False,1345814_YES.csv,1345814_YES
1770899280,2026-02-12 12:28:00,1,1.29,1.2126,0.9399999992713177,1.2126,,,0.0,0.0,,0.0,,,,0.0,,-0.0,,-0.4125764910800096,-0.518328792228763,-0.5615301039273702,0.0,0.0,0.0,0.0,-1.4924353872361429,0.0,0.0,-1.4924353872361429,False,1345814_YES.csv,1345814_YES
1770900360,2026-02-12 12:46:00,1,5.26314,4.999982999999999,0.9499999998194992,4.999982999999999,,,0.0,0.0,,0.0,,,,0.0,,-0.0,,-0.4125764910800096,-0.4908607858794421,-0.5069607085235305,0.0,0.0,0.0,0.0,-1.410397985482982,0.0,0.0,-1.410397985482982,False,1345814_YES.csv,1345814_YES
1770902760,2026-02-12 13:26:00,1,100.0,95.0,0.9499999999905,95.0,,,0.0,0.0,,0.0,,,,0.0,,-0.0,,-0.4125764910800096,0.1624051587535806,0.7882517675056169,0.0,0.0,0.0,0.0,0.5380804351791879,0.0,0.0,0.5380804351791879,False,1345814_YES.csv,1345814_YES
1770903420,2026-02-12 13:37:00,1,22.6842,21.54999,0.9499999999581207,21.54999,,,0.0,0.0,,0.0,,,,0.0,,-0.0,,-0.4125764910800096,-0.3827362510803409,-0.2895260942142809,0.0,0.0,0.0,0.0,-1.0848388363746313,0.0,0.0,-1.0848388363746313,False,1345814_YES.csv,1345814_YES
1770903840,2026-02-12 13:44:00,1,5.6,5.263999999999999,0.9399999998321428,5.263999999999999,,,0.0,0.0,,0.0,,,,0.0,,-0.0,,-0.399915281159698,-0.4844861015514855,-0.5095298314893387,0.0,0.0,0.0,0.0,-1.3939312142005222,0.0,0.0,-1.3939312142005222,False,1345814_YES.csv,1345814_YES
1770904800,2026-02-12 14:00:00,1,1.04165,0.999984,0.9599999990783852,0.999984,,,0.0,0.0,,0.0,,,,0.0,,-0.0,,-0.399915281159698,-0.5060624459935765,-0.5556950316712066,0.0,0.0,0.0,0.0,-1.461672758824481,0.0,0.0,-1.461672758824481,False,1345814_YES.csv,1345814_YES
1770905280,2026-02-12 14:08:00,1,26.0,24.7,0.9499999999634615,24.7,,,0.0,0.0,,0.0,,,,0.0,,-0.0,,-0.3873256606281925,-0.30074992694588404,-0.16664668302911664,0.0,0.0,0.0,0.0,-0.8547222706031932,0.0,0.0,-0.8547222706031932,False,1345814_YES.csv,1345814_YES
1770907380,2026-02-12 14:43:00,1,40.0,38.0,0.9499999999762501,38.0,,,0.0,0.0,,0.0,,,,0.0,,-0.0,,-0.3873256606281925,-0.19844518677004352,0.03630491389670013,0.0,0.0,0.0,0.0,-0.5494659335015359,0.0,0.0,-0.5494659335015359,False,1345814_YES.csv,1345814_YES
1770907980,2026-02-12 14:53:00,2,1541.0,1448.54,0.93999999999939,724.27,,,0.0,0.0,,0.0,,,,0.0,,-0.0,,0.3623369083295995,6.273144977347662,6.236347675856351,0.0,0.0,0.0,0.0,12.871829561533612,0.0,0.0,12.871829561533612,True,1345814_YES.csv,1345814_YES
1770908880,2026-02-12 15:08:00,1,285.0,262.2,0.919999999996772,262.2,,,0.0,0.0,,0.0,,,,0.0,,-0.0,,-0.3873256606281925,0.7953601082405466,1.8902021154585806,0.0,0.0,0.0,0.0,2.298236563070935,0.0,0.0,2.298236563070935,False,1345814_YES.csv,1345814_YES
1770908940,2026-02-12 15:09:00,1,5.0,4.55,0.909999999818,4.55,,,0.0,0.0,,0.0,,,,0.0,,-0.0,,-0.3873256606281925,-0.38357710458176697,-0.4084293990934877,0.0,0.0,0.0,0.0,-1.1793321643034471,0.0,0.0,-1.1793321643034471,False,1345814_YES.csv,1345814_YES
1770909000,2026-02-12 15:10:00,1,200.0,182.0,0.90999999999545,182.0,,,0.0,0.0,,0.0,,,,0.0,,-0.0,,-0.3873256606281925,0.4151521335722102,1.1375255457235554,0.0,0.0,0.0,0.0,1.165352018667573,0.0,0.0,1.165352018667573,False,1345814_YES.csv,1345814_YES
1770909240,2026-02-12 15:14:00,7,105.0,97.14000000000001,0.9251428571340463,13.877142857142859,,,0.0,0.0,,0.0,,,,0.0,,-0.0,,3.569669344502551,0.019679469083091473,-0.34942432945250496,0.0,0.0,0.0,0.0,3.239924484133138,0.0,0.0,3.239924484133138,False,1345814_YES.csv,1345814_YES
1770909300,2026-02-12 15:15:00,2,129.706512,119.329991,0.9199999996845186,59.6649955,,,0.0,0.0,,0.0,,,,0.0,,-0.0,,0.24336218579726923,0.11311210679969744,0.048012413935991725,0.0,0.0,0.0,0.0,0.4044867065329584,0.0,0.0,0.4044867065329584,False,1345814_YES.csv,1345814_YES
1770909360,2026-02-12 15:16:00,11,450.8172,419.25999600000006,0.9299999999979373,38.1145450909091,,,0.0,0.0,,0.0,,,,0.0,,-0.0,,4.768674345046794,1.4330938899480148,-0.14754473759262082,0.0,0.0,0.0,0.0,6.054223497402188,0.0,0.0,6.054223497402188,False,1345814_YES.csv,1345814_YES
1770909540,2026-02-12 15:19:00,1,5.0,4.65,0.9299999998140001,4.65,,,0.0,0.0,,0.0,,,,0.0,,-0.0,,-0.4146673343518952,-0.4366796816772883,-0.44335745244178865,0.0,0.0,0.0,0.0,-1.294704468470972,0.0,0.0,-1.294704468470972,False,1345814_YES.csv,1345814_YES
1770909600,2026-02-12 15:20:00,1,200.0,188.0,0.9399999999953,188.0,,,0.0,0.0,,0.0,,,,0.0,,-0.0,,-0.4146673343518952,0.37757624626681746,1.143964804281234,0.0,0.0,0.0,0.0,1.1068737161961564,0.0,0.0,1.1068737161961564,False,1345814_YES.csv,1345814_YES
1770910920,2026-02-12 15:42:00,1,200.0,186.0,0.9299999999953501,186.0,,,0.0,0.0,,0.0,,,,0.0,,-0.0,,-0.40549022778646376,0.3565663114470467,1.0912573557901708,0.0,0.0,0.0,0.0,1.0423334394507537,0.0,0.0,1.0423334394507537,False,1345814_YES.csv,1345814_YES
1770910980,2026-02-12 15:43:00,2,10.0,9.3,0.9299999999070001,4.65,,,0.0,0.0,,0.0,,,,0.0,,-0.0,,0.10366683358797377,-0.4340319194357448,-0.4718940491544227,0.0,0.0,0.0,0.0,-0.8022591350021937,0.0,0.0,-0.8022591350021937,False,1345814_YES.csv,1345814_YES
1770911040,2026-02-12 15:44:00,2,10.0,9.399999999999999,0.9399999999059998,4.699999999999999,,,0.0,0.0,,0.0,,,,0.0,,-0.0,,0.1327496183453959,-0.4194291242547043,-0.4656638362162888,0.0,0.0,0.0,0.0,-0.7523433421255972,0.0,0.0,-0.7523433421255972,False,1345814_YES.csv,1345814_YES
1770911160,2026-02-12 15:46:00,1,5.05262,4.799989,0.9499999998119787,4.799989,,,0.0,0.0,,0.0,,,,0.0,,-0.0,,-0.39824885503618773,-0.43940497611552265,-0.46336715014951735,0.0,0.0,0.0,0.0,-1.3010209813012277,0.0,0.0,-1.3010209813012277,False,1345814_YES.csv,1345814_YES
1770911760,2026-02-12 15:56:00,1,0.34,0.3094,0.9099999973235293,0.3094,,,0.0,0.0,,0.0,,,,0.0,,-0.0,,-0.38894993415869267,-0.45702193464972135,-0.4996759859486696,0.0,0.0,0.0,0.0,-1.3456478547570836,0.0,0.0,-1.3456478547570836,False,1345814_YES.csv,1345814_YES
1770912000,2026-02-12 16:00:00,3,92.0,83.72,0.9099999999901086,27.906666666666666,,,0.0,0.0,,0.0,,,,0.0,,-0.0,,0.6525891618404644,-0.08824682136015922,-0.26533894467592767,0.0,0.0,0.0,0.0,0.2990033958043775,0.0,0.0,0.2990033958043775,False,1345814_YES.csv,1345814_YES
1770912060,2026-02-12 16:01:00,1,20.68,18.612,0.8999999999564798,18.612,,,0.0,0.0,,0.0,,,,0.0,,-0.0,,-0.40566353303596436,-0.38022472026104503,-0.343337082294885,0.0,0.0,0.0,0.0,-1.1292253355918944,0.0,0.0,-1.1292253355918944,False,1345814_YES.csv,1345814_YES
1770912420,2026-02-12 16:07:00,17,887.258309,782.807045,0.8822763755026358,46.04747323529412,,,0.0,0.0,,0.0,,,,0.0,,-0.0,,5.493010525700657,2.819991104968093,-0.0939058100673914,0.0,0.0,0.0,0.0,8.219095820601359,0.0,0.0,8.219095820601359,True,1345814_YES.csv,1345814_YES
1770912480,2026-02-12 16:08:00,3,239.36226599999998,210.899994,0.8810912326469993,70.299998,,,0.0,0.0,,0.0,,,,0.0,,-0.0,,0.36049790991806313,0.4346416438284795,0.12614965470091735,0.0,0.0,0.0,0.0,0.92128920844746,0.0,0.0,0.92128920844746,False,1345814_YES.csv,1345814_YES
1770912540,2026-02-12 16:09:00,3,210.00449,185.67999600000002,0.8841715527087819,61.89333200000001,,,0.0,0.0,,0.0,,,,0.0,,-0.0,,0.34833054538814784,0.3153517533450097,0.0456201874840273,0.0,0.0,0.0,0.0,0.7093024862171848,0.0,0.0,0.7093024862171848,False,1345814_YES.csv,1345814_YES
1770912600,2026-02-12 16:10:00,10,767.510111,663.969976,0.865096063860369,66.39699759999999,,,0.0,0.0,,0.0,,,,0.0,,-0.0,,2.6824767047036215,2.207333424875506,0.07853979852441768,0.0,0.0,0.0,0.0,4.968349928103545,0.0,0.0,4.968349928103545,False,1345814_YES.csv,1345814_YES
1770912720,2026-02-12 16:12:00,14,635.548751,552.229971,0.8689026138911113,39.444997928571425,,,0.0,0.0,,0.0,,,,0.0,,-0.0,,3.53198548030155,1.676961897993762,-0.15743837306855774,0.0,0.0,0.0,0.0,5.051509005226754,0.0,0.0,5.051509005226754,False,1345814_YES.csv,1345814_YES
1770912780,2026-02-12 16:13:00,7,353.91952100000003,307.799983,0.8696891941123821,43.97142614285714,,,0.0,0.0,,0.0,,,,0.0,,-0.0,,1.3505723977361295,0.6838311754031998,-0.12361078838264665,0.0,0.0,0.0,0.0,1.9107927847566823,0.0,0.0,1.9107927847566823,False,1345814_YES.csv,1345814_YES
1770912840,2026-02-12 16:14:00,2,42.141376,36.653997000000004,0.8697864303037998,18.326998500000002,,,0.0,0.0,,0.0,,,,0.0,,-0.0,,-0.1553049867911901,-0.38915254272151095,-0.339170124715633,0.0,0.0,0.0,0.0,-0.883627654228334,0.0,0.0,-0.883627654228334,False,1345814_YES.csv,1345814_YES
1770912900,2026-02-12 16:15:00,1,123.0,104.55,0.8499999999930894,104.55,,,0.0,0.0,,0.0,,,,0.0,,-0.0,,-0.4501907992453765,-0.12635218846505314,0.4001826338239373,0.0,0.0,0.0,0.0,-0.17636035388649235,0.0,0.0,-0.17636035388649235,False,1345814_YES.csv,1345814_YES
1770912960,2026-02-12 16:16:00,1,89.23,75.8455,0.849999999990474,75.8455,,,0.0,0.0,,0.0,,,,0.0,,-0.0,,-0.4501907992453765,-0.24582139968132716,0.1385850330984457,0.0,0.0,0.0,0.0,-0.5574271658282579,0.0,0.0,-0.5574271658282579,False,1345814_YES.csv,1345814_YES
1770913020,2026-02-12 16:17:00,6,309.160915,268.969996,0.8699999998354578,44.82833266666666,,,0.0,0.0,,0.0,,,,0.0,,-0.0,,1.0261976673845787,0.5058674389194295,-0.13932765004634062,0.0,0.0,0.0,0.0,1.3927374562576675,0.0,0.0,1.3927374562576675,False,1345814_YES.csv,1345814_YES
1770913080,2026-02-12 16:18:00,4,312.0,268.46999999999997,0.8604807692280112,67.11749999999999,,,0.0,0.0,,0.0,,,,0.0,,-0.0,,0.4165686159142404,0.4866527133337364,0.04732840809606863,0.0,0.0,0.0,0.0,0.9505497373440454,0.0,0.0,0.9505497373440454,False,1345814_YES.csv,1345814_YES
1770913140,2026-02-12 16:19:00,2,17.241369,14.999991,0.8699999982095391,7.4999955,,,0.0,0.0,,0.0,,,,0.0,,-0.0,,-0.17852940682038876,-0.52322277549399,-0.4776290993413145,0.0,0.0,0.0,0.0,-1.1793812816556932,0.0,0.0,-1.1793812816556932,False,1345814_YES.csv,1345814_YES
1770913260,2026-02-12 16:21:00,2,418.0,351.3,0.8404306220075588,175.65,,,0.0,0.0,,0.0,,,,0.0,,-0.0,,-0.1837944922477988,0.791135455839216,0.9708140694139207,0.0,0.0,0.0,0.0,1.5781550330053378,0.0,0.0,1.5781550330053378,False,1345814_YES.csv,1345814_YES
1770913320,2026-02-12 16:22:00,2,555.0,459.58,0.8280720720705801,229.79,,,0.0,0.0,,0.0,,,,0.0,,-0.0,,-0.1837944922477988,1.1802912966454588,1.3909779009242627,0.0,0.0,0.0,0.0,2.3874747053219227,0.0,0.0,2.3874747053219227,False,1345814_YES.csv,1345814_YES
1770913380,2026-02-12 16:23:00,2,292.96000000000004,243.1568,0.8299999999971668,121.5784,,,0.0,0.0,,0.0,,,,0.0,,-0.0,,-0.15044232959105072,0.33730601290202383,0.4454903520337598,0.0,0.0,0.0,0.0,0.6323540353447329,0.0,0.0,0.6323540353447329,False,1345814_YES.csv,1345814_YES
1770913440,2026-02-12 16:24:00,1,293.0,240.26,0.8199999999972014,240.26,,,0.0,0.0,,0.0,,,,0.0,,-0.0,,-0.461702321848397,0.31459958196883125,1.417476922925331,0.0,0.0,0.0,0.0,1.2703741830457653,0.0,0.0,1.2703741830457653,False,1345814_YES.csv,1345814_YES
1770913560,2026-02-12 16:26:00,2,612.0,497.72,0.8132679738548804,248.86,,,0.0,0.0,,0.0,,,,0.0,,-0.0,,-0.14526062641893486,1.3800106263759937,1.48412233163674,0.0,0.0,0.0,0.0,2.718872331593799,0.0,0.0,2.718872331593799,False,1345814_YES.csv,1345814_YES
1770913740,2026-02-12 16:29:00,1,2.7125,2.17,0.7999999997050691,2.17,,,0.0,0.0,,0.0,,,,0.0,,-0.0,,-0.4565333973166524,-0.628060804914716,-0.596386230991803,0.0,0.0,0.0,0.0,-1.6809804332231715,0.0,0.0,-1.6809804332231715,False,1345814_YES.csv,1345814_YES
1770913860,2026-02-12 16:31:00,1,5.005431,4.049999,0.8091209326810975,4.049999,,,0.0,0.0,,0.0,,,,0.0,,-0.0,,-0.4565333973166524,-0.6207290933521434,-0.5811077083800352,0.0,0.0,0.0,0.0,-1.6583701990488309,0.0,0.0,-1.6583701990488309,False,1345814_YES.csv,1345814_YES
1770913980,2026-02-12 16:33:00,2,20.0,16.0,0.79999999996,8.0,,,0.0,0.0,,0.0,,,,0.0,,-0.0,,-0.15068997824767746,-0.5728599683229624,-0.5474563754906799,0.0,0.0,0.0,0.0,-1.2710063220613197,0.0,0.0,-1.2710063220613197,False,1345814_YES.csv,1345814_YES
1770914040,2026-02-12 16:34:00,3,177.8375,142.27,0.7999999999955016,47.42333333333334,,,0.0,0.0,,0.0,,,,0.0,,-0.0,,0.1509388539352913,-0.06721280245493001,-0.2143044679631722,0.0,0.0,0.0,0.0,-0.13057841648281093,0.0,0.0,-0.13057841648281093,False,1345814_YES.csv,1345814_YES
1770914100,2026-02-12 16:35:00,3,6.859999999999999,5.566600000000001,0.8114577258292338,1.8555333333333337,,,0.0,0.0,,0.0,,,,0.0,,-0.0,,0.1457400884766115,-0.6146819762044707,-0.5908022487075537,0.0,0.0,0.0,0.0,-1.059744136435413,0.0,0.0,-1.059744136435413,False,1345814_YES.csv,1345814_YES
1770914400,2026-02-12 16:40:00,1,12.428568,10.439997000000002,0.8399999902772388,10.439997000000002,,,0.0,0.0,,0.0,,,,0.0,,-0.0,,-0.47886029070886615,-0.5950070304627324,-0.5187039834018315,0.0,0.0,0.0,0.0,-1.59257130457343,0.0,0.0,-1.59257130457343,False,1345814_YES.csv,1345814_YES
1770914460,2026-02-12 16:41:00,1,33.0,27.72,0.8399999999745456,27.72,,,0.0,0.0,,0.0,,,,0.0,,-0.0,,-0.47886029070886615,-0.5270365868479111,-0.3770973366757748,0.0,0.0,0.0,0.0,-1.3829942142325522,0.0,0.0,-1.3829942142325522,False,1345814_YES.csv,1345814_YES
1770914580,2026-02-12 16:43:00,1,33.0,27.39,0.8299999999748485,27.39,,,0.0,0.0,,0.0,,,,0.0,,-0.0,,-0.47285475932891885,-0.5222717212148243,-0.3761488612956513,0.0,0.0,0.0,0.0,-1.3712753418393944,0.0,0.0,-1.3712753418393944,False,1345814_YES.csv,1345814_YES
1770914820,2026-02-12 16:47:00,2,100.9,81.729,0.8099999999919721,40.8645,,,0.0,0.0,,0.0,,,,0.0,,-0.0,,-0.1610823905406207,-0.3029157378233954,-0.26319556319012544,0.0,0.0,0.0,0.0,-0.7271936915541415,0.0,0.0,-0.7271936915541415,False,1345814_YES.csv,1345814_YES
1770915180,2026-02-12 16:53:00,1,400.0,300.0,0.749999999998125,300.0,,,0.0,0.0,,0.0,,,,0.0,,-0.0,,-0.47285475932891885,0.5649625202171024,1.834149335577153,0.0,0.0,0.0,0.0,1.9262570964653365,0.0,0.0,1.9262570964653365,False,1345814_YES.csv,1345814_YES
1770915240,2026-02-12 16:54:00,2,103.08108,75.279999,0.7302988967448701,37.6399995,,,0.0,0.0,,0.0,,,,0.0,,-0.0,,-0.16656010111612732,-0.34736394619042266,-0.3143778828989194,0.0,0.0,0.0,0.0,-0.8283019302054693,0.0,0.0,-0.8283019302054693,False,1345814_YES.csv,1345814_YES
1770915300,2026-02-12 16:55:00,7,167.636798,122.93159299999999,0.7333210516181935,17.561656142857142,,,0.0,0.0,,0.0,,,,0.0,,-0.0,,1.3449437768243149,-0.1630845093405897,-0.48095632422351997,0.0,0.0,0.0,0.0,0.7009029432602052,0.0,0.0,0.7009029432602052,False,1345814_YES.csv,1345814_YES
1770915360,2026-02-12 16:56:00,1,31.578945,23.999998,0.7599999936425994,23.999998,,,0.0,0.0,,0.0,,,,0.0,,-0.0,,-0.5030705730106215,-0.5625926831836384,-0.4245950599560465,0.0,0.0,0.0,0.0,-1.4902583161503062,0.0,0.0,-1.4902583161503062,False,1345814_YES.csv,1345814_YES
1770915480,2026-02-12 16:58:00,1,40.47,30.3525,0.7499999999814678,30.3525,,,0.0,0.0,,0.0,,,,0.0,,-0.0,,-0.5030705730106215,-0.5150990639090977,-0.3433560598173541,0.0,0.0,0.0,0.0,-1.3615256967370732,0.0,0.0,-1.3615256967370732,False,1345814_YES.csv,1345814_YES
1770915720,2026-02-12 17:02:00,1,100.0,76.0,0.7599999999924,76.0,,,0.0,0.0,,0.0,,,,0.0,,-0.0,,-0.49703892994491544,-0.3342413520452741,0.04316644544224757,0.0,0.0,0.0,0.0,-0.788113836547942,0.0,0.0,-0.788113836547942,False,1345814_YES.csv,1345814_YES
1770916140,2026-02-12 17:09:00,2,10.0,7.8,0.7799999999220001,3.9,,,0.0,0.0,,0.0,,,,0.0,,-0.0,,-0.19506818137146548,-0.6126528184005932,-0.5840085875273819,0.0,0.0,0.0,0.0,-1.3917295872994406,0.0,0.0,-1.3917295872994406,False,1345814_YES.csv,1345814_YES
1770916260,2026-02-12 17:11:00,5,18.779600000000002,14.460291999999999,0.7699999999589979,2.8920584,,,0.0,0.0,,0.0,,,,0.0,,-0.0,,0.7068916503364585,-0.586347465891501,-0.5924233202818895,0.0,0.0,0.0,0.0,-0.471879135836932,0.0,0.0,-0.471879135836932,False,1345814_YES.csv,1345814_YES
1770916380,2026-02-12 17:13:00,2,27.48,20.3352,0.7399999999730713,10.1676,,,0.0,0.0,,0.0,,,,0.0,,-0.0,,-0.22069069601972613,-0.5637686592743834,-0.5300919787907051,0.0,0.0,0.0,0.0,-1.3145513340848147,0.0,0.0,-1.3145513340848147,False,1345814_YES.csv,1345814_YES
1770916440,2026-02-12 17:14:00,4,62.66,46.995000000000005,0.7499999999880308,11.748750000000001,,,0.0,0.0,,0.0,,,,0.0,,-0.0,,0.3802366205248482,-0.4579300855922828,-0.5166970481062273,0.0,0.0,0.0,0.0,-0.594390513173662,0.0,0.0,-0.594390513173662,False,1345814_YES.csv,1345814_YES
1770916620,2026-02-12 17:17:00,3,25.797401,19.631998,0.7610068161222519,6.543999333333333,,,0.0,0.0,,0.0,,,,0.0,,-0.0,,0.06181620761027054,-0.5716728936992025,-0.5630860576617098,0.0,0.0,0.0,0.0,-1.0729427437506418,0.0,0.0,-1.0729427437506418,False,1345814_YES.csv,1345814_YES
1770916680,2026-02-12 17:18:00,2,17.67,13.075800000000001,0.739999999958121,6.5379000000000005,,,0.0,0.0,,0.0,,,,0.0,,-0.0,,-0.2529526085606871,-0.5992973707133281,-0.5634356788667432,0.0,0.0,0.0,0.0,-1.4156856581407584,0.0,0.0,-1.4156856581407584,False,1345814_YES.csv,1345814_YES
1770916740,2026-02-12 17:19:00,1,16.0,12.0,0.749999999953125,12.0,,,0.0,0.0,,0.0,,,,0.0,,-0.0,,-0.5626904965941814,-0.5965566931338231,-0.5028367361770343,0.0,0.0,0.0,0.0,-1.6620839259050388,0.0,0.0,-1.6620839259050388,False,1345814_YES.csv,1345814_YES
1770916800,2026-02-12 17:20:00,3,166.17,124.97749999999999,0.7521062767000536,41.659166666666664,,,0.0,0.0,,0.0,,,,0.0,,-0.0,,0.04658711050670751,-0.14198785896266503,-0.24786008345629382,0.0,0.0,0.0,0.0,-0.3432608319122513,0.0,0.0,-0.3432608319122513,False,1345814_YES.csv,1345814_YES
1770916920,2026-02-12 17:22:00,1,126.582276,99.999998,0.789999999677759,99.999998,,,0.0,0.0,,0.0,,,,0.0,,-0.0,,-0.5745743629160597,-0.2515850073158919,0.24720884567958146,0.0,0.0,0.0,0.0,-0.5789505245523702,0.0,0.0,-0.5789505245523702,False,1345814_YES.csv,1345814_YES
1770917160,2026-02-12 17:26:00,1,59.0,46.61,0.7899999999866102,46.61,,,0.0,0.0,,0.0,,,,0.0,,-0.0,,-0.5745743629160597,-0.4750705355200379,-0.22625360625609253,0.0,0.0,0.0,0.0,-1.27589850469219,0.0,0.0,-1.27589850469219,False,1345814_YES.csv,1345814_YES
1770917280,2026-02-12 17:28:00,2,150.26,121.708,0.8099826966537338,60.854,,,0.0,0.0,,0.0,,,,0.0,,-0.0,,-0.26976973477802185,-0.17285161632606758,-0.10695243096915037,0.0,0.0,0.0,0.0,-0.5495737820732398,0.0,0.0,-0.5495737820732398,False,1345814_YES.csv,1345814_YES
1770917340,2026-02-12 17:29:00,2,67.83250000000001,54.266000000000005,0.7999999999882061,27.133000000000003,,,0.0,0.0,,0.0,,,,0.0,,-0.0,,-0.27558059233631643,-0.4526949935351369,-0.4008313560457206,0.0,0.0,0.0,0.0,-1.129106941917174,0.0,0.0,-1.129106941917174,False,1345814_YES.csv,1345814_YES
1770917400,2026-02-12 17:30:00,1,2.0,1.58,0.789999999605,1.58,,,0.0,0.0,,0.0,,,,0.0,,-0.0,,-0.5810425056757393,-0.7914118712160703,-0.7801767673446134,0.0,0.0,0.0,0.0,-2.152631144236423,0.0,0.0,-2.152631144236423,False,1345814_YES.csv,1345814_YES
1770917460,2026-02-12 17:31:00,1,7.0,5.53,0.7899999998871429,5.53,,,0.0,0.0,,0.0,,,,0.0,,-0.0,,-0.5810425056757393,-0.7438807638385069,-0.7135121896586286,0.0,0.0,0.0,0.0,-2.0384354591728746,0.0,0.0,-2.0384354591728746,False,1345814_YES.csv,1345814_YES
1770917520,2026-02-12 17:32:00,1,36.0,28.08,0.7799999999783335,28.08,,,0.0,0.0,,0.0,,,,0.0,,-0.0,,-0.5810425056757393,-0.6179742599384124,-0.40489668566246717,0.0,0.0,0.0,0.0,-1.6039134512766189,0.0,0.0,-1.6039134512766189,False,1345814_YES.csv,1345814_YES
1770917640,2026-02-12 17:34:00,1,11.0,8.58,0.7799999999290909,8.58,,,0.0,0.0,,0.0,,,,0.0,,-0.0,,-0.5810425056757393,-0.7105458396182067,-0.6531480939478148,0.0,0.0,0.0,0.0,-1.944736439241761,0.0,0.0,-1.944736439241761,False,1345814_YES.csv,1345814_YES
1770917760,2026-02-12 17:36:00,2,188.0,144.76,0.7699999999959043,72.38,,,0.0,0.0,,0.0,,,,0.0,,-0.0,,-0.2472546815022732,0.06296444647647186,0.24990026929866135,0.0,0.0,0.0,0.0,0.06561003427286002,0.0,0.0,0.06561003427286002,False,1345814_YES.csv,1345814_YES
1770917820,2026-02-12 17:37:00,1,0.16,0.1248,0.7799999951250001,0.1248,,,0.0,0.0,,0.0,,,,0.0,,-0.0,,-0.5564414588361332,-0.7486823786667477,-0.7722010020240476,0.0,0.0,0.0,0.0,-2.0773248395269284,0.0,0.0,-2.0773248395269284,False,1345814_YES.csv,1345814_YES
1770917880,2026-02-12 17:38:00,4,344.84000000000003,274.6436,0.7964377682380337,68.6609,,,0.0,0.0,,0.0,,,,0.0,,-0.0,,0.4514262435533743,0.8409714634918489,0.2022885472599188,0.0,0.0,0.0,0.0,1.494686254305142,0.0,0.0,1.494686254305142,False,1345814_YES.csv,1345814_YES
1770917940,2026-02-12 17:39:00,1,237.0,187.23,0.7899999999966668,187.23,,,0.0,0.0,,0.0,,,,0.0,,-0.0,,-0.5517431865652351,0.3185721831449392,1.8120035467205577,0.0,0.0,0.0,0.0,1.578832543300262,0.0,0.0,1.578832543300262,False,1345814_YES.csv,1345814_YES
1770918420,2026-02-12 17:47:00,1,16.0,12.32,0.7699999999518751,12.32,,,0.0,0.0,,0.0,,,,0.0,,-0.0,,-0.5517431865652351,-0.6783747549355655,-0.6074703625971054,0.0,0.0,0.0,0.0,-1.8375883040979062,0.0,0.0,-1.8375883040979062,False,1345814_YES.csv,1345814_YES
1770918600,2026-02-12 17:50:00,1,15.0,11.55,0.7699999999486667,11.55,,,0.0,0.0,,0.0,,,,0.0,,-0.0,,-0.5517431865652351,-0.6640740991841183,-0.593500485067155,0.0,0.0,0.0,0.0,-1.8093177708165085,0.0,0.0,-1.8093177708165085,False,1345814_YES.csv,1345814_YES
1770918780,2026-02-12 17:53:00,1,130.103895,99.999999,0.7686164891468574,99.999999,,,0.0,0.0,,0.0,,,,0.0,,-0.0,,-0.5449921065413637,-0.16266467978111915,0.6889982648909008,0.0,0.0,0.0,0.0,-0.018658521431581976,0.0,0.0,-0.018658521431581976,False,1345814_YES.csv,1345814_YES
1770918900,2026-02-12 17:55:00,1,18.0,13.14,0.7299999999594444,13.14,,,0.0,0.0,,0.0,,,,0.0,,-0.0,,-0.5382894337573384,-0.6666344216439207,-0.5964388453499011,0.0,0.0,0.0,0.0,-1.8013627007511603,0.0,0.0,-1.8013627007511603,False,1345814_YES.csv,1345814_YES
1770919080,2026-02-12 17:58:00,1,17.0,12.41,0.7299999999570588,12.41,,,0.0,0.0,,0.0,,,,0.0,,-0.0,,-0.5382894337573384,-0.6719503331462446,-0.6098813316258046,0.0,0.0,0.0,0.0,-1.8201210985293876,0.0,0.0,-1.8201210985293876,False,1345814_YES.csv,1345814_YES
1770919200,2026-02-12 18:00:00,1,164.0,119.72,0.7299999999955489,119.72,,,0.0,0.0,,0.0,,,,0.0,,-0.0,,-0.5382894337573384,-0.061335308107500874,0.9470863597831135,0.0,0.0,0.0,0.0,0.34746161791827423,0.0,0.0,0.34746161791827423,False,1345814_YES.csv,1345814_YES
1770919620,2026-02-12 18:07:00,1,5.0,3.85,0.769999999846,3.85,,,0.0,0.0,,0.0,,,,0.0,,-0.0,,-0.5260059459086018,-0.7260110245790837,-0.7556681914775829,0.0,0.0,0.0,0.0,-2.0076851619652683,0.0,0.0,-2.0076851619652683,False,1345814_YES.csv,1345814_YES
1770920160,2026-02-12 18:16:00,1,6.578945,4.999998,0.7599999694844689,4.999998,,,0.0,0.0,,0.0,,,,0.0,,-0.0,,-0.5260059459086018,-0.717365870057327,-0.733818580433724,0.0,0.0,0.0,0.0,-1.9771903963996529,0.0,0.0,-1.9771903963996529,False,1345814_YES.csv,1345814_YES
1770920340,2026-02-12 18:19:00,1,11.16,7.811999999999999,0.6999999999372759,7.811999999999999,,,0.0,0.0,,0.0,,,,0.0,,-0.0,,-0.561010903800407,-0.7188624806197614,-0.6805311935428835,0.0,0.0,0.0,0.0,-1.960404577963052,0.0,0.0,-1.960404577963052,False,1345814_YES.csv,1345814_YES
1770920400,2026-02-12 18:20:00,1,5.0,3.5,0.6999999998599999,3.5,,,0.0,0.0,,0.0,,,,0.0,,-0.0,,-0.5458013396955294,-0.723786569230264,-0.724370243255513,0.0,0.0,0.0,0.0,-1.9939581521813063,0.0,0.0,-1.9939581521813063,False,1345814_YES.csv,1345814_YES
1770920520,2026-02-12 18:22:00,1,10.78,7.7616,0.7199999999332096,7.7616,,,0.0,0.0,,0.0,,,,0.0,,-0.0,,-0.5307575628543787,-0.6744471802251738,-0.6468776844240822,0.0,0.0,0.0,0.0,-1.8520824275036347,0.0,0.0,-1.8520824275036347,False,1345814_YES.csv,1345814_YES
1770920580,2026-02-12 18:23:00,2,10.0,7.2,0.7199999999279999,3.6,,,0.0,0.0,,0.0,,,,0.0,,-0.0,,-0.05492655562328196,-0.6888658187955278,-0.6895120933281851,0.0,0.0,0.0,0.0,-1.4333044677469948,0.0,0.0,-1.4333044677469948,False,1345814_YES.csv,1345814_YES
1770920640,2026-02-12 18:24:00,2,196.877533,141.80839899999998,0.7202873625975378,70.90419949999999,,,0.0,0.0,,0.0,,,,0.0,,-0.0,,0.05781347128519399,0.4243402805042182,0.2763433581843995,0.0,0.0,0.0,0.0,0.7584971099738116,0.0,0.0,0.7584971099738116,False,1345814_YES.csv,1345814_YES
1770920700,2026-02-12 18:25:00,2,18.0,12.6,0.6999999999611111,6.3,,,0.0,0.0,,0.0,,,,0.0,,-0.0,,0.13043269309460848,-0.6417739805165428,-0.6464262389071793,0.0,0.0,0.0,0.0,-1.1577675263291136,0.0,0.0,-1.1577675263291136,False,1345814_YES.csv,1345814_YES
1770920760,2026-02-12 18:26:00,1,15.0,10.8,0.7199999999519999,10.8,,,0.0,0.0,,0.0,,,,0.0,,-0.0,,-0.6369748453883857,-0.6522959910321309,-0.5792201999820524,0.0,0.0,0.0,0.0,-1.868491036402569,0.0,0.0,-1.868491036402569,False,1345814_YES.csv,1345814_YES
1770920940,2026-02-12 18:29:00,1,40.0,28.0,0.6999999999825001,28.0,,,0.0,0.0,,0.0,,,,0.0,,-0.0,,-0.6369748453883857,-0.4915605833682162,-0.31461396241759537,0.0,0.0,0.0,0.0,-1.4431493911741973,0.0,0.0,-1.4431493911741973,False,1345814_YES.csv,1345814_YES
1770921000,2026-02-12 18:30:00,1,12.81,8.838899999999999,0.6899999999461357,8.838899999999999,,,0.0,0.0,,0.0,,,,0.0,,-0.0,,-0.6369748453883857,-0.6450604713118966,-0.5745348945288518,0.0,0.0,0.0,0.0,-1.856570211229134,0.0,0.0,-1.856570211229134,False,1345814_YES.csv,1345814_YES
1770921180,2026-02-12 18:33:00,1,133.16,93.212,0.6999999999947432,93.212,,,0.0,0.0,,0.0,,,,0.0,,-0.0,,-0.6308229305254361,0.10841037885807107,0.6294322698234734,0.0,0.0,0.0,0.0,0.10701971815610833,0.0,0.0,0.10701971815610833,False,1345814_YES.csv,1345814_YES
1770921480,2026-02-12 18:38:00,1,1.13,0.8135999999999999,0.7199999993628318,0.8135999999999999,,,0.0,0.0,,0.0,,,,0.0,,-0.0,,-0.6061446003883725,-0.6786379447054767,-0.6813621862869514,0.0,0.0,0.0,0.0,-1.9661447313808005,0.0,0.0,-1.9661447313808005,False,1345814_YES.csv,1345814_YES
1770921600,2026-02-12 18:40:00,1,29.0,21.17,0.7299999999748276,21.17,,,0.0,0.0,,0.0,,,,0.0,,-0.0,,-0.5899852505531012,-0.49710556140091955,-0.3934743549250842,0.0,0.0,0.0,0.0,-1.480565166879105,0.0,0.0,-1.480565166879105,False,1345814_YES.csv,1345814_YES
1770921660,2026-02-12 18:41:00,1,16.0,11.52,0.719999999955,11.52,,,0.0,0.0,,0.0,,,,0.0,,-0.0,,-0.5740304046701611,-0.5617430357007497,-0.5064017683145123,0.0,0.0,0.0,0.0,-1.642175208685423,0.0,0.0,-1.642175208685423,False,1345814_YES.csv,1345814_YES
1770922020,2026-02-12 18:47:00,1,16.0,11.84,0.73999999995375,11.84,,,0.0,0.0,,0.0,,,,0.0,,-0.0,,-0.5582672091848473,-0.5559409467969972,-0.47861512617054003,0.0,0.0,0.0,0.0,-1.5928232821523844,0.0,0.0,-1.5928232821523844,False,1345814_YES.csv,1345814_YES
1770922140,2026-02-12 18:49:00,1,6.0,4.5600000000000005,0.7599999998733334,4.5600000000000005,,,0.0,0.0,,0.0,,,,0.0,,-0.0,,-0.5426833460043539,-0.6097233301134047,-0.5687680391257582,0.0,0.0,0.0,0.0,-1.7211747152435168,0.0,0.0,-1.7211747152435168,False,1345814_YES.csv,1345814_YES
1770922260,2026-02-12 18:51:00,1,16.0,12.0,0.749999999953125,12.0,,,0.0,0.0,,0.0,,,,0.0,,-0.0,,-0.5426833460043539,-0.5014857213948631,-0.4282769025042402,0.0,0.0,0.0,0.0,-1.472445969903457,0.0,0.0,-1.472445969903457,False,1345814_YES.csv,1345814_YES
1770922680,2026-02-12 18:58:00,1,18.0,13.32,0.7399999999588889,13.32,,,0.0,0.0,,0.0,,,,0.0,,-0.0,,-0.5272669828504225,-0.5270298722271983,-0.38501907688251086,0.0,0.0,0.0,0.0,-1.4393159319601316,0.0,0.0,-1.4393159319601316,False,1345814_YES.csv,1345814_YES
1770922860,2026-02-12 19:01:00,1,18.0,13.5,0.7499999999583333,13.5,,,0.0,0.0,,0.0,,,,0.0,,-0.0,,-0.5272669828504225,-0.5281238222817678,-0.38593501451340245,0.0,0.0,0.0,0.0,-1.4413258196455927,0.0,0.0,-1.4413258196455927,False,1345814_YES.csv,1345814_YES
1770923100,2026-02-12 19:05:00,1,1.315787,0.999998,0.7599999082222275,0.999998,,,0.0,0.0,,0.0,,,,0.0,,-0.0,,-0.5272669828504225,-0.7197454279382858,-0.6355667595673143,0.0,0.0,0.0,0.0,-1.8825791703560224,0.0,0.0,-1.8825791703560224,False,1345814_YES.csv,1345814_YES
1770923400,2026-02-12 19:10:00,1,40.0,28.76,0.718999999982025,28.76,,,0.0,0.0,,0.0,,,,0.0,,-0.0,,-0.5120067271502196,-0.29546523663037716,-0.08550029225953744,0.0,0.0,0.0,0.0,-0.8929722560401342,0.0,0.0,-0.8929722560401342,False,1345814_YES.csv,1345814_YES
1770923580,2026-02-12 19:13:00,2,31.013885000000002,22.149997,0.7141961414793987,11.0749985,,,0.0,0.0,,0.0,,,,0.0,,-0.0,,0.3850267705434095,-0.37304009457252263,-0.42864185817350803,0.0,0.0,0.0,0.0,-0.41665518220262115,0.0,0.0,-0.41665518220262115,False,1345814_YES.csv,1345814_YES
1770923640,2026-02-12 19:14:00,1,7.0,5.04,0.7199999998971428,5.04,,,0.0,0.0,,0.0,,,,0.0,,-0.0,,-0.47969114581017336,-0.6415993502973104,-0.5513332084828375,0.0,0.0,0.0,0.0,-1.6726237045903212,0.0,0.0,-1.6726237045903212,False,1345814_YES.csv,1345814_YES
1770923820,2026-02-12 19:17:00,1,1.35135,0.999999,0.7399999994523994,0.999999,,,0.0,0.0,,0.0,,,,0.0,,-0.0,,-0.47969114581017336,-0.7014716035786995,-0.6283239824778334,0.0,0.0,0.0,0.0,-1.809486731866706,0.0,0.0,-1.809486731866706,False,1345814_YES.csv,1345814_YES
1770923880,2026-02-12 19:18:00,1,2.666665,1.999998,0.749999718468574,1.999998,,,0.0,0.0,,0.0,,,,0.0,,-0.0,,-0.47969114581017336,-0.6768475066270327,-0.5978391387450569,0.0,0.0,0.0,0.0,-1.7543777911822631,0.0,0.0,-1.7543777911822631,False,1345814_YES.csv,1345814_YES
1770924180,2026-02-12 19:23:00,1,501.975,399.0,0.7948603018062754,399.0,,,0.0,0.0,,0.0,,,,0.0,,-0.0,,-0.47969114581017336,4.424249528560185,5.24150060982756,0.0,0.0,0.0,0.0,9.186058992577571,0.0,0.0,9.186058992577571,True,1345814_YES.csv,1345814_YES
1770924240,2026-02-12 19:24:00,3,26.87,21.2773,0.7918608112842627,7.092433333333333,,,0.0,0.0,,0.0,,,,0.0,,-0.0,,1.2873543525870845,-0.371960761725178,-0.4408883246905918,0.0,0.0,0.0,0.0,0.4745052661713147,0.0,0.0,0.4745052661713147,False,1345814_YES.csv,1345814_YES
1770924660,2026-02-12 19:31:00,2,17.83,13.907399999999999,0.7799999999562536,6.9536999999999995,,,0.0,0.0,,0.0,,,,0.0,,-0.0,,0.3850267705434094,-0.44494545223413196,-0.4288671780236529,0.0,0.0,0.0,0.0,-0.48878585971437544,0.0,0.0,-0.48878585971437544,False,1345814_YES.csv,1345814_YES
1770924720,2026-02-12 19:32:00,1,5.0,3.95,0.789999999842,3.95,,,0.0,0.0,,0.0,,,,0.0,,-0.0,,-0.4883068233951011,-0.5668395714799273,-0.46881456537803584,0.0,0.0,0.0,0.0,-1.5239609602530642,0.0,0.0,-1.5239609602530642,False,1345814_YES.csv,1345814_YES
1770924900,2026-02-12 19:35:00,1,1.0,0.79,0.78999999921,0.79,,,0.0,0.0,,0.0,,,,0.0,,-0.0,,-0.5161278522480834,-0.5869076999971657,-0.5159321661071177,0.0,0.0,0.0,0.0,-1.618967718352367,0.0,0.0,-1.618967718352367,False,1345814_YES.csv,1345814_YES
1770925320,2026-02-12 19:42:00,2,7.1899999999999995,5.8020000000000005,0.8069541028084906,2.9010000000000002,,,0.0,0.0,,0.0,,,,0.0,,-0.0,,0.6111395851053086,-0.5112549025202073,-0.474077929444394,0.0,0.0,0.0,0.0,-0.37419324685929267,0.0,0.0,-0.37419324685929267,False,1345814_YES.csv,1345814_YES
1770925440,2026-02-12 19:44:00,1,1.219511,0.999999,0.8199999829275832,0.999999,,,0.0,0.0,,0.0,,,,0.0,,-0.0,,-0.5347471369671448,-0.5703732456289291,-0.4964847020036043,0.0,0.0,0.0,0.0,-1.601605084599678,0.0,0.0,-1.601605084599678,False,1345814_YES.csv,1345814_YES
1770925620,2026-02-12 19:47:00,1,17.0,13.94,0.8199999999517646,13.94,,,0.0,0.0,,0.0,,,,0.0,,-0.0,,-0.5347471369671448,-0.37485362008266004,-0.26585093187842507,0.0,0.0,0.0,0.0,-1.1754516889282298,0.0,0.0,-1.1754516889282298,False,1345814_YES.csv,1345814_YES
1770925740,2026-02-12 19:49:00,5,29.85541,24.779989999999998,0.8299999899237692,4.955997999999999,,,0.0,0.0,,0.0,,,,0.0,,-0.0,,3.544435815619747,-0.22712568986930556,-0.41582164995304316,0.0,0.0,0.0,0.0,2.901488475797398,0.0,0.0,2.901488475797398,False,1345814_YES.csv,1345814_YES
1770925800,2026-02-12 19:50:00,2,48.506023,40.259999,0.8299999981274492,20.1299995,,,0.0,0.0,,0.0,,,,0.0,,-0.0,,0.6111395851053086,-0.01580081068158851,-0.16811117109754736,0.0,0.0,0.0,0.0,0.4272276033261727,0.0,0.0,0.4272276033261727,False,1345814_YES.csv,1345814_YES
1770925860,2026-02-12 19:51:00,2,36.0,29.52,0.8199999999772223,14.76,,,0.0,0.0,,0.0,,,,0.0,,-0.0,,0.6111395851053086,-0.16903817837610163,-0.25906915358413685,0.0,0.0,0.0,0.0,0.18303225314507016,0.0,0.0,0.18303225314507016,False,1345814_YES.csv,1345814_YES
1770925920,2026-02-12 19:52:00,1,18.0,14.580000000000002,0.809999999955,14.580000000000002,,,0.0,0.0,,0.0,,,,0.0,,-0.0,,-0.5152463116792421,-0.37117206965746424,-0.2629207588553415,0.0,0.0,0.0,0.0,-1.1493391401920479,0.0,0.0,-1.1493391401920479,False,1345814_YES.csv,1345814_YES
1770925980,2026-02-12 19:53:00,1,18.0,14.4,0.7999999999555556,14.4,,,0.0,0.0,,0.0,,,,0.0,,-0.0,,-0.48949505061385756,-0.3723199789065034,-0.2683092878890975,0.0,0.0,0.0,0.0,-1.1301243174094586,0.0,0.0,-1.1301243174094586,False,1345814_YES.csv,1345814_YES
1770926280,2026-02-12 19:58:00,3,34.060974,27.429998,0.8053204232854493,9.143332666666668,,,0.0,0.0,,0.0,,,,0.0,,-0.0,,1.9832633040857965,-0.19286887720269685,-0.3569438639187224,0.0,0.0,0.0,0.0,1.4334505629643772,0.0,0.0,1.4334505629643772,False,1345814_YES.csv,1345814_YES
1770926460,2026-02-12 20:01:00,2,38.0,30.020000000000003,0.7899999999792107,15.010000000000002,,,0.0,0.0,,0.0,,,,0.0,,-0.0,,0.7213448363509386,-0.16087601879928906,-0.25981846718399804,0.0,0.0,0.0,0.0,0.30065035036765153,0.0,0.0,0.30065035036765153,False,1345814_YES.csv,1345814_YES
1770926640,2026-02-12 20:04:00,2,33.0,26.22,0.7945454545213775,13.11,,,0.0,0.0,,0.0,,,,0.0,,-0.0,,0.7638825063558401,-0.19345341355384663,-0.2835086160300157,0.0,0.0,0.0,0.0,0.2869204767719778,0.0,0.0,0.2869204767719778,False,1345814_YES.csv,1345814_YES
1770926820,2026-02-12 20:07:00,1,6.097555,4.999995,0.8199999834655038,4.999995,,,0.0,0.0,,0.0,,,,0.0,,-0.0,,-0.5092550042372266,-0.47522144427066987,-0.39670666760066636,0.0,0.0,0.0,0.0,-1.3811831161085628,0.0,0.0,-1.3811831161085628,False,1345814_YES.csv,1345814_YES
1770926880,2026-02-12 20:08:00,1,1.432094,1.159996,0.8099999016754488,1.159996,,,0.0,0.0,,0.0,,,,0.0,,-0.0,,-0.5092550042372266,-0.5181789775816877,-0.4483337219371436,0.0,0.0,0.0,0.0,-1.4757677037560581,0.0,0.0,-1.4757677037560581,False,1345814_YES.csv,1345814_YES
1770927060,2026-02-12 20:11:00,2,435.24,330.7824,0.7599999999982539,165.3912,,,0.0,0.0,,0.0,,,,0.0,,-0.0,,0.7638825063558401,3.670968633793434,2.200669547157393,0.0,0.0,0.0,0.0,6.635520687306666,0.0,0.0,6.635520687306666,False,1345814_YES.csv,1345814_YES
1770927180,2026-02-12 20:13:00,2,20.66,15.908199999999999,0.7699999999627298,7.9540999999999995,,,0.0,0.0,,0.0,,,,0.0,,-0.0,,0.7638825063558401,-0.3088561221195139,-0.34305281594804676,0.0,0.0,0.0,0.0,0.11197356828827942,0.0,0.0,0.11197356828827942,False,1345814_YES.csv,1345814_YES
1770927240,2026-02-12 20:14:00,1,5.0,3.85,0.769999999846,3.85,,,0.0,0.0,,0.0,,,,0.0,,-0.0,,-0.5092550042372266,-0.46207949165761997,-0.4101616235458073,0.0,0.0,0.0,0.0,-1.3814961194406539,0.0,0.0,-1.3814961194406539,False,1345814_YES.csv,1345814_YES
1770927300,2026-02-12 20:15:00,2,145.037973,113.859998,0.7850357781766225,56.929999,,,0.0,0.0,,0.0,,,,0.0,,-0.0,,0.7408003224160478,0.9030420818630287,0.4346642930780622,0.0,0.0,0.0,0.0,2.0785066973571387,0.0,0.0,2.0785066973571387,False,1345814_YES.csv,1345814_YES
1770927480,2026-02-12 20:18:00,1,16.0,12.64,0.7899999999506251,12.64,,,0.0,0.0,,0.0,,,,0.0,,-0.0,,-0.5291430874400342,-0.36806271746613023,-0.27735188005978706,0.0,0.0,0.0,0.0,-1.1745576849659516,0.0,0.0,-1.1745576849659516,False,1345814_YES.csv,1345814_YES
1770927540,2026-02-12 20:19:00,1,18.0,14.04,0.7799999999566667,14.04,,,0.0,0.0,,0.0,,,,0.0,,-0.0,,-0.5291430874400342,-0.35175098326039433,-0.2563084534433644,0.0,0.0,0.0,0.0,-1.137202524143793,0.0,0.0,-1.137202524143793,False,1345814_YES.csv,1345814_YES
1770927600,2026-02-12 20:20:00,1,54.0,41.58,0.7699999999857408,41.58,,,0.0,0.0,,0.0,,,,0.0,,-0.0,,-0.5092550042372266,0.016798188671698456,0.19808200839943602,0.0,0.0,0.0,0.0,-0.2943748071660921,0.0,0.0,-0.2943748071660921,False,1345814_YES.csv,1345814_YES
1770927960,2026-02-12 20:26:00,2,16.013154,12.169996999999999,0.7599999974545926,6.084998499999999,,,0.0,0.0,,0.0,,,,0.0,,-0.0,,0.7408003224160478,-0.3618331982645881,-0.3799401160682009,0.0,0.0,0.0,0.0,-0.0009729919167412171,0.0,0.0,-0.0009729919167412171,False,1345814_YES.csv,1345814_YES
1770928020,2026-02-12 20:27:00,2,37.870126,28.799996999999998,0.76049382564081,14.399998499999999,,,0.0,0.0,,0.0,,,,0.0,,-0.0,,0.8621699452780548,-0.10524526673588368,-0.23089141928996293,0.0,0.0,0.0,0.0,0.5260332592522082,0.0,0.0,0.5260332592522082,False,1345814_YES.csv,1345814_YES
1770928140,2026-02-12 20:29:00,1,18.0,13.5,0.7499999999583333,13.5,,,0.0,0.0,,0.0,,,,0.0,,-0.0,,-0.5359434794971691,-0.2887119863143419,-0.21081498733951068,0.0,0.0,0.0,0.0,-1.0354704531510217,0.0,0.0,-1.0354704531510217,False,1345814_YES.csv,1345814_YES
1770928320,2026-02-12 20:32:00,1,155.0,113.15,0.7299999999952903,113.15,,,0.0,0.0,,0.0,,,,0.0,,-0.0,,-0.5359434794971691,1.1161954871450652,1.4585996517629913,0.0,0.0,0.0,0.0,2.0388516594108874,0.0,0.0,2.0388516594108874,False,1345814_YES.csv,1345814_YES
1770928380,2026-02-12 20:33:00,2,76.0,56.49,0.7432894736744304,28.245,,,0.0,0.0,,0.0,,,,0.0,,-0.0,,0.8358733220568239,0.29469660450522567,0.010380349953022993,0.0,0.0,0.0,0.0,1.1409502765150725,0.0,0.0,1.1409502765150725,False,1345814_YES.csv,1345814_YES
1770928440,2026-02-12 20:34:00,1,18.0,13.5,0.7499999999583333,13.5,,,0.0,0.0,,0.0,,,,0.0,,-0.0,,-0.5572488813712158,-0.30199586227595204,-0.21872086356273066,0.0,0.0,0.0,0.0,-1.0779656072098984,0.0,0.0,-1.0779656072098984,False,1345814_YES.csv,1345814_YES
1770928500,2026-02-12 20:35:00,1,2.28,1.71,0.7499999996710527,1.71,,,0.0,0.0,,0.0,,,,0.0,,-0.0,,-0.5572488813712158,-0.46861186247157066,-0.4181476912396084,0.0,0.0,0.0,0.0,-1.4440084350823947,0.0,0.0,-1.4440084350823947,False,1345814_YES.csv,1345814_YES
1770928560,2026-02-12 20:36:00,1,72.0,54.72,0.7599999999894443,54.72,,,0.0,0.0,,0.0,,,,0.0,,-0.0,,-0.5572488813712158,0.2842159072309892,0.4814348029389629,0.0,0.0,0.0,0.0,0.20840182879873637,0.0,0.0,0.20840182879873637,False,1345814_YES.csv,1345814_YES
1770928620,2026-02-12 20:37:00,1,72.0,54.72,0.7599999999894443,54.72,,,0.0,0.0,,0.0,,,,0.0,,-0.0,,-0.5572488813712158,0.3034891944218221,0.5102949841126052,0.0,0.0,0.0,0.0,0.25653529716321155,0.0,0.0,0.25653529716321155,False,1345814_YES.csv,1345814_YES
1770928740,2026-02-12 20:39:00,3,90.0,68.58,0.7619999999915333,22.86,,,0.0,0.0,,0.0,,,,0.0,,-0.0,,2.103330369254131,0.4895219990372342,-0.05410872009654887,0.0,0.0,0.0,0.0,2.5387436481948162,0.0,0.0,2.5387436481948162,False,1345814_YES.csv,1345814_YES
1770928860,2026-02-12 20:41:00,3,94.0,72.38,0.7699999999918085,24.126666666666665,,,0.0,0.0,,0.0,,,,0.0,,-0.0,,1.9927029733377442,0.5281088687814947,-0.03750683248028599,0.0,0.0,0.0,0.0,2.483305009638953,0.0,0.0,2.483305009638953,False,1345814_YES.csv,1345814_YES
1770928980,2026-02-12 20:43:00,1,18.0,13.68,0.7599999999577778,13.68,,,0.0,0.0,,0.0,,,,0.0,,-0.0,,-0.6064748179723567,-0.3278072913283553,-0.22299099384520177,0.0,0.0,0.0,0.0,-1.1572731031459138,0.0,0.0,-1.1572731031459138,False,1345814_YES.csv,1345814_YES
1770929040,2026-02-12 20:44:00,5,119.0387,89.582399,0.7525485325297356,17.916479799999998,,,0.0,0.0,,0.0,,,,0.0,,-0.0,,3.8868465055332053,0.7543281444551039,-0.15288426300784805,0.0,0.0,0.0,0.0,4.488290386980461,0.0,0.0,4.488290386980461,False,1345814_YES.csv,1345814_YES
1770929100,2026-02-12 20:45:00,1,36.0,27.36,0.7599999999788889,27.36,,,0.0,0.0,,0.0,,,,0.0,,-0.0,,-0.597976385466647,-0.15401149411722373,0.007670957995127488,0.0,0.0,0.0,0.0,-0.7443169215887432,0.0,0.0,-0.7443169215887432,False,1345814_YES.csv,1345814_YES
1770929160,2026-02-12 20:46:00,1,18.0,13.68,0.7599999999577778,13.68,,,0.0,0.0,,0.0,,,,0.0,,-0.0,,-0.5789812992846706,-0.35470448839727603,-0.2366541671804186,0.0,0.0,0.0,0.0,-1.1703399548623652,0.0,0.0,-1.1703399548623652,False,1345814_YES.csv,1345814_YES
1770929220,2026-02-12 20:47:00,3,23.963597,17.769995,0.741541221848225,5.923331666666667,,,0.0,0.0,,0.0,,,,0.0,,-0.0,,1.6104788553426872,-0.27031871472701957,-0.3558536838150321,0.0,0.0,0.0,0.0,0.9843064568006354,0.0,0.0,0.9843064568006354,False,1345814_YES.csv,1345814_YES
1770929280,2026-02-12 20:48:00,2,20.0,14.620000000000001,0.73099999996345,7.3100000000000005,,,0.0,0.0,,0.0,,,,0.0,,-0.0,,0.5124250903363095,-0.3175970409195125,-0.3316197926762199,0.0,0.0,0.0,0.0,-0.13679174325942295,0.0,0.0,-0.13679174325942295,False,1345814_YES.csv,1345814_YES
1770929340,2026-02-12 20:49:00,4,186.0,135.84,0.7303225806412349,33.96,,,0.0,0.0,,0.0,,,,0.0,,-0.0,,2.512538531599767,1.4259876284865,0.13378706325172732,0.0,0.0,0.0,0.0,4.072313223337995,0.0,0.0,4.072313223337995,False,1345814_YES.csv,1345814_YES
1770929400,2026-02-12 20:50:00,11,464.402693,335.337995,0.7220845185737929,30.485272272727272,,,0.0,0.0,,0.0,,,,0.0,,-0.0,,5.9782422609805135,3.7199871696445634,0.07145605115294114,0.0,0.0,0.0,0.0,9.769685481778017,0.0,0.0,9.769685481778017,True,1345814_YES.csv,1345814_YES
1770929520,2026-02-12 20:52:00,1,18.0,12.78,0.7099999999605555,12.78,,,0.0,0.0,,0.0,,,,0.0,,-0.0,,-0.4847223454849065,-0.38880286751321524,-0.24362595512737217,0.0,0.0,0.0,0.0,-1.1171511681254938,0.0,0.0,-1.1171511681254938,False,1345814_YES.csv,1345814_YES
1770929700,2026-02-12 20:55:00,1,183.0,135.42,0.7399999999959562,135.42,,,0.0,0.0,,0.0,,,,0.0,,-0.0,,-0.4847223454849065,1.1551813191804206,1.8818349072275347,0.0,0.0,0.0,0.0,2.552293880923049,0.0,0.0,2.552293880923049,False,1345814_YES.csv,1345814_YES
1770930120,2026-02-12 21:02:00,1,13.01,9.7575,0.7499999999423521,9.7575,,,0.0,0.0,,0.0,,,,0.0,,-0.0,,-0.4847223454849065,-0.43502654729832835,-0.30667814742859945,0.0,0.0,0.0,0.0,-1.2264270402118345,0.0,0.0,-1.2264270402118345,False,1345814_YES.csv,1345814_YES
1770930180,2026-02-12 21:03:00,1,9.74,7.305,0.7499999999229979,7.305,,,0.0,0.0,,0.0,,,,0.0,,-0.0,,-0.4847223454849065,-0.4626055886201771,-0.3450338154429835,0.0,0.0,0.0,0.0,-1.292361749548067,0.0,0.0,-1.292361749548067,False,1345814_YES.csv,1345814_YES
1770930240,2026-02-12 21:04:00,1,4.0,3.08,0.7699999998075,3.08,,,0.0,0.0,,0.0,,,,0.0,,-0.0,,-0.4847223454849065,-0.5137788032749772,-0.41572179531922476,0.0,0.0,0.0,0.0,-1.4142229440791083,0.0,0.0,-1.4142229440791083,False,1345814_YES.csv,1345814_YES
1770930300,2026-02-12 21:05:00,1,4.0,3.04,0.75999999981,3.04,,,0.0,0.0,,0.0,,,,0.0,,-0.0,,-0.4847223454849065,-0.5119911497289955,-0.41350514722755266,0.0,0.0,0.0,0.0,-1.4102186424414547,0.0,0.0,-1.4102186424414547,False,1345814_YES.csv,1345814_YES
1770930660,2026-02-12 21:11:00,1,23.0,17.71,0.7699999999665218,17.71,,,0.0,0.0,,0.0,,,,0.0,,-0.0,,-0.4847223454849065,-0.330109147513847,-0.16275320344746094,0.0,0.0,0.0,0.0,-0.9775846964462144,0.0,0.0,-0.9775846964462144,False,1345814_YES.csv,1345814_YES
1770930900,2026-02-12 21:15:00,2,82.35,64.233,0.7799999999905283,32.1165,,,0.0,0.0,,0.0,,,,0.0,,-0.0,,0.1510790704243659,0.2465727981187619,0.08188444866957688,0.0,0.0,0.0,0.0,0.47953631721270473,0.0,0.0,0.47953631721270473,False,1345814_YES.csv,1345814_YES
1770931080,2026-02-12 21:18:00,2,326.0,254.82,0.7816564417153937,127.41,,,0.0,0.0,,0.0,,,,0.0,,-0.0,,0.1405626435965768,2.467327131580807,1.6657089658197286,0.0,0.0,0.0,0.0,4.273598740997112,0.0,0.0,4.273598740997112,False,1345814_YES.csv,1345814_YES
1770931140,2026-02-12 21:19:00,3,42.0,33.18,0.7899999999811905,11.06,,,0.0,0.0,,0.0,,,,0.0,,-0.0,,0.7655070890340016,-0.1905587309325316,-0.30912220807885166,0.0,0.0,0.0,0.0,0.2658261500226183,0.0,0.0,0.2658261500226183,False,1345814_YES.csv,1345814_YES
1770931200,2026-02-12 21:20:00,2,67.078394,54.226499000000004,0.8084048493944502,27.113249500000002,,,0.0,0.0,,0.0,,,,0.0,,-0.0,,0.10806730842964135,0.05125382432242546,-0.04407386381228924,0.0,0.0,0.0,0.0,0.11524726893977756,0.0,0.0,0.11524726893977756,False,1345814_YES.csv,1345814_YES
1770931260,2026-02-12 21:21:00,5,195.0,154.23,0.7909230769190211,30.845999999999997,,,0.0,0.0,,0.0,,,,0.0,,-0.0,,1.9481051790104347,1.2133495571911752,0.018827850236675714,0.0,0.0,0.0,0.0,3.1802825864382855,0.0,0.0,3.1802825864382855,False,1345814_YES.csv,1345814_YES
1770931320,2026-02-12 21:22:00,4,171.07,130.1932,0.761052200849003,32.5483,,,0.0,0.0,,0.0,,,,0.0,,-0.0,,1.280301984469613,0.9011389113538538,0.041731557202518886,0.0,0.0,0.0,0.0,2.2231724530259855,0.0,0.0,2.2231724530259855,False,1345814_YES.csv,1345814_YES
1770931380,2026-02-12 21:23:00,2,30.0,22.8,0.7599999999746667,11.4,,,0.0,0.0,,0.0,,,,0.0,,-0.0,,0.03106442280824726,-0.3707093809604889,-0.32032673237119097,0.0,0.0,0.0,0.0,-0.6599716905234325,0.0,0.0,-0.6599716905234325,False,1345814_YES.csv,1345814_YES
1770931440,2026-02-12 21:24:00,2,1004.0,753.0,0.749999999999253,376.5,,,0.0,0.0,,0.0,,,,0.0,,-0.0,,0.020771995413938288,5.562671877619379,4.617129942998038,0.0,0.0,0.0,0.0,10.200573816031355,0.0,0.0,10.200573816031355,True,1345814_YES.csv,1345814_YES
1770931620,2026-02-12 21:27:00,1,55.0,41.8,0.7599999999861818,41.8,,,0.0,0.0,,0.0,,,,0.0,,-0.0,,-0.6023878670042084,-0.20748258169752973,0.06360074680651463,0.0,0.0,0.0,0.0,-0.7462697018952236,0.0,0.0,-0.7462697018952236,False,1345814_YES.csv,1345814_YES
1770931680,2026-02-12 21:28:00,1,32.68831,24.999998,0.7647993426162198,24.999998,,,0.0,0.0,,0.0,,,,0.0,,-0.0,,-0.6023878670042084,-0.3132922759231526,-0.10501440765637683,0.0,0.0,0.0,0.0,-1.020694550583738,0.0,0.0,-1.020694550583738,False,1345814_YES.csv,1345814_YES
1770931800,2026-02-12 21:30:00,9,325.948047,247.989996,0.7608267583798076,27.554444,,,0.0,0.0,,0.0,,,,0.0,,-0.0,,3.768276926187133,1.5564543347920956,-0.06565930443471368,0.0,0.0,0.0,0.0,5.259071956544514,0.0,0.0,5.259071956544514,False,1345814_YES.csv,1345814_YES
1770931920,2026-02-12 21:32:00,1,153.0,116.28,0.7599999999950328,116.28,,,0.0,0.0,,0.0,,,,0.0,,-0.0,,-0.569087946073315,0.42235695910065824,1.4605604656992792,0.0,0.0,0.0,0.0,1.3138294787266225,0.0,0.0,1.3138294787266225,False,1345814_YES.csv,1345814_YES
1770932100,2026-02-12 21:35:00,2,36.0,28.44,0.7899999999780557,14.22,,,0.0,0.0,,0.0,,,,0.0,,-0.0,,-0.036233431982568697,-0.32837504202173584,-0.333969073816569,0.0,0.0,0.0,0.0,-0.6985775478208736,0.0,0.0,-0.6985775478208736,False,1345814_YES.csv,1345814_YES
1770932220,2026-02-12 21:37:00,2,53.0,42.28,0.7977358490415523,21.14,,,0.0,0.0,,0.0,,,,0.0,,-0.0,,-0.04542274348783523,-0.21693156641712105,-0.21885342444787204,0.0,0.0,0.0,0.0,-0.4812077343528283,0.0,0.0,-0.4812077343528283,False,1345814_YES.csv,1345814_YES
1770932280,2026-02-12 21:38:00,1,18.0,14.4,0.7999999999555556,14.4,,,0.0,0.0,,0.0,,,,0.0,,-0.0,,-0.5797349117210975,-0.45637011582296794,-0.34146592714326685,0.0,0.0,0.0,0.0,-1.3775709546873323,0.0,0.0,-1.3775709546873323,False,1345814_YES.csv,1345814_YES
1770932520,2026-02-12 21:42:00,1,28.0,22.4,0.7999999999714287,22.4,,,0.0,0.0,,0.0,,,,0.0,,-0.0,,-0.5797349117210975,-0.39168360905654526,-0.20715096247590783,0.0,0.0,0.0,0.0,-1.1785694832535505,0.0,0.0,-1.1785694832535505,False,1345814_YES.csv,1345814_YES
1770932820,2026-02-12 21:47:00,1,26.0,20.54,0.7899999999696153,20.54,,,0.0,0.0,,0.0,,,,0.0,,-0.0,,-0.5797349117210975,-0.40870221225447967,-0.24213460524792596,0.0,0.0,0.0,0.0,-1.2305717292235032,0.0,0.0,-1.2305717292235032,False,1345814_YES.csv,1345814_YES
1770932880,2026-02-12 21:48:00,1,18.0,14.4,0.7999999999555556,14.4,,,0.0,0.0,,0.0,,,,0.0,,-0.0,,-0.554338945652086,-0.4594672613109228,-0.3540097126876834,0.0,0.0,0.0,0.0,-1.367815919650692,0.0,0.0,-1.367815919650692,False,1345814_YES.csv,1345814_YES
1770933000,2026-02-12 21:50:00,1,3.0,2.4000000000000004,0.7999999997333335,2.4000000000000004,,,0.0,0.0,,0.0,,,,0.0,,-0.0,,-0.5437094298904229,-0.5554675995505876,-0.5601746045107977,0.0,0.0,0.0,0.0,-1.6593516339518084,0.0,0.0,-1.6593516339518084,False,1345814_YES.csv,1345814_YES
1770933060,2026-02-12 21:51:00,2,18.7037,14.999997,0.8019801963888439,7.4999985,,,0.0,0.0,,0.0,,,,0.0,,-0.0,,0.009215414065939339,-0.4455409040957299,-0.4674586447034017,0.0,0.0,0.0,0.0,-0.9037841347331923,0.0,0.0,-0.9037841347331923,False,1345814_YES.csv,1345814_YES
1770933240,2026-02-12 21:54:00,1,96.0,77.76,0.8099999999915625,77.76,,,0.0,0.0,,0.0,,,,0.0,,-0.0,,-0.5437094298904229,0.0806480113874492,0.7520797477626947,0.0,0.0,0.0,0.0,0.289018329259721,0.0,0.0,0.289018329259721,False,1345814_YES.csv,1345814_YES
1770933600,2026-02-12 22:00:00,2,118.0,94.4,0.7999999999932204,47.2,,,0.0,0.0,,0.0,,,,0.0,,-0.0,,0.0,0.21166308474490794,0.20490395431634276,0.0,0.0,0.0,0.0,0.4165670390612507,0.0,0.0,0.4165670390612507,False,1345814_YES.csv,1345814_YES
1770933780,2026-02-12 22:03:00,1,18.0,14.4,0.7999999999555556,14.4,,,0.0,0.0,,0.0,,,,0.0,,-0.0,,-0.5359540364512383,-0.47024929938530535,-0.3744611071958079,0.0,0.0,0.0,0.0,-1.3806644430323516,0.0,0.0,-1.3806644430323516,False,1345814_YES.csv,1345814_YES
1770934080,2026-02-12 22:08:00,1,23.0,18.4,0.7999999999652175,18.4,,,0.0,0.0,,0.0,,,,0.0,,-0.0,,-0.5254601548968639,-0.43413267942974426,-0.3050774759122106,0.0,0.0,0.0,0.0,-1.2646703102388188,0.0,0.0,-1.2646703102388188,False,1345814_YES.csv,1345814_YES
1770934260,2026-02-12 22:11:00,1,5.0,4.050000000000001,0.8099999998380001,4.050000000000001,,,0.0,0.0,,0.0,,,,0.0,,-0.0,,-0.5150633011342095,-0.552702967728182,-0.554642004323619,0.0,0.0,0.0,0.0,-1.6224082731860103,0.0,0.0,-1.6224082731860103,False,1345814_YES.csv,1345814_YES
1770934320,2026-02-12 22:12:00,1,5.0,4.050000000000001,0.8099999998380001,4.050000000000001,,,0.0,0.0,,0.0,,,,0.0,,-0.0,,-0.5150633011342095,-0.5525263450844656,-0.5542774798777758,0.0,0.0,0.0,0.0,-1.621867126096451,0.0,0.0,-1.621867126096451,False,1345814_YES.csv,1345814_YES
1770934380,2026-02-12 22:13:00,1,54.0,43.2,0.7999999999851853,43.2,,,0.0,0.0,,0.0,,,,0.0,,-0.0,,-0.5150633011342095,-0.2252468571018415,0.12284768803198347,0.0,0.0,0.0,0.0,-0.6174624702040675,0.0,0.0,-0.6174624702040675,False,1345814_YES.csv,1345814_YES
1770934440,2026-02-12 22:14:00,1,54.0,43.2,0.7999999999851853,43.2,,,0.0,0.0,,0.0,,,,0.0,,-0.0,,-0.5047596441459196,-0.19268559828958085,0.1663940517731568,0.0,0.0,0.0,0.0,-0.5310511906623436,0.0,0.0,-0.5310511906623436,False,1345814_YES.csv,1345814_YES
1770934560,2026-02-12 22:16:00,1,12.0,9.6,0.7999999999333335,9.6,,,0.0,0.0,,0.0,,,,0.0,,-0.0,,-0.4945454784919449,-0.4918092548815667,-0.45578174968772456,0.0,0.0,0.0,0.0,-1.4421364830612362,0.0,0.0,-1.4421364830612362,False,1345814_YES.csv,1345814_YES
1770934920,2026-02-12 22:22:00,1,5.0,3.9,0.779999999844,3.9,,,0.0,0.0,,0.0,,,,0.0,,-0.0,,-0.4945454784919449,-0.542736940089118,-0.5612705453228826,0.0,0.0,0.0,0.0,-1.5985529639039455,0.0,0.0,-1.5985529639039455,False,1345814_YES.csv,1345814_YES
1770935040,2026-02-12 22:24:00,1,36.0,28.44,0.7899999999780557,28.44,,,0.0,0.0,,0.0,,,,0.0,,-0.0,,-0.48441721708855456,-0.3110620218585482,-0.09855283584586469,0.0,0.0,0.0,0.0,-0.8940320747929675,0.0,0.0,-0.8940320747929675,False,1345814_YES.csv,1345814_YES
1770935100,2026-02-12 22:25:00,7,586.0,478.35999999999996,0.8163139931726684,68.33714285714285,,,0.0,0.0,,0.0,,,,0.0,,-0.0,,2.59215812730338,3.290468189428529,0.6222788615723809,0.0,0.0,0.0,0.0,6.5049051783042895,0.0,0.0,6.5049051783042895,False,1345814_YES.csv,1345814_YES
1770935160,2026-02-12 22:26:00,1,2.59,2.0461,0.7899999996949807,2.0461,,,0.0,0.0,,0.0,,,,0.0,,-0.0,,-0.5080974402355461,-0.5548500583657642,-0.5988086068340959,0.0,0.0,0.0,0.0,-1.6617561054354062,0.0,0.0,-1.6617561054354062,False,1345814_YES.csv,1345814_YES
1770935220,2026-02-12 22:27:00,1,18.0,14.4,0.7999999999555556,14.4,,,0.0,0.0,,0.0,,,,0.0,,-0.0,,-0.5080974402355461,-0.4509135285699872,-0.36205648036747673,0.0,0.0,0.0,0.0,-1.32106744917301,0.0,0.0,-1.32106744917301,False,1345814_YES.csv,1345814_YES
1770935280,2026-02-12 22:28:00,2,205.0,168.1,0.819999999996,84.05,,,0.0,0.0,,0.0,,,,0.0,,-0.0,,0.00861182102094143,0.7646010709407085,0.8941891989734213,0.0,0.0,0.0,0.0,1.667402090935071,0.0,0.0,1.667402090935071,False,1345814_YES.csv,1345814_YES
1770935400,2026-02-12 22:30:00,1,14.0,11.62,0.8299999999407143,11.62,,,0.0,0.0,,0.0,,,,0.0,,-0.0,,-0.4984154324720735,-0.489922267594042,-0.4342519982777764,0.0,0.0,0.0,0.0,-1.422589698343892,0.0,0.0,-1.422589698343892,False,1345814_YES.csv,1345814_YES
1770935700,2026-02-12 22:35:00,3,72.0,59.76,0.8299999999884722,19.919999999999998,,,0.0,0.0,,0.0,,,,0.0,,-0.0,,0.5155247479663471,-0.10989301827313672,-0.2841174945879781,0.0,0.0,0.0,0.0,0.1215142351052323,0.0,0.0,0.1215142351052323,False,1345814_YES.csv,1345814_YES
1770935760,2026-02-12 22:36:00,4,145.0,120.35,0.8299999999942759,30.0875,,,0.0,0.0,,0.0,,,,0.0,,-0.0,,0.99888196338933,0.3762673067117781,-0.0733101544849465,0.0,0.0,0.0,0.0,1.3018391156161615,0.0,0.0,1.3018391156161615,False,1345814_YES.csv,1345814_YES
1770935880,2026-02-12 22:38:00,1,61.72,50.6104,0.8199999999867142,50.6104,,,0.0,0.0,,0.0,,,,0.0,,-0.0,,-0.5280515114465867,-0.183563163248869,0.3031134739614052,0.0,0.0,0.0,0.0,-0.4085012007340505,0.0,0.0,-0.4085012007340505,False,1345814_YES.csv,1345814_YES
1770936000,2026-02-12 22:40:00,2,59.0,48.559999999999995,0.8230508474436771,24.279999999999998,,,0.0,0.0,,0.0,,,,0.0,,-0.0,,-0.025612358035623752,-0.2050778169808403,-0.19224379640202718,0.0,0.0,0.0,0.0,-0.4229339714184912,0.0,0.0,-0.4229339714184912,False,1345814_YES.csv,1345814_YES
1770936060,2026-02-12 22:41:00,5,129.18,105.7208,0.818399132986388,21.14416,,,0.0,0.0,,0.0,,,,0.0,,-0.0,,1.4534675414831084,0.24176734719242365,-0.2576226449259607,0.0,0.0,0.0,0.0,1.4376122437495713,0.0,0.0,1.4376122437495713,False,1345814_YES.csv,1345814_YES
1770936120,2026-02-12 22:42:00,2,36.0,29.88,0.8299999999769445,14.94,,,0.0,0.0,,0.0,,,,0.0,,-0.0,,-0.06739403052399696,-0.36665417389372545,-0.36152838630401496,0.0,0.0,0.0,0.0,-0.7955765907217374,0.0,0.0,-0.7955765907217374,False,1345814_YES.csv,1345814_YES
1770936180,2026-02-12 22:43:00,1,5.0,4.25,0.84999999983,4.25,,,0.0,0.0,,0.0,,,,0.0,,-0.0,,-0.5728492594539744,-0.5651114500071412,-0.5454724230698145,0.0,0.0,0.0,0.0,-1.6834331325309302,0.0,0.0,-1.6834331325309302,False,1345814_YES.csv,1345814_YES
1770936240,2026-02-12 22:44:00,4,90.0,76.32,0.8479999999905776,19.08,,,0.0,0.0,,0.0,,,,0.0,,-0.0,,0.9296400846160235,0.013521749929794913,-0.2665373909846973,0.0,0.0,0.0,0.0,0.6766244435611212,0.0,0.0,0.6766244435611212,False,1345814_YES.csv,1345814_YES
1770936300,2026-02-12 22:45:00,3,62.689423,53.924398,0.8601833518094403,17.974799333333333,,,0.0,0.0,,0.0,,,,0.0,,-0.0,,0.4271319307695244,-0.16410120416761226,-0.2851791891281665,0.0,0.0,0.0,0.0,-0.022148462526254353,0.0,0.0,-0.022148462526254353,False,1345814_YES.csv,1345814_YES
1770936420,2026-02-12 22:47:00,5,657.991817,578.392798,0.8790273420666582,115.6785596,,,0.0,0.0,,0.0,,,,0.0,,-0.0,,1.3794939263013566,3.531566281472677,1.4838793367985779,0.0,0.0,0.0,0.0,6.394939544572612,0.0,0.0,6.394939544572612,False,1345814_YES.csv,1345814_YES
1770936540,2026-02-12 22:49:00,1,16.0,13.92,0.869999999945625,13.92,,,0.0,0.0,,0.0,,,,0.0,,-0.0,,-0.577884376923474,-0.4885010008035214,-0.3843822162314362,0.0,0.0,0.0,0.0,-1.4507675939584317,0.0,0.0,-1.4507675939584317,False,1345814_YES.csv,1345814_YES
1770936780,2026-02-12 22:53:00,1,11.38,9.9006,0.86999999992355,9.9006,,,0.0,0.0,,0.0,,,,0.0,,-0.0,,-0.577884376923474,-0.5145734727091181,-0.4521313465487916,0.0,0.0,0.0,0.0,-1.5445891961813838,0.0,0.0,-1.5445891961813838,False,1345814_YES.csv,1345814_YES
1770937020,2026-02-12 22:57:00,2,214.0,188.0,0.8785046728930912,94.0,,,0.0,0.0,,0.0,,,,0.0,,-0.0,,-0.08398833924210292,0.7306023556219483,1.0564127792168738,0.0,0.0,0.0,0.0,1.703026795596719,0.0,0.0,1.703026795596719,False,1345814_YES.csv,1345814_YES
1770937200,2026-02-12 23:00:00,1,51.0,44.37,0.8699999999829412,44.37,,,0.0,0.0,,0.0,,,,0.0,,-0.0,,-0.5703846735539306,-0.2926615682897911,0.14273919338108848,0.0,0.0,0.0,0.0,-0.7203070484626333,0.0,0.0,-0.7203070484626333,False,1345814_YES.csv,1345814_YES
1770937260,2026-02-12 23:01:00,3,72.0,62.46,0.8674999999879514,20.82,,,0.0,0.0,,0.0,,,,0.0,,-0.0,,0.4271319307695244,-0.17006473056961227,-0.2910717791449216,0.0,0.0,0.0,0.0,-0.03400457894500947,0.0,0.0,-0.03400457894500947,False,1345814_YES.csv,1345814_YES
1770937320,2026-02-12 23:02:00,1,93.0,81.84,0.8799999999905377,81.84,,,0.0,0.0,,0.0,,,,0.0,,-0.0,,-0.5554398227671867,-0.025647935723803243,0.8038883651787829,0.0,0.0,0.0,0.0,0.222800606687793,0.0,0.0,0.222800606687793,False,1345814_YES.csv,1345814_YES
1770937380,2026-02-12 23:03:00,1,97.0,84.39,0.869999999991031,84.39,,,0.0,0.0,,0.0,,,,0.0,,-0.0,,-0.5819990598639174,0.02299306940828762,0.8290371431965141,0.0,0.0,0.0,0.0,0.2700311527408843,0.0,0.0,0.2700311527408843,False,1345814_YES.csv,1345814_YES
1770937440,2026-02-12 23:04:00,1,134.0,117.92,0.8799999999934329,117.92,,,0.0,0.0,,0.0,,,,0.0,,-0.0,,-0.5819990598639174,0.2564487496751485,1.3819041904096672,0.0,0.0,0.0,0.0,1.0563538802208983,0.0,0.0,1.0563538802208983,False,1345814_YES.csv,1345814_YES
1770937500,2026-02-12 23:05:00,1,1.94,1.6878,0.8699999995515464,1.6878,,,0.0,0.0,,0.0,,,,0.0,,-0.0,,-0.5819990598639174,-0.5800021402688438,-0.65952660905504,0.0,0.0,0.0,0.0,-1.821527809187801,0.0,0.0,-1.821527809187801,False,1345814_YES.csv,1345814_YES
1770937560,2026-02-12 23:06:00,1,11.38,9.9006,0.86999999992355,9.9006,,,0.0,0.0,,0.0,,,,0.0,,-0.0,,-0.5819990598639174,-0.5197965813581746,-0.5103457400459731,0.0,0.0,0.0,0.0,-1.612141381268065,0.0,0.0,-1.612141381268065,False,1345814_YES.csv,1345814_YES
1770937680,2026-02-12 23:08:00,1,36.0,31.68,0.8799999999755557,31.68,,,0.0,0.0,,0.0,,,,0.0,,-0.0,,-0.5819990598639174,-0.36355402113815183,-0.12227532807929152,0.0,0.0,0.0,0.0,-1.0678284090813608,0.0,0.0,-1.0678284090813608,False,1345814_YES.csv,1345814_YES
1770937860,2026-02-12 23:11:00,1,18.0,15.66,0.8699999999516667,15.66,,,0.0,0.0,,0.0,,,,0.0,,-0.0,,-0.5819990598639174,-0.4831366361862026,-0.41881231297847243,0.0,0.0,0.0,0.0,-1.4839480090285924,0.0,0.0,-1.4839480090285924,False,1345814_YES.csv,1345814_YES
1770938100,2026-02-12 23:15:00,1,7.954544,6.999998000000001,0.8799999093750692,6.999998000000001,,,0.0,0.0,,0.0,,,,0.0,,-0.0,,-0.5819990598639174,-0.5474209463817596,-0.5785468967674506,0.0,0.0,0.0,0.0,-1.7079669030131277,0.0,0.0,-1.7079669030131277,False,1345814_YES.csv,1345814_YES
1770939240,2026-02-12 23:34:00,1,1.988635,1.749998,0.8799995972714955,1.749998,,,0.0,0.0,,0.0,,,,0.0,,-0.0,,-0.5819990598639174,-0.5834510831570828,-0.6678671954990614,0.0,0.0,0.0,0.0,-1.8333173385200616,0.0,0.0,-1.8333173385200616,False,1345814_YES.csv,1345814_YES
1770939540,2026-02-12 23:39:00,1,10.0,8.7,0.8699999999129999,8.7,,,0.0,0.0,,0.0,,,,0.0,,-0.0,,-0.5700118650573932,-0.5244361928069696,-0.5328633442064713,0.0,0.0,0.0,0.0,-1.6273114020708341,0.0,0.0,-1.6273114020708341,False,1345814_YES.csv,1345814_YES
1770939660,2026-02-12 23:41:00,1,61.64,52.394,0.8499999999862102,52.394,,,0.0,0.0,,0.0,,,,0.0,,-0.0,,-0.5581563056514379,-0.18208085601312085,0.29068990617117085,0.0,0.0,0.0,0.0,-0.4495472554933879,0.0,0.0,-0.4495472554933879,False,1345814_YES.csv,1345814_YES
1770939900,2026-02-12 23:45:00,1,30.0,25.8,0.8599999999713334,25.8,,,0.0,0.0,,0.0,,,,0.0,,-0.0,,-0.5383032747224069,-0.37866107558398177,-0.2087134430402065,0.0,0.0,0.0,0.0,-1.1256777933465951,0.0,0.0,-1.1256777933465951,False,1345814_YES.csv,1345814_YES
1770940260,2026-02-12 23:51:00,1,1.65,1.4025,0.8499999994848484,1.4025,,,0.0,0.0,,0.0,,,,0.0,,-0.0,,-0.5267185931856017,-0.5520360379279483,-0.652897017594245,0.0,0.0,0.0,0.0,-1.7316516487077949,0.0,0.0,-1.7316516487077949,False,1345814_YES.csv,1345814_YES
1770940560,2026-02-12 23:56:00,2,88.19,75.84339999999999,0.8599999999902482,37.921699999999994,,,0.0,0.0,,0.0,,,,0.0,,-0.0,,0.12819727138270975,0.009335970599606228,0.022752897283249328,0.0,0.0,0.0,0.0,0.16028613926556531,0.0,0.0,0.16028613926556531,False,1345814_YES.csv,1345814_YES
1770940800,2026-02-13 00:00:00,11,217.75,188.60999999999999,0.8661768082623826,17.146363636363635,,,0.0,0.0,,0.0,,,,0.0,,-0.0,,4.676543051311512,0.8363736984873816,-0.3577541598724717,0.0,0.0,0.0,0.0,5.155162589926422,0.0,0.0,5.155162589926422,False,1345814_YES.csv,1345814_YES
1770940860,2026-02-13 00:01:00,3,884.0,777.02,0.8789819004514944,259.00666666666666,,,0.0,0.0,,0.0,,,,0.0,,-0.0,,0.5477588245177868,4.2396839546985525,3.581539762791867,0.0,0.0,0.0,0.0,8.368982542008206,0.0,0.0,8.368982542008206,True,1345814_YES.csv,1345814_YES
1770940920,2026-02-13 00:02:00,10,635.0,563.71,0.887732283463169,56.371,,,0.0,0.0,,0.0,,,,0.0,,-0.0,,3.5924159808614813,3.175184913391181,0.5007373284451615,0.0,0.0,0.0,0.0,7.268338222697825,0.0,0.0,7.268338222697825,False,1345814_YES.csv,1345814_YES
1770940980,2026-02-13 00:03:00,5,28.11111,25.029999,0.8903952565056877,5.0059998,,,0.0,0.0,,0.0,,,,0.0,,-0.0,,1.282157191804766,-0.39548449365070204,-0.6985711523036949,0.0,0.0,0.0,0.0,0.1881015458503691,0.0,0.0,0.1881015458503691,False,1345814_YES.csv,1345814_YES
1770941040,2026-02-13 00:04:00,1,5.55555,4.999995,0.8999999998379998,4.999995,,,0.0,0.0,,0.0,,,,0.0,,-0.0,,-0.5068993548995587,-0.5254942407978297,-0.6883277671016633,0.0,0.0,0.0,0.0,-1.7207213627990519,0.0,0.0,-1.7207213627990519,False,1345814_YES.csv,1345814_YES
1770941160,2026-02-13 00:06:00,1,18.0,16.02,0.8899999999505556,16.02,,,0.0,0.0,,0.0,,,,0.0,,-0.0,,-0.48775324274314313,-0.43062333153728644,-0.42421338906759887,0.0,0.0,0.0,0.0,-1.3425899633480283,0.0,0.0,-1.3425899633480283,False,1345814_YES.csv,1345814_YES
1770941820,2026-02-13 00:17:00,2,34.0,29.919999999999998,0.8799999999741177,14.959999999999999,,,0.0,0.0,,0.0,,,,0.0,,-0.0,,-0.008145934836355085,-0.3280339709150743,-0.4226064336319193,0.0,0.0,0.0,0.0,-0.7587863393833487,0.0,0.0,-0.7587863393833487,False,1345814_YES.csv,1345814_YES
1770941880,2026-02-13 00:18:00,2,10.0,8.6,0.859999999914,4.3,,,0.0,0.0,,0.0,,,,0.0,,-0.0,,-0.008145934836355085,-0.4677307737824428,-0.6753330009358954,0.0,0.0,0.0,0.0,-1.1512097095546934,0.0,0.0,-1.1512097095546934,False,1345814_YES.csv,1345814_YES
1770942360,2026-02-13 00:26:00,4,262.54022299999997,226.04999399999997,0.8610109011720425,56.51249849999999,,,0.0,0.0,,0.0,,,,0.0,,-0.0,,0.9457003820856258,0.9550665620437461,0.5712783865998385,0.0,0.0,0.0,0.0,2.4720453307292107,0.0,0.0,2.4720453307292107,False,1345814_YES.csv,1345814_YES
1770942540,2026-02-13 00:29:00,3,106.0,90.1,0.8499999999919811,30.03333333333333,,,0.0,0.0,,0.0,,,,0.0,,-0.0,,0.4447964925028323,0.04674113237936751,-0.07379642552861601,0.0,0.0,0.0,0.0,0.4177411993535838,0.0,0.0,0.4177411993535838,False,1345814_YES.csv,1345814_YES
1770942660,2026-02-13 00:31:00,3,138.0,118.68,0.8599999999937682,39.56,,,0.0,0.0,,0.0,,,,0.0,,-0.0,,0.4289645841305558,0.2258500485737745,0.1495122454010527,0.0,0.0,0.0,0.0,0.804326878105383,0.0,0.0,0.804326878105383,False,1345814_YES.csv,1345814_YES
1770942720,2026-02-13 00:32:00,1,36.0,30.6,0.8499999999763889,30.6,,,0.0,0.0,,0.0,,,,0.0,,-0.0,,-0.5422759837122121,-0.3601043884339918,-0.07114947133927048,0.0,0.0,0.0,0.0,-0.9735298434854743,0.0,0.0,-0.9735298434854743,False,1345814_YES.csv,1345814_YES
1770942960,2026-02-13 00:36:00,3,195.81394899999998,167.479996,0.8553016618808128,55.82666533333333,,,0.0,0.0,,0.0,,,,0.0,,-0.0,,0.4132179191033895,0.5316811504859912,0.5220678039395847,0.0,0.0,0.0,0.0,1.4669668735289654,0.0,0.0,1.4669668735289654,False,1345814_YES.csv,1345814_YES
1770943080,2026-02-13 00:38:00,2,35.0,29.7,0.8485714285471837,14.85,,,0.0,0.0,,0.0,,,,0.0,,-0.0,,-0.08123763027505738,-0.38639680848660524,-0.47509904737232184,0.0,0.0,0.0,0.0,-0.9427334861339844,0.0,0.0,-0.9427334861339844,False,1345814_YES.csv,1345814_YES
1770943140,2026-02-13 00:39:00,2,31.0,26.419999999999998,0.8522580644886367,13.209999999999999,,,0.0,0.0,,0.0,,,,0.0,,-0.0,,-0.08123763027505738,-0.4096998712101284,-0.5178935870778235,0.0,0.0,0.0,0.0,-1.0088310885630092,0.0,0.0,-1.0088310885630092,False,1345814_YES.csv,1345814_YES
1770943260,2026-02-13 00:41:00,1,54.0,46.44,0.8599999999840741,46.44,,,0.0,0.0,,0.0,,,,0.0,,-0.0,,-0.5686634119254022,-0.27291318854333546,0.3044772698829096,0.0,0.0,0.0,0.0,-0.537099330585828,0.0,0.0,-0.537099330585828,False,1345814_YES.csv,1345814_YES
1770943380,2026-02-13 00:43:00,2,36.0,30.599999999999998,0.8499999999763889,15.299999999999999,,,0.0,0.0,,0.0,,,,0.0,,-0.0,,-0.08123763027505738,-0.3706987348336256,-0.445083464404242,0.0,0.0,0.0,0.0,-0.897019829512925,0.0,0.0,-0.897019829512925,False,1345814_YES.csv,1345814_YES
1770943440,2026-02-13 00:44:00,2,62.0,52.16,0.8412903225670759,26.08,,,0.0,0.0,,0.0,,,,0.0,,-0.0,,-0.08960528319990614,-0.23208795356749642,-0.1862417514464555,0.0,0.0,0.0,0.0,-0.5079349882138581,0.0,0.0,-0.5079349882138581,False,1345814_YES.csv,1345814_YES
1770943560,2026-02-13 00:46:00,1,7.0,5.95,0.8499999998785714,5.95,,,0.0,0.0,,0.0,,,,0.0,,-0.0,,-0.578361373381213,-0.5375906689874882,-0.6729085562162032,0.0,0.0,0.0,0.0,-1.7888605985849042,0.0,0.0,-1.7888605985849042,False,1345814_YES.csv,1345814_YES
1770943620,2026-02-13 00:47:00,1,7.1,5.893,0.8299999998830986,5.893,,,0.0,0.0,,0.0,,,,0.0,,-0.0,,-0.578361373381213,-0.538234301678054,-0.6754133149744116,0.0,0.0,0.0,0.0,-1.7920089900336786,0.0,0.0,-1.7920089900336786,False,1345814_YES.csv,1345814_YES
1770943680,2026-02-13 00:48:00,3,54.0,44.82,0.8299999999846297,14.94,,,0.0,0.0,,0.0,,,,0.0,,-0.0,,0.38348050400997774,-0.2846152423184524,-0.45973279446243237,0.0,0.0,0.0,0.0,-0.36086753277090705,0.0,0.0,-0.36086753277090705,False,1345814_YES.csv,1345814_YES
1770943800,2026-02-13 00:50:00,2,98.0,82.32000000000001,0.8399999999914286,41.160000000000004,,,0.0,0.0,,0.0,,,,0.0,,-0.0,,-0.11456612613589696,-0.03930886029685889,0.18435512379496122,0.0,0.0,0.0,0.0,0.030480137362205367,0.0,0.0,0.030480137362205367,False,1345814_YES.csv,1345814_YES
1770943860,2026-02-13 00:51:00,2,104.0,86.46000000000001,0.8313461538381601,43.230000000000004,,,0.0,0.0,,0.0,,,,0.0,,-0.0,,-0.1231231137135678,-0.01654098138200254,0.2351317870286641,0.0,0.0,0.0,0.0,0.09546769193309376,0.0,0.0,0.09546769193309376,False,1345814_YES.csv,1345814_YES
1770943920,2026-02-13 00:52:00,1,1.190475,0.999999,0.8399999992943993,0.999999,,,0.0,0.0,,0.0,,,,0.0,,-0.0,,-0.6156155685678389,-0.5851259651532502,-0.7955342750624538,0.0,0.0,0.0,0.0,-1.996275808783543,0.0,0.0,-1.996275808783543,False,1345814_YES.csv,1345814_YES
1770944040,2026-02-13 00:54:00,2,90.0,75.6,0.8399999999906665,37.8,,,0.0,0.0,,0.0,,,,0.0,,-0.0,,-0.1317426720612798,-0.09617553477703603,0.09173848870467241,0.0,0.0,0.0,0.0,-0.1361797181336434,0.0,0.0,-0.1361797181336434,False,1345814_YES.csv,1345814_YES
1770944160,2026-02-13 00:56:00,1,14.0,11.9,0.8499999999392858,11.9,,,0.0,0.0,,0.0,,,,0.0,,-0.0,,-0.6257776922910792,-0.5195519564852049,-0.5369860006944425,0.0,0.0,0.0,0.0,-1.6823156494707265,0.0,0.0,-1.6823156494707265,False,1345814_YES.csv,1345814_YES
1770944220,2026-02-13 00:57:00,1,18.047053,15.339994999999998,0.8499999971823654,15.339994999999998,,,0.0,0.0,,0.0,,,,0.0,,-0.0,,-0.6037160099547995,-0.4724650729694263,-0.43293524991786664,0.0,0.0,0.0,0.0,-1.5091163328420925,0.0,0.0,-1.5091163328420925,False,1345814_YES.csv,1345814_YES
1770944280,2026-02-13 00:58:00,2,62.0,52.16,0.8412903225670759,26.08,,,0.0,0.0,,0.0,,,,0.0,,-0.0,,-0.09516163813322985,-0.21792982749605014,-0.17900443824420398,0.0,0.0,0.0,0.0,-0.49209590387348395,0.0,0.0,-0.49209590387348395,False,1345814_YES.csv,1345814_YES
1770944460,2026-02-13 01:01:00,1,18.0,15.12,0.8399999999533333,15.12,,,0.0,0.0,,0.0,,,,0.0,,-0.0,,-0.6142251188599387,-0.4811864743807781,-0.45071290703975136,0.0,0.0,0.0,0.0,-1.5461245002804682,0.0,0.0,-1.5461245002804682,False,1345814_YES.csv,1345814_YES
1770944520,2026-02-13 01:02:00,1,14.0,11.9,0.8499999999392858,11.9,,,0.0,0.0,,0.0,,,,0.0,,-0.0,,-0.6037160099547995,-0.4861173487869659,-0.5064958128432782,0.0,0.0,0.0,0.0,-1.5963291715850434,0.0,0.0,-1.5963291715850434,False,1345814_YES.csv,1345814_YES
1770944580,2026-02-13 01:03:00,2,349.0,296.65,0.8499999999975645,148.325,,,0.0,0.0,,0.0,,,,0.0,,-0.0,,-0.09516163813322985,1.4798334651643283,2.677758446166486,0.0,0.0,0.0,0.0,4.0624302731975845,0.0,0.0,4.0624302731975845,False,1345814_YES.csv,1345814_YES
1770944760,2026-02-13 01:06:00,1,36.0,30.96,0.8599999999761112,30.96,,,0.0,0.0,,0.0,,,,0.0,,-0.0,,-0.5960164444830701,-0.37408161080380953,-0.08521309021694005,0.0,0.0,0.0,0.0,-1.0553111455038198,0.0,0.0,-1.0553111455038198,False,1345814_YES.csv,1345814_YES
1770944880,2026-02-13 01:08:00,1,18.0,15.84,0.8799999999511111,15.84,,,0.0,0.0,,0.0,,,,0.0,,-0.0,,-0.5730452554252667,-0.46690282729006327,-0.43467502315475887,0.0,0.0,0.0,0.0,-1.474623105870089,0.0,0.0,-1.474623105870089,False,1345814_YES.csv,1345814_YES
1770945000,2026-02-13 01:10:00,1,54.0,46.98,0.8699999999838889,46.98,,,0.0,0.0,,0.0,,,,0.0,,-0.0,,-0.5730452554252667,-0.24923021905961906,0.29837517803247426,0.0,0.0,0.0,0.0,-0.5239002964524115,0.0,0.0,-0.5239002964524115,False,1345814_YES.csv,1345814_YES
1770945180,2026-02-13 01:13:00,3,314.0,274.32,0.8736305732456254,91.44,,,0.0,0.0,,0.0,,,,0.0,,-0.0,,0.4593458941498602,1.2918820495120034,1.2982999505865698,0.0,0.0,0.0,0.0,3.0495278942484334,0.0,0.0,3.0495278942484334,False,1345814_YES.csv,1345814_YES
1770945960,2026-02-13 01:26:00,1,28.0,24.36,0.8699999999689285,24.36,,,0.0,0.0,,0.0,,,,0.0,,-0.0,,-0.5554289371690346,-0.41729220659444216,-0.2571999412133818,0.0,0.0,0.0,0.0,-1.2299210849768587,0.0,0.0,-1.2299210849768587,False,1345814_YES.csv,1345814_YES
1770946020,2026-02-13 01:27:00,2,41.0,35.26,0.8599999999790244,17.63,,,0.0,0.0,,0.0,,,,0.0,,-0.0,,-0.02644899700804918,-0.34312374117564115,-0.4144177843610455,0.0,0.0,0.0,0.0,-0.7839905225447359,0.0,0.0,-0.7839905225447359,False,1345814_YES.csv,1345814_YES
1770946080,2026-02-13 01:28:00,1,41.0,35.67,0.8699999999787806,35.67,,,0.0,0.0,,0.0,,,,0.0,,-0.0,,-0.5554289371690346,-0.3444721827487419,-0.008281414708535268,0.0,0.0,0.0,0.0,-0.9081825346263118,0.0,0.0,-0.9081825346263118,False,1345814_YES.csv,1345814_YES
1770946140,2026-02-13 01:29:00,2,10.0,8.7,0.8699999999129999,4.35,,,0.0,0.0,,0.0,,,,0.0,,-0.0,,-0.00889830048133359,-0.5210919555714466,-0.7297420102971117,0.0,0.0,0.0,0.0,-1.259732266349892,0.0,0.0,-1.259732266349892,False,1345814_YES.csv,1345814_YES
1770946200,2026-02-13 01:30:00,2,205.0,180.95,0.8826829268249625,90.475,,,0.0,0.0,,0.0,,,,0.0,,-0.0,,0.0,0.64480951025813,1.2274314596662472,0.0,0.0,0.0,0.0,1.8722409699243774,0.0,0.0,1.8722409699243774,False,1345814_YES.csv,1345814_YES
1770946680,2026-02-13 01:38:00,4,162.48359,144.610395,0.8899999993790759,36.15259875,,,0.0,0.0,,0.0,,,,0.0,,-0.0,,1.092647567821422,0.4956397914874128,0.01156705198775765,0.0,0.0,0.0,0.0,1.5998544112965927,0.0,0.0,1.5998544112965927,False,1345814_YES.csv,1345814_YES
1770947100,2026-02-13 01:45:00,1,6.0,5.4,0.89999999985,5.4,,,0.0,0.0,,0.0,,,,0.0,,-0.0,,-0.5327785661278008,-0.5625327579380757,-0.7100284487207372,0.0,0.0,0.0,0.0,-1.8053397727866138,0.0,0.0,-1.8053397727866138,False,1345814_YES.csv,1345814_YES
1770947220,2026-02-13 01:47:00,1,5.4,4.968000000000001,0.9199999998296298,4.968000000000001,,,0.0,0.0,,0.0,,,,0.0,,-0.0,,-0.5327785661278008,-0.5649971644128522,-0.7173399132866765,0.0,0.0,0.0,0.0,-1.8151156438273295,0.0,0.0,-1.8151156438273295,False,1345814_YES.csv,1345814_YES
1770947280,2026-02-13 01:48:00,1,152.0,138.32,0.9099999999940132,138.32,,,0.0,0.0,,0.0,,,,0.0,,-0.0,,-0.5225149753038175,0.45722672663790315,2.32801893205335,0.0,0.0,0.0,0.0,2.262730683387436,0.0,0.0,2.262730683387436,False,1345814_YES.csv,1345814_YES
1770947580,2026-02-13 01:53:00,1,36.0,32.76,0.9099999999747223,32.76,,,0.0,0.0,,0.0,,,,0.0,,-0.0,,-0.5225149753038175,-0.347161322952873,-0.07349681093908891,0.0,0.0,0.0,0.0,-0.9431731091957795,0.0,0.0,-0.9431731091957795,False,1345814_YES.csv,1345814_YES
1770947700,2026-02-13 01:55:00,1,16.6,15.106000000000002,0.9099999999451808,15.106000000000002,,,0.0,0.0,,0.0,,,,0.0,,-0.0,,-0.504747236820342,-0.47500996243205007,-0.4733671408688585,0.0,0.0,0.0,0.0,-1.4531243401212506,0.0,0.0,-1.4531243401212506,False,1345814_YES.csv,1345814_YES
1770948000,2026-02-13 02:00:00,1,40.0,36.4,0.90999999997725,36.4,,,0.0,0.0,,0.0,,,,0.0,,-0.0,,-0.504747236820342,-0.3067699146465765,0.029173482088992956,0.0,0.0,0.0,0.0,-0.7823436693779254,0.0,0.0,-0.7823436693779254,False,1345814_YES.csv,1345814_YES
1770948420,2026-02-13 02:07:00,1,10.77,9.8007,0.909999999915506,9.8007,,,0.0,0.0,,0.0,,,,0.0,,-0.0,,-0.504747236820342,-0.49872824143420036,-0.5586107251552636,0.0,0.0,0.0,0.0,-1.5620862034098058,0.0,0.0,-1.5620862034098058,False,1345814_YES.csv,1345814_YES
1770948720,2026-02-13 02:12:00,1,44.48075,40.47999,0.9100563726800909,40.47999,,,0.0,0.0,,0.0,,,,0.0,,-0.0,,-0.504747236820342,-0.25596663002412706,0.1890381269305666,0.0,0.0,0.0,0.0,-0.5716757399139025,0.0,0.0,-0.5716757399139025,False,1345814_YES.csv,1345814_YES
1770948840,2026-02-13 02:14:00,1,0.07,0.0637,0.9099999870000002,0.0637,,,0.0,0.0,,0.0,,,,0.0,,-0.0,,-0.504747236820342,-0.5628033167728779,-0.7791851978548857,0.0,0.0,0.0,0.0,-1.8467357514481058,0.0,0.0,-1.8467357514481058,False,1345814_YES.csv,1345814_YES
1770948900,2026-02-13 02:15:00,1,10.65,9.798,0.919999999913615,9.798,,,0.0,0.0,,0.0,,,,0.0,,-0.0,,-0.504747236820342,-0.48882856477783,-0.5458009239195057,0.0,0.0,0.0,0.0,-1.5393767255176778,0.0,0.0,-1.5393767255176778,False,1345814_YES.csv,1345814_YES
1770948960,2026-02-13 02:16:00,1,21.42,19.492200000000004,0.9099999999575165,19.492200000000004,,,0.0,0.0,,0.0,,,,0.0,,-0.0,,-0.504747236820342,-0.41339302595004374,-0.30831590195744607,0.0,0.0,0.0,0.0,-1.2264561647278316,0.0,0.0,-1.2264561647278316,False,1345814_YES.csv,1345814_YES
1770949500,2026-02-13 02:25:00,2,1706.77,1570.2284,0.9199999999994611,785.1142,,,0.0,0.0,,0.0,,,,0.0,,-0.0,,0.027099426003491228,6.295505564730427,6.999346321792323,0.0,0.0,0.0,0.0,13.321951312526242,0.0,0.0,13.321951312526242,True,1345814_YES.csv,1345814_YES
1770949740,2026-02-13 02:29:00,1,64.516128,59.999999,0.929999999365585,59.999999,,,0.0,0.0,,0.0,,,,0.0,,-0.0,,-0.5148890940663329,-0.17456550573339155,0.13187026548810932,0.0,0.0,0.0,0.0,-0.5575843343116151,0.0,0.0,-0.5575843343116151,False,1345814_YES.csv,1345814_YES
1770950100,2026-02-13 02:35:00,1,1.13,1.0283,0.9099999991946903,1.0283,,,0.0,0.0,,0.0,,,,0.0,,-0.0,,-0.5148890940663329,-0.4272719918698458,-0.4263850455402179,0.0,0.0,0.0,0.0,-1.3685461314763965,0.0,0.0,-1.3685461314763965,False,1345814_YES.csv,1345814_YES
1770950220,2026-02-13 02:37:00,1,25.0,23.25,0.9299999999628,23.25,,,0.0,0.0,,0.0,,,,0.0,,-0.0,,-0.5148890940663329,-0.3331938239392833,-0.21842493409537986,0.0,0.0,0.0,0.0,-1.066507852100996,0.0,0.0,-1.066507852100996,False,1345814_YES.csv,1345814_YES
1770950400,2026-02-13 02:40:00,1,200.0,186.0,0.9299999999953501,186.0,,,0.0,0.0,,0.0,,,,0.0,,-0.0,,-0.5148890940663329,0.3548456439564165,1.2838768509070806,0.0,0.0,0.0,0.0,1.1238334007971642,0.0,0.0,1.1238334007971642,False,1345814_YES.csv,1345814_YES
1770950580,2026-02-13 02:43:00,1,200.0,186.0,0.9299999999953501,186.0,,,0.0,0.0,,0.0,,,,0.0,,-0.0,,-0.5148890940663329,0.3433817207137273,1.2425589067983205,0.0,0.0,0.0,0.0,1.071051533445715,0.0,0.0,1.071051533445715,False,1345814_YES.csv,1345814_YES
1770951180,2026-02-13 02:53:00,2,1.0838160000000001,1.018587,0.9398154290582391,0.5092935,,,0.0,0.0,,0.0,,,,0.0,,-0.0,,0.018107652345595106,-0.4491300590598693,-0.4670941342726811,0.0,0.0,0.0,0.0,-0.8981165409869554,0.0,0.0,-0.8981165409869554,False,1345814_YES.csv,1345814_YES
1770951300,2026-02-13 02:55:00,1,31.57,29.360100000000003,0.9299999999705417,29.360100000000003,,,0.0,0.0,,0.0,,,,0.0,,-0.0,,-0.5148890940663329,-0.3241366918674253,-0.19981142397208615,0.0,0.0,0.0,0.0,-1.0388372099058443,0.0,0.0,-1.0388372099058443,False,1345814_YES.csv,1345814_YES
1770951660,2026-02-13 03:01:00,1,10.0,9.4,0.9399999999059998,9.4,,,0.0,0.0,,0.0,,,,0.0,,-0.0,,-0.5534705228878319,-0.3967004642933244,-0.38239811124210615,0.0,0.0,0.0,0.0,-1.3325690984232625,0.0,0.0,-1.3325690984232625,False,1345814_YES.csv,1345814_YES
1770952020,2026-02-13 03:07:00,1,14.0,12.88,0.9199999999342857,12.88,,,0.0,0.0,,0.0,,,,0.0,,-0.0,,-0.532023533795007,-0.3533419742756887,-0.3226600640723802,0.0,0.0,0.0,0.0,-1.208025572143076,0.0,0.0,-1.208025572143076,False,1345814_YES.csv,1345814_YES
1770952140,2026-02-13 03:09:00,1,18.0,16.560000000000002,0.919999999948889,16.560000000000002,,,0.0,0.0,,0.0,,,,0.0,,-0.0,,-0.6624522437176972,-0.3069459048447102,-0.28118522466337476,0.0,0.0,0.0,0.0,-1.250583373225782,0.0,0.0,-1.250583373225782,False,1345814_YES.csv,1345814_YES
1770952440,2026-02-13 03:14:00,1,215.053757,199.999994,0.9299999999491755,199.999994,,,0.0,0.0,,0.0,,,,0.0,,-0.0,,-0.6740862692828119,0.5621285463717186,1.4083978559415133,0.0,0.0,0.0,0.0,1.29644013303042,0.0,0.0,1.29644013303042,False,1345814_YES.csv,1345814_YES
1770952500,2026-02-13 03:15:00,2,28.0,25.860000000000003,0.923571428538444,12.930000000000001,,,0.0,0.0,,0.0,,,,0.0,,-0.0,,0.5694030295324264,-0.2774125395214177,-0.34243976425123585,0.0,0.0,0.0,0.0,-0.05044927424022716,0.0,0.0,-0.05044927424022716,False,1345814_YES.csv,1345814_YES
1770952560,2026-02-13 03:16:00,1,18.0,16.560000000000002,0.919999999948889,16.560000000000002,,,0.0,0.0,,0.0,,,,0.0,,-0.0,,-0.6959370360951879,-0.32222372210411937,-0.30856903391775875,0.0,0.0,0.0,0.0,-1.326729792117066,0.0,0.0,-1.326729792117066,False,1345814_YES.csv,1345814_YES
1770952920,2026-02-13 03:22:00,1,4.28,3.9804,0.9299999997827103,3.9804,,,0.0,0.0,,0.0,,,,0.0,,-0.0,,-0.6740862692828119,-0.38043550069502624,-0.424281524535542,0.0,0.0,0.0,0.0,-1.4788032945133802,0.0,0.0,-1.4788032945133802,False,1345814_YES.csv,1345814_YES
1770953220,2026-02-13 03:27:00,1,0.25,0.2325,0.92999999628,0.2325,,,0.0,0.0,,0.0,,,,0.0,,-0.0,,-0.6525794947710533,-0.39768983683751835,-0.45856197577439967,0.0,0.0,0.0,0.0,-1.5088313073829713,0.0,0.0,-1.5088313073829713,False,1345814_YES.csv,1345814_YES
1770953460,2026-02-13 03:31:00,3,114.691483,107.80999399999999,0.9399999998174231,35.936664666666665,,,0.0,0.0,,0.0,,,,0.0,,-0.0,,2.0056737702645635,0.12962065676049794,-0.1215919651749523,0.0,0.0,0.0,0.0,2.013702461850109,0.0,0.0,2.013702461850109,False,1345814_YES.csv,1345814_YES
1770953760,2026-02-13 03:36:00,2,56.0,52.08,0.929999999983393,26.04,,,0.0,0.0,,0.0,,,,0.0,,-0.0,,0.7129718442102341,-0.13635858948053164,-0.2134469396136079,0.0,0.0,0.0,0.0,0.3631663151160946,0.0,0.0,0.3631663151160946,False,1345814_YES.csv,1345814_YES
1770953940,2026-02-13 03:39:00,2,19.31,18.1514,0.9399999999513206,9.0757,,,0.0,0.0,,0.0,,,,0.0,,-0.0,,0.7615974802782672,-0.2919223360522311,-0.3668409505011472,0.0,0.0,0.0,0.0,0.10283419372488894,0.0,0.0,0.10283419372488894,False,1345814_YES.csv,1345814_YES
1770954300,2026-02-13 03:45:00,1,212.77,200.0038,0.9399999999955821,200.0038,,,0.0,0.0,,0.0,,,,0.0,,-0.0,,-0.6663977952434835,0.5705632213502746,1.3669864964939031,0.0,0.0,0.0,0.0,1.2711519226006942,0.0,0.0,1.2711519226006942,False,1345814_YES.csv,1345814_YES
1770954480,2026-02-13 03:48:00,1,2.127658,1.999998,0.9399997551580189,1.999998,,,0.0,0.0,,0.0,,,,0.0,,-0.0,,-0.6437563806590464,-0.36941218807431353,-0.4429201893748135,0.0,0.0,0.0,0.0,-1.4560887581081734,0.0,0.0,-1.4560887581081734,False,1345814_YES.csv,1345814_YES
1770954840,2026-02-13 03:54:00,2,16.173912,14.879999000000002,0.9199999974699998,7.439999500000001,,,0.0,0.0,,0.0,,,,0.0,,-0.0,,0.841835267015676,-0.3061026870181389,-0.39173703071152705,0.0,0.0,0.0,0.0,0.14399554928601005,0.0,0.0,0.14399554928601005,False,1345814_YES.csv,1345814_YES
1770954900,2026-02-13 03:55:00,2,18.0,16.560000000000002,0.919999999948889,8.280000000000001,,,0.0,0.0,,0.0,,,,0.0,,-0.0,,0.841835267015676,-0.2971592927857914,-0.38317760161048664,0.0,0.0,0.0,0.0,0.16149837261939792,0.0,0.0,0.16149837261939792,False,1345814_YES.csv,1345814_YES
1770955440,2026-02-13 04:04:00,2,36.0,33.120000000000005,0.9199999999744447,16.560000000000002,,,0.0,0.0,,0.0,,,,0.0,,-0.0,,0.8152983254024851,-0.21635142448050318,-0.302496371136167,0.0,0.0,0.0,0.0,0.296450529785815,0.0,0.0,0.296450529785815,False,1345814_YES.csv,1345814_YES
1770955560,2026-02-13 04:06:00,1,16.58695,15.259994000000004,0.9199999999445347,15.259994000000004,,,0.0,0.0,,0.0,,,,0.0,,-0.0,,-0.6437563806590464,-0.3009567160527686,-0.31439417505781736,0.0,0.0,0.0,0.0,-1.2591072717696323,0.0,0.0,-1.2591072717696323,False,1345814_YES.csv,1345814_YES
1770955620,2026-02-13 04:07:00,2,2.210528,2.0545910000000003,0.9294571247550554,1.0272955000000001,,,0.0,0.0,,0.0,,,,0.0,,-0.0,,0.841835267015676,-0.3601022088136391,-0.4403417671705608,0.0,0.0,0.0,0.0,0.04139129103147615,0.0,0.0,0.04139129103147615,False,1345814_YES.csv,1345814_YES
1770955800,2026-02-13 04:10:00,2,16.173912,14.879999000000002,0.9199999974699998,7.439999500000001,,,0.0,0.0,,0.0,,,,0.0,,-0.0,,0.8152983254024851,-0.2992577474264098,-0.38195511194122683,0.0,0.0,0.0,0.0,0.13408546603484844,0.0,0.0,0.13408546603484844,False,1345814_YES.csv,1345814_YES
1770955860,2026-02-13 04:11:00,1,18.0,16.560000000000002,0.919999999948889,16.560000000000002,,,0.0,0.0,,0.0,,,,0.0,,-0.0,,-0.6670622662383968,-0.2921180673835298,-0.3003387389704236,0.0,0.0,0.0,0.0,-1.2595190725923504,0.0,0.0,-1.2595190725923504,False,1345814_YES.csv,1345814_YES
1770956160,2026-02-13 04:16:00,3,383.0,352.36,0.919999999997598,117.45333333333333,,,0.0,0.0,,0.0,,,,0.0,,-0.0,,2.297658917043367,1.2794947546569149,0.6059640243371707,0.0,0.0,0.0,0.0,4.183117696037453,0.0,0.0,4.183117696037453,False,1345814_YES.csv,1345814_YES
1770956220,2026-02-13 04:17:00,2,172.75,158.93,0.9199999999946745,79.465,,,0.0,0.0,,0.0,,,,0.0,,-0.0,,0.8152983254024851,0.35612023075807575,0.25316014897288014,0.0,0.0,0.0,0.0,1.4245787051334409,0.0,0.0,1.4245787051334409,False,1345814_YES.csv,1345814_YES
1770957120,2026-02-13 04:32:00,1,1.075257,0.999989,0.9299999898349882,0.999989,,,0.0,0.0,,0.0,,,,0.0,,-0.0,,-0.6437563806590464,-0.3844748751331142,-0.4557027747290921,0.0,0.0,0.0,0.0,-1.4839340305212527,0.0,0.0,-1.4839340305212527,False,1345814_YES.csv,1345814_YES
1770957180,2026-02-13 04:33:00,1,55.56,51.1152,0.9199999999834414,51.1152,,,0.0,0.0,,0.0,,,,0.0,,-0.0,,-0.6437563806590464,-0.15158491958304487,-0.006762938550118738,0.0,0.0,0.0,0.0,-0.80210423879221,0.0,0.0,-0.80210423879221,False,1345814_YES.csv,1345814_YES
1770957240,2026-02-13 04:34:00,1,10.0,9.1,0.9099999999089999,9.1,,,0.0,0.0,,0.0,,,,0.0,,-0.0,,-0.6207404484035348,-0.34489858679821345,-0.38541282299214086,0.0,0.0,0.0,0.0,-1.3510518581938893,0.0,0.0,-1.3510518581938893,False,1345814_YES.csv,1345814_YES
1770957480,2026-02-13 04:38:00,1,300.0,273.0,0.9099999999969667,273.0,,,0.0,0.0,,0.0,,,,0.0,,-0.0,,-0.6207404484035348,0.8775800013787095,1.9189330070373565,0.0,0.0,0.0,0.0,2.1757725600125313,0.0,0.0,2.1757725600125313,False,1345814_YES.csv,1345814_YES
1770957600,2026-02-13 04:40:00,1,2.173912,1.999999,0.9199999811767909,1.999999,,,0.0,0.0,,0.0,,,,0.0,,-0.0,,-0.6207404484035348,-0.39557866706223843,-0.4721850148613368,0.0,0.0,0.0,0.0,-1.4885041303271098,0.0,0.0,-1.4885041303271098,False,1345814_YES.csv,1345814_YES
1770957840,2026-02-13 04:44:00,1,48.0,44.16,0.9199999999808335,44.16,,,0.0,0.0,,0.0,,,,0.0,,-0.0,,-0.597976385466648,-0.19675212344070542,-0.10284534395655806,0.0,0.0,0.0,0.0,-0.8975738528639116,0.0,0.0,-0.8975738528639116,False,1345814_YES.csv,1345814_YES
1770958080,2026-02-13 04:48:00,1,2.17,1.9964,0.9199999995760368,1.9964,,,0.0,0.0,,0.0,,,,0.0,,-0.0,,-0.597976385466648,-0.39374630023840873,-0.47279143064310986,0.0,0.0,0.0,0.0,-1.4645141163481665,0.0,0.0,-1.4645141163481665,False,1345814_YES.csv,1345814_YES
1770958200,2026-02-13 04:50:00,1,11.326075,10.419989,0.9199999999187715,10.419989,,,0.0,0.0,,0.0,,,,0.0,,-0.0,,-0.597976385466648,-0.35403936647999257,-0.39822792331520235,0.0,0.0,0.0,0.0,-1.350243675261843,0.0,0.0,-1.350243675261843,False,1345814_YES.csv,1345814_YES
1770958260,2026-02-13 04:51:00,1,10.0,9.2,0.9199999999080001,9.2,,,0.0,0.0,,0.0,,,,0.0,,-0.0,,-0.5754268519597351,-0.33981401812676193,-0.3902837971745332,0.0,0.0,0.0,0.0,-1.3055246672610301,0.0,0.0,-1.3055246672610301,False,1345814_YES.csv,1345814_YES
1770958320,2026-02-13 04:52:00,2,8.015649999999999,7.372998,0.919825341560594,3.686499,,,0.0,0.0,,0.0,,,,0.0,,-0.0,,0.8969645781999723,-0.34641031487908613,-0.4345471741854191,0.0,0.0,0.0,0.0,0.11600708913546709,0.0,0.0,0.11600708913546709,False,1345814_YES.csv,1345814_YES
1770958380,2026-02-13 04:53:00,1,589.75,542.57,0.9199999999984401,542.57,,,0.0,0.0,,0.0,,,,0.0,,-0.0,,-0.597976385466648,2.0654194859350268,3.7182924733724425,0.0,0.0,0.0,0.0,5.185735573840821,0.0,0.0,5.185735573840821,False,1345814_YES.csv,1345814_YES
1770958500,2026-02-13 04:55:00,1,3.11,2.8612,0.9199999997041801,2.8612,,,0.0,0.0,,0.0,,,,0.0,,-0.0,,-0.597976385466648,-0.39053307506570784,-0.44743568476126944,0.0,0.0,0.0,0.0,-1.4359451452936254,0.0,0.0,-1.4359451452936254,False,1345814_YES.csv,1345814_YES
1770958620,2026-02-13 04:57:00,2,11.21,10.3132,0.9199999999179304,5.1566,,,0.0,0.0,,0.0,,,,0.0,,-0.0,,0.9632042684028258,-0.3383295909537427,-0.418191148780329,0.0,0.0,0.0,0.0,0.2066835286687541,0.0,0.0,0.2066835286687541,False,1345814_YES.csv,1345814_YES
1770959160,2026-02-13 05:06:00,3,113.97801,103.85998899999998,0.911228306224058,34.619996333333326,,,0.0,0.0,,0.0,,,,0.0,,-0.0,,2.3588137039334316,0.08379078882261987,-0.19240898979566917,0.0,0.0,0.0,0.0,2.250195502960382,0.0,0.0,2.250195502960382,False,1345814_YES.csv,1345814_YES
1770959220,2026-02-13 05:07:00,3,62.0,56.42,0.9099999999853227,18.80666666666667,,,0.0,0.0,,0.0,,,,0.0,,-0.0,,2.244965149576972,-0.13511073301764068,-0.3145328784296225,0.0,0.0,0.0,0.0,1.7953215381297083,0.0,0.0,1.7953215381297083,False,1345814_YES.csv,1345814_YES
1770959280,2026-02-13 05:08:00,1,42.0,38.22,0.9099999999783334,38.22,,,0.0,0.0,,0.0,,,,0.0,,-0.0,,-0.6209478073298007,-0.2186849607733498,-0.1651414108637877,0.0,0.0,0.0,0.0,-1.0047741789669382,0.0,0.0,-1.0047741789669382,False,1345814_YES.csv,1345814_YES
1770959520,2026-02-13 05:12:00,1,18.0,16.38,0.9099999999494444,16.38,,,0.0,0.0,,0.0,,,,0.0,,-0.0,,-0.5986297927482326,-0.319383678954064,-0.33534357172543766,0.0,0.0,0.0,0.0,-1.2533570434277341,0.0,0.0,-1.2533570434277341,False,1345814_YES.csv,1345814_YES
1770959700,2026-02-13 05:15:00,3,108.703295,98.91999799999999,0.9099999958519197,32.973332666666664,,,0.0,0.0,,0.0,,,,0.0,,-0.0,,2.170689851727636,0.06517296603403676,-0.19991143171155426,0.0,0.0,0.0,0.0,2.0359513860501184,0.0,0.0,2.0359513860501184,False,1345814_YES.csv,1345814_YES
1770959820,2026-02-13 05:17:00,1,588.358687,541.2899920000001,0.9199999999304507,541.2899920000001,,,0.0,0.0,,0.0,,,,0.0,,-0.0,,-0.5987485992774322,1.9942222359063264,3.2986788746065834,0.0,0.0,0.0,0.0,4.694152511235478,0.0,0.0,4.694152511235478,False,1345814_YES.csv,1345814_YES
1770959880,2026-02-13 05:18:00,1,10.65,9.798,0.919999999913615,9.798,,,0.0,0.0,,0.0,,,,0.0,,-0.0,,-0.5987485992774322,-0.36171859279692486,-0.4007088930438994,0.0,0.0,0.0,0.0,-1.3611760851182564,0.0,0.0,-1.3611760851182564,False,1345814_YES.csv,1345814_YES
1770959940,2026-02-13 05:19:00,1,1.086955,0.9999979999999998,0.9199994471528263,0.9999979999999998,,,0.0,0.0,,0.0,,,,0.0,,-0.0,,-0.5987485992774322,-0.400376209406361,-0.4613926125855758,0.0,0.0,0.0,0.0,-1.460517421269369,0.0,0.0,-1.460517421269369,False,1345814_YES.csv,1345814_YES
1770960000,2026-02-13 05:20:00,4,296.765157,273.390396,0.921234820026661,68.347599,,,0.0,0.0,,0.0,,,,0.0,,-0.0,,3.556236565596339,0.7928548012675075,0.015448230662508599,0.0,0.0,0.0,0.0,4.364539597526355,0.0,0.0,4.364539597526355,False,1345814_YES.csv,1345814_YES
1770960060,2026-02-13 05:21:00,2,43.86,40.351200000000006,0.9199999999790244,20.175600000000003,,,0.0,0.0,,0.0,,,,0.0,,-0.0,,0.7606083890912033,-0.2353454928018695,-0.3189090643726782,0.0,0.0,0.0,0.0,0.20635383191665557,0.0,0.0,0.20635383191665557,False,1345814_YES.csv,1345814_YES
1770960120,2026-02-13 05:22:00,1,2.150528,1.999991,0.9299999809674648,1.999991,,,0.0,0.0,,0.0,,,,0.0,,-0.0,,-0.6223159547109844,-0.4033714605763742,-0.4438165491622016,0.0,0.0,0.0,0.0,-1.4695039644495602,0.0,0.0,-1.4695039644495602,False,1345814_YES.csv,1345814_YES
1770960240,2026-02-13 05:24:00,1,2.173912,1.999999,0.9199999811767909,1.999999,,,0.0,0.0,,0.0,,,,0.0,,-0.0,,-0.6223159547109844,-0.4005080656952326,-0.4392480533740375,0.0,0.0,0.0,0.0,-1.4620720737802546,0.0,0.0,-1.4620720737802546,False,1345814_YES.csv,1345814_YES
1770960300,2026-02-13 05:25:00,2,28.0,25.76,0.9199999999671429,12.88,,,0.0,0.0,,0.0,,,,0.0,,-0.0,,0.7365654998927005,-0.29713638337421744,-0.36395455129375015,0.0,0.0,0.0,0.0,0.07547456522473289,0.0,0.0,0.07547456522473289,False,1345814_YES.csv,1345814_YES
1770960600,2026-02-13 05:30:00,1,2.173912,1.999999,0.9199999811767909,1.999999,,,0.0,0.0,,0.0,,,,0.0,,-0.0,,-0.6444948124061126,-0.39865090118889385,-0.4346037751675294,0.0,0.0,0.0,0.0,-1.4777494887625358,0.0,0.0,-1.4777494887625358,False,1345814_YES.csv,1345814_YES
1770960660,2026-02-13 05:31:00,2,2.220528,2.063691,0.929369500889262,1.0318455,,,0.0,0.0,,0.0,,,,0.0,,-0.0,,0.7129718442102341,-0.39854120323561004,-0.44146609527378516,0.0,0.0,0.0,0.0,-0.12703545429916113,0.0,0.0,-0.12703545429916113,False,1345814_YES.csv,1345814_YES
1770960720,2026-02-13 05:32:00,2,6.3839120000000005,5.831099,0.9134052911579286,2.9155495,,,0.0,0.0,,0.0,,,,0.0,,-0.0,,0.6897872509788092,-0.38162033366778436,-0.42743822845004653,0.0,0.0,0.0,0.0,-0.11927131113902167,0.0,0.0,-0.11927131113902167,False,1345814_YES.csv,1345814_YES
1770960840,2026-02-13 05:34:00,1,14.0,12.88,0.9199999999342857,12.88,,,0.0,0.0,,0.0,,,,0.0,,-0.0,,-0.6897872509788092,-0.35004480679970423,-0.3573546035383461,0.0,0.0,0.0,0.0,-1.3971866613168595,0.0,0.0,-1.3971866613168595,False,1345814_YES.csv,1345814_YES
1770960900,2026-02-13 05:35:00,1,1.739125,1.599995,0.9199999994709983,1.599995,,,0.0,0.0,,0.0,,,,0.0,,-0.0,,-0.6669736607127998,-0.5456845628749333,-0.4569304312925317,0.0,0.0,0.0,0.0,-1.6695886548802648,0.0,0.0,-1.6695886548802648,False,1345814_YES.csv,1345814_YES
1770961140,2026-02-13 05:39:00,3,260.677416,240.91999600000003,0.9242073966203341,80.30666533333334,,,0.0,0.0,,0.0,,,,0.0,,-0.0,,1.9838895516318291,1.4230607438553589,0.26380805486801245,0.0,0.0,0.0,0.0,3.6707583503552,0.0,0.0,3.6707583503552,False,1345814_YES.csv,1345814_YES
1770961200,2026-02-13 05:40:00,2,405.77419,377.369996,0.9299999982726109,188.684998,,,0.0,0.0,,0.0,,,,0.0,,-0.0,,0.6246186420874615,2.383272747208153,1.2178748573117513,0.0,0.0,0.0,0.0,4.225766246607366,0.0,0.0,4.225766246607366,False,1345814_YES.csv,1345814_YES
1770961440,2026-02-13 05:44:00,1,1.075257,0.999989,0.9299999898349882,0.999989,,,0.0,0.0,,0.0,,,,0.0,,-0.0,,-0.7138498766713849,-0.5848608486067393,-0.4846064479437725,0.0,0.0,0.0,0.0,-1.7833171732218966,0.0,0.0,-1.7833171732218966,False,1345814_YES.csv,1345814_YES
1770961500,2026-02-13 05:45:00,2,13.0968,12.097992,0.9237364851777734,6.048996,,,0.0,0.0,,0.0,,,,0.0,,-0.0,,0.6030743156004787,-0.476722235393069,-0.4160664936935667,0.0,0.0,0.0,0.0,-0.28971441348615695,0.0,0.0,-0.28971441348615695,False,1345814_YES.csv,1345814_YES
1770961680,2026-02-13 05:48:00,1,2.258057,2.099993,0.9299999951595554,2.099993,,,0.0,0.0,,0.0,,,,0.0,,-0.0,,-0.7370908301783631,-0.5340812349506127,-0.4291964025610346,0.0,0.0,0.0,0.0,-1.7003684676900104,0.0,0.0,-1.7003684676900104,False,1345814_YES.csv,1345814_YES
1770961800,2026-02-13 05:50:00,1,27.0,25.110000000000003,0.9299999999655557,25.110000000000003,,,0.0,0.0,,0.0,,,,0.0,,-0.0,,-0.7138498766713849,-0.3546851833151453,-0.2195465709541225,0.0,0.0,0.0,0.0,-1.2880816309406526,0.0,0.0,-1.2880816309406526,False,1345814_YES.csv,1345814_YES
1770962520,2026-02-13 06:02:00,2,318.67,286.983,0.9005648476452112,143.4915,,,0.0,0.0,,0.0,,,,0.0,,-0.0,,0.6030743156004787,1.6587821101460545,0.8585601019087818,0.0,0.0,0.0,0.0,3.1204165276553146,0.0,0.0,3.1204165276553146,False,1345814_YES.csv,1345814_YES
1770962640,2026-02-13 06:04:00,2,391.67,360.3364,0.9199999999976511,180.1682,,,0.0,0.0,,0.0,,,,0.0,,-0.0,,0.5817722297936974,2.1039047735871446,1.1591090080708353,0.0,0.0,0.0,0.0,3.844786011451677,0.0,0.0,3.844786011451677,False,1345814_YES.csv,1345814_YES
1770962940,2026-02-13 06:09:00,1,10.9,10.028,0.9199999999155963,10.028,,,0.0,0.0,,0.0,,,,0.0,,-0.0,,-0.7607790697302197,-0.5224191672052964,-0.3968444069647478,0.0,0.0,0.0,0.0,-1.680042643900264,0.0,0.0,-1.680042643900264,False,1345814_YES.csv,1345814_YES
1770963000,2026-02-13 06:10:00,1,32.543475,29.939997,0.9199999999717302,29.939997,,,0.0,0.0,,0.0,,,,0.0,,-0.0,,-0.7607790697302197,-0.37507975565737717,-0.21688314756686614,0.0,0.0,0.0,0.0,-1.352741972954463,0.0,0.0,-1.352741972954463,False,1345814_YES.csv,1345814_YES
1770963780,2026-02-13 06:23:00,5,257.19780000000003,233.409998,0.9075116427865731,46.6819996,,,0.0,0.0,,0.0,,,,0.0,,-0.0,,3.9014769650546164,1.1423156332766917,-0.0409154869821087,0.0,0.0,0.0,0.0,5.002877111349199,0.0,0.0,5.002877111349199,False,1345814_YES.csv,1345814_YES
1770964440,2026-02-13 06:34:00,1,10.86666,9.779994,0.8999999999171779,9.779994,,,0.0,0.0,,0.0,,,,0.0,,-0.0,,-0.7126023345896838,-0.5257128604527685,-0.383417691805403,0.0,0.0,0.0,0.0,-1.6217328868478555,0.0,0.0,-1.6217328868478555,False,1345814_YES.csv,1345814_YES
1770964560,2026-02-13 06:36:00,1,1.11111,0.999999,0.8999999991899992,0.999999,,,0.0,0.0,,0.0,,,,0.0,,-0.0,,-0.7126023345896838,-0.5886859689211308,-0.4621724117641141,0.0,0.0,0.0,0.0,-1.7634607152749289,0.0,0.0,-1.7634607152749289,False,1345814_YES.csv,1345814_YES
1770964860,2026-02-13 06:41:00,1,2.22222,1.999998,0.8999999995949997,1.999998,,,0.0,0.0,,0.0,,,,0.0,,-0.0,,-0.7126023345896838,-0.5809013488087322,-0.45251745114430997,0.0,0.0,0.0,0.0,-1.746021134542726,0.0,0.0,-1.746021134542726,False,1345814_YES.csv,1345814_YES
1770964920,2026-02-13 06:42:00,1,200.001311,181.929993,0.909644002279017,181.929993,,,0.0,0.0,,0.0,,,,0.0,,-0.0,,-0.7126023345896838,0.7365269466182385,1.1778703819399383,0.0,0.0,0.0,0.0,1.2017949939684929,0.0,0.0,1.2017949939684929,False,1345814_YES.csv,1345814_YES
1770965160,2026-02-13 06:46:00,1,1.11111,0.999999,0.8999999991899992,0.999999,,,0.0,0.0,,0.0,,,,0.0,,-0.0,,-0.686630313352543,-0.5950279545522417,-0.4787564120902482,0.0,0.0,0.0,0.0,-1.760414679995033,0.0,0.0,-1.760414679995033,False,1345814_YES.csv,1345814_YES
1770965340,2026-02-13 06:49:00,1,2.1978,1.999998,0.9099999995859496,1.999998,,,0.0,0.0,,0.0,,,,0.0,,-0.0,,-0.6658406218828569,-0.5799577085144565,-0.46528490688644697,0.0,0.0,0.0,0.0,-1.71108323728376,0.0,0.0,-1.71108323728376,False,1345814_YES.csv,1345814_YES
1770965460,2026-02-13 06:51:00,4,118.0,106.2,0.8999999999923729,26.55,,,0.0,0.0,,0.0,,,,0.0,,-0.0,,2.6498089748707883,0.18082108297962368,-0.24323620261803486,0.0,0.0,0.0,0.0,2.587393855232377,0.0,0.0,2.587393855232377,False,1345814_YES.csv,1345814_YES
1770965640,2026-02-13 06:54:00,1,14.0,12.74,0.909999999935,12.74,,,0.0,0.0,,0.0,,,,0.0,,-0.0,,-0.6624522437176972,-0.4912117883812407,-0.3463638788505536,0.0,0.0,0.0,0.0,-1.5000279109494914,0.0,0.0,-1.5000279109494914,False,1345814_YES.csv,1345814_YES
1770965700,2026-02-13 06:55:00,1,1.0989,0.999999,0.9099999991718991,0.999999,,,0.0,0.0,,0.0,,,,0.0,,-0.0,,-0.6624522437176972,-0.578487567092055,-0.4554451791269703,0.0,0.0,0.0,0.0,-1.6963849899367225,0.0,0.0,-1.6963849899367225,False,1345814_YES.csv,1345814_YES
1770965760,2026-02-13 06:56:00,1,590.795685,546.229987,0.9245666494654162,546.229987,,,0.0,0.0,,0.0,,,,0.0,,-0.0,,-0.6428344537548122,3.1221434459499413,3.9007036226062417,0.0,0.0,0.0,0.0,6.380012614801371,0.0,0.0,6.380012614801371,False,1345814_YES.csv,1345814_YES
1770965820,2026-02-13 06:57:00,1,18.41,16.9372,0.9199999999500272,16.9372,,,0.0,0.0,,0.0,,,,0.0,,-0.0,,-0.623505966228456,-0.4805395599129376,-0.33733001741811774,0.0,0.0,0.0,0.0,-1.4413755435595115,0.0,0.0,-1.4413755435595115,False,1345814_YES.csv,1345814_YES
1770965940,2026-02-13 06:59:00,1,106.516128,99.059999,0.9299999996157389,99.059999,,,0.0,0.0,,0.0,,,,0.0,,-0.0,,-0.6044444737123774,0.07104126125220461,0.3093526850563997,0.0,0.0,0.0,0.0,-0.22405052740377318,0.0,0.0,-0.22405052740377318,False,1345814_YES.csv,1345814_YES
1770966660,2026-02-13 07:11:00,3,236.0,219.48000000000002,0.9299999999960594,73.16000000000001,,,0.0,0.0,,0.0,,,,0.0,,-0.0,,1.5299948135856931,0.8646890101789666,0.09427940457888873,0.0,0.0,0.0,0.0,2.4889632283435486,0.0,0.0,2.4889632283435486,False,1345814_YES.csv,1345814_YES
1770966720,2026-02-13 07:12:00,1,21.72,20.1996,0.9299999999571824,20.1996,,,0.0,0.0,,0.0,,,,0.0,,-0.0,,-0.6110925281555866,-0.49004076233581595,-0.3332653711951305,0.0,0.0,0.0,0.0,-1.434398661686533,0.0,0.0,-1.434398661686533,False,1345814_YES.csv,1345814_YES
1770967380,2026-02-13 07:23:00,2,203.075257,184.819989,0.9101058973378027,92.4099945,,,0.0,0.0,,0.0,,,,0.0,,-0.0,,0.46730605094250743,0.6084587798243272,0.2352293801087111,0.0,0.0,0.0,0.0,1.3109942108755457,0.0,0.0,1.3109942108755457,False,1345814_YES.csv,1345814_YES
1770967800,2026-02-13 07:30:00,4,116.0,107.88,0.9299999999919827,26.97,,,0.0,0.0,,0.0,,,,0.0,,-0.0,,2.4423451712905546,0.07609729655241318,-0.29215982098938087,0.0,0.0,0.0,0.0,2.226282646853587,0.0,0.0,2.226282646853587,False,1345814_YES.csv,1345814_YES
1770967860,2026-02-13 07:31:00,1,21.505371,19.999995,0.9299999985617545,19.999995,,,0.0,0.0,,0.0,,,,0.0,,-0.0,,-0.6064748179723585,-0.49620549748629633,-0.33536036138485703,0.0,0.0,0.0,0.0,-1.438040676843512,0.0,0.0,-1.438040676843512,False,1345814_YES.csv,1345814_YES
1770968460,2026-02-13 07:41:00,1,7.4,6.66,0.8999999998783783,6.66,,,0.0,0.0,,0.0,,,,0.0,,-0.0,,-0.5883391157692416,-0.5710262782323937,-0.43229542405566573,0.0,0.0,0.0,0.0,-1.591660818057301,0.0,0.0,-1.591660818057301,False,1345814_YES.csv,1345814_YES
1770968700,2026-02-13 07:45:00,1,10.0,8.85,0.8849999999114999,8.85,,,0.0,0.0,,0.0,,,,0.0,,-0.0,,-0.5883391157692416,-0.5569808490329012,-0.41595216991138523,0.0,0.0,0.0,0.0,-1.561272134713528,0.0,0.0,-1.561272134713528,False,1345814_YES.csv,1345814_YES
1770968880,2026-02-13 07:48:00,1,20.55,18.495,0.8999999999562044,18.495,,,0.0,0.0,,0.0,,,,0.0,,-0.0,,-0.5883391157692416,-0.4852556754019626,-0.33376016630829203,0.0,0.0,0.0,0.0,-1.4073549574794963,0.0,0.0,-1.4073549574794963,False,1345814_YES.csv,1345814_YES
1770969180,2026-02-13 07:53:00,1,566.167387,518.749996,0.916248459219506,518.749996,,,0.0,0.0,,0.0,,,,0.0,,-0.0,,-0.5883391157692416,2.7473344199232383,3.269699490226746,0.0,0.0,0.0,0.0,5.428694794380743,0.0,0.0,5.428694794380743,False,1345814_YES.csv,1345814_YES
1770969360,2026-02-13 07:56:00,1,200.0,184.0,0.9199999999954,184.0,,,0.0,0.0,,0.0,,,,0.0,,-0.0,,-0.5883391157692416,0.5828974903975158,0.860308597940777,0.0,0.0,0.0,0.0,0.8548669725690512,0.0,0.0,0.8548669725690512,False,1345814_YES.csv,1345814_YES
1770969420,2026-02-13 07:57:00,1,562.720429,516.5899979999999,0.9180224697317358,516.5899979999999,,,0.0,0.0,,0.0,,,,0.0,,-0.0,,-0.5883391157692416,2.560694112634613,2.98978280173444,0.0,0.0,0.0,0.0,4.962137798599811,0.0,0.0,4.962137798599811,False,1345814_YES.csv,1345814_YES
1770970620,2026-02-13 08:17:00,1,0.04,0.0368,0.9199999770000006,0.0368,,,0.0,0.0,,0.0,,,,0.0,,-0.0,,-0.5883391157692416,-0.6375730118997595,-0.5067604429164034,0.0,0.0,0.0,0.0,-1.7326725705854045,0.0,0.0,-1.7326725705854045,False,1345814_YES.csv,1345814_YES
1770970680,2026-02-13 08:18:00,1,10.9,9.919,0.9099999999165138,9.919,,,0.0,0.0,,0.0,,,,0.0,,-0.0,,-0.5883391157692416,-0.5775198886573943,-0.4409579381575272,0.0,0.0,0.0,0.0,-1.6068169425841632,0.0,0.0,-1.6068169425841632,False,1345814_YES.csv,1345814_YES
1770970860,2026-02-13 08:21:00,2,1114.09472,1052.519984,0.9447311481729805,526.259992,,,0.0,0.0,,0.0,,,,0.0,,-0.0,,0.43319629855168473,4.607969437839177,2.792831917652287,0.0,0.0,0.0,0.0,7.833997654043149,0.0,0.0,7.833997654043149,False,1345814_YES.csv,1345814_YES
1770971340,2026-02-13 08:29:00,1,21.2421,19.999995,0.9415262614834915,19.999995,,,0.0,0.0,,0.0,,,,0.0,,-0.0,,-0.6064748179723585,-0.4983206874807036,-0.4029025364551072,0.0,0.0,0.0,0.0,-1.5076980419081694,0.0,0.0,-1.5076980419081694,False,1345814_YES.csv,1345814_YES
1770971460,2026-02-13 08:31:00,1,4.21052,3.999994,0.9499999997743745,3.999994,,,0.0,0.0,,0.0,,,,0.0,,-0.0,,-0.5883391157692416,-0.5770972823683512,-0.5039516492886857,0.0,0.0,0.0,0.0,-1.6693880474262786,0.0,0.0,-1.6693880474262786,False,1345814_YES.csv,1345814_YES
1770971700,2026-02-13 08:35:00,1,736.8421,699.9999949999999,0.9499999999987107,699.9999949999999,,,0.0,0.0,,0.0,,,,0.0,,-0.0,,-0.5883391157692416,2.763643638216007,3.669796243140409,0.0,0.0,0.0,0.0,5.8451007655871745,0.0,0.0,5.8451007655871745,False,1345814_YES.csv,1345814_YES
1770971820,2026-02-13 08:37:00,1,1.21,1.1374,0.9399999992231405,1.1374,,,0.0,0.0,,0.0,,,,0.0,,-0.0,,-0.5883391157692416,-0.5852686340923389,-0.5100619301984805,0.0,0.0,0.0,0.0,-1.6836696800600608,0.0,0.0,-1.6836696800600608,False,1345814_YES.csv,1345814_YES
1770971880,2026-02-13 08:38:00,1,1.1,1.034,0.9399999991454544,1.034,,,0.0,0.0,,0.0,,,,0.0,,-0.0,,-0.5704274013728741,-0.5847749018717552,-0.5101632089653019,0.0,0.0,0.0,0.0,-1.6653655122099311,0.0,0.0,-1.6653655122099311,False,1345814_YES.csv,1345814_YES
1770972000,2026-02-13 08:40:00,1,5.75,5.404999999999999,0.9399999998365216,5.404999999999999,,,0.0,0.0,,0.0,,,,0.0,,-0.0,,-0.545213763219591,-0.5545443182121461,-0.4805533656835688,0.0,0.0,0.0,0.0,-1.580311447115306,0.0,0.0,-1.580311447115306,False,1345814_YES.csv,1345814_YES
1770972300,2026-02-13 08:45:00,1,5.08,4.826,0.949999999812992,4.826,,,0.0,0.0,,0.0,,,,0.0,,-0.0,,-0.519946477157641,-0.5522065926440447,-0.4823184649612004,0.0,0.0,0.0,0.0,-1.5544715347628861,0.0,0.0,-1.5544715347628861,False,1345814_YES.csv,1345814_YES
1770972480,2026-02-13 08:48:00,2,25.618533,24.799977000000002,0.9680482875046731,12.399988500000001,,,0.0,0.0,,0.0,,,,0.0,,-0.0,,0.5377877706628423,-0.45567773618958357,-0.4341358660973468,0.0,0.0,0.0,0.0,-0.352025831624088,0.0,0.0,-0.352025831624088,False,1345814_YES.csv,1345814_YES
1770972660,2026-02-13 08:51:00,1,5.0,4.8,0.959999999808,4.8,,,0.0,0.0,,0.0,,,,0.0,,-0.0,,-0.5377877706628423,-0.5498214451753639,-0.4780565306782761,0.0,0.0,0.0,0.0,-1.5656657465164823,0.0,0.0,-1.5656657465164823,False,1345814_YES.csv,1345814_YES
1770972720,2026-02-13 08:52:00,2,4.09,3.9254999999999995,0.9597799508655794,1.9627499999999998,,,0.0,0.0,,0.0,,,,0.0,,-0.0,,0.5670381532234577,-0.5450920209138119,-0.49126958912475566,0.0,0.0,0.0,0.0,-0.46932345681510984,0.0,0.0,-0.46932345681510984,False,1345814_YES.csv,1345814_YES
1770972840,2026-02-13 08:54:00,1,10.41665,9.999984,0.9599999999078398,9.999984,,,0.0,0.0,,0.0,,,,0.0,,-0.0,,-0.5304550465638799,-0.4905211891982323,-0.41764934456148656,0.0,0.0,0.0,0.0,-1.4386255803235988,0.0,0.0,-1.4386255803235988,False,1345814_YES.csv,1345814_YES
1770973260,2026-02-13 09:01:00,1,3.0,2.88,0.9599999996799999,2.88,,,0.0,0.0,,0.0,,,,0.0,,-0.0,,-0.5304550465638799,-0.5248073990504251,-0.46206770099469224,0.0,0.0,0.0,0.0,-1.5173301466089972,0.0,0.0,-1.5173301466089972,False,1345814_YES.csv,1345814_YES
1770973440,2026-02-13 09:04:00,1,5.0,4.75,0.9499999998099999,4.75,,,0.0,0.0,,0.0,,,,0.0,,-0.0,,-0.5304550465638799,-0.5160076978274205,-0.4506547455921482,0.0,0.0,0.0,0.0,-1.4971174899834485,0.0,0.0,-1.4971174899834485,False,1345814_YES.csv,1345814_YES
1770973500,2026-02-13 09:05:00,3,11.59,11.0605,0.9543140637658054,3.686833333333333,,,0.0,0.0,,0.0,,,,0.0,,-0.0,,1.7570263071777665,-0.465228831438906,-0.4497843850980215,0.0,0.0,0.0,0.0,0.8420130906408392,0.0,0.0,0.8420130906408392,False,1345814_YES.csv,1345814_YES
1770973920,2026-02-13 09:12:00,2,20.6,19.776,0.959999999953398,9.888,,,0.0,0.0,,0.0,,,,0.0,,-0.0,,0.6111395851053102,-0.42026209074767834,-0.40914078792309605,0.0,0.0,0.0,0.0,-0.2182632935654642,0.0,0.0,-0.2182632935654642,False,1345814_YES.csv,1345814_YES
1770974040,2026-02-13 09:14:00,1,501.97,473.2318,0.9427491682751106,473.2318,,,0.0,0.0,,0.0,,,,0.0,,-0.0,,-0.5347471369671462,1.7343389593307126,2.3641732029082734,0.0,0.0,0.0,0.0,3.56376502527184,0.0,0.0,3.56376502527184,False,1345814_YES.csv,1345814_YES
1770974640,2026-02-13 09:24:00,1,15.0,14.4,0.9599999999359999,14.4,,,0.0,0.0,,0.0,,,,0.0,,-0.0,,-0.5347471369671462,-0.4750415942495812,-0.4113302933733968,0.0,0.0,0.0,0.0,-1.4211190245901242,0.0,0.0,-1.4211190245901242,False,1345814_YES.csv,1345814_YES
1770974880,2026-02-13 09:28:00,1,20.833325,19.999992,0.95999999995392,19.999992,,,0.0,0.0,,0.0,,,,0.0,,-0.0,,-0.5161278522480848,-0.44752416280203533,-0.37828254025456254,0.0,0.0,0.0,0.0,-1.3419345553046826,0.0,0.0,-1.3419345553046826,False,1345814_YES.csv,1345814_YES
1770975060,2026-02-13 09:31:00,3,28.73,27.393499999999996,0.9534806821805261,9.131166666666665,,,0.0,0.0,,0.0,,,,0.0,,-0.0,,1.6995902656421018,-0.4143763866966398,-0.4449210810853761,0.0,0.0,0.0,0.0,0.8402927978600858,0.0,0.0,0.8402927978600858,False,1345814_YES.csv,1345814_YES
1770975120,2026-02-13 09:32:00,4,40.55,38.722500000000004,0.9549321824672027,9.680625000000001,,,0.0,0.0,,0.0,,,,0.0,,-0.0,,2.6205435716038408,-0.3632182461924693,-0.44265162356436416,0.0,0.0,0.0,0.0,1.8146737018470072,0.0,0.0,1.8146737018470072,False,1345814_YES.csv,1345814_YES
1770975420,2026-02-13 09:37:00,1,25.0,24.05,0.9619999999615201,24.05,,,0.0,0.0,,0.0,,,,0.0,,-0.0,,-0.5275432558496533,-0.43579275207650997,-0.35809612318113576,0.0,0.0,0.0,0.0,-1.321432131107299,0.0,0.0,-1.321432131107299,False,1345814_YES.csv,1345814_YES
1770975480,2026-02-13 09:38:00,1,5.186694,4.999973,0.963999996729323,4.999973,,,0.0,0.0,,0.0,,,,0.0,,-0.0,,-0.5275432558496533,-0.5269724604530377,-0.4725933739232875,0.0,0.0,0.0,0.0,-1.5271090902259785,0.0,0.0,-1.5271090902259785,False,1345814_YES.csv,1345814_YES
1770975660,2026-02-13 09:41:00,2,645.813545,624.0999569999999,0.9663779303344181,312.04997849999995,,,0.0,0.0,,0.0,,,,0.0,,-0.0,,0.510038681721553,2.3042843893538945,1.3381677630857929,0.0,0.0,0.0,0.0,4.152490834161241,0.0,0.0,4.152490834161241,False,1345814_YES.csv,1345814_YES
1770975720,2026-02-13 09:42:00,5,25.0,24.2,0.9679999999612799,4.84,,,0.0,0.0,,0.0,,,,0.0,,-0.0,,3.3426619663794472,-0.44653751494730715,-0.48958157195435387,0.0,0.0,0.0,0.0,2.406542879477786,0.0,0.0,2.406542879477786,False,1345814_YES.csv,1345814_YES
1770975780,2026-02-13 09:43:00,2,10.0,9.682,0.9681999999031801,4.841,,,0.0,0.0,,0.0,,,,0.0,,-0.0,,0.43599938691905826,-0.490217320613811,-0.4718941658916639,0.0,0.0,0.0,0.0,-0.5261120995864166,0.0,0.0,-0.5261120995864166,False,1345814_YES.csv,1345814_YES
1770975960,2026-02-13 09:46:00,12,117.0309,113.519973,0.9699999999917115,9.45999775,,,0.0,0.0,,0.0,,,,0.0,,-0.0,,6.053017053426366,-0.014770247325877181,-0.4453283869970042,0.0,0.0,0.0,0.0,5.592918419103484,0.0,0.0,5.592918419103484,False,1345814_YES.csv,1345814_YES
1770976020,2026-02-13 09:47:00,3,84.0,81.48,0.9699999999884522,27.16,,,0.0,0.0,,0.0,,,,0.0,,-0.0,,0.7337037330443477,-0.17026036190324575,-0.3419692327589557,0.0,0.0,0.0,0.0,0.2214741383821462,0.0,0.0,0.2214741383821462,False,1345814_YES.csv,1345814_YES
1770976080,2026-02-13 09:48:00,2,57.0,55.29,0.9699999999829825,27.645,,,0.0,0.0,,0.0,,,,0.0,,-0.0,,0.13716510219791972,-0.29759113789577385,-0.34198410289780157,0.0,0.0,0.0,0.0,-0.5024101385956556,0.0,0.0,-0.5024101385956556,False,1345814_YES.csv,1345814_YES
1770976140,2026-02-13 09:49:00,2,50.0,48.5,0.9699999999806,24.25,,,0.0,0.0,,0.0,,,,0.0,,-0.0,,0.1275732427376235,-0.33151266649097433,-0.3622113686630617,0.0,0.0,0.0,0.0,-0.5661507924164125,0.0,0.0,-0.5661507924164125,False,1345814_YES.csv,1345814_YES
1770976260,2026-02-13 09:51:00,1,128.865966,124.999987,0.9699999998372729,124.999987,,,0.0,0.0,,0.0,,,,0.0,,-0.0,,-0.45068533579316467,0.04053329968880662,0.24289808182889353,0.0,0.0,0.0,0.0,-0.1672539542754645,0.0,0.0,-0.1672539542754645,False,1345814_YES.csv,1345814_YES
1770976380,2026-02-13 09:53:00,23,209.368558,202.859849,0.96891267216461,8.819993434782608,,,0.0,0.0,,0.0,,,,0.0,,-0.0,,6.47257084804039,0.4246532419481934,-0.43640570983383875,0.0,0.0,0.0,0.0,6.460818380154745,0.0,0.0,6.460818380154745,False,1345814_YES.csv,1345814_YES
1770976440,2026-02-13 09:54:00,14,243.00952,235.65980499999998,0.969755444144864,16.832843214285713,,,0.0,0.0,,0.0,,,,0.0,,-0.0,,3.2693127407914715,0.5627488388703608,-0.38914364897914133,0.0,0.0,0.0,0.0,3.442917930682691,0.0,0.0,3.442917930682691,False,1345814_YES.csv,1345814_YES
1770976500,2026-02-13 09:55:00,4,36.389864,35.279962,0.9694996936243152,8.8199905,,,0.0,0.0,,0.0,,,,0.0,,-0.0,,0.4527772908590055,-0.3924664311338872,-0.4347501884623619,0.0,0.0,0.0,0.0,-0.3744393287372436,0.0,0.0,-0.3744393287372436,False,1345814_YES.csv,1345814_YES
1770976560,2026-02-13 09:56:00,3,27.278298,26.459948999999995,0.9699999977648897,8.819982999999999,,,0.0,0.0,,0.0,,,,0.0,,-0.0,,0.18284026891662616,-0.4185283653464454,-0.4304394666517227,0.0,0.0,0.0,0.0,-0.666127563081542,0.0,0.0,-0.666127563081542,False,1345814_YES.csv,1345814_YES
1770976620,2026-02-13 09:57:00,3,42.185531999999995,40.919966,0.9699999990288142,13.639988666666667,,,0.0,0.0,,0.0,,,,0.0,,-0.0,,0.17363469551820826,-0.3523969305036692,-0.40203491607769987,0.0,0.0,0.0,0.0,-0.5807971510631609,0.0,0.0,-0.5807971510631609,False,1345814_YES.csv,1345814_YES
1770976740,2026-02-13 09:59:00,1,24.0,23.28,0.9699999999595834,23.28,,,0.0,0.0,,0.0,,,,0.0,,-0.0,,-0.3895048575138185,-0.43880458613627576,-0.34686273619047997,0.0,0.0,0.0,0.0,-1.1751721798405743,0.0,0.0,-1.1751721798405743,False,1345814_YES.csv,1345814_YES
1770976800,2026-02-13 10:00:00,1,24.0,23.28,0.9699999999595834,23.28,,,0.0,0.0,,0.0,,,,0.0,,-0.0,,-0.3895048575138185,-0.44087291311614424,-0.34929923578400546,0.0,0.0,0.0,0.0,-1.1796770064139683,0.0,0.0,-1.1796770064139683,False,1345814_YES.csv,1345814_YES
1770977280,2026-02-13 10:08:00,4,20.0,19.2,0.9599999999519999,4.8,,,0.0,0.0,,0.0,,,,0.0,,-0.0,,0.4409630630790177,-0.44703563729272827,-0.44307909093727454,0.0,0.0,0.0,0.0,-0.4491516651509851,0.0,0.0,-0.4491516651509851,False,1345814_YES.csv,1345814_YES
1770977340,2026-02-13 10:09:00,2,10.0,9.6,0.959999999904,4.8,,,0.0,0.0,,0.0,,,,0.0,,-0.0,,-0.12682006041752641,-0.49378603632515194,-0.4435375660307498,0.0,0.0,0.0,0.0,-1.0641436627734282,0.0,0.0,-1.0641436627734282,False,1345814_YES.csv,1345814_YES
1770977400,2026-02-13 10:10:00,1,5.0,4.8,0.959999999808,4.8,,,0.0,0.0,,0.0,,,,0.0,,-0.0,,-0.4086424169009183,-0.5170230586579085,-0.443875163528692,0.0,0.0,0.0,0.0,-1.3695406390875189,0.0,0.0,-1.3695406390875189,False,1345814_YES.csv,1345814_YES
1770977460,2026-02-13 10:11:00,1,0.03,0.0288299999999999,0.9609999679666678,0.0288299999999999,,,0.0,0.0,,0.0,,,,0.0,,-0.0,,-0.3946708580664355,-0.5300942304567068,-0.46939220047698876,0.0,0.0,0.0,0.0,-1.394157289000131,0.0,0.0,-1.394157289000131,False,1345814_YES.csv,1345814_YES
1770977520,2026-02-13 10:12:00,2,18.074537,17.459984,0.9659989630181953,8.729992,,,0.0,0.0,,0.0,,,,0.0,,-0.0,,-0.11760554451692094,-0.44738770874005285,-0.4166934972719187,0.0,0.0,0.0,0.0,-0.9816867505288924,0.0,0.0,-0.9816867505288924,False,1345814_YES.csv,1345814_YES
1770977700,2026-02-13 10:15:00,1,9.009258,8.729971,0.9689999996704499,8.729971,,,0.0,0.0,,0.0,,,,0.0,,-0.0,,-0.3998588513575313,-0.4898141734248654,-0.4176114113701878,0.0,0.0,0.0,0.0,-1.3072844361525846,0.0,0.0,-1.3072844361525846,False,1345814_YES.csv,1345814_YES
1770977880,2026-02-13 10:18:00,5,68.0,65.96000000000001,0.9699999999857354,13.192000000000002,,,0.0,0.0,,0.0,,,,0.0,,-0.0,,0.7082366945402238,-0.18540633295304518,-0.36267422052236203,0.0,0.0,0.0,0.0,0.16015614106481652,0.0,0.0,0.16015614106481652,False,1345814_YES.csv,1345814_YES
1770977940,2026-02-13 10:19:00,12,90.11,87.4067,0.9699999999892354,7.283891666666666,,,0.0,0.0,,0.0,,,,0.0,,-0.0,,2.4864239776713135,-0.08499723788522096,-0.3995974908908641,0.0,0.0,0.0,0.0,2.0018292488952287,0.0,0.0,2.0018292488952287,False,1345814_YES.csv,1345814_YES
1770978000,2026-02-13 10:20:00,1,5.0,4.85,0.9699999998059999,4.85,,,0.0,0.0,,0.0,,,,0.0,,-0.0,,-0.4440042817270202,-0.48626489920815147,-0.4047243593737366,0.0,0.0,0.0,0.0,-1.3349935403089084,0.0,0.0,-1.3349935403089084,False,1345814_YES.csv,1345814_YES
1770978060,2026-02-13 10:21:00,5,669.952825,648.186965,0.9675113542495065,129.637393,,,0.0,0.0,,0.0,,,,0.0,,-0.0,,0.6107942102674179,2.5238501365907915,0.392581571270193,0.0,0.0,0.0,0.0,3.5272259181284022,0.0,0.0,3.5272259181284022,False,1345814_YES.csv,1345814_YES
1770978120,2026-02-13 10:22:00,1,1.03199,0.999998,0.96899969867053,0.999998,,,0.0,0.0,,0.0,,,,0.0,,-0.0,,-0.4514565901976568,-0.5098275146439928,-0.43262017815608145,0.0,0.0,0.0,0.0,-1.393904282997731,0.0,0.0,-1.393904282997731,False,1345814_YES.csv,1345814_YES
1770978360,2026-02-13 10:26:00,1,14.0,13.51,0.9649999999310714,13.51,,,0.0,0.0,,0.0,,,,0.0,,-0.0,,-0.4463951448958039,-0.4375543318720852,-0.3434667953211082,0.0,0.0,0.0,0.0,-1.2274162720889972,0.0,0.0,-1.2274162720889972,False,1345814_YES.csv,1345814_YES
1770978480,2026-02-13 10:28:00,2,24.618533,23.867977,0.9695125618992199,11.9339885,,,0.0,0.0,,0.0,,,,0.0,,-0.0,,-0.17250753363648852,-0.38199442699890207,-0.3518050646457138,0.0,0.0,0.0,0.0,-0.9063070252811044,0.0,0.0,-0.9063070252811044,False,1345814_YES.csv,1345814_YES
1770978600,2026-02-13 10:30:00,25,197.310277,191.71962,0.9716656573292852,7.6687848,,,0.0,0.0,,0.0,,,,0.0,,-0.0,,4.632091987667051,0.38991915028908314,-0.3776971108699238,0.0,0.0,0.0,0.0,4.644314027086211,0.0,0.0,4.644314027086211,False,1345814_YES.csv,1345814_YES
1770978720,2026-02-13 10:32:00,5,681.280426,659.318935,0.9677643886968684,131.863787,,,0.0,0.0,,0.0,,,,0.0,,-0.0,,0.3975384501395847,2.4024997518512277,0.40584025040362987,0.0,0.0,0.0,0.0,3.205878452394442,0.0,0.0,3.205878452394442,False,1345814_YES.csv,1345814_YES
1770978780,2026-02-13 10:33:00,1,100.0,96.8,0.9679999999903199,96.8,,,0.0,0.0,,0.0,,,,0.0,,-0.0,,-0.44679100148431206,-0.1066402004972182,0.17162988256681086,0.0,0.0,0.0,0.0,-0.3818013194147194,0.0,0.0,-0.3818013194147194,False,1345814_YES.csv,1345814_YES
1770978840,2026-02-13 10:34:00,3,128.31,124.66601,0.9716001091031752,41.55533666666667,,,0.0,0.0,,0.0,,,,0.0,,-0.0,,-0.031716691929695444,0.009700081802209994,-0.18578466900970803,0.0,0.0,0.0,0.0,-0.20780127913719348,0.0,0.0,-0.20780127913719348,False,1345814_YES.csv,1345814_YES
1770978960,2026-02-13 10:36:00,4,761.252575,739.919537,0.9719763995531022,184.97988425,,,0.0,0.0,,0.0,,,,0.0,,-0.0,,0.16941585831780653,2.6426607369245882,0.8287465988151513,0.0,0.0,0.0,0.0,3.640823194057546,0.0,0.0,3.640823194057546,False,1345814_YES.csv,1345814_YES
1770979020,2026-02-13 10:37:00,1,102.56408,99.999978,0.9749999999904937,99.999978,,,0.0,0.0,,0.0,,,,0.0,,-0.0,,-0.46589361037396815,-0.10674476683062332,0.2532512042215212,0.0,0.0,0.0,0.0,-0.31938717298307023,0.0,0.0,-0.31938717298307023,False,1345814_YES.csv,1345814_YES
1770979260,2026-02-13 10:41:00,1,5.0,4.859999999999999,0.9719999998055999,4.859999999999999,,,0.0,0.0,,0.0,,,,0.0,,-0.0,,-0.46589361037396815,-0.4910497664395046,-0.3812323864361987,0.0,0.0,0.0,0.0,-1.3381757632496716,0.0,0.0,-1.3381757632496716,False,1345814_YES.csv,1345814_YES
1770979380,2026-02-13 10:43:00,1,5.0,4.89,0.9779999998043999,4.89,,,0.0,0.0,,0.0,,,,0.0,,-0.0,,-0.46589361037396815,-0.49136350886115054,-0.38171503084394004,0.0,0.0,0.0,0.0,-1.3389721500790588,0.0,0.0,-1.3389721500790588,False,1345814_YES.csv,1345814_YES
1770979440,2026-02-13 10:44:00,4,656.593476,638.6639660000001,0.9726931340984377,159.66599150000002,,,0.0,0.0,,0.0,,,,0.0,,-0.0,,0.1590905995812422,2.1676322033500433,0.773858973907279,0.0,0.0,0.0,0.0,3.1005817768385646,0.0,0.0,3.1005817768385646,False,1345814_YES.csv,1345814_YES
1770979500,2026-02-13 10:45:00,1,61.475375,59.999966,0.9759999999841238,59.999966,,,0.0,0.0,,0.0,,,,0.0,,-0.0,,-0.4731084629702333,-0.24816268970354505,0.08757456027747501,0.0,0.0,0.0,0.0,-0.6336965923963033,0.0,0.0,-0.6336965923963033,False,1345814_YES.csv,1345814_YES
1770979560,2026-02-13 10:46:00,1,41.06773,39.999969,0.9739999994892828,39.999969,,,0.0,0.0,,0.0,,,,0.0,,-0.0,,-0.4731084629702333,-0.34877382952895397,-0.08664217242300579,0.0,0.0,0.0,0.0,-0.9085244649221931,0.0,0.0,-0.9085244649221931,False,1345814_YES.csv,1345814_YES
1770979800,2026-02-13 10:50:00,1,2474.67,2417.14526,0.976754581418542,2417.14526,,,0.0,0.0,,0.0,,,,0.0,,-0.0,,-0.4731084629702333,6.302343169818681,7.116686765313869,0.0,0.0,0.0,0.0,12.945921472162317,0.0,0.0,12.945921472162317,True,1345814_YES.csv,1345814_YES
1770980220,2026-02-13 10:57:00,5,1391.647148,1356.939972,0.9750603620674576,271.38799439999997,,,0.0,0.0,,0.0,,,,0.0,,-0.0,,0.3604198712894387,3.09901090791957,0.5918983518456464,0.0,0.0,0.0,0.0,4.051329131054655,0.0,0.0,4.051329131054655,False,1345814_YES.csv,1345814_YES
1770980340,2026-02-13 10:59:00,5,1253.53328,1220.945948,0.9740036164010148,244.18918960000002,,,0.0,0.0,,0.0,,,,0.0,,-0.0,,0.3466380511241019,2.5429251328604225,0.4928664537727666,0.0,0.0,0.0,0.0,3.382429637757291,0.0,0.0,3.382429637757291,False,1345814_YES.csv,1345814_YES
1770980400,2026-02-13 11:00:00,1,13.213551,12.869998,0.9739999489180463,12.869998,,,0.0,0.0,,0.0,,,,0.0,,-0.0,,-0.5022714618328823,-0.4148193584754777,-0.23418233674341363,0.0,0.0,0.0,0.0,-1.1512731570517736,0.0,0.0,-1.1512731570517736,False,1345814_YES.csv,1345814_YES
1770980520,2026-02-13 11:02:00,1,3.956814,3.84998,0.9729999941940664,3.84998,,,0.0,0.0,,0.0,,,,0.0,,-0.0,,-0.5022714618328823,-0.4368278391270724,-0.26242459493383297,0.0,0.0,0.0,0.0,-1.2015238958937875,0.0,0.0,-1.2015238958937875,False,1345814_YES.csv,1345814_YES
1770980640,2026-02-13 11:04:00,5,569.712694,552.1099459999999,0.9691024121695817,110.42198919999998,,,0.0,0.0,,0.0,,,,0.0,,-0.0,,0.3328964196099741,0.8786715587740983,0.06678932918887454,0.0,0.0,0.0,0.0,1.278357307572947,0.0,0.0,1.278357307572947,False,1345814_YES.csv,1345814_YES
1770980880,2026-02-13 11:08:00,29,57.848955000000004,56.299364,0.9732131548275468,1.9413573793103447,,,0.0,0.0,,0.0,,,,0.0,,-0.0,,4.37316771475956,-0.33051324920804953,-0.2735076927195391,0.0,0.0,0.0,0.0,3.769146772831971,0.0,0.0,3.769146772831971,False,1345814_YES.csv,1345814_YES
1770981000,2026-02-13 11:10:00,2,308.008191,299.999978,0.973999999886451,149.999989,,,0.0,0.0,,0.0,,,,0.0,,-0.0,,-0.33122422616462044,0.25172660927161816,0.18413135968641733,0.0,0.0,0.0,0.0,0.10463374279341506,0.0,0.0,0.10463374279341506,False,1345814_YES.csv,1345814_YES
1770981120,2026-02-13 11:12:00,1,130.1,125.3215,0.9632705610994369,125.3215,,,0.0,0.0,,0.0,,,,0.0,,-0.0,,-0.5020292068038512,-0.17974014745105768,0.1001678353467379,0.0,0.0,0.0,0.0,-0.581601518908171,0.0,0.0,-0.581601518908171,False,1345814_YES.csv,1345814_YES
1770981240,2026-02-13 11:14:00,1,26.714576,25.999997,0.9732513440986953,25.999997,,,0.0,0.0,,0.0,,,,0.0,,-0.0,,-0.5020292068038512,-0.4232687834733501,-0.21305496367414367,0.0,0.0,0.0,0.0,-1.138352953951345,0.0,0.0,-1.138352953951345,False,1345814_YES.csv,1345814_YES
1770981300,2026-02-13 11:15:00,1,5.0,4.85,0.9699999998059999,4.85,,,0.0,0.0,,0.0,,,,0.0,,-0.0,,-0.5020292068038512,-0.4750756684632773,-0.2796914211360552,0.0,0.0,0.0,0.0,-1.2567962964031838,0.0,0.0,-1.2567962964031838,False,1345814_YES.csv,1345814_YES
1770981660,2026-02-13 11:21:00,1,5.0,4.88,0.9759999998048,4.88,,,0.0,0.0,,0.0,,,,0.0,,-0.0,,-0.5020292068038512,-0.4750088340202257,-0.2796044142158852,0.0,0.0,0.0,0.0,-1.256642455039962,0.0,0.0,-1.256642455039962,False,1345814_YES.csv,1345814_YES
1770981780,2026-02-13 11:23:00,1,5.117706,4.999998000000001,0.9769998509142575,4.999998000000001,,,0.0,0.0,,0.0,,,,0.0,,-0.0,,-0.4952762297460272,-0.4744128293759744,-0.27930130572055717,0.0,0.0,0.0,0.0,-1.2489903648425587,0.0,0.0,-1.2489903648425587,False,1345814_YES.csv,1345814_YES
1770982020,2026-02-13 11:27:00,1,4.994881,4.8799980000000005,0.976999852253337,4.8799980000000005,,,0.0,0.0,,0.0,,,,0.0,,-0.0,,-0.49179076448055503,-0.47396582824580125,-0.2793959574539106,0.0,0.0,0.0,0.0,-1.245152550180267,0.0,0.0,-1.245152550180267,False,1345814_YES.csv,1345814_YES
1770982200,2026-02-13 11:30:00,1,5.168883,5.049998,0.9769998661263951,5.049998,,,0.0,0.0,,0.0,,,,0.0,,-0.0,,-0.49179076448055503,-0.45543583254184217,-0.2573531533908503,0.0,0.0,0.0,0.0,-1.2045797504132474,0.0,0.0,-1.2045797504132474,False,1345814_YES.csv,1345814_YES
1770982320,2026-02-13 11:32:00,1,910.65,890.67884,0.978069335089246,890.67884,,,0.0,0.0,,0.0,,,,0.0,,-0.0,,-0.49179076448055503,1.6410303198998295,2.3891344129739194,0.0,0.0,0.0,0.0,3.538373968393194,0.0,0.0,3.538373968393194,False,1345814_YES.csv,1345814_YES
1770982380,2026-02-13 11:33:00,1,1094.93,1071.98293,0.9790424319353939,1071.98293,,,0.0,0.0,,0.0,,,,0.0,,-0.0,,-0.49179076448055503,1.9676715227679915,2.6985961034417416,0.0,0.0,0.0,0.0,4.174476861729178,0.0,0.0,4.174476861729178,False,1345814_YES.csv,1345814_YES
1770982440,2026-02-13 11:34:00,1,5.0,4.895,0.9789999998041999,4.895,,,0.0,0.0,,0.0,,,,0.0,,-0.0,,-0.48510579807670323,-0.5048477997448535,-0.31986630892738294,0.0,0.0,0.0,0.0,-1.3098199067489398,0.0,0.0,-1.3098199067489398,False,1345814_YES.csv,1345814_YES
1770982560,2026-02-13 11:36:00,1,90.0,88.02,0.9779999999891332,88.02,,,0.0,0.0,,0.0,,,,0.0,,-0.0,,-0.47551874759128226,-0.31436769418831645,-0.08848814295334961,0.0,0.0,0.0,0.0,-0.8783745847329484,0.0,0.0,-0.8783745847329484,False,1345814_YES.csv,1345814_YES
1770982680,2026-02-13 11:38:00,6,97.551,95.59998,0.9799999999899538,15.93333,,,0.0,0.0,,0.0,,,,0.0,,-0.0,,0.3749283282699652,-0.29987816989291155,-0.2921373853997047,0.0,0.0,0.0,0.0,-0.21708722702265104,0.0,0.0,-0.21708722702265104,False,1345814_YES.csv,1345814_YES
1770982740,2026-02-13 11:39:00,2,109.0,106.74199999999999,0.9792844036607404,53.370999999999995,,,0.0,0.0,,0.0,,,,0.0,,-0.0,,-0.3205122543787195,-0.27839031329911773,-0.18856365859035457,0.0,0.0,0.0,0.0,-0.7874662262681917,0.0,0.0,-0.7874662262681917,False,1345814_YES.csv,1345814_YES
1770982920,2026-02-13 11:42:00,5,45.0,44.1,0.9799999999782223,8.82,,,0.0,0.0,,0.0,,,,0.0,,-0.0,,0.19068401934288956,-0.40397521127772196,-0.300961216368178,0.0,0.0,0.0,0.0,-0.5142524083030104,0.0,0.0,-0.5142524083030104,False,1345814_YES.csv,1345814_YES
1770982980,2026-02-13 11:43:00,1,5.0,4.895,0.9789999998041999,4.895,,,0.0,0.0,,0.0,,,,0.0,,-0.0,,-0.49029089081456995,-0.4947420432692969,-0.3121001786864147,0.0,0.0,0.0,0.0,-1.2971331127702816,0.0,0.0,-1.2971331127702816,False,1345814_YES.csv,1345814_YES
1770983100,2026-02-13 11:45:00,2,12.184050000000001,11.936409,0.9796749848384013,5.9682045,,,0.0,0.0,,0.0,,,,0.0,,-0.0,,-0.31724704699766293,-0.4783869359328951,-0.30911376266963053,0.0,0.0,0.0,0.0,-1.1047477456001886,0.0,0.0,-1.1047477456001886,False,1345814_YES.csv,1345814_YES
1770983160,2026-02-13 11:46:00,2,47.46935,46.519963000000004,0.9799999999793552,23.259981500000002,,,0.0,0.0,,0.0,,,,0.0,,-0.0,,-0.2932846090542328,-0.3945797723016829,-0.26075327434521167,0.0,0.0,0.0,0.0,-0.9486176557011274,0.0,0.0,-0.9486176557011274,False,1345814_YES.csv,1345814_YES
1770983280,2026-02-13 11:48:00,1,9.81,9.59418,0.9779999999003057,9.59418,,,0.0,0.0,,0.0,,,,0.0,,-0.0,,-0.46258917953901757,-0.4775105814711844,-0.29863412408139883,0.0,0.0,0.0,0.0,-1.2387338850916008,0.0,0.0,-1.2387338850916008,False,1345814_YES.csv,1345814_YES
1770983340,2026-02-13 11:49:00,2,56.34,55.151520000000005,0.978905218299984,27.575760000000002,,,0.0,0.0,,0.0,,,,0.0,,-0.0,,-0.28692240249888434,-0.3711916851221768,-0.2476143119077693,0.0,0.0,0.0,0.0,-0.9057283995288304,0.0,0.0,-0.9057283995288304,False,1345814_YES.csv,1345814_YES
1770983520,2026-02-13 11:52:00,1,3.83,3.74574,0.9779999997446475,3.74574,,,0.0,0.0,,0.0,,,,0.0,,-0.0,,-0.45915136381395955,-0.4890324293537644,-0.3141654268575893,0.0,0.0,0.0,0.0,-1.2623492200253132,0.0,0.0,-1.2623492200253132,False,1345814_YES.csv,1345814_YES
1770983580,2026-02-13 11:53:00,7,20561.3,20110.83604,0.9780916595740066,2872.976577142857,,,0.0,0.0,,0.0,,,,0.0,,-0.0,,0.5755322093353022,7.512943611220954,5.413042232385267,0.0,0.0,0.0,0.0,13.501518052941524,0.0,0.0,13.501518052941524,True,1345814_YES.csv,1345814_YES
1770983640,2026-02-13 11:54:00,10,14.949992,14.665939999999999,0.9809998559878158,1.466594,,,0.0,0.0,,0.0,,,,0.0,,-0.0,,1.254078519772164,-0.20301103999790485,-0.3166973350204036,0.0,0.0,0.0,0.0,0.7343701447538555,0.0,0.0,0.7343701447538555,False,1345814_YES.csv,1345814_YES
1770983700,2026-02-13 11:55:00,1,25.0,24.55,0.9819999999607201,24.55,,,0.0,0.0,,0.0,,,,0.0,,-0.0,,-0.4561746756879019,-0.197822395176149,-0.27091499007232567,0.0,0.0,0.0,0.0,-0.9249120609363766,0.0,0.0,-0.9249120609363766,False,1345814_YES.csv,1345814_YES
1770983760,2026-02-13 11:56:00,2,66.232722,65.040533,0.9819999999247806,32.5202665,,,0.0,0.0,,0.0,,,,0.0,,-0.0,,-0.24964060697667265,-0.18247708607677365,-0.2558560927877094,0.0,0.0,0.0,0.0,-0.6879737858411556,0.0,0.0,-0.6879737858411556,False,1345814_YES.csv,1345814_YES
1770983820,2026-02-13 11:57:00,1,24.022388,23.589985,0.9819999992930762,23.589985,,,0.0,0.0,,0.0,,,,0.0,,-0.0,,-0.44195965025518724,-0.19836942311970865,-0.27421098037415637,0.0,0.0,0.0,0.0,-0.9145400537490522,0.0,0.0,-0.9145400537490522,False,1345814_YES.csv,1345814_YES
1770983880,2026-02-13 11:58:00,1,104.185333,102.309997,0.9819999999329849,102.309997,,,0.0,0.0,,0.0,,,,0.0,,-0.0,,-0.43461141899482386,-0.16855653049147784,-0.12009517723295993,0.0,0.0,0.0,0.0,-0.7232631267192616,0.0,0.0,-0.7232631267192616,False,1345814_YES.csv,1345814_YES
1770984000,2026-02-13 12:00:00,11,1478.641837,1449.4936420000001,0.9802871836359517,131.7721492727273,,,0.0,0.0,,0.0,,,,0.0,,-0.0,,1.495591617477697,0.33926951505779146,-0.06489906089569361,0.0,0.0,0.0,0.0,1.7699620716397948,0.0,0.0,1.7699620716397948,False,1345814_YES.csv,1345814_YES
1770984060,2026-02-13 12:01:00,1,553.78,541.89206,0.9785330997851521,541.89206,,,0.0,0.0,,0.0,,,,0.0,,-0.0,,-0.459430104715371,-0.01224460244143654,0.7345942594571134,0.0,0.0,0.0,0.0,0.2629195523003059,0.0,0.0,0.2629195523003059,False,1345814_YES.csv,1345814_YES
1770984120,2026-02-13 12:02:00,5,5.514577,5.4098,0.9809999931126178,1.08196,,,0.0,0.0,,0.0,,,,0.0,,-0.0,,0.319084310560423,-0.2180454262707911,-0.3418801004568423,0.0,0.0,0.0,0.0,-0.24084121616721038,0.0,0.0,-0.24084121616721038,False,1345814_YES.csv,1345814_YES
1770984180,2026-02-13 12:03:00,8,2075.2907,2030.577526,0.9784545008557217,253.82219075,,,0.0,0.0,,0.0,,,,0.0,,-0.0,,0.8802291340925361,0.5450592814546994,0.1530934248511695,0.0,0.0,0.0,0.0,1.578381840398405,0.0,0.0,1.578381840398405,False,1345814_YES.csv,1345814_YES
1770984240,2026-02-13 12:04:00,5,5.52595,5.409905,0.978999990774618,1.081981,,,0.0,0.0,,0.0,,,,0.0,,-0.0,,0.2851446647850125,-0.23047714582509254,-0.3502706082279354,0.0,0.0,0.0,0.0,-0.29560308926801543,0.0,0.0,-0.29560308926801543,False,1345814_YES.csv,1345814_YES
1770984840,2026-02-13 12:14:00,1,24.0,23.4,0.9749999999593749,23.4,,,0.0,0.0,,0.0,,,,0.0,,-0.0,,-0.49252260281047605,-0.22374479137170727,-0.3066668428205547,0.0,0.0,0.0,0.0,-1.0229342370027381,0.0,0.0,-1.0229342370027381,False,1345814_YES.csv,1345814_YES
1770985020,2026-02-13 12:17:00,1,25.0,24.25,0.9699999999612,24.25,,,0.0,0.0,,0.0,,,,0.0,,-0.0,,-0.48864880872055855,-0.2234648266051355,-0.3055399121501902,0.0,0.0,0.0,0.0,-1.0176535474758843,0.0,0.0,-1.0176535474758843,False,1345814_YES.csv,1345814_YES
1770985080,2026-02-13 12:18:00,1,24.0,23.28,0.9699999999595834,23.28,,,0.0,0.0,,0.0,,,,0.0,,-0.0,,-0.48864880872055855,-0.22393396527263068,-0.30800513469554675,0.0,0.0,0.0,0.0,-1.020587908688736,0.0,0.0,-1.020587908688736,False,1345814_YES.csv,1345814_YES
1770985260,2026-02-13 12:21:00,1,10.277481,9.999989,0.9729999986404255,9.999989,,,0.0,0.0,,0.0,,,,0.0,,-0.0,,-0.47511788517423975,-0.22864454725681568,-0.33435762655152323,0.0,0.0,0.0,0.0,-1.0381200589825785,0.0,0.0,-1.0381200589825785,False,1345814_YES.csv,1345814_YES
1770985380,2026-02-13 12:23:00,1,85.060698,82.61999800000001,0.9713063722922741,82.61999800000001,,,0.0,0.0,,0.0,,,,0.0,,-0.0,,-0.44957964667098294,-0.20080346316470501,-0.1922452569089842,0.0,0.0,0.0,0.0,-0.8426283667446721,0.0,0.0,-0.8426283667446721,False,1345814_YES.csv,1345814_YES
1770985440,2026-02-13 12:24:00,1,34.836064,33.999998,0.9759999866524532,33.999998,,,0.0,0.0,,0.0,,,,0.0,,-0.0,,-0.44957964667098294,-0.21961740926799664,-0.290279828922357,0.0,0.0,0.0,0.0,-0.9594768848613366,0.0,0.0,-0.9594768848613366,False,1345814_YES.csv,1345814_YES
1770985500,2026-02-13 12:25:00,1,5.0,4.859999999999999,0.9719999998055999,4.859999999999999,,,0.0,0.0,,0.0,,,,0.0,,-0.0,,-0.43608541000152246,-0.2265708261871507,-0.34394784807505113,0.0,0.0,0.0,0.0,-1.0066040842637243,0.0,0.0,-1.0066040842637243,False,1345814_YES.csv,1345814_YES
1770985560,2026-02-13 12:26:00,11,3551.726301,3482.331245,0.9804615980737474,316.5755677272727,,,0.0,0.0,,0.0,,,,0.0,,-0.0,,1.4864309550601358,1.072058675486664,0.2670308838411693,0.0,0.0,0.0,0.0,2.8255205143879687,0.0,0.0,2.8255205143879687,False,1345814_YES.csv,1345814_YES
1770985620,2026-02-13 12:27:00,12,1637.096197,1610.9014260000001,0.9839992475402568,134.24178550000002,,,0.0,0.0,,0.0,,,,0.0,,-0.0,,1.6111780063661247,0.35221959694884486,-0.10068168398289103,0.0,0.0,0.0,0.0,1.8627159193320786,0.0,0.0,1.8627159193320786,False,1345814_YES.csv,1345814_YES
1770986280,2026-02-13 12:38:00,8,298.294199,292.35978600000004,0.9801055031546889,36.544973250000005,,,0.0,0.0,,0.0,,,,0.0,,-0.0,,0.8251628859252454,-0.14916858154035145,-0.296580797120133,0.0,0.0,0.0,0.0,0.3794135072647609,0.0,0.0,0.3794135072647609,False,1345814_YES.csv,1345814_YES
1770986340,2026-02-13 12:39:00,1,1.228425,1.209998,0.9849994904165905,1.209998,,,0.0,0.0,,0.0,,,,0.0,,-0.0,,-0.5028490259085152,-0.258259244686391,-0.3668838241402429,0.0,0.0,0.0,0.0,-1.127992094735149,0.0,0.0,-1.127992094735149,False,1345814_YES.csv,1345814_YES
1770986400,2026-02-13 12:40:00,1,5.0,4.915,0.9829999998034,4.915,,,0.0,0.0,,0.0,,,,0.0,,-0.0,,-0.4875921870552772,-0.252583137668104,-0.35491191682030526,0.0,0.0,0.0,0.0,-1.0950872415436863,0.0,0.0,-1.0950872415436863,False,1345814_YES.csv,1345814_YES
1770986460,2026-02-13 12:41:00,5,474.263799,466.187842,0.9829715929868326,93.2375684,,,0.0,0.0,,0.0,,,,0.0,,-0.0,,0.3911047979288451,-0.08023459177246252,-0.17864061640049228,0.0,0.0,0.0,0.0,0.13222958975589033,0.0,0.0,0.13222958975589033,False,1345814_YES.csv,1345814_YES
1770986520,2026-02-13 12:42:00,1,1.2284,1.209974,0.9849999991981438,1.209974,,,0.0,0.0,,0.0,,,,0.0,,-0.0,,-0.49436815492837755,-0.2555820865620818,-0.3606760743286576,0.0,0.0,0.0,0.0,-1.110626315819117,0.0,0.0,-1.110626315819117,False,1345814_YES.csv,1345814_YES
1770986640,2026-02-13 12:44:00,2,473.170384,465.960998,0.9847636575644497,232.980499,,,0.0,0.0,,0.0,,,,0.0,,-0.0,,-0.26382186958756665,-0.07779294077958455,0.09974789409890913,0.0,0.0,0.0,0.0,-0.24186691626824205,0.0,0.0,-0.24186691626824205,False,1345814_YES.csv,1345814_YES
1770986700,2026-02-13 12:45:00,1,269.03,265.26358,0.985999999996335,265.26358,,,0.0,0.0,,0.0,,,,0.0,,-0.0,,-0.486769928393961,-0.15489092621677278,0.15861035079364533,0.0,0.0,0.0,0.0,-0.4830505038170884,0.0,0.0,-0.4830505038170884,False,1345814_YES.csv,1345814_YES
1770986760,2026-02-13 12:46:00,2,526.933083,520.609886,0.987999999990534,260.304943,,,0.0,0.0,,0.0,,,,0.0,,-0.0,,-0.2679197773532073,-0.06143556907999309,0.14037312255998333,0.0,0.0,0.0,0.0,-0.1889822238732171,0.0,0.0,-0.1889822238732171,False,1345814_YES.csv,1345814_YES
1770986820,2026-02-13 12:47:00,2,491.21,485.26548,0.9878982105393053,242.63274,,,0.0,0.0,,0.0,,,,0.0,,-0.0,,-0.2720338055136004,-0.0779088563072756,0.09731357399583536,0.0,0.0,0.0,0.0,-0.2526290878250407,0.0,0.0,-0.2526290878250407,False,1345814_YES.csv,1345814_YES
1770986880,2026-02-13 12:48:00,1,59.33,58.67737,0.9889999999833305,58.67737,,,0.0,0.0,,0.0,,,,0.0,,-0.0,,-0.4835942532951131,-0.2359214624317015,-0.2666075619445488,0.0,0.0,0.0,0.0,-0.9861232776713634,0.0,0.0,-0.9861232776713634,False,1345814_YES.csv,1345814_YES
1770986940,2026-02-13 12:49:00,2,60.0,59.28,0.9879999999835334,29.64,,,0.0,0.0,,0.0,,,,0.0,,-0.0,,-0.26449119562237605,-0.23568820737592253,-0.3234664176818175,0.0,0.0,0.0,0.0,-0.823645820680116,0.0,0.0,-0.823645820680116,False,1345814_YES.csv,1345814_YES
1770987180,2026-02-13 12:53:00,2,44.604428,43.979966,0.9859999997985402,21.989983,,,0.0,0.0,,0.0,,,,0.0,,-0.0,,-0.2686014503505793,-0.24151489250617666,-0.33806832069787796,0.0,0.0,0.0,0.0,-0.848184663554634,0.0,0.0,-0.848184663554634,False,1345814_YES.csv,1345814_YES
1770987240,2026-02-13 12:54:00,10,6718.264962,6625.385438000001,0.986175072801336,662.5385438000001,,,0.0,0.0,,0.0,,,,0.0,,-0.0,,1.463815746340847,2.1447553462143114,1.2131464494472646,0.0,0.0,0.0,0.0,4.821717542002423,0.0,0.0,4.821717542002423,False,1345814_YES.csv,1345814_YES
1770987300,2026-02-13 12:55:00,1,25.0,24.7,0.9879999999604799,24.7,,,0.0,0.0,,0.0,,,,0.0,,-0.0,,-0.5020913949180611,-0.25711510941187465,-0.3232642102578934,0.0,0.0,0.0,0.0,-1.0824707145878292,0.0,0.0,-1.0824707145878292,False,1345814_YES.csv,1345814_YES
1770987600,2026-02-13 13:00:00,1,5.55,5.4632,0.9843603601829982,5.4632,,,0.0,0.0,,0.0,,,,0.0,,-0.0,,-0.4870328083343738,-0.2566678358021073,-0.3599798420527604,0.0,0.0,0.0,0.0,-1.1036804861892415,0.0,0.0,-1.1036804861892415,False,1345814_YES.csv,1345814_YES
1770987840,2026-02-13 13:04:00,7,1428.226568,1408.5021359999998,0.9861895637268483,201.21459085714284,,,0.0,0.0,,0.0,,,,0.0,,-0.0,,0.806382218617353,0.2468980241290005,0.10663151662928573,0.0,0.0,0.0,0.0,1.1599117593756392,0.0,0.0,1.1599117593756392,False,1345814_YES.csv,1345814_YES
1770988020,2026-02-13 13:07:00,1,305.348166,301.39998799999995,0.9870699141484707,301.39998799999995,,,0.0,0.0,,0.0,,,,0.0,,-0.0,,-0.5071815764154394,-0.15902992260531312,0.33755416157171725,0.0,0.0,0.0,0.0,-0.32865733744903525,0.0,0.0,-0.32865733744903525,False,1345814_YES.csv,1345814_YES
1770988140,2026-02-13 13:09:00,1,6.085142,5.99995,0.9859999978659495,5.99995,,,0.0,0.0,,0.0,,,,0.0,,-0.0,,-0.49213353737513693,-0.26341289822725195,-0.3740973480071717,0.0,0.0,0.0,0.0,-1.1296437836095605,0.0,0.0,-1.1296437836095605,False,1345814_YES.csv,1345814_YES
1770988260,2026-02-13 13:11:00,1,24.0,23.52,0.9799999999591666,23.52,,,0.0,0.0,,0.0,,,,0.0,,-0.0,,-0.5777228566277202,-0.25680731034356474,-0.3326377236994506,0.0,0.0,0.0,0.0,-1.1671678906707355,0.0,0.0,-1.1671678906707355,False,1345814_YES.csv,1345814_YES
1770988620,2026-02-13 13:17:00,1,150.0,147.45,0.9829999999934467,147.45,,,0.0,0.0,,0.0,,,,0.0,,-0.0,,-0.5710299791459131,-0.2106226963913925,-0.032261386236409256,0.0,0.0,0.0,0.0,-0.813914061773715,0.0,0.0,-0.813914061773715,False,1345814_YES.csv,1345814_YES
1770988800,2026-02-13 13:20:00,5,932.645289,917.216614,0.9834570815046667,183.4433228,,,0.0,0.0,,0.0,,,,0.0,,-0.0,,0.6993298173588232,0.06541623886436325,0.0526025323865491,0.0,0.0,0.0,0.0,0.8173485886097355,0.0,0.0,0.8173485886097355,False,1345814_YES.csv,1345814_YES
1770988980,2026-02-13 13:23:00,1,2030.425928,1999.999965,0.9850149849933433,1999.999965,,,0.0,0.0,,0.0,,,,0.0,,-0.0,,-0.5917406146882351,0.4480668182050801,3.796015950287416,0.0,0.0,0.0,0.0,3.652342153804261,0.0,0.0,3.652342153804261,False,1345814_YES.csv,1345814_YES
1770989040,2026-02-13 13:24:00,2,111.560214,109.99837099999999,0.9859999999553065,54.999185499999996,,,0.0,0.0,,0.0,,,,0.0,,-0.0,,-0.27500473774779033,-0.2415965234130007,-0.29554068027283664,0.0,0.0,0.0,0.0,-0.8121419414336277,0.0,0.0,-0.8121419414336277,False,1345814_YES.csv,1345814_YES
1770989220,2026-02-13 13:27:00,1,33.785424,33.379998,0.9879999729768671,33.379998,,,0.0,0.0,,0.0,,,,0.0,,-0.0,,-0.598539723333426,-0.26971805152366535,-0.34215463151517117,0.0,0.0,0.0,0.0,-1.2104124063722626,0.0,0.0,-1.2104124063722626,False,1345814_YES.csv,1345814_YES
1770989280,2026-02-13 13:28:00,1,101.112233,99.999998,0.9889999956682887,99.999998,,,0.0,0.0,,0.0,,,,0.0,,-0.0,,-0.598539723333426,-0.24604234030473382,-0.2054815115574231,0.0,0.0,0.0,0.0,-1.050063575195583,0.0,0.0,-1.050063575195583,False,1345814_YES.csv,1345814_YES
1770989340,2026-02-13 13:29:00,1,209.0,204.665,0.9792583732010562,204.665,,,0.0,0.0,,0.0,,,,0.0,,-0.0,,-0.598539723333426,-0.20915097312077302,0.008033025045837456,0.0,0.0,0.0,0.0,-0.7996576714083615,0.0,0.0,-0.7996576714083615,False,1345814_YES.csv,1345814_YES
1770989400,2026-02-13 13:30:00,4,31.258379,30.601952999999998,0.978999998657032,7.6504882499999995,,,0.0,0.0,,0.0,,,,0.0,,-0.0,,0.35660094261856845,-0.27281426546145393,-0.4077540159633956,0.0,0.0,0.0,0.0,-0.3239673388062811,0.0,0.0,-0.3239673388062811,False,1345814_YES.csv,1345814_YES
1770989520,2026-02-13 13:32:00,1,101.214573,99.999998,0.9879999987651186,99.999998,,,0.0,0.0,,0.0,,,,0.0,,-0.0,,-0.6159470827048,-0.24257066634719712,-0.18851016682332422,0.0,0.0,0.0,0.0,-1.0470279158753213,0.0,0.0,-1.0470279158753213,False,1345814_YES.csv,1345814_YES
1770990180,2026-02-13 13:43:00,1,25.0,24.7,0.9879999999604799,24.7,,,0.0,0.0,,0.0,,,,0.0,,-0.0,,-0.6159470827048,-0.26353296666658343,-0.3227388288915074,0.0,0.0,0.0,0.0,-1.2022188782628909,0.0,0.0,-1.2022188782628909,False,1345814_YES.csv,1345814_YES
1770990300,2026-02-13 13:45:00,1,815.46975,809.999871,0.9932923581763844,809.999871,,,0.0,0.0,,0.0,,,,0.0,,-0.0,,-0.6159470827048,0.017786163766525153,1.3676145809852713,0.0,0.0,0.0,0.0,0.7694536620469965,0.0,0.0,0.7694536620469965,False,1345814_YES.csv,1345814_YES
1770990480,2026-02-13 13:48:00,8,437.462761,429.921748,0.9827619315899148,53.7402185,,,0.0,0.0,,0.0,,,,0.0,,-0.0,,1.5853234153165934,-0.12294433830343884,-0.28241510303019,0.0,0.0,0.0,0.0,1.1799639739829646,0.0,0.0,1.1799639739829646,False,1345814_YES.csv,1345814_YES
1770990600,2026-02-13 13:50:00,4,506.57181199999997,498.46200300000004,0.9839908008916534,124.61550075000001,,,0.0,0.0,,0.0,,,,0.0,,-0.0,,0.325669406211111,-0.10043246870968654,-0.13178607933717515,0.0,0.0,0.0,0.0,0.09345085816424933,0.0,0.0,0.09345085816424933,False,1345814_YES.csv,1345814_YES
1770990720,2026-02-13 13:52:00,1,126.33,124.68771,0.9869999999921871,124.68771,,,0.0,0.0,,0.0,,,,0.0,,-0.0,,-0.628373542349273,-0.23696546886192807,-0.13430034008835323,0.0,0.0,0.0,0.0,-0.9996393512995543,0.0,0.0,-0.9996393512995543,False,1345814_YES.csv,1345814_YES
1770990780,2026-02-13 13:53:00,1,1019.24,1005.12364,0.986150111847076,1005.12364,,,0.0,0.0,,0.0,,,,0.0,,-0.0,,-0.6073530503299243,0.07857636763290592,1.7116558074256676,0.0,0.0,0.0,0.0,1.1828791247286492,0.0,0.0,1.1828791247286492,False,1345814_YES.csv,1345814_YES
1770990840,2026-02-13 13:54:00,2,137.81,135.88066,0.9859999999928454,67.94033,,,0.0,0.0,,0.0,,,,0.0,,-0.0,,-0.2937385405270468,-0.2397079853190352,-0.2899845877539949,0.0,0.0,0.0,0.0,-0.8234311136000769,0.0,0.0,-0.8234311136000769,False,1345814_YES.csv,1345814_YES
1770991020,2026-02-13 13:57:00,2,185.11218100000002,182.991947,0.9885462210561468,91.4959735,,,0.0,0.0,,0.0,,,,0.0,,-0.0,,-0.2937385405270468,-0.22360145581418478,-0.2429891708301067,0.0,0.0,0.0,0.0,-0.7603291671713382,0.0,0.0,-0.7603291671713382,False,1345814_YES.csv,1345814_YES
1770991080,2026-02-13 13:58:00,1,7.077818,6.999962,0.9889999995776947,6.999962,,,0.0,0.0,,0.0,,,,0.0,,-0.0,,-0.6073530503299243,-0.2876420174501058,-0.42288490528216793,0.0,0.0,0.0,0.0,-1.317879973062198,0.0,0.0,-1.317879973062198,False,1345814_YES.csv,1345814_YES
1770991620,2026-02-13 14:07:00,11,2837.764804,2795.108025,0.984968176735134,254.10072954545456,,,0.0,0.0,,0.0,,,,0.0,,-0.0,,2.4130268224544715,0.7113819977567383,0.09649703008956408,0.0,0.0,0.0,0.0,3.220905850300774,0.0,0.0,3.220905850300774,False,1345814_YES.csv,1345814_YES
1770991740,2026-02-13 14:09:00,3,1128.006306,1111.2162440000002,0.9851152764734766,370.40541466666673,,,0.0,0.0,,0.0,,,,0.0,,-0.0,,-0.025369804922172067,0.09209848245084266,0.33323424876583646,0.0,0.0,0.0,0.0,0.399962926294507,0.0,0.0,0.399962926294507,False,1345814_YES.csv,1345814_YES
1770991800,2026-02-13 14:10:00,1,1797.96,1774.88652,0.9871668557693234,1774.88652,,,0.0,0.0,,0.0,,,,0.0,,-0.0,,-0.6342451230543006,0.32305403381628656,3.0140400296022216,0.0,0.0,0.0,0.0,2.7028489403642078,0.0,0.0,2.7028489403642078,False,1345814_YES.csv,1345814_YES
1770991920,2026-02-13 14:12:00,2,25.0,24.725,0.9889999999604401,12.3625,,,0.0,0.0,,0.0,,,,0.0,,-0.0,,-0.3079858851737167,-0.4875648668922747,-0.4933761156651388,0.0,0.0,0.0,0.0,-1.2889268677311303,0.0,0.0,-1.2889268677311303,False,1345814_YES.csv,1345814_YES
1770992040,2026-02-13 14:14:00,2,50.971427999999996,50.430488,0.9893873877539907,25.215244,,,0.0,0.0,,0.0,,,,0.0,,-0.0,,-0.2781160508483969,-0.4645200848702647,-0.4602532740276334,0.0,0.0,0.0,0.0,-1.202889409746295,0.0,0.0,-1.202889409746295,False,1345814_YES.csv,1345814_YES
1770992340,2026-02-13 14:19:00,1,5.05,4.99445,0.9889999998041583,4.99445,,,0.0,0.0,,0.0,,,,0.0,,-0.0,,-0.599019186442701,-0.5060795936414836,-0.5133488210608625,0.0,0.0,0.0,0.0,-1.6184476011450473,0.0,0.0,-1.6184476011450473,False,1345814_YES.csv,1345814_YES
1770992400,2026-02-13 14:20:00,1,175.95,174.01455,0.9889999999943792,174.01455,,,0.0,0.0,,0.0,,,,0.0,,-0.0,,-0.5922682880304448,-0.35201523837481946,-0.06700013922802973,0.0,0.0,0.0,0.0,-1.011283665633294,0.0,0.0,-1.011283665633294,False,1345814_YES.csv,1345814_YES
1770992580,2026-02-13 14:23:00,1,192.9707,190.859993,0.9890620337647682,190.859993,,,0.0,0.0,,0.0,,,,0.0,,-0.0,,-0.5922682880304448,-0.3394021587461158,-0.029336693726540384,0.0,0.0,0.0,0.0,-0.961007140503101,0.0,0.0,-0.961007140503101,False,1345814_YES.csv,1345814_YES
1770992880,2026-02-13 14:28:00,2,10.0,9.89,0.9889999999011001,4.945,,,0.0,0.0,,0.0,,,,0.0,,-0.0,,-0.2781160508483969,-0.5049450245512437,-0.5238515690890615,0.0,0.0,0.0,0.0,-1.306912644488702,0.0,0.0,-1.306912644488702,False,1345814_YES.csv,1345814_YES
1770992940,2026-02-13 14:29:00,1,5.0,4.95,0.989999999802,4.95,,,0.0,0.0,,0.0,,,,0.0,,-0.0,,-0.5790109130544077,-0.48913837406543065,-0.5171203504845467,0.0,0.0,0.0,0.0,-1.585269637604385,0.0,0.0,-1.585269637604385,False,1345814_YES.csv,1345814_YES
1770993180,2026-02-13 14:33:00,1,5.0,4.91,0.9819999998036,4.91,,,0.0,0.0,,0.0,,,,0.0,,-0.0,,-0.5790109130544077,-0.479920153781387,-0.49584969126778233,0.0,0.0,0.0,0.0,-1.554780758103577,0.0,0.0,-1.554780758103577,False,1345814_YES.csv,1345814_YES
1770993360,2026-02-13 14:36:00,2,443.542727,438.489987,0.9886082226279216,219.2449935,,,0.0,0.0,,0.0,,,,0.0,,-0.0,,-0.2224717870181763,-0.08545144124632217,0.0715600441886185,0.0,0.0,0.0,0.0,-0.23636318407587997,0.0,0.0,-0.23636318407587997,False,1345814_YES.csv,1345814_YES
1770993420,2026-02-13 14:37:00,1,1000.0,988.978,0.9889779999990111,988.978,,,0.0,0.0,,0.0,,,,0.0,,-0.0,,-0.5393041278505593,0.44791838346659885,2.0386212206700782,0.0,0.0,0.0,0.0,1.9472354762861177,0.0,0.0,1.9472354762861177,False,1345814_YES.csv,1345814_YES
1770993480,2026-02-13 14:38:00,2,50.0,49.4,0.98799999998024,24.7,,,0.0,0.0,,0.0,,,,0.0,,-0.0,,-0.17106847498482275,-0.4376115042806196,-0.47003288840889995,0.0,0.0,0.0,0.0,-1.0787128676743423,0.0,0.0,-1.0787128676743423,False,1345814_YES.csv,1345814_YES
1770993900,2026-02-13 14:45:00,1,13.144545,12.999955,0.9889999995443737,12.999955,,,0.0,0.0,,0.0,,,,0.0,,-0.0,,-0.5250032508154905,-0.4716966789743973,-0.499909522079946,0.0,0.0,0.0,0.0,-1.4966094518698339,0.0,0.0,-1.4966094518698339,False,1345814_YES.csv,1345814_YES
1770993960,2026-02-13 14:46:00,2,1284.42,1271.2694000000001,0.9897614487465239,635.6347000000001,,,0.0,0.0,,0.0,,,,0.0,,-0.0,,-0.17734117793166895,0.6921927622969538,1.08403301348468,0.0,0.0,0.0,0.0,1.598884597849965,0.0,0.0,1.598884597849965,False,1345814_YES.csv,1345814_YES
1770994140,2026-02-13 14:49:00,1,24.09625,23.999865,0.9959999999586657,23.999865,,,0.0,0.0,,0.0,,,,0.0,,-0.0,,-0.5320235337950069,-0.479815189761823,-0.49371693599416827,0.0,0.0,0.0,0.0,-1.5055556595509982,0.0,0.0,-1.5055556595509982,False,1345814_YES.csv,1345814_YES
1770994260,2026-02-13 14:51:00,1,36.0,35.856,0.9959999999723335,35.856,,,0.0,0.0,,0.0,,,,0.0,,-0.0,,-0.5320235337950069,-0.4691724092732603,-0.4645062523592494,0.0,0.0,0.0,0.0,-1.4657021954275165,0.0,0.0,-1.4657021954275165,False,1345814_YES.csv,1345814_YES
1770994320,2026-02-13 14:52:00,1,71.63,71.41511,0.9969999999860812,71.41511,,,0.0,0.0,,0.0,,,,0.0,,-0.0,,-0.5320235337950069,-0.4355435955411041,-0.3721812568220007,0.0,0.0,0.0,0.0,-1.3397483861581116,0.0,0.0,-1.3397483861581116,False,1345814_YES.csv,1345814_YES
1770995160,2026-02-13 15:06:00,1,1.31,1.30476,0.9959999992396946,1.30476,,,0.0,0.0,,0.0,,,,0.0,,-0.0,,-0.5320235337950069,-0.5007922013578331,-0.5512953135997621,0.0,0.0,0.0,0.0,-1.584111048752602,0.0,0.0,-1.584111048752602,False,1345814_YES.csv,1345814_YES
1770995460,2026-02-13 15:11:00,1,64.51,64.12294,0.9939999999845914,64.12294,,,0.0,0.0,,0.0,,,,0.0,,-0.0,,-0.5320235337950069,-0.44289719180735054,-0.3923306589903054,0.0,0.0,0.0,0.0,-1.3672513845926628,0.0,0.0,-1.3672513845926628,False,1345814_YES.csv,1345814_YES
1770995520,2026-02-13 15:12:00,2,12.024000000000001,11.999952,0.9979999999169993,5.999976,,,0.0,0.0,,0.0,,,,0.0,,-0.0,,-0.13515697563456228,-0.46879472207669537,-0.5280609872162181,0.0,0.0,0.0,0.0,-1.1320126849274756,0.0,0.0,-1.1320126849274756,False,1345814_YES.csv,1345814_YES
1770995580,2026-02-13 15:13:00,1,1.705114,1.699998,0.9969996135173369,1.699998,,,0.0,0.0,,0.0,,,,0.0,,-0.0,,-0.515382632250906,-0.4564996245682689,-0.5323242563476617,0.0,0.0,0.0,0.0,-1.5042065131668365,0.0,0.0,-1.5042065131668365,False,1345814_YES.csv,1345814_YES
1770995640,2026-02-13 15:14:00,2,1105.67,1102.37346,0.9970185136604981,551.18673,,,0.0,0.0,,0.0,,,,0.0,,-0.0,,-0.03129561743520547,0.6467364974994384,0.8547151161637091,0.0,0.0,0.0,0.0,1.470155996227942,0.0,0.0,1.470155996227942,False,1345814_YES.csv,1345814_YES
1770995760,2026-02-13 15:16:00,1,7.01,6.97495,0.9949999998580599,6.97495,,,0.0,0.0,,0.0,,,,0.0,,-0.0,,-0.5007298789632859,-0.46340654347122057,-0.5386306320728178,0.0,0.0,0.0,0.0,-1.5027670545073244,0.0,0.0,-1.5027670545073244,False,1345814_YES.csv,1345814_YES
1770996180,2026-02-13 15:23:00,2,602.35,600.54295,0.9969999999983449,300.271475,,,0.0,0.0,,0.0,,,,0.0,,-0.0,,-0.03920380882840553,0.12827601931368462,0.20006663702402058,0.0,0.0,0.0,0.0,0.2891388475092997,0.0,0.0,0.2891388475092997,False,1345814_YES.csv,1345814_YES
1770996300,2026-02-13 15:25:00,5,497.65,496.15705,0.9969999999979967,99.23141000000001,,,0.0,0.0,,0.0,,,,0.0,,-0.0,,1.3721333089941914,0.02180127134359931,-0.31603077061983065,0.0,0.0,0.0,0.0,1.07790380971796,0.0,0.0,1.07790380971796,False,1345814_YES.csv,1345814_YES
1770996420,2026-02-13 15:27:00,2,199.54,198.79183999999998,0.996250576320556,99.39591999999999,,,0.0,0.0,,0.0,,,,0.0,,-0.0,,-0.047149332262299455,-0.2837804353951474,-0.32041527239703166,0.0,0.0,0.0,0.0,-0.6513450400544785,0.0,0.0,-0.6513450400544785,False,1345814_YES.csv,1345814_YES
1770996720,2026-02-13 15:32:00,1,1224.3785,1221.929743,0.9979999999991848,1221.929743,,,0.0,0.0,,0.0,,,,0.0,,-0.0,,-0.5096495147692711,0.7398868859209471,2.395077174502621,0.0,0.0,0.0,0.0,2.625314545654297,0.0,0.0,2.625314545654297,False,1345814_YES.csv,1345814_YES
1770996780,2026-02-13 15:33:00,1,26.0,25.948,0.9979999999616154,25.948,,,0.0,0.0,,0.0,,,,0.0,,-0.0,,-0.5096495147692711,-0.4653479550822165,-0.5127493309072977,0.0,0.0,0.0,0.0,-1.4877468007587853,0.0,0.0,-1.4877468007587853,False,1345814_YES.csv,1345814_YES
1770997080,2026-02-13 15:38:00,1,1.001,0.999999,0.9989999990019979,0.999999,,,0.0,0.0,,0.0,,,,0.0,,-0.0,,-0.500729878963286,-0.4808462436788352,-0.5614583265771089,0.0,0.0,0.0,0.0,-1.5430344492192303,0.0,0.0,-1.5430344492192303,False,1345814_YES.csv,1345814_YES
1770997200,2026-02-13 15:40:00,1,44.0,43.912,0.9979999999773183,43.912,,,0.0,0.0,,0.0,,,,0.0,,-0.0,,-0.49188126864492593,-0.42948087973721616,-0.4484304664933039,0.0,0.0,0.0,0.0,-1.369792614875446,0.0,0.0,-1.369792614875446,False,1345814_YES.csv,1345814_YES
1770997500,2026-02-13 15:45:00,2,99.426,99.227148,0.9979999999899624,49.613574,,,0.0,0.0,,0.0,,,,0.0,,-0.0,,-0.03129561743520547,-0.3745821824991371,-0.4341739355669805,0.0,0.0,0.0,0.0,-0.8400517355013231,0.0,0.0,-0.8400517355013231,False,1345814_YES.csv,1345814_YES
1770997560,2026-02-13 15:46:00,2,37.71,37.6119,0.9973985679926439,18.80595,,,0.0,0.0,,0.0,,,,0.0,,-0.0,,-0.03129561743520547,-0.43618992193287176,-0.5082968061338358,0.0,0.0,0.0,0.0,-0.975782345501913,0.0,0.0,-0.975782345501913,False,1345814_YES.csv,1345814_YES
1770997620,2026-02-13 15:47:00,1,100.1,99.9999,0.99899999999002,99.9999,,,0.0,0.0,,0.0,,,,0.0,,-0.0,,-0.49188126864492593,-0.3744656236293495,-0.31510190526612686,0.0,0.0,0.0,0.0,-1.1814487975404022,0.0,0.0,-1.1814487975404022,False,1345814_YES.csv,1345814_YES
1770997740,2026-02-13 15:49:00,2,131.18,131.04882,0.9989999999923845,65.52441,,,0.0,0.0,,0.0,,,,0.0,,-0.0,,0.04475170998413056,-0.40225650267909213,-0.377756469061743,0.0,0.0,0.0,0.0,-0.7352612617567045,0.0,0.0,-0.7352612617567045,False,1345814_YES.csv,1345814_YES
1770997800,2026-02-13 15:50:00,1,10.0,9.97,0.9969999999003001,9.97,,,0.0,0.0,,0.0,,,,0.0,,-0.0,,-0.4922688098254367,-0.6111299112329647,-0.5129334336730782,0.0,0.0,0.0,0.0,-1.6163321547314795,0.0,0.0,-1.6163321547314795,False,1345814_YES.csv,1345814_YES
1770997920,2026-02-13 15:52:00,1,1.19,1.18881,0.9989999991605041,1.18881,,,0.0,0.0,,0.0,,,,0.0,,-0.0,,-0.4922688098254367,-0.6261446538969356,-0.5341887737558793,0.0,0.0,0.0,0.0,-1.6526022374782516,0.0,0.0,-1.6526022374782516,False,1345814_YES.csv,1345814_YES
1770997980,2026-02-13 15:53:00,1,275.245,274.969755,0.9989999999963706,274.969755,,,0.0,0.0,,0.0,,,,0.0,,-0.0,,-0.4688830565623919,-0.12352817341906773,0.13242020761721934,0.0,0.0,0.0,0.0,-0.4599910223642402,0.0,0.0,-0.4599910223642402,False,1345814_YES.csv,1345814_YES
1770998460,2026-02-13 16:01:00,1,5.0,4.99,0.9979999998004,4.99,,,0.0,0.0,,0.0,,,,0.0,,-0.0,,-0.4688830565623919,-0.5935061314702545,-0.5147394103667566,0.0,0.0,0.0,0.0,-1.577128598399403,0.0,0.0,-1.577128598399403,False,1345814_YES.csv,1345814_YES
1770998640,2026-02-13 16:04:00,1,1000.0,999.0,0.998999999999001,999.0,,,0.0,0.0,,0.0,,,,0.0,,-0.0,,-0.4688830565623919,1.131875034151173,1.8208895653440726,0.0,0.0,0.0,0.0,2.4838815429328536,0.0,0.0,2.4838815429328536,False,1345814_YES.csv,1345814_YES
1770998700,2026-02-13 16:05:00,1,3500.0,3496.5,0.9989999999997146,3496.5,,,0.0,0.0,,0.0,,,,0.0,,-0.0,,-0.4688830565623919,4.428113720583979,5.391323137513611,0.0,0.0,0.0,0.0,9.350553801535199,0.0,0.0,9.350553801535199,True,1345814_YES.csv,1345814_YES
1770998760,2026-02-13 16:06:00,1,36.12,36.08388,0.9989999999723423,36.08388,,,0.0,0.0,,0.0,,,,0.0,,-0.0,,-0.4688830565623919,-0.5393265311749718,-0.4239315127575948,0.0,0.0,0.0,0.0,-1.4321411004949582,0.0,0.0,-1.4321411004949582,False,1345814_YES.csv,1345814_YES
1770998820,2026-02-13 16:07:00,2,10.01,9.99999,0.9989999999001998,4.999995,,,0.0,0.0,,0.0,,,,0.0,,-0.0,,0.13797561803019856,-0.5560980030449649,-0.47037640379587564,0.0,0.0,0.0,0.0,-0.888498788810642,0.0,0.0,-0.888498788810642,False,1345814_YES.csv,1345814_YES
1770998880,2026-02-13 16:08:00,4,561.22,560.65378,0.9989910908360375,140.163445,,,0.0,0.0,,0.0,,,,0.0,,-0.0,,1.2750990445079444,0.2829481159507273,-0.20696439545899387,0.0,0.0,0.0,0.0,1.3510827649996777,0.0,0.0,1.3510827649996777,False,1345814_YES.csv,1345814_YES
1770998940,2026-02-13 16:09:00,2,56.0,55.893,0.9980892856964627,27.9465,,,0.0,0.0,,0.0,,,,0.0,,-0.0,,0.10706938541669762,-0.47607605336773484,-0.4091669201545823,0.0,0.0,0.0,0.0,-0.7781735881056195,0.0,0.0,-0.7781735881056195,False,1345814_YES.csv,1345814_YES
1770999000,2026-02-13 16:10:00,4,133.28799999999998,133.149552,0.9989612868300302,33.287388,,,0.0,0.0,,0.0,,,,0.0,,-0.0,,1.23191259472617,-0.3626285795122574,-0.39949799993140794,0.0,0.0,0.0,0.0,0.4697860152825046,0.0,0.0,0.4697860152825046,False,1345814_YES.csv,1345814_YES
1770999120,2026-02-13 16:12:00,7,225.225,224.999775,0.9989999999955645,32.142825,,,0.0,0.0,,0.0,,,,0.0,,-0.0,,2.720681423133671,-0.22751438578534802,-0.3992409043660329,0.0,0.0,0.0,0.0,2.0939261329822902,0.0,0.0,2.0939261329822902,False,1345814_YES.csv,1345814_YES
1770999180,2026-02-13 16:13:00,1,250.0,249.75,0.9989999999960041,249.75,,,0.0,0.0,,0.0,,,,0.0,,-0.0,,-0.5225149753038176,-0.19134253295082776,-0.007063781043311391,0.0,0.0,0.0,0.0,-0.7209212892979568,0.0,0.0,-0.7209212892979568,False,1345814_YES.csv,1345814_YES
1770999240,2026-02-13 16:14:00,1,1.37,1.36863,0.9989999992708027,1.36863,,,0.0,0.0,,0.0,,,,0.0,,-0.0,,-0.499650178366187,-0.5653568074239919,-0.456054908496263,0.0,0.0,0.0,0.0,-1.521061894286442,0.0,0.0,-1.521061894286442,False,1345814_YES.csv,1345814_YES
1770999360,2026-02-13 16:16:00,5,21762.248401,21740.486150999997,0.9989999999264783,4348.097230199999,,,0.0,0.0,,0.0,,,,0.0,,-0.0,,1.6105923871213859,7.406633566140357,5.263370877908123,0.0,0.0,0.0,0.0,14.280596831169866,0.0,0.0,14.280596831169866,True,1345814_YES.csv,1345814_YES
1770999420,2026-02-13 16:17:00,1,4.95,4.94505,0.9989999997981818,4.94505,,,0.0,0.0,,0.0,,,,0.0,,-0.0,,-0.5249997283986838,-0.2579100407882448,-0.4173052833673668,0.0,0.0,0.0,0.0,-1.2002150525542954,0.0,0.0,-1.2002150525542954,False,1345814_YES.csv,1345814_YES
1770999480,2026-02-13 16:18:00,1,275.24,274.96476,0.9989999999963705,274.96476,,,0.0,0.0,,0.0,,,,0.0,,-0.0,,-0.5249997283986838,-0.15951657391582308,-0.052681170095270125,0.0,0.0,0.0,0.0,-0.737197472409777,0.0,0.0,-0.737197472409777,False,1345814_YES.csv,1345814_YES
1770999600,2026-02-13 16:20:00,1,486.38,485.89362,0.9989999999979461,485.89362,,,0.0,0.0,,0.0,,,,0.0,,-0.0,,-0.5091722402633615,-0.0854858281503402,0.21482008277554046,0.0,0.0,0.0,0.0,-0.3798379856381613,0.0,0.0,-0.3798379856381613,False,1345814_YES.csv,1345814_YES
1770999840,2026-02-13 16:24:00,1,1.02,1.01898,0.9989999990205881,1.01898,,,0.0,0.0,,0.0,,,,0.0,,-0.0,,-0.48543856171369004,-0.25338346731029465,-0.4188222368877001,0.0,0.0,0.0,0.0,-1.1576442659116848,0.0,0.0,-1.1576442659116848,False,1345814_YES.csv,1345814_YES
1770999960,2026-02-13 16:26:00,1,206.0,205.794,0.9989999999951505,205.794,,,0.0,0.0,,0.0,,,,0.0,,-0.0,,-0.48543856171369004,-0.18171778689962978,-0.15199151333071528,0.0,0.0,0.0,0.0,-0.8191478619440351,0.0,0.0,-0.8191478619440351,False,1345814_YES.csv,1345814_YES
1771000920,2026-02-13 16:42:00,1,42.07,42.02793,0.9989999999762539,42.02793,,,0.0,0.0,,0.0,,,,0.0,,-0.0,,-0.48543856171369004,-0.2336848913028282,-0.3479215522132377,0.0,0.0,0.0,0.0,-1.067045005229756,0.0,0.0,-1.067045005229756,False,1345814_YES.csv,1345814_YES
1771001580,2026-02-13 16:53:00,1,17.79,17.772209999999998,0.9989999999438448,17.772209999999998,,,0.0,0.0,,0.0,,,,0.0,,-0.0,,-0.47465601160799475,-0.24149861524760477,-0.37869478251724664,0.0,0.0,0.0,0.0,-1.0948494093728462,0.0,0.0,-1.0948494093728462,False,1345814_YES.csv,1345814_YES
1771001700,2026-02-13 16:55:00,1,49.99,49.94001,0.9989999999800161,49.94001,,,0.0,0.0,,0.0,,,,0.0,,-0.0,,-0.4639606364088315,-0.22934961752796437,-0.33523062179559626,0.0,0.0,0.0,0.0,-1.0285408757323922,0.0,0.0,-1.0285408757323922,False,1345814_YES.csv,1345814_YES
1771002060,2026-02-13 17:01:00,3,1363.7999999999997,1362.4361999999999,0.9989999999992676,454.14539999999994,,,0.0,0.0,,0.0,,,,0.0,,-0.0,,0.6992156944526531,0.22493208061962927,0.18843292759924032,0.0,0.0,0.0,0.0,1.1125807026715226,0.0,0.0,1.1125807026715226,False,1345814_YES.csv,1345814_YES
1771002540,2026-02-13 17:09:00,1,3.0,2.997,0.9989999996669999,2.997,,,0.0,0.0,,0.0,,,,0.0,,-0.0,,-0.5458915726455905,-0.23844750073907228,-0.4013485980488992,0.0,0.0,0.0,0.0,-1.185687671433562,0.0,0.0,-1.185687671433562,False,1345814_YES.csv,1345814_YES
1771002660,2026-02-13 17:11:00,2,1103.26,1102.1567400000001,0.9989999999990946,551.0783700000001,,,0.0,0.0,,0.0,,,,0.0,,-0.0,,0.3111480792222394,0.15032425193318855,0.31732317950566175,0.0,0.0,0.0,0.0,0.7787955106610898,0.0,0.0,0.7787955106610898,False,1345814_YES.csv,1345814_YES
1771003980,2026-02-13 17:33:00,1,1.29,1.28871,0.9989999992255814,1.28871,,,0.0,0.0,,0.0,,,,0.0,,-0.0,,-0.537437591383868,-0.2287405095982959,-0.38023895231930094,0.0,0.0,0.0,0.0,-1.146417053301465,0.0,0.0,-1.146417053301465,False,1345814_YES.csv,1345814_YES
1771004160,2026-02-13 17:36:00,1,8.78,8.77122,0.9989999998862187,8.77122,,,0.0,0.0,,0.0,,,,0.0,,-0.0,,-0.52249796513667,-0.22599311103530517,-0.36996503012074683,0.0,0.0,0.0,0.0,-1.118456106292722,0.0,0.0,-1.118456106292722,False,1345814_YES.csv,1345814_YES
1771007340,2026-02-13 18:29:00,1,1.03,1.02897,0.998999999030097,1.02897,,,0.0,0.0,,0.0,,,,0.0,,-0.0,,-0.5077075834486453,-0.22842713746865312,-0.3798738024998919,0.0,0.0,0.0,0.0,-1.1160085234171904,0.0,0.0,-1.1160085234171904,False,1345814_YES.csv,1345814_YES
1771007820,2026-02-13 18:37:00,1,10771.98,10761.20802,0.9989999999999073,10761.20802,,,0.0,0.0,,0.0,,,,0.0,,-0.0,,-0.5077075834486453,3.1937644513202215,6.6940855109760955,0.0,0.0,0.0,0.0,9.380142378847673,0.0,0.0,9.380142378847673,True,1345814_YES.csv,1345814_YES
1771009680,2026-02-13 19:08:00,2,8100.4,8092.2996,0.9989999999998767,4046.1498,,,0.0,0.0,,0.0,,,,0.0,,-0.0,,0.32479603238225424,2.1967967521292304,2.1924521017613263,0.0,0.0,0.0,0.0,4.714044886272811,0.0,0.0,4.714044886272811,False,1345814_YES.csv,1345814_YES
1771010400,2026-02-13 19:20:00,1,3.95,3.94605,0.9989999997470885,3.94605,,,0.0,0.0,,0.0,,,,0.0,,-0.0,,-0.52249796513667,-0.2926287356750291,-0.32167215120414633,0.0,0.0,0.0,0.0,-1.1367988520158454,0.0,0.0,-1.1367988520158454,False,1345814_YES.csv,1345814_YES
1771011780,2026-02-13 19:43:00,1,1.07,1.0689300000000002,0.9989999990663552,1.0689300000000002,,,0.0,0.0,,0.0,,,,0.0,,-0.0,,-0.5077075834486453,-0.2934651907429497,-0.3234177432774551,0.0,0.0,0.0,0.0,-1.1245905174690503,0.0,0.0,-1.1245905174690503,False,1345814_YES.csv,1345814_YES
