bucket,datetime,trade_count,size_sum,amount_sum,vwap,avg_trade_size,max_trade_size,midpoint,midpoint_return,abs_midpoint_return,spread,spread_pct,bid_depth_top5,ask_depth_top5,total_depth,depth_change,depth_imbalance,depth_drop,abs_depth_imbalance,market_file,market_stem
1770925860,2026-02-12 19:51:00,1,23.255812,0.999999,0.0429999606101476,0.999999,,,0.0,0.0,,0.0,,,,0.0,,-0.0,,572473_YES.csv,572473_YES
1770925920,2026-02-12 19:52:00,1,187.67,8.069809999999999,0.042999999999770874,8.069809999999999,,,0.0,0.0,,0.0,,,,0.0,,-0.0,,572473_YES.csv,572473_YES
1770926040,2026-02-12 19:54:00,2,914.8837189999999,39.339999000000006,0.042999998997639746,19.669999500000003,,,0.0,0.0,,0.0,,,,0.0,,-0.0,,572473_YES.csv,572473_YES
1770926100,2026-02-12 19:55:00,2,1572.43,66.04205999999999,0.041999999999973295,33.021029999999996,,,0.0,0.0,,0.0,,,,0.0,,-0.0,,572473_YES.csv,572473_YES
1770926160,2026-02-12 19:56:00,1,199.99,8.39958,0.04199999999978999,8.39958,,,0.0,0.0,,0.0,,,,0.0,,-0.0,,572473_YES.csv,572473_YES
1770926340,2026-02-12 19:59:00,2,10465.116275999999,449.99999799999995,0.042999999821498054,224.99999899999997,,,0.0,0.0,,0.0,,,,0.0,,-0.0,,572473_YES.csv,572473_YES
1770926880,2026-02-12 20:08:00,1,5.0,0.21,0.04199999999160001,0.21,,,0.0,0.0,,0.0,,,,0.0,,-0.0,,572473_YES.csv,572473_YES
1770927000,2026-02-12 20:10:00,1,187.66,7.88172,0.041999999999776196,7.88172,,,0.0,0.0,,0.0,,,,0.0,,-0.0,,572473_YES.csv,572473_YES
1770927060,2026-02-12 20:11:00,1,677.674417,29.139999,0.04299999862612045,29.139999,,,0.0,0.0,,0.0,,,,0.0,,-0.0,,572473_YES.csv,572473_YES
1770927300,2026-02-12 20:15:00,1,7110.930231,305.769999,0.04299999986878745,305.769999,,,0.0,0.0,,0.0,,,,0.0,,-0.0,,572473_YES.csv,572473_YES
1770927600,2026-02-12 20:20:00,1,4558.7325,200.0,0.043871843763580276,200.0,,,0.0,0.0,,0.0,,,,0.0,,-0.0,,572473_YES.csv,572473_YES
1770927660,2026-02-12 20:21:00,1,2886.81818,126.80999900000002,0.04392725523155598,126.80999900000002,,,0.0,0.0,,0.0,,,,0.0,,-0.0,,572473_YES.csv,572473_YES
1770928080,2026-02-12 20:28:00,1,56.79,2.38518,0.041999999999260434,2.38518,,,0.0,0.0,,0.0,,,,0.0,,-0.0,,572473_YES.csv,572473_YES
1770928320,2026-02-12 20:32:00,2,666.279068,28.649998999999998,0.042999998613129156,14.324999499999999,,,0.0,0.0,,0.0,,,,0.0,,-0.0,,572473_YES.csv,572473_YES
1770928500,2026-02-12 20:35:00,2,1482.558137,63.749999,0.04299999939898274,31.8749995,,,0.0,0.0,,0.0,,,,0.0,,-0.0,,572473_YES.csv,572473_YES
1770928560,2026-02-12 20:36:00,1,79.69,3.3469800000000003,0.04199999999947296,3.3469800000000003,,,0.0,0.0,,0.0,,,,0.0,,-0.0,,572473_YES.csv,572473_YES
1770928620,2026-02-12 20:37:00,1,2298.78,96.54876000000002,0.04199999999998173,96.54876000000002,,,0.0,0.0,,0.0,,,,0.0,,-0.0,,572473_YES.csv,572473_YES
1770928740,2026-02-12 20:39:00,1,10184.304882,431.98999900000007,0.04241722964946454,431.98999900000007,,,0.0,0.0,,0.0,,,,0.0,,-0.0,,572473_YES.csv,572473_YES
1770928800,2026-02-12 20:40:00,1,100.0,4.2,0.04199999999958,4.2,,,0.0,0.0,,0.0,,,,0.0,,-0.0,,572473_YES.csv,572473_YES
1770929100,2026-02-12 20:45:00,2,3831.4285689999997,160.919999,0.04199999976561168,80.4599995,,,0.0,0.0,,0.0,,,,0.0,,-0.0,,572473_YES.csv,572473_YES
1770929220,2026-02-12 20:47:00,1,2439.02,99.99982,0.04099999999998319,99.99982,,,0.0,0.0,,0.0,,,,0.0,,-0.0,,572473_YES.csv,572473_YES
1770929880,2026-02-12 20:58:00,1,1000.0,41.0,0.040999999999959,41.0,,,0.0,0.0,,0.0,,,,0.0,,-0.0,,572473_YES.csv,572473_YES
1770930060,2026-02-12 21:01:00,1,1276.76,52.34716,0.04099999999996789,52.34716,,,0.0,0.0,,0.0,,,,0.0,,-0.0,,572473_YES.csv,572473_YES
1770930180,2026-02-12 21:03:00,1,2725.952379,114.48999899999998,0.04199999966322149,114.48999899999998,,,0.0,0.0,,0.0,,,,0.0,,-0.0,,572473_YES.csv,572473_YES
1770930360,2026-02-12 21:06:00,1,357.142857,15.0,0.0420000000166824,15.0,,,0.0,0.0,,0.0,,,,0.0,,-0.0,,572473_YES.csv,572473_YES
1770930720,2026-02-12 21:12:00,1,2380.952379,99.999999,0.04199999961442236,99.999999,,,0.0,0.0,,0.0,,,,0.0,,-0.0,,572473_YES.csv,572473_YES
1770930780,2026-02-12 21:13:00,1,253.571427,10.649999,0.04199999631645397,10.649999,,,0.0,0.0,,0.0,,,,0.0,,-0.0,,572473_YES.csv,572473_YES
1770931020,2026-02-12 21:17:00,1,523.809522,21.999999,0.04199999823591972,21.999999,,,0.0,0.0,,0.0,,,,0.0,,-0.0,,572473_YES.csv,572473_YES
1770931140,2026-02-12 21:19:00,1,1000.0,42.0,0.041999999999958,42.0,,,0.0,0.0,,0.0,,,,0.0,,-0.0,,572473_YES.csv,572473_YES
1770931440,2026-02-12 21:24:00,1,1000.0,41.0,0.040999999999959,41.0,,,0.0,0.0,,0.0,,,,0.0,,-0.0,,572473_YES.csv,572473_YES
1770931500,2026-02-12 21:25:00,1,70.0,2.87,0.04099999999941428,2.87,,,0.0,0.0,,0.0,,,,0.0,,-0.0,,572473_YES.csv,572473_YES
1770931680,2026-02-12 21:28:00,1,40.0,1.64,0.04099999999897501,1.64,,,0.0,0.0,,0.0,,,,0.0,,-0.0,,572473_YES.csv,572473_YES
1770931860,2026-02-12 21:31:00,2,11820.785700999999,502.55,0.04251409446983235,251.275,,,0.0,0.0,,0.0,,,,0.0,,-0.0,,572473_YES.csv,572473_YES
1770932040,2026-02-12 21:34:00,1,3000.0,123.0,0.04099999999998633,123.0,,,0.0,0.0,,0.0,,,,0.0,,-0.0,,572473_YES.csv,572473_YES
1770932220,2026-02-12 21:37:00,1,5.0,0.205,0.040999999991800005,0.205,,,0.0,0.0,,0.0,,,,0.0,,-0.0,,572473_YES.csv,572473_YES
1770932280,2026-02-12 21:38:00,2,560.55,22.98255,0.04099999999992685,11.491275,,,0.0,0.0,,0.0,,,,0.0,,-0.0,,572473_YES.csv,572473_YES
1770932400,2026-02-12 21:40:00,1,1000.0,42.0,0.041999999999958,42.0,,,0.0,0.0,,0.0,,,,0.0,,-0.0,,572473_YES.csv,572473_YES
1770932760,2026-02-12 21:46:00,1,5.0,0.2149999999999999,0.042999999991399994,0.2149999999999999,,,0.0,0.0,,0.0,,,,0.0,,-0.0,,572473_YES.csv,572473_YES
1770933000,2026-02-12 21:50:00,1,2965.08,124.53336,0.04199999999998584,124.53336,,,0.0,0.0,,0.0,,,,0.0,,-0.0,,572473_YES.csv,572473_YES
1770933060,2026-02-12 21:51:00,2,614.75,25.20975,0.041008133387489216,12.604875,,,0.0,0.0,,0.0,,,,0.0,,-0.0,,572473_YES.csv,572473_YES
1770933240,2026-02-12 21:54:00,1,5.0,0.21,0.04199999999160001,0.21,,,0.0,0.0,,0.0,,,,0.0,,-0.0,,572473_YES.csv,572473_YES
1770933300,2026-02-12 21:55:00,3,5047.763253,214.263998,0.04244731522870356,71.42133266666666,,,0.0,0.0,,0.0,,,,0.0,,-0.0,,572473_YES.csv,572473_YES
1770933600,2026-02-12 22:00:00,2,2500.697671,107.529998,0.042999999258989584,53.764999,,,0.0,0.0,,0.0,,,,0.0,,-0.0,,572473_YES.csv,572473_YES
1770934080,2026-02-12 22:08:00,1,11086.076045,475.929999,0.04293042886122083,475.929999,,,0.0,0.0,,0.0,,,,0.0,,-0.0,,572473_YES.csv,572473_YES
1770934200,2026-02-12 22:10:00,1,2325.581394,99.999999,0.042999999594921505,99.999999,,,0.0,0.0,,0.0,,,,0.0,,-0.0,,572473_YES.csv,572473_YES
1770934560,2026-02-12 22:16:00,1,350.0,15.05,0.04299999999987714,15.05,,,0.0,0.0,,0.0,,,,0.0,,-0.0,,572473_YES.csv,572473_YES
1770935040,2026-02-12 22:24:00,2,10.0,0.41,0.040999999995900004,0.205,,,0.0,0.0,,0.0,,,,0.0,,-0.0,,572473_YES.csv,572473_YES
1770935340,2026-02-12 22:29:00,1,2325.581394,99.999999,0.042999999594921505,99.999999,,,0.0,0.0,,0.0,,,,0.0,,-0.0,,572473_YES.csv,572473_YES
1770935460,2026-02-12 22:31:00,1,58.82,2.47044,0.041999999999285956,2.47044,,,0.0,0.0,,0.0,,,,0.0,,-0.0,,572473_YES.csv,572473_YES
1770935520,2026-02-12 22:32:00,1,11086.07,459.47004,0.04144570979616386,459.47004,,,0.0,0.0,,0.0,,,,0.0,,-0.0,,572473_YES.csv,572473_YES
1770935580,2026-02-12 22:33:00,1,100.0,4.1000000000000005,0.04099999999959,4.1000000000000005,,,0.0,0.0,,0.0,,,,0.0,,-0.0,,572473_YES.csv,572473_YES
1770935640,2026-02-12 22:34:00,1,278.06,11.67852,0.04199999999984896,11.67852,,,0.0,0.0,,0.0,,,,0.0,,-0.0,,572473_YES.csv,572473_YES
1770935820,2026-02-12 22:37:00,2,29454.641394000002,1266.3505189999998,0.042993241780153395,633.1752594999999,,,0.0,0.0,,0.0,,,,0.0,,-0.0,,572473_YES.csv,572473_YES
1770935940,2026-02-12 22:39:00,1,116.279068,4.999999,0.04299999205323,4.999999,,,0.0,0.0,,0.0,,,,0.0,,-0.0,,572473_YES.csv,572473_YES
1770936120,2026-02-12 22:42:00,1,155.84,6.70112,0.04299999999972407,6.70112,,,0.0,0.0,,0.0,,,,0.0,,-0.0,,572473_YES.csv,572473_YES
1770936360,2026-02-12 22:46:00,1,232.558138,9.999999,0.04299999598361501,9.999999,,,0.0,0.0,,0.0,,,,0.0,,-0.0,,572473_YES.csv,572473_YES
1770936480,2026-02-12 22:48:00,1,9427.906975,405.399999,0.042999999901882434,405.399999,,,0.0,0.0,,0.0,,,,0.0,,-0.0,,572473_YES.csv,572473_YES
1770936660,2026-02-12 22:51:00,1,16.7,0.7181,0.042999999997425147,0.7181,,,0.0,0.0,,0.0,,,,0.0,,-0.0,,572473_YES.csv,572473_YES
1770936720,2026-02-12 22:52:00,2,1786.921135,77.71809900000001,0.04349274149693037,38.859049500000005,,,0.0,0.0,,0.0,,,,0.0,,-0.0,,572473_YES.csv,572473_YES
1770937020,2026-02-12 22:57:00,1,16.7,0.7181,0.042999999997425147,0.7181,,,0.0,0.0,,0.0,,,,0.0,,-0.0,,572473_YES.csv,572473_YES
1770937140,2026-02-12 22:59:00,1,1885.01,79.17042000000001,0.04199999999997772,79.17042000000001,,,0.0,0.0,,0.0,,,,0.0,,-0.0,,572473_YES.csv,572473_YES
1770937380,2026-02-12 23:03:00,1,26.09,1.12187,0.04299999999835186,1.12187,,,0.0,0.0,,0.0,,,,0.0,,-0.0,,572473_YES.csv,572473_YES
1770937560,2026-02-12 23:06:00,1,150.0,6.449999999999999,0.04299999999971333,6.449999999999999,,,0.0,0.0,,0.0,,,,0.0,,-0.0,,572473_YES.csv,572473_YES
1770937620,2026-02-12 23:07:00,1,500.0,22.0,0.043999999999912,22.0,,,0.0,0.0,,0.0,,,,0.0,,-0.0,,572473_YES.csv,572473_YES
1770937740,2026-02-12 23:09:00,1,454.545453,19.999999000000003,0.0439999979495031,19.999999000000003,,,0.0,0.0,,0.0,,,,0.0,,-0.0,,572473_YES.csv,572473_YES
1770937860,2026-02-12 23:11:00,1,522.727271,22.999999,0.04399999823226363,22.999999,,,0.0,0.0,,0.0,,,,0.0,,-0.0,,572473_YES.csv,572473_YES
1770938220,2026-02-12 23:17:00,1,21381.14,919.3890199999998,0.042999999999997984,919.3890199999998,,,0.0,0.0,,0.0,,,,0.0,,-0.0,,572473_YES.csv,572473_YES
1770938340,2026-02-12 23:19:00,1,11363.636362,499.999999,0.04399999991833213,499.999999,,,0.0,0.0,,0.0,,,,0.0,,-0.0,,572473_YES.csv,572473_YES
1770938520,2026-02-12 23:22:00,1,425.454544,18.719999,0.04399999779989648,18.719999,,,0.0,0.0,,0.0,,,,0.0,,-0.0,,572473_YES.csv,572473_YES
1770938700,2026-02-12 23:25:00,1,1772.727271,77.999999,0.04399999947874438,77.999999,,,0.0,0.0,,0.0,,,,0.0,,-0.0,,572473_YES.csv,572473_YES
1770938940,2026-02-12 23:29:00,2,12.0,0.5279999999999999,0.04399999999633333,0.26399999999999996,,,0.0,0.0,,0.0,,,,0.0,,-0.0,,572473_YES.csv,572473_YES
1770939180,2026-02-12 23:33:00,1,2045.454544,89.99999899999999,0.04399999954237849,89.99999899999999,,,0.0,0.0,,0.0,,,,0.0,,-0.0,,572473_YES.csv,572473_YES
1770939360,2026-02-12 23:36:00,1,252.272726,11.099999,0.043999996257843586,11.099999,,,0.0,0.0,,0.0,,,,0.0,,-0.0,,572473_YES.csv,572473_YES
1770939660,2026-02-12 23:41:00,1,3207.272726,141.119999,0.04399999970565518,141.119999,,,0.0,0.0,,0.0,,,,0.0,,-0.0,,572473_YES.csv,572473_YES
1770939780,2026-02-12 23:43:00,1,2.0,0.088,0.043999999978,0.088,,,0.0,0.0,,0.0,,,,0.0,,-0.0,,572473_YES.csv,572473_YES
1770940020,2026-02-12 23:47:00,1,5.0,0.2149999999999999,0.042999999991399994,0.2149999999999999,,,0.0,0.0,,0.0,,,,0.0,,-0.0,,572473_YES.csv,572473_YES
1770940080,2026-02-12 23:48:00,1,5.0,0.2149999999999999,0.042999999991399994,0.2149999999999999,,,0.0,0.0,,0.0,,,,0.0,,-0.0,,572473_YES.csv,572473_YES
1770940200,2026-02-12 23:50:00,1,340.909089,14.999999,0.04399999731293753,14.999999,,,0.0,0.0,,0.0,,,,0.0,,-0.0,,572473_YES.csv,572473_YES
1770940320,2026-02-12 23:52:00,1,90.909089,3.999999,0.0439999899235157,3.999999,,,0.0,0.0,,0.0,,,,0.0,,-0.0,,572473_YES.csv,572473_YES
1770940380,2026-02-12 23:53:00,1,2.0,0.088,0.043999999978,0.088,,,0.0,0.0,,0.0,,,,0.0,,-0.0,,572473_YES.csv,572473_YES
1770940560,2026-02-12 23:56:00,1,2.0,0.088,0.043999999978,0.088,,,0.0,0.0,,0.0,,,,0.0,,-0.0,,572473_YES.csv,572473_YES
1770940620,2026-02-12 23:57:00,1,2.0,0.088,0.043999999978,0.088,,,0.0,0.0,,0.0,,,,0.0,,-0.0,,572473_YES.csv,572473_YES
1770940680,2026-02-12 23:58:00,1,661.0,28.423,0.042999999999934944,28.423,,,0.0,0.0,,0.0,,,,0.0,,-0.0,,572473_YES.csv,572473_YES
1770940800,2026-02-13 00:00:00,2,235.454544,10.269999,0.04361775663992443,5.1349995,,,0.0,0.0,,0.0,,,,0.0,,-0.0,,572473_YES.csv,572473_YES
1770941160,2026-02-13 00:06:00,1,5.0,0.2149999999999999,0.042999999991399994,0.2149999999999999,,,0.0,0.0,,0.0,,,,0.0,,-0.0,,572473_YES.csv,572473_YES
1770941580,2026-02-13 00:13:00,1,415.0,18.26,0.04399999999989397,18.26,,,0.0,0.0,,0.0,,,,0.0,,-0.0,,572473_YES.csv,572473_YES
1770941700,2026-02-13 00:15:00,1,1363.636362,59.999999,0.04399999931943433,59.999999,,,0.0,0.0,,0.0,,,,0.0,,-0.0,,572473_YES.csv,572473_YES
1770941760,2026-02-13 00:16:00,1,2159.090908,95.0,0.04400000002221112,95.0,,,0.0,0.0,,0.0,,,,0.0,,-0.0,,572473_YES.csv,572473_YES
1770941820,2026-02-13 00:17:00,1,1054.545453,46.399999,0.043999999116165076,46.399999,,,0.0,0.0,,0.0,,,,0.0,,-0.0,,572473_YES.csv,572473_YES
1770941880,2026-02-13 00:18:00,1,860.0,37.84,0.04399999999994883,37.84,,,0.0,0.0,,0.0,,,,0.0,,-0.0,,572473_YES.csv,572473_YES
1770942420,2026-02-13 00:27:00,2,16074.017271,706.1679690000001,0.043932263919735266,353.08398450000004,,,0.0,0.0,,0.0,,,,0.0,,-0.0,,572473_YES.csv,572473_YES
1770942720,2026-02-13 00:32:00,1,5.0,0.2149999999999999,0.042999999991399994,0.2149999999999999,,,0.0,0.0,,0.0,,,,0.0,,-0.0,,572473_YES.csv,572473_YES
1770942840,2026-02-13 00:34:00,1,35.0,1.5399999999999998,0.04399999999874286,1.5399999999999998,,,0.0,0.0,,0.0,,,,0.0,,-0.0,,572473_YES.csv,572473_YES
1770943020,2026-02-13 00:37:00,1,277.19,11.91917,0.04299999999984487,11.91917,,,0.0,0.0,,0.0,,,,0.0,,-0.0,,572473_YES.csv,572473_YES
1770944040,2026-02-13 00:54:00,1,33.0,1.452,0.04399999999866667,1.452,,,0.0,0.0,,0.0,,,,0.0,,-0.0,,572473_YES.csv,572473_YES
1770944520,2026-02-13 01:02:00,2,45.96,2.02224,0.04399999999904265,1.01112,,,0.0,0.0,,0.0,,,,0.0,,-0.0,,572473_YES.csv,572473_YES
1770944580,2026-02-13 01:03:00,2,3750.505453,164.97627900000003,0.04398774540322092,82.48813950000002,,,0.0,0.0,,0.0,,,,0.0,,-0.0,,572473_YES.csv,572473_YES
1770944940,2026-02-13 01:09:00,1,10230.232887,459.469999,0.04491295594881551,459.469999,,,0.0,0.0,,0.0,,,,0.0,,-0.0,,572473_YES.csv,572473_YES
1770945960,2026-02-13 01:26:00,1,147.1,6.4724,0.04399999999970088,6.4724,,,0.0,0.0,,0.0,,,,0.0,,-0.0,,572473_YES.csv,572473_YES
1770946080,2026-02-13 01:28:00,1,355.555554,15.999999,0.04499999738424834,15.999999,,,0.0,0.0,,0.0,,,,0.0,,-0.0,,572473_YES.csv,572473_YES
1770946140,2026-02-13 01:29:00,2,422.44777600000003,18.965479000000002,0.04489425694113508,9.482739500000001,,,0.0,0.0,,0.0,,,,0.0,,-0.0,,572473_YES.csv,572473_YES
1770946260,2026-02-13 01:31:00,1,113.636362,4.999999000000001,0.0439999918332126,4.999999000000001,,,0.0,0.0,,0.0,,,,0.0,,-0.0,,572473_YES.csv,572473_YES
1770946620,2026-02-13 01:37:00,2,302.0,13.59,0.04499999999985099,6.795,,,0.0,0.0,,0.0,,,,0.0,,-0.0,,572473_YES.csv,572473_YES
1770947700,2026-02-13 01:55:00,1,5.0,0.2199999999999999,0.043999999991199995,0.2199999999999999,,,0.0,0.0,,0.0,,,,0.0,,-0.0,,572473_YES.csv,572473_YES
1770947820,2026-02-13 01:57:00,1,5.0,0.2199999999999999,0.043999999991199995,0.2199999999999999,,,0.0,0.0,,0.0,,,,0.0,,-0.0,,572473_YES.csv,572473_YES
1770948000,2026-02-13 02:00:00,1,222.222221,9.999999,0.044999995747297405,9.999999,,,0.0,0.0,,0.0,,,,0.0,,-0.0,,572473_YES.csv,572473_YES
1770948900,2026-02-13 02:15:00,1,5.0,0.2199999999999999,0.043999999991199995,0.2199999999999999,,,0.0,0.0,,0.0,,,,0.0,,-0.0,,572473_YES.csv,572473_YES
1770949020,2026-02-13 02:17:00,1,30.0,1.3199999999999998,0.04399999999853333,1.3199999999999998,,,0.0,0.0,,0.0,,,,0.0,,-0.0,,572473_YES.csv,572473_YES
1770949080,2026-02-13 02:18:00,1,65.67,2.88948,0.04399999999932998,2.88948,,,0.0,0.0,,0.0,,,,0.0,,-0.0,,572473_YES.csv,572473_YES
1770949740,2026-02-13 02:29:00,1,22187.14,998.4213,0.04499999999999797,998.4213,,,0.0,0.0,,0.0,,,,0.0,,-0.0,,572473_YES.csv,572473_YES
1770949800,2026-02-13 02:30:00,1,100.0,4.4,0.043999999999559995,4.4,,,0.0,0.0,,0.0,,,,0.0,,-0.0,,572473_YES.csv,572473_YES
1770950340,2026-02-13 02:39:00,1,5146.75,231.60375,0.04499999999999125,231.60375,,,0.0,0.0,,0.0,,,,0.0,,-0.0,,572473_YES.csv,572473_YES
1770950400,2026-02-13 02:40:00,1,260.0,11.7,0.04499999999982692,11.7,,,0.0,0.0,,0.0,,,,0.0,,-0.0,,572473_YES.csv,572473_YES
1770950460,2026-02-13 02:41:00,2,20212.95,910.24275,0.04503265233426862,455.121375,,,0.0,0.0,,0.0,,,,0.0,,-0.0,,572473_YES.csv,572473_YES
1770950520,2026-02-13 02:42:00,1,5.0,0.2199999999999999,0.043999999991199995,0.2199999999999999,,,0.0,0.0,,0.0,,,,0.0,,-0.0,,572473_YES.csv,572473_YES
1770950640,2026-02-13 02:44:00,1,3989.76,179.5392,0.044999999999988716,179.5392,,,0.0,0.0,,0.0,,,,0.0,,-0.0,,572473_YES.csv,572473_YES
1770951300,2026-02-13 02:55:00,1,26.0,1.17,0.04499999999826923,1.17,,,0.0,0.0,,0.0,,,,0.0,,-0.0,,572473_YES.csv,572473_YES
1770951600,2026-02-13 03:00:00,1,21.739129,0.999999,0.0459999570338811,0.999999,,,0.0,0.0,,0.0,,,,0.0,,-0.0,,572473_YES.csv,572473_YES
1770951720,2026-02-13 03:02:00,1,2655.11111,119.48,0.045000000018814656,119.48,,,0.0,0.0,,0.0,,,,0.0,,-0.0,,572473_YES.csv,572473_YES
1770952080,2026-02-13 03:08:00,1,833.33,36.66652,0.0439999999999472,36.66652,,,0.0,0.0,,0.0,,,,0.0,,-0.0,,572473_YES.csv,572473_YES
1770952200,2026-02-13 03:10:00,1,222.222221,9.999999,0.044999995747297405,9.999999,,,0.0,0.0,,0.0,,,,0.0,,-0.0,,572473_YES.csv,572473_YES
1770953340,2026-02-13 03:29:00,1,155.5,6.9975,0.04499999999971061,6.9975,,,0.0,0.0,,0.0,,,,0.0,,-0.0,,572473_YES.csv,572473_YES
1770954420,2026-02-13 03:47:00,1,26.31,1.13133,0.04299999999836564,1.13133,,,0.0,0.0,,0.0,,,,0.0,,-0.0,,572473_YES.csv,572473_YES
1770954480,2026-02-13 03:48:00,1,500.0,22.5,0.04499999999991,22.5,,,0.0,0.0,,0.0,,,,0.0,,-0.0,,572473_YES.csv,572473_YES
1770954540,2026-02-13 03:49:00,1,9033.11111,406.49,0.045000000005530116,406.49,,,0.0,0.0,,0.0,,,,0.0,,-0.0,,572473_YES.csv,572473_YES
1770954600,2026-02-13 03:50:00,2,1953.555554,87.90999900000001,0.0449999995239219,43.95499950000001,,,0.0,0.0,,0.0,,,,0.0,,-0.0,,572473_YES.csv,572473_YES
1770954780,2026-02-13 03:53:00,1,45.454544,1.999999,0.043999979407031306,1.999999,,,0.0,0.0,,0.0,,,,0.0,,-0.0,,572473_YES.csv,572473_YES
1770955080,2026-02-13 03:58:00,1,284.090908,12.500000000000002,0.04400000016880513,12.500000000000002,,,0.0,0.0,,0.0,,,,0.0,,-0.0,,572473_YES.csv,572473_YES
1770955620,2026-02-13 04:07:00,1,5.0,0.2149999999999999,0.042999999991399994,0.2149999999999999,,,0.0,0.0,,0.0,,,,0.0,,-0.0,,572473_YES.csv,572473_YES
1770955740,2026-02-13 04:09:00,1,5.0,0.2149999999999999,0.042999999991399994,0.2149999999999999,,,0.0,0.0,,0.0,,,,0.0,,-0.0,,572473_YES.csv,572473_YES
1770955920,2026-02-13 04:12:00,1,22.727271,0.999999,0.0439999593420609,0.999999,,,0.0,0.0,,0.0,,,,0.0,,-0.0,,572473_YES.csv,572473_YES
1770956280,2026-02-13 04:18:00,1,140.0,6.159999999999999,0.043999999999685714,6.159999999999999,,,0.0,0.0,,0.0,,,,0.0,,-0.0,,572473_YES.csv,572473_YES
1770956640,2026-02-13 04:24:00,1,102.56,4.41008,0.04299999999958073,4.41008,,,0.0,0.0,,0.0,,,,0.0,,-0.0,,572473_YES.csv,572473_YES
1770956820,2026-02-13 04:27:00,1,5.0,0.2149999999999999,0.042999999991399994,0.2149999999999999,,,0.0,0.0,,0.0,,,,0.0,,-0.0,,572473_YES.csv,572473_YES
1770957360,2026-02-13 04:36:00,1,454.545453,19.999999000000003,0.0439999979495031,19.999999000000003,,,0.0,0.0,,0.0,,,,0.0,,-0.0,,572473_YES.csv,572473_YES
1770957660,2026-02-13 04:41:00,1,22.727271,0.999999,0.0439999593420609,0.999999,,,0.0,0.0,,0.0,,,,0.0,,-0.0,,572473_YES.csv,572473_YES
1770958260,2026-02-13 04:51:00,1,24999.99,1074.99957,0.042999999999998276,1074.99957,,,0.0,0.0,,0.0,,,,0.0,,-0.0,,572473_YES.csv,572473_YES
1770958440,2026-02-13 04:54:00,1,5.0,0.2149999999999999,0.042999999991399994,0.2149999999999999,,,0.0,0.0,,0.0,,,,0.0,,-0.0,,572473_YES.csv,572473_YES
1770958980,2026-02-13 05:03:00,1,81.57,3.58908,0.04399999999946058,3.58908,,,0.0,0.0,,0.0,,,,0.0,,-0.0,,572473_YES.csv,572473_YES
1770959040,2026-02-13 05:04:00,1,230.681817,10.15,0.044000000225227966,10.15,,,0.0,0.0,,0.0,,,,0.0,,-0.0,,572473_YES.csv,572473_YES
1770959160,2026-02-13 05:06:00,1,460.0,20.24,0.043999999999904345,20.24,,,0.0,0.0,,0.0,,,,0.0,,-0.0,,572473_YES.csv,572473_YES
1770959340,2026-02-13 05:09:00,1,2605.0,112.015,0.04299999999998349,112.015,,,0.0,0.0,,0.0,,,,0.0,,-0.0,,572473_YES.csv,572473_YES
1770959400,2026-02-13 05:10:00,1,9644.6,405.07383,0.042000065321522645,405.07383,,,0.0,0.0,,0.0,,,,0.0,,-0.0,,572473_YES.csv,572473_YES
1770959520,2026-02-13 05:12:00,1,507.441859,21.819999,0.042999998153398264,21.819999,,,0.0,0.0,,0.0,,,,0.0,,-0.0,,572473_YES.csv,572473_YES
1770959580,2026-02-13 05:13:00,1,100.0,4.3,0.04299999999956999,4.3,,,0.0,0.0,,0.0,,,,0.0,,-0.0,,572473_YES.csv,572473_YES
1770959820,2026-02-13 05:17:00,2,200.0,8.799999999999999,0.04399999999978,4.3999999999999995,,,0.0,0.0,,0.0,,,,0.0,,-0.0,,572473_YES.csv,572473_YES
1770960420,2026-02-13 05:27:00,1,130.0,5.72,0.04399999999966154,5.72,,,0.0,0.0,,0.0,,,,0.0,,-0.0,,572473_YES.csv,572473_YES
1770960660,2026-02-13 05:31:00,1,20.0,0.8799999999999999,0.04399999999779999,0.8799999999999999,,,0.0,0.0,,0.0,,,,0.0,,-0.0,,572473_YES.csv,572473_YES
1770960960,2026-02-13 05:36:00,1,140.0,6.159999999999999,0.043999999999685714,6.159999999999999,,,0.0,0.0,,0.0,,,,0.0,,-0.0,,572473_YES.csv,572473_YES
1770961020,2026-02-13 05:37:00,1,150.0,6.6,0.04399999999970667,6.6,,,0.0,0.0,,0.0,,,,0.0,,-0.0,,572473_YES.csv,572473_YES
1770961260,2026-02-13 05:41:00,1,70.0,3.08,0.043999999999371424,3.08,,,0.0,0.0,,0.0,,,,0.0,,-0.0,,572473_YES.csv,572473_YES
1770961380,2026-02-13 05:43:00,1,1000.0,44.0,0.043999999999956,44.0,,,0.0,0.0,,0.0,,,,0.0,,-0.0,,572473_YES.csv,572473_YES
1770961500,2026-02-13 05:45:00,1,110.0,4.84,0.0439999999996,4.84,,,0.0,0.0,,0.0,,,,0.0,,-0.0,,572473_YES.csv,572473_YES
1770961620,2026-02-13 05:47:00,1,60.0,2.64,0.04399999999926666,2.64,,,0.0,0.0,,0.0,,,,0.0,,-0.0,,572473_YES.csv,572473_YES
1770961920,2026-02-13 05:52:00,1,100.0,4.4,0.043999999999559995,4.4,,,0.0,0.0,,0.0,,,,0.0,,-0.0,,572473_YES.csv,572473_YES
1770962040,2026-02-13 05:54:00,1,22.727271,0.999999,0.0439999593420609,0.999999,,,0.0,0.0,,0.0,,,,0.0,,-0.0,,572473_YES.csv,572473_YES
1770962460,2026-02-13 06:01:00,2,276.363635,12.159999,0.043999996598524986,6.0799995,,,0.0,0.0,,0.0,,,,0.0,,-0.0,,572473_YES.csv,572473_YES
1770962580,2026-02-13 06:03:00,1,1400.0,60.2,0.042999999999969285,60.2,,,0.0,0.0,,0.0,,,,0.0,,-0.0,,572473_YES.csv,572473_YES
1770962700,2026-02-13 06:05:00,1,70.0,3.08,0.043999999999371424,3.08,,,0.0,0.0,,0.0,,,,0.0,,-0.0,,572473_YES.csv,572473_YES
1770963000,2026-02-13 06:10:00,1,1374.31818,60.469999,0.04399999933054508,60.469999,,,0.0,0.0,,0.0,,,,0.0,,-0.0,,572473_YES.csv,572473_YES
1770963120,2026-02-13 06:12:00,1,80.0,3.52,0.04399999999944999,3.52,,,0.0,0.0,,0.0,,,,0.0,,-0.0,,572473_YES.csv,572473_YES
1770963240,2026-02-13 06:14:00,2,41294.872887000005,1819.498199,0.04406111635163182,909.7490995,,,0.0,0.0,,0.0,,,,0.0,,-0.0,,572473_YES.csv,572473_YES
1770963420,2026-02-13 06:17:00,1,203.181818,8.94,0.04400000003915705,8.94,,,0.0,0.0,,0.0,,,,0.0,,-0.0,,572473_YES.csv,572473_YES
1770963480,2026-02-13 06:18:00,1,5.0,0.2149999999999999,0.042999999991399994,0.2149999999999999,,,0.0,0.0,,0.0,,,,0.0,,-0.0,,572473_YES.csv,572473_YES
1770963540,2026-02-13 06:19:00,1,1851.43,79.61149,0.04299999999997677,79.61149,,,0.0,0.0,,0.0,,,,0.0,,-0.0,,572473_YES.csv,572473_YES
1770963600,2026-02-13 06:20:00,1,5.0,0.2149999999999999,0.042999999991399994,0.2149999999999999,,,0.0,0.0,,0.0,,,,0.0,,-0.0,,572473_YES.csv,572473_YES
1770963660,2026-02-13 06:21:00,1,40.0,1.7599999999999998,0.043999999998899995,1.7599999999999998,,,0.0,0.0,,0.0,,,,0.0,,-0.0,,572473_YES.csv,572473_YES
1770963900,2026-02-13 06:25:00,1,230.0,10.12,0.04399999999980869,10.12,,,0.0,0.0,,0.0,,,,0.0,,-0.0,,572473_YES.csv,572473_YES
1770963960,2026-02-13 06:26:00,2,240.0,10.559999999999999,0.043999999999816665,5.279999999999999,,,0.0,0.0,,0.0,,,,0.0,,-0.0,,572473_YES.csv,572473_YES
1770964080,2026-02-13 06:28:00,1,1111.590908,48.91,0.044000000043141724,48.91,,,0.0,0.0,,0.0,,,,0.0,,-0.0,,572473_YES.csv,572473_YES
1770964320,2026-02-13 06:32:00,1,333.333332,14.999999,0.0449999971798649,14.999999,,,0.0,0.0,,0.0,,,,0.0,,-0.0,,572473_YES.csv,572473_YES
1770964440,2026-02-13 06:34:00,1,70.0,3.08,0.043999999999371424,3.08,,,0.0,0.0,,0.0,,,,0.0,,-0.0,,572473_YES.csv,572473_YES
1770964680,2026-02-13 06:38:00,1,5.0,0.2149999999999999,0.042999999991399994,0.2149999999999999,,,0.0,0.0,,0.0,,,,0.0,,-0.0,,572473_YES.csv,572473_YES
1770964860,2026-02-13 06:41:00,12,445.65,19.8936,0.044639515314608684,1.6578,,,0.0,0.0,,0.0,,,,0.0,,-0.0,,572473_YES.csv,572473_YES
1770964920,2026-02-13 06:42:00,19,197.27,8.679879999999999,0.04399999999977695,0.45683578947368414,,,0.0,0.0,,0.0,,,,0.0,,-0.0,,572473_YES.csv,572473_YES
1770964980,2026-02-13 06:43:00,3,15.0,0.6599999999999997,0.04399999999706666,0.2199999999999999,,,0.0,0.0,,0.0,,,,0.0,,-0.0,,572473_YES.csv,572473_YES
1770965040,2026-02-13 06:44:00,1,1508.0,64.844,0.042999999999971485,64.844,,,0.0,0.0,,0.0,,,,0.0,,-0.0,,572473_YES.csv,572473_YES
1770965100,2026-02-13 06:45:00,1,13089.05511,588.0,0.044923028825107764,588.0,,,0.0,0.0,,0.0,,,,0.0,,-0.0,,572473_YES.csv,572473_YES
1770965280,2026-02-13 06:48:00,1,50.0,2.25,0.0449999999991,2.25,,,0.0,0.0,,0.0,,,,0.0,,-0.0,,572473_YES.csv,572473_YES
1770965400,2026-02-13 06:50:00,2,380.0,17.1,0.04499999999988157,8.55,,,0.0,0.0,,0.0,,,,0.0,,-0.0,,572473_YES.csv,572473_YES
1770965460,2026-02-13 06:51:00,1,24.444443,1.099999,0.04499996174815679,1.099999,,,0.0,0.0,,0.0,,,,0.0,,-0.0,,572473_YES.csv,572473_YES
1770965520,2026-02-13 06:52:00,2,125.0,5.5,0.043999999999647994,2.75,,,0.0,0.0,,0.0,,,,0.0,,-0.0,,572473_YES.csv,572473_YES
1770965640,2026-02-13 06:54:00,1,110.0,4.84,0.0439999999996,4.84,,,0.0,0.0,,0.0,,,,0.0,,-0.0,,572473_YES.csv,572473_YES
1770965820,2026-02-13 06:57:00,2,6441.835453,283.44075899999996,0.043999999855313894,141.72037949999998,,,0.0,0.0,,0.0,,,,0.0,,-0.0,,572473_YES.csv,572473_YES
1770965880,2026-02-13 06:58:00,3,30.0,1.3099999999999996,0.04366666666521111,0.43666666666666654,,,0.0,0.0,,0.0,,,,0.0,,-0.0,,572473_YES.csv,572473_YES
1770965940,2026-02-13 06:59:00,1,7000.0,315.0,0.044999999999993566,315.0,,,0.0,0.0,,0.0,,,,0.0,,-0.0,,572473_YES.csv,572473_YES
1770966000,2026-02-13 07:00:00,1,130.0,5.85,0.044999999999653845,5.85,,,0.0,0.0,,0.0,,,,0.0,,-0.0,,572473_YES.csv,572473_YES
1770966180,2026-02-13 07:03:00,1,45.45,1.9998,0.043999999999031904,1.9998,,,0.0,0.0,,0.0,,,,0.0,,-0.0,,572473_YES.csv,572473_YES
1770966240,2026-02-13 07:04:00,1,22.73,1.00012,0.043999999998064226,1.00012,,,0.0,0.0,,0.0,,,,0.0,,-0.0,,572473_YES.csv,572473_YES
1770966300,2026-02-13 07:05:00,2,135.0,6.069999999999999,0.0449629629626299,3.0349999999999997,,,0.0,0.0,,0.0,,,,0.0,,-0.0,,572473_YES.csv,572473_YES
1770966540,2026-02-13 07:09:00,1,40.0,1.7999999999999998,0.044999999998875,1.7999999999999998,,,0.0,0.0,,0.0,,,,0.0,,-0.0,,572473_YES.csv,572473_YES
1770966660,2026-02-13 07:11:00,2,5506.85,247.80825000000002,0.044999999999991824,123.90412500000001,,,0.0,0.0,,0.0,,,,0.0,,-0.0,,572473_YES.csv,572473_YES
1770966780,2026-02-13 07:13:00,1,30.3,1.3332,0.043999999998547853,1.3332,,,0.0,0.0,,0.0,,,,0.0,,-0.0,,572473_YES.csv,572473_YES
1770966840,2026-02-13 07:14:00,1,22.222221,0.999999,0.0449999574729726,0.999999,,,0.0,0.0,,0.0,,,,0.0,,-0.0,,572473_YES.csv,572473_YES
1770967020,2026-02-13 07:17:00,2,184.444443,8.299999,0.044999994930478876,4.1499995,,,0.0,0.0,,0.0,,,,0.0,,-0.0,,572473_YES.csv,572473_YES
1770967320,2026-02-13 07:22:00,1,120.0,5.4,0.04499999999962499,5.4,,,0.0,0.0,,0.0,,,,0.0,,-0.0,,572473_YES.csv,572473_YES
1770967560,2026-02-13 07:26:00,2,1139.94,50.29736,0.04412281348137259,25.14868,,,0.0,0.0,,0.0,,,,0.0,,-0.0,,572473_YES.csv,572473_YES
1770967620,2026-02-13 07:27:00,1,5555.555554,249.999999,0.0449999998325919,249.999999,,,0.0,0.0,,0.0,,,,0.0,,-0.0,,572473_YES.csv,572473_YES
1770967680,2026-02-13 07:28:00,1,1059.98,46.63912,0.04399999999995849,46.63912,,,0.0,0.0,,0.0,,,,0.0,,-0.0,,572473_YES.csv,572473_YES
1770967920,2026-02-13 07:32:00,1,111.11111,5.0,0.045000000449595,5.0,,,0.0,0.0,,0.0,,,,0.0,,-0.0,,572473_YES.csv,572473_YES
1770968040,2026-02-13 07:34:00,2,211.11111,9.5,0.04500000023662895,4.75,,,0.0,0.0,,0.0,,,,0.0,,-0.0,,572473_YES.csv,572473_YES
1770968220,2026-02-13 07:37:00,3,40.0,1.7399999999999998,0.0434999999989125,0.58,,,0.0,0.0,,0.0,,,,0.0,,-0.0,,572473_YES.csv,572473_YES
1770968460,2026-02-13 07:41:00,2,133.837271,5.777729,0.04316980581557757,2.8888645,,,0.0,0.0,,0.0,,,,0.0,,-0.0,,572473_YES.csv,572473_YES
1770968520,2026-02-13 07:42:00,1,6172.045453,271.569999,0.04399999984898937,271.569999,,,0.0,0.0,,0.0,,,,0.0,,-0.0,,572473_YES.csv,572473_YES
1770968700,2026-02-13 07:45:00,1,2279.090908,100.28000000000002,0.044000000021041694,100.28000000000002,,,0.0,0.0,,0.0,,,,0.0,,-0.0,,572473_YES.csv,572473_YES
1770968760,2026-02-13 07:46:00,2,1871.909089,82.33299899999999,0.04398343887733317,41.16649949999999,,,0.0,0.0,,0.0,,,,0.0,,-0.0,,572473_YES.csv,572473_YES
1770968820,2026-02-13 07:47:00,1,11363.636362,499.999999,0.04399999991833213,499.999999,,,0.0,0.0,,0.0,,,,0.0,,-0.0,,572473_YES.csv,572473_YES
1770969180,2026-02-13 07:53:00,1,22.727271,0.999999,0.0439999593420609,0.999999,,,0.0,0.0,,0.0,,,,0.0,,-0.0,,572473_YES.csv,572473_YES
1770969240,2026-02-13 07:54:00,1,328.636362,14.459999,0.04399999717607631,14.459999,,,0.0,0.0,,0.0,,,,0.0,,-0.0,,572473_YES.csv,572473_YES
1770969300,2026-02-13 07:55:00,1,538.94,22.635480000000005,0.04199999999992207,22.635480000000005,,,0.0,0.0,,0.0,,,,0.0,,-0.0,,572473_YES.csv,572473_YES
1770969600,2026-02-13 08:00:00,1,31.24,1.3433199999999998,0.042999999998623556,1.3433199999999998,,,0.0,0.0,,0.0,,,,0.0,,-0.0,,572473_YES.csv,572473_YES
1770969780,2026-02-13 08:03:00,1,2272.727271,99.999999,0.04399999959342054,99.999999,,,0.0,0.0,,0.0,,,,0.0,,-0.0,,572473_YES.csv,572473_YES
1770969900,2026-02-13 08:05:00,1,274.19,11.51598,0.041999999999846827,11.51598,,,0.0,0.0,,0.0,,,,0.0,,-0.0,,572473_YES.csv,572473_YES
1770969960,2026-02-13 08:06:00,1,116.279068,4.999999,0.04299999205323,4.999999,,,0.0,0.0,,0.0,,,,0.0,,-0.0,,572473_YES.csv,572473_YES
1770970200,2026-02-13 08:10:00,1,26.5,1.113,0.0419999999984151,1.113,,,0.0,0.0,,0.0,,,,0.0,,-0.0,,572473_YES.csv,572473_YES
1770970260,2026-02-13 08:11:00,1,116.279068,4.999999,0.04299999205323,4.999999,,,0.0,0.0,,0.0,,,,0.0,,-0.0,,572473_YES.csv,572473_YES
1770970620,2026-02-13 08:17:00,1,1000.0,43.0,0.042999999999957,43.0,,,0.0,0.0,,0.0,,,,0.0,,-0.0,,572473_YES.csv,572473_YES
1770970920,2026-02-13 08:22:00,1,2234.09,93.83178,0.041999999999981205,93.83178,,,0.0,0.0,,0.0,,,,0.0,,-0.0,,572473_YES.csv,572473_YES
1770970980,2026-02-13 08:23:00,1,1366.306135,59.999999,0.04391402297257196,59.999999,,,0.0,0.0,,0.0,,,,0.0,,-0.0,,572473_YES.csv,572473_YES
1770971040,2026-02-13 08:24:00,1,2500.0,110.0,0.0439999999999824,110.0,,,0.0,0.0,,0.0,,,,0.0,,-0.0,,572473_YES.csv,572473_YES
1770971100,2026-02-13 08:25:00,1,23.255812,0.999999,0.0429999606101476,0.999999,,,0.0,0.0,,0.0,,,,0.0,,-0.0,,572473_YES.csv,572473_YES
1770971280,2026-02-13 08:28:00,1,1139.534882,48.999999,0.04299999918734996,48.999999,,,0.0,0.0,,0.0,,,,0.0,,-0.0,,572473_YES.csv,572473_YES
1770971460,2026-02-13 08:31:00,1,5.0,0.21,0.04199999999160001,0.21,,,0.0,0.0,,0.0,,,,0.0,,-0.0,,572473_YES.csv,572473_YES
1770971580,2026-02-13 08:33:00,2,105.0,4.41,0.0419999999996,2.205,,,0.0,0.0,,0.0,,,,0.0,,-0.0,,572473_YES.csv,572473_YES
1770971760,2026-02-13 08:36:00,1,26.93,1.13106,0.0419999999984404,1.13106,,,0.0,0.0,,0.0,,,,0.0,,-0.0,,572473_YES.csv,572473_YES
1770971880,2026-02-13 08:38:00,1,930.232557,40.0,0.04300000005262877,40.0,,,0.0,0.0,,0.0,,,,0.0,,-0.0,,572473_YES.csv,572473_YES
1770972180,2026-02-13 08:43:00,1,1197.1,50.2782,0.04199999999996492,50.2782,,,0.0,0.0,,0.0,,,,0.0,,-0.0,,572473_YES.csv,572473_YES
1770972360,2026-02-13 08:46:00,1,3523.17,147.97314,0.04199999999998808,147.97314,,,0.0,0.0,,0.0,,,,0.0,,-0.0,,572473_YES.csv,572473_YES
1770972600,2026-02-13 08:50:00,1,30.0,1.26,0.0419999999986,1.26,,,0.0,0.0,,0.0,,,,0.0,,-0.0,,572473_YES.csv,572473_YES
1770972720,2026-02-13 08:52:00,1,5.0,0.21,0.04199999999160001,0.21,,,0.0,0.0,,0.0,,,,0.0,,-0.0,,572473_YES.csv,572473_YES
1770973260,2026-02-13 09:01:00,1,23.255812,0.999999,0.0429999606101476,0.999999,,,0.0,0.0,,0.0,,,,0.0,,-0.0,,572473_YES.csv,572473_YES
1770973920,2026-02-13 09:12:00,1,25.15,1.0563,0.041999999998330026,1.0563,,,0.0,0.0,,0.0,,,,0.0,,-0.0,,572473_YES.csv,572473_YES
1770974040,2026-02-13 09:14:00,1,69.76744,2.999999,0.042999986812716565,2.999999,,,0.0,0.0,,0.0,,,,0.0,,-0.0,,572473_YES.csv,572473_YES
1770974100,2026-02-13 09:15:00,1,860.0,36.120000000000005,0.04199999999995117,36.120000000000005,,,0.0,0.0,,0.0,,,,0.0,,-0.0,,572473_YES.csv,572473_YES
1770974220,2026-02-13 09:17:00,1,1000.0,42.0,0.041999999999958,42.0,,,0.0,0.0,,0.0,,,,0.0,,-0.0,,572473_YES.csv,572473_YES
1770974280,2026-02-13 09:18:00,1,5.0,0.21,0.04199999999160001,0.21,,,0.0,0.0,,0.0,,,,0.0,,-0.0,,572473_YES.csv,572473_YES
1770974580,2026-02-13 09:23:00,1,35852.75,1541.66825,0.0429999999999988,1541.66825,,,0.0,0.0,,0.0,,,,0.0,,-0.0,,572473_YES.csv,572473_YES
1770974700,2026-02-13 09:25:00,2,48.81,2.07558,0.04252366318290261,1.03779,,,0.0,0.0,,0.0,,,,0.0,,-0.0,,572473_YES.csv,572473_YES
1770975240,2026-02-13 09:34:00,2,2151.6527260000003,92.748339,0.043105626609355026,46.3741695,,,0.0,0.0,,0.0,,,,0.0,,-0.0,,572473_YES.csv,572473_YES
1770975300,2026-02-13 09:35:00,2,5828.636361000001,256.459998,0.043999999676760736,128.229999,,,0.0,0.0,,0.0,,,,0.0,,-0.0,,572473_YES.csv,572473_YES
1770975480,2026-02-13 09:38:00,1,454.545453,19.999999000000003,0.0439999979495031,19.999999000000003,,,0.0,0.0,,0.0,,,,0.0,,-0.0,,572473_YES.csv,572473_YES
1770975540,2026-02-13 09:39:00,1,1040.0,45.76,0.04399999999995769,45.76,,,0.0,0.0,,0.0,,,,0.0,,-0.0,,572473_YES.csv,572473_YES
1770975660,2026-02-13 09:41:00,2,147.727271,6.374999,0.043153839888891245,3.1874995,,,0.0,0.0,,0.0,,,,0.0,,-0.0,,572473_YES.csv,572473_YES
1770975960,2026-02-13 09:46:00,1,500.0,22.0,0.043999999999912,22.0,,,0.0,0.0,,0.0,,,,0.0,,-0.0,,572473_YES.csv,572473_YES
1770976080,2026-02-13 09:48:00,1,2270.227271,99.88999900000002,0.04399999959297282,99.88999900000002,,,0.0,0.0,,0.0,,,,0.0,,-0.0,,572473_YES.csv,572473_YES
1770976440,2026-02-13 09:54:00,1,136.36,5.86348,0.04299999999968466,5.86348,,,0.0,0.0,,0.0,,,,0.0,,-0.0,,572473_YES.csv,572473_YES
1770976620,2026-02-13 09:57:00,1,764.545453,33.639999,0.04399999878091745,33.639999,,,0.0,0.0,,0.0,,,,0.0,,-0.0,,572473_YES.csv,572473_YES
1770977280,2026-02-13 10:08:00,1,49.44,2.12592,0.04299999999913026,2.12592,,,0.0,0.0,,0.0,,,,0.0,,-0.0,,572473_YES.csv,572473_YES
1770977340,2026-02-13 10:09:00,1,227.272726,9.999999,0.0439999958462063,9.999999,,,0.0,0.0,,0.0,,,,0.0,,-0.0,,572473_YES.csv,572473_YES
1770977760,2026-02-13 10:16:00,1,386.363635,16.999999,0.04399999756694492,16.999999,,,0.0,0.0,,0.0,,,,0.0,,-0.0,,572473_YES.csv,572473_YES
1770978060,2026-02-13 10:21:00,1,22.727271,0.999999,0.0439999593420609,0.999999,,,0.0,0.0,,0.0,,,,0.0,,-0.0,,572473_YES.csv,572473_YES
1770978240,2026-02-13 10:24:00,1,227.272726,9.999999,0.0439999958462063,9.999999,,,0.0,0.0,,0.0,,,,0.0,,-0.0,,572473_YES.csv,572473_YES
1770978600,2026-02-13 10:30:00,1,1376.590908,59.47,0.04320092458431141,59.47,,,0.0,0.0,,0.0,,,,0.0,,-0.0,,572473_YES.csv,572473_YES
1770978840,2026-02-13 10:34:00,1,22.72,0.9769599999999998,0.042999999998107385,0.9769599999999998,,,0.0,0.0,,0.0,,,,0.0,,-0.0,,572473_YES.csv,572473_YES
1770978960,2026-02-13 10:36:00,1,1136.363635,49.999999,0.04399999917276128,49.999999,,,0.0,0.0,,0.0,,,,0.0,,-0.0,,572473_YES.csv,572473_YES
1770979440,2026-02-13 10:44:00,1,2577.272726,113.399999,0.04399999963370423,113.399999,,,0.0,0.0,,0.0,,,,0.0,,-0.0,,572473_YES.csv,572473_YES
1770979500,2026-02-13 10:45:00,2,105.0,4.515,0.04299999999959047,2.2575,,,0.0,0.0,,0.0,,,,0.0,,-0.0,,572473_YES.csv,572473_YES
1770979560,2026-02-13 10:46:00,1,260.0,11.18,0.042999999999834615,11.18,,,0.0,0.0,,0.0,,,,0.0,,-0.0,,572473_YES.csv,572473_YES
1770979620,2026-02-13 10:47:00,1,5.0,0.2149999999999999,0.042999999991399994,0.2149999999999999,,,0.0,0.0,,0.0,,,,0.0,,-0.0,,572473_YES.csv,572473_YES
1770979860,2026-02-13 10:51:00,1,3000.0,128.82607000000002,0.042942023333318986,128.82607000000002,,,0.0,0.0,,0.0,,,,0.0,,-0.0,,572473_YES.csv,572473_YES
1770980160,2026-02-13 10:56:00,2,2190.61,92.47716,0.04221525511157058,46.23858,,,0.0,0.0,,0.0,,,,0.0,,-0.0,,572473_YES.csv,572473_YES
1770980400,2026-02-13 11:00:00,1,2174.31818,95.66999900000002,0.043999999576858566,95.66999900000002,,,0.0,0.0,,0.0,,,,0.0,,-0.0,,572473_YES.csv,572473_YES
1770980520,2026-02-13 11:02:00,1,909.090908,40.0,0.0440000000527516,40.0,,,0.0,0.0,,0.0,,,,0.0,,-0.0,,572473_YES.csv,572473_YES
1770980700,2026-02-13 11:05:00,1,2272.727271,99.999999,0.04399999959342054,99.999999,,,0.0,0.0,,0.0,,,,0.0,,-0.0,,572473_YES.csv,572473_YES
1770980760,2026-02-13 11:06:00,2,232.272726,10.214999,0.04397846951671805,5.1074995,,,0.0,0.0,,0.0,,,,0.0,,-0.0,,572473_YES.csv,572473_YES
1770980820,2026-02-13 11:07:00,1,340.909089,14.999999,0.04399999731293753,14.999999,,,0.0,0.0,,0.0,,,,0.0,,-0.0,,572473_YES.csv,572473_YES
1770981060,2026-02-13 11:11:00,1,31.25,1.34375,0.042999999998624,1.34375,,,0.0,0.0,,0.0,,,,0.0,,-0.0,,572473_YES.csv,572473_YES
1770981240,2026-02-13 11:14:00,1,230.0,10.12,0.04399999999980869,10.12,,,0.0,0.0,,0.0,,,,0.0,,-0.0,,572473_YES.csv,572473_YES
1770982200,2026-02-13 11:30:00,1,5674.79,244.01597,0.04299999999999242,244.01597,,,0.0,0.0,,0.0,,,,0.0,,-0.0,,572473_YES.csv,572473_YES
1770982320,2026-02-13 11:32:00,2,46.511624,1.999998,0.042999960611072106,0.999999,,,0.0,0.0,,0.0,,,,0.0,,-0.0,,572473_YES.csv,572473_YES
1770982380,2026-02-13 11:33:00,1,5.0,0.21,0.04199999999160001,0.21,,,0.0,0.0,,0.0,,,,0.0,,-0.0,,572473_YES.csv,572473_YES
1770982680,2026-02-13 11:38:00,1,1500.0,63.00000000000001,0.041999999999972004,63.00000000000001,,,0.0,0.0,,0.0,,,,0.0,,-0.0,,572473_YES.csv,572473_YES
1770982980,2026-02-13 11:43:00,1,23.255812,0.999999,0.0429999606101476,0.999999,,,0.0,0.0,,0.0,,,,0.0,,-0.0,,572473_YES.csv,572473_YES
1770983160,2026-02-13 11:46:00,1,3138.604651,134.96,0.0430000000022165,134.96,,,0.0,0.0,,0.0,,,,0.0,,-0.0,,572473_YES.csv,572473_YES
1770983340,2026-02-13 11:49:00,3,390.0,16.77,0.042999999999889744,5.59,,,0.0,0.0,,0.0,,,,0.0,,-0.0,,572473_YES.csv,572473_YES
1770983640,2026-02-13 11:54:00,2,2964.325812,124.52493900000002,0.04200784491902471,62.26246950000001,,,0.0,0.0,,0.0,,,,0.0,,-0.0,,572473_YES.csv,572473_YES
1770983700,2026-02-13 11:55:00,1,23.255812,0.999999,0.0429999606101476,0.999999,,,0.0,0.0,,0.0,,,,0.0,,-0.0,,572473_YES.csv,572473_YES
1770983880,2026-02-13 11:58:00,1,4651.162789,199.999999,0.04299999980068575,199.999999,,,0.0,0.0,,0.0,,,,0.0,,-0.0,,572473_YES.csv,572473_YES
1770984180,2026-02-13 12:03:00,1,232.558138,9.999999,0.04299999598361501,9.999999,,,0.0,0.0,,0.0,,,,0.0,,-0.0,,572473_YES.csv,572473_YES
1770984240,2026-02-13 12:04:00,1,2200.0,92.4,0.041999999999980914,92.4,,,0.0,0.0,,0.0,,,,0.0,,-0.0,,572473_YES.csv,572473_YES
1770984300,2026-02-13 12:05:00,1,23069.76744,991.999999,0.04299999996011903,991.999999,,,0.0,0.0,,0.0,,,,0.0,,-0.0,,572473_YES.csv,572473_YES
1770984360,2026-02-13 12:06:00,2,6418.62,276.00066,0.042999999999993294,138.00033,,,0.0,0.0,,0.0,,,,0.0,,-0.0,,572473_YES.csv,572473_YES
1770984600,2026-02-13 12:10:00,2,2323.73,99.92039,0.04299999999998149,49.960195,,,0.0,0.0,,0.0,,,,0.0,,-0.0,,572473_YES.csv,572473_YES
1770984840,2026-02-13 12:14:00,1,2058.72,88.52495999999998,0.04299999999997911,88.52495999999998,,,0.0,0.0,,0.0,,,,0.0,,-0.0,,572473_YES.csv,572473_YES
1770985080,2026-02-13 12:18:00,1,1506.01,63.25242,0.041999999999972115,63.25242,,,0.0,0.0,,0.0,,,,0.0,,-0.0,,572473_YES.csv,572473_YES
1770985380,2026-02-13 12:23:00,2,35303.13,1517.8945899999999,0.04299603434596188,758.9472949999999,,,0.0,0.0,,0.0,,,,0.0,,-0.0,,572473_YES.csv,572473_YES
1770985680,2026-02-13 12:28:00,2,72348.91243899999,2969.86358,0.04104918069782948,1484.93179,,,0.0,0.0,,0.0,,,,0.0,,-0.0,,572473_YES.csv,572473_YES
1770985740,2026-02-13 12:29:00,1,4736.116665,198.289999,0.04186763397644426,198.289999,,,0.0,0.0,,0.0,,,,0.0,,-0.0,,572473_YES.csv,572473_YES
1770986340,2026-02-13 12:39:00,1,487.8,19.512,0.039999999999918,19.512,,,0.0,0.0,,0.0,,,,0.0,,-0.0,,572473_YES.csv,572473_YES
1770986400,2026-02-13 12:40:00,1,412.55,16.502000000000002,0.03999999999990305,16.502000000000002,,,0.0,0.0,,0.0,,,,0.0,,-0.0,,572473_YES.csv,572473_YES
1770986580,2026-02-13 12:43:00,2,1530.0,61.2,0.039999999999973855,30.6,,,0.0,0.0,,0.0,,,,0.0,,-0.0,,572473_YES.csv,572473_YES
1770986640,2026-02-13 12:44:00,1,6503.64,260.1456,0.039999999999993846,260.1456,,,0.0,0.0,,0.0,,,,0.0,,-0.0,,572473_YES.csv,572473_YES
1770986700,2026-02-13 12:45:00,2,1094.76,44.88516,0.040999999999962546,22.44258,,,0.0,0.0,,0.0,,,,0.0,,-0.0,,572473_YES.csv,572473_YES
1770986880,2026-02-13 12:48:00,1,1196.54357,49.999999,0.04178702744602788,49.999999,,,0.0,0.0,,0.0,,,,0.0,,-0.0,,572473_YES.csv,572473_YES
1770986940,2026-02-13 12:49:00,1,7166.120713,299.83999900000003,0.04184132685010746,299.83999900000003,,,0.0,0.0,,0.0,,,,0.0,,-0.0,,572473_YES.csv,572473_YES
1770987120,2026-02-13 12:52:00,1,254.42775,10.0,0.03930388882486552,10.0,,,0.0,0.0,,0.0,,,,0.0,,-0.0,,572473_YES.csv,572473_YES
1770987180,2026-02-13 12:53:00,1,3004.2885,120.08,0.0399695302231992,120.08,,,0.0,0.0,,0.0,,,,0.0,,-0.0,,572473_YES.csv,572473_YES
1770987300,2026-02-13 12:55:00,1,6085.0,231.23,0.037999999999993754,231.23,,,0.0,0.0,,0.0,,,,0.0,,-0.0,,572473_YES.csv,572473_YES
1770987360,2026-02-13 12:56:00,1,179.487178,6.999999,0.038999994751496916,6.999999,,,0.0,0.0,,0.0,,,,0.0,,-0.0,,572473_YES.csv,572473_YES
1770987660,2026-02-13 13:01:00,2,10402.29,395.28702,0.03799999999999635,197.64351,,,0.0,0.0,,0.0,,,,0.0,,-0.0,,572473_YES.csv,572473_YES
1770987720,2026-02-13 13:02:00,2,2005.0,78.19,0.03899750623439451,39.095,,,0.0,0.0,,0.0,,,,0.0,,-0.0,,572473_YES.csv,572473_YES
1770987780,2026-02-13 13:03:00,1,3000.0,114.0,0.037999999999987336,114.0,,,0.0,0.0,,0.0,,,,0.0,,-0.0,,572473_YES.csv,572473_YES
1770987840,2026-02-13 13:04:00,2,2059.98,78.27924,0.037999999999981555,39.13962,,,0.0,0.0,,0.0,,,,0.0,,-0.0,,572473_YES.csv,572473_YES
1770987960,2026-02-13 13:06:00,2,1960.0,74.47999999999999,0.037999999999980605,37.239999999999995,,,0.0,0.0,,0.0,,,,0.0,,-0.0,,572473_YES.csv,572473_YES
1770988080,2026-02-13 13:08:00,3,2486.4300000000003,94.9685,0.038194720945275665,31.656166666666667,,,0.0,0.0,,0.0,,,,0.0,,-0.0,,572473_YES.csv,572473_YES
1770988380,2026-02-13 13:13:00,2,2060.0,76.22,0.03699999999998204,38.11,,,0.0,0.0,,0.0,,,,0.0,,-0.0,,572473_YES.csv,572473_YES
1770988440,2026-02-13 13:14:00,4,3639.58,134.66446,0.03699999999998983,33.666115,,,0.0,0.0,,0.0,,,,0.0,,-0.0,,572473_YES.csv,572473_YES
1770988500,2026-02-13 13:15:00,2,657.07,24.31159,0.03699999999994369,12.155795,,,0.0,0.0,,0.0,,,,0.0,,-0.0,,572473_YES.csv,572473_YES
1770988560,2026-02-13 13:16:00,2,56.33,2.08121,0.036946742410137644,1.040605,,,0.0,0.0,,0.0,,,,0.0,,-0.0,,572473_YES.csv,572473_YES
1770988620,2026-02-13 13:17:00,2,2497.48,92.31343,0.03696263033135922,46.156715,,,0.0,0.0,,0.0,,,,0.0,,-0.0,,572473_YES.csv,572473_YES
1770988680,2026-02-13 13:18:00,1,3113.02,112.06871999999998,0.03599999999998843,112.06871999999998,,,0.0,0.0,,0.0,,,,0.0,,-0.0,,572473_YES.csv,572473_YES
1770988740,2026-02-13 13:19:00,2,2159.39,79.28951,0.03671847605109002,39.644755,,,0.0,0.0,,0.0,,,,0.0,,-0.0,,572473_YES.csv,572473_YES
1770988860,2026-02-13 13:21:00,3,11450.981890000001,412.57723899999996,0.03602985691211882,137.52574633333333,,,0.0,0.0,,0.0,,,,0.0,,-0.0,,572473_YES.csv,572473_YES
1770989220,2026-02-13 13:27:00,1,2786.135554,99.999999,0.03589200778705682,99.999999,,,0.0,0.0,,0.0,,,,0.0,,-0.0,,572473_YES.csv,572473_YES
1770989280,2026-02-13 13:28:00,1,294.66,10.313100000000002,0.03499999999988122,10.313100000000002,,,0.0,0.0,,0.0,,,,0.0,,-0.0,,572473_YES.csv,572473_YES
1770989400,2026-02-13 13:30:00,1,2500.03,85.00102000000001,0.0339999999999864,85.00102000000001,,,0.0,0.0,,0.0,,,,0.0,,-0.0,,572473_YES.csv,572473_YES
1770989580,2026-02-13 13:33:00,3,3679.73,125.11082000000002,0.03399999999999077,41.70360666666667,,,0.0,0.0,,0.0,,,,0.0,,-0.0,,572473_YES.csv,572473_YES
1770989640,2026-02-13 13:34:00,1,11843.17,402.6677800000001,0.03399999999999713,402.6677800000001,,,0.0,0.0,,0.0,,,,0.0,,-0.0,,572473_YES.csv,572473_YES
1770989700,2026-02-13 13:35:00,1,160843.95,5322.232660000001,0.0330894177866184,5322.232660000001,,,0.0,0.0,,0.0,,,,0.0,,-0.0,,572473_YES.csv,572473_YES
1770989760,2026-02-13 13:36:00,2,1721.287141,59.798618999999995,0.03474064121877103,29.899309499999998,,,0.0,0.0,,0.0,,,,0.0,,-0.0,,572473_YES.csv,572473_YES
1770989880,2026-02-13 13:38:00,1,38.823528,1.319999,0.03399997547791115,1.319999,,,0.0,0.0,,0.0,,,,0.0,,-0.0,,572473_YES.csv,572473_YES
1770990060,2026-02-13 13:41:00,2,151035.16,4783.80184,0.03167343180223704,2391.90092,,,0.0,0.0,,0.0,,,,0.0,,-0.0,,572473_YES.csv,572473_YES
1770990120,2026-02-13 13:42:00,5,23800.0,711.2,0.029882352941175215,142.24,,,0.0,0.0,,0.0,,,,0.0,,-0.0,,572473_YES.csv,572473_YES
1770990240,2026-02-13 13:44:00,3,9809.289999999999,294.2787,0.02999999999999694,98.0929,,,0.0,0.0,,0.0,,,,0.0,,-0.0,,572473_YES.csv,572473_YES
1770990300,2026-02-13 13:45:00,1,32.258063,0.999999,0.030999970456037605,0.999999,,,0.0,0.0,,0.0,,,,0.0,,-0.0,,572473_YES.csv,572473_YES
1770990420,2026-02-13 13:47:00,1,161.290321,4.999999000000001,0.0309999941036077,4.999999000000001,,,0.0,0.0,,0.0,,,,0.0,,-0.0,,572473_YES.csv,572473_YES
1770990480,2026-02-13 13:48:00,1,446.43,13.3929,0.0299999999999328,13.3929,,,0.0,0.0,,0.0,,,,0.0,,-0.0,,572473_YES.csv,572473_YES
1770990540,2026-02-13 13:49:00,2,795.93,23.8779,0.029999999999962307,11.93895,,,0.0,0.0,,0.0,,,,0.0,,-0.0,,572473_YES.csv,572473_YES
1770990600,2026-02-13 13:50:00,1,4415.0,132.45,0.0299999999999932,132.45,,,0.0,0.0,,0.0,,,,0.0,,-0.0,,572473_YES.csv,572473_YES
1770991260,2026-02-13 14:01:00,1,100.0,3.0,0.0299999999997,3.0,,,0.0,0.0,,0.0,,,,0.0,,-0.0,,572473_YES.csv,572473_YES
1770991320,2026-02-13 14:02:00,1,13934.05,431.95555,0.030999999999997772,431.95555,,,0.0,0.0,,0.0,,,,0.0,,-0.0,,572473_YES.csv,572473_YES
1770991380,2026-02-13 14:03:00,1,6127.44,189.95064,0.030999999999994938,189.95064,,,0.0,0.0,,0.0,,,,0.0,,-0.0,,572473_YES.csv,572473_YES
1770991440,2026-02-13 14:04:00,2,4169.911515,137.2,0.032902376826566083,68.6,,,0.0,0.0,,0.0,,,,0.0,,-0.0,,572473_YES.csv,572473_YES
1770991500,2026-02-13 14:05:00,1,3410.909089,112.559999,0.03299999972528342,112.559999,,,0.0,0.0,,0.0,,,,0.0,,-0.0,,572473_YES.csv,572473_YES
1770991620,2026-02-13 14:07:00,1,1516.413938,49.999999,0.03297252666109885,49.999999,,,0.0,0.0,,0.0,,,,0.0,,-0.0,,572473_YES.csv,572473_YES
1770991680,2026-02-13 14:08:00,2,335.7425,10.74376,0.03199999999990469,5.37188,,,0.0,0.0,,0.0,,,,0.0,,-0.0,,572473_YES.csv,572473_YES
1770991740,2026-02-13 14:09:00,1,62.5,2.0,0.031999999999488,2.0,,,0.0,0.0,,0.0,,,,0.0,,-0.0,,572473_YES.csv,572473_YES
1770991800,2026-02-13 14:10:00,1,100.0,3.3000000000000003,0.03299999999967,3.3000000000000003,,,0.0,0.0,,0.0,,,,0.0,,-0.0,,572473_YES.csv,572473_YES
1770991860,2026-02-13 14:11:00,3,3204.367877,103.418559,0.032274246581447584,34.472853,,,0.0,0.0,,0.0,,,,0.0,,-0.0,,572473_YES.csv,572473_YES
1770991920,2026-02-13 14:12:00,1,2423.939392,79.989999,0.03299999961383809,79.989999,,,0.0,0.0,,0.0,,,,0.0,,-0.0,,572473_YES.csv,572473_YES
1770991980,2026-02-13 14:13:00,1,381.26,12.20032,0.03199999999991607,12.20032,,,0.0,0.0,,0.0,,,,0.0,,-0.0,,572473_YES.csv,572473_YES
1770992040,2026-02-13 14:14:00,4,9313.735174000001,311.152238,0.0334078897657055,77.7880595,,,0.0,0.0,,0.0,,,,0.0,,-0.0,,572473_YES.csv,572473_YES
1770992100,2026-02-13 14:15:00,1,18.3,0.6039000000000001,0.03299999999819673,0.6039000000000001,,,0.0,0.0,,0.0,,,,0.0,,-0.0,,572473_YES.csv,572473_YES
1770992160,2026-02-13 14:16:00,2,12189.705881,414.4499990000001,0.033999999921734456,207.22499950000005,,,0.0,0.0,,0.0,,,,0.0,,-0.0,,572473_YES.csv,572473_YES
1770992700,2026-02-13 14:25:00,1,1025.0,34.85,0.03399999999996683,34.85,,,0.0,0.0,,0.0,,,,0.0,,-0.0,,572473_YES.csv,572473_YES
1770993420,2026-02-13 14:37:00,1,5500.0,187.0,0.03399999999999381,187.0,,,0.0,0.0,,0.0,,,,0.0,,-0.0,,572473_YES.csv,572473_YES
1770993720,2026-02-13 14:42:00,1,2120.0,72.08,0.03399999999998396,72.08,,,0.0,0.0,,0.0,,,,0.0,,-0.0,,572473_YES.csv,572473_YES
1770993780,2026-02-13 14:43:00,1,2107.142856,73.74999999999999,0.03500000001896639,73.74999999999999,,,0.0,0.0,,0.0,,,,0.0,,-0.0,,572473_YES.csv,572473_YES
1770994080,2026-02-13 14:48:00,1,112517.854053,4000.0,0.03554991368850508,4000.0,,,0.0,0.0,,0.0,,,,0.0,,-0.0,,572473_YES.csv,572473_YES
1770994140,2026-02-13 14:49:00,1,3196.54,109.15645,0.03414831348894922,109.15645,,,0.0,0.0,,0.0,,,,0.0,,-0.0,,572473_YES.csv,572473_YES
1770994620,2026-02-13 14:57:00,1,2358.39,77.82687,0.032999999999986006,77.82687,,,0.0,0.0,,0.0,,,,0.0,,-0.0,,572473_YES.csv,572473_YES
1770994680,2026-02-13 14:58:00,1,763.54,25.96036,0.033999999999955476,25.96036,,,0.0,0.0,,0.0,,,,0.0,,-0.0,,572473_YES.csv,572473_YES
1770994980,2026-02-13 15:03:00,1,29.411763,0.999999,0.0339999679708421,0.999999,,,0.0,0.0,,0.0,,,,0.0,,-0.0,,572473_YES.csv,572473_YES
1770995160,2026-02-13 15:06:00,1,29.411763,0.999999,0.0339999679708421,0.999999,,,0.0,0.0,,0.0,,,,0.0,,-0.0,,572473_YES.csv,572473_YES
1770995280,2026-02-13 15:08:00,1,27.02,0.89166,0.03299999999877868,0.89166,,,0.0,0.0,,0.0,,,,0.0,,-0.0,,572473_YES.csv,572473_YES
1770995760,2026-02-13 15:16:00,2,3271.176469,111.219999,0.03399999971079699,55.6099995,,,0.0,0.0,,0.0,,,,0.0,,-0.0,,572473_YES.csv,572473_YES
1770995820,2026-02-13 15:17:00,2,586.176469,19.924999,0.0339914685315797,9.9624995,,,0.0,0.0,,0.0,,,,0.0,,-0.0,,572473_YES.csv,572473_YES
1770995940,2026-02-13 15:19:00,2,10005.0,330.165,0.032999999999996706,165.0825,,,0.0,0.0,,0.0,,,,0.0,,-0.0,,572473_YES.csv,572473_YES
1770996000,2026-02-13 15:20:00,2,32497.586469,1098.8065290000002,0.03381194262066612,549.4032645000001,,,0.0,0.0,,0.0,,,,0.0,,-0.0,,572473_YES.csv,572473_YES
1770996300,2026-02-13 15:25:00,2,2465.3694100000002,82.790719,0.03358146599213557,41.3953595,,,0.0,0.0,,0.0,,,,0.0,,-0.0,,572473_YES.csv,572473_YES
1770996360,2026-02-13 15:26:00,1,45.45,1.49985,0.03299999999927393,1.49985,,,0.0,0.0,,0.0,,,,0.0,,-0.0,,572473_YES.csv,572473_YES
1770996660,2026-02-13 15:31:00,2,563.781175,19.012718999999997,0.033723579010892395,9.506359499999999,,,0.0,0.0,,0.0,,,,0.0,,-0.0,,572473_YES.csv,572473_YES
1770996720,2026-02-13 15:32:00,1,200.0,6.800000000000001,0.033999999999830006,6.800000000000001,,,0.0,0.0,,0.0,,,,0.0,,-0.0,,572473_YES.csv,572473_YES
1770996960,2026-02-13 15:36:00,1,13099.634,455.81,0.03479562864122494,455.81,,,0.0,0.0,,0.0,,,,0.0,,-0.0,,572473_YES.csv,572473_YES
1770997020,2026-02-13 15:37:00,1,483.87,16.44183,0.03397984995962968,16.44183,,,0.0,0.0,,0.0,,,,0.0,,-0.0,,572473_YES.csv,572473_YES
1770997080,2026-02-13 15:38:00,1,5.0,0.17,0.033999999993200004,0.17,,,0.0,0.0,,0.0,,,,0.0,,-0.0,,572473_YES.csv,572473_YES
1770997200,2026-02-13 15:40:00,1,20000.0,700.0000000000001,0.034999999999998255,700.0000000000001,,,0.0,0.0,,0.0,,,,0.0,,-0.0,,572473_YES.csv,572473_YES
1770997260,2026-02-13 15:41:00,1,260.0,8.84,0.03399999999986923,8.84,,,0.0,0.0,,0.0,,,,0.0,,-0.0,,572473_YES.csv,572473_YES
1770997500,2026-02-13 15:45:00,2,2265.67,74.76710999999999,0.03299999999998543,37.383554999999994,,,0.0,0.0,,0.0,,,,0.0,,-0.0,,572473_YES.csv,572473_YES
1770998100,2026-02-13 15:55:00,1,150.0,5.1000000000000005,0.03399999999977334,5.1000000000000005,,,0.0,0.0,,0.0,,,,0.0,,-0.0,,572473_YES.csv,572473_YES
1770998160,2026-02-13 15:56:00,1,367.647057,12.499999000000004,0.03399999744854742,12.499999000000004,,,0.0,0.0,,0.0,,,,0.0,,-0.0,,572473_YES.csv,572473_YES
1770998640,2026-02-13 16:04:00,3,1212.93,42.13248,0.03473611832501897,14.04416,,,0.0,0.0,,0.0,,,,0.0,,-0.0,,572473_YES.csv,572473_YES
1770998760,2026-02-13 16:06:00,1,714.285713,24.999999000000003,0.034999998662951004,24.999999000000003,,,0.0,0.0,,0.0,,,,0.0,,-0.0,,572473_YES.csv,572473_YES
1770998820,2026-02-13 16:07:00,1,5.0,0.17,0.033999999993200004,0.17,,,0.0,0.0,,0.0,,,,0.0,,-0.0,,572473_YES.csv,572473_YES
1770999060,2026-02-13 16:11:00,1,257.142856,9.0,0.03500000015541939,9.0,,,0.0,0.0,,0.0,,,,0.0,,-0.0,,572473_YES.csv,572473_YES
1771000680,2026-02-13 16:38:00,1,3646.764704,123.989999,0.03399999974332477,123.989999,,,0.0,0.0,,0.0,,,,0.0,,-0.0,,572473_YES.csv,572473_YES
1771000740,2026-02-13 16:39:00,1,2984.88,101.48592,0.03399999999998861,101.48592,,,0.0,0.0,,0.0,,,,0.0,,-0.0,,572473_YES.csv,572473_YES
1771000800,2026-02-13 16:40:00,1,2641.59657,92.429999,0.034990202534963454,92.429999,,,0.0,0.0,,0.0,,,,0.0,,-0.0,,572473_YES.csv,572473_YES
1771001580,2026-02-13 16:53:00,1,7142.857141,249.999999,0.0349999998690951,249.999999,,,0.0,0.0,,0.0,,,,0.0,,-0.0,,572473_YES.csv,572473_YES
1771001880,2026-02-13 16:58:00,1,142.857141,4.999999,0.0349999934547549,4.999999,,,0.0,0.0,,0.0,,,,0.0,,-0.0,,572473_YES.csv,572473_YES
1771002240,2026-02-13 17:04:00,1,147.058822,4.999999,0.033999993553368704,4.999999,,,0.0,0.0,,0.0,,,,0.0,,-0.0,,572473_YES.csv,572473_YES
1771002300,2026-02-13 17:05:00,2,699.3199999999999,23.77688,0.03399999999995138,11.88844,,,0.0,0.0,,0.0,,,,0.0,,-0.0,,572473_YES.csv,572473_YES
1771002360,2026-02-13 17:06:00,1,11816.43,354.4929,0.029999999999997463,354.4929,,,0.0,0.0,,0.0,,,,0.0,,-0.0,,572473_YES.csv,572473_YES
1771002420,2026-02-13 17:07:00,4,781.39,23.4417,0.02999999999996161,5.860425,,,0.0,0.0,,0.0,,,,0.0,,-0.0,,572473_YES.csv,572473_YES
1771002480,2026-02-13 17:08:00,2,9000.0,261.0,0.028999999999996775,130.5,,,0.0,0.0,,0.0,,,,0.0,,-0.0,,572473_YES.csv,572473_YES
1771002720,2026-02-13 17:12:00,1,150.0,3.6,0.023999999999840003,3.6,,,0.0,0.0,,0.0,,,,0.0,,-0.0,,572473_YES.csv,572473_YES
1771002780,2026-02-13 17:13:00,2,9454.04,199.62186,0.021114979416204948,99.81093,,,0.0,0.0,,0.0,,,,0.0,,-0.0,,572473_YES.csv,572473_YES
1771002900,2026-02-13 17:15:00,1,1003.11,20.0622,0.01999999999998006,20.0622,,,0.0,0.0,,0.0,,,,0.0,,-0.0,,572473_YES.csv,572473_YES
1771002960,2026-02-13 17:16:00,1,863.46,14.678820000000002,0.016999999999980312,14.678820000000002,,,0.0,0.0,,0.0,,,,0.0,,-0.0,,572473_YES.csv,572473_YES
1771003080,2026-02-13 17:18:00,1,1830.65,29.2904,0.01599999999999126,29.2904,,,0.0,0.0,,0.0,,,,0.0,,-0.0,,572473_YES.csv,572473_YES
1771003140,2026-02-13 17:19:00,1,494.100951,10.0,0.02023877909917184,10.0,,,0.0,0.0,,0.0,,,,0.0,,-0.0,,572473_YES.csv,572473_YES
1771003200,2026-02-13 17:20:00,1,1082.380951,22.73,0.0210000000267733,22.73,,,0.0,0.0,,0.0,,,,0.0,,-0.0,,572473_YES.csv,572473_YES
1771003260,2026-02-13 17:21:00,1,81.42,1.6284,0.01999999999975436,1.6284,,,0.0,0.0,,0.0,,,,0.0,,-0.0,,572473_YES.csv,572473_YES
1771003320,2026-02-13 17:22:00,12,266787.52923600003,5855.488955999999,0.021948135929622907,487.9574129999999,,,0.0,0.0,,0.0,,,,0.0,,-0.0,,572473_YES.csv,572473_YES
1771003380,2026-02-13 17:23:00,12,15133.41,372.70374000000004,0.02462787567375595,31.058645000000002,,,0.0,0.0,,0.0,,,,0.0,,-0.0,,572473_YES.csv,572473_YES
1771003440,2026-02-13 17:24:00,9,12907.450799999999,313.61467,0.02429718112890079,34.84607444444444,,,0.0,0.0,,0.0,,,,0.0,,-0.0,,572473_YES.csv,572473_YES
1771003500,2026-02-13 17:25:00,7,3900.36,97.29196,0.024944353854509597,13.89885142857143,,,0.0,0.0,,0.0,,,,0.0,,-0.0,,572473_YES.csv,572473_YES
1771003560,2026-02-13 17:26:00,1,25.64,0.641,0.024999999999024962,0.641,,,0.0,0.0,,0.0,,,,0.0,,-0.0,,572473_YES.csv,572473_YES
1771003620,2026-02-13 17:27:00,2,1863.76,47.384,0.02542387431856815,23.692,,,0.0,0.0,,0.0,,,,0.0,,-0.0,,572473_YES.csv,572473_YES
1771003860,2026-02-13 17:31:00,2,244.39000000000001,6.305960000000001,0.025802856090569162,3.1529800000000003,,,0.0,0.0,,0.0,,,,0.0,,-0.0,,572473_YES.csv,572473_YES
1771004040,2026-02-13 17:34:00,1,2132.89,53.32225,0.024999999999988278,53.32225,,,0.0,0.0,,0.0,,,,0.0,,-0.0,,572473_YES.csv,572473_YES
1771004100,2026-02-13 17:35:00,22,1500.25,39.50625,0.026333111148124425,1.7957386363636365,,,0.0,0.0,,0.0,,,,0.0,,-0.0,,572473_YES.csv,572473_YES
1771004160,2026-02-13 17:36:00,8,499.793702,13.311999,0.026634987489244807,1.663999875,,,0.0,0.0,,0.0,,,,0.0,,-0.0,,572473_YES.csv,572473_YES
1771004220,2026-02-13 17:37:00,1,5.0,0.125,0.024999999995,0.125,,,0.0,0.0,,0.0,,,,0.0,,-0.0,,572473_YES.csv,572473_YES
1771004280,2026-02-13 17:38:00,4,44052.86,1102.8215,0.025034050002655333,275.705375,,,0.0,0.0,,0.0,,,,0.0,,-0.0,,572473_YES.csv,572473_YES
1771005420,2026-02-13 17:57:00,1,5.0,0.125,0.024999999995,0.125,,,0.0,0.0,,0.0,,,,0.0,,-0.0,,572473_YES.csv,572473_YES
1771005780,2026-02-13 18:03:00,1,100.0,2.6,0.02599999999974,2.6,,,0.0,0.0,,0.0,,,,0.0,,-0.0,,572473_YES.csv,572473_YES
1771006200,2026-02-13 18:10:00,2,769.230766,19.999998,0.025999997509166102,9.999999,,,0.0,0.0,,0.0,,,,0.0,,-0.0,,572473_YES.csv,572473_YES
1771006320,2026-02-13 18:12:00,1,153.846152,3.999999,0.025999993811830904,3.999999,,,0.0,0.0,,0.0,,,,0.0,,-0.0,,572473_YES.csv,572473_YES
1771006440,2026-02-13 18:14:00,1,38.461537,0.999999,0.025999974987323003,0.999999,,,0.0,0.0,,0.0,,,,0.0,,-0.0,,572473_YES.csv,572473_YES
1771006860,2026-02-13 18:21:00,2,2078.1099999999997,50.67464,0.024384965184699375,25.33732,,,0.0,0.0,,0.0,,,,0.0,,-0.0,,572473_YES.csv,572473_YES
1771006920,2026-02-13 18:22:00,1,117.0,2.9250000000000003,0.024999999999786325,2.9250000000000003,,,0.0,0.0,,0.0,,,,0.0,,-0.0,,572473_YES.csv,572473_YES
1771006980,2026-02-13 18:23:00,2,4957.18,123.92949999999999,0.024999999999994953,61.964749999999995,,,0.0,0.0,,0.0,,,,0.0,,-0.0,,572473_YES.csv,572473_YES
1771007100,2026-02-13 18:25:00,2,1283.11,30.79464,0.023999999999981297,15.39732,,,0.0,0.0,,0.0,,,,0.0,,-0.0,,572473_YES.csv,572473_YES
1771007520,2026-02-13 18:32:00,1,11557.585,300.21,0.02597514965280145,300.21,,,0.0,0.0,,0.0,,,,0.0,,-0.0,,572473_YES.csv,572473_YES
1771008000,2026-02-13 18:40:00,1,769.23,18.46152,0.0239999999999688,18.46152,,,0.0,0.0,,0.0,,,,0.0,,-0.0,,572473_YES.csv,572473_YES
1771008240,2026-02-13 18:44:00,1,520.0,13.0,0.024999999999951925,13.0,,,0.0,0.0,,0.0,,,,0.0,,-0.0,,572473_YES.csv,572473_YES
1771008600,2026-02-13 18:50:00,7,55760.665924,1482.0265590000001,0.026578351144872038,211.71807985714287,,,0.0,0.0,,0.0,,,,0.0,,-0.0,,572473_YES.csv,572473_YES
1771008660,2026-02-13 18:51:00,2,3807.97,91.59128,0.024052521422168755,45.79564,,,0.0,0.0,,0.0,,,,0.0,,-0.0,,572473_YES.csv,572473_YES
1771008720,2026-02-13 18:52:00,1,120.0,3.0,0.024999999999791665,3.0,,,0.0,0.0,,0.0,,,,0.0,,-0.0,,572473_YES.csv,572473_YES
1771008960,2026-02-13 18:56:00,1,174.4,4.36,0.024999999999856654,4.36,,,0.0,0.0,,0.0,,,,0.0,,-0.0,,572473_YES.csv,572473_YES
1771009200,2026-02-13 19:00:00,1,1354.8,33.87,0.024999999999981547,33.87,,0.0245,0.0,0.0,0.001,0.04081632653061224,199896.96,285662.67,485559.63,0.0,-0.17663270317592092,-0.0,0.17663270317592092,572473_YES.csv,572473_YES
1771009440,2026-02-13 19:04:00,1,189.65,4.74125,0.02499999999986818,4.74125,,0.0245,0.0,0.0,0.001,0.04081632653061224,199896.96,285662.67,485559.63,0.0,-0.17663270317592092,-0.0,0.17663270317592092,572473_YES.csv,572473_YES
1771009800,2026-02-13 19:10:00,1,526.31,12.63144,0.0239999999999544,12.63144,,0.0245,0.0,0.0,0.001,0.04081632653061224,199896.96,285662.67,485559.63,0.0,-0.17663270317592092,-0.0,0.17663270317592092,572473_YES.csv,572473_YES
1771010400,2026-02-13 19:20:00,2,3373.0,84.325,0.02499999999999259,42.1625,,0.0245,0.0,0.0,0.001,0.04081632653061224,199896.96,285662.67,485559.63,0.0,-0.17663270317592092,-0.0,0.17663270317592092,572473_YES.csv,572473_YES
1771010640,2026-02-13 19:24:00,1,661.6,16.540000000000003,0.024999999999962216,16.540000000000003,,0.0245,0.0,0.0,0.001,0.04081632653061224,203738.19,286670.31,490408.5,4848.869999999995,-0.16910824343379038,0.0,0.16910824343379038,572473_YES.csv,572473_YES
1771010760,2026-02-13 19:26:00,2,6160.0,154.0,0.02499999999999594,77.0,,0.0245,0.0,0.0,0.001,0.04081632653061224,203738.19,286670.31,490408.5,0.0,-0.16910824343379038,-0.0,0.16910824343379038,572473_YES.csv,572473_YES
1771010880,2026-02-13 19:28:00,1,107.67,2.6917500000000003,0.024999999999767812,2.6917500000000003,,0.0245,0.0,0.0,0.001,0.04081632653061224,203738.19,286670.31,490408.5,0.0,-0.16910824343379038,-0.0,0.16910824343379038,572473_YES.csv,572473_YES
1771011240,2026-02-13 19:34:00,3,16458.798075,412.473769,0.025060989698056976,137.49125633333333,,0.0245,0.0,0.0,0.001,0.04081632653061224,203738.19,286670.31,490408.5,0.0,-0.16910824343379038,-0.0,0.16910824343379038,572473_YES.csv,572473_YES
1771011420,2026-02-13 19:37:00,1,301.59,7.53975,0.02499999999991711,7.53975,,0.0245,0.0,0.0,0.001,0.04081632653061224,203738.19,286670.31,490408.5,0.0,-0.16910824343379038,-0.0,0.16910824343379038,572473_YES.csv,572473_YES
1771011540,2026-02-13 19:39:00,1,40.0,1.0,0.024999999999375,1.0,,0.0245,0.0,0.0,0.001,0.04081632653061224,214235.18,267042.98,481278.16,-9130.340000000026,-0.10972407308073151,9130.340000000026,0.10972407308073151,572473_YES.csv,572473_YES
1771011840,2026-02-13 19:44:00,1,382.52,9.18048,0.02399999999993726,9.18048,,0.0245,0.0,0.0,0.001,0.04081632653061224,214235.18,267042.98,481278.16,0.0,-0.10972407308073151,-0.0,0.10972407308073151,572473_YES.csv,572473_YES
1771011960,2026-02-13 19:46:00,1,100.0,2.5,0.02499999999975,2.5,,0.0245,0.0,0.0,0.001,0.04081632653061224,214235.18,267042.98,481278.16,0.0,-0.10972407308073151,-0.0,0.10972407308073151,572473_YES.csv,572473_YES
1771012320,2026-02-13 19:52:00,1,5.0,0.12,0.0239999999952,0.12,,0.0245,0.0,0.0,0.001,0.04081632653061224,214235.18,267042.98,481278.16,0.0,-0.10972407308073151,-0.0,0.10972407308073151,572473_YES.csv,572473_YES
1771012440,2026-02-13 19:54:00,1,5.0,0.12,0.0239999999952,0.12,,0.0245,0.0,0.0,0.001,0.04081632653061224,103806.21,267887.38,371693.59,-109584.56999999995,-0.44144202217746065,109584.56999999995,0.44144202217746065,572473_YES.csv,572473_YES
1771012980,2026-02-13 20:03:00,9,5067.12,126.88075,0.02504001286726483,14.097861111111111,,0.026,0.06122448979591821,0.06122448979591821,0.002,0.07692307692307693,141488.06,422273.43,563761.49,192067.89999999997,-0.498057024079456,0.0,0.498057024079456,572473_YES.csv,572473_YES
1771013160,2026-02-13 20:06:00,10,2804.3696259999997,75.43849800000001,0.026900340561587927,7.543849800000001,,0.026,0.0,0.0,0.002,0.07692307692307693,141686.89,422164.3,563851.19,89.69999999995343,-0.4974316184381911,0.0,0.4974316184381911,572473_YES.csv,572473_YES
1771013220,2026-02-13 20:07:00,1,218.77,5.469250000000001,0.024999999999885728,5.469250000000001,,0.026,0.0,0.0,0.002,0.07692307692307693,141686.89,422164.3,563851.19,0.0,-0.4974316184381911,-0.0,0.4974316184381911,572473_YES.csv,572473_YES
1771013280,2026-02-13 20:08:00,7,1261.751111,31.766,0.025176122075928824,4.537999999999999,,0.026,0.0,0.0,0.002,0.07692307692307693,141686.89,422164.3,563851.19,0.0,-0.4974316184381911,-0.0,0.4974316184381911,572473_YES.csv,572473_YES
1771013460,2026-02-13 20:11:00,1,0.01,0.00025,0.024999997500000253,0.00025,,0.026,0.0,0.0,0.002,0.07692307692307693,141686.89,422164.3,563851.19,0.0,-0.4974316184381911,-0.0,0.4974316184381911,572473_YES.csv,572473_YES
1771013520,2026-02-13 20:12:00,1,5.0,0.125,0.024999999995,0.125,,0.026,0.0,0.0,0.002,0.07692307692307693,140185.69,420038.2,560223.89,-3627.29999999993,-0.49953690835997727,3627.29999999993,0.49953690835997727,572473_YES.csv,572473_YES
1771013580,2026-02-13 20:13:00,4,0.21000000000000002,0.00525,0.024999999880952386,0.0013125,,0.026,0.0,0.0,0.002,0.07692307692307693,140185.69,420038.2,560223.89,0.0,-0.49953690835997727,-0.0,0.49953690835997727,572473_YES.csv,572473_YES
1771013760,2026-02-13 20:16:00,5,50.27,1.30675,0.02599462900286464,0.26135,,0.026,0.0,0.0,0.002,0.07692307692307693,140185.69,420038.2,560223.89,0.0,-0.49953690835997727,-0.0,0.49953690835997727,572473_YES.csv,572473_YES
1771013880,2026-02-13 20:18:00,9,372.800369,10.060749000000001,0.026986960948992462,1.1178610000000002,,0.026,0.0,0.0,0.002,0.07692307692307693,148990.31,428582.36,577572.6699999999,17348.77999999991,-0.4840811633278978,0.0,0.4840811633278978,572473_YES.csv,572473_YES
1771013940,2026-02-13 20:19:00,7,143.753333,3.880500000000001,0.026994156719642854,0.554357142857143,,0.026,0.0,0.0,0.002,0.07692307692307693,148990.31,428582.36,577572.6699999999,0.0,-0.4840811633278978,-0.0,0.4840811633278978,572473_YES.csv,572473_YES
1771014000,2026-02-13 20:20:00,4,0.28,0.007,0.024999999910714284,0.00175,,0.026,0.0,0.0,0.002,0.07692307692307693,148990.31,428582.36,577572.6699999999,0.0,-0.4840811633278978,-0.0,0.4840811633278978,572473_YES.csv,572473_YES
1771014060,2026-02-13 20:21:00,4,0.31000000000000005,0.00775,0.024999999919354834,0.0019375,,0.026,0.0,0.0,0.002,0.07692307692307693,148527.0,428244.76,576771.76,-800.9099999999162,-0.48497131690358763,800.9099999999162,0.48497131690358763,572473_YES.csv,572473_YES
1771014120,2026-02-13 20:22:00,4,0.25,0.00625,0.0249999999,0.0015625,,0.026,0.0,0.0,0.002,0.07692307692307693,148527.0,428244.76,576771.76,0.0,-0.48497131690358763,-0.0,0.48497131690358763,572473_YES.csv,572473_YES
1771014300,2026-02-13 20:25:00,12,7877.217404,211.745248,0.0268807165195733,17.645437333333334,,0.026,0.0,0.0,0.002,0.07692307692307693,148527.0,428244.76,576771.76,0.0,-0.48497131690358763,-0.0,0.48497131690358763,572473_YES.csv,572473_YES
1771014360,2026-02-13 20:26:00,10,482.391111,12.282,0.02546066815890092,1.2282,,0.026,0.0,0.0,0.002,0.07692307692307693,148527.0,428244.76,576771.76,0.0,-0.48497131690358763,-0.0,0.48497131690358763,572473_YES.csv,572473_YES
1771014420,2026-02-13 20:27:00,6,770.0407389999999,20.732498999999997,0.026923898892540286,3.4554164999999997,,0.026,0.0,0.0,0.002,0.07692307692307693,148913.31,421550.94,570464.25,-6307.510000000009,-0.4779223763802903,6307.510000000009,0.4779223763802903,572473_YES.csv,572473_YES
1771014480,2026-02-13 20:28:00,5,50.269999999999996,1.3567500000000001,0.026989258006226598,0.27135000000000004,,0.026,0.0,0.0,0.002,0.07692307692307693,148913.31,421550.94,570464.25,0.0,-0.4779223763802903,-0.0,0.4779223763802903,572473_YES.csv,572473_YES
1771014540,2026-02-13 20:29:00,1,138.46,3.59996,0.02599999999981222,3.59996,,0.026,0.0,0.0,0.002,0.07692307692307693,148913.31,421550.94,570464.25,0.0,-0.4779223763802903,-0.0,0.4779223763802903,572473_YES.csv,572473_YES
1771014600,2026-02-13 20:30:00,1,40.0,1.0,0.024999999999375,1.0,,0.026,0.0,0.0,0.002,0.07692307692307693,152502.7,434181.8,586684.5,16220.25,-0.4801202349814934,0.0,0.4801202349814934,572473_YES.csv,572473_YES
1771014840,2026-02-13 20:34:00,4,1306.8899999999999,32.672250000000005,0.024999999999980878,8.168062500000001,,0.026,0.0,0.0,0.002,0.07692307692307693,152502.7,434181.8,586684.5,0.0,-0.4801202349814934,-0.0,0.4801202349814934,572473_YES.csv,572473_YES
1771015140,2026-02-13 20:39:00,15,6.9799999999999995,0.1744999999999999,0.02499999999641834,0.011633333333333327,,0.026,0.0,0.0,0.002,0.07692307692307693,154888.04,434350.7,589238.74,2554.2399999999907,-0.47427747198020287,0.0,0.47427747198020287,572473_YES.csv,572473_YES
1771015200,2026-02-13 20:40:00,9,0.49,0.01225,0.02499999994897959,0.0013611111111111111,,0.026,0.0,0.0,0.002,0.07692307692307693,154888.04,434350.7,589238.74,0.0,-0.47427747198020287,-0.0,0.47427747198020287,572473_YES.csv,572473_YES
1771015260,2026-02-13 20:41:00,7,1.24,0.031,0.02499999997983871,0.004428571428571428,,0.026,0.0,0.0,0.002,0.07692307692307693,154888.04,434350.7,589238.74,0.0,-0.47427747198020287,-0.0,0.47427747198020287,572473_YES.csv,572473_YES
1771015320,2026-02-13 20:42:00,7,0.38000000000000006,0.0095,0.024999999934210523,0.0013571428571428571,,0.026,0.0,0.0,0.002,0.07692307692307693,154093.08000000002,436063.85,590156.9299999999,918.1899999999441,-0.47778947541969896,0.0,0.47778947541969896,572473_YES.csv,572473_YES
1771015380,2026-02-13 20:43:00,6,0.26,0.006500000000000001,0.024999999903846156,0.0010833333333333335,,0.026,0.0,0.0,0.002,0.07692307692307693,154093.08000000002,436063.85,590156.9299999999,0.0,-0.47778947541969896,-0.0,0.47778947541969896,572473_YES.csv,572473_YES
1771015440,2026-02-13 20:44:00,5,0.27999999999999997,0.00728,0.025999999907142857,0.001456,,0.026,0.0,0.0,0.002,0.07692307692307693,154093.08000000002,436063.85,590156.9299999999,0.0,-0.47778947541969896,-0.0,0.47778947541969896,572473_YES.csv,572473_YES
1771015560,2026-02-13 20:46:00,13,27.79,0.69475,0.024999999999100395,0.05344230769230769,,0.026,0.0,0.0,0.002,0.07692307692307693,154093.08000000002,436063.85,590156.9299999999,0.0,-0.47778947541969896,-0.0,0.47778947541969896,572473_YES.csv,572473_YES
1771015620,2026-02-13 20:47:00,5,1862.61185,50.268999,0.026988445821373365,10.0537998,,0.026,0.0,0.0,0.002,0.07692307692307693,154093.08000000002,436063.85,590156.9299999999,0.0,-0.47778947541969896,-0.0,0.47778947541969896,572473_YES.csv,572473_YES
1771015740,2026-02-13 20:49:00,1,60.0,1.5,0.024999999999583335,1.5,,0.026,0.0,0.0,0.002,0.07692307692307693,154093.08000000002,436063.85,590156.9299999999,0.0,-0.47778947541969896,-0.0,0.47778947541969896,572473_YES.csv,572473_YES
1771015860,2026-02-13 20:51:00,5,122.06,3.0515000000000003,0.024999999999795183,0.6103000000000001,,0.026,0.0,0.0,0.002,0.07692307692307693,161037.18,433821.0,594858.1799999999,4701.25,-0.458569503070463,0.0,0.458569503070463,572473_YES.csv,572473_YES
1771016340,2026-02-13 20:59:00,2,138.46,3.69996,0.02672223024680975,1.84998,,0.026,0.0,0.0,0.002,0.07692307692307693,161037.18,433821.0,594858.1799999999,0.0,-0.458569503070463,-0.0,0.458569503070463,572473_YES.csv,572473_YES
1771016580,2026-02-13 21:03:00,1,13401.85185,361.849999,0.02699999992911218,361.849999,,0.0265,0.019230769230769162,0.019230769230769162,0.001,0.03773584905660377,50001.52,411850.12,461851.64,-133006.53999999992,-0.7834736713287409,133006.53999999992,0.7834736713287409,572473_YES.csv,572473_YES
1771016640,2026-02-13 21:04:00,1,1111.11111,30.0,0.0270000000269757,30.0,,0.0265,0.0,0.0,0.001,0.03773584905660377,50001.52,411850.12,461851.64,0.0,-0.7834736713287409,-0.0,0.7834736713287409,572473_YES.csv,572473_YES
1771016700,2026-02-13 21:05:00,2,444.444442,11.999999,0.02699999789843916,5.9999995,,0.0265,0.0,0.0,0.001,0.03773584905660377,50001.52,411850.12,461851.64,0.0,-0.7834736713287409,-0.0,0.7834736713287409,572473_YES.csv,572473_YES
1771016820,2026-02-13 21:07:00,2,3740.740738,100.999999,0.02699999975244823,50.4999995,,0.0265,0.0,0.0,0.001,0.03773584905660377,50001.52,411850.12,461851.64,0.0,-0.7834736713287409,-0.0,0.7834736713287409,572473_YES.csv,572473_YES
1771017300,2026-02-13 21:15:00,1,175.27,4.73229,0.026999999999845953,4.73229,,0.0265,0.0,0.0,0.001,0.03773584905660377,127547.8,387983.64,515531.44,53679.79999999999,-0.5051793543377296,0.0,0.5051793543377296,572473_YES.csv,572473_YES
1771017360,2026-02-13 21:16:00,1,588.571427,16.479999,0.027999998375680523,16.479999,,0.0265,0.0,0.0,0.001,0.03773584905660377,127547.8,387983.64,515531.44,0.0,-0.5051793543377296,-0.0,0.5051793543377296,572473_YES.csv,572473_YES
1771017420,2026-02-13 21:17:00,1,35.714284,0.999999,0.0279999733432147,0.999999,,0.0265,0.0,0.0,0.001,0.03773584905660377,127547.8,387983.64,515531.44,0.0,-0.5051793543377296,-0.0,0.5051793543377296,572473_YES.csv,572473_YES
1771017480,2026-02-13 21:18:00,1,112.857141,3.159999,0.0279999915997517,3.159999,,0.0265,0.0,0.0,0.001,0.03773584905660377,127547.8,387983.64,515531.44,0.0,-0.5051793543377296,-0.0,0.5051793543377296,572473_YES.csv,572473_YES
1771017660,2026-02-13 21:21:00,1,142.5,3.99,0.027999999999803512,3.99,,0.027,0.018867924528301883,0.018867924528301883,0.002,0.07407407407407407,142121.34,587232.48,729353.82,213822.37999999995,-0.6102814954749947,0.0,0.6102814954749947,572473_YES.csv,572473_YES
1771017960,2026-02-13 21:26:00,1,588.57,15.30282,0.025999999999955826,15.30282,,0.027,0.0,0.0,0.002,0.07407407407407407,142121.34,587232.48,729353.82,0.0,-0.6102814954749947,-0.0,0.6102814954749947,572473_YES.csv,572473_YES
1771018260,2026-02-13 21:31:00,2,1857.142854,51.999998000000005,0.02799999897044646,25.999999000000003,,0.027,0.0,0.0,0.002,0.07407407407407407,142121.34,587232.48,729353.82,0.0,-0.6102814954749947,-0.0,0.6102814954749947,572473_YES.csv,572473_YES
1771018380,2026-02-13 21:33:00,3,22940.35714,642.329998,0.02799999991630348,214.10999933333335,,0.0275,0.0185185185185186,0.0185185185185186,0.001,0.03636363636363636,51838.9,584974.0599999999,636812.96,-92540.85999999999,-0.837192697837054,92540.85999999999,0.837192697837054,572473_YES.csv,572473_YES
1771018560,2026-02-13 21:36:00,1,370.370369,9.999999,0.026999997399827,9.999999,,0.0265,-0.036363636363636376,0.036363636363636376,0.001,0.03773584905660377,63601.94,378926.73,442528.67,-194284.28999999998,-0.7125522285369669,194284.28999999998,0.7125522285369669,572473_YES.csv,572473_YES
1771018620,2026-02-13 21:37:00,2,1296.296294,35.0,0.027000000047807744,17.5,,0.0265,0.0,0.0,0.001,0.03773584905660377,63601.94,378926.73,442528.67,0.0,-0.7125522285369669,-0.0,0.7125522285369669,572473_YES.csv,572473_YES
1771018920,2026-02-13 21:42:00,1,12900.0,348.3,0.026999999999997908,348.3,,0.0265,0.0,0.0,0.001,0.03773584905660377,63451.44,527027.94,590479.3799999999,147950.7099999999,-0.7850849931457387,0.0,0.7850849931457387,572473_YES.csv,572473_YES
1771019100,2026-02-13 21:45:00,1,100.0,2.6,0.02599999999974,2.6,,0.0255,-0.037735849056603765,0.037735849056603765,0.001,0.03921568627450981,136645.64,626136.01,762781.65,172302.27000000014,-0.641717547872317,0.0,0.641717547872317,572473_YES.csv,572473_YES
1771019400,2026-02-13 21:50:00,1,475.71,11.89275,0.024999999999947446,11.89275,,0.0255,0.0,0.0,0.001,0.03921568627450981,136645.64,626136.01,762781.65,0.0,-0.641717547872317,-0.0,0.641717547872317,572473_YES.csv,572473_YES
1771019520,2026-02-13 21:52:00,1,7500.0,195.0,0.025999999999996533,195.0,,0.0255,0.0,0.0,0.001,0.03921568627450981,136645.64,626136.01,762781.65,0.0,-0.641717547872317,-0.0,0.641717547872317,572473_YES.csv,572473_YES
1771019820,2026-02-13 21:57:00,1,38035.384614,988.919999,0.02599999997465442,988.919999,,0.0255,0.0,0.0,0.001,0.03921568627450981,146978.59,638370.81,785349.4,22567.75,-0.6256988545480522,0.0,0.6256988545480522,572473_YES.csv,572473_YES
1771020360,2026-02-13 22:06:00,1,5.0,0.13,0.025999999994800002,0.13,,0.0265,0.03921568627450989,0.03921568627450989,0.001,0.03773584905660377,134421.47,605419.0700000001,739840.54,-45508.859999999986,-0.6366204263421413,45508.859999999986,0.6366204263421413,572473_YES.csv,572473_YES
1771020420,2026-02-13 22:07:00,1,5.0,0.13,0.025999999994800002,0.13,,0.0265,0.0,0.0,0.001,0.03773584905660377,134421.47,605419.0700000001,739840.54,0.0,-0.6366204263421413,-0.0,0.6366204263421413,572473_YES.csv,572473_YES
1771020840,2026-02-13 22:14:00,1,4740.740739,127.999999,0.026999999798970803,127.999999,,0.0265,0.0,0.0,0.001,0.03773584905660377,134421.47,605419.0700000001,739840.54,0.0,-0.6366204263421413,-0.0,0.6366204263421413,572473_YES.csv,572473_YES
1771020960,2026-02-13 22:16:00,2,1518.5185159999999,40.999999,0.02699999938622612,20.4999995,,0.0265,0.0,0.0,0.001,0.03773584905660377,134421.47,605419.0700000001,739840.54,0.0,-0.6366204263421413,-0.0,0.6366204263421413,572473_YES.csv,572473_YES
1771021560,2026-02-13 22:26:00,1,5.0,0.13,0.025999999994800002,0.13,,0.0265,0.0,0.0,0.001,0.03773584905660377,134421.47,605419.0700000001,739840.54,0.0,-0.6366204263421413,-0.0,0.6366204263421413,572473_YES.csv,572473_YES
1771021740,2026-02-13 22:29:00,1,653.33,16.98658,0.025999999999960204,16.98658,,0.0265,0.0,0.0,0.001,0.03773584905660377,134421.47,605419.0700000001,739840.54,0.0,-0.6366204263421413,-0.0,0.6366204263421413,572473_YES.csv,572473_YES
1771021800,2026-02-13 22:30:00,1,110.0,2.86,0.025999999999763636,2.86,,0.0265,0.0,0.0,0.001,0.03773584905660377,144088.62,597352.68,741441.3,1600.7600000000093,-0.611328314190213,0.0,0.611328314190213,572473_YES.csv,572473_YES
1771021860,2026-02-13 22:31:00,1,740.740739,19.999999,0.02699999871341345,19.999999,,0.0265,0.0,0.0,0.001,0.03773584905660377,144088.62,597352.68,741441.3,0.0,-0.611328314190213,-0.0,0.611328314190213,572473_YES.csv,572473_YES
1771021980,2026-02-13 22:33:00,1,44444.444443,1199.999999,0.026999999978376897,1199.999999,,0.0265,0.0,0.0,0.001,0.03773584905660377,144125.02000000002,552143.22,696268.24,-45173.060000000056,-0.586007197455969,45173.060000000056,0.586007197455969,572473_YES.csv,572473_YES
1771022100,2026-02-13 22:35:00,2,24571.940739,658.6111989999999,0.026803385454802153,329.30559949999997,,0.0265,0.0,0.0,0.001,0.03773584905660377,144125.02000000002,552143.22,696268.24,0.0,-0.586007197455969,-0.0,0.586007197455969,572473_YES.csv,572473_YES
1771022160,2026-02-13 22:36:00,1,3703.703702,99.999999,0.02699999974241271,99.999999,,0.0265,0.0,0.0,0.001,0.03773584905660377,139193.82,532321.77,671515.5900000001,-24752.649999999907,-0.5854338392947809,24752.649999999907,0.5854338392947809,572473_YES.csv,572473_YES
1771022220,2026-02-13 22:37:00,1,97.407406,2.629999,0.02699999012367701,2.629999,,0.0265,0.0,0.0,0.001,0.03773584905660377,139193.82,532321.77,671515.5900000001,0.0,-0.5854338392947809,-0.0,0.5854338392947809,572473_YES.csv,572473_YES
1771022340,2026-02-13 22:39:00,3,4185.185181000001,112.999999,0.02699999978805549,37.66666633333333,,0.0265,0.0,0.0,0.001,0.03773584905660377,139193.82,520441.55,659635.37,-11880.220000000088,-0.5779673852237487,11880.220000000088,0.5779673852237487,572473_YES.csv,572473_YES
1771022700,2026-02-13 22:45:00,2,20886.666664,563.939999,0.026999999955568385,281.9699995,,0.0265,0.0,0.0,0.001,0.03773584905660377,138927.31,519936.11,658863.4199999999,-771.9500000000698,-0.5782819146341438,771.9500000000698,0.5782819146341438,572473_YES.csv,572473_YES
1771022940,2026-02-13 22:49:00,1,222.222221,6.0,0.027000000148378504,6.0,,0.0265,0.0,0.0,0.001,0.03773584905660377,138927.31,519936.11,658863.4199999999,0.0,-0.5782819146341438,-0.0,0.5782819146341438,572473_YES.csv,572473_YES
1771023000,2026-02-13 22:50:00,1,4986.52,129.64952,0.02599999999999478,129.64952,,0.0265,0.0,0.0,0.001,0.03773584905660377,138927.31,519936.11,658863.4199999999,0.0,-0.5782819146341438,-0.0,0.5782819146341438,572473_YES.csv,572473_YES
1771023120,2026-02-13 22:52:00,1,5.0,0.13,0.025999999994800002,0.13,,0.0265,0.0,0.0,0.001,0.03773584905660377,138927.31,519936.11,658863.4199999999,0.0,-0.5782819146341438,-0.0,0.5782819146341438,572473_YES.csv,572473_YES
1771023300,2026-02-13 22:55:00,1,8615.83,224.01158,0.02599999999999698,224.01158,,0.0265,0.0,0.0,0.001,0.03773584905660377,138927.31,519936.11,658863.4199999999,0.0,-0.5782819146341438,-0.0,0.5782819146341438,572473_YES.csv,572473_YES
1771023660,2026-02-13 23:01:00,1,500.0,13.0,0.025999999999948002,13.0,,0.0265,0.0,0.0,0.001,0.03773584905660377,138927.31,519936.11,658863.4199999999,0.0,-0.5782819146341438,-0.0,0.5782819146341438,572473_YES.csv,572473_YES
1771023900,2026-02-13 23:05:00,1,500.0,13.0,0.025999999999948002,13.0,,0.0265,0.0,0.0,0.001,0.03773584905660377,138927.31,519936.11,658863.4199999999,0.0,-0.5782819146341438,-0.0,0.5782819146341438,572473_YES.csv,572473_YES
1771024140,2026-02-13 23:09:00,1,1222.22,31.77772,0.025999999999978724,31.77772,,0.0265,0.0,0.0,0.001,0.03773584905660377,102687.46,486739.11,589426.57,-69436.84999999998,-0.6515682691399541,69436.84999999998,0.6515682691399541,572473_YES.csv,572473_YES
1771024200,2026-02-13 23:10:00,2,2351.85185,62.999999,0.026787401170687352,31.4999995,,0.0265,0.0,0.0,0.001,0.03773584905660377,102687.46,486739.11,589426.57,0.0,-0.6515682691399541,-0.0,0.6515682691399541,572473_YES.csv,572473_YES
1771024620,2026-02-13 23:17:00,2,148.134073,3.92556,0.026500047696477635,1.96278,,0.0265,0.0,0.0,0.001,0.03773584905660377,102687.46,486739.11,589426.57,0.0,-0.6515682691399541,-0.0,0.6515682691399541,572473_YES.csv,572473_YES
1771024800,2026-02-13 23:20:00,1,7546.296295,203.75,0.027000000004634424,203.75,,0.0265,0.0,0.0,0.001,0.03773584905660377,102687.46,486739.11,589426.57,0.0,-0.6515682691399541,-0.0,0.6515682691399541,572473_YES.csv,572473_YES
1771025220,2026-02-13 23:27:00,1,37.037036,1.0,0.027000000755271,1.0,,0.0265,0.0,0.0,0.001,0.03773584905660377,97251.03,528378.04,625629.0700000001,36202.50000000012,-0.6891096188992624,0.0,0.6891096188992624,572473_YES.csv,572473_YES
1771025820,2026-02-13 23:37:00,1,25.64,0.66664,0.02599999999898596,0.66664,,0.0265,0.0,0.0,0.001,0.03773584905660377,97251.03,528378.04,625629.0700000001,0.0,-0.6891096188992624,-0.0,0.6891096188992624,572473_YES.csv,572473_YES
1771026360,2026-02-13 23:46:00,1,500.0,13.0,0.025999999999948002,13.0,,0.0265,0.0,0.0,0.001,0.03773584905660377,97251.03,528378.04,625629.0700000001,0.0,-0.6891096188992624,-0.0,0.6891096188992624,572473_YES.csv,572473_YES
1771026960,2026-02-13 23:56:00,1,380.370369,10.269999,0.02699999746818602,10.269999,,0.0265,0.0,0.0,0.001,0.03773584905660377,97251.03,528378.04,625629.0700000001,0.0,-0.6891096188992624,-0.0,0.6891096188992624,572473_YES.csv,572473_YES
1771028100,2026-02-14 00:15:00,1,5.0,0.13,0.025999999994800002,0.13,,0.0265,0.0,0.0,0.001,0.03773584905660377,111480.56,515433.61,626914.1699999999,1285.0999999998603,-0.6443514428777388,0.0,0.6443514428777388,572473_YES.csv,572473_YES
1771028160,2026-02-14 00:16:00,2,42.037036,1.13,0.026881057931228032,0.565,,0.0265,0.0,0.0,0.001,0.03773584905660377,111480.56,515433.61,626914.1699999999,0.0,-0.6443514428777388,-0.0,0.6443514428777388,572473_YES.csv,572473_YES
1771028340,2026-02-14 00:19:00,18,8035.74,212.50068,0.02644444444444115,11.805593333333332,,0.0265,0.0,0.0,0.001,0.03773584905660377,111480.56,515433.61,626914.1699999999,0.0,-0.6443514428777388,-0.0,0.6443514428777388,572473_YES.csv,572473_YES
1771029060,2026-02-14 00:31:00,1,444.444443,11.999999,0.026999997837689152,11.999999,,0.0265,0.0,0.0,0.001,0.03773584905660377,111480.56,515433.61,626914.1699999999,0.0,-0.6443514428777388,-0.0,0.6443514428777388,572473_YES.csv,572473_YES
1771029240,2026-02-14 00:34:00,1,5.0,0.13,0.025999999994800002,0.13,,0.0265,0.0,0.0,0.001,0.03773584905660377,111480.56,515433.61,626914.1699999999,0.0,-0.6443514428777388,-0.0,0.6443514428777388,572473_YES.csv,572473_YES
1771029360,2026-02-14 00:36:00,1,212.12,5.51512,0.025999999999877427,5.51512,,0.0265,0.0,0.0,0.001,0.03773584905660377,108149.87,512900.68,621050.55,-5863.619999999879,-0.6517195902974403,5863.619999999879,0.6517195902974403,572473_YES.csv,572473_YES
1771029540,2026-02-14 00:39:00,1,100.0,2.7,0.02699999999973,2.7,,0.0265,0.0,0.0,0.001,0.03773584905660377,107956.93,513154.17,621111.1,60.54999999993015,-0.6523748166793348,0.0,0.6523748166793348,572473_YES.csv,572473_YES
1771029720,2026-02-14 00:42:00,1,4666.666665,125.999999,0.02699999979535131,125.999999,,0.0265,0.0,0.0,0.001,0.03773584905660377,107956.93,513054.17,621011.1,-100.0,-0.6523188393895053,100.0,0.6523188393895053,572473_YES.csv,572473_YES
1771030020,2026-02-14 00:47:00,1,2777.77,72.22202,0.02599999999999064,72.22202,,0.0265,0.0,0.0,0.001,0.03773584905660377,107956.93,513054.17,621011.1,0.0,-0.6523188393895053,-0.0,0.6523188393895053,572473_YES.csv,572473_YES
1771030260,2026-02-14 00:51:00,1,5555.555554,149.99999899999997,0.026999999827555136,149.99999899999997,,0.0265,0.0,0.0,0.001,0.03773584905660377,105061.5,508292.55,613354.05,-7657.04999999993,-0.6574197235674892,7657.04999999993,0.6574197235674892,572473_YES.csv,572473_YES
1771030320,2026-02-14 00:52:00,1,120.0,3.12,0.02599999999978333,3.12,,0.0265,0.0,0.0,0.001,0.03773584905660377,105061.5,508292.55,613354.05,0.0,-0.6574197235674892,-0.0,0.6574197235674892,572473_YES.csv,572473_YES
1771030440,2026-02-14 00:54:00,1,2370.370369,63.999999,0.02699999959372291,63.999999,,0.0265,0.0,0.0,0.001,0.03773584905660377,104777.17,502590.25,607367.42,-5986.630000000005,-0.6549792874961914,5986.630000000005,0.6549792874961914,572473_YES.csv,572473_YES
1771030800,2026-02-14 01:00:00,1,5.0,0.13,0.025999999994800002,0.13,,0.0265,0.0,0.0,0.001,0.03773584905660377,104934.19,500070.65,605004.8400000001,-2362.579999999958,-0.6531128907993529,2362.579999999958,0.6531128907993529,572473_YES.csv,572473_YES
1771030920,2026-02-14 01:02:00,2,53083.39,1433.25153,0.026999999999999493,716.625765,,0.0265,0.0,0.0,0.001,0.03773584905660377,104934.19,500070.65,605004.8400000001,0.0,-0.6531128907993529,-0.0,0.6531128907993529,572473_YES.csv,572473_YES
1771031160,2026-02-14 01:06:00,2,75792.28857,2119.123219,0.027959615140038887,1059.5616095,,0.0265,0.0,0.0,0.001,0.03773584905660377,106330.77,450144.35,556475.12,-48529.72000000009,-0.617841782396309,48529.72000000009,0.617841782396309,572473_YES.csv,572473_YES
1771031280,2026-02-14 01:08:00,2,44452.4,1244.6415100000002,0.027999422078447255,622.3207550000001,,0.0265,0.0,0.0,0.001,0.03773584905660377,106330.77,450144.35,556475.12,0.0,-0.617841782396309,-0.0,0.617841782396309,572473_YES.csv,572473_YES
1771031340,2026-02-14 01:09:00,2,667.6537920000001,18.86672,0.028258238365508663,9.43336,,0.0285,0.07547169811320753,0.07547169811320753,0.001,0.03508771929824561,76874.95,563941.7100000001,640816.66,84341.54000000004,-0.7600719369561959,0.0,0.7600719369561959,572473_YES.csv,572473_YES
1771031520,2026-02-14 01:12:00,3,144.34,4.04152,0.027999999999806017,1.3471733333333333,,0.0285,0.0,0.0,0.001,0.03508771929824561,65954.96,563800.68,629755.64,-11061.020000000019,-0.790537929918341,11061.020000000019,0.790537929918341,572473_YES.csv,572473_YES
1771031580,2026-02-14 01:13:00,2,1100.0,30.8,0.027999999999974545,15.4,,0.0285,0.0,0.0,0.001,0.03508771929824561,65954.96,563800.68,629755.64,0.0,-0.790537929918341,-0.0,0.790537929918341,572473_YES.csv,572473_YES
1771031820,2026-02-14 01:17:00,1,3448.16,96.54848,0.027999999999991882,96.54848,,0.0285,0.0,0.0,0.001,0.03508771929824561,65954.96,563800.68,629755.64,0.0,-0.790537929918341,-0.0,0.790537929918341,572473_YES.csv,572473_YES
1771032180,2026-02-14 01:23:00,6,693.505171,20.107799,0.028994447108413757,3.3512998333333335,,0.0285,0.0,0.0,0.001,0.03508771929824561,65954.96,563800.68,629755.64,0.0,-0.790537929918341,-0.0,0.790537929918341,572473_YES.csv,572473_YES
1771032240,2026-02-14 01:24:00,5,0.28,0.00784,0.027999999899999996,0.001568,,0.0285,0.0,0.0,0.001,0.03508771929824561,69235.9,563187.5800000001,632423.4800000001,2667.840000000084,-0.7810457638290089,0.0,0.7810457638290089,572473_YES.csv,572473_YES
1771032300,2026-02-14 01:25:00,6,0.39,0.01092,0.02799999992820513,0.0018199999999999998,,0.0285,0.0,0.0,0.001,0.03508771929824561,69235.9,563187.5800000001,632423.4800000001,0.0,-0.7810457638290089,-0.0,0.7810457638290089,572473_YES.csv,572473_YES
1771032360,2026-02-14 01:26:00,10,34.902757,1.011759,0.028987939261388783,0.10117590000000001,,0.0285,0.0,0.0,0.001,0.03508771929824561,69235.9,563187.5800000001,632423.4800000001,0.0,-0.7810457638290089,-0.0,0.7810457638290089,572473_YES.csv,572473_YES
1771032420,2026-02-14 01:27:00,6,47.08,1.31824,0.02799999999940527,0.2197066666666667,,0.0285,0.0,0.0,0.001,0.03508771929824561,68969.34,562933.67,631903.01,-520.4700000000885,-0.7817090948815073,520.4700000000885,0.7817090948815073,572473_YES.csv,572473_YES
1771032480,2026-02-14 01:28:00,6,867.698964,25.157639,0.028993510472799088,4.192939833333333,,0.0285,0.0,0.0,0.001,0.03508771929824561,68969.34,562933.67,631903.01,0.0,-0.7817090948815073,-0.0,0.7817090948815073,572473_YES.csv,572473_YES
1771032600,2026-02-14 01:30:00,5,0.34,0.009519999999999999,0.027999999917647057,0.0019039999999999999,,0.0285,0.0,0.0,0.001,0.03508771929824561,68949.29,562271.87,631221.16,-681.8499999999767,-0.7815368230051096,681.8499999999767,0.7815368230051096,572473_YES.csv,572473_YES
1771032660,2026-02-14 01:31:00,5,0.35000000000000003,0.0098,0.02799999992,0.00196,,0.0285,0.0,0.0,0.001,0.03508771929824561,68949.29,562271.87,631221.16,0.0,-0.7815368230051096,-0.0,0.7815368230051096,572473_YES.csv,572473_YES
1771032720,2026-02-14 01:32:00,11,411.215862,11.922320000000001,0.028992850475138016,1.0838472727272728,,0.0285,0.0,0.0,0.001,0.03508771929824561,68949.29,562271.87,631221.16,0.0,-0.7815368230051096,-0.0,0.7815368230051096,572473_YES.csv,572473_YES
1771032960,2026-02-14 01:36:00,9,1353.6875860000002,39.24808,0.0289934549196427,4.360897777777778,,0.0285,0.0,0.0,0.001,0.03508771929824561,63852.92,560706.61,624559.53,-6661.630000000005,-0.7955265529292299,6661.630000000005,0.7955265529292299,572473_YES.csv,572473_YES
1771033080,2026-02-14 01:38:00,5,1.19,0.03332,0.02799999997647059,0.006664000000000001,,0.0285,0.0,0.0,0.001,0.03508771929824561,63852.92,560706.61,624559.53,0.0,-0.7955265529292299,-0.0,0.7955265529292299,572473_YES.csv,572473_YES
1771033260,2026-02-14 01:41:00,8,7701.501724,222.33128,0.028868561998386052,27.79141,,0.0285,0.0,0.0,0.001,0.03508771929824561,63852.92,560706.61,624559.53,0.0,-0.7955265529292299,-0.0,0.7955265529292299,572473_YES.csv,572473_YES
1771033320,2026-02-14 01:42:00,1,344.82,9.31014,0.0269999999999217,9.31014,,0.0275,-0.03508771929824561,0.03508771929824561,0.001,0.03636363636363636,71313.43,503797.61,575111.04,-49448.48999999999,-0.7520011787636697,49448.48999999999,0.7520011787636697,572473_YES.csv,572473_YES
1771033380,2026-02-14 01:43:00,2,458.92857,12.849999,0.027999997908110173,6.4249995,,0.0275,0.0,0.0,0.001,0.03636363636363636,71313.43,503797.61,575111.04,0.0,-0.7520011787636697,-0.0,0.7520011787636697,572473_YES.csv,572473_YES
1771033680,2026-02-14 01:48:00,1,0.01,0.00028,0.027999997200000282,0.00028,,0.0285,0.036363636363636376,0.036363636363636376,0.001,0.03508771929824561,62717.14,557536.65,620253.79,45142.75,-0.7977694259635237,0.0,0.7977694259635237,572473_YES.csv,572473_YES
1771033920,2026-02-14 01:52:00,4,0.31,0.008369999999999999,0.026999999912903225,0.0020924999999999997,,0.0285,0.0,0.0,0.001,0.03508771929824561,62717.14,557536.65,620253.79,0.0,-0.7977694259635237,-0.0,0.7977694259635237,572473_YES.csv,572473_YES
1771033980,2026-02-14 01:53:00,6,69.355517,2.01053,0.02898875369887317,0.3350883333333334,,0.0285,0.0,0.0,0.001,0.03508771929824561,62717.14,557536.65,620253.79,0.0,-0.7977694259635237,-0.0,0.7977694259635237,572473_YES.csv,572473_YES
1771034040,2026-02-14 01:54:00,8,0.48,0.01296,0.02699999994375,0.00162,,0.028,-0.01754385964912286,0.01754385964912286,0.002,0.07142857142857142,71549.02,558061.8,629610.8200000001,9357.030000000028,-0.7727198525590776,0.0,0.7727198525590776,572473_YES.csv,572473_YES
1771034160,2026-02-14 01:56:00,1,169.9,4.5873,0.02699999999984108,4.5873,,0.028,0.0,0.0,0.002,0.07142857142857142,71549.02,558061.8,629610.8200000001,0.0,-0.7727198525590776,-0.0,0.7727198525590776,572473_YES.csv,572473_YES
1771034460,2026-02-14 02:01:00,1,149.01,4.02327,0.026999999999818808,4.02327,,0.028,0.0,0.0,0.002,0.07142857142857142,71549.02,558061.8,629610.8200000001,0.0,-0.7727198525590776,-0.0,0.7727198525590776,572473_YES.csv,572473_YES
1771034640,2026-02-14 02:04:00,1,295.92,7.98984,0.02699999999990876,7.98984,,0.028,0.0,0.0,0.002,0.07142857142857142,71549.02,558061.8,629610.8200000001,0.0,-0.7727198525590776,-0.0,0.7727198525590776,572473_YES.csv,572473_YES
1771034700,2026-02-14 02:05:00,1,1000.0,26.0,0.025999999999974,26.0,,0.028,0.0,0.0,0.002,0.07142857142857142,71549.02,558061.8,629610.8200000001,0.0,-0.7727198525590776,-0.0,0.7727198525590776,572473_YES.csv,572473_YES
1771035120,2026-02-14 02:12:00,1,529.3,14.291099999999998,0.02699999999994899,14.291099999999998,,0.027,-0.0357142857142857,0.0357142857142857,0.002,0.07407407407407407,94772.02,507133.28,601905.3,-27705.52000000002,-0.6850932530416329,27705.52000000002,0.6850932530416329,572473_YES.csv,572473_YES
1771035540,2026-02-14 02:19:00,1,868.02,24.30456,0.02799999999996774,24.30456,,0.027,0.0,0.0,0.002,0.07407407407407407,94772.02,507133.28,601905.3,0.0,-0.6850932530416329,-0.0,0.6850932530416329,572473_YES.csv,572473_YES
1771035720,2026-02-14 02:22:00,6,126.600343,3.6522789999999996,0.028848887083750996,0.6087131666666666,,0.027,0.0,0.0,0.002,0.07407407407407407,94772.02,507133.28,601905.3,0.0,-0.6850932530416329,-0.0,0.6850932530416329,572473_YES.csv,572473_YES
1771035780,2026-02-14 02:23:00,1,5.0,0.135,0.0269999999946,0.135,,0.027,0.0,0.0,0.002,0.07407407407407407,94772.02,507133.28,601905.3,0.0,-0.6850932530416329,-0.0,0.6850932530416329,572473_YES.csv,572473_YES
1771035900,2026-02-14 02:25:00,10,36.212757,1.0469089999999999,0.02890995015847841,0.10469089999999999,,0.027,0.0,0.0,0.002,0.07407407407407407,94772.02,507133.28,601905.3,0.0,-0.6850932530416329,-0.0,0.6850932530416329,572473_YES.csv,572473_YES
1771035960,2026-02-14 02:26:00,2,0.08,0.00216,0.026999999662500003,0.00108,,0.027,0.0,0.0,0.002,0.07407407407407407,94772.02,507133.28,601905.3,0.0,-0.6850932530416329,-0.0,0.6850932530416329,572473_YES.csv,572473_YES
1771036080,2026-02-14 02:28:00,4,0.19,0.00513,0.026999999857894738,0.0012825,,0.027,0.0,0.0,0.002,0.07407407407407407,94772.02,507133.28,601905.3,0.0,-0.6850932530416329,-0.0,0.6850932530416329,572473_YES.csv,572473_YES
1771036260,2026-02-14 02:31:00,4,0.16,0.00432,0.02699999983125,0.00108,,0.027,0.0,0.0,0.002,0.07407407407407407,94772.02,507133.28,601905.3,0.0,-0.6850932530416329,-0.0,0.6850932530416329,572473_YES.csv,572473_YES
1771036320,2026-02-14 02:32:00,1,512.82,13.846140000000002,0.02699999999994735,13.846140000000002,,0.027,0.0,0.0,0.002,0.07407407407407407,94772.02,507133.28,601905.3,0.0,-0.6850932530416329,-0.0,0.6850932530416329,572473_YES.csv,572473_YES
1771036380,2026-02-14 02:33:00,4,0.55,0.01485,0.02699999995090909,0.0037125,,0.028,0.03703703703703698,0.03703703703703698,0.002,0.07142857142857142,75972.45,554020.11,629992.5599999999,28087.259999999893,-0.7588147707649119,0.0,0.7588147707649119,572473_YES.csv,572473_YES
1771036500,2026-02-14 02:35:00,1,357.142857,10.0,0.0280000000111216,10.0,,0.028,0.0,0.0,0.002,0.07142857142857142,75972.45,554020.11,629992.5599999999,0.0,-0.7588147707649119,-0.0,0.7588147707649119,572473_YES.csv,572473_YES
1771036560,2026-02-14 02:36:00,1,35.714284,0.999999,0.0279999733432147,0.999999,,0.0275,-0.017857142857142905,0.017857142857142905,0.001,0.03636363636363636,75971.28,502357.31,578328.59,-51663.96999999997,-0.7372729575759,51663.96999999997,0.7372729575759,572473_YES.csv,572473_YES
1771036740,2026-02-14 02:39:00,2,0.04,0.00108,0.026999999325000017,0.00054,,0.0275,0.0,0.0,0.001,0.03636363636363636,75779.15,502319.23,578098.38,-230.20999999996275,-0.7378330311183365,230.20999999996275,0.7378330311183365,572473_YES.csv,572473_YES
1771036860,2026-02-14 02:41:00,1,5.0,0.14,0.0279999999944,0.14,,0.0275,0.0,0.0,0.001,0.03636363636363636,75779.15,502319.23,578098.38,0.0,-0.7378330311183365,-0.0,0.7378330311183365,572473_YES.csv,572473_YES
1771036980,2026-02-14 02:43:00,4,0.31000000000000005,0.00837,0.026999999912903222,0.0020925,,0.0275,0.0,0.0,0.001,0.03636363636363636,75779.15,502319.23,578098.38,0.0,-0.7378330311183365,-0.0,0.7378330311183365,572473_YES.csv,572473_YES
1771037160,2026-02-14 02:46:00,16,15622.02931,448.332,0.028698704317049527,28.02075,,0.0275,0.0,0.0,0.001,0.03636363636363636,75779.15,502319.23,578098.38,0.0,-0.7378330311183365,-0.0,0.7378330311183365,572473_YES.csv,572473_YES
1771037220,2026-02-14 02:47:00,6,2857.6420669999998,80.268479,0.028089059832548932,13.378079833333333,,0.0275,0.0,0.0,0.001,0.03636363636363636,75779.15,502319.23,578098.38,0.0,-0.7378330311183365,-0.0,0.7378330311183365,572473_YES.csv,572473_YES
1771037280,2026-02-14 02:48:00,1,4.36,0.11772,0.02699999999380734,0.11772,,0.028,0.0181818181818183,0.0181818181818183,0.002,0.07142857142857142,74188.25,539004.0700000001,613192.3200000001,35093.94000000006,-0.7580261605363877,0.0,0.7580261605363877,572473_YES.csv,572473_YES
1771037640,2026-02-14 02:54:00,1,37.03,0.99981,0.026999999999270864,0.99981,,0.0275,-0.017857142857142905,0.017857142857142905,0.001,0.03636363636363636,74149.94,488146.04,562295.98,-50896.340000000084,-0.7362601098446409,50896.340000000084,0.7362601098446409,572473_YES.csv,572473_YES
1771038180,2026-02-14 03:03:00,7,4444.89,120.01203,0.02699999999999392,17.144575714285715,,0.0275,0.0,0.0,0.001,0.03636363636363636,74009.86,487751.09,561760.9500000001,-535.0299999999115,-0.7365076372788105,535.0299999999115,0.7365076372788105,572473_YES.csv,572473_YES
1771038240,2026-02-14 03:04:00,1,300.0,8.4,0.02799999999990667,8.4,,0.0275,0.0,0.0,0.001,0.03636363636363636,74009.86,487751.09,561760.9500000001,0.0,-0.7365076372788105,-0.0,0.7365076372788105,572473_YES.csv,572473_YES
1771038360,2026-02-14 03:06:00,2,205.0,5.74,0.027999999999863415,2.87,,0.0285,0.036363636363636376,0.036363636363636376,0.001,0.03508771929824561,256892.37,498359.09,755251.46,193490.5099999999,-0.31971698538656257,0.0,0.31971698538656257,572473_YES.csv,572473_YES
1771038540,2026-02-14 03:09:00,1,172.413792,5.0,0.029000000185431803,5.0,,0.0285,0.0,0.0,0.001,0.03508771929824561,256316.43,498188.15,754504.5800000001,-746.8799999998882,-0.3205702475656278,746.8799999998882,0.3205702475656278,572473_YES.csv,572473_YES
1771038720,2026-02-14 03:12:00,2,34200.0,991.6,0.02899415204678278,495.8,,0.0285,0.0,0.0,0.001,0.03508771929824561,256158.66,463878.0,720036.66,-34467.92000000004,-0.2884843946695714,34467.92000000004,0.2884843946695714,572473_YES.csv,572473_YES
1771038960,2026-02-14 03:16:00,1,303.03,8.48484,0.027999999999907602,8.48484,,0.0285,0.0,0.0,0.001,0.03508771929824561,256158.66,463878.0,720036.66,0.0,-0.2884843946695714,-0.0,0.2884843946695714,572473_YES.csv,572473_YES
1771040100,2026-02-14 03:35:00,2,33115.560000000005,959.8713300000001,0.028985508021001943,479.93566500000003,,0.0285,0.0,0.0,0.001,0.03508771929824561,256158.66,463878.0,720036.66,0.0,-0.2884843946695714,-0.0,0.2884843946695714,572473_YES.csv,572473_YES
1771040160,2026-02-14 03:36:00,1,25.72,0.72016,0.027999999998911354,0.72016,,0.0285,0.0,0.0,0.001,0.03508771929824561,94755.2,432846.9,527602.1,-192434.56000000006,-0.6408081014082393,192434.56000000006,0.6408081014082393,572473_YES.csv,572473_YES
1771040520,2026-02-14 03:42:00,1,46.8,1.3572,0.028999999999380344,1.3572,,0.0285,0.0,0.0,0.001,0.03508771929824561,92394.08,438219.07,530613.15,3011.0500000000466,-0.6517459848102143,0.0,0.6517459848102143,572473_YES.csv,572473_YES
1771040580,2026-02-14 03:43:00,1,5000.0,146.9305,0.029386099999994118,146.9305,,0.0285,0.0,0.0,0.001,0.03508771929824561,92394.08,438219.07,530613.15,0.0,-0.6517459848102143,-0.0,0.6517459848102143,572473_YES.csv,572473_YES
1771040880,2026-02-14 03:48:00,1,73.9,2.1431000000000004,0.02899999999960758,2.1431000000000004,,0.0285,0.0,0.0,0.001,0.03508771929824561,92688.39,435347.99,528036.38,-2576.7700000000186,-0.6489318027670744,2576.7700000000186,0.6489318027670744,572473_YES.csv,572473_YES
1771041000,2026-02-14 03:50:00,1,38.5,1.1165,0.028999999999246757,1.1165,,0.0285,0.0,0.0,0.001,0.03508771929824561,92688.39,435347.99,528036.38,0.0,-0.6489318027670744,-0.0,0.6489318027670744,572473_YES.csv,572473_YES
1771041360,2026-02-14 03:56:00,2,197.69,5.57382,0.02819474935490822,2.78691,,0.0285,0.0,0.0,0.001,0.03508771929824561,92688.39,435347.99,528036.38,0.0,-0.6489318027670744,-0.0,0.6489318027670744,572473_YES.csv,572473_YES
1771042200,2026-02-14 04:10:00,2,34.97,1.01364,0.02898598798887658,0.50682,,0.0285,0.0,0.0,0.001,0.03508771929824561,92688.39,435347.99,528036.38,0.0,-0.6489318027670744,-0.0,0.6489318027670744,572473_YES.csv,572473_YES
1771042980,2026-02-14 04:23:00,1,520.0,14.56,0.027999999999946155,14.56,,0.0285,0.0,0.0,0.001,0.03508771929824561,92688.39,435347.99,528036.38,0.0,-0.6489318027670744,-0.0,0.6489318027670744,572473_YES.csv,572473_YES
1771043040,2026-02-14 04:24:00,1,2000.0,56.0,0.027999999999986,56.0,,0.0285,0.0,0.0,0.001,0.03508771929824561,115639.59,414569.03,530208.62,2172.2399999999907,-0.5637958884938538,0.0,0.5637958884938538,572473_YES.csv,572473_YES
1771043340,2026-02-14 04:29:00,1,5.0,0.14,0.0279999999944,0.14,,0.0285,0.0,0.0,0.001,0.03508771929824561,115639.59,414569.03,530208.62,0.0,-0.5637958884938538,-0.0,0.5637958884938538,572473_YES.csv,572473_YES
1771043460,2026-02-14 04:31:00,1,5.0,0.14,0.0279999999944,0.14,,0.0285,0.0,0.0,0.001,0.03508771929824561,115639.59,414569.03,530208.62,0.0,-0.5637958884938538,-0.0,0.5637958884938538,572473_YES.csv,572473_YES
1771043760,2026-02-14 04:36:00,1,3103.448274,89.999999,0.028999999695168352,89.999999,,0.0285,0.0,0.0,0.001,0.03508771929824561,113761.86,420845.83,534607.6900000001,4399.070000000065,-0.5744099378742569,0.0,0.5744099378742569,572473_YES.csv,572473_YES
1771044480,2026-02-14 04:48:00,2,1002.241378,29.060000000000002,0.02899501121971337,14.530000000000001,,0.0285,0.0,0.0,0.001,0.03508771929824561,113553.59,416796.3,530349.89,-4257.800000000047,-0.5717785856427725,4257.800000000047,0.5717785856427725,572473_YES.csv,572473_YES
1771044540,2026-02-14 04:49:00,1,3096.206895,89.789999,0.028999999691548636,89.789999,,0.0285,0.0,0.0,0.001,0.03508771929824561,113553.59,416796.3,530349.89,0.0,-0.5717785856427725,-0.0,0.5717785856427725,572473_YES.csv,572473_YES
1771044720,2026-02-14 04:52:00,1,360.0,10.44,0.028999999999919448,10.44,,0.0285,0.0,0.0,0.001,0.03508771929824561,113553.59,416796.3,530349.89,0.0,-0.5717785856427725,-0.0,0.5717785856427725,572473_YES.csv,572473_YES
1771044840,2026-02-14 04:54:00,1,321.39,8.99892,0.02799999999991288,8.99892,,0.0285,0.0,0.0,0.001,0.03508771929824561,113213.47,413327.74,526541.21,-3808.680000000051,-0.5699729941365844,3808.680000000051,0.5699729941365844,572473_YES.csv,572473_YES
1771044900,2026-02-14 04:55:00,1,38.51,1.07828,0.02799999999927292,1.07828,,0.0285,0.0,0.0,0.001,0.03508771929824561,113213.47,413327.74,526541.21,0.0,-0.5699729941365844,-0.0,0.5699729941365844,572473_YES.csv,572473_YES
1771045440,2026-02-14 05:04:00,1,20314.535332,599.859999,0.029528610386428743,599.859999,,0.0285,0.0,0.0,0.001,0.03508771929824561,113213.47,413327.74,526541.21,0.0,-0.5699729941365844,-0.0,0.5699729941365844,572473_YES.csv,572473_YES
1771045680,2026-02-14 05:08:00,1,17.52,0.50808,0.02899999999834475,0.50808,,0.0285,0.0,0.0,0.001,0.03508771929824561,113213.47,413327.74,526541.21,0.0,-0.5699729941365844,-0.0,0.5699729941365844,572473_YES.csv,572473_YES
1771046040,2026-02-14 05:14:00,1,5.0,0.145,0.028999999994200002,0.145,,0.0285,0.0,0.0,0.001,0.03508771929824561,113213.47,413327.74,526541.21,0.0,-0.5699729941365844,-0.0,0.5699729941365844,572473_YES.csv,572473_YES
1771046400,2026-02-14 05:20:00,1,500.0,15.0,0.029999999999940002,15.0,,0.0285,0.0,0.0,0.001,0.03508771929824561,113213.47,413327.74,526541.21,0.0,-0.5699729941365844,-0.0,0.5699729941365844,572473_YES.csv,572473_YES
1771047120,2026-02-14 05:32:00,1,10.2,0.306,0.029999999997058824,0.306,,0.0285,0.0,0.0,0.001,0.03508771929824561,113213.47,413327.74,526541.21,0.0,-0.5699729941365844,-0.0,0.5699729941365844,572473_YES.csv,572473_YES
1771047480,2026-02-14 05:38:00,1,10.2,0.306,0.029999999997058824,0.306,,0.0285,0.0,0.0,0.001,0.03508771929824561,113213.47,413327.74,526541.21,0.0,-0.5699729941365844,-0.0,0.5699729941365844,572473_YES.csv,572473_YES
1771048440,2026-02-14 05:54:00,1,33.333332,0.999999,0.029999971199098804,0.999999,,0.0295,0.0350877192982455,0.0350877192982455,0.001,0.03389830508474576,104752.93,442648.58,547401.51,20860.300000000047,-0.6172720458882184,0.0,0.6172720458882184,572473_YES.csv,572473_YES
1771048800,2026-02-14 06:00:00,1,199.35,5.78115,0.02899999999985453,5.78115,,0.0295,0.0,0.0,0.001,0.03389830508474576,104598.84,442426.21,547025.05,-376.45999999996275,-0.6175720289226242,376.45999999996275,0.6175720289226242,572473_YES.csv,572473_YES
1771050960,2026-02-14 06:36:00,1,5.0,0.145,0.028999999994200002,0.145,,0.0295,0.0,0.0,0.001,0.03389830508474576,102352.44,441562.75,543915.19,-3109.8600000001024,-0.6236455907767533,3109.8600000001024,0.6236455907767533,572473_YES.csv,572473_YES
1771051020,2026-02-14 06:37:00,1,5.0,0.145,0.028999999994200002,0.145,,0.0295,0.0,0.0,0.001,0.03389830508474576,102352.44,441562.75,543915.19,0.0,-0.6236455907767533,-0.0,0.6236455907767533,572473_YES.csv,572473_YES
1771052100,2026-02-14 06:55:00,1,5.0,0.145,0.028999999994200002,0.145,,0.0295,0.0,0.0,0.001,0.03389830508474576,102352.44,441562.75,543915.19,0.0,-0.6236455907767533,-0.0,0.6236455907767533,572473_YES.csv,572473_YES
1771052280,2026-02-14 06:58:00,1,203.18,5.892220000000001,0.028999999999857275,5.892220000000001,,0.0295,0.0,0.0,0.001,0.03389830508474576,102352.44,441562.75,543915.19,0.0,-0.6236455907767533,-0.0,0.6236455907767533,572473_YES.csv,572473_YES
1771052340,2026-02-14 06:59:00,1,166.666665,4.999999,0.029999994299819904,4.999999,,0.0295,0.0,0.0,0.001,0.03389830508474576,102352.44,441562.75,543915.19,0.0,-0.6236455907767533,-0.0,0.6236455907767533,572473_YES.csv,572473_YES
1771052460,2026-02-14 07:01:00,1,260.0,7.54,0.028999999999888462,7.54,,0.0295,0.0,0.0,0.001,0.03389830508474576,102352.44,441562.75,543915.19,0.0,-0.6236455907767533,-0.0,0.6236455907767533,572473_YES.csv,572473_YES
1771052700,2026-02-14 07:05:00,1,324.0,9.72,0.029999999999907406,9.72,,0.0295,0.0,0.0,0.001,0.03389830508474576,102352.44,441562.75,543915.19,0.0,-0.6236455907767533,-0.0,0.6236455907767533,572473_YES.csv,572473_YES
1771052880,2026-02-14 07:08:00,1,182.65,5.29685,0.02899999999984123,5.29685,,0.0295,0.0,0.0,0.001,0.03389830508474576,102352.44,441562.75,543915.19,0.0,-0.6236455907767533,-0.0,0.6236455907767533,572473_YES.csv,572473_YES
1771052940,2026-02-14 07:09:00,1,220.0,6.38,0.028999999999868183,6.38,,0.0295,0.0,0.0,0.001,0.03389830508474576,101578.65,449310.5,550889.15,6973.960000000079,-0.6312192752389477,0.0,0.6312192752389477,572473_YES.csv,572473_YES
1771053060,2026-02-14 07:11:00,2,270.106665,7.999759,0.02961703666205488,3.9998795,,0.0295,0.0,0.0,0.001,0.03389830508474576,101578.65,449310.5,550889.15,0.0,-0.6312192752389477,-0.0,0.6312192752389477,572473_YES.csv,572473_YES
1771053420,2026-02-14 07:17:00,1,100.858332,2.9999990000000003,0.02974468187685529,2.9999990000000003,,0.0295,0.0,0.0,0.001,0.03389830508474576,101578.65,449310.5,550889.15,0.0,-0.6312192752389477,-0.0,0.6312192752389477,572473_YES.csv,572473_YES
1771053480,2026-02-14 07:18:00,1,20.51,0.59479,0.028999999998586056,0.59479,,0.0285,-0.03389830508474567,0.03389830508474567,0.001,0.03508771929824561,113387.34,427405.97,540793.3099999999,-10095.840000000084,-0.5806629338665451,10095.840000000084,0.5806629338665451,572473_YES.csv,572473_YES
1771053600,2026-02-14 07:20:00,1,5.0,0.145,0.028999999994200002,0.145,,0.0285,0.0,0.0,0.001,0.03508771929824561,113387.34,427405.97,540793.3099999999,0.0,-0.5806629338665451,-0.0,0.5806629338665451,572473_YES.csv,572473_YES
1771054140,2026-02-14 07:29:00,1,129.19,3.74651,0.028999999999775528,3.74651,,0.0285,0.0,0.0,0.001,0.03508771929824561,113387.34,427405.97,540793.3099999999,0.0,-0.5806629338665451,-0.0,0.5806629338665451,572473_YES.csv,572473_YES
1771054800,2026-02-14 07:40:00,1,1158.379665,33.999998999999995,0.02935134311078446,33.999998999999995,,0.0285,0.0,0.0,0.001,0.03508771929824561,113387.34,427405.97,540793.3099999999,0.0,-0.5806629338665451,-0.0,0.5806629338665451,572473_YES.csv,572473_YES
1771054860,2026-02-14 07:41:00,1,27.02,0.75656,0.027999999998963732,0.75656,,0.0285,0.0,0.0,0.001,0.03508771929824561,113387.34,427405.97,540793.3099999999,0.0,-0.5806629338665451,-0.0,0.5806629338665451,572473_YES.csv,572473_YES
1771055160,2026-02-14 07:46:00,3,1668.50333,49.095928,0.029425130365170152,16.365309333333332,,0.0285,0.0,0.0,0.001,0.03508771929824561,113387.34,427405.97,540793.3099999999,0.0,-0.5806629338665451,-0.0,0.5806629338665451,572473_YES.csv,572473_YES
1771055340,2026-02-14 07:49:00,1,5.0,0.145,0.028999999994200002,0.145,,0.0285,0.0,0.0,0.001,0.03508771929824561,113387.34,427405.97,540793.3099999999,0.0,-0.5806629338665451,-0.0,0.5806629338665451,572473_YES.csv,572473_YES
1771055760,2026-02-14 07:56:00,1,271.07,8.1321,0.029999999999889327,8.1321,,0.0285,0.0,0.0,0.001,0.03508771929824561,113387.34,427405.97,540793.3099999999,0.0,-0.5806629338665451,-0.0,0.5806629338665451,572473_YES.csv,572473_YES
1771055880,2026-02-14 07:58:00,1,1302.7,37.7783,0.028999999999977738,37.7783,,0.0285,0.0,0.0,0.001,0.03508771929824561,113387.34,427405.97,540793.3099999999,0.0,-0.5806629338665451,-0.0,0.5806629338665451,572473_YES.csv,572473_YES
1771055940,2026-02-14 07:59:00,3,387.39,11.12431,0.02871604842657602,3.7081033333333333,,0.0285,0.0,0.0,0.001,0.03508771929824561,113387.34,427405.97,540793.3099999999,0.0,-0.5806629338665451,-0.0,0.5806629338665451,572473_YES.csv,572473_YES
1771056000,2026-02-14 08:00:00,1,212.46,6.3738,0.0299999999998588,6.3738,,0.0295,0.0350877192982455,0.0350877192982455,0.001,0.03389830508474576,98163.65,446249.3,544412.95,3619.640000000014,-0.6393779758545421,0.0,0.6393779758545421,572473_YES.csv,572473_YES
1771056360,2026-02-14 08:06:00,1,8083.93,226.35004,0.027999999999996535,226.35004,,0.0285,-0.03389830508474567,0.03389830508474567,0.001,0.03508771929824561,109883.14,425295.16,535178.2999999999,-9234.650000000023,-0.5893587613698089,9234.650000000023,0.5893587613698089,572473_YES.csv,572473_YES
1771056720,2026-02-14 08:12:00,1,22913.760665,665.999999,0.029065503857568932,665.999999,,0.029,0.01754385964912286,0.01754385964912286,0.002,0.06896551724137931,101669.09,451904.14,553573.23,18394.93000000005,-0.632680612102576,0.0,0.632680612102576,572473_YES.csv,572473_YES
1771056900,2026-02-14 08:15:00,1,1977.666665,59.329999,0.02999999951962073,59.329999,,0.029,0.0,0.0,0.002,0.06896551724137931,101673.89,451796.04,553469.9299999999,-103.30000000004657,-0.632594710249209,103.30000000004657,0.632594710249209,572473_YES.csv,572473_YES
1771056960,2026-02-14 08:16:00,1,3333.333332,99.999999,0.029999999711991,99.999999,,0.029,0.0,0.0,0.002,0.06896551724137931,101673.89,451796.04,553469.9299999999,0.0,-0.632594710249209,-0.0,0.632594710249209,572473_YES.csv,572473_YES
1771057140,2026-02-14 08:19:00,1,43.333332,1.299999,0.029999977845460796,1.299999,,0.029,0.0,0.0,0.002,0.06896551724137931,101673.89,451796.04,553469.9299999999,0.0,-0.632594710249209,-0.0,0.632594710249209,572473_YES.csv,572473_YES
1771057860,2026-02-14 08:31:00,1,28395.0,851.85,0.029999999999998944,851.85,,0.029,0.0,0.0,0.002,0.06896551724137931,101673.89,451796.04,553469.9299999999,0.0,-0.632594710249209,-0.0,0.632594710249209,572473_YES.csv,572473_YES
1771058040,2026-02-14 08:34:00,1,54.44,1.52432,0.027999999999485672,1.52432,,0.029,0.0,0.0,0.002,0.06896551724137931,101673.89,451796.04,553469.9299999999,0.0,-0.632594710249209,-0.0,0.632594710249209,572473_YES.csv,572473_YES
1771058160,2026-02-14 08:36:00,1,7560.8,211.7024,0.027999999999996295,211.7024,,0.029,0.0,0.0,0.002,0.06896551724137931,111219.37,422712.98,533932.35,-19537.579999999958,-0.5833952747009991,19537.579999999958,0.5833952747009991,572473_YES.csv,572473_YES
1771058400,2026-02-14 08:40:00,1,10.2,0.306,0.029999999997058824,0.306,,0.029,0.0,0.0,0.002,0.06896551724137931,111219.37,422712.98,533932.35,0.0,-0.5833952747009991,-0.0,0.5833952747009991,572473_YES.csv,572473_YES
1771058580,2026-02-14 08:43:00,1,5.0,0.14,0.0279999999944,0.14,,0.029,0.0,0.0,0.002,0.06896551724137931,111219.37,422712.98,533932.35,0.0,-0.5833952747009991,-0.0,0.5833952747009991,572473_YES.csv,572473_YES
1771058640,2026-02-14 08:44:00,1,5.0,0.14,0.0279999999944,0.14,,0.029,0.0,0.0,0.002,0.06896551724137931,111219.37,422712.98,533932.35,0.0,-0.5833952747009991,-0.0,0.5833952747009991,572473_YES.csv,572473_YES
1771058700,2026-02-14 08:45:00,1,1442.1,40.3788,0.027999999999980586,40.3788,,0.029,0.0,0.0,0.002,0.06896551724137931,102324.54,427726.83,530051.37,-3880.9799999999814,-0.6139070822512921,3880.9799999999814,0.6139070822512921,572473_YES.csv,572473_YES
1771058760,2026-02-14 08:46:00,1,11185.666665,335.569999,0.02999999991506712,335.569999,,0.029,0.0,0.0,0.002,0.06896551724137931,102324.54,427726.83,530051.37,0.0,-0.6139070822512921,-0.0,0.6139070822512921,572473_YES.csv,572473_YES
1771059060,2026-02-14 08:51:00,1,10.2,0.306,0.029999999997058824,0.306,,0.029,0.0,0.0,0.002,0.06896551724137931,102389.43,416701.17,519090.6,-10960.770000000019,-0.6055045882163923,10960.770000000019,0.6055045882163923,572473_YES.csv,572473_YES
1771059120,2026-02-14 08:52:00,1,10.2,0.306,0.029999999997058824,0.306,,0.029,0.0,0.0,0.002,0.06896551724137931,102389.43,416701.17,519090.6,0.0,-0.6055045882163923,-0.0,0.6055045882163923,572473_YES.csv,572473_YES
1771059720,2026-02-14 09:02:00,2,1305.0,39.14,0.029992337164727975,19.57,,0.029,0.0,0.0,0.002,0.06896551724137931,102389.43,416701.17,519090.6,0.0,-0.6055045882163923,-0.0,0.6055045882163923,572473_YES.csv,572473_YES
1771060260,2026-02-14 09:11:00,1,125.91,3.52548,0.02799999999977762,3.52548,,0.029,0.0,0.0,0.002,0.06896551724137931,102389.43,416701.17,519090.6,0.0,-0.6055045882163923,-0.0,0.6055045882163923,572473_YES.csv,572473_YES
1771060800,2026-02-14 09:20:00,1,1515.45,42.4326,0.027999999999981522,42.4326,,0.029,0.0,0.0,0.002,0.06896551724137931,102389.43,416701.17,519090.6,0.0,-0.6055045882163923,-0.0,0.6055045882163923,572473_YES.csv,572473_YES
1771060860,2026-02-14 09:21:00,1,172.41,4.82748,0.027999999999837603,4.82748,,0.029,0.0,0.0,0.002,0.06896551724137931,120684.74,517295.4,637980.14,118889.54000000004,-0.6216661540592784,0.0,0.6216661540592784,572473_YES.csv,572473_YES
1771061220,2026-02-14 09:27:00,2,3368.333332,101.04499899999999,0.029998515301326398,50.522499499999995,,0.029,0.0,0.0,0.002,0.06896551724137931,120562.98,483518.06,604081.04,-33899.09999999998,-0.6008383908225293,33899.09999999998,0.6008383908225293,572473_YES.csv,572473_YES
1771061580,2026-02-14 09:33:00,1,1169.778,34.4,0.029407289246310465,34.4,,0.0285,-0.017241379310344862,0.017241379310344862,0.001,0.03508771929824561,120274.93,453630.7,573905.63,-30175.410000000033,-0.5808546781463009,30175.410000000033,0.5808546781463009,572473_YES.csv,572473_YES
1771062480,2026-02-14 09:48:00,1,10.2,0.2958,0.028999999997156866,0.2958,,0.0285,0.0,0.0,0.001,0.03508771929824561,119456.32,455050.09,574506.41,600.7800000000279,-0.5841427774496023,0.0,0.5841427774496023,572473_YES.csv,572473_YES
1771062600,2026-02-14 09:50:00,1,1700.0,47.6,0.02799999999998353,47.6,,0.0285,0.0,0.0,0.001,0.03508771929824561,119456.32,455050.09,574506.41,0.0,-0.5841427774496023,-0.0,0.5841427774496023,572473_YES.csv,572473_YES
1771062840,2026-02-14 09:54:00,1,1500.0,42.0,0.027999999999981335,42.0,,0.0285,0.0,0.0,0.001,0.03508771929824561,117701.19,455347.87,573049.06,-1457.3499999999767,-0.5892107736814016,1457.3499999999767,0.5892107736814016,572473_YES.csv,572473_YES
1771062900,2026-02-14 09:55:00,2,16969.52,476.6161,0.028086598795957218,238.30805,,0.0285,0.0,0.0,0.001,0.03508771929824561,117701.19,455347.87,573049.06,0.0,-0.5892107736814016,-0.0,0.5892107736814016,572473_YES.csv,572473_YES
1771063200,2026-02-14 10:00:00,1,230.0,6.44,0.027999999999878265,6.44,,0.0285,0.0,0.0,0.001,0.03508771929824561,111636.5,454179.95,565816.45,-7232.610000000102,-0.6053967678034106,7232.610000000102,0.6053967678034106,572473_YES.csv,572473_YES
1771063380,2026-02-14 10:03:00,1,100.0,2.9000000000000004,0.02899999999971,2.9000000000000004,,0.0295,0.0350877192982455,0.0350877192982455,0.001,0.03389830508474576,100139.86,478576.69,578716.55,12900.100000000093,-0.653924326166238,0.0,0.653924326166238,572473_YES.csv,572473_YES
1771063560,2026-02-14 10:06:00,1,666.666665,19.999999,0.0299999985749549,19.999999,,0.0295,0.0,0.0,0.001,0.03389830508474576,79428.33,478319.73,557748.0599999999,-20968.490000000107,-0.7151820483248297,20968.490000000107,0.7151820483248297,572473_YES.csv,572473_YES
1771065360,2026-02-14 10:36:00,1,143.33,4.013240000000001,0.02799999999980465,4.013240000000001,,0.0285,-0.03389830508474567,0.03389830508474567,0.001,0.03508771929824561,79558.34,494283.12,573841.46,16093.400000000023,-0.7227166541783162,0.0,0.7227166541783162,572473_YES.csv,572473_YES
1771065600,2026-02-14 10:40:00,1,5000.0,140.0,0.027999999999994397,140.0,,0.0285,0.0,0.0,0.001,0.03508771929824561,79558.34,494283.12,573841.46,0.0,-0.7227166541783162,-0.0,0.7227166541783162,572473_YES.csv,572473_YES
1771066140,2026-02-14 10:49:00,1,5.0,0.13,0.025999999994800002,0.13,,0.0285,0.0,0.0,0.001,0.03508771929824561,79558.34,494283.12,573841.46,0.0,-0.7227166541783162,-0.0,0.7227166541783162,572473_YES.csv,572473_YES
1771066200,2026-02-14 10:50:00,1,5.0,0.13,0.025999999994800002,0.13,,0.0285,0.0,0.0,0.001,0.03508771929824561,79558.34,494283.12,573841.46,0.0,-0.7227166541783162,-0.0,0.7227166541783162,572473_YES.csv,572473_YES
1771066680,2026-02-14 10:58:00,1,3524.0,95.148,0.026999999999992336,95.148,,0.0285,0.0,0.0,0.001,0.03508771929824561,79558.34,494283.12,573841.46,0.0,-0.7227166541783162,-0.0,0.7227166541783162,572473_YES.csv,572473_YES
1771067160,2026-02-14 11:06:00,1,3851.85185,103.999999,0.02699999975335829,103.999999,,0.0265,-0.07017543859649134,0.07017543859649134,0.001,0.03773584905660377,73075.65,263346.32,336421.97,-237419.49,-0.565571475608445,237419.49,0.565571475608445,572473_YES.csv,572473_YES
1771067280,2026-02-14 11:08:00,2,3584.488927,100.329999,0.027990042944264864,50.1649995,,0.0265,0.0,0.0,0.001,0.03773584905660377,73075.65,263346.32,336421.97,0.0,-0.565571475608445,-0.0,0.565571475608445,572473_YES.csv,572473_YES
1771067460,2026-02-14 11:11:00,1,82.0,2.27031,0.027686707316735455,2.27031,,0.0265,0.0,0.0,0.001,0.03773584905660377,73075.65,263346.32,336421.97,0.0,-0.565571475608445,-0.0,0.565571475608445,572473_YES.csv,572473_YES
1771067820,2026-02-14 11:17:00,1,100.0,2.8000000000000003,0.027999999999720002,2.8000000000000003,,0.0265,0.0,0.0,0.001,0.03773584905660377,73075.65,263346.32,336421.97,0.0,-0.565571475608445,-0.0,0.565571475608445,572473_YES.csv,572473_YES
1771068780,2026-02-14 11:33:00,1,5.0,0.135,0.0269999999946,0.135,,0.0275,0.037735849056603765,0.037735849056603765,0.001,0.03636363636363636,91759.27,441537.56,533296.83,196874.86,-0.6558791845809396,0.0,0.6558791845809396,572473_YES.csv,572473_YES
1771068840,2026-02-14 11:34:00,1,543.68,14.67936,0.026999999999950338,14.67936,,0.0275,0.0,0.0,0.001,0.03636363636363636,91759.27,441537.56,533296.83,0.0,-0.6558791845809396,-0.0,0.6558791845809396,572473_YES.csv,572473_YES
1771068900,2026-02-14 11:35:00,1,244.61,6.60447,0.02699999999988962,6.60447,,0.0275,0.0,0.0,0.001,0.03636363636363636,91759.27,441537.56,533296.83,0.0,-0.6558791845809396,-0.0,0.6558791845809396,572473_YES.csv,572473_YES
1771069260,2026-02-14 11:41:00,1,144.18,3.89286,0.026999999999812736,3.89286,,0.0275,0.0,0.0,0.001,0.03636363636363636,91759.27,441537.56,533296.83,0.0,-0.6558791845809396,-0.0,0.6558791845809396,572473_YES.csv,572473_YES
1771069500,2026-02-14 11:45:00,1,2054.44,51.361,0.024999999999987834,51.361,,0.0255,-0.07272727272727275,0.07272727272727275,0.001,0.03921568627450981,113295.69,248593.4,361889.08999999997,-171407.74,-0.3738651253620274,171407.74,0.3738651253620274,572473_YES.csv,572473_YES
1771069620,2026-02-14 11:47:00,1,100.0,2.5,0.02499999999975,2.5,,0.0255,0.0,0.0,0.001,0.03921568627450981,113295.69,248593.4,361889.08999999997,0.0,-0.3738651253620274,-0.0,0.3738651253620274,572473_YES.csv,572473_YES
1771069740,2026-02-14 11:49:00,1,2.02,0.0505,0.024999999987623762,0.0505,,0.0255,0.0,0.0,0.001,0.03921568627450981,113295.69,248593.4,361889.08999999997,0.0,-0.3738651253620274,-0.0,0.3738651253620274,572473_YES.csv,572473_YES
1771069980,2026-02-14 11:53:00,1,369.0,8.856,0.02399999999993496,8.856,,0.0255,0.0,0.0,0.001,0.03921568627450981,113295.69,248593.4,361889.08999999997,0.0,-0.3738651253620274,-0.0,0.3738651253620274,572473_YES.csv,572473_YES
1771070100,2026-02-14 11:55:00,3,282.02,7.0504999999999995,0.024999999999911354,2.3501666666666665,,0.0255,0.0,0.0,0.001,0.03921568627450981,113295.69,248593.4,361889.08999999997,0.0,-0.3738651253620274,-0.0,0.3738651253620274,572473_YES.csv,572473_YES
1771070400,2026-02-14 12:00:00,1,19960.0,499.0,0.024999999999998745,499.0,,0.0245,-0.039215686274509665,0.039215686274509665,0.001,0.04081632653061224,148573.61,100911.94,249485.55,-112403.53999999998,0.19103980170394633,112403.53999999998,0.19103980170394633,572473_YES.csv,572473_YES
1771070580,2026-02-14 12:03:00,1,781.045,20.0,0.025606719203086013,20.0,,0.0245,0.0,0.0,0.001,0.04081632653061224,149717.9,84509.41,234227.31,-15258.23999999999,0.2783983216986951,15258.23999999999,0.2783983216986951,572473_YES.csv,572473_YES
1771070640,2026-02-14 12:04:00,2,3446.3999999999996,83.16003,0.024129535167123923,41.580015,,0.0245,0.0,0.0,0.001,0.04081632653061224,149717.9,84509.41,234227.31,0.0,0.2783983216986951,-0.0,0.2783983216986951,572473_YES.csv,572473_YES
1771070880,2026-02-14 12:08:00,1,300.4,7.51,0.02499999999991678,7.51,,0.0245,0.0,0.0,0.001,0.04081632653061224,149717.9,84509.41,234227.31,0.0,0.2783983216986951,-0.0,0.2783983216986951,572473_YES.csv,572473_YES
1771071180,2026-02-14 12:13:00,1,3703.7,88.8888,0.023999999999993523,88.8888,,0.0245,0.0,0.0,0.001,0.04081632653061224,149717.9,84509.41,234227.31,0.0,0.2783983216986951,-0.0,0.2783983216986951,572473_YES.csv,572473_YES
1771071240,2026-02-14 12:14:00,1,1560.0,39.0,0.024999999999983976,39.0,,0.0245,0.0,0.0,0.001,0.04081632653061224,149717.9,84509.41,234227.31,0.0,0.2783983216986951,-0.0,0.2783983216986951,572473_YES.csv,572473_YES
1771071300,2026-02-14 12:15:00,2,6999.43,171.98631999999998,0.02457147510582653,85.99315999999999,,0.0245,0.0,0.0,0.001,0.04081632653061224,159270.88999999998,114827.62,274098.51,39871.20000000001,0.16214342062640175,0.0,0.16214342062640175,572473_YES.csv,572473_YES
1771071420,2026-02-14 12:17:00,1,29.41,0.7352500000000001,0.024999999999149952,0.7352500000000001,,0.0245,0.0,0.0,0.001,0.04081632653061224,159270.88999999998,114827.62,274098.51,0.0,0.16214342062640175,-0.0,0.16214342062640175,572473_YES.csv,572473_YES
1771071960,2026-02-14 12:26:00,1,1626.8,40.67,0.024999999999984635,40.67,,0.0245,0.0,0.0,0.001,0.04081632653061224,159270.88999999998,114827.62,274098.51,0.0,0.16214342062640175,-0.0,0.16214342062640175,572473_YES.csv,572473_YES
1771072080,2026-02-14 12:28:00,3,774.0,18.35,0.023708010335886685,6.116666666666667,,0.0245,0.0,0.0,0.001,0.04081632653061224,159270.88999999998,114827.62,274098.51,0.0,0.16214342062640175,-0.0,0.16214342062640175,572473_YES.csv,572473_YES
1771072140,2026-02-14 12:29:00,1,1000.0,25.0,0.024999999999975,25.0,,0.0245,0.0,0.0,0.001,0.04081632653061224,159270.88999999998,114827.62,274098.51,0.0,0.16214342062640175,-0.0,0.16214342062640175,572473_YES.csv,572473_YES
1771072320,2026-02-14 12:32:00,1,125.0,3.0,0.023999999999807998,3.0,,0.0245,0.0,0.0,0.001,0.04081632653061224,159270.88999999998,114827.62,274098.51,0.0,0.16214342062640175,-0.0,0.16214342062640175,572473_YES.csv,572473_YES
1771072380,2026-02-14 12:33:00,1,340.91,7.84093,0.022999999999932533,7.84093,,0.0235,-0.04081632653061229,0.04081632653061229,0.001,0.0425531914893617,205322.3,93538.81,298861.11,24762.599999999977,0.3740315693801713,0.0,0.3740315693801713,572473_YES.csv,572473_YES
1771072680,2026-02-14 12:38:00,1,3368.75,80.85000000000001,0.023999999999992878,80.85000000000001,,0.0235,0.0,0.0,0.001,0.0425531914893617,205322.3,93538.81,298861.11,0.0,0.3740315693801713,-0.0,0.3740315693801713,572473_YES.csv,572473_YES
1771072860,2026-02-14 12:41:00,1,1539.54,35.40942,0.02299999999998506,35.40942,,0.0235,0.0,0.0,0.001,0.0425531914893617,205322.3,93538.81,298861.11,0.0,0.3740315693801713,-0.0,0.3740315693801713,572473_YES.csv,572473_YES
1771073040,2026-02-14 12:44:00,1,715.0,16.445,0.022999999999967834,16.445,,0.0235,0.0,0.0,0.001,0.0425531914893617,205322.3,93538.81,298861.11,0.0,0.3740315693801713,-0.0,0.3740315693801713,572473_YES.csv,572473_YES
1771073340,2026-02-14 12:49:00,1,12500.0,300.0,0.02399999999999808,300.0,,0.0235,0.0,0.0,0.001,0.0425531914893617,205322.3,93538.81,298861.11,0.0,0.3740315693801713,-0.0,0.3740315693801713,572473_YES.csv,572473_YES
1771073460,2026-02-14 12:51:00,1,446.43,10.71432,0.02399999999994624,10.71432,,0.0235,0.0,0.0,0.001,0.0425531914893617,201930.56,101549.85,303480.41000000003,4619.300000000047,0.3307650401553101,0.0,0.3307650401553101,572473_YES.csv,572473_YES
1771073640,2026-02-14 12:54:00,1,5.0,0.12,0.0239999999952,0.12,,0.0245,0.042553191489361764,0.042553191489361764,0.001,0.04081632653061224,205893.17,114564.91,320458.08,16977.669999999984,0.28499284524203605,0.0,0.28499284524203605,572473_YES.csv,572473_YES
1771073760,2026-02-14 12:56:00,2,57.0,1.3263500000000001,0.023269298245205742,0.6631750000000001,,0.0245,0.0,0.0,0.001,0.04081632653061224,205893.17,114564.91,320458.08,0.0,0.28499284524203605,-0.0,0.28499284524203605,572473_YES.csv,572473_YES
1771073820,2026-02-14 12:57:00,1,550.8,13.77,0.024999999999954614,13.77,,0.024,-0.020408163265306145,0.020408163265306145,0.002,0.08333333333333333,206149.1,144925.05,351074.15,30616.070000000007,0.17439065223115977,0.0,0.17439065223115977,572473_YES.csv,572473_YES
1771073880,2026-02-14 12:58:00,1,85.97,1.97731,0.022999999999732464,1.97731,,0.024,0.0,0.0,0.002,0.08333333333333333,206149.1,144925.05,351074.15,0.0,0.17439065223115977,-0.0,0.17439065223115977,572473_YES.csv,572473_YES
1771074600,2026-02-14 13:10:00,1,141.13,3.24599,0.022999999999837033,3.24599,,0.024,0.0,0.0,0.002,0.08333333333333333,206149.1,144925.05,351074.15,0.0,0.17439065223115977,-0.0,0.17439065223115977,572473_YES.csv,572473_YES
1771074720,2026-02-14 13:12:00,1,93.75,2.25,0.023999999999744,2.25,,0.0235,-0.02083333333333337,0.02083333333333337,0.001,0.0425531914893617,206047.77,115293.08,321340.85,-29733.300000000047,0.28242500136537263,29733.300000000047,0.28242500136537263,572473_YES.csv,572473_YES
1771074780,2026-02-14 13:13:00,1,5.0,0.1149999999999999,0.0229999999954,0.1149999999999999,,0.0235,0.0,0.0,0.001,0.0425531914893617,206047.77,115293.08,321340.85,0.0,0.28242500136537263,-0.0,0.28242500136537263,572473_YES.csv,572473_YES
1771075140,2026-02-14 13:19:00,1,100.0,2.4,0.023999999999759998,2.4,,0.0235,0.0,0.0,0.001,0.0425531914893617,206047.77,115293.08,321340.85,0.0,0.28242500136537263,-0.0,0.28242500136537263,572473_YES.csv,572473_YES
1771075200,2026-02-14 13:20:00,1,208.333332,5.0,0.024000000153484802,5.0,,0.0235,0.0,0.0,0.001,0.0425531914893617,206047.77,115293.08,321340.85,0.0,0.28242500136537263,-0.0,0.28242500136537263,572473_YES.csv,572473_YES
1771075380,2026-02-14 13:23:00,1,4166.666665,99.999999,0.023999999769594237,99.999999,,0.0235,0.0,0.0,0.001,0.0425531914893617,206047.77,115293.08,321340.85,0.0,0.28242500136537263,-0.0,0.28242500136537263,572473_YES.csv,572473_YES
1771075440,2026-02-14 13:24:00,1,416.666665,9.999999,0.0239999976959423,9.999999,,0.0235,0.0,0.0,0.001,0.0425531914893617,209090.81,92478.52,301569.33,-19771.51999999996,0.3866848462341976,19771.51999999996,0.3866848462341976,572473_YES.csv,572473_YES
1771075500,2026-02-14 13:25:00,1,208.333332,5.0,0.024000000153484802,5.0,,0.0235,0.0,0.0,0.001,0.0425531914893617,209090.81,92478.52,301569.33,0.0,0.3866848462341976,-0.0,0.3866848462341976,572473_YES.csv,572473_YES
1771075620,2026-02-14 13:27:00,1,204.166665,4.899999,0.023999995297841553,4.899999,,0.0235,0.0,0.0,0.001,0.0425531914893617,209090.81,92476.28,301567.08999999997,-2.2400000000488944,0.38669514634372076,2.2400000000488944,0.38669514634372076,572473_YES.csv,572473_YES
1771075740,2026-02-14 13:29:00,1,206.4416,5.0,0.024219924666228982,5.0,,0.0235,0.0,0.0,0.001,0.0425531914893617,209090.81,92476.28,301567.08999999997,0.0,0.38669514634372076,-0.0,0.38669514634372076,572473_YES.csv,572473_YES
1771075800,2026-02-14 13:30:00,2,5336.69,122.74387,0.022999999999995687,61.371935,,0.024,0.02127659574468077,0.02127659574468077,0.002,0.08333333333333333,238914.22,115341.37,354255.58999999997,52688.5,0.3488239945627958,0.0,0.3488239945627958,572473_YES.csv,572473_YES
1771075920,2026-02-14 13:32:00,3,1204.0,29.896,0.024830564784032533,9.965333333333334,,0.024,0.0,0.0,0.002,0.08333333333333333,238914.22,115341.37,354255.58999999997,0.0,0.3488239945627958,-0.0,0.3488239945627958,572473_YES.csv,572473_YES
1771076280,2026-02-14 13:38:00,3,7445.58,182.69392,0.02453723148498511,60.89797333333333,,0.024,0.0,0.0,0.002,0.08333333333333333,238914.22,115341.37,354255.58999999997,0.0,0.3488239945627958,-0.0,0.3488239945627958,572473_YES.csv,572473_YES
1771076460,2026-02-14 13:41:00,1,4000.0,100.0,0.02499999999999375,100.0,,0.024,0.0,0.0,0.002,0.08333333333333333,238914.22,115341.37,354255.58999999997,0.0,0.3488239945627958,-0.0,0.3488239945627958,572473_YES.csv,572473_YES
1771077000,2026-02-14 13:50:00,1,60.6,1.4544,0.023999999999603963,1.4544,,0.024,0.0,0.0,0.002,0.08333333333333333,238914.22,115341.37,354255.58999999997,0.0,0.3488239945627958,-0.0,0.3488239945627958,572473_YES.csv,572473_YES
1771077240,2026-02-14 13:54:00,1,9509.6,237.74,0.02499999999999737,237.74,,0.0245,0.02083333333333326,0.02083333333333326,0.001,0.04081632653061224,182205.79,108114.27,290320.06,-63935.52999999997,0.25520634020260263,63935.52999999997,0.25520634020260263,572473_YES.csv,572473_YES
1771077360,2026-02-14 13:56:00,2,10000.0,250.0,0.0249999999999975,125.0,,0.0245,0.0,0.0,0.001,0.04081632653061224,182205.79,108114.27,290320.06,0.0,0.25520634020260263,-0.0,0.25520634020260263,572473_YES.csv,572473_YES
1771077480,2026-02-14 13:58:00,2,13654.31,341.35775,0.02499999999999817,170.678875,,0.0245,0.0,0.0,0.001,0.04081632653061224,182205.79,108114.27,290320.06,0.0,0.25520634020260263,-0.0,0.25520634020260263,572473_YES.csv,572473_YES
1771077600,2026-02-14 14:00:00,1,179.49,4.48725,0.02499999999986072,4.48725,,0.0255,0.04081632653061207,0.04081632653061207,0.001,0.03921568627450981,159768.38999999998,195630.77,355399.16,65079.09999999998,-0.1009073291000463,0.0,0.1009073291000463,572473_YES.csv,572473_YES
1771078560,2026-02-14 14:16:00,1,68.076923,1.7699999999999998,0.026000000028996575,1.7699999999999998,,0.0255,0.0,0.0,0.001,0.03921568627450981,159768.38999999998,195630.77,355399.16,0.0,-0.1009073291000463,-0.0,0.1009073291000463,572473_YES.csv,572473_YES
1771079940,2026-02-14 14:39:00,2,186.45999999999998,4.6615,0.024999999999865928,2.33075,,0.0245,-0.039215686274509665,0.039215686274509665,0.001,0.04081632653061224,186074.41,88000.11,274074.52,-81324.63999999996,0.3578380799499348,81324.63999999996,0.3578380799499348,572473_YES.csv,572473_YES
1771080420,2026-02-14 14:47:00,2,1553.88,38.847,0.02499999999998391,19.4235,,0.0245,0.0,0.0,0.001,0.04081632653061224,186074.41,88000.11,274074.52,0.0,0.3578380799499348,-0.0,0.3578380799499348,572473_YES.csv,572473_YES
1771080480,2026-02-14 14:48:00,1,25.64,0.641,0.024999999999024962,0.641,,0.0255,0.04081632653061207,0.04081632653061207,0.001,0.03921568627450981,160876.15,198434.34,359310.49,85235.96999999997,-0.10452850959068856,0.0,0.10452850959068856,572473_YES.csv,572473_YES
1771080780,2026-02-14 14:53:00,1,3000.0,78.0,0.025999999999991332,78.0,,0.0255,0.0,0.0,0.001,0.03921568627450981,160876.15,198434.34,359310.49,0.0,-0.10452850959068856,-0.0,0.10452850959068856,572473_YES.csv,572473_YES
1771081020,2026-02-14 14:57:00,1,38.461537,0.999999,0.025999974987323003,0.999999,,0.0255,0.0,0.0,0.001,0.03921568627450981,187937.16,199531.52,387468.68,28158.190000000002,-0.029923347610960417,0.0,0.029923347610960417,572473_YES.csv,572473_YES
1771081140,2026-02-14 14:59:00,1,18703.44,504.99288,0.026999999999998556,504.99288,,0.0255,0.0,0.0,0.001,0.03921568627450981,187937.16,199531.52,387468.68,0.0,-0.029923347610960417,-0.0,0.029923347610960417,572473_YES.csv,572473_YES
1771081200,2026-02-14 15:00:00,1,5.0,0.13,0.025999999994800002,0.13,,0.0265,0.03921568627450989,0.03921568627450989,0.001,0.03773584905660377,118962.44,398854.41,517816.85,130348.16999999998,-0.540523101942318,0.0,0.540523101942318,572473_YES.csv,572473_YES
1771081260,2026-02-14 15:01:00,1,69601.870665,1998.949999,0.028719774050629886,1998.949999,,0.0265,0.0,0.0,0.001,0.03773584905660377,118962.44,398854.41,517816.85,0.0,-0.540523101942318,-0.0,0.540523101942318,572473_YES.csv,572473_YES
1771081320,2026-02-14 15:02:00,2,100.75,2.90675,0.02885111662502381,1.453375,,0.0265,0.0,0.0,0.001,0.03773584905660377,118962.44,398854.41,517816.85,0.0,-0.540523101942318,-0.0,0.540523101942318,572473_YES.csv,572473_YES
1771081800,2026-02-14 15:10:00,1,5000.0,145.0,0.028999999999994197,145.0,,0.0265,0.0,0.0,0.001,0.03773584905660377,118962.44,398854.41,517816.85,0.0,-0.540523101942318,-0.0,0.540523101942318,572473_YES.csv,572473_YES
1771081860,2026-02-14 15:11:00,2,5050.0,146.45,0.028999999999994253,73.225,,0.0265,0.0,0.0,0.001,0.03773584905660377,118962.44,398854.41,517816.85,0.0,-0.540523101942318,-0.0,0.540523101942318,572473_YES.csv,572473_YES
1771081920,2026-02-14 15:12:00,1,422.18,12.24322,0.02899999999993131,12.24322,,0.0295,0.1132075471698113,0.1132075471698113,0.001,0.03389830508474576,1268025.96,617826.71,1885852.67,1368035.8199999998,0.34477733088237483,0.0,0.34477733088237483,572473_YES.csv,572473_YES
1771082040,2026-02-14 15:14:00,1,33.33,0.9999,0.029999999999099913,0.9999,,0.0295,0.0,0.0,0.001,0.03389830508474576,1268025.96,617826.71,1885852.67,0.0,0.34477733088237483,-0.0,0.34477733088237483,572473_YES.csv,572473_YES
1771082280,2026-02-14 15:18:00,1,65.333332,1.959999,0.029999985305662915,1.959999,,0.0295,0.0,0.0,0.001,0.03389830508474576,1246341.7,617671.41,1864013.1099999999,-21839.560000000056,0.337267096796331,21839.560000000056,0.337267096796331,572473_YES.csv,572473_YES
1771082340,2026-02-14 15:19:00,2,70.333332,2.104999,0.029928896301544022,1.0524995,,0.0295,0.0,0.0,0.001,0.03389830508474576,1246341.7,617671.41,1864013.1099999999,0.0,0.337267096796331,-0.0,0.337267096796331,572473_YES.csv,572473_YES
1771082760,2026-02-14 15:26:00,1,50.0,1.5,0.029999999999400003,1.5,,0.0295,0.0,0.0,0.001,0.03389830508474576,1246341.7,617671.41,1864013.1099999999,0.0,0.337267096796331,-0.0,0.337267096796331,572473_YES.csv,572473_YES
1771082820,2026-02-14 15:27:00,1,100.0,2.9000000000000004,0.02899999999971,2.9000000000000004,,0.0295,0.0,0.0,0.001,0.03389830508474576,1239944.1800000002,503509.46,1743453.6400000001,-120559.46999999974,0.4223999440558684,120559.46999999974,0.4223999440558684,572473_YES.csv,572473_YES
1771083540,2026-02-14 15:39:00,1,601.525,18.02,0.029957192136602796,18.02,,0.029,-0.016949152542372725,0.016949152542372725,0.002,0.06896551724137931,1242717.6,494474.0,1737191.6,-6262.040000000037,0.43072024985614715,6262.040000000037,0.43072024985614715,572473_YES.csv,572473_YES
1771083900,2026-02-14 15:45:00,1,5.0,0.14,0.0279999999944,0.14,,0.0285,-0.017241379310344862,0.017241379310344862,0.001,0.03508771929824561,1242632.12,444908.62,1687540.7400000002,-49650.85999999987,0.47271362467966255,49650.85999999987,0.47271362467966255,572473_YES.csv,572473_YES
1771084080,2026-02-14 15:48:00,2,425.75,12.44675,0.029234879624123935,6.223375,,0.0295,0.0350877192982455,0.0350877192982455,0.001,0.03389830508474576,1244122.19,447828.63,1691950.8199999998,4410.079999999609,0.47063635100221174,0.0,0.47063635100221174,572473_YES.csv,572473_YES
1771084260,2026-02-14 15:51:00,1,66.666665,1.999999,0.0299999857495496,1.999999,,0.0295,0.0,0.0,0.001,0.03389830508474576,1244074.6,446653.5,1690728.1,-1222.7199999997392,0.47164360727192034,1222.7199999997392,0.47164360727192034,572473_YES.csv,572473_YES
1771084440,2026-02-14 15:54:00,1,66.666665,1.999999,0.0299999857495496,1.999999,,0.0295,0.0,0.0,0.001,0.03389830508474576,1244016.23,446595.13,1690611.3599999999,-116.74000000022352,0.4716761751796108,116.74000000022352,0.4716761751796108,572473_YES.csv,572473_YES
1771084620,2026-02-14 15:57:00,1,4.0,0.116,0.028999999992750002,0.116,,0.0295,0.0,0.0,0.001,0.03389830508474576,1247018.29,447410.82,1694429.11,3817.750000000233,0.4719037611434803,0.0,0.4719037611434803,572473_YES.csv,572473_YES
1771084860,2026-02-14 16:01:00,4,1777.925514,50.670878,0.02850000047863169,12.6677195,,0.0295,0.0,0.0,0.001,0.03389830508474576,1247018.29,447410.82,1694429.11,0.0,0.4719037611434803,-0.0,0.4719037611434803,572473_YES.csv,572473_YES
1771084920,2026-02-14 16:02:00,1,100.0,2.9000000000000004,0.02899999999971,2.9000000000000004,,0.0295,0.0,0.0,0.001,0.03389830508474576,1247018.29,447410.82,1694429.11,0.0,0.4719037611434803,-0.0,0.4719037611434803,572473_YES.csv,572473_YES
1771084980,2026-02-14 16:03:00,3,237.925516,6.8308800000000005,0.028710161544721793,2.2769600000000003,,0.0285,-0.03389830508474567,0.03389830508474567,0.001,0.03508771929824561,1240989.03,486807.27,1727796.3,33367.189999999944,0.4364992331561307,0.0,0.4364992331561307,572473_YES.csv,572473_YES
1771085040,2026-02-14 16:04:00,1,50000.0,1450.0,0.028999999999999422,1450.0,,0.0285,0.0,0.0,0.001,0.03508771929824561,1240989.03,486807.27,1727796.3,0.0,0.4364992331561307,-0.0,0.4364992331561307,572473_YES.csv,572473_YES
1771085160,2026-02-14 16:06:00,1,3900.0,113.1,0.028999999999992566,113.1,,0.0285,0.0,0.0,0.001,0.03508771929824561,1240868.1800000002,475501.78,1716369.9600000002,-11426.339999999851,0.44592157742029,11426.339999999851,0.44592157742029,572473_YES.csv,572473_YES
1771085280,2026-02-14 16:08:00,2,8500.0,246.5,0.028999999999996588,123.25,,0.0285,0.0,0.0,0.001,0.03508771929824561,1240868.1800000002,475501.78,1716369.9600000002,0.0,0.44592157742029,-0.0,0.44592157742029,572473_YES.csv,572473_YES
1771085580,2026-02-14 16:13:00,1,399.310343,11.579999,0.028999997628338377,11.579999,,0.0285,0.0,0.0,0.001,0.03508771929824561,1240868.1800000002,475501.78,1716369.9600000002,0.0,0.44592157742029,-0.0,0.44592157742029,572473_YES.csv,572473_YES
1771085640,2026-02-14 16:14:00,2,1824.137931,52.9,0.029000000000532305,26.45,,0.0285,0.0,0.0,0.001,0.03508771929824561,1240868.1800000002,475501.78,1716369.9600000002,0.0,0.44592157742029,-0.0,0.44592157742029,572473_YES.csv,572473_YES
1771085760,2026-02-14 16:16:00,1,357.0,9.996,0.02799999999992157,9.996,,0.0285,0.0,0.0,0.001,0.03508771929824561,1240868.1800000002,475501.78,1716369.9600000002,0.0,0.44592157742029,-0.0,0.44592157742029,572473_YES.csv,572473_YES
1771086120,2026-02-14 16:22:00,1,37.0,1.073,0.02899999999921622,1.073,,0.0285,0.0,0.0,0.001,0.03508771929824561,1240868.1800000002,475501.78,1716369.9600000002,0.0,0.44592157742029,-0.0,0.44592157742029,572473_YES.csv,572473_YES
1771086180,2026-02-14 16:23:00,1,1310.344826,37.999999,0.02899999927192517,37.999999,,0.0285,0.0,0.0,0.001,0.03508771929824561,1240868.1800000002,475501.78,1716369.9600000002,0.0,0.44592157742029,-0.0,0.44592157742029,572473_YES.csv,572473_YES
1771086240,2026-02-14 16:24:00,1,150.0,4.3500000000000005,0.028999999999806673,4.3500000000000005,,0.0285,0.0,0.0,0.001,0.03508771929824561,1240683.1,460471.99,1701155.09,-15214.870000000112,0.4586360847322863,15214.870000000112,0.4586360847322863,572473_YES.csv,572473_YES
1771086360,2026-02-14 16:26:00,1,574.137931,16.65,0.029000000001691187,16.65,,0.0285,0.0,0.0,0.001,0.03508771929824561,1240683.1,460471.99,1701155.09,0.0,0.4586360847322863,-0.0,0.4586360847322863,572473_YES.csv,572473_YES
1771086660,2026-02-14 16:31:00,1,4823.793102,139.889999,0.028999999801395088,139.889999,,0.0285,0.0,0.0,0.001,0.03508771929824561,1240683.1,460471.99,1701155.09,0.0,0.4586360847322863,-0.0,0.4586360847322863,572473_YES.csv,572473_YES
1771086780,2026-02-14 16:33:00,1,666.666665,19.999999,0.0299999985749549,19.999999,,0.0295,0.0350877192982455,0.0350877192982455,0.001,0.03389830508474576,1239062.78,449801.36,1688864.1400000001,-12290.949999999953,0.46733268905810266,12290.949999999953,0.46733268905810266,572473_YES.csv,572473_YES
1771086900,2026-02-14 16:35:00,1,18533.333332,555.999999,0.02999999994819978,555.999999,,0.0295,0.0,0.0,0.001,0.03389830508474576,1239062.78,449801.36,1688864.1400000001,0.0,0.46733268905810266,-0.0,0.46733268905810266,572473_YES.csv,572473_YES
1771086960,2026-02-14 16:36:00,1,346.2,10.0398,0.028999999999916235,10.0398,,0.0295,0.0,0.0,0.001,0.03389830508474576,1239053.29,430794.04,1669847.33,-19016.810000000056,0.48403182463393224,19016.810000000056,0.48403182463393224,572473_YES.csv,572473_YES
1771087080,2026-02-14 16:38:00,2,1634.706665,48.073159000000004,0.029407819781520576,24.036579500000002,,0.0295,0.0,0.0,0.001,0.03389830508474576,1239053.29,430794.04,1669847.33,0.0,0.48403182463393224,-0.0,0.48403182463393224,572473_YES.csv,572473_YES
1771087260,2026-02-14 16:41:00,1,950.0,27.55,0.028999999999969474,27.55,,0.0295,0.0,0.0,0.001,0.03389830508474576,1239053.29,430794.04,1669847.33,0.0,0.48403182463393224,-0.0,0.48403182463393224,572473_YES.csv,572473_YES
1771087380,2026-02-14 16:43:00,1,33.33,0.9999,0.029999999999099913,0.9999,,0.0295,0.0,0.0,0.001,0.03389830508474576,1239053.29,430794.04,1669847.33,0.0,0.48403182463393224,-0.0,0.48403182463393224,572473_YES.csv,572473_YES
1771087680,2026-02-14 16:48:00,1,1666.666665,49.999999,0.029999999429982,49.999999,,0.0295,0.0,0.0,0.001,0.03389830508474576,43777.63,271470.02,315247.65,-1354599.6800000002,-0.7222651461477984,1354599.6800000002,0.7222651461477984,572473_YES.csv,572473_YES
1771088160,2026-02-14 16:56:00,1,1515.15,42.424200000000006,0.027999999999981522,42.424200000000006,,0.0295,0.0,0.0,0.001,0.03389830508474576,43777.63,271470.02,315247.65,0.0,-0.7222651461477984,-0.0,0.7222651461477984,572473_YES.csv,572473_YES
1771088760,2026-02-14 17:06:00,1,208.0,6.032,0.02899999999986058,6.032,,0.0295,0.0,0.0,0.001,0.03389830508474576,1136008.39,279591.05,1415599.44,1100351.79,0.6049856448092406,0.0,0.6049856448092406,572473_YES.csv,572473_YES
1771088820,2026-02-14 17:07:00,1,5.0,0.145,0.028999999994200002,0.145,,0.0295,0.0,0.0,0.001,0.03389830508474576,1136008.39,279591.05,1415599.44,0.0,0.6049856448092406,-0.0,0.6049856448092406,572473_YES.csv,572473_YES
1771088940,2026-02-14 17:09:00,1,5.0,0.145,0.028999999994200002,0.145,,0.0295,0.0,0.0,0.001,0.03389830508474576,1136069.85,272835.75,1408905.6,-6693.839999999851,0.6126983241460606,6693.839999999851,0.6126983241460606,572473_YES.csv,572473_YES
1771089660,2026-02-14 17:21:00,1,10.2,0.306,0.029999999997058824,0.306,,0.0295,0.0,0.0,0.001,0.03389830508474576,1120200.33,254663.32,1374863.6500000001,-34041.94999999995,0.6295438896795329,34041.94999999995,0.6295438896795329,572473_YES.csv,572473_YES
1771089720,2026-02-14 17:22:00,1,767.64,22.26156,0.028999999999962223,22.26156,,0.0295,0.0,0.0,0.001,0.03389830508474576,1120200.33,254663.32,1374863.6500000001,0.0,0.6295438896795329,-0.0,0.6295438896795329,572473_YES.csv,572473_YES
1771089780,2026-02-14 17:23:00,1,35.15,1.01935,0.028999999999174967,1.01935,,0.0295,0.0,0.0,0.001,0.03389830508474576,1120200.33,254663.32,1374863.6500000001,0.0,0.6295438896795329,-0.0,0.6295438896795329,572473_YES.csv,572473_YES
1771089900,2026-02-14 17:25:00,1,166.666665,4.999999,0.029999994299819904,4.999999,,0.0295,0.0,0.0,0.001,0.03389830508474576,1120200.33,254663.32,1374863.6500000001,0.0,0.6295438896795329,-0.0,0.6295438896795329,572473_YES.csv,572473_YES
1771089960,2026-02-14 17:26:00,1,5.0,0.145,0.028999999994200002,0.145,,0.0295,0.0,0.0,0.001,0.03389830508474576,1120200.33,254663.32,1374863.6500000001,0.0,0.6295438896795329,-0.0,0.6295438896795329,572473_YES.csv,572473_YES
1771090080,2026-02-14 17:28:00,1,66.666665,1.999999,0.0299999857495496,1.999999,,0.0295,0.0,0.0,0.001,0.03389830508474576,1120200.33,254663.32,1374863.6500000001,0.0,0.6295438896795329,-0.0,0.6295438896795329,572473_YES.csv,572473_YES
1771090320,2026-02-14 17:32:00,1,1100.0,33.0,0.02999999999997273,33.0,,0.0295,0.0,0.0,0.001,0.03389830508474576,1120200.33,254663.32,1374863.6500000001,0.0,0.6295438896795329,-0.0,0.6295438896795329,572473_YES.csv,572473_YES
1771090500,2026-02-14 17:35:00,1,5000.0,145.0,0.028999999999994197,145.0,,0.0295,0.0,0.0,0.001,0.03389830508474576,1120200.33,254663.32,1374863.6500000001,0.0,0.6295438896795329,-0.0,0.6295438896795329,572473_YES.csv,572473_YES
1771090800,2026-02-14 17:40:00,1,166.666665,4.999999,0.029999994299819904,4.999999,,0.0295,0.0,0.0,0.001,0.03389830508474576,1120200.33,254663.32,1374863.6500000001,0.0,0.6295438896795329,-0.0,0.6295438896795329,572473_YES.csv,572473_YES
1771091100,2026-02-14 17:45:00,1,254.64,7.639199999999999,0.029999999999882183,7.639199999999999,,0.0295,0.0,0.0,0.001,0.03389830508474576,1099495.9200000002,243190.25,1342686.1700000002,-32177.47999999998,0.6377556342894335,32177.47999999998,0.6377556342894335,572473_YES.csv,572473_YES
1771091160,2026-02-14 17:46:00,3,446.02,13.05699,0.029274449576186554,4.35233,,0.0295,0.0,0.0,0.001,0.03389830508474576,1099495.9200000002,243190.25,1342686.1700000002,0.0,0.6377556342894335,-0.0,0.6377556342894335,572473_YES.csv,572473_YES
1771091220,2026-02-14 17:47:00,1,688.5,20.655,0.029999999999956423,20.655,,0.0295,0.0,0.0,0.001,0.03389830508474576,1099495.9200000002,243190.25,1342686.1700000002,0.0,0.6377556342894335,-0.0,0.6377556342894335,572473_YES.csv,572473_YES
1771091280,2026-02-14 17:48:00,1,5000.0,150.0,0.029999999999993997,150.0,,0.0305,0.033898305084745894,0.033898305084745894,0.001,0.03278688524590164,1103818.4,295157.72,1398976.1199999999,56289.94999999972,0.5780375150363539,0.0,0.5780375150363539,572473_YES.csv,572473_YES
1771091520,2026-02-14 17:52:00,1,5.0,0.15,0.029999999994,0.15,,0.0305,0.0,0.0,0.001,0.03278688524590164,1103818.4,295157.72,1398976.1199999999,0.0,0.5780375150363539,-0.0,0.5780375150363539,572473_YES.csv,572473_YES
1771091700,2026-02-14 17:55:00,1,322.580644,10.0,0.0310000001115039,10.0,,0.0305,0.0,0.0,0.001,0.03278688524590164,1103818.4,295157.72,1398976.1199999999,0.0,0.5780375150363539,-0.0,0.5780375150363539,572473_YES.csv,572473_YES
1771092240,2026-02-14 18:04:00,1,172.51,5.175299999999999,0.029999999999826096,5.175299999999999,,0.0305,0.0,0.0,0.001,0.03278688524590164,1103818.4,295157.72,1398976.1199999999,0.0,0.5780375150363539,-0.0,0.5780375150363539,572473_YES.csv,572473_YES
1771092300,2026-02-14 18:05:00,2,331.21666500000003,9.936499,0.029999997131696248,4.9682495,,0.0305,0.0,0.0,0.001,0.03278688524590164,1103818.4,295157.72,1398976.1199999999,0.0,0.5780375150363539,-0.0,0.5780375150363539,572473_YES.csv,572473_YES
1771092720,2026-02-14 18:12:00,2,612.1700000000001,17.752930000000003,0.02899999999995263,8.876465000000001,,0.0295,-0.032786885245901676,0.032786885245901676,0.001,0.03389830508474576,1082355.03,238013.28,1320368.31,-78607.80999999982,0.6394744130143505,78607.80999999982,0.6394744130143505,572473_YES.csv,572473_YES
1771092840,2026-02-14 18:14:00,1,34.47,0.99963,0.028999999999158692,0.99963,,0.0295,0.0,0.0,0.001,0.03389830508474576,1082355.03,238013.28,1320368.31,0.0,0.6394744130143505,-0.0,0.6394744130143505,572473_YES.csv,572473_YES
1771092900,2026-02-14 18:15:00,7,2499.98,72.49942,0.0289999999999884,10.35706,,0.0295,0.0,0.0,0.001,0.03389830508474576,1079787.36,237600.28,1317387.6400000001,-2980.6699999999255,0.6392857002969908,2980.6699999999255,0.6392857002969908,572473_YES.csv,572473_YES
1771093020,2026-02-14 18:17:00,1,10.0,0.3,0.029999999997,0.3,,0.0295,0.0,0.0,0.001,0.03389830508474576,1079787.36,237600.28,1317387.6400000001,0.0,0.6392857002969908,-0.0,0.6392857002969908,572473_YES.csv,572473_YES
1771093140,2026-02-14 18:19:00,2,1387.960966,42.071469,0.03031170906860332,21.0357345,,0.0295,0.0,0.0,0.001,0.03389830508474576,1079787.36,237600.28,1317387.6400000001,0.0,0.6392857002969908,-0.0,0.6392857002969908,572473_YES.csv,572473_YES
1771093320,2026-02-14 18:22:00,1,1296.774192,40.199999,0.030999999265846692,40.199999,,0.0295,0.0,0.0,0.001,0.03389830508474576,1079787.36,237600.28,1317387.6400000001,0.0,0.6392857002969908,-0.0,0.6392857002969908,572473_YES.csv,572473_YES
1771093620,2026-02-14 18:27:00,1,1176.47,34.117630000000005,0.028999999999975355,34.117630000000005,,0.03,0.016949152542372836,0.016949152542372836,0.002,0.06666666666666667,1077814.39,277702.51,1355516.9,38129.25999999978,0.590263301032986,0.0,0.590263301032986,572473_YES.csv,572473_YES
1771094220,2026-02-14 18:37:00,1,517.741934,16.049999,0.030999998157323228,16.049999,,0.03,0.0,0.0,0.002,0.06666666666666667,1077814.39,277702.51,1355516.9,0.0,0.590263301032986,-0.0,0.590263301032986,572473_YES.csv,572473_YES
1771094460,2026-02-14 18:41:00,1,161.290321,4.999999000000001,0.0309999941036077,4.999999000000001,,0.03,0.0,0.0,0.002,0.06666666666666667,1077814.39,277702.51,1355516.9,0.0,0.590263301032986,-0.0,0.590263301032986,572473_YES.csv,572473_YES
1771094640,2026-02-14 18:44:00,1,1070.83,32.1249,0.029999999999971983,32.1249,,0.03,0.0,0.0,0.002,0.06666666666666667,1077814.39,277702.51,1355516.9,0.0,0.590263301032986,-0.0,0.590263301032986,572473_YES.csv,572473_YES
1771094820,2026-02-14 18:47:00,2,2058.0,61.798,0.0300281827016375,30.899,,0.03,0.0,0.0,0.002,0.06666666666666667,1077814.39,277702.51,1355516.9,0.0,0.590263301032986,-0.0,0.590263301032986,572473_YES.csv,572473_YES
1771095000,2026-02-14 18:50:00,1,166.67,5.0001,0.029999999999820007,5.0001,,0.03,0.0,0.0,0.002,0.06666666666666667,1077814.39,277702.51,1355516.9,0.0,0.590263301032986,-0.0,0.590263301032986,572473_YES.csv,572473_YES
1771095060,2026-02-14 18:51:00,1,322.580645,10.0,0.0310000000154039,10.0,,0.0305,0.016666666666666607,0.016666666666666607,0.001,0.03278688524590164,897460.6100000001,274391.96,1171852.57,-183664.32999999984,0.5316954247922161,183664.32999999984,0.5316954247922161,572473_YES.csv,572473_YES
1771095120,2026-02-14 18:52:00,1,122.69,3.6807,0.02999999999975548,3.6807,,0.0305,0.0,0.0,0.001,0.03278688524590164,897460.6100000001,274391.96,1171852.57,0.0,0.5316954247922161,-0.0,0.5316954247922161,572473_YES.csv,572473_YES
1771095300,2026-02-14 18:55:00,1,51.77,1.5531,0.029999999999420518,1.5531,,0.0305,0.0,0.0,0.001,0.03278688524590164,897460.6100000001,274391.96,1171852.57,0.0,0.5316954247922161,-0.0,0.5316954247922161,572473_YES.csv,572473_YES
1771095600,2026-02-14 19:00:00,2,87.55000000000001,2.6265,0.029999999999657335,1.31325,,0.0305,0.0,0.0,0.001,0.03278688524590164,887254.01,276832.1,1164086.1099999999,-7766.460000000196,0.5243786561459789,7766.460000000196,0.5243786561459789,572473_YES.csv,572473_YES
1771096020,2026-02-14 19:07:00,1,67.69,2.0307,0.0299999999995568,2.0307,,0.0305,0.0,0.0,0.001,0.03278688524590164,887254.01,276832.1,1164086.1099999999,0.0,0.5243786561459789,-0.0,0.5243786561459789,572473_YES.csv,572473_YES
1771096140,2026-02-14 19:09:00,1,135.97,4.0791,0.029999999999779363,4.0791,,0.0305,0.0,0.0,0.001,0.03278688524590164,906952.66,267896.5,1174849.1600000001,10763.05000000028,0.5439474119383972,0.0,0.5439474119383972,572473_YES.csv,572473_YES
1771096320,2026-02-14 19:12:00,1,139.5,4.185,0.029999999999784945,4.185,,0.0305,0.0,0.0,0.001,0.03278688524590164,896628.74,268094.46,1164723.2,-10125.960000000196,0.5396426206672967,10125.960000000196,0.5396426206672967,572473_YES.csv,572473_YES
1771096380,2026-02-14 19:13:00,1,5.0,0.15,0.029999999994,0.15,,0.0305,0.0,0.0,0.001,0.03278688524590164,896628.74,268094.46,1164723.2,0.0,0.5396426206672967,-0.0,0.5396426206672967,572473_YES.csv,572473_YES
1771096440,2026-02-14 19:14:00,1,5.0,0.15,0.029999999994,0.15,,0.0305,0.0,0.0,0.001,0.03278688524590164,896628.74,268094.46,1164723.2,0.0,0.5396426206672967,-0.0,0.5396426206672967,572473_YES.csv,572473_YES
1771096500,2026-02-14 19:15:00,1,248.56,7.456799999999999,0.029999999999879304,7.456799999999999,,0.0305,0.0,0.0,0.001,0.03278688524590164,896541.0900000001,277126.01,1173667.1,8943.90000000014,0.5277604526871377,0.0,0.5277604526871377,572473_YES.csv,572473_YES
1771096560,2026-02-14 19:16:00,1,20.0,0.6,0.029999999998499997,0.6,,0.0305,0.0,0.0,0.001,0.03278688524590164,896541.0900000001,277126.01,1173667.1,0.0,0.5277604526871377,-0.0,0.5277604526871377,572473_YES.csv,572473_YES
1771096800,2026-02-14 19:20:00,1,322.580644,10.0,0.0310000001115039,10.0,,0.0305,0.0,0.0,0.001,0.03278688524590164,896541.0900000001,277126.01,1173667.1,0.0,0.5277604526871377,-0.0,0.5277604526871377,572473_YES.csv,572473_YES
1771097340,2026-02-14 19:29:00,1,27.97,0.81113,0.028999999998963178,0.81113,,0.0305,0.0,0.0,0.001,0.03278688524590164,896541.0900000001,277126.01,1173667.1,0.0,0.5277604526871377,-0.0,0.5277604526871377,572473_YES.csv,572473_YES
1771097520,2026-02-14 19:32:00,1,5.0,0.145,0.028999999994200002,0.145,,0.0305,0.0,0.0,0.001,0.03278688524590164,896541.0900000001,277126.01,1173667.1,0.0,0.5277604526871377,-0.0,0.5277604526871377,572473_YES.csv,572473_YES
1771097640,2026-02-14 19:34:00,1,2568.82,74.49578000000001,0.028999999999988712,74.49578000000001,,0.0305,0.0,0.0,0.001,0.03278688524590164,896541.0900000001,277126.01,1173667.1,0.0,0.5277604526871377,-0.0,0.5277604526871377,572473_YES.csv,572473_YES
1771097700,2026-02-14 19:35:00,1,440.61,12.777690000000002,0.028999999999934186,12.777690000000002,,0.0305,0.0,0.0,0.001,0.03278688524590164,896541.0900000001,277126.01,1173667.1,0.0,0.5277604526871377,-0.0,0.5277604526871377,572473_YES.csv,572473_YES
1771097760,2026-02-14 19:36:00,1,353.666665,10.609999,0.029999997313769976,10.609999,,0.0295,-0.032786885245901676,0.032786885245901676,0.001,0.03389830508474576,73451.78,231204.86,304656.64,-869010.4600000001,-0.5178061439921349,869010.4600000001,0.5178061439921349,572473_YES.csv,572473_YES
1771098180,2026-02-14 19:43:00,1,450.0,13.05,0.028999999999935556,13.05,,0.0295,0.0,0.0,0.001,0.03389830508474576,73451.78,231204.86,304656.64,0.0,-0.5178061439921349,-0.0,0.5178061439921349,572473_YES.csv,572473_YES
1771098420,2026-02-14 19:47:00,1,551.73,16.5519,0.029999999999945626,16.5519,,0.0295,0.0,0.0,0.001,0.03389830508474576,73451.78,231204.86,304656.64,0.0,-0.5178061439921349,-0.0,0.5178061439921349,572473_YES.csv,572473_YES
1771098480,2026-02-14 19:48:00,1,10.2,0.306,0.029999999997058824,0.306,,0.0295,0.0,0.0,0.001,0.03389830508474576,74573.75,217380.15,291953.9,-12702.73999999999,-0.4891402375512024,12702.73999999999,0.4891402375512024,572473_YES.csv,572473_YES
1771098540,2026-02-14 19:49:00,1,2095.23,60.76167,0.02899999999998616,60.76167,,0.0295,0.0,0.0,0.001,0.03389830508474576,74573.75,217380.15,291953.9,0.0,-0.4891402375512024,-0.0,0.4891402375512024,572473_YES.csv,572473_YES
1771098600,2026-02-14 19:50:00,1,40.0,1.2,0.02999999999925,1.2,,0.0295,0.0,0.0,0.001,0.03389830508474576,74573.75,217380.15,291953.9,0.0,-0.4891402375512024,-0.0,0.4891402375512024,572473_YES.csv,572473_YES
1771098660,2026-02-14 19:51:00,1,500.0,15.5,0.030999999999938,15.5,,0.0315,0.06779661016949157,0.06779661016949157,0.001,0.031746031746031744,60698.13,296379.21,357077.34,65123.44,-0.6600281048357759,0.0,0.6600281048357759,572473_YES.csv,572473_YES
1771098900,2026-02-14 19:55:00,1,6.54,0.20274,0.030999999995259937,0.20274,,0.0315,0.0,0.0,0.001,0.031746031746031744,60698.13,296379.21,357077.34,0.0,-0.6600281048357759,-0.0,0.6600281048357759,572473_YES.csv,572473_YES
1771098960,2026-02-14 19:56:00,1,750.0,23.25,0.030999999999958668,23.25,,0.0315,0.0,0.0,0.001,0.031746031746031744,60698.13,296379.21,357077.34,0.0,-0.6600281048357759,-0.0,0.6600281048357759,572473_YES.csv,572473_YES
1771099020,2026-02-14 19:57:00,4,2468.3,78.20273,0.03168283028803967,19.5506825,,0.0315,0.0,0.0,0.001,0.031746031746031744,57311.03,294627.99,351939.02,-5138.320000000007,-0.6743127261080626,5138.320000000007,0.6743127261080626,572473_YES.csv,572473_YES
1771100100,2026-02-14 20:15:00,1,354.06,10.6218,0.02999999999991527,10.6218,,0.0305,-0.031746031746031744,0.031746031746031744,0.001,0.03278688524590164,97532.7,124045.23,221577.93,-130361.09000000003,-0.11965329760053268,130361.09000000003,0.11965329760053268,572473_YES.csv,572473_YES
1771100280,2026-02-14 20:18:00,1,483.870966,14.999999,0.030999998044869234,14.999999,,0.0305,0.0,0.0,0.001,0.03278688524590164,430630.16,124522.36,555152.52,333574.59,0.5513940565378321,0.0,0.5513940565378321,572473_YES.csv,572473_YES
1771100340,2026-02-14 20:19:00,3,890.97,27.62007,0.030999999999965205,9.20669,,0.0305,0.0,0.0,0.001,0.03278688524590164,430630.16,124522.36,555152.52,0.0,0.5513940565378321,-0.0,0.5513940565378321,572473_YES.csv,572473_YES
1771100460,2026-02-14 20:21:00,1,1584.63,49.12353,0.030999999999980436,49.12353,,0.0315,0.032786885245901676,0.032786885245901676,0.001,0.031746031746031744,395759.68,297501.65,693261.3300000001,138108.81000000006,0.14173303161161457,0.0,0.14173303161161457,572473_YES.csv,572473_YES
1771100520,2026-02-14 20:22:00,1,792.31,24.56161,0.030999999999960875,24.56161,,0.0315,0.0,0.0,0.001,0.031746031746031744,395759.68,297501.65,693261.3300000001,0.0,0.14173303161161457,-0.0,0.14173303161161457,572473_YES.csv,572473_YES
1771100940,2026-02-14 20:29:00,1,31.25,1.0,0.031999999998976,1.0,,0.0315,0.0,0.0,0.001,0.031746031746031744,395759.68,297501.65,693261.3300000001,0.0,0.14173303161161457,-0.0,0.14173303161161457,572473_YES.csv,572473_YES
1771101120,2026-02-14 20:32:00,2,7221.875,231.08,0.03199723063608384,115.54,,0.0315,0.0,0.0,0.001,0.031746031746031744,395759.68,297501.65,693261.3300000001,0.0,0.14173303161161457,-0.0,0.14173303161161457,572473_YES.csv,572473_YES
1771101840,2026-02-14 20:44:00,1,3125.0,100.0,0.03199999999998976,100.0,,0.0315,0.0,0.0,0.001,0.031746031746031744,395759.68,297501.65,693261.3300000001,0.0,0.14173303161161457,-0.0,0.14173303161161457,572473_YES.csv,572473_YES
1771102260,2026-02-14 20:51:00,1,1078.93,32.3679,0.02999999999997219,32.3679,,0.0305,-0.031746031746031744,0.031746031746031744,0.001,0.03278688524590164,95635.74,280074.21,375709.95,-317551.38000000006,-0.49090653574652476,317551.38000000006,0.49090653574652476,572473_YES.csv,572473_YES
1771102380,2026-02-14 20:53:00,1,4691.935482,145.449999,0.030999999799223292,145.449999,,0.0305,0.0,0.0,0.001,0.03278688524590164,95635.74,280074.21,375709.95,0.0,-0.49090653574652476,-0.0,0.49090653574652476,572473_YES.csv,572473_YES
1771102980,2026-02-14 21:03:00,1,1498.709676,46.459999,0.030999999362097214,46.459999,,0.0305,0.0,0.0,0.001,0.03278688524590164,139744.94,274798.61,414543.55,38833.59999999998,-0.3257888586132868,0.0,0.3257888586132868,572473_YES.csv,572473_YES
1771103100,2026-02-14 21:05:00,1,312.5,9.06631,0.02901219199990716,9.06631,,0.0305,0.0,0.0,0.001,0.03278688524590164,139744.94,274798.61,414543.55,0.0,-0.3257888586132868,-0.0,0.3257888586132868,572473_YES.csv,572473_YES
1771103880,2026-02-14 21:18:00,1,100.0,2.9000000000000004,0.02899999999971,2.9000000000000004,,0.03,-0.016393442622950838,0.016393442622950838,0.002,0.06666666666666667,94290.16,363232.5,457522.66000000003,42979.110000000044,-0.5878229943845841,0.0,0.5878229943845841,572473_YES.csv,572473_YES
1771104240,2026-02-14 21:24:00,1,400.0,12.4,0.030999999999922503,12.4,,0.0305,0.016666666666666607,0.016666666666666607,0.001,0.03278688524590164,83844.3,363255.82,447100.12,-10422.540000000037,-0.6249417244620735,10422.540000000037,0.6249417244620735,572473_YES.csv,572473_YES
1771104300,2026-02-14 21:25:00,1,5.0,0.145,0.028999999994200002,0.145,,0.0305,0.0,0.0,0.001,0.03278688524590164,83844.3,363255.82,447100.12,0.0,-0.6249417244620735,-0.0,0.6249417244620735,572473_YES.csv,572473_YES
1771104360,2026-02-14 21:26:00,1,5.0,0.145,0.028999999994200002,0.145,,0.0305,0.0,0.0,0.001,0.03278688524590164,83844.3,363255.82,447100.12,0.0,-0.6249417244620735,-0.0,0.6249417244620735,572473_YES.csv,572473_YES
1771104540,2026-02-14 21:29:00,1,806.451611,24.999999,0.03099999883312146,24.999999,,0.0305,0.0,0.0,0.001,0.03278688524590164,83844.3,363255.82,447100.12,0.0,-0.6249417244620735,-0.0,0.6249417244620735,572473_YES.csv,572473_YES
1771105440,2026-02-14 21:44:00,1,5.0,0.145,0.028999999994200002,0.145,,0.0305,0.0,0.0,0.001,0.03278688524590164,83844.3,363255.82,447100.12,0.0,-0.6249417244620735,-0.0,0.6249417244620735,572473_YES.csv,572473_YES
1771105680,2026-02-14 21:48:00,1,370.37,10.74073,0.028999999999921703,10.74073,,0.0295,-0.032786885245901676,0.032786885245901676,0.001,0.03389830508474576,83057.65,355030.02,438087.67000000004,-9012.449999999953,-0.6208172213566293,9012.449999999953,0.6208172213566293,572473_YES.csv,572473_YES
1771106160,2026-02-14 21:56:00,2,2591.099567,80.02999899999999,0.030886500858254767,40.014999499999995,,0.0295,0.0,0.0,0.001,0.03389830508474576,83057.65,355030.02,438087.67000000004,0.0,-0.6208172213566293,-0.0,0.6208172213566293,572473_YES.csv,572473_YES
1771106280,2026-02-14 21:58:00,1,36.67,1.0696,0.029168257430347178,1.0696,,0.0295,0.0,0.0,0.001,0.03389830508474576,83057.65,355030.02,438087.67000000004,0.0,-0.6208172213566293,-0.0,0.6208172213566293,572473_YES.csv,572473_YES
1771106400,2026-02-14 22:00:00,2,67.74193199999999,2.099998,0.030999972070017104,1.049999,,0.03,0.016949152542372836,0.016949152542372836,0.002,0.06666666666666667,82396.39,510765.95,593162.34,155074.66999999993,-0.7221792941203921,0.0,0.7221792941203921,572473_YES.csv,572473_YES
1771106460,2026-02-14 22:01:00,1,35.483869,1.099999,0.030999973536397565,1.099999,,0.03,0.0,0.0,0.002,0.06666666666666667,82396.39,510765.95,593162.34,0.0,-0.7221792941203921,-0.0,0.7221792941203921,572473_YES.csv,572473_YES
1771106940,2026-02-14 22:09:00,1,5.0,0.15,0.029999999994,0.15,,0.0305,0.016666666666666607,0.016666666666666607,0.001,0.03278688524590164,82677.05,505051.07,587728.12,-5434.219999999972,-0.7186554558594203,5434.219999999972,0.7186554558594203,572473_YES.csv,572473_YES
1771107060,2026-02-14 22:11:00,1,3225.80645,99.999999,0.03099999970549039,99.999999,,0.0305,0.0,0.0,0.001,0.03278688524590164,82677.05,505051.07,587728.12,0.0,-0.7186554558594203,-0.0,0.7186554558594203,572473_YES.csv,572473_YES
1771107300,2026-02-14 22:15:00,1,32.25,0.9675,0.029999999999069767,0.9675,,0.0305,0.0,0.0,0.001,0.03278688524590164,82808.76,501732.18,584540.94,-3187.180000000051,-0.7166707946923273,3187.180000000051,0.7166707946923273,572473_YES.csv,572473_YES
1771107540,2026-02-14 22:19:00,1,3225.80645,99.999999,0.03099999970549039,99.999999,,0.0305,0.0,0.0,0.001,0.03278688524590164,82808.76,501732.18,584540.94,0.0,-0.7166707946923273,-0.0,0.7166707946923273,572473_YES.csv,572473_YES
1771107720,2026-02-14 22:22:00,1,100.0,3.1,0.03099999999969,3.1,,0.0305,0.0,0.0,0.001,0.03278688524590164,82808.76,501732.18,584540.94,0.0,-0.7166707946923273,-0.0,0.7166707946923273,572473_YES.csv,572473_YES
1771107900,2026-02-14 22:25:00,1,64.516128,2.0,0.031000000495519497,2.0,,0.0305,0.0,0.0,0.001,0.03278688524590164,82808.76,501732.18,584540.94,0.0,-0.7166707946923273,-0.0,0.7166707946923273,572473_YES.csv,572473_YES
1771108560,2026-02-14 22:36:00,1,1351.35,39.3912,0.029149517149495527,39.3912,,0.03,-0.016393442622950838,0.016393442622950838,0.002,0.06666666666666667,80942.49,500824.05,581766.54,-2774.399999999907,-0.7217354920411888,2774.399999999907,0.7217354920411888,572473_YES.csv,572473_YES
1771109340,2026-02-14 22:49:00,1,475.483869,14.739999,0.030999998025104402,14.739999,,0.03,0.0,0.0,0.002,0.06666666666666667,80942.49,500824.05,581766.54,0.0,-0.7217354920411888,-0.0,0.7217354920411888,572473_YES.csv,572473_YES
1771110120,2026-02-14 23:02:00,1,2838.709676,87.999999,0.030999999663216277,87.999999,,0.03,0.0,0.0,0.002,0.06666666666666667,80942.49,500824.05,581766.54,0.0,-0.7217354920411888,-0.0,0.7217354920411888,572473_YES.csv,572473_YES
1771111800,2026-02-14 23:30:00,1,5.0,0.15,0.029999999994,0.15,,0.0305,0.016666666666666607,0.016666666666666607,0.001,0.03278688524590164,87727.98,492170.51,579898.49,-1868.0500000000466,-0.697436770356136,1868.0500000000466,0.697436770356136,572473_YES.csv,572473_YES
1771111920,2026-02-14 23:32:00,1,5.0,0.15,0.029999999994,0.15,,0.0305,0.0,0.0,0.001,0.03278688524590164,87727.98,492170.51,579898.49,0.0,-0.697436770356136,-0.0,0.697436770356136,572473_YES.csv,572473_YES
1771112940,2026-02-14 23:49:00,1,5.0,0.145,0.028999999994200002,0.145,,0.0305,0.0,0.0,0.001,0.03278688524590164,87727.98,492170.51,579898.49,0.0,-0.697436770356136,-0.0,0.697436770356136,572473_YES.csv,572473_YES
1771113360,2026-02-14 23:56:00,1,75.4,2.262,0.02999999999960212,2.262,,0.0305,0.0,0.0,0.001,0.03278688524590164,87727.98,492170.51,579898.49,0.0,-0.697436770356136,-0.0,0.697436770356136,572473_YES.csv,572473_YES
1771113780,2026-02-15 00:03:00,1,44.85,1.30065,0.028999999999353404,1.30065,,0.0295,-0.032786885245901676,0.032786885245901676,0.001,0.03389830508474576,969329.17,343495.48000000004,1312824.6500000001,732926.1600000001,0.47670775377351415,0.0,0.47670775377351415,572473_YES.csv,572473_YES
1771113840,2026-02-15 00:04:00,1,2499.99,72.49971,0.0289999999999884,72.49971,,0.0295,0.0,0.0,0.001,0.03389830508474576,969329.17,343495.48000000004,1312824.6500000001,0.0,0.47670775377351415,-0.0,0.47670775377351415,572473_YES.csv,572473_YES
1771114260,2026-02-15 00:11:00,1,1300.0,39.0,0.029999999999976924,39.0,,0.0295,0.0,0.0,0.001,0.03389830508474576,969329.17,343495.48000000004,1312824.6500000001,0.0,0.47670775377351415,-0.0,0.47670775377351415,572473_YES.csv,572473_YES
1771114500,2026-02-15 00:15:00,1,5.0,0.145,0.028999999994200002,0.145,,0.0295,0.0,0.0,0.001,0.03389830508474576,940601.03,342245.19,1282846.22,-29978.430000000168,0.46642834555805146,29978.430000000168,0.46642834555805146,572473_YES.csv,572473_YES
1771114920,2026-02-15 00:22:00,1,33.333332,0.999999,0.029999971199098804,0.999999,,0.0295,0.0,0.0,0.001,0.03389830508474576,940601.03,342245.19,1282846.22,0.0,0.46642834555805146,-0.0,0.46642834555805146,572473_YES.csv,572473_YES
1771116360,2026-02-15 00:46:00,1,10000.0,300.0,0.029999999999996998,300.0,,0.0295,0.0,0.0,0.001,0.03389830508474576,940601.03,342245.19,1282846.22,0.0,0.46642834555805146,-0.0,0.46642834555805146,572473_YES.csv,572473_YES
1771117140,2026-02-15 00:59:00,5,205865.50562500002,6255.05563,0.030384185106727024,1251.0111259999999,,0.0295,0.0,0.0,0.001,0.03389830508474576,940601.03,342245.19,1282846.22,0.0,0.46642834555805146,-0.0,0.46642834555805146,572473_YES.csv,572473_YES
1771117200,2026-02-15 01:00:00,1,13.0,0.403,0.030999999997615386,0.403,,0.0315,0.06779661016949157,0.06779661016949157,0.001,0.031746031746031744,1124924.1,584787.27,1709711.37,426865.15000000014,0.3159228156738526,0.0,0.3159228156738526,572473_YES.csv,572473_YES
1771117320,2026-02-15 01:02:00,1,105.29,3.26399,0.030999999999705572,3.26399,,0.0315,0.0,0.0,0.001,0.031746031746031744,1124924.1,584787.27,1709711.37,0.0,0.3159228156738526,-0.0,0.3159228156738526,572473_YES.csv,572473_YES
1771117560,2026-02-15 01:06:00,1,96.774192,2.999999,0.030999990162346166,2.999999,,0.0305,-0.031746031746031744,0.031746031746031744,0.001,0.03278688524590164,1162747.2,414686.17,1577433.3699999999,-132278.00000000023,0.47422670537266504,132278.00000000023,0.47422670537266504,572473_YES.csv,572473_YES
1771118520,2026-02-15 01:22:00,1,322.580645,10.0,0.0310000000154039,10.0,,0.0305,0.0,0.0,0.001,0.03278688524590164,1162747.2,414686.17,1577433.3699999999,0.0,0.47422670537266504,-0.0,0.47422670537266504,572473_YES.csv,572473_YES
1771118760,2026-02-15 01:26:00,1,2848.78,82.73542,0.029042404116839806,82.73542,,0.0305,0.0,0.0,0.001,0.03278688524590164,1162747.2,414686.17,1577433.3699999999,0.0,0.47422670537266504,-0.0,0.47422670537266504,572473_YES.csv,572473_YES
1771118880,2026-02-15 01:28:00,1,806.451611,24.999999,0.03099999883312146,24.999999,,0.0305,0.0,0.0,0.001,0.03278688524590164,1162747.2,414686.17,1577433.3699999999,0.0,0.47422670537266504,-0.0,0.47422670537266504,572473_YES.csv,572473_YES
1771119180,2026-02-15 01:33:00,1,32.258063,0.999999,0.030999970456037605,0.999999,,0.0305,0.0,0.0,0.001,0.03278688524590164,1159796.63,410085.9,1569882.5299999998,-7550.840000000084,0.4775584896788424,7550.840000000084,0.4775584896788424,572473_YES.csv,572473_YES
1771119420,2026-02-15 01:37:00,1,5.0,0.15,0.029999999994,0.15,,0.0305,0.0,0.0,0.001,0.03278688524590164,1159796.63,410085.9,1569882.5299999998,0.0,0.4775584896788424,-0.0,0.4775584896788424,572473_YES.csv,572473_YES
1771119480,2026-02-15 01:38:00,1,5.0,0.15,0.029999999994,0.15,,0.0305,0.0,0.0,0.001,0.03278688524590164,1159796.63,410085.9,1569882.5299999998,0.0,0.4775584896788424,-0.0,0.4775584896788424,572473_YES.csv,572473_YES
1771119540,2026-02-15 01:39:00,1,14.28,0.4283999999999999,0.02999999999789916,0.4283999999999999,,0.03,-0.016393442622950838,0.016393442622950838,0.002,0.06666666666666667,1159824.35,414229.69,1574054.04,4171.510000000242,0.47367793039684974,0.0,0.47367793039684974,572473_YES.csv,572473_YES
1771119840,2026-02-15 01:44:00,1,1000.0,31.0,0.030999999999969,31.0,,0.03,0.0,0.0,0.002,0.06666666666666667,1159824.35,414229.69,1574054.04,0.0,0.47367793039684974,-0.0,0.47367793039684974,572473_YES.csv,572473_YES
1771120380,2026-02-15 01:53:00,1,75.4,2.262,0.02999999999960212,2.262,,0.03,0.0,0.0,0.002,0.06666666666666667,1159824.35,414229.69,1574054.04,0.0,0.47367793039684974,-0.0,0.47367793039684974,572473_YES.csv,572473_YES
1771120500,2026-02-15 01:55:00,2,1910.0,59.08762,0.030935926701554484,29.54381,,0.03,0.0,0.0,0.002,0.06666666666666667,1159824.35,414229.69,1574054.04,0.0,0.47367793039684974,-0.0,0.47367793039684974,572473_YES.csv,572473_YES
1771120560,2026-02-15 01:56:00,2,18.48,0.5544,0.029999999998376624,0.2772,,0.03,0.0,0.0,0.002,0.06666666666666667,1159824.35,414229.69,1574054.04,0.0,0.47367793039684974,-0.0,0.47367793039684974,572473_YES.csv,572473_YES
1771120920,2026-02-15 02:02:00,1,1145.036129,35.00000000000001,0.030566721095985107,35.00000000000001,,0.03,0.0,0.0,0.002,0.06666666666666667,1159824.35,414229.69,1574054.04,0.0,0.47367793039684974,-0.0,0.47367793039684974,572473_YES.csv,572473_YES
1771121220,2026-02-15 02:07:00,2,75.62,2.2686,0.029999999999603278,1.1343,,0.03,0.0,0.0,0.002,0.06666666666666667,1159824.35,414229.69,1574054.04,0.0,0.47367793039684974,-0.0,0.47367793039684974,572473_YES.csv,572473_YES
1771121580,2026-02-15 02:13:00,1,100.0,3.1,0.03099999999969,3.1,,0.03,0.0,0.0,0.002,0.06666666666666667,1159824.35,414229.69,1574054.04,0.0,0.47367793039684974,-0.0,0.47367793039684974,572473_YES.csv,572473_YES
1771121760,2026-02-15 02:16:00,1,645.161289,19.999999000000003,0.03099999851350195,19.999999000000003,,0.03,0.0,0.0,0.002,0.06666666666666667,1159824.35,414229.69,1574054.04,0.0,0.47367793039684974,-0.0,0.47367793039684974,572473_YES.csv,572473_YES
1771122060,2026-02-15 02:21:00,1,500.0,14.5,0.028999999999942,14.5,,0.0295,-0.01666666666666672,0.01666666666666672,0.001,0.03389830508474576,71231.05,263986.4,335217.45,-1238836.59,-0.5750158591087666,1238836.59,0.5750158591087666,572473_YES.csv,572473_YES
1771122120,2026-02-15 02:22:00,1,5.0,0.145,0.028999999994200002,0.145,,0.0295,0.0,0.0,0.001,0.03389830508474576,71231.05,263986.4,335217.45,0.0,-0.5750158591087666,-0.0,0.5750158591087666,572473_YES.csv,572473_YES
1771122780,2026-02-15 02:33:00,1,854.333332,25.629999,0.029999998876281686,25.629999,,0.0295,0.0,0.0,0.001,0.03389830508474576,70466.43,264332.9,334799.33,-418.11999999999534,-0.5790527418319505,418.11999999999534,0.5790527418319505,572473_YES.csv,572473_YES
1771123200,2026-02-15 02:40:00,1,1166.666665,34.999998999999995,0.02999999918568849,34.999998999999995,,0.0295,0.0,0.0,0.001,0.03389830508474576,70466.43,264332.9,334799.33,0.0,-0.5790527418319505,-0.0,0.5790527418319505,572473_YES.csv,572473_YES
1771123320,2026-02-15 02:42:00,1,300.0,9.0,0.029999999999900002,9.0,,0.0295,0.0,0.0,0.001,0.03389830508474576,70719.52,277042.75,347762.27,12962.940000000002,-0.5932881390497019,0.0,0.5932881390497019,572473_YES.csv,572473_YES
1771123920,2026-02-15 02:52:00,1,101.0,2.9290000000000003,0.028999999999712874,2.9290000000000003,,0.0295,0.0,0.0,0.001,0.03389830508474576,70719.52,277042.75,347762.27,0.0,-0.5932881390497019,-0.0,0.5932881390497019,572473_YES.csv,572473_YES
1771124640,2026-02-15 03:04:00,1,400.0,11.6,0.028999999999927504,11.6,,0.0295,0.0,0.0,0.001,0.03389830508474576,70719.52,277042.75,347762.27,0.0,-0.5932881390497019,-0.0,0.5932881390497019,572473_YES.csv,572473_YES
1771124700,2026-02-15 03:05:00,1,168.0,4.872,0.028999999999827383,4.872,,0.0295,0.0,0.0,0.001,0.03389830508474576,70719.52,277042.75,347762.27,0.0,-0.5932881390497019,-0.0,0.5932881390497019,572473_YES.csv,572473_YES
1771125240,2026-02-15 03:14:00,1,327.919353,9.999999,0.030495299861028603,9.999999,,0.0295,0.0,0.0,0.001,0.03389830508474576,70719.52,277042.75,347762.27,0.0,-0.5932881390497019,-0.0,0.5932881390497019,572473_YES.csv,572473_YES
1771125540,2026-02-15 03:19:00,1,1193.548387,37.0,0.031000000002487527,37.0,,0.0295,0.0,0.0,0.001,0.03389830508474576,70719.52,277042.75,347762.27,0.0,-0.5932881390497019,-0.0,0.5932881390497019,572473_YES.csv,572473_YES
1771125780,2026-02-15 03:23:00,1,5290.322579,163.999999,0.03099999982060994,163.999999,,0.0295,0.0,0.0,0.001,0.03389830508474576,70719.52,277042.75,347762.27,0.0,-0.5932881390497019,-0.0,0.5932881390497019,572473_YES.csv,572473_YES
1771126200,2026-02-15 03:30:00,1,971.935482,30.129999,0.030999999030767906,30.129999,,0.0305,0.033898305084745894,0.033898305084745894,0.001,0.03278688524590164,91881.31,418443.39,510324.7,162562.43,-0.6399103943038619,0.0,0.6399103943038619,572473_YES.csv,572473_YES
1771127100,2026-02-15 03:45:00,1,5.0,0.15,0.029999999994,0.15,,0.0305,0.0,0.0,0.001,0.03278688524590164,141678.66,415149.34,556828.0,46503.29999999999,-0.4911223573527194,0.0,0.4911223573527194,572473_YES.csv,572473_YES
1771127220,2026-02-15 03:47:00,1,5.0,0.15,0.029999999994,0.15,,0.0305,0.0,0.0,0.001,0.03278688524590164,141678.66,415149.34,556828.0,0.0,-0.4911223573527194,-0.0,0.4911223573527194,572473_YES.csv,572473_YES
1771127640,2026-02-15 03:54:00,1,38.46,1.1538,0.02999999999921997,1.1538,,0.0305,0.0,0.0,0.001,0.03278688524590164,141378.56,419424.02,560802.5800000001,3974.5800000000745,-0.49579918123771827,0.0,0.49579918123771827,572473_YES.csv,572473_YES
1771127700,2026-02-15 03:55:00,1,290.322579,8.999999,0.03099999673111542,8.999999,,0.0305,0.0,0.0,0.001,0.03278688524590164,141378.56,419424.02,560802.5800000001,0.0,-0.49579918123771827,-0.0,0.49579918123771827,572473_YES.csv,572473_YES
1771128300,2026-02-15 04:05:00,1,5.0,0.15,0.029999999994,0.15,,0.0305,0.0,0.0,0.001,0.03278688524590164,141378.56,419424.02,560802.5800000001,0.0,-0.49579918123771827,-0.0,0.49579918123771827,572473_YES.csv,572473_YES
1771128420,2026-02-15 04:07:00,1,1612.903224,49.999999,0.03099999941470068,49.999999,,0.0305,0.0,0.0,0.001,0.03278688524590164,141378.56,419424.02,560802.5800000001,0.0,-0.49579918123771827,-0.0,0.49579918123771827,572473_YES.csv,572473_YES
1771128480,2026-02-15 04:08:00,1,33.0,1.023,0.030999999999060605,1.023,,0.0305,0.0,0.0,0.001,0.03278688524590164,141378.56,419424.02,560802.5800000001,0.0,-0.49579918123771827,-0.0,0.49579918123771827,572473_YES.csv,572473_YES
1771128660,2026-02-15 04:11:00,2,5374.86,157.34633,0.02927449831250867,78.673165,,0.0305,0.0,0.0,0.001,0.03278688524590164,141378.56,419424.02,560802.5800000001,0.0,-0.49579918123771827,-0.0,0.49579918123771827,572473_YES.csv,572473_YES
1771128720,2026-02-15 04:12:00,1,458.44,13.7532,0.02999999999993456,13.7532,,0.0295,-0.032786885245901676,0.032786885245901676,0.001,0.03389830508474576,133447.2,272805.27,406252.47000000003,-154550.11000000004,-0.3430331635891346,154550.11000000004,0.3430331635891346,572473_YES.csv,572473_YES
1771128900,2026-02-15 04:15:00,2,1216.235482,36.703299,0.030177790027646756,18.3516495,,0.03,0.016949152542372836,0.016949152542372836,0.002,0.06666666666666667,133919.33000000002,415512.63,549431.96,143179.48999999993,-0.5125171458900935,0.0,0.5125171458900935,572473_YES.csv,572473_YES
1771129020,2026-02-15 04:17:00,1,9849.35,285.72239,0.029009263555460053,285.72239,,0.03,0.0,0.0,0.002,0.06666666666666667,133919.33000000002,415512.63,549431.96,0.0,-0.5125171458900935,-0.0,0.5125171458900935,572473_YES.csv,572473_YES
1771129560,2026-02-15 04:26:00,1,405.483869,12.569999,0.030999997684171648,12.569999,,0.03,0.0,0.0,0.002,0.06666666666666667,133919.33000000002,415512.63,549431.96,0.0,-0.5125171458900935,-0.0,0.5125171458900935,572473_YES.csv,572473_YES
1771129800,2026-02-15 04:30:00,1,5.0,0.15,0.029999999994,0.15,,0.0305,0.016666666666666607,0.016666666666666607,0.001,0.03278688524590164,125418.76,417811.31,543230.07,-6201.890000000014,-0.5382480944031688,6201.890000000014,0.5382480944031688,572473_YES.csv,572473_YES
1771130220,2026-02-15 04:37:00,1,45735.264686,1460.899999,0.03194252857242481,1460.899999,,0.0305,0.0,0.0,0.001,0.03278688524590164,125418.76,417811.31,543230.07,0.0,-0.5382480944031688,-0.0,0.5382480944031688,572473_YES.csv,572473_YES
1771130280,2026-02-15 04:38:00,1,3125.80625,100.0,0.03199174612948826,100.0,,0.0305,0.0,0.0,0.001,0.03278688524590164,125418.76,417811.31,543230.07,0.0,-0.5382480944031688,-0.0,0.5382480944031688,572473_YES.csv,572473_YES
1771130340,2026-02-15 04:39:00,2,4309.86875,137.89,0.03199401373880996,68.945,,0.031,0.016393442622950838,0.016393442622950838,0.002,0.06451612903225806,124629.75,535461.1,660090.85,116860.78000000003,-0.6223860700386924,0.0,0.6223860700386924,572473_YES.csv,572473_YES
1771130520,2026-02-15 04:42:00,1,7435.0,216.66538,0.029141275050433176,216.66538,,0.031,0.0,0.0,0.002,0.06451612903225806,124643.8,536476.05,661119.8500000001,1029.0000000001164,-0.6229313036055414,0.0,0.6229313036055414,572473_YES.csv,572473_YES
1771130880,2026-02-15 04:48:00,1,6673.297186,212.579999,0.03185531725545543,212.579999,,0.0305,-0.016129032258064502,0.016129032258064502,0.001,0.03278688524590164,116698.71,356373.2,473071.91000000003,-188047.94000000006,-0.5066343719287835,188047.94000000006,0.5066343719287835,572473_YES.csv,572473_YES
1771130940,2026-02-15 04:49:00,2,63.5,2.0061999999999998,0.03159370078690404,1.0030999999999999,,0.0305,0.0,0.0,0.001,0.03278688524590164,116698.71,356373.2,473071.91000000003,0.0,-0.5066343719287835,-0.0,0.5066343719287835,572473_YES.csv,572473_YES
1771131240,2026-02-15 04:54:00,1,96.0875,3.0,0.03122154286425157,3.0,,0.0305,0.0,0.0,0.001,0.03278688524590164,117806.43,357841.64,475648.07,2576.1599999999744,-0.504648762687085,0.0,0.504648762687085,572473_YES.csv,572473_YES
1771132740,2026-02-15 05:19:00,1,915.886875,28.88,0.03153227848141007,28.88,,0.0305,0.0,0.0,0.001,0.03278688524590164,117806.43,357841.64,475648.07,0.0,-0.504648762687085,-0.0,0.504648762687085,572473_YES.csv,572473_YES
1771133220,2026-02-15 05:27:00,1,166.66,4.9998,0.029999999999819994,4.9998,,0.0305,0.0,0.0,0.001,0.03278688524590164,118078.57,358809.31,476887.88,1239.8099999999977,-0.5047952571157815,0.0,0.5047952571157815,572473_YES.csv,572473_YES
1771133940,2026-02-15 05:39:00,1,250.0,7.75,0.030999999999876002,7.75,,0.0305,0.0,0.0,0.001,0.03278688524590164,118252.28,363540.85,481793.13,4905.25,-0.5091159560535867,0.0,0.5091159560535867,572473_YES.csv,572473_YES
1771134540,2026-02-15 05:49:00,1,1500.0,46.5,0.030999999999979332,46.5,,0.0305,0.0,0.0,0.001,0.03278688524590164,118252.28,363540.85,481793.13,0.0,-0.5091159560535867,-0.0,0.5091159560535867,572473_YES.csv,572473_YES
1771134600,2026-02-15 05:50:00,1,700.0,21.7,0.030999999999955712,21.7,,0.0305,0.0,0.0,0.001,0.03278688524590164,118252.28,363540.85,481793.13,0.0,-0.5091159560535867,-0.0,0.5091159560535867,572473_YES.csv,572473_YES
1771134660,2026-02-15 05:51:00,1,26.66,0.82646,0.030999999998837208,0.82646,,0.0315,0.032786885245901676,0.032786885245901676,0.001,0.031746031746031744,72316.5,533111.17,605427.67,123634.54000000004,-0.7611060624302157,0.0,0.7611060624302157,572473_YES.csv,572473_YES
1771134720,2026-02-15 05:52:00,2,1130.0,36.155,0.031995575221210625,18.0775,,0.0315,0.0,0.0,0.001,0.031746031746031744,72316.5,533111.17,605427.67,0.0,-0.7611060624302157,-0.0,0.7611060624302157,572473_YES.csv,572473_YES
1771134780,2026-02-15 05:53:00,2,4006.25,128.1,0.03197503900155208,64.05,,0.0315,0.0,0.0,0.001,0.031746031746031744,72316.5,533111.17,605427.67,0.0,-0.7611060624302157,-0.0,0.7611060624302157,572473_YES.csv,572473_YES
1771134840,2026-02-15 05:54:00,2,7039.361212,226.155,0.03212720489672287,113.0775,,0.0315,0.0,0.0,0.001,0.031746031746031744,71983.82,525288.46,597272.28,-8155.390000000014,-0.7589581086870463,8155.390000000014,0.7589581086870463,572473_YES.csv,572473_YES
1771135680,2026-02-15 06:08:00,1,353.84,10.615199999999998,0.029999999999915213,10.615199999999998,,0.0315,0.0,0.0,0.001,0.031746031746031744,71983.82,525288.46,597272.28,0.0,-0.7589581086870463,-0.0,0.7589581086870463,572473_YES.csv,572473_YES
1771135740,2026-02-15 06:09:00,1,281.25,9.0,0.031999999999886224,9.0,,0.031,-0.015873015873015928,0.015873015873015928,0.002,0.06451612903225806,109061.17,520351.14,629412.31,32140.030000000028,-0.6534507880851583,0.0,0.6534507880851583,572473_YES.csv,572473_YES
1771135800,2026-02-15 06:10:00,1,161.290321,4.999999000000001,0.0309999941036077,4.999999000000001,,0.031,0.0,0.0,0.002,0.06451612903225806,109061.17,520351.14,629412.31,0.0,-0.6534507880851583,-0.0,0.6534507880851583,572473_YES.csv,572473_YES
1771135920,2026-02-15 06:12:00,1,5.0,0.15,0.029999999994,0.15,,0.0305,-0.016129032258064502,0.016129032258064502,0.001,0.03278688524590164,109056.17,349200.5,458256.67,-171155.64000000007,-0.524038919062542,171155.64000000007,0.524038919062542,572473_YES.csv,572473_YES
1771136460,2026-02-15 06:21:00,1,1.5,0.048,0.03199999997866666,0.048,,0.0315,0.032786885245901676,0.032786885245901676,0.001,0.031746031746031744,89440.65,531477.01,620917.66,162660.99000000005,-0.7119081779700065,0.0,0.7119081779700065,572473_YES.csv,572473_YES
1771137180,2026-02-15 06:33:00,1,250.0,8.0,0.031999999999872,8.0,,0.0315,0.0,0.0,0.001,0.031746031746031744,89589.1,526951.75,616540.85,-4376.810000000056,-0.7093814627205968,4376.810000000056,0.7093814627205968,572473_YES.csv,572473_YES
1771137300,2026-02-15 06:35:00,2,9.0,0.279,0.030999999996555557,0.1395,,0.0315,0.0,0.0,0.001,0.031746031746031744,89589.1,526951.75,616540.85,0.0,-0.7093814627205968,-0.0,0.7093814627205968,572473_YES.csv,572473_YES
1771137360,2026-02-15 06:36:00,2,1566.5,50.124,0.0319974465368452,25.062,,0.0315,0.0,0.0,0.001,0.031746031746031744,89586.41,530374.75,619961.16,3420.310000000056,-0.7109934757848377,0.0,0.7109934757848377,572473_YES.csv,572473_YES
1771137420,2026-02-15 06:37:00,1,5.0,0.155,0.0309999999938,0.155,,0.0315,0.0,0.0,0.001,0.031746031746031744,89586.41,530374.75,619961.16,0.0,-0.7109934757848377,-0.0,0.7109934757848377,572473_YES.csv,572473_YES
1771137780,2026-02-15 06:43:00,1,296.25,9.48,0.03199999999989198,9.48,,0.0315,0.0,0.0,0.001,0.031746031746031744,89586.41,530374.75,619961.16,0.0,-0.7109934757848377,-0.0,0.7109934757848377,572473_YES.csv,572473_YES
1771139040,2026-02-15 07:04:00,1,21.7,0.6727,0.030999999998571427,0.6727,,0.0315,0.0,0.0,0.001,0.031746031746031744,89586.41,530374.75,619961.16,0.0,-0.7109934757848377,-0.0,0.7109934757848377,572473_YES.csv,572473_YES
1771139640,2026-02-15 07:14:00,1,92.5,2.96,0.031999999999654055,2.96,,0.0315,0.0,0.0,0.001,0.031746031746031744,89586.41,530374.75,619961.16,0.0,-0.7109934757848377,-0.0,0.7109934757848377,572473_YES.csv,572473_YES
1771139700,2026-02-15 07:15:00,1,2113.3,65.51230000000001,0.030999999999985334,65.51230000000001,,0.0315,0.0,0.0,0.001,0.031746031746031744,77194.64,567070.55,644265.1900000001,24304.030000000028,-0.7603637719430411,0.0,0.7603637719430411,572473_YES.csv,572473_YES
1771140120,2026-02-15 07:22:00,1,94.0625,3.01,0.0319999999996598,3.01,,0.0315,0.0,0.0,0.001,0.031746031746031744,77194.64,567070.55,644265.1900000001,0.0,-0.7603637719430411,-0.0,0.7603637719430411,572473_YES.csv,572473_YES
1771140180,2026-02-15 07:23:00,1,150.0,4.8,0.031999999999786664,4.8,,0.0315,0.0,0.0,0.001,0.031746031746031744,77194.64,567070.55,644265.1900000001,0.0,-0.7603637719430411,-0.0,0.7603637719430411,572473_YES.csv,572473_YES
1771140480,2026-02-15 07:28:00,1,31.25,1.0,0.031999999998976,1.0,,0.0315,0.0,0.0,0.001,0.031746031746031744,77194.64,567070.55,644265.1900000001,0.0,-0.7603637719430411,-0.0,0.7603637719430411,572473_YES.csv,572473_YES
1771141620,2026-02-15 07:47:00,1,158.69,5.07808,0.03199999999979835,5.07808,,0.0315,0.0,0.0,0.001,0.031746031746031744,77194.64,567070.55,644265.1900000001,0.0,-0.7603637719430411,-0.0,0.7603637719430411,572473_YES.csv,572473_YES
1771141800,2026-02-15 07:50:00,1,2213.4375,70.83,0.03199999999998554,70.83,,0.0315,0.0,0.0,0.001,0.031746031746031744,77194.64,567070.55,644265.1900000001,0.0,-0.7603637719430411,-0.0,0.7603637719430411,572473_YES.csv,572473_YES
1771141860,2026-02-15 07:51:00,1,268.0,8.308,0.03099999999988433,8.308,,0.0315,0.0,0.0,0.001,0.031746031746031744,79838.2,645099.77,724937.97,80672.77999999991,-0.7797378443289432,0.0,0.7797378443289432,572473_YES.csv,572473_YES
1771141920,2026-02-15 07:52:00,1,270.0,8.64,0.031999999999881484,8.64,,0.0315,0.0,0.0,0.001,0.031746031746031744,79838.2,645099.77,724937.97,0.0,-0.7797378443289432,-0.0,0.7797378443289432,572473_YES.csv,572473_YES
1771142280,2026-02-15 07:58:00,1,5.0,0.155,0.0309999999938,0.155,,0.0315,0.0,0.0,0.001,0.031746031746031744,79838.2,645099.77,724937.97,0.0,-0.7797378443289432,-0.0,0.7797378443289432,572473_YES.csv,572473_YES
1771142340,2026-02-15 07:59:00,1,5.0,0.155,0.0309999999938,0.155,,0.0315,0.0,0.0,0.001,0.031746031746031744,79838.2,645099.77,724937.97,0.0,-0.7797378443289432,-0.0,0.7797378443289432,572473_YES.csv,572473_YES
1771142820,2026-02-15 08:07:00,1,599.86,18.59566,0.03099999999994832,18.59566,,0.0315,0.0,0.0,0.001,0.031746031746031744,79838.2,645099.77,724937.97,0.0,-0.7797378443289432,-0.0,0.7797378443289432,572473_YES.csv,572473_YES
1771143000,2026-02-15 08:10:00,1,3156.25,101.0,0.03199999999998986,101.0,,0.0315,0.0,0.0,0.001,0.031746031746031744,79838.2,645099.77,724937.97,0.0,-0.7797378443289432,-0.0,0.7797378443289432,572473_YES.csv,572473_YES
1771143180,2026-02-15 08:13:00,1,100.0,3.1,0.03099999999969,3.1,,0.0315,0.0,0.0,0.001,0.031746031746031744,79838.2,645099.77,724937.97,0.0,-0.7797378443289432,-0.0,0.7797378443289432,572473_YES.csv,572473_YES
1771143420,2026-02-15 08:17:00,1,5.0,0.155,0.0309999999938,0.155,,0.0315,0.0,0.0,0.001,0.031746031746031744,79838.2,645099.77,724937.97,0.0,-0.7797378443289432,-0.0,0.7797378443289432,572473_YES.csv,572473_YES
1771143480,2026-02-15 08:18:00,1,750.0,24.0,0.03199999999995733,24.0,,0.0315,0.0,0.0,0.001,0.031746031746031744,97428.61,652246.78,749675.39,24737.420000000042,-0.7400778755722527,0.0,0.7400778755722527,572473_YES.csv,572473_YES
1771143900,2026-02-15 08:25:00,2,1883.95,56.5185,0.029999999999984078,28.25925,,0.0315,0.0,0.0,0.001,0.031746031746031744,97428.61,652246.78,749675.39,0.0,-0.7400778755722527,-0.0,0.7400778755722527,572473_YES.csv,572473_YES
1771143960,2026-02-15 08:26:00,1,1036.0,32.116,0.030999999999970076,32.116,,0.0315,0.0,0.0,0.001,0.031746031746031744,97428.61,652246.78,749675.39,0.0,-0.7400778755722527,-0.0,0.7400778755722527,572473_YES.csv,572473_YES
1771144020,2026-02-15 08:27:00,2,1672.0,50.16,0.029999999999982055,25.08,,0.0305,-0.031746031746031744,0.031746031746031744,0.001,0.03278688524590164,121788.54,481985.93,603774.47,-145900.92000000004,-0.5965760526442929,145900.92000000004,0.5965760526442929,572473_YES.csv,572473_YES
1771144140,2026-02-15 08:29:00,1,32.25,0.99975,0.030999999999038765,0.99975,,0.0305,0.0,0.0,0.001,0.03278688524590164,121788.54,481985.93,603774.47,0.0,-0.5965760526442929,-0.0,0.5965760526442929,572473_YES.csv,572473_YES
1771144920,2026-02-15 08:42:00,1,5.0,0.15,0.029999999994,0.15,,0.0305,0.0,0.0,0.001,0.03278688524590164,120178.72,514160.87,634339.59,30565.119999999995,-0.6210902743749607,0.0,0.6210902743749607,572473_YES.csv,572473_YES
1771145100,2026-02-15 08:45:00,1,1612.903224,49.999999,0.03099999941470068,49.999999,,0.0305,0.0,0.0,0.001,0.03278688524590164,120110.79,512219.18,632329.97,-2009.6199999999953,-0.6201009102889746,2009.6199999999953,0.6201009102889746,572473_YES.csv,572473_YES
1771145220,2026-02-15 08:47:00,1,33.0,0.99,0.029999999999090914,0.99,,0.0305,0.0,0.0,0.001,0.03278688524590164,120110.79,512219.18,632329.97,0.0,-0.6201009102889746,-0.0,0.6201009102889746,572473_YES.csv,572473_YES
1771145340,2026-02-15 08:49:00,1,3000.0,90.0,0.02999999999999,90.0,,0.0305,0.0,0.0,0.001,0.03278688524590164,120110.79,512219.18,632329.97,0.0,-0.6201009102889746,-0.0,0.6201009102889746,572473_YES.csv,572473_YES
1771145400,2026-02-15 08:50:00,1,884.47,27.41857,0.030999999999964948,27.41857,,0.0305,0.0,0.0,0.001,0.03278688524590164,120110.79,512219.18,632329.97,0.0,-0.6201009102889746,-0.0,0.6201009102889746,572473_YES.csv,572473_YES
1771145520,2026-02-15 08:52:00,1,82.0,2.46,0.029999999999634146,2.46,,0.0305,0.0,0.0,0.001,0.03278688524590164,120110.79,512219.18,632329.97,0.0,-0.6201009102889746,-0.0,0.6201009102889746,572473_YES.csv,572473_YES
1771145640,2026-02-15 08:54:00,2,31587.384685999998,1008.339309,0.031922215752381605,504.1696545,,0.0305,0.0,0.0,0.001,0.03278688524590164,128276.3,491767.87,620044.17,-12285.79999999993,-0.5862349612931608,12285.79999999993,0.5862349612931608,572473_YES.csv,572473_YES
1771145700,2026-02-15 08:55:00,1,14062.5,450.0,0.031999999999997725,450.0,,0.0305,0.0,0.0,0.001,0.03278688524590164,128276.3,491767.87,620044.17,0.0,-0.5862349612931608,-0.0,0.5862349612931608,572473_YES.csv,572473_YES
1771145880,2026-02-15 08:58:00,1,100.0,3.1,0.03099999999969,3.1,,0.0305,0.0,0.0,0.001,0.03278688524590164,128276.3,491767.87,620044.17,0.0,-0.5862349612931608,-0.0,0.5862349612931608,572473_YES.csv,572473_YES
1771146180,2026-02-15 09:03:00,1,438.71,13.60001,0.030999999999929338,13.60001,,0.0315,0.032786885245901676,0.032786885245901676,0.001,0.031746031746031744,101301.33,644898.49,746199.82,126155.6499999999,-0.7284873909511262,0.0,0.7284873909511262,572473_YES.csv,572473_YES
1771146420,2026-02-15 09:07:00,1,483.870966,14.999999,0.030999998044869234,14.999999,,0.0315,0.0,0.0,0.001,0.031746031746031744,101301.33,644898.49,746199.82,0.0,-0.7284873909511262,-0.0,0.7284873909511262,572473_YES.csv,572473_YES
1771146480,2026-02-15 09:08:00,1,645.161289,19.999999000000003,0.03099999851350195,19.999999000000003,,0.0315,0.0,0.0,0.001,0.031746031746031744,101301.33,644898.49,746199.82,0.0,-0.7284873909511262,-0.0,0.7284873909511262,572473_YES.csv,572473_YES
1771146660,2026-02-15 09:11:00,1,2919.55625,93.4,0.03199116304060514,93.4,,0.0315,0.0,0.0,0.001,0.031746031746031744,101301.33,644898.49,746199.82,0.0,-0.7284873909511262,-0.0,0.7284873909511262,572473_YES.csv,572473_YES
1771146720,2026-02-15 09:12:00,1,3125.80625,100.0,0.03199174612948826,100.0,,0.031,-0.015873015873015928,0.015873015873015928,0.002,0.06451612903225806,140275.86000000002,638846.38,779122.24,32922.42000000004,-0.6399130898894634,0.0,0.6399130898894634,572473_YES.csv,572473_YES
1771147140,2026-02-15 09:19:00,2,1945.35625,61.799800000000005,0.03176785742969605,30.899900000000002,,0.031,0.0,0.0,0.002,0.06451612903225806,140275.86000000002,638846.38,779122.24,0.0,-0.6399130898894634,-0.0,0.6399130898894634,572473_YES.csv,572473_YES
1771147320,2026-02-15 09:22:00,1,5448.78,174.36096,0.03199999999999413,174.36096,,0.031,0.0,0.0,0.002,0.06451612903225806,140275.86000000002,638846.38,779122.24,0.0,-0.6399130898894634,-0.0,0.6399130898894634,572473_YES.csv,572473_YES
1771147440,2026-02-15 09:24:00,1,32.0,1.024,0.031999999999,1.024,,0.0315,0.016129032258064502,0.016129032258064502,0.001,0.031746031746031744,104919.64,635721.64,740641.28,-38480.95999999996,-0.7166789299132773,38480.95999999996,0.7166789299132773,572473_YES.csv,572473_YES
1771147500,2026-02-15 09:25:00,1,32.0,0.992,0.030999999999031254,0.992,,0.0315,0.0,0.0,0.001,0.031746031746031744,104919.64,635721.64,740641.28,0.0,-0.7166789299132773,-0.0,0.7166789299132773,572473_YES.csv,572473_YES
1771147740,2026-02-15 09:29:00,1,1.5,0.0465,0.03099999997933333,0.0465,,0.0315,0.0,0.0,0.001,0.031746031746031744,104919.64,635721.64,740641.28,0.0,-0.7166789299132773,-0.0,0.7166789299132773,572473_YES.csv,572473_YES
1771148760,2026-02-15 09:46:00,1,623.4375,19.95,0.031999999999948674,19.95,,0.0315,0.0,0.0,0.001,0.031746031746031744,104919.64,635721.64,740641.28,0.0,-0.7166789299132773,-0.0,0.7166789299132773,572473_YES.csv,572473_YES
1771148880,2026-02-15 09:48:00,1,2485.3125,79.53,0.03199999999998712,79.53,,0.0315,0.0,0.0,0.001,0.031746031746031744,106989.68,653208.16,760197.8400000001,19556.560000000056,-0.7185214838284728,0.0,0.7185214838284728,572473_YES.csv,572473_YES
1771148940,2026-02-15 09:49:00,1,262.8125,8.41,0.031999999999878244,8.41,,0.0315,0.0,0.0,0.001,0.031746031746031744,106989.68,653208.16,760197.8400000001,0.0,-0.7185214838284728,-0.0,0.7185214838284728,572473_YES.csv,572473_YES
1771149060,2026-02-15 09:51:00,1,31.25,1.0,0.031999999998976,1.0,,0.0315,0.0,0.0,0.001,0.031746031746031744,107077.18,651230.87,758308.05,-1889.7900000000373,-0.7175892303925824,1889.7900000000373,0.7175892303925824,572473_YES.csv,572473_YES
1771149180,2026-02-15 09:53:00,2,24509.303938,796.249999,0.03248766268573769,398.1249995,,0.0315,0.0,0.0,0.001,0.031746031746031744,107077.18,651230.87,758308.05,0.0,-0.7175892303925824,-0.0,0.7175892303925824,572473_YES.csv,572473_YES
1771149600,2026-02-15 10:00:00,1,3125.0,100.0,0.03199999999998976,100.0,,0.0315,0.0,0.0,0.001,0.031746031746031744,106754.75,622924.42,729679.17,-28628.880000000005,-0.7073926339434905,28628.880000000005,0.7073926339434905,572473_YES.csv,572473_YES
1771149960,2026-02-15 10:06:00,1,5.0,0.155,0.0309999999938,0.155,,0.032,0.015873015873015817,0.015873015873015817,0.002,0.0625,111020.86,686111.55,797132.41,67453.23999999999,-0.721449388816094,0.0,0.721449388816094,572473_YES.csv,572473_YES
1771150020,2026-02-15 10:07:00,1,5.0,0.155,0.0309999999938,0.155,,0.032,0.0,0.0,0.002,0.0625,111020.86,686111.55,797132.41,0.0,-0.721449388816094,-0.0,0.721449388816094,572473_YES.csv,572473_YES
1771150140,2026-02-15 10:09:00,1,208.125,6.66,0.03199999999984625,6.66,,0.0315,-0.015625,0.015625,0.001,0.031746031746031744,110951.82,621551.9600000001,732503.78,-64628.630000000005,-0.6970614404201437,64628.630000000005,0.6970614404201437,572473_YES.csv,572473_YES
1771150200,2026-02-15 10:10:00,2,5467.333635,180.11097900000001,0.03294311103440949,90.05548950000001,,0.0315,0.0,0.0,0.001,0.031746031746031744,110951.82,621551.9600000001,732503.78,0.0,-0.6970614404201437,-0.0,0.6970614404201437,572473_YES.csv,572473_YES
1771151100,2026-02-15 10:25:00,1,447.58,13.87498,0.03099999999993074,13.87498,,0.0315,0.0,0.0,0.001,0.031746031746031744,110951.82,621551.9600000001,732503.78,0.0,-0.6970614404201437,-0.0,0.6970614404201437,572473_YES.csv,572473_YES
1771151160,2026-02-15 10:26:00,1,5.0,0.155,0.0309999999938,0.155,,0.0315,0.0,0.0,0.001,0.031746031746031744,110951.82,621551.9600000001,732503.78,0.0,-0.6970614404201437,-0.0,0.6970614404201437,572473_YES.csv,572473_YES
1771151400,2026-02-15 10:30:00,1,446.43,14.28576,0.03199999999992832,14.28576,,0.0315,0.0,0.0,0.001,0.031746031746031744,113236.74,620797.4500000001,734034.1900000001,1530.4100000000326,-0.6914673960895473,0.0,0.6914673960895473,572473_YES.csv,572473_YES
1771152240,2026-02-15 10:44:00,1,700.0,21.7,0.030999999999955712,21.7,,0.0315,0.0,0.0,0.001,0.031746031746031744,113236.74,620797.4500000001,734034.1900000001,0.0,-0.6914673960895473,-0.0,0.6914673960895473,572473_YES.csv,572473_YES
1771152480,2026-02-15 10:48:00,2,654.55,20.737479999999998,0.03168204109688842,10.368739999999999,,0.0315,0.0,0.0,0.001,0.031746031746031744,114324.83,621694.05,736018.88,1984.6899999999441,-0.6893426701228099,0.0,0.6893426701228099,572473_YES.csv,572473_YES
1771152720,2026-02-15 10:52:00,1,5.0,0.155,0.0309999999938,0.155,,0.0315,0.0,0.0,0.001,0.031746031746031744,114324.83,621694.05,736018.88,0.0,-0.6893426701228099,-0.0,0.6893426701228099,572473_YES.csv,572473_YES
1771153320,2026-02-15 11:02:00,1,1250.0,40.0,0.0319999999999744,40.0,,0.0315,0.0,0.0,0.001,0.031746031746031744,114324.83,621694.05,736018.88,0.0,-0.6893426701228099,-0.0,0.6893426701228099,572473_YES.csv,572473_YES
1771153440,2026-02-15 11:04:00,2,8.0,0.248,0.030999999996125,0.124,,0.0315,0.0,0.0,0.001,0.031746031746031744,114324.83,621694.05,736018.88,0.0,-0.6893426701228099,-0.0,0.6893426701228099,572473_YES.csv,572473_YES
1771153800,2026-02-15 11:10:00,1,399.375,12.78,0.03199999999991988,12.78,,0.0315,0.0,0.0,0.001,0.031746031746031744,114324.83,621694.05,736018.88,0.0,-0.6893426701228099,-0.0,0.6893426701228099,572473_YES.csv,572473_YES
1771153860,2026-02-15 11:11:00,1,181.25,5.8,0.03199999999982345,5.8,,0.0315,0.0,0.0,0.001,0.031746031746031744,114324.83,621694.05,736018.88,0.0,-0.6893426701228099,-0.0,0.6893426701228099,572473_YES.csv,572473_YES
1771154280,2026-02-15 11:18:00,1,31.25,1.0,0.031999999998976,1.0,,0.0315,0.0,0.0,0.001,0.031746031746031744,116686.61,619736.58,736423.19,404.30999999993946,-0.6830990344016733,0.0,0.6830990344016733,572473_YES.csv,572473_YES
1771154400,2026-02-15 11:20:00,1,5.0,0.155,0.0309999999938,0.155,,0.0315,0.0,0.0,0.001,0.031746031746031744,116686.61,619736.58,736423.19,0.0,-0.6830990344016733,-0.0,0.6830990344016733,572473_YES.csv,572473_YES
1771154460,2026-02-15 11:21:00,1,584.6875,18.71,0.031999999999945274,18.71,,0.0315,0.0,0.0,0.001,0.031746031746031744,117681.61,621039.07,738720.6799999999,2297.4899999999907,-0.6813907795298217,0.0,0.6813907795298217,572473_YES.csv,572473_YES
1771155240,2026-02-15 11:34:00,1,72.0,2.3040000000000003,0.03199999999955556,2.3040000000000003,,0.0315,0.0,0.0,0.001,0.031746031746031744,117681.61,621039.07,738720.6799999999,0.0,-0.6813907795298217,-0.0,0.6813907795298217,572473_YES.csv,572473_YES
1771156500,2026-02-15 11:55:00,6,31075.437271,1004.114009,0.0323121441620716,167.35233483333334,,0.0315,0.0,0.0,0.001,0.031746031746031744,117681.61,621039.07,738720.6799999999,0.0,-0.6813907795298217,-0.0,0.6813907795298217,572473_YES.csv,572473_YES
1771156560,2026-02-15 11:56:00,2,854.3399999999999,26.48454,0.030999999999963716,13.24227,,0.0315,0.0,0.0,0.001,0.031746031746031744,117681.61,621039.07,738720.6799999999,0.0,-0.6813907795298217,-0.0,0.6813907795298217,572473_YES.csv,572473_YES
1771156800,2026-02-15 12:00:00,16,47.169999999999995,1.55559,0.03297837608579652,0.097224375,,0.0325,0.031746031746031855,0.031746031746031855,0.001,0.030769230769230767,106506.59,672703.79,779210.38,40489.70000000007,-0.7266294373542612,0.0,0.7266294373542612,572473_YES.csv,572473_YES
1771156980,2026-02-15 12:03:00,6,50.12,1.60384,0.03199999999936153,0.26730666666666664,,0.0325,0.0,0.0,0.001,0.030769230769230767,106401.61,672582.4400000001,778984.05,-226.3299999999581,-0.7268195414270677,226.3299999999581,0.7268195414270677,572473_YES.csv,572473_YES
1771157040,2026-02-15 12:04:00,5,0.29000000000000004,0.00928,0.03199999988965516,0.001856,,0.0325,0.0,0.0,0.001,0.030769230769230767,106401.61,672582.4400000001,778984.05,0.0,-0.7268195414270677,-0.0,0.7268195414270677,572473_YES.csv,572473_YES
1771157100,2026-02-15 12:05:00,6,446.84000000000003,14.298879999999999,0.031999999999928384,2.3831466666666663,,0.0325,0.0,0.0,0.001,0.030769230769230767,106401.61,672582.4400000001,778984.05,0.0,-0.7268195414270677,-0.0,0.7268195414270677,572473_YES.csv,572473_YES
1771157160,2026-02-15 12:06:00,5,0.35,0.0112,0.03199999990857143,0.00224,,0.0325,0.0,0.0,0.001,0.030769230769230767,105761.6,672343.26,778104.86,-879.1900000000605,-0.728155919756111,879.1900000000605,0.728155919756111,572473_YES.csv,572473_YES
1771157220,2026-02-15 12:07:00,10,0.56,0.0179199999999999,0.03199999994285715,0.0017919999999999902,,0.0325,0.0,0.0,0.001,0.030769230769230767,105761.6,672343.26,778104.86,0.0,-0.728155919756111,-0.0,0.728155919756111,572473_YES.csv,572473_YES
1771157400,2026-02-15 12:10:00,1,223.75,7.16,0.03199999999985698,7.16,,0.0325,0.0,0.0,0.001,0.030769230769230767,105761.6,672343.26,778104.86,0.0,-0.728155919756111,-0.0,0.728155919756111,572473_YES.csv,572473_YES
1771157760,2026-02-15 12:16:00,2,23598.75,755.155,0.031999788124369634,377.5775,,0.0325,0.0,0.0,0.001,0.030769230769230767,105761.6,672343.26,778104.86,0.0,-0.728155919756111,-0.0,0.728155919756111,572473_YES.csv,572473_YES
1771157820,2026-02-15 12:17:00,1,5.0,0.155,0.0309999999938,0.155,,0.0325,0.0,0.0,0.001,0.030769230769230767,105761.6,672343.26,778104.86,0.0,-0.728155919756111,-0.0,0.728155919756111,572473_YES.csv,572473_YES
1771158000,2026-02-15 12:20:00,1,500.0,15.5,0.030999999999938,15.5,,0.0325,0.0,0.0,0.001,0.030769230769230767,105761.6,672343.26,778104.86,0.0,-0.728155919756111,-0.0,0.728155919756111,572473_YES.csv,572473_YES
1771158060,2026-02-15 12:21:00,1,219.0625,7.01,0.03199999999985392,7.01,,0.0315,-0.03076923076923077,0.03076923076923077,0.001,0.031746031746031744,105820.28,669785.1,775605.38,-2499.4799999999814,-0.7271285560190415,2499.4799999999814,0.7271285560190415,572473_YES.csv,572473_YES
1771158180,2026-02-15 12:23:00,1,30.0,0.96,0.03199999999893333,0.96,,0.0315,0.0,0.0,0.001,0.031746031746031744,105820.28,669785.1,775605.38,0.0,-0.7271285560190415,-0.0,0.7271285560190415,572473_YES.csv,572473_YES
1771158360,2026-02-15 12:26:00,2,1273.75,40.76,0.031999999999974875,20.38,,0.0315,0.0,0.0,0.001,0.031746031746031744,105820.28,669785.1,775605.38,0.0,-0.7271285560190415,-0.0,0.7271285560190415,572473_YES.csv,572473_YES
1771158600,2026-02-15 12:30:00,1,99.51,3.08481,0.03099999999968847,3.08481,,0.0315,0.0,0.0,0.001,0.031746031746031744,104671.83,674767.9,779439.73,3834.3499999999767,-0.7314177710699967,0.0,0.7314177710699967,572473_YES.csv,572473_YES
1771158660,2026-02-15 12:31:00,1,500.81,15.52511,0.0309999999999381,15.52511,,0.0315,0.0,0.0,0.001,0.031746031746031744,104671.83,674767.9,779439.73,0.0,-0.7314177710699967,-0.0,0.7314177710699967,572473_YES.csv,572473_YES
1771158960,2026-02-15 12:36:00,2,3598.75,115.155,0.031998610628681624,57.5775,,0.0315,0.0,0.0,0.001,0.031746031746031744,119809.66,664846.64,784656.3,5216.570000000065,-0.6946187521848738,0.0,0.6946187521848738,572473_YES.csv,572473_YES
1771159200,2026-02-15 12:40:00,1,5000.0,160.0,0.031999999999993596,160.0,,0.0315,0.0,0.0,0.001,0.031746031746031744,119809.66,664846.64,784656.3,0.0,-0.6946187521848738,-0.0,0.6946187521848738,572473_YES.csv,572473_YES
1771159260,2026-02-15 12:41:00,1,600.0,18.6,0.030999999999948336,18.6,,0.0315,0.0,0.0,0.001,0.031746031746031744,119809.66,664846.64,784656.3,0.0,-0.6946187521848738,-0.0,0.6946187521848738,572473_YES.csv,572473_YES
1771159620,2026-02-15 12:47:00,1,35.3125,1.13,0.03199999999909381,1.13,,0.0315,0.0,0.0,0.001,0.031746031746031744,119809.66,664846.64,784656.3,0.0,-0.6946187521848738,-0.0,0.6946187521848738,572473_YES.csv,572473_YES
1771159680,2026-02-15 12:48:00,1,31.25,1.0,0.031999999998976,1.0,,0.0315,0.0,0.0,0.001,0.031746031746031744,119018.96,665508.49,784527.45,-128.85000000009313,-0.6965843323901542,128.85000000009313,0.6965843323901542,572473_YES.csv,572473_YES
1771159860,2026-02-15 12:51:00,10,88.0,2.7279999999999998,0.030999999999647723,0.2728,,0.0315,0.0,0.0,0.001,0.031746031746031744,118464.87,665040.66,783505.53,-1021.9199999999255,-0.6976029767141528,1021.9199999999255,0.6976029767141528,572473_YES.csv,572473_YES
1771159920,2026-02-15 12:52:00,1,10.0,0.31,0.0309999999969,0.31,,0.0315,0.0,0.0,0.001,0.031746031746031744,118464.87,665040.66,783505.53,0.0,-0.6976029767141528,-0.0,0.6976029767141528,572473_YES.csv,572473_YES
1771160520,2026-02-15 13:02:00,1,5.0,0.155,0.0309999999938,0.155,,0.0315,0.0,0.0,0.001,0.031746031746031744,118464.87,665040.66,783505.53,0.0,-0.6976029767141528,-0.0,0.6976029767141528,572473_YES.csv,572473_YES
1771160640,2026-02-15 13:04:00,1,31.25,1.0,0.031999999998976,1.0,,0.0315,0.0,0.0,0.001,0.031746031746031744,114783.34,657758.65,772541.99,-10963.540000000037,-0.7028424564987077,10963.540000000037,0.7028424564987077,572473_YES.csv,572473_YES
1771160760,2026-02-15 13:06:00,1,25000.0,752.8441200000001,0.030113764799998798,752.8441200000001,,0.0315,0.0,0.0,0.001,0.031746031746031744,114783.34,657758.65,772541.99,0.0,-0.7028424564987077,-0.0,0.7028424564987077,572473_YES.csv,572473_YES
1771161240,2026-02-15 13:14:00,1,645.161289,19.999999000000003,0.03099999851350195,19.999999000000003,,0.0315,0.0,0.0,0.001,0.031746031746031744,114783.34,657758.65,772541.99,0.0,-0.7028424564987077,-0.0,0.7028424564987077,572473_YES.csv,572473_YES
1771161420,2026-02-15 13:17:00,1,100.0,3.0,0.0299999999997,3.0,,0.0315,0.0,0.0,0.001,0.031746031746031744,114783.34,657758.65,772541.99,0.0,-0.7028424564987077,-0.0,0.7028424564987077,572473_YES.csv,572473_YES
1771161960,2026-02-15 13:26:00,1,5000.0,150.0,0.029999999999993997,150.0,,0.0315,0.0,0.0,0.001,0.031746031746031744,114783.34,657758.65,772541.99,0.0,-0.7028424564987077,-0.0,0.7028424564987077,572473_YES.csv,572473_YES
1771162020,2026-02-15 13:27:00,1,30.91,0.9273,0.029999999999029442,0.9273,,0.0315,0.0,0.0,0.001,0.031746031746031744,114783.34,657758.65,772541.99,0.0,-0.7028424564987077,-0.0,0.7028424564987077,572473_YES.csv,572473_YES
1771162080,2026-02-15 13:28:00,1,126.52,3.79537,0.029998182105358796,3.79537,,0.0305,-0.031746031746031744,0.031746031746031744,0.001,0.03278688524590164,120479.67,517760.46,638240.13,-134301.86,-0.6224628808595912,134301.86,0.6224628808595912,572473_YES.csv,572473_YES
1771162140,2026-02-15 13:29:00,1,3941.666665,118.249999,0.02999999975897759,118.249999,,0.0305,0.0,0.0,0.001,0.03278688524590164,120479.67,517760.46,638240.13,0.0,-0.6224628808595912,-0.0,0.6224628808595912,572473_YES.csv,572473_YES
1771162500,2026-02-15 13:35:00,1,1662.98645,49.999999,0.030066389897506318,49.999999,,0.0305,0.0,0.0,0.001,0.03278688524590164,120479.67,517760.46,638240.13,0.0,-0.6224628808595912,-0.0,0.6224628808595912,572473_YES.csv,572473_YES
1771162680,2026-02-15 13:38:00,1,1000.0,29.0,0.028999999999971,29.0,,0.0305,0.0,0.0,0.001,0.03278688524590164,120479.67,517760.46,638240.13,0.0,-0.6224628808595912,-0.0,0.6224628808595912,572473_YES.csv,572473_YES
1771162740,2026-02-15 13:39:00,2,430.523547,13.038039000000001,0.03028414843002699,6.519019500000001,,0.0305,0.0,0.0,0.001,0.03278688524590164,120479.67,517760.46,638240.13,0.0,-0.6224628808595912,-0.0,0.6224628808595912,572473_YES.csv,572473_YES
1771162800,2026-02-15 13:40:00,2,547.161934,16.488749000000002,0.030135044079966717,8.244374500000001,,0.03,-0.016393442622950838,0.016393442622950838,0.002,0.06666666666666667,122531.5,520219.96,642751.46,4511.329999999958,-0.6187282095010722,0.0,0.6187282095010722,572473_YES.csv,572473_YES
1771162920,2026-02-15 13:42:00,1,335.94,9.81149,0.029206078466305862,9.81149,,0.03,0.0,0.0,0.002,0.06666666666666667,122531.5,520219.96,642751.46,0.0,-0.6187282095010722,-0.0,0.6187282095010722,572473_YES.csv,572473_YES
1771163460,2026-02-15 13:51:00,1,30.77,0.9231,0.029999999999025022,0.9231,,0.03,0.0,0.0,0.002,0.06666666666666667,122531.5,520219.96,642751.46,0.0,-0.6187282095010722,-0.0,0.6187282095010722,572473_YES.csv,572473_YES
1771163760,2026-02-15 13:56:00,1,354.838708,10.999999,0.030999997328276237,10.999999,,0.03,0.0,0.0,0.002,0.06666666666666667,122531.5,520219.96,642751.46,0.0,-0.6187282095010722,-0.0,0.6187282095010722,572473_YES.csv,572473_YES
1771164180,2026-02-15 14:03:00,1,66.0,1.98,0.029999999999545453,1.98,,0.03,0.0,0.0,0.002,0.06666666666666667,122531.5,520219.96,642751.46,0.0,-0.6187282095010722,-0.0,0.6187282095010722,572473_YES.csv,572473_YES
1771164600,2026-02-15 14:10:00,1,3260.420645,100.0,0.030670889093198293,100.0,,0.0295,-0.01666666666666672,0.01666666666666672,0.001,0.03389830508474576,122526.64,364202.29,486728.93,-156022.52999999997,-0.4965302761025525,156022.52999999997,0.4965302761025525,572473_YES.csv,572473_YES
1771164720,2026-02-15 14:12:00,1,33.33,1.00746,0.03022682268136131,1.00746,,0.0295,0.0,0.0,0.001,0.03389830508474576,122526.64,364202.29,486728.93,0.0,-0.4965302761025525,-0.0,0.4965302761025525,572473_YES.csv,572473_YES
1771164780,2026-02-15 14:13:00,1,483.87,14.03223,0.028999999999940067,14.03223,,0.0295,0.0,0.0,0.001,0.03389830508474576,122219.82,361014.92,483234.74,-3494.1900000000023,-0.49415962933459623,3494.1900000000023,0.49415962933459623,572473_YES.csv,572473_YES
1771164900,2026-02-15 14:15:00,1,1032.09,29.93061,0.028999999999971902,29.93061,,0.0295,0.0,0.0,0.001,0.03389830508474576,122219.82,361014.92,483234.74,0.0,-0.49415962933459623,-0.0,0.49415962933459623,572473_YES.csv,572473_YES
1771165140,2026-02-15 14:19:00,1,114.16,3.4248,0.02999999999973721,3.4248,,0.0305,0.033898305084745894,0.033898305084745894,0.001,0.03278688524590164,1052258.04,511819.14,1564077.1800000002,1080842.4400000002,0.3455321175391102,0.0,0.3455321175391102,572473_YES.csv,572473_YES
1771165260,2026-02-15 14:21:00,1,6673.29,198.38718,0.029728541693822646,198.38718,,0.0305,0.0,0.0,0.001,0.03278688524590164,1052258.04,511819.14,1564077.1800000002,0.0,0.3455321175391102,-0.0,0.3455321175391102,572473_YES.csv,572473_YES
1771165620,2026-02-15 14:27:00,2,1005.0,30.145,0.029995024875592045,15.0725,,0.0305,0.0,0.0,0.001,0.03278688524590164,1052258.04,511819.14,1564077.1800000002,0.0,0.3455321175391102,-0.0,0.3455321175391102,572473_YES.csv,572473_YES
1771165740,2026-02-15 14:29:00,1,5.0,0.145,0.028999999994200002,0.145,,0.0305,0.0,0.0,0.001,0.03278688524590164,1052258.04,511819.14,1564077.1800000002,0.0,0.3455321175391102,-0.0,0.3455321175391102,572473_YES.csv,572473_YES
1771165800,2026-02-15 14:30:00,1,1100.0,33.0,0.02999999999997273,33.0,,0.0305,0.0,0.0,0.001,0.03278688524590164,1052258.04,511819.14,1564077.1800000002,0.0,0.3455321175391102,-0.0,0.3455321175391102,572473_YES.csv,572473_YES
1771165980,2026-02-15 14:33:00,1,666.666665,19.999999,0.0299999985749549,19.999999,,0.0305,0.0,0.0,0.001,0.03278688524590164,1052258.04,511819.14,1564077.1800000002,0.0,0.3455321175391102,-0.0,0.3455321175391102,572473_YES.csv,572473_YES
1771166580,2026-02-15 14:43:00,2,40.0,1.2,0.02999999999925,0.6,,0.0295,-0.032786885245901676,0.032786885245901676,0.001,0.03389830508474576,1054416.57,376349.41,1430765.98,-133311.2000000002,0.4739189842911978,133311.2000000002,0.4739189842911978,572473_YES.csv,572473_YES
1771166760,2026-02-15 14:46:00,1,20.0,0.6,0.029999999998499997,0.6,,0.0295,0.0,0.0,0.001,0.03389830508474576,1055295.64,376517.83,1431813.47,1047.4899999999907,0.4740686019667072,0.0,0.4740686019667072,572473_YES.csv,572473_YES
1771166820,2026-02-15 14:47:00,2,5309.324192,164.144999,0.030916363940875897,82.0724995,,0.0295,0.0,0.0,0.001,0.03389830508474576,1055295.64,376517.83,1431813.47,0.0,0.4740686019667072,-0.0,0.4740686019667072,572473_YES.csv,572473_YES
1771167060,2026-02-15 14:51:00,1,3225.80645,99.999999,0.03099999970549039,99.999999,,0.0295,0.0,0.0,0.001,0.03389830508474576,1055295.64,376517.83,1431813.47,0.0,0.4740686019667072,-0.0,0.4740686019667072,572473_YES.csv,572473_YES
1771167180,2026-02-15 14:53:00,1,2225.80645,68.999999,0.030999999573174473,68.999999,,0.0295,0.0,0.0,0.001,0.03389830508474576,1055295.64,376517.83,1431813.47,0.0,0.4740686019667072,-0.0,0.4740686019667072,572473_YES.csv,572473_YES
1771167240,2026-02-15 14:54:00,1,1483.870966,45.999999,0.03099999936245731,45.999999,,0.0295,0.0,0.0,0.001,0.03389830508474576,1055295.64,376517.83,1431813.47,0.0,0.4740686019667072,-0.0,0.4740686019667072,572473_YES.csv,572473_YES
1771168260,2026-02-15 15:11:00,1,1000.0,29.0,0.028999999999971,29.0,,0.0295,0.0,0.0,0.001,0.03389830508474576,1055295.64,376517.83,1431813.47,0.0,0.4740686019667072,-0.0,0.4740686019667072,572473_YES.csv,572473_YES
1771168380,2026-02-15 15:13:00,1,5.0,0.145,0.028999999994200002,0.145,,0.0295,0.0,0.0,0.001,0.03389830508474576,1059473.03,380326.88,1439799.9100000001,7986.440000000177,0.4716948134827984,0.0,0.4716948134827984,572473_YES.csv,572473_YES
1771168440,2026-02-15 15:14:00,1,53132.398436,1667.9399990000002,0.03139214581116761,1667.9399990000002,,0.0295,0.0,0.0,0.001,0.03389830508474576,1059473.03,380326.88,1439799.9100000001,0.0,0.4716948134827984,-0.0,0.4716948134827984,572473_YES.csv,572473_YES
1771168500,2026-02-15 15:15:00,1,24.7,0.741,0.029999999998785425,0.741,,0.0295,0.0,0.0,0.001,0.03389830508474576,1059473.03,380326.88,1439799.9100000001,0.0,0.4716948134827984,-0.0,0.4716948134827984,572473_YES.csv,572473_YES
1771169040,2026-02-15 15:24:00,1,4312.5,138.0,0.031999999999992576,138.0,,0.0295,0.0,0.0,0.001,0.03389830508474576,1059473.03,380326.88,1439799.9100000001,0.0,0.4716948134827984,-0.0,0.4716948134827984,572473_YES.csv,572473_YES
1771169280,2026-02-15 15:28:00,1,46.1,1.4291,0.03099999999932755,1.4291,,0.031,0.05084745762711873,0.05084745762711873,0.002,0.06451612903225806,1069356.39,779456.09,1848812.48,409012.56999999983,0.15680351746651988,0.0,0.15680351746651988,572473_YES.csv,572473_YES
1771169640,2026-02-15 15:34:00,1,32.258063,0.999999,0.030999970456037605,0.999999,,0.0305,-0.016129032258064502,0.016129032258064502,0.001,0.03278688524590164,1069648.12,563662.55,1633310.6700000002,-215501.80999999982,0.30979138218695407,215501.80999999982,0.30979138218695407,572473_YES.csv,572473_YES
1771169700,2026-02-15 15:35:00,1,1310.34,39.3102,0.029999999999977104,39.3102,,0.0305,0.0,0.0,0.001,0.03278688524590164,1069648.12,563662.55,1633310.6700000002,0.0,0.30979138218695407,-0.0,0.30979138218695407,572473_YES.csv,572473_YES
1771170300,2026-02-15 15:45:00,1,1000.0,32.0,0.031999999999968,32.0,,0.0305,0.0,0.0,0.001,0.03278688524590164,1069648.12,563662.55,1633310.6700000002,0.0,0.30979138218695407,-0.0,0.30979138218695407,572473_YES.csv,572473_YES
1771170360,2026-02-15 15:46:00,1,1250.0,40.0,0.0319999999999744,40.0,,0.031,0.016393442622950838,0.016393442622950838,0.002,0.06451612903225806,1080031.0799999998,693422.51,1773453.5899999999,140142.9199999997,0.2179975682363359,0.0,0.2179975682363359,572473_YES.csv,572473_YES
1771170660,2026-02-15 15:51:00,1,30.91,0.9273,0.029999999999029442,0.9273,,0.031,0.0,0.0,0.002,0.06451612903225806,1080031.0799999998,693422.51,1773453.5899999999,0.0,0.2179975682363359,-0.0,0.2179975682363359,572473_YES.csv,572473_YES
1771170720,2026-02-15 15:52:00,2,839.1,26.6371,0.03174484566793976,13.31855,,0.0305,-0.016129032258064502,0.016129032258064502,0.001,0.03278688524590164,1078762.78,479853.29,1558616.07,-214837.5199999998,0.3842572276314333,214837.5199999998,0.3842572276314333,572473_YES.csv,572473_YES
1771170780,2026-02-15 15:53:00,1,214.1,6.637099999999999,0.030999999999855206,6.637099999999999,,0.0305,0.0,0.0,0.001,0.03278688524590164,1078762.78,479853.29,1558616.07,0.0,0.3842572276314333,-0.0,0.3842572276314333,572473_YES.csv,572473_YES
1771170840,2026-02-15 15:54:00,2,598.4,18.6488,0.03116443850262168,9.3244,,0.0305,0.0,0.0,0.001,0.03278688524590164,1078762.78,479853.29,1558616.07,0.0,0.3842572276314333,-0.0,0.3842572276314333,572473_YES.csv,572473_YES
1771171140,2026-02-15 15:59:00,1,32.25,0.99975,0.030999999999038765,0.99975,,0.0305,0.0,0.0,0.001,0.03278688524590164,1078762.78,479853.29,1558616.07,0.0,0.3842572276314333,-0.0,0.3842572276314333,572473_YES.csv,572473_YES
1771171200,2026-02-15 16:00:00,1,636.6,19.098,0.029999999999952873,19.098,,0.0305,0.0,0.0,0.001,0.03278688524590164,1078762.78,479853.29,1558616.07,0.0,0.3842572276314333,-0.0,0.3842572276314333,572473_YES.csv,572473_YES
1771171260,2026-02-15 16:01:00,3,1339.29,41.51799,0.03099999999997685,13.839329999999999,,0.0305,0.0,0.0,0.001,0.03278688524590164,1077725.62,471728.98,1549454.6,-9161.469999999972,0.3911031920522228,9161.469999999972,0.3911031920522228,572473_YES.csv,572473_YES
1771171500,2026-02-15 16:05:00,2,22074.56875,672.2098,0.030451774963892304,336.1049,,0.0305,0.0,0.0,0.001,0.03278688524590164,1077725.62,471728.98,1549454.6,0.0,0.3911031920522228,-0.0,0.3911031920522228,572473_YES.csv,572473_YES
1771171620,2026-02-15 16:07:00,2,946.4300000000001,29.33933,0.030999999999967245,14.669665,,0.0305,0.0,0.0,0.001,0.03278688524590164,1080094.39,475153.42,1555247.8099999998,5793.20999999973,0.388967575527401,0.0,0.388967575527401,572473_YES.csv,572473_YES
1771171680,2026-02-15 16:08:00,1,892.85,26.7855,0.029999999999966397,26.7855,,0.0305,0.0,0.0,0.001,0.03278688524590164,1080094.39,475153.42,1555247.8099999998,0.0,0.388967575527401,-0.0,0.388967575527401,572473_YES.csv,572473_YES
1771171800,2026-02-15 16:10:00,1,3225.80645,99.999999,0.03099999970549039,99.999999,,0.0305,0.0,0.0,0.001,0.03278688524590164,1084187.68,474669.48,1558857.16,3609.350000000093,0.39100323983500834,0.0,0.39100323983500834,572473_YES.csv,572473_YES
1771171920,2026-02-15 16:12:00,1,170.96774,5.299999,0.030999994501705378,5.299999,,0.0305,0.0,0.0,0.001,0.03278688524590164,1084187.68,474669.48,1558857.16,0.0,0.39100323983500834,-0.0,0.39100323983500834,572473_YES.csv,572473_YES
1771172220,2026-02-15 16:17:00,3,3187.741932,98.81999800000001,0.03099999940646668,32.93999933333334,,0.0305,0.0,0.0,0.001,0.03278688524590164,1084187.68,474669.48,1558857.16,0.0,0.39100323983500834,-0.0,0.39100323983500834,572473_YES.csv,572473_YES
1771172280,2026-02-15 16:18:00,1,64.516129,2.0000000000000004,0.031000000015019503,2.0000000000000004,,0.0305,0.0,0.0,0.001,0.03278688524590164,1084187.68,474669.48,1558857.16,0.0,0.39100323983500834,-0.0,0.39100323983500834,572473_YES.csv,572473_YES
1771173000,2026-02-15 16:30:00,3,5053.870642,156.50869799999998,0.030968085470828903,52.169565999999996,,0.0305,0.0,0.0,0.001,0.03278688524590164,1084187.68,474669.48,1558857.16,0.0,0.39100323983500834,-0.0,0.39100323983500834,572473_YES.csv,572473_YES
1771173540,2026-02-15 16:39:00,2,64.677418,1.9999989999999999,0.030922678452764973,0.9999994999999999,,0.0305,0.0,0.0,0.001,0.03278688524590164,1084187.68,474669.48,1558857.16,0.0,0.39100323983500834,-0.0,0.39100323983500834,572473_YES.csv,572473_YES
1771173660,2026-02-15 16:41:00,1,5.0,0.15,0.029999999994,0.15,,0.0305,0.0,0.0,0.001,0.03278688524590164,1084187.68,474669.48,1558857.16,0.0,0.39100323983500834,-0.0,0.39100323983500834,572473_YES.csv,572473_YES
1771173960,2026-02-15 16:46:00,1,300.322579,9.309999,0.030999996839961175,9.309999,,0.0305,0.0,0.0,0.001,0.03278688524590164,1092447.68,474406.29,1566853.97,7996.810000000056,0.3944473459769834,0.0,0.3944473459769834,572473_YES.csv,572473_YES
1771174080,2026-02-15 16:48:00,1,1456.129031,45.13999999999999,0.031000000026762013,45.13999999999999,,0.0305,0.0,0.0,0.001,0.03278688524590164,1092447.68,474406.29,1566853.97,0.0,0.3944473459769834,-0.0,0.3944473459769834,572473_YES.csv,572473_YES
1771174500,2026-02-15 16:55:00,1,200.0,6.0,0.02999999999985,6.0,,0.0305,0.0,0.0,0.001,0.03278688524590164,1091435.81,472287.96,1563723.77,-3130.1999999999534,0.3959445151876153,3130.1999999999534,0.3959445151876153,572473_YES.csv,572473_YES
1771174740,2026-02-15 16:59:00,1,5.0,0.15,0.029999999994,0.15,,0.0305,0.0,0.0,0.001,0.03278688524590164,1091435.81,472287.96,1563723.77,0.0,0.3959445151876153,-0.0,0.3959445151876153,572473_YES.csv,572473_YES
1771175400,2026-02-15 17:10:00,1,147.85,4.435499999999999,0.029999999999797092,4.435499999999999,,0.0305,0.0,0.0,0.001,0.03278688524590164,1091254.76,469860.82,1561115.58,-2608.189999999944,0.39804480075716103,2608.189999999944,0.39804480075716103,572473_YES.csv,572473_YES
1771176360,2026-02-15 17:26:00,1,5.0,0.15,0.029999999994,0.15,,0.0305,0.0,0.0,0.001,0.03278688524590164,1091254.76,469860.82,1561115.58,0.0,0.39804480075716103,-0.0,0.39804480075716103,572473_YES.csv,572473_YES
1771176660,2026-02-15 17:31:00,1,32.25,0.99975,0.030999999999038765,0.99975,,0.0305,0.0,0.0,0.001,0.03278688524590164,1091999.4,471261.8,1563261.2,2145.619999999879,0.3970786200028504,0.0,0.3970786200028504,572473_YES.csv,572473_YES
1771177140,2026-02-15 17:39:00,1,819.998436,25.519999,0.031122009359501844,25.519999,,0.0305,0.0,0.0,0.001,0.03278688524590164,1091999.4,471261.8,1563261.2,0.0,0.3970786200028504,-0.0,0.3970786200028504,572473_YES.csv,572473_YES
1771177320,2026-02-15 17:42:00,1,31.25,1.0,0.031999999998976,1.0,,0.0305,0.0,0.0,0.001,0.03278688524590164,1091999.4,471261.8,1563261.2,0.0,0.3970786200028504,-0.0,0.3970786200028504,572473_YES.csv,572473_YES
1771177440,2026-02-15 17:44:00,1,1500.0,48.0,0.031999999999978664,48.0,,0.0305,0.0,0.0,0.001,0.03278688524590164,1091999.4,471261.8,1563261.2,0.0,0.3970786200028504,-0.0,0.3970786200028504,572473_YES.csv,572473_YES
1771177560,2026-02-15 17:46:00,1,500.0,16.0,0.031999999999936,16.0,,0.0315,0.032786885245901676,0.032786885245901676,0.001,0.031746031746031744,1056395.59,722711.01,1779106.6,215845.40000000014,0.18755738413875822,0.0,0.18755738413875822,572473_YES.csv,572473_YES
1771177860,2026-02-15 17:51:00,1,2.42,0.07502,0.030999999987190083,0.07502,,0.0315,0.0,0.0,0.001,0.031746031746031744,1056395.59,722711.01,1779106.6,0.0,0.18755738413875822,-0.0,0.18755738413875822,572473_YES.csv,572473_YES
1771177920,2026-02-15 17:52:00,1,1.29,0.03999,0.030999999975968986,0.03999,,0.0315,0.0,0.0,0.001,0.031746031746031744,123077.84,718052.54,841130.38,-937976.2200000001,-0.707351338326408,937976.2200000001,0.707351338326408,572473_YES.csv,572473_YES
1771178040,2026-02-15 17:54:00,1,156.25,5.0,0.0319999999997952,5.0,,0.0315,0.0,0.0,0.001,0.031746031746031744,123077.84,718052.54,841130.38,0.0,-0.707351338326408,-0.0,0.707351338326408,572473_YES.csv,572473_YES
1771178160,2026-02-15 17:56:00,1,160.08,4.96248,0.03099999999980635,4.96248,,0.0315,0.0,0.0,0.001,0.031746031746031744,123077.84,718052.54,841130.38,0.0,-0.707351338326408,-0.0,0.707351338326408,572473_YES.csv,572473_YES
1771178340,2026-02-15 17:59:00,1,1441.32,43.2396,0.029999999999979186,43.2396,,0.0315,0.0,0.0,0.001,0.031746031746031744,123077.84,718052.54,841130.38,0.0,-0.707351338326408,-0.0,0.707351338326408,572473_YES.csv,572473_YES
1771178760,2026-02-15 18:06:00,1,100.0,3.1,0.03099999999969,3.1,,0.0315,0.0,0.0,0.001,0.031746031746031744,123077.84,718052.54,841130.38,0.0,-0.707351338326408,-0.0,0.707351338326408,572473_YES.csv,572473_YES
1771179600,2026-02-15 18:20:00,1,150.0,4.65,0.03099999999979334,4.65,,0.0315,0.0,0.0,0.001,0.031746031746031744,123077.84,718052.54,841130.38,0.0,-0.707351338326408,-0.0,0.707351338326408,572473_YES.csv,572473_YES
1771179660,2026-02-15 18:21:00,1,150.0,4.65,0.03099999999979334,4.65,,0.0315,0.0,0.0,0.001,0.031746031746031744,123077.84,718052.54,841130.38,0.0,-0.707351338326408,-0.0,0.707351338326408,572473_YES.csv,572473_YES
1771179720,2026-02-15 18:22:00,1,60.0,1.86,0.030999999999483333,1.86,,0.0305,-0.031746031746031744,0.031746031746031744,0.001,0.03278688524590164,146368.87,501765.69,648134.56,-192995.81999999995,-0.5483380179572587,192995.81999999995,0.5483380179572587,572473_YES.csv,572473_YES
1771179840,2026-02-15 18:24:00,2,852.0,25.56,0.029999999999964787,12.78,,0.0305,0.0,0.0,0.001,0.03278688524590164,146368.87,501765.69,648134.56,0.0,-0.5483380179572587,-0.0,0.5483380179572587,572473_YES.csv,572473_YES
1771179900,2026-02-15 18:25:00,1,250.0,7.5,0.02999999999988,7.5,,0.0305,0.0,0.0,0.001,0.03278688524590164,145466.91999999998,501650.09,647117.01,-1017.5500000000466,-0.5504154032359619,1017.5500000000466,0.5504154032359619,572473_YES.csv,572473_YES
1771181520,2026-02-15 18:52:00,1,5.0,0.15,0.029999999994,0.15,,0.0305,0.0,0.0,0.001,0.03278688524590164,146645.91,490293.76,636939.67,-10177.339999999967,-0.5395296700549362,10177.339999999967,0.5395296700549362,572473_YES.csv,572473_YES
1771181580,2026-02-15 18:53:00,2,105.0,3.15,0.029999999999714283,1.575,,0.0305,0.0,0.0,0.001,0.03278688524590164,146645.91,490293.76,636939.67,0.0,-0.5395296700549362,-0.0,0.5395296700549362,572473_YES.csv,572473_YES
1771181700,2026-02-15 18:55:00,2,3354.838707,103.999999,0.030999999726654223,51.9999995,,0.0305,0.0,0.0,0.001,0.03278688524590164,146535.91,493164.72,639700.63,2760.9599999999627,-0.5418609795647691,0.0,0.5418609795647691,572473_YES.csv,572473_YES
1771182480,2026-02-15 19:08:00,1,1676.129031,51.96,0.03100000002324931,51.96,,0.0305,0.0,0.0,0.001,0.03278688524590164,146535.91,493164.72,639700.63,0.0,-0.5418609795647691,-0.0,0.5418609795647691,572473_YES.csv,572473_YES
1771182660,2026-02-15 19:11:00,1,1117.386875,34.99999999999999,0.03132308136335377,34.99999999999999,,0.0305,0.0,0.0,0.001,0.03278688524590164,146535.91,493164.72,639700.63,0.0,-0.5418609795647691,-0.0,0.5418609795647691,572473_YES.csv,572473_YES
1771182720,2026-02-15 19:12:00,1,5.0,0.15,0.029999999994,0.15,,0.0305,0.0,0.0,0.001,0.03278688524590164,146535.91,493164.72,639700.63,0.0,-0.5418609795647691,-0.0,0.5418609795647691,572473_YES.csv,572473_YES
1771183260,2026-02-15 19:21:00,1,7763.75,248.44,0.03199999999999588,248.44,,0.0305,0.0,0.0,0.001,0.03278688524590164,146535.91,493164.72,639700.63,0.0,-0.5418609795647691,-0.0,0.5418609795647691,572473_YES.csv,572473_YES
1771183560,2026-02-15 19:26:00,2,1780.9375,56.59,0.03177539919282301,28.295,,0.0305,0.0,0.0,0.001,0.03278688524590164,146535.91,493164.72,639700.63,0.0,-0.5418609795647691,-0.0,0.5418609795647691,572473_YES.csv,572473_YES
1771183680,2026-02-15 19:28:00,1,30.0,0.96,0.03199999999893333,0.96,,0.031,0.016393442622950838,0.016393442622950838,0.002,0.06451612903225806,147683.34,710971.65,858654.99,218954.36,-0.656012387466589,0.0,0.656012387466589,572473_YES.csv,572473_YES
1771184040,2026-02-15 19:34:00,2,261.290321,7.944619000000001,0.030405332159125737,3.9723095000000006,,0.03,-0.032258064516129115,0.032258064516129115,0.002,0.06666666666666667,123815.02,507421.93,631236.95,-227418.04000000004,-0.6077066781340985,227418.04000000004,0.6077066781340985,572473_YES.csv,572473_YES
1771184100,2026-02-15 19:35:00,1,1800.0,52.22538,0.029014099999983882,52.22538,,0.03,0.0,0.0,0.002,0.06666666666666667,123815.02,507421.93,631236.95,0.0,-0.6077066781340985,-0.0,0.6077066781340985,572473_YES.csv,572473_YES
1771184340,2026-02-15 19:39:00,2,2375.96774,73.64999900000001,0.030997895198681857,36.824999500000004,,0.03,0.0,0.0,0.002,0.06666666666666667,123815.02,507421.93,631236.95,0.0,-0.6077066781340985,-0.0,0.6077066781340985,572473_YES.csv,572473_YES
1771184640,2026-02-15 19:44:00,1,7572.903224,234.759999,0.030999999875340904,234.759999,,0.03,0.0,0.0,0.002,0.06666666666666667,123815.02,507421.93,631236.95,0.0,-0.6077066781340985,-0.0,0.6077066781340985,572473_YES.csv,572473_YES
1771184880,2026-02-15 19:48:00,2,516.129032,16.0,0.031000000015439934,8.0,,0.03,0.0,0.0,0.002,0.06666666666666667,123815.02,507421.93,631236.95,0.0,-0.6077066781340985,-0.0,0.6077066781340985,572473_YES.csv,572473_YES
1771184940,2026-02-15 19:49:00,1,161.290321,4.999999000000001,0.0309999941036077,4.999999000000001,,0.0305,0.016666666666666607,0.016666666666666607,0.001,0.03278688524590164,146546.76,508203.96,654750.72,23513.77000000002,-0.5523586136720858,0.0,0.5523586136720858,572473_YES.csv,572473_YES
1771185060,2026-02-15 19:51:00,2,61246.65274,1940.329999,0.0316805884435337,970.1649995,,0.0305,0.0,0.0,0.001,0.03278688524590164,146546.76,508203.96,654750.72,0.0,-0.5523586136720858,-0.0,0.5523586136720858,572473_YES.csv,572473_YES
1771185300,2026-02-15 19:55:00,2,2625.0,84.0,0.03199999999998781,42.0,,0.031,0.016393442622950838,0.016393442622950838,0.002,0.06451612903225806,150122.16,662338.45,812460.61,157709.89,-0.6304506134765104,0.0,0.6304506134765104,572473_YES.csv,572473_YES
1771185360,2026-02-15 19:56:00,1,20000.0,640.0,0.0319999999999984,640.0,,0.031,0.0,0.0,0.002,0.06451612903225806,150122.16,662338.45,812460.61,0.0,-0.6304506134765104,-0.0,0.6304506134765104,572473_YES.csv,572473_YES
1771185600,2026-02-15 20:00:00,1,1687.5,54.0,0.03199999999998104,54.0,,0.031,0.0,0.0,0.002,0.06451612903225806,150122.16,662338.45,812460.61,0.0,-0.6304506134765104,-0.0,0.6304506134765104,572473_YES.csv,572473_YES
1771185660,2026-02-15 20:01:00,2,850.0,26.6,0.03129411764702201,13.3,,0.0315,0.016129032258064502,0.016129032258064502,0.001,0.031746031746031744,112625.55,635711.57,748337.12,-64123.48999999999,-0.6989978260065463,64123.48999999999,0.6989978260065463,572473_YES.csv,572473_YES
1771185780,2026-02-15 20:03:00,1,10939.0625,350.05,0.03199999999999707,350.05,,0.0315,0.0,0.0,0.001,0.031746031746031744,112625.55,635711.57,748337.12,0.0,-0.6989978260065463,-0.0,0.6989978260065463,572473_YES.csv,572473_YES
1771186140,2026-02-15 20:09:00,1,31.07,0.96317,0.030999999999002253,0.96317,,0.0315,0.0,0.0,0.001,0.031746031746031744,112625.55,635711.57,748337.12,0.0,-0.6989978260065463,-0.0,0.6989978260065463,572473_YES.csv,572473_YES
1771186260,2026-02-15 20:11:00,1,3114.33,98.0,0.031467442435441494,98.0,,0.0315,0.0,0.0,0.001,0.031746031746031744,112625.55,635711.57,748337.12,0.0,-0.6989978260065463,-0.0,0.6989978260065463,572473_YES.csv,572473_YES
1771186320,2026-02-15 20:12:00,1,3114.33,93.4299,0.029999999999990364,93.4299,,0.0315,0.0,0.0,0.001,0.031746031746031744,112625.55,635711.57,748337.12,0.0,-0.6989978260065463,-0.0,0.6989978260065463,572473_YES.csv,572473_YES
1771186440,2026-02-15 20:14:00,1,1750.0,54.25,0.030999999999982285,54.25,,0.0315,0.0,0.0,0.001,0.031746031746031744,112625.55,635711.57,748337.12,0.0,-0.6989978260065463,-0.0,0.6989978260065463,572473_YES.csv,572473_YES
1771186560,2026-02-15 20:16:00,2,10861.875,347.58000000000004,0.03199999999999706,173.79000000000002,,0.0315,0.0,0.0,0.001,0.031746031746031744,121585.95,620742.74,742328.69,-6008.430000000051,-0.672420178182794,6008.430000000051,0.672420178182794,572473_YES.csv,572473_YES
1771186680,2026-02-15 20:18:00,1,125.0,4.0,0.031999999999744,4.0,,0.0315,0.0,0.0,0.001,0.031746031746031744,121585.95,620742.74,742328.69,0.0,-0.672420178182794,-0.0,0.672420178182794,572473_YES.csv,572473_YES
1771186920,2026-02-15 20:22:00,1,33.54,1.07328,0.03199999999904592,1.07328,,0.032,0.015873015873015817,0.015873015873015817,0.002,0.0625,130844.67,725830.1799999999,856674.85,114346.16000000003,-0.6945289802776397,0.0,0.6945289802776397,572473_YES.csv,572473_YES
1771187100,2026-02-15 20:25:00,1,60.0,1.86,0.030999999999483333,1.86,,0.0315,-0.015625,0.015625,0.001,0.031746031746031744,130879.62,614602.52,745482.14,-111192.70999999996,-0.648872553807929,111192.70999999996,0.648872553807929,572473_YES.csv,572473_YES
1771187400,2026-02-15 20:30:00,2,772.0875,24.5469,0.03179289912084862,12.27345,,0.0315,0.0,0.0,0.001,0.031746031746031744,130879.62,614602.52,745482.14,0.0,-0.648872553807929,-0.0,0.648872553807929,572473_YES.csv,572473_YES
1771187520,2026-02-15 20:32:00,1,2906.25,93.0,0.03199999999998899,93.0,,0.0315,0.0,0.0,0.001,0.031746031746031744,130879.62,614602.52,745482.14,0.0,-0.648872553807929,-0.0,0.648872553807929,572473_YES.csv,572473_YES
1771187580,2026-02-15 20:33:00,2,3187.5,102.0,0.03199999999998996,51.0,,0.0315,0.0,0.0,0.001,0.031746031746031744,130879.62,614602.52,745482.14,0.0,-0.648872553807929,-0.0,0.648872553807929,572473_YES.csv,572473_YES
1771187940,2026-02-15 20:39:00,1,1265.3125,40.49,0.03199999999997471,40.49,,0.0315,0.0,0.0,0.001,0.031746031746031744,130879.62,614602.52,745482.14,0.0,-0.648872553807929,-0.0,0.648872553807929,572473_YES.csv,572473_YES
1771188060,2026-02-15 20:41:00,1,16942.91,525.2302099999999,0.030999999999998168,525.2302099999999,,0.0315,0.0,0.0,0.001,0.031746031746031744,130879.62,614602.52,745482.14,0.0,-0.648872553807929,-0.0,0.648872553807929,572473_YES.csv,572473_YES
1771188180,2026-02-15 20:43:00,1,31.25,1.0,0.031999999998976,1.0,,0.0315,0.0,0.0,0.001,0.031746031746031744,116755.62,619777.32,736532.94,-8949.20000000007,-0.6829588639986692,8949.20000000007,0.6829588639986692,572473_YES.csv,572473_YES
1771188300,2026-02-15 20:45:00,1,129.6875,4.15,0.03199999999975326,4.15,,0.0315,0.0,0.0,0.001,0.031746031746031744,116755.62,619777.32,736532.94,0.0,-0.6829588639986692,-0.0,0.6829588639986692,572473_YES.csv,572473_YES
1771188480,2026-02-15 20:48:00,1,359.375,11.5,0.03199999999991096,11.5,,0.0315,0.0,0.0,0.001,0.031746031746031744,116755.62,619777.32,736532.94,0.0,-0.6829588639986692,-0.0,0.6829588639986692,572473_YES.csv,572473_YES
1771188600,2026-02-15 20:50:00,1,129.6875,4.15,0.03199999999975326,4.15,,0.0315,0.0,0.0,0.001,0.031746031746031744,116755.62,619777.32,736532.94,0.0,-0.6829588639986692,-0.0,0.6829588639986692,572473_YES.csv,572473_YES
1771188780,2026-02-15 20:53:00,2,534.6,17.0726,0.031935278712996756,8.5363,,0.0315,0.0,0.0,0.001,0.031746031746031744,116755.62,619777.32,736532.94,0.0,-0.6829588639986692,-0.0,0.6829588639986692,572473_YES.csv,572473_YES
1771189080,2026-02-15 20:58:00,1,100.0,3.2,0.03199999999968,3.2,,0.0315,0.0,0.0,0.001,0.031746031746031744,113911.54,633055.48,746967.02,10434.080000000075,-0.6950024915423977,0.0,0.6950024915423977,572473_YES.csv,572473_YES
1771189140,2026-02-15 20:59:00,1,46.875,1.5,0.03199999999931734,1.5,,0.0315,0.0,0.0,0.001,0.031746031746031744,113911.54,633055.48,746967.02,0.0,-0.6950024915423977,-0.0,0.6950024915423977,572473_YES.csv,572473_YES
1771189200,2026-02-15 21:00:00,1,129.6875,4.15,0.03199999999975326,4.15,,0.0315,0.0,0.0,0.001,0.031746031746031744,113911.54,633055.48,746967.02,0.0,-0.6950024915423977,-0.0,0.6950024915423977,572473_YES.csv,572473_YES
1771189320,2026-02-15 21:02:00,1,7906.25,253.0,0.03199999999999595,253.0,,0.0315,0.0,0.0,0.001,0.031746031746031744,113911.54,633055.48,746967.02,0.0,-0.6950024915423977,-0.0,0.6950024915423977,572473_YES.csv,572473_YES
1771189500,2026-02-15 21:05:00,3,334.6875,10.705000000000002,0.031985060690847486,3.568333333333334,,0.0315,0.0,0.0,0.001,0.031746031746031744,113911.54,633055.48,746967.02,0.0,-0.6950024915423977,-0.0,0.6950024915423977,572473_YES.csv,572473_YES
1771189620,2026-02-15 21:07:00,1,5.0,0.155,0.0309999999938,0.155,,0.0315,0.0,0.0,0.001,0.031746031746031744,128871.8,622835.72,751707.52,4740.5,-0.6571224935996383,0.0,0.6571224935996383,572473_YES.csv,572473_YES
1771189860,2026-02-15 21:11:00,1,129.6875,4.15,0.03199999999975326,4.15,,0.0315,0.0,0.0,0.001,0.031746031746031744,128871.8,622835.72,751707.52,0.0,-0.6571224935996383,-0.0,0.6571224935996383,572473_YES.csv,572473_YES
1771190160,2026-02-15 21:16:00,1,129.6875,4.15,0.03199999999975326,4.15,,0.0315,0.0,0.0,0.001,0.031746031746031744,132579.1,622592.89,755171.99,3464.469999999972,-0.648877072360695,0.0,0.648877072360695,572473_YES.csv,572473_YES
1771190460,2026-02-15 21:21:00,1,129.6875,4.15,0.03199999999975326,4.15,,0.0315,0.0,0.0,0.001,0.031746031746031744,132579.1,622592.89,755171.99,0.0,-0.648877072360695,-0.0,0.648877072360695,572473_YES.csv,572473_YES
1771190700,2026-02-15 21:25:00,1,5.0,0.155,0.0309999999938,0.155,,0.0315,0.0,0.0,0.001,0.031746031746031744,129306.96,622159.85,751466.8099999999,-3705.180000000051,-0.6558545014117124,3705.180000000051,0.6558545014117124,572473_YES.csv,572473_YES
1771190760,2026-02-15 21:26:00,1,129.6875,4.15,0.03199999999975326,4.15,,0.0315,0.0,0.0,0.001,0.031746031746031744,129306.96,622159.85,751466.8099999999,0.0,-0.6558545014117124,-0.0,0.6558545014117124,572473_YES.csv,572473_YES
1771190880,2026-02-15 21:28:00,2,1363.4375,43.63,0.03199999999997653,21.815,,0.0315,0.0,0.0,0.001,0.031746031746031744,129247.55,625313.22,754560.77,3093.960000000079,-0.6574230860159878,0.0,0.6574230860159878,572473_YES.csv,572473_YES
1771191300,2026-02-15 21:35:00,1,31.25,1.0,0.031999999998976,1.0,,0.0315,0.0,0.0,0.001,0.031746031746031744,129247.55,625313.22,754560.77,0.0,-0.6574230860159878,-0.0,0.6574230860159878,572473_YES.csv,572473_YES
1771191480,2026-02-15 21:38:00,1,875.0,28.0,0.031999999999963426,28.0,,0.0315,0.0,0.0,0.001,0.031746031746031744,129247.55,625313.22,754560.77,0.0,-0.6574230860159878,-0.0,0.6574230860159878,572473_YES.csv,572473_YES
1771191600,2026-02-15 21:40:00,10,67693.351514,2209.5841800000003,0.03264108114875929,220.95841800000002,,0.0315,0.0,0.0,0.001,0.031746031746031744,132151.97,622209.24,754361.21,-199.56000000005588,-0.6496321172187526,199.56000000005588,0.6496321172187526,572473_YES.csv,572473_YES
1771191720,2026-02-15 21:42:00,1,34.54,1.10528,0.03199999999907354,1.10528,,0.0315,0.0,0.0,0.001,0.031746031746031744,132151.97,622209.24,754361.21,0.0,-0.6496321172187526,-0.0,0.6496321172187526,572473_YES.csv,572473_YES
1771192200,2026-02-15 21:50:00,1,31.25,1.0,0.031999999998976,1.0,,0.0315,0.0,0.0,0.001,0.031746031746031744,132151.97,622209.24,754361.21,0.0,-0.6496321172187526,-0.0,0.6496321172187526,572473_YES.csv,572473_YES
1771192320,2026-02-15 21:52:00,1,5.0,0.155,0.0309999999938,0.155,,0.0315,0.0,0.0,0.001,0.031746031746031744,135547.39,571718.17,707265.56,-47095.64999999991,-0.6167001543239289,47095.64999999991,0.6167001543239289,572473_YES.csv,572473_YES
1771192440,2026-02-15 21:54:00,1,54755.196362,1799.999999,0.0328735922541438,1799.999999,,0.0315,0.0,0.0,0.001,0.031746031746031744,135547.39,571718.17,707265.56,0.0,-0.6167001543239289,-0.0,0.6167001543239289,572473_YES.csv,572473_YES
1771192500,2026-02-15 21:55:00,1,31709.63,968.35669,0.030538252575005337,968.35669,,0.0315,0.0,0.0,0.003,0.09523809523809523,144262.26,579420.79,723683.05,16417.48999999999,-0.6013109330113507,0.0,0.6013109330113507,572473_YES.csv,572473_YES
1771192560,2026-02-15 21:56:00,1,1781.25,57.0,0.031999999999982036,57.0,,0.0315,0.0,0.0,0.003,0.09523809523809523,144262.26,579420.79,723683.05,0.0,-0.6013109330113507,-0.0,0.6013109330113507,572473_YES.csv,572473_YES
1771192860,2026-02-15 22:01:00,1,319.0,9.889,0.03099999999990282,9.889,,0.0315,0.0,0.0,0.001,0.031746031746031744,108098.96,538163.48,646262.44,-77420.6100000001,-0.6654642036755223,77420.6100000001,0.6654642036755223,572473_YES.csv,572473_YES
1771192920,2026-02-15 22:02:00,1,129.6875,4.15,0.03199999999975326,4.15,,0.0315,0.0,0.0,0.001,0.031746031746031744,108098.96,538163.48,646262.44,0.0,-0.6654642036755223,-0.0,0.6654642036755223,572473_YES.csv,572473_YES
1771192980,2026-02-15 22:03:00,1,31.25,1.0,0.031999999998976,1.0,,0.0315,0.0,0.0,0.001,0.031746031746031744,108098.96,538163.48,646262.44,0.0,-0.6654642036755223,-0.0,0.6654642036755223,572473_YES.csv,572473_YES
1771193160,2026-02-15 22:06:00,12,189611.85257,6425.112979000001,0.03388560837265149,535.4260815833335,,0.0315,0.0,0.0,0.001,0.031746031746031744,108098.96,538163.48,646262.44,0.0,-0.6654642036755223,-0.0,0.6654642036755223,572473_YES.csv,572473_YES
1771193220,2026-02-15 22:07:00,3,1872.728822,61.922109000000006,0.03306517648072324,20.640703000000002,,0.0325,0.031746031746031855,0.031746031746031855,0.001,0.030769230769230767,112465.85,429618.51,542084.36,-104178.07999999996,-0.5850614468936164,104178.07999999996,0.5850614468936164,572473_YES.csv,572473_YES
1771193640,2026-02-15 22:14:00,3,9052.058821999999,305.769999,0.03377905568364473,101.923333,,0.0325,0.0,0.0,0.001,0.030769230769230767,112465.85,429618.51,542084.36,0.0,-0.5850614468936164,-0.0,0.5850614468936164,572473_YES.csv,572473_YES
1771193760,2026-02-15 22:16:00,1,847.61,27.97113,0.03299999999996107,27.97113,,0.0325,0.0,0.0,0.001,0.030769230769230767,151987.16999999998,444708.48,596695.6499999999,54611.28999999992,-0.49057054463192423,0.0,0.49057054463192423,572473_YES.csv,572473_YES
1771193880,2026-02-15 22:18:00,1,420.0,13.44,0.03199999999992381,13.44,,0.0325,0.0,0.0,0.001,0.030769230769230767,151987.16999999998,444708.48,596695.6499999999,0.0,-0.49057054463192423,-0.0,0.49057054463192423,572473_YES.csv,572473_YES
1771193940,2026-02-15 22:19:00,2,1987.31,65.58123,0.0329999999999834,32.790615,,0.0325,0.0,0.0,0.001,0.030769230769230767,146580.22,446983.26,593563.48,-3132.1699999999255,-0.5061009481243692,3132.1699999999255,0.5061009481243692,572473_YES.csv,572473_YES
1771194060,2026-02-15 22:21:00,3,1183.347574,39.048089000000004,0.03299798796052375,13.016029666666668,,0.0325,0.0,0.0,0.001,0.030769230769230767,146580.22,446983.26,593563.48,0.0,-0.5061009481243692,-0.0,0.5061009481243692,572473_YES.csv,572473_YES
1771194600,2026-02-15 22:30:00,2,245.544116,8.223249000000001,0.033489904518691486,4.1116245000000005,,0.0325,0.0,0.0,0.001,0.030769230769230767,146580.22,446983.26,593563.48,0.0,-0.5061009481243692,-0.0,0.5061009481243692,572473_YES.csv,572473_YES
1771194720,2026-02-15 22:32:00,1,9.64,0.31812,0.03299999999657676,0.31812,,0.0325,0.0,0.0,0.001,0.030769230769230767,146580.22,446983.26,593563.48,0.0,-0.5061009481243692,-0.0,0.5061009481243692,572473_YES.csv,572473_YES
1771194960,2026-02-15 22:36:00,1,123.636362,4.079999,0.03299999234826239,4.079999,,0.0325,0.0,0.0,0.001,0.030769230769230767,146580.22,446983.26,593563.48,0.0,-0.5061009481243692,-0.0,0.5061009481243692,572473_YES.csv,572473_YES
1771195080,2026-02-15 22:38:00,1,29379.301713,999.999999,0.03403756865186064,999.999999,,0.0325,0.0,0.0,0.001,0.030769230769230767,146580.22,446983.26,593563.48,0.0,-0.5061009481243692,-0.0,0.5061009481243692,572473_YES.csv,572473_YES
1771195200,2026-02-15 22:40:00,2,2082.132351,70.77624899999999,0.0339921950523336,35.388124499999996,,0.0335,0.030769230769230882,0.030769230769230882,0.001,0.029850746268656716,113815.64,582457.62,696273.26,102709.78000000003,-0.6730719200677044,0.0,0.6730719200677044,572473_YES.csv,572473_YES
1771195260,2026-02-15 22:41:00,1,176.470587,6.0,0.03400000023780733,6.0,,0.0335,0.0,0.0,0.001,0.029850746268656716,113815.64,582457.62,696273.26,0.0,-0.6730719200677044,-0.0,0.6730719200677044,572473_YES.csv,572473_YES
1771195440,2026-02-15 22:44:00,1,120.0,4.08,0.03399999999971667,4.08,,0.0335,0.0,0.0,0.001,0.029850746268656716,113815.64,582457.62,696273.26,0.0,-0.6730719200677044,-0.0,0.6730719200677044,572473_YES.csv,572473_YES
1771195740,2026-02-15 22:49:00,1,81.470587,2.77,0.03400000051510607,2.77,,0.0335,0.0,0.0,0.001,0.029850746268656716,101761.1,599814.88,701575.98,5302.719999999972,-0.7099071151210166,0.0,0.7099071151210166,572473_YES.csv,572473_YES
1771195800,2026-02-15 22:50:00,1,120.0,4.08,0.03399999999971667,4.08,,0.0335,0.0,0.0,0.001,0.029850746268656716,101761.1,599814.88,701575.98,0.0,-0.7099071151210166,-0.0,0.7099071151210166,572473_YES.csv,572473_YES
1771196400,2026-02-15 23:00:00,1,127.5,4.08,0.03199999999974902,4.08,,0.0335,0.0,0.0,0.001,0.029850746268656716,101761.1,599814.88,701575.98,0.0,-0.7099071151210166,-0.0,0.7099071151210166,572473_YES.csv,572473_YES
1771196460,2026-02-15 23:01:00,1,100.0,3.2,0.03199999999968,3.2,,0.0315,-0.059701492537313494,0.059701492537313494,0.001,0.031746031746031744,120467.92,391317.92,511785.83999999997,-189790.14,-0.5292252712579935,189790.14,0.5292252712579935,572473_YES.csv,572473_YES
1771196520,2026-02-15 23:02:00,1,62.5,2.0,0.031999999999488,2.0,,0.0315,0.0,0.0,0.001,0.031746031746031744,120467.92,391317.92,511785.83999999997,0.0,-0.5292252712579935,-0.0,0.5292252712579935,572473_YES.csv,572473_YES
1771197000,2026-02-15 23:10:00,1,30.3,0.9999,0.032999999998910894,0.9999,,0.0315,0.0,0.0,0.001,0.031746031746031744,139710.55,405041.6,544752.1499999999,32966.30999999994,-0.4870674672876464,0.0,0.4870674672876464,572473_YES.csv,572473_YES
1771197120,2026-02-15 23:12:00,1,3470.0,104.50878,0.030117804034573422,104.50878,,0.0315,0.0,0.0,0.001,0.031746031746031744,139710.55,405041.6,544752.1499999999,0.0,-0.4870674672876464,-0.0,0.4870674672876464,572473_YES.csv,572473_YES
1771197240,2026-02-15 23:14:00,1,575.75,17.84825,0.030999999999946157,17.84825,,0.0315,0.0,0.0,0.001,0.031746031746031744,139710.55,405041.6,544752.1499999999,0.0,-0.4870674672876464,-0.0,0.4870674672876464,572473_YES.csv,572473_YES
1771197300,2026-02-15 23:15:00,1,5.0,0.155,0.0309999999938,0.155,,0.0315,0.0,0.0,0.001,0.031746031746031744,139710.55,405041.6,544752.1499999999,0.0,-0.4870674672876464,-0.0,0.4870674672876464,572473_YES.csv,572473_YES
1771197420,2026-02-15 23:17:00,1,5.0,0.155,0.0309999999938,0.155,,0.0315,0.0,0.0,0.001,0.031746031746031744,139710.55,405041.6,544752.1499999999,0.0,-0.4870674672876464,-0.0,0.4870674672876464,572473_YES.csv,572473_YES
1771197540,2026-02-15 23:19:00,1,1548.698483,49.999999,0.032285173356089346,49.999999,,0.032,0.015873015873015817,0.015873015873015817,0.002,0.0625,144025.44,467897.74,611923.1799999999,67171.03000000003,-0.5292695400099078,0.0,0.5292695400099078,572473_YES.csv,572473_YES
1771197660,2026-02-15 23:21:00,2,600.0,19.8,0.032999999999945004,9.9,,0.032,0.0,0.0,0.002,0.0625,144025.44,467897.74,611923.1799999999,0.0,-0.5292695400099078,-0.0,0.5292695400099078,572473_YES.csv,572473_YES
1771197900,2026-02-15 23:25:00,1,122.0,3.904,0.031999999999737704,3.904,,0.0325,0.015625,0.015625,0.001,0.030769230769230767,138612.88,471449.71,610062.5900000001,-1860.589999999851,-0.5455781676434216,1860.589999999851,0.5455781676434216,572473_YES.csv,572473_YES
1771198140,2026-02-15 23:29:00,1,1347.11,42.67961,0.031682349622501674,42.67961,,0.0325,0.0,0.0,0.001,0.030769230769230767,138612.88,471449.71,610062.5900000001,0.0,-0.5455781676434216,-0.0,0.5455781676434216,572473_YES.csv,572473_YES
1771198440,2026-02-15 23:34:00,2,105.0,3.355,0.03195238095207664,1.6775,,0.0315,-0.03076923076923077,0.03076923076923077,0.001,0.031746031746031744,143809.65,445488.82,589298.47,-20764.12000000011,-0.5119293284437003,20764.12000000011,0.5119293284437003,572473_YES.csv,572473_YES
1771198620,2026-02-15 23:37:00,1,10616.48,322.19239,0.030348325433662438,322.19239,,0.0315,0.0,0.0,0.001,0.031746031746031744,143653.54,460181.03,603834.5700000001,14536.100000000093,-0.5241957081059468,0.0,0.5241957081059468,572473_YES.csv,572473_YES
1771198800,2026-02-15 23:40:00,1,83.4375,2.67,0.031999999999616474,2.67,,0.0315,0.0,0.0,0.001,0.031746031746031744,133185.71,461361.89,594547.6,-9286.970000000088,-0.5519762925626142,9286.970000000088,0.5519762925626142,572473_YES.csv,572473_YES
1771199160,2026-02-15 23:46:00,2,3500.0,112.0,0.031999999999990855,56.0,,0.0315,0.0,0.0,0.001,0.031746031746031744,134906.26,463168.81,598075.0700000001,3527.4700000000885,-0.5488651282522108,0.0,0.5488651282522108,572473_YES.csv,572473_YES
1771199520,2026-02-15 23:52:00,2,3169.87,96.67085,0.03049678693447032,48.335425,,0.0315,0.0,0.0,0.001,0.031746031746031744,135489.96,460576.39,596066.35,-2008.7200000000885,-0.5453863147953245,2008.7200000000885,0.5453863147953245,572473_YES.csv,572473_YES
1771200000,2026-02-16 00:00:00,1,5.0,0.15,0.029999999994,0.15,,0.0315,0.0,0.0,0.001,0.031746031746031744,135489.96,460576.39,596066.35,0.0,-0.5453863147953245,-0.0,0.5453863147953245,572473_YES.csv,572473_YES
1771200240,2026-02-16 00:04:00,1,31.25,1.0,0.031999999998976,1.0,,0.031,-0.015873015873015928,0.015873015873015928,0.002,0.06451612903225806,194480.83,457207.19,651688.02,55621.67000000004,-0.40314744469293756,0.0,0.40314744469293756,572473_YES.csv,572473_YES
1771200360,2026-02-16 00:06:00,1,31.25,1.0,0.031999999998976,1.0,,0.031,0.0,0.0,0.002,0.06451612903225806,194480.83,457207.19,651688.02,0.0,-0.40314744469293756,-0.0,0.40314744469293756,572473_YES.csv,572473_YES
1771200780,2026-02-16 00:13:00,1,31.25,0.9375,0.02999999999904,0.9375,,0.031,0.0,0.0,0.002,0.06451612903225806,198749.68,459640.79,658390.47,6702.449999999953,-0.3962559026712522,0.0,0.3962559026712522,572473_YES.csv,572473_YES
1771200840,2026-02-16 00:14:00,1,31.25,1.0,0.031999999998976,1.0,,0.031,0.0,0.0,0.002,0.06451612903225806,198749.68,459640.79,658390.47,0.0,-0.3962559026712522,-0.0,0.3962559026712522,572473_YES.csv,572473_YES
1771200900,2026-02-16 00:15:00,1,31.25,1.0,0.031999999998976,1.0,,0.031,0.0,0.0,0.002,0.06451612903225806,198749.68,459640.79,658390.47,0.0,-0.3962559026712522,-0.0,0.3962559026712522,572473_YES.csv,572473_YES
1771201020,2026-02-16 00:17:00,1,272.1875,8.71,0.031999999999882435,8.71,,0.031,0.0,0.0,0.002,0.06451612903225806,198749.68,459640.79,658390.47,0.0,-0.3962559026712522,-0.0,0.3962559026712522,572473_YES.csv,572473_YES
1771201080,2026-02-16 00:18:00,1,300.0,9.6,0.031999999999893336,9.6,,0.031,0.0,0.0,0.002,0.06451612903225806,198749.68,459640.79,658390.47,0.0,-0.3962559026712522,-0.0,0.3962559026712522,572473_YES.csv,572473_YES
1771201140,2026-02-16 00:19:00,1,31.25,1.0,0.031999999998976,1.0,,0.031,0.0,0.0,0.002,0.06451612903225806,198697.3,458958.02,657655.3200000001,-735.1499999999069,-0.39574030968076107,735.1499999999069,0.39574030968076107,572473_YES.csv,572473_YES
1771201200,2026-02-16 00:20:00,4,1785.72,53.5716,0.029999999999983196,13.3929,,0.031,0.0,0.0,0.002,0.06451612903225806,198697.3,458958.02,657655.3200000001,0.0,-0.39574030968076107,-0.0,0.39574030968076107,572473_YES.csv,572473_YES
1771201380,2026-02-16 00:23:00,2,920.51,28.56706,0.031033948571953553,14.28353,,0.031,0.0,0.0,0.002,0.06451612903225806,198697.3,458958.02,657655.3200000001,0.0,-0.39574030968076107,-0.0,0.39574030968076107,572473_YES.csv,572473_YES
1771201440,2026-02-16 00:24:00,3,1833.75,58.68,0.03199999999998255,19.56,,0.031,0.0,0.0,0.002,0.06451612903225806,198697.3,458958.02,657655.3200000001,0.0,-0.39574030968076107,-0.0,0.39574030968076107,572473_YES.csv,572473_YES
1771201500,2026-02-16 00:25:00,1,320.0,10.24,0.031999999999900004,10.24,,0.0315,0.016129032258064502,0.016129032258064502,0.001,0.031746031746031744,136094.77,457037.67,593132.44,-64522.88000000012,-0.5410982073413487,64522.88000000012,0.5410982073413487,572473_YES.csv,572473_YES
1771201800,2026-02-16 00:30:00,1,74.39,2.30609,0.030999999999583278,2.30609,,0.0315,0.0,0.0,0.001,0.031746031746031744,136094.77,457037.67,593132.44,0.0,-0.5410982073413487,-0.0,0.5410982073413487,572473_YES.csv,572473_YES
1771201920,2026-02-16 00:32:00,10,4464.3,135.00497,0.03024101650874039,13.500497,,0.0315,0.0,0.0,0.001,0.031746031746031744,136094.77,457037.67,593132.44,0.0,-0.5410982073413487,-0.0,0.5410982073413487,572473_YES.csv,572473_YES
1771201980,2026-02-16 00:33:00,15,6696.45,200.8935,0.029999999999995516,13.3929,,0.0315,0.0,0.0,0.001,0.031746031746031744,136094.77,457037.67,593132.44,0.0,-0.5410982073413487,-0.0,0.5410982073413487,572473_YES.csv,572473_YES
1771204980,2026-02-16 01:23:00,2,2229.032257,69.1,0.031000000014790693,34.55,,0.0315,0.0,0.0,0.001,0.031746031746031744,136094.77,457037.67,593132.44,0.0,-0.5410982073413487,-0.0,0.5410982073413487,572473_YES.csv,572473_YES
1771205100,2026-02-16 01:25:00,1,5.0,0.15,0.029999999994,0.15,,0.0305,-0.031746031746031744,0.031746031746031744,0.001,0.03278688524590164,176944.77,246993.63,423938.4,-169194.03999999992,-0.16523358110517947,169194.03999999992,0.16523358110517947,572473_YES.csv,572473_YES
1771205220,2026-02-16 01:27:00,1,5.0,0.15,0.029999999994,0.15,,0.0305,0.0,0.0,0.001,0.03278688524590164,176944.77,246993.63,423938.4,0.0,-0.16523358110517947,-0.0,0.16523358110517947,572473_YES.csv,572473_YES
1771205340,2026-02-16 01:29:00,1,300.0,9.3,0.03099999999989667,9.3,,0.0305,0.0,0.0,0.001,0.03278688524590164,176944.77,246993.63,423938.4,0.0,-0.16523358110517947,-0.0,0.16523358110517947,572473_YES.csv,572473_YES
1771205640,2026-02-16 01:34:00,1,32.25,0.99975,0.030999999999038765,0.99975,,0.0305,0.0,0.0,0.001,0.03278688524590164,177544.69999999998,248049.99,425594.68999999994,1656.2899999999208,-0.1656629926468303,0.0,0.1656629926468303,572473_YES.csv,572473_YES
1771206060,2026-02-16 01:41:00,1,138.0,4.14,0.02999999999978261,4.14,,0.0305,0.0,0.0,0.001,0.03278688524590164,177544.69999999998,248049.99,425594.68999999994,0.0,-0.1656629926468303,-0.0,0.1656629926468303,572473_YES.csv,572473_YES
1771206300,2026-02-16 01:45:00,1,5.0,0.145,0.028999999994200002,0.145,,0.0305,0.0,0.0,0.001,0.03278688524590164,177544.69999999998,248049.99,425594.68999999994,0.0,-0.1656629926468303,-0.0,0.1656629926468303,572473_YES.csv,572473_YES
1771207860,2026-02-16 02:11:00,1,5.0,0.15,0.029999999994,0.15,,0.0305,0.0,0.0,0.001,0.03278688524590164,177544.69999999998,248049.99,425594.68999999994,0.0,-0.1656629926468303,-0.0,0.1656629926468303,572473_YES.csv,572473_YES
1771207920,2026-02-16 02:12:00,1,6446.519686,199.999999,0.031024492089012284,199.999999,,0.0305,0.0,0.0,0.001,0.03278688524590164,177544.69999999998,248049.99,425594.68999999994,0.0,-0.1656629926468303,-0.0,0.1656629926468303,572473_YES.csv,572473_YES
1771208760,2026-02-16 02:26:00,1,74.53,2.2359,0.029999999999597477,2.2359,,0.0305,0.0,0.0,0.001,0.03278688524590164,177544.69999999998,248049.99,425594.68999999994,0.0,-0.1656629926468303,-0.0,0.1656629926468303,572473_YES.csv,572473_YES
1771209840,2026-02-16 02:44:00,1,32.25,0.99975,0.030999999999038765,0.99975,,0.0305,0.0,0.0,0.001,0.03278688524590164,177544.69999999998,248049.99,425594.68999999994,0.0,-0.1656629926468303,-0.0,0.1656629926468303,572473_YES.csv,572473_YES
1771209960,2026-02-16 02:46:00,1,3573.565311,113.12999899999998,0.03165745947100394,113.12999899999998,,0.0305,0.0,0.0,0.001,0.03278688524590164,181425.52,312042.66000000003,493468.18000000005,67873.4900000001,-0.2646921226004887,0.0,0.2646921226004887,572473_YES.csv,572473_YES
1771211760,2026-02-16 03:16:00,1,96.774192,2.999999,0.030999990162346166,2.999999,,0.0305,0.0,0.0,0.001,0.03278688524590164,177799.43,306453.69,484253.12,-9215.060000000056,-0.2656756450015232,9215.060000000056,0.2656756450015232,572473_YES.csv,572473_YES
1771212840,2026-02-16 03:34:00,1,5.0,0.15,0.029999999994,0.15,,0.0305,0.0,0.0,0.001,0.03278688524590164,177741.4,310375.82,488117.22,3864.0999999999767,-0.27172657420281143,0.0,0.27172657420281143,572473_YES.csv,572473_YES
1771212960,2026-02-16 03:36:00,1,5.0,0.15,0.029999999994,0.15,,0.0305,0.0,0.0,0.001,0.03278688524590164,177741.4,310375.82,488117.22,0.0,-0.27172657420281143,-0.0,0.27172657420281143,572473_YES.csv,572473_YES
1771213380,2026-02-16 03:43:00,2,14562.525311000001,450.46559900000005,0.030933206252332,225.23279950000003,,0.031,0.016393442622950838,0.016393442622950838,0.002,0.06451612903225806,179494.87,527858.06,707352.93,219235.71000000008,-0.49248850923682475,0.0,0.49248850923682475,572473_YES.csv,572473_YES
1771213800,2026-02-16 03:50:00,1,59412.58,1722.96482,0.028999999999999516,1722.96482,,0.031,0.0,0.0,0.002,0.06451612903225806,179494.87,527858.06,707352.93,0.0,-0.49248850923682475,-0.0,0.49248850923682475,572473_YES.csv,572473_YES
1771213920,2026-02-16 03:52:00,1,50428.523125,1599.9999999999998,0.03172807571687067,1599.9999999999998,,0.0295,-0.048387096774193616,0.048387096774193616,0.001,0.03389830508474576,121435.26,162027.0,283462.26,-423890.67000000004,-0.14319980374106947,423890.67000000004,0.14319980374106947,572473_YES.csv,572473_YES
1771213980,2026-02-16 03:53:00,1,300.0,9.0,0.029999999999900002,9.0,,0.0295,0.0,0.0,0.001,0.03389830508474576,121435.26,162027.0,283462.26,0.0,-0.14319980374106947,-0.0,0.14319980374106947,572473_YES.csv,572473_YES
1771214040,2026-02-16 03:54:00,2,15.2,0.47639999999999993,0.03134210526109591,0.23819999999999997,,0.0295,0.0,0.0,0.001,0.03389830508474576,121435.26,162027.0,283462.26,0.0,-0.14319980374106947,-0.0,0.14319980374106947,572473_YES.csv,572473_YES
1771214100,2026-02-16 03:55:00,2,41.45,1.2968099999999998,0.03128612786414267,0.6484049999999999,,0.031,0.05084745762711873,0.05084745762711873,0.002,0.06451612903225806,133913.54,487096.18,621009.72,337547.45999999996,-0.5687232077462492,0.0,0.5687232077462492,572473_YES.csv,572473_YES
1771214160,2026-02-16 03:56:00,1,602.68125,19.26,0.031957191301318875,19.26,,0.031,0.0,0.0,0.002,0.06451612903225806,133913.54,487096.18,621009.72,0.0,-0.5687232077462492,-0.0,0.5687232077462492,572473_YES.csv,572473_YES
1771214820,2026-02-16 04:07:00,1,388.709676,12.049999,0.030999997540501152,12.049999,,0.0305,-0.016129032258064502,0.016129032258064502,0.001,0.03278688524590164,135065.93,269559.22000000003,404625.15,-216384.56999999995,-0.33238984279647477,216384.56999999995,0.33238984279647477,572473_YES.csv,572473_YES
1771215120,2026-02-16 04:12:00,1,50.0,1.55,0.030999999999380003,1.55,,0.0305,0.0,0.0,0.001,0.03278688524590164,135065.93,269559.22000000003,404625.15,0.0,-0.33238984279647477,-0.0,0.33238984279647477,572473_YES.csv,572473_YES
1771215180,2026-02-16 04:13:00,1,233.870966,7.249999000000001,0.03099999595490185,7.249999000000001,,0.0305,0.0,0.0,0.001,0.03278688524590164,135781.83,269138.3,404920.13,294.9799999999814,-0.3293401837048704,0.0,0.3293401837048704,572473_YES.csv,572473_YES
1771215540,2026-02-16 04:19:00,2,8475.80645,262.749999,0.030999999887912612,131.3749995,,0.0305,0.0,0.0,0.001,0.03278688524590164,135510.36,310944.94,446455.3,41535.169999999984,-0.3929499325016413,0.0,0.3929499325016413,572473_YES.csv,572473_YES
1771215600,2026-02-16 04:20:00,1,5.0,0.15,0.029999999994,0.15,,0.0305,0.0,0.0,0.001,0.03278688524590164,135510.36,310944.94,446455.3,0.0,-0.3929499325016413,-0.0,0.3929499325016413,572473_YES.csv,572473_YES
1771215780,2026-02-16 04:23:00,1,500.0,15.0,0.029999999999940002,15.0,,0.0305,0.0,0.0,0.001,0.03278688524590164,135510.36,310944.94,446455.3,0.0,-0.3929499325016413,-0.0,0.3929499325016413,572473_YES.csv,572473_YES
1771216020,2026-02-16 04:27:00,1,909.09,27.2727,0.029999999999967,27.2727,,0.0305,0.0,0.0,0.001,0.03278688524590164,135510.36,310944.94,446455.3,0.0,-0.3929499325016413,-0.0,0.3929499325016413,572473_YES.csv,572473_YES
1771216200,2026-02-16 04:30:00,3,4110.863787,128.70999799999998,0.03130972094161686,42.903332666666664,,0.0305,0.0,0.0,0.001,0.03278688524590164,135510.36,310944.94,446455.3,0.0,-0.3929499325016413,-0.0,0.3929499325016413,572473_YES.csv,572473_YES
1771216320,2026-02-16 04:32:00,1,334.86875,10.69,0.031922954888946975,10.69,,0.0305,0.0,0.0,0.001,0.03278688524590164,135510.36,310944.94,446455.3,0.0,-0.3929499325016413,-0.0,0.3929499325016413,572473_YES.csv,572473_YES
1771216380,2026-02-16 04:33:00,2,6564.112499999999,210.0,0.03199213907439397,105.0,,0.0305,0.0,0.0,0.001,0.03278688524590164,135510.36,310944.94,446455.3,0.0,-0.3929499325016413,-0.0,0.3929499325016413,572473_YES.csv,572473_YES
1771216500,2026-02-16 04:35:00,1,4543.125,145.38,0.03199999999999295,145.38,,0.0305,0.0,0.0,0.001,0.03278688524590164,135510.36,310944.94,446455.3,0.0,-0.3929499325016413,-0.0,0.3929499325016413,572473_YES.csv,572473_YES
1771217460,2026-02-16 04:51:00,1,64.516129,2.0000000000000004,0.031000000015019503,2.0000000000000004,,0.0305,0.0,0.0,0.001,0.03278688524590164,135510.36,310944.94,446455.3,0.0,-0.3929499325016413,-0.0,0.3929499325016413,572473_YES.csv,572473_YES
1771218480,2026-02-16 05:08:00,1,32.25,0.99975,0.030999999999038765,0.99975,,0.0305,0.0,0.0,0.001,0.03278688524590164,135510.36,310944.94,446455.3,0.0,-0.3929499325016413,-0.0,0.3929499325016413,572473_YES.csv,572473_YES
1771219140,2026-02-16 05:19:00,2,349.3675,10.830400000000001,0.031000021467277296,5.4152000000000005,,0.0305,0.0,0.0,0.001,0.03278688524590164,144175.88,298187.44,442363.32,-4091.9799999999814,-0.34815626214216855,4091.9799999999814,0.34815626214216855,572473_YES.csv,572473_YES
1771219740,2026-02-16 05:29:00,1,60988.124704,1997.519999,0.032752605670279863,1997.519999,,0.0305,0.0,0.0,0.001,0.03278688524590164,144175.88,298187.44,442363.32,0.0,-0.34815626214216855,-0.0,0.34815626214216855,572473_YES.csv,572473_YES
1771220460,2026-02-16 05:41:00,1,5.0,0.16,0.0319999999936,0.16,,0.0305,0.0,0.0,0.001,0.03278688524590164,144175.88,298187.44,442363.32,0.0,-0.34815626214216855,-0.0,0.34815626214216855,572473_YES.csv,572473_YES
1771220580,2026-02-16 05:43:00,1,5.0,0.16,0.0319999999936,0.16,,0.0325,0.06557377049180335,0.06557377049180335,0.001,0.030769230769230767,83362.8,666307.9400000001,749670.7400000001,307307.4200000001,-0.7776015641213367,0.0,0.7776015641213367,572473_YES.csv,572473_YES
1771220700,2026-02-16 05:45:00,1,303.030302,10.0,0.0330000001120911,10.0,,0.0325,0.0,0.0,0.001,0.030769230769230767,83362.8,666307.9400000001,749670.7400000001,0.0,-0.7776015641213367,-0.0,0.7776015641213367,572473_YES.csv,572473_YES
1771221600,2026-02-16 06:00:00,2,161.25,5.155,0.03196899224786376,2.5775,,0.0325,0.0,0.0,0.001,0.030769230769230767,83362.8,666307.9400000001,749670.7400000001,0.0,-0.7776015641213367,-0.0,0.7776015641213367,572473_YES.csv,572473_YES
1771222560,2026-02-16 06:16:00,1,54.51,1.68981,0.030999999999431302,1.68981,,0.0315,-0.03076923076923077,0.03076923076923077,0.001,0.031746031746031744,93002.95,618851.86,711854.8099999999,-37815.93000000017,-0.7387024750173424,37815.93000000017,0.7387024750173424,572473_YES.csv,572473_YES
1771222680,2026-02-16 06:18:00,1,3125.484061,99.999999,0.031995043663083964,99.999999,,0.0315,0.0,0.0,0.001,0.031746031746031744,93002.95,618851.86,711854.8099999999,0.0,-0.7387024750173424,-0.0,0.7387024750173424,572473_YES.csv,572473_YES
1771222800,2026-02-16 06:20:00,1,400.0,12.0,0.029999999999925,12.0,,0.0315,0.0,0.0,0.001,0.031746031746031744,93002.95,618851.86,711854.8099999999,0.0,-0.7387024750173424,-0.0,0.7387024750173424,572473_YES.csv,572473_YES
1771223040,2026-02-16 06:24:00,1,35.9,1.1129,0.030999999999136496,1.1129,,0.0315,0.0,0.0,0.001,0.031746031746031744,93002.95,618851.86,711854.8099999999,0.0,-0.7387024750173424,-0.0,0.7387024750173424,572473_YES.csv,572473_YES
1771223100,2026-02-16 06:25:00,1,5.0,0.15,0.029999999994,0.15,,0.0305,-0.031746031746031744,0.031746031746031744,0.001,0.03278688524590164,143829.81,388605.63,532435.44,-179419.37,-0.4597286386495986,179419.37,0.4597286386495986,572473_YES.csv,572473_YES
1771223160,2026-02-16 06:26:00,1,22.0,0.6819999999999999,0.030999999998590905,0.6819999999999999,,0.0305,0.0,0.0,0.001,0.03278688524590164,143829.81,388605.63,532435.44,0.0,-0.4597286386495986,-0.0,0.4597286386495986,572473_YES.csv,572473_YES
1771223640,2026-02-16 06:34:00,1,32.25,0.99975,0.030999999999038765,0.99975,,0.0305,0.0,0.0,0.001,0.03278688524590164,145990.0,388493.37,534483.37,2047.9300000000512,-0.45371546358869874,0.0,0.45371546358869874,572473_YES.csv,572473_YES
1771224240,2026-02-16 06:44:00,1,968.960311,30.999999000000003,0.03199305342855058,30.999999000000003,,0.0305,0.0,0.0,0.001,0.03278688524590164,145990.0,388493.37,534483.37,0.0,-0.45371546358869874,-0.0,0.45371546358869874,572473_YES.csv,572473_YES
1771224660,2026-02-16 06:51:00,1,22.0,0.704,0.031999999998545456,0.704,,0.0305,0.0,0.0,0.001,0.03278688524590164,145990.0,388493.37,534483.37,0.0,-0.45371546358869874,-0.0,0.45371546358869874,572473_YES.csv,572473_YES
1771226160,2026-02-16 07:16:00,1,724.0625,23.17,0.03199999999995581,23.17,,0.0315,0.032786885245901676,0.032786885245901676,0.001,0.031746031746031744,85469.12,619610.53,705079.65,170596.28000000003,-0.7575618017056654,0.0,0.7575618017056654,572473_YES.csv,572473_YES
1771226940,2026-02-16 07:29:00,1,843.75,27.0,0.03199999999996207,27.0,,0.0315,0.0,0.0,0.001,0.031746031746031744,85469.12,619610.53,705079.65,0.0,-0.7575618017056654,-0.0,0.7575618017056654,572473_YES.csv,572473_YES
1771227180,2026-02-16 07:33:00,1,9551.5625,305.65000000000003,0.03199999999999665,305.65000000000003,,0.0315,0.0,0.0,0.001,0.031746031746031744,85469.12,619610.53,705079.65,0.0,-0.7575618017056654,-0.0,0.7575618017056654,572473_YES.csv,572473_YES
1771227660,2026-02-16 07:41:00,1,66.66,2.06646,0.030999999999534948,2.06646,,0.0315,0.0,0.0,0.001,0.031746031746031744,85469.12,619610.53,705079.65,0.0,-0.7575618017056654,-0.0,0.7575618017056654,572473_YES.csv,572473_YES
1771227720,2026-02-16 07:42:00,1,2337.5,70.35855,0.030099914438489722,70.35855,,0.0315,0.0,0.0,0.001,0.031746031746031744,85469.12,619610.53,705079.65,0.0,-0.7575618017056654,-0.0,0.7575618017056654,572473_YES.csv,572473_YES
1771227900,2026-02-16 07:45:00,1,1129.032258,35.0,0.03100000000174394,35.0,,0.0315,0.0,0.0,0.001,0.031746031746031744,85469.12,619610.53,705079.65,0.0,-0.7575618017056654,-0.0,0.7575618017056654,572473_YES.csv,572473_YES
1771228020,2026-02-16 07:47:00,1,5.0,0.15,0.029999999994,0.15,,0.0315,0.0,0.0,0.001,0.031746031746031744,85469.12,619610.53,705079.65,0.0,-0.7575618017056654,-0.0,0.7575618017056654,572473_YES.csv,572473_YES
1771228140,2026-02-16 07:49:00,1,5.0,0.15,0.029999999994,0.15,,0.0305,-0.031746031746031744,0.031746031746031744,0.001,0.03278688524590164,343863.14,404976.99,748840.13,43760.47999999998,-0.08161134473388863,0.0,0.08161134473388863,572473_YES.csv,572473_YES
1771228320,2026-02-16 07:52:00,1,4651.16,140.48328,0.030203923322347403,140.48328,,0.0315,0.032786885245901676,0.032786885245901676,0.001,0.031746031746031744,284033.09,623532.68,907565.77,158725.64,-0.37407712060361203,0.0,0.37407712060361203,572473_YES.csv,572473_YES
1771228560,2026-02-16 07:56:00,1,31.25,1.0,0.031999999998976,1.0,,0.0315,0.0,0.0,0.001,0.031746031746031744,284033.09,623532.68,907565.77,0.0,-0.37407712060361203,-0.0,0.37407712060361203,572473_YES.csv,572473_YES
1771228920,2026-02-16 08:02:00,1,210.0,6.72,0.03199999999984762,6.72,,0.0315,0.0,0.0,0.001,0.031746031746031744,284033.09,623532.68,907565.77,0.0,-0.37407712060361203,-0.0,0.37407712060361203,572473_YES.csv,572473_YES
1771229220,2026-02-16 08:07:00,1,5.0,0.15,0.029999999994,0.15,,0.0305,-0.031746031746031744,0.031746031746031744,0.001,0.03278688524590164,146172.66999999998,405867.42,552040.09,-355525.68000000005,-0.4704273379855438,355525.68000000005,0.4704273379855438,572473_YES.csv,572473_YES
1771229820,2026-02-16 08:17:00,8,3557.95,112.5286,0.03162736969321333,14.066075,,0.0305,0.0,0.0,0.001,0.03278688524590164,146172.66999999998,405867.42,552040.09,0.0,-0.4704273379855438,-0.0,0.4704273379855438,572473_YES.csv,572473_YES
1771229880,2026-02-16 08:18:00,1,446.43,14.28576,0.03199999999992832,14.28576,,0.0305,0.0,0.0,0.001,0.03278688524590164,146172.66999999998,405867.42,552040.09,0.0,-0.4704273379855438,-0.0,0.4704273379855438,572473_YES.csv,572473_YES
1771230360,2026-02-16 08:26:00,14,6250.02,197.6961,0.03163127477991563,14.12115,,0.0305,0.0,0.0,0.001,0.03278688524590164,146172.66999999998,405867.42,552040.09,0.0,-0.4704273379855438,-0.0,0.4704273379855438,572473_YES.csv,572473_YES
1771230480,2026-02-16 08:28:00,1,3597.0,107.91,0.02999999999999166,107.91,,0.0305,0.0,0.0,0.001,0.03278688524590164,146272.34,406305.82,552578.16,538.0700000000652,-0.4705822611592177,0.0,0.4705822611592177,572473_YES.csv,572473_YES
1771230720,2026-02-16 08:32:00,1,3219.433125,100.72,0.031285010773431876,100.72,,0.0305,0.0,0.0,0.001,0.03278688524590164,146272.34,406305.82,552578.16,0.0,-0.4705822611592177,-0.0,0.4705822611592177,572473_YES.csv,572473_YES
1771230840,2026-02-16 08:34:00,1,5.0,0.15,0.029999999994,0.15,,0.0305,0.0,0.0,0.001,0.03278688524590164,155386.94,403054.02,558440.96,5862.79999999993,-0.44349733945017217,0.0,0.44349733945017217,572473_YES.csv,572473_YES
1771231260,2026-02-16 08:41:00,1,333.0,9.99,0.02999999999990991,9.99,,0.0305,0.0,0.0,0.001,0.03278688524590164,155386.94,403054.02,558440.96,0.0,-0.44349733945017217,-0.0,0.44349733945017217,572473_YES.csv,572473_YES
1771231680,2026-02-16 08:48:00,1,4625.0,148.0,0.031999999999993076,148.0,,0.0305,0.0,0.0,0.001,0.03278688524590164,155386.94,403054.02,558440.96,0.0,-0.44349733945017217,-0.0,0.44349733945017217,572473_YES.csv,572473_YES
1771231740,2026-02-16 08:49:00,1,284.09,8.522699999999999,0.0299999999998944,8.522699999999999,,0.0305,0.0,0.0,0.001,0.03278688524590164,156779.16999999998,400857.73,557636.8999999999,-804.0600000000559,-0.4377015939942282,804.0600000000559,0.4377015939942282,572473_YES.csv,572473_YES
1771231980,2026-02-16 08:53:00,2,530.0,16.874200000000002,0.031838113207487105,8.437100000000001,,0.0305,0.0,0.0,0.001,0.03278688524590164,156779.16999999998,400857.73,557636.8999999999,0.0,-0.4377015939942282,-0.0,0.4377015939942282,572473_YES.csv,572473_YES
1771232280,2026-02-16 08:58:00,1,32.25,1.032,0.03199999999900776,1.032,,0.0315,0.032786885245901676,0.032786885245901676,0.001,0.031746031746031744,103909.67,615152.92,719062.5900000001,161425.69000000018,-0.7109857432577601,0.0,0.7109857432577601,572473_YES.csv,572473_YES
1771232640,2026-02-16 09:04:00,2,18.0,0.562,0.031222222220487657,0.281,,0.0315,0.0,0.0,0.001,0.031746031746031744,103871.28,612815.16,716686.4400000001,-2376.1500000000233,-0.7101346580521322,2376.1500000000233,0.7101346580521322,572473_YES.csv,572473_YES
1771234200,2026-02-16 09:30:00,1,468.75,15.0,0.031999999999931736,15.0,,0.0315,0.0,0.0,0.001,0.031746031746031744,103871.28,612815.16,716686.4400000001,0.0,-0.7101346580521322,-0.0,0.7101346580521322,572473_YES.csv,572473_YES
1771234260,2026-02-16 09:31:00,1,11393.12,369.22,0.032407277374412555,369.22,,0.0315,0.0,0.0,0.001,0.031746031746031744,105464.11,615784.85,721248.96,4562.519999999902,-0.7075514396582284,0.0,0.7075514396582284,572473_YES.csv,572473_YES
1771234860,2026-02-16 09:41:00,1,689.37,21.37047,0.030999999999955032,21.37047,,0.0315,0.0,0.0,0.001,0.031746031746031744,105464.11,615784.85,721248.96,0.0,-0.7075514396582284,-0.0,0.7075514396582284,572473_YES.csv,572473_YES
1771234920,2026-02-16 09:42:00,1,100.0,3.1,0.03099999999969,3.1,,0.0315,0.0,0.0,0.001,0.031746031746031744,105464.11,615784.85,721248.96,0.0,-0.7075514396582284,-0.0,0.7075514396582284,572473_YES.csv,572473_YES
1771235040,2026-02-16 09:44:00,1,109.375,3.5,0.03199999999970743,3.5,,0.0315,0.0,0.0,0.001,0.031746031746031744,105464.11,615784.85,721248.96,0.0,-0.7075514396582284,-0.0,0.7075514396582284,572473_YES.csv,572473_YES
1771235820,2026-02-16 09:57:00,1,700.0,21.7,0.030999999999955712,21.7,,0.0315,0.0,0.0,0.001,0.031746031746031744,105464.11,615784.85,721248.96,0.0,-0.7075514396582284,-0.0,0.7075514396582284,572473_YES.csv,572473_YES
1771235880,2026-02-16 09:58:00,1,5.0,0.155,0.0309999999938,0.155,,0.0315,0.0,0.0,0.001,0.031746031746031744,112388.61,614071.23,726459.84,5210.880000000005,-0.6905854837068488,0.0,0.6905854837068488,572473_YES.csv,572473_YES
1771235940,2026-02-16 09:59:00,1,5.0,0.155,0.0309999999938,0.155,,0.0315,0.0,0.0,0.001,0.031746031746031744,112388.61,614071.23,726459.84,0.0,-0.6905854837068488,-0.0,0.6905854837068488,572473_YES.csv,572473_YES
1771236000,2026-02-16 10:00:00,1,15482.37,500.00000000000006,0.03229479724357231,500.00000000000006,,0.0315,0.0,0.0,0.001,0.031746031746031744,112388.61,614071.23,726459.84,0.0,-0.6905854837068488,-0.0,0.6905854837068488,572473_YES.csv,572473_YES
1771236780,2026-02-16 10:13:00,1,375.0,11.625,0.030999999999917333,11.625,,0.0315,0.0,0.0,0.001,0.031746031746031744,111176.03,600294.52,711470.55,-14989.28999999992,-0.6874753846100867,14989.28999999992,0.6874753846100867,572473_YES.csv,572473_YES
1771237080,2026-02-16 10:18:00,1,5.0,0.155,0.0309999999938,0.155,,0.0315,0.0,0.0,0.001,0.031746031746031744,111176.03,600294.52,711470.55,0.0,-0.6874753846100867,-0.0,0.6874753846100867,572473_YES.csv,572473_YES
1771237920,2026-02-16 10:32:00,1,593.003029,18.999999,0.03204030682947477,18.999999,,0.0315,0.0,0.0,0.001,0.031746031746031744,111176.03,600294.52,711470.55,0.0,-0.6874753846100867,-0.0,0.6874753846100867,572473_YES.csv,572473_YES
1771238040,2026-02-16 10:34:00,1,30.303029,0.999999,0.0329999684179096,0.999999,,0.032,0.015873015873015817,0.015873015873015817,0.002,0.0625,114034.46,673678.3099999999,787712.7699999999,76242.21999999986,-0.7104669002636583,0.0,0.7104669002636583,572473_YES.csv,572473_YES
1771238520,2026-02-16 10:42:00,2,45.0,1.405,0.031222222221528397,0.7025,,0.032,0.0,0.0,0.002,0.0625,114034.46,673678.3099999999,787712.7699999999,0.0,-0.7104669002636583,-0.0,0.7104669002636583,572473_YES.csv,572473_YES
1771238580,2026-02-16 10:43:00,1,151.51515,4.999999000000001,0.0329999937297821,4.999999000000001,,0.032,0.0,0.0,0.002,0.0625,127820.76,669710.82,797531.58,9818.810000000056,-0.679459062925132,0.0,0.679459062925132,572473_YES.csv,572473_YES
1771238640,2026-02-16 10:44:00,1,5.0,0.155,0.0309999999938,0.155,,0.032,0.0,0.0,0.002,0.0625,127820.76,669710.82,797531.58,0.0,-0.679459062925132,-0.0,0.679459062925132,572473_YES.csv,572473_YES
1771239060,2026-02-16 10:51:00,2,2068.51,66.19232,0.03199999999998453,33.09616,,0.032,0.0,0.0,0.002,0.0625,127820.76,669710.82,797531.58,0.0,-0.679459062925132,-0.0,0.679459062925132,572473_YES.csv,572473_YES
1771239360,2026-02-16 10:56:00,1,34.48,1.0688799999999998,0.03099999999910093,1.0688799999999998,,0.032,0.0,0.0,0.002,0.0625,127820.76,669710.82,797531.58,0.0,-0.679459062925132,-0.0,0.679459062925132,572473_YES.csv,572473_YES
1771240320,2026-02-16 11:12:00,1,22591.773332,736.649999,0.03260700203452126,736.649999,,0.032,0.0,0.0,0.002,0.0625,127820.76,669710.82,797531.58,0.0,-0.679459062925132,-0.0,0.679459062925132,572473_YES.csv,572473_YES
1771240440,2026-02-16 11:14:00,1,200.0,6.4,0.031999999999840004,6.4,,0.032,0.0,0.0,0.002,0.0625,127820.76,669710.82,797531.58,0.0,-0.679459062925132,-0.0,0.679459062925132,572473_YES.csv,572473_YES
1771240680,2026-02-16 11:18:00,1,500.0,15.5,0.030999999999938,15.5,,0.032,0.0,0.0,0.002,0.0625,127820.76,669710.82,797531.58,0.0,-0.679459062925132,-0.0,0.679459062925132,572473_YES.csv,572473_YES
1771241160,2026-02-16 11:26:00,1,5599.375,179.18,0.03199999999999428,179.18,,0.032,0.0,0.0,0.002,0.0625,127820.76,669710.82,797531.58,0.0,-0.679459062925132,-0.0,0.679459062925132,572473_YES.csv,572473_YES
1771241340,2026-02-16 11:29:00,1,437.5,14.0,0.03199999999992686,14.0,,0.032,0.0,0.0,0.002,0.0625,127820.76,669710.82,797531.58,0.0,-0.679459062925132,-0.0,0.679459062925132,572473_YES.csv,572473_YES
1771241580,2026-02-16 11:33:00,1,31.25,1.0,0.031999999998976,1.0,,0.032,0.0,0.0,0.002,0.0625,127820.76,669710.82,797531.58,0.0,-0.679459062925132,-0.0,0.679459062925132,572473_YES.csv,572473_YES
1771242000,2026-02-16 11:40:00,1,322.0,9.982,0.030999999999903726,9.982,,0.0315,-0.015625,0.015625,0.001,0.031746031746031744,130124.89,585632.62,715757.51,-81774.06999999995,-0.6363995118961447,81774.06999999995,0.6363995118961447,572473_YES.csv,572473_YES
1771242300,2026-02-16 11:45:00,1,7812.1875,249.99,0.0319999999999959,249.99,,0.0315,0.0,0.0,0.001,0.031746031746031744,130124.89,585632.62,715757.51,0.0,-0.6363995118961447,-0.0,0.6363995118961447,572473_YES.csv,572473_YES
1771242420,2026-02-16 11:47:00,1,6250.0,200.0,0.03199999999999488,200.0,,0.0315,0.0,0.0,0.001,0.031746031746031744,130124.89,585632.62,715757.51,0.0,-0.6363995118961447,-0.0,0.6363995118961447,572473_YES.csv,572473_YES
1771242480,2026-02-16 11:48:00,1,64.51,1.99981,0.03099999999951945,1.99981,,0.0315,0.0,0.0,0.001,0.031746031746031744,130124.89,585632.62,715757.51,0.0,-0.6363995118961447,-0.0,0.6363995118961447,572473_YES.csv,572473_YES
1771242840,2026-02-16 11:54:00,1,674.37,20.90547,0.030999999999954033,20.90547,,0.0315,0.0,0.0,0.001,0.031746031746031744,130124.89,585632.62,715757.51,0.0,-0.6363995118961447,-0.0,0.6363995118961447,572473_YES.csv,572473_YES
1771242960,2026-02-16 11:56:00,1,295.64,9.16484,0.030999999999895146,9.16484,,0.0315,0.0,0.0,0.001,0.031746031746031744,130124.89,585632.62,715757.51,0.0,-0.6363995118961447,-0.0,0.6363995118961447,572473_YES.csv,572473_YES
1771243020,2026-02-16 11:57:00,1,288.75,9.24,0.03199999999988918,9.24,,0.0315,0.0,0.0,0.001,0.031746031746031744,130124.89,585632.62,715757.51,0.0,-0.6363995118961447,-0.0,0.6363995118961447,572473_YES.csv,572473_YES
1771243260,2026-02-16 12:01:00,1,200.0,6.2,0.030999999999845002,6.2,,0.0315,0.0,0.0,0.001,0.031746031746031744,128894.55,585801.24,714695.79,-1061.719999999972,-0.6393023386915431,1061.719999999972,0.6393023386915431,572473_YES.csv,572473_YES
1771243500,2026-02-16 12:05:00,2,3487.16,107.86205999999999,0.03093120476260598,53.93102999999999,,0.0315,0.0,0.0,0.001,0.031746031746031744,128894.55,585801.24,714695.79,0.0,-0.6393023386915431,-0.0,0.6393023386915431,572473_YES.csv,572473_YES
1771243680,2026-02-16 12:08:00,1,5.0,0.155,0.0309999999938,0.155,,0.0315,0.0,0.0,0.001,0.031746031746031744,128894.55,585801.24,714695.79,0.0,-0.6393023386915431,-0.0,0.6393023386915431,572473_YES.csv,572473_YES
1771243740,2026-02-16 12:09:00,1,600.0,18.6,0.030999999999948336,18.6,,0.0315,0.0,0.0,0.001,0.031746031746031744,128894.55,585801.24,714695.79,0.0,-0.6393023386915431,-0.0,0.6393023386915431,572473_YES.csv,572473_YES
1771243800,2026-02-16 12:10:00,1,5.0,0.155,0.0309999999938,0.155,,0.0315,0.0,0.0,0.001,0.031746031746031744,141218.98,586054.52,727273.5,12577.709999999963,-0.6116482176237689,0.0,0.6116482176237689,572473_YES.csv,572473_YES
1771244160,2026-02-16 12:16:00,1,500.0,15.5,0.030999999999938,15.5,,0.0315,0.0,0.0,0.001,0.031746031746031744,145702.11,583162.78,728864.89,1591.390000000014,-0.6001944612807458,0.0,0.6001944612807458,572473_YES.csv,572473_YES
1771244400,2026-02-16 12:20:00,1,500.0,15.5,0.030999999999938,15.5,,0.0315,0.0,0.0,0.001,0.031746031746031744,145702.11,583162.78,728864.89,0.0,-0.6001944612807458,-0.0,0.6001944612807458,572473_YES.csv,572473_YES
1771244880,2026-02-16 12:28:00,1,5.0,0.155,0.0309999999938,0.155,,0.0315,0.0,0.0,0.001,0.031746031746031744,145380.33000000002,585533.89,730914.22,2049.329999999958,-0.6021959184211795,0.0,0.6021959184211795,572473_YES.csv,572473_YES
1771245420,2026-02-16 12:37:00,1,2653.19,82.24889,0.030999999999988318,82.24889,,0.0315,0.0,0.0,0.001,0.031746031746031744,142576.44,586047.92,728624.3600000001,-2289.8599999998696,-0.6086421266508301,2289.8599999998696,0.6086421266508301,572473_YES.csv,572473_YES
1771245840,2026-02-16 12:44:00,1,1580.94,49.00914,0.03099999999998039,49.00914,,0.0315,0.0,0.0,0.001,0.031746031746031744,142576.44,586047.92,728624.3600000001,0.0,-0.6086421266508301,-0.0,0.6086421266508301,572473_YES.csv,572473_YES
1771245960,2026-02-16 12:46:00,1,500.0,15.5,0.030999999999938,15.5,,0.0315,0.0,0.0,0.001,0.031746031746031744,140341.03,582732.71,723073.74,-5550.620000000112,-0.6118209741650968,5550.620000000112,0.6118209741650968,572473_YES.csv,572473_YES
1771246080,2026-02-16 12:48:00,1,31.25,1.0,0.031999999998976,1.0,,0.0315,0.0,0.0,0.001,0.031746031746031744,140341.03,582732.71,723073.74,0.0,-0.6118209741650968,-0.0,0.6118209741650968,572473_YES.csv,572473_YES
1771246200,2026-02-16 12:50:00,1,500.0,15.5,0.030999999999938,15.5,,0.0315,0.0,0.0,0.001,0.031746031746031744,140341.03,582732.71,723073.74,0.0,-0.6118209741650968,-0.0,0.6118209741650968,572473_YES.csv,572473_YES
1771246260,2026-02-16 12:51:00,1,54.05,1.67555,0.03099999999942646,1.67555,,0.0315,0.0,0.0,0.001,0.031746031746031744,140341.03,582732.71,723073.74,0.0,-0.6118209741650968,-0.0,0.6118209741650968,572473_YES.csv,572473_YES
1771246440,2026-02-16 12:54:00,1,500.0,16.0,0.031999999999936,16.0,,0.0315,0.0,0.0,0.001,0.031746031746031744,140341.03,582732.71,723073.74,0.0,-0.6118209741650968,-0.0,0.6118209741650968,572473_YES.csv,572473_YES
1771246500,2026-02-16 12:55:00,1,5.0,0.155,0.0309999999938,0.155,,0.0315,0.0,0.0,0.001,0.031746031746031744,139466.79,585194.26,724661.05,1587.3100000000559,-0.6150840727537377,0.0,0.6150840727537377,572473_YES.csv,572473_YES
1771247340,2026-02-16 13:09:00,1,31.25,1.0,0.031999999998976,1.0,,0.0315,0.0,0.0,0.001,0.031746031746031744,139466.79,585194.26,724661.05,0.0,-0.6150840727537377,-0.0,0.6150840727537377,572473_YES.csv,572473_YES
1771247820,2026-02-16 13:17:00,1,1093.75,35.0,0.031999999999970746,35.0,,0.0315,0.0,0.0,0.001,0.031746031746031744,139466.79,585194.26,724661.05,0.0,-0.6150840727537377,-0.0,0.6150840727537377,572473_YES.csv,572473_YES
1771248120,2026-02-16 13:22:00,1,156.25,5.0,0.0319999999997952,5.0,,0.0315,0.0,0.0,0.001,0.031746031746031744,132628.83,595276.43,727905.26,3244.2099999999627,-0.6355876587565806,0.0,0.6355876587565806,572473_YES.csv,572473_YES
1771248420,2026-02-16 13:27:00,1,93.75,3.0,0.03199999999965866,3.0,,0.0315,0.0,0.0,0.001,0.031746031746031744,132628.83,595276.43,727905.26,0.0,-0.6355876587565806,-0.0,0.6355876587565806,572473_YES.csv,572473_YES
1771248480,2026-02-16 13:28:00,2,746.25,23.880000000000003,0.031999999999957125,11.940000000000001,,0.0315,0.0,0.0,0.001,0.031746031746031744,132672.73,594332.43,727005.16,-900.0999999999767,-0.6350157129558751,900.0999999999767,0.6350157129558751,572473_YES.csv,572473_YES
1771248720,2026-02-16 13:32:00,1,1500.0,46.5,0.030999999999979332,46.5,,0.0315,0.0,0.0,0.001,0.031746031746031744,132672.73,594332.43,727005.16,0.0,-0.6350157129558751,-0.0,0.6350157129558751,572473_YES.csv,572473_YES
1771248780,2026-02-16 13:33:00,1,31.25,1.0,0.031999999998976,1.0,,0.0315,0.0,0.0,0.001,0.031746031746031744,132672.73,594332.43,727005.16,0.0,-0.6350157129558751,-0.0,0.6350157129558751,572473_YES.csv,572473_YES
1771249260,2026-02-16 13:41:00,2,200.0,6.2,0.030999999999845002,3.1,,0.0315,0.0,0.0,0.001,0.031746031746031744,132672.73,594332.43,727005.16,0.0,-0.6350157129558751,-0.0,0.6350157129558751,572473_YES.csv,572473_YES
1771249560,2026-02-16 13:46:00,1,700.0,21.0,0.029999999999957144,21.0,,0.0305,-0.031746031746031744,0.031746031746031744,0.001,0.03278688524590164,142806.58,448153.19,590959.77,-136045.39,-0.5166961026805598,136045.39,0.5166961026805598,572473_YES.csv,572473_YES
1771249680,2026-02-16 13:48:00,1,32.258063,0.999999,0.030999970456037605,0.999999,,0.0305,0.0,0.0,0.001,0.03278688524590164,142806.58,448153.19,590959.77,0.0,-0.5166961026805598,-0.0,0.5166961026805598,572473_YES.csv,572473_YES
1771250040,2026-02-16 13:54:00,1,500.0,15.0,0.029999999999940002,15.0,,0.0305,0.0,0.0,0.001,0.03278688524590164,142806.58,448153.19,590959.77,0.0,-0.5166961026805598,-0.0,0.5166961026805598,572473_YES.csv,572473_YES
1771250100,2026-02-16 13:55:00,2,420.967739,13.049998,0.03099999546513702,6.524999,,0.0305,0.0,0.0,0.001,0.03278688524590164,109094.55,448527.41,557621.96,-33337.810000000056,-0.608715015455991,33337.810000000056,0.608715015455991,572473_YES.csv,572473_YES
1771250280,2026-02-16 13:58:00,2,65.803224,2.039899,0.030999985653727212,1.0199495,,0.0305,0.0,0.0,0.001,0.03278688524590164,109144.6,448411.65,557556.25,-65.70999999996275,-0.6084893676646976,65.70999999996275,0.6084893676646976,572473_YES.csv,572473_YES
1771250460,2026-02-16 14:01:00,1,187.096773,5.800000000000001,0.03100000019759291,5.800000000000001,,0.0305,0.0,0.0,0.001,0.03278688524590164,109231.7,438247.06,547478.76,-10077.48999999999,-0.6009646109376006,10077.48999999999,0.6009646109376006,572473_YES.csv,572473_YES
1771250760,2026-02-16 14:06:00,1,322.580644,10.0,0.0310000001115039,10.0,,0.0305,0.0,0.0,0.001,0.03278688524590164,109231.7,438247.06,547478.76,0.0,-0.6009646109376006,-0.0,0.6009646109376006,572473_YES.csv,572473_YES
1771251060,2026-02-16 14:11:00,1,695.80645,21.569999000000003,0.03099999863463315,21.569999000000003,,0.0305,0.0,0.0,0.001,0.03278688524590164,109231.7,438247.06,547478.76,0.0,-0.6009646109376006,-0.0,0.6009646109376006,572473_YES.csv,572473_YES
1771251120,2026-02-16 14:12:00,1,328.064515,10.17,0.031000000106591805,10.17,,0.0305,0.0,0.0,0.001,0.03278688524590164,109231.7,438247.06,547478.76,0.0,-0.6009646109376006,-0.0,0.6009646109376006,572473_YES.csv,572473_YES
1771251360,2026-02-16 14:16:00,1,1290.322579,39.999999,0.030999999264500974,39.999999,,0.0305,0.0,0.0,0.001,0.03278688524590164,111751.65,447194.03,558945.68,11466.920000000042,-0.6001341311019703,0.0,0.6001341311019703,572473_YES.csv,572473_YES
1771251480,2026-02-16 14:18:00,1,32.258063,0.999999,0.030999970456037605,0.999999,,0.0305,0.0,0.0,0.001,0.03278688524590164,111751.65,447194.03,558945.68,0.0,-0.6001341311019703,-0.0,0.6001341311019703,572473_YES.csv,572473_YES
1771251660,2026-02-16 14:21:00,3,70.8,2.124,0.029999999999576265,0.7080000000000001,,0.0305,0.0,0.0,0.001,0.03278688524590164,111751.65,447194.03,558945.68,0.0,-0.6001341311019703,-0.0,0.6001341311019703,572473_YES.csv,572473_YES
1771251780,2026-02-16 14:23:00,1,5.0,0.15,0.029999999994,0.15,,0.0305,0.0,0.0,0.001,0.03278688524590164,111751.65,447194.03,558945.68,0.0,-0.6001341311019703,-0.0,0.6001341311019703,572473_YES.csv,572473_YES
1771251840,2026-02-16 14:24:00,1,9425.72,282.19112,0.029938415314688924,282.19112,,0.0305,0.0,0.0,0.001,0.03278688524590164,111751.65,447194.03,558945.68,0.0,-0.6001341311019703,-0.0,0.6001341311019703,572473_YES.csv,572473_YES
1771252080,2026-02-16 14:28:00,1,100.0,3.0,0.0299999999997,3.0,,0.0295,-0.032786885245901676,0.032786885245901676,0.001,0.03389830508474576,107920.67,237402.62,345323.29,-213622.39000000007,-0.37495863658660267,213622.39000000007,0.37495863658660267,572473_YES.csv,572473_YES
1771252260,2026-02-16 14:31:00,1,1666.666665,49.999999,0.029999999429982,49.999999,,0.0295,0.0,0.0,0.001,0.03389830508474576,107920.67,247835.95,355756.62,10433.330000000016,-0.3932893223462715,0.0,0.3932893223462715,572473_YES.csv,572473_YES
1771252500,2026-02-16 14:35:00,1,250.0,7.25,0.028999999999884,7.25,,0.0295,0.0,0.0,0.001,0.03389830508474576,107920.67,247835.95,355756.62,0.0,-0.3932893223462715,-0.0,0.3932893223462715,572473_YES.csv,572473_YES
1771252800,2026-02-16 14:40:00,1,4052.903224,125.639999,0.030999999767072853,125.639999,,0.03,0.016949152542372836,0.016949152542372836,0.002,0.06666666666666667,108604.71,463256.16,571860.87,216104.25,-0.6201708642873222,0.0,0.6201708642873222,572473_YES.csv,572473_YES
1771252860,2026-02-16 14:41:00,2,706.87,20.49923,0.028999999999958975,10.249615,,0.03,0.0,0.0,0.002,0.06666666666666667,108604.71,463256.16,571860.87,0.0,-0.6201708642873222,-0.0,0.6201708642873222,572473_YES.csv,572473_YES
1771253340,2026-02-16 14:49:00,1,5427.096774,168.23999999999998,0.031000000001099783,168.23999999999998,,0.0305,0.016666666666666607,0.016666666666666607,0.001,0.03278688524590164,106395.06,458163.79,564558.85,-7302.020000000019,-0.6230860254869798,7302.020000000019,0.6230860254869798,572473_YES.csv,572473_YES
1771253880,2026-02-16 14:58:00,2,816.960321,24.670099,0.030197426197850548,12.3350495,,0.0305,0.0,0.0,0.001,0.03278688524590164,105708.49,535817.1799999999,641525.6699999999,76966.81999999995,-0.6704465777651578,0.0,0.6704465777651578,572473_YES.csv,572473_YES
1771254120,2026-02-16 15:02:00,1,160.0,4.96,0.030999999999806252,4.96,,0.0305,0.0,0.0,0.001,0.03278688524590164,105708.49,535817.1799999999,641525.6699999999,0.0,-0.6704465777651578,-0.0,0.6704465777651578,572473_YES.csv,572473_YES
1771254360,2026-02-16 15:06:00,1,347.666665,10.429999,0.029999997267411215,10.429999,,0.0305,0.0,0.0,0.001,0.03278688524590164,105708.49,535817.1799999999,641525.6699999999,0.0,-0.6704465777651578,-0.0,0.6704465777651578,572473_YES.csv,572473_YES
1771254480,2026-02-16 15:08:00,1,5.0,0.145,0.028999999994200002,0.145,,0.0305,0.0,0.0,0.001,0.03278688524590164,105708.49,535817.1799999999,641525.6699999999,0.0,-0.6704465777651578,-0.0,0.6704465777651578,572473_YES.csv,572473_YES
1771254960,2026-02-16 15:16:00,1,933.333332,27.999999000000003,0.029999998971396356,27.999999000000003,,0.0295,-0.032786885245901676,0.032786885245901676,0.001,0.03389830508474576,109940.14,383437.66,493377.8,-148147.86999999994,-0.554336899633506,148147.86999999994,0.554336899633506,572473_YES.csv,572473_YES
1771255740,2026-02-16 15:29:00,1,84.75,2.5425,0.029999999999646015,2.5425,,0.0295,0.0,0.0,0.001,0.03389830508474576,109940.14,383437.66,493377.8,0.0,-0.554336899633506,-0.0,0.554336899633506,572473_YES.csv,572473_YES
1771255920,2026-02-16 15:32:00,1,84.75,2.4577500000000003,0.02899999999965782,2.4577500000000003,,0.0295,0.0,0.0,0.001,0.03389830508474576,109940.14,383437.66,493377.8,0.0,-0.554336899633506,-0.0,0.554336899633506,572473_YES.csv,572473_YES
1771256160,2026-02-16 15:36:00,3,3061.8366650000003,89.25992900000001,0.029152413654296234,29.75330966666667,,0.0295,0.0,0.0,0.001,0.03389830508474576,109940.14,383437.66,493377.8,0.0,-0.554336899633506,-0.0,0.554336899633506,572473_YES.csv,572473_YES
1771256340,2026-02-16 15:39:00,1,1956.86,56.74894,0.02899999999998518,56.74894,,0.0295,0.0,0.0,0.001,0.03389830508474576,109940.14,383437.66,493377.8,0.0,-0.554336899633506,-0.0,0.554336899633506,572473_YES.csv,572473_YES
1771256520,2026-02-16 15:42:00,1,5098.32,147.85128,0.02899999999999431,147.85128,,0.0295,0.0,0.0,0.001,0.03389830508474576,109940.14,383437.66,493377.8,0.0,-0.554336899633506,-0.0,0.554336899633506,572473_YES.csv,572473_YES
1771256700,2026-02-16 15:45:00,3,1782.33333,53.469998000000004,0.029999998933964836,17.82333266666667,,0.0295,0.0,0.0,0.001,0.03389830508474576,109940.14,383437.66,493377.8,0.0,-0.554336899633506,-0.0,0.554336899633506,572473_YES.csv,572473_YES
1771257240,2026-02-16 15:54:00,1,33.333332,0.999999,0.029999971199098804,0.999999,,0.0295,0.0,0.0,0.001,0.03389830508474576,109940.14,383437.66,493377.8,0.0,-0.554336899633506,-0.0,0.554336899633506,572473_YES.csv,572473_YES
1771257300,2026-02-16 15:55:00,1,33.33,0.96657,0.02899999999912992,0.96657,,0.0295,0.0,0.0,0.001,0.03389830508474576,131578.92,369423.74,501002.66000000003,7624.860000000044,-0.47473763911752476,0.0,0.47473763911752476,572473_YES.csv,572473_YES
1771257360,2026-02-16 15:56:00,1,333.333332,9.999999,0.029999997119909902,9.999999,,0.0295,0.0,0.0,0.001,0.03389830508474576,131578.92,369423.74,501002.66000000003,0.0,-0.47473763911752476,-0.0,0.47473763911752476,572473_YES.csv,572473_YES
1771257480,2026-02-16 15:58:00,1,50.0,1.5,0.029999999999400003,1.5,,0.0295,0.0,0.0,0.001,0.03389830508474576,131539.68,369051.16,500590.83999999997,-411.8200000000652,-0.4744622973924173,411.8200000000652,0.4744622973924173,572473_YES.csv,572473_YES
1771258320,2026-02-16 16:12:00,1,66.666665,1.999999,0.0299999857495496,1.999999,,0.0295,0.0,0.0,0.001,0.03389830508474576,131539.68,369051.16,500590.83999999997,0.0,-0.4744622973924173,-0.0,0.4744622973924173,572473_YES.csv,572473_YES
1771258380,2026-02-16 16:13:00,1,100.0,3.0,0.0299999999997,3.0,,0.0295,0.0,0.0,0.001,0.03389830508474576,130826.93,291658.2,422485.13,-78105.70999999996,-0.3806791259138517,78105.70999999996,0.3806791259138517,572473_YES.csv,572473_YES
1771258440,2026-02-16 16:14:00,1,946.38,27.44502,0.028999999999969356,27.44502,,0.0295,0.0,0.0,0.001,0.03389830508474576,130826.93,291658.2,422485.13,0.0,-0.3806791259138517,-0.0,0.3806791259138517,572473_YES.csv,572473_YES
1771258560,2026-02-16 16:16:00,1,125.0,3.625,0.028999999999768,3.625,,0.0295,0.0,0.0,0.001,0.03389830508474576,129707.28,291457.93,421165.20999999996,-1319.920000000042,-0.38405510749570226,1319.920000000042,0.38405510749570226,572473_YES.csv,572473_YES
1771258620,2026-02-16 16:17:00,1,446.43,13.3929,0.0299999999999328,13.3929,,0.0295,0.0,0.0,0.001,0.03389830508474576,129707.28,291457.93,421165.20999999996,0.0,-0.38405510749570226,-0.0,0.38405510749570226,572473_YES.csv,572473_YES
1771259040,2026-02-16 16:24:00,1,666.666665,19.999999,0.0299999985749549,19.999999,,0.0295,0.0,0.0,0.001,0.03389830508474576,129707.28,291457.93,421165.20999999996,0.0,-0.38405510749570226,-0.0,0.38405510749570226,572473_YES.csv,572473_YES
1771259280,2026-02-16 16:28:00,1,298.333332,8.949999,0.029999996782022247,8.949999,,0.0295,0.0,0.0,0.001,0.03389830508474576,129409.05,291238.6,420647.64999999997,-517.5599999999977,-0.3847152123636017,517.5599999999977,0.3847152123636017,572473_YES.csv,572473_YES
1771259460,2026-02-16 16:31:00,1,1000.0,29.0,0.028999999999971,29.0,,0.0295,0.0,0.0,0.001,0.03389830508474576,128358.14,290263.7,418621.84,-2025.8099999999395,-0.38675851216936025,2025.8099999999395,0.38675851216936025,572473_YES.csv,572473_YES
1771259580,2026-02-16 16:33:00,1,5.0,0.145,0.028999999994200002,0.145,,0.0295,0.0,0.0,0.001,0.03389830508474576,128358.14,290263.7,418621.84,0.0,-0.38675851216936025,-0.0,0.38675851216936025,572473_YES.csv,572473_YES
1771259700,2026-02-16 16:35:00,1,5.0,0.145,0.028999999994200002,0.145,,0.0295,0.0,0.0,0.001,0.03389830508474576,128358.14,290263.7,418621.84,0.0,-0.38675851216936025,-0.0,0.38675851216936025,572473_YES.csv,572473_YES
1771259820,2026-02-16 16:37:00,2,547.613332,16.214119,0.029608700249778366,8.1070595,,0.0295,0.0,0.0,0.001,0.03389830508474576,128075.52,290306.79,418382.31,-239.53000000002794,-0.38775843558012757,239.53000000002794,0.38775843558012757,572473_YES.csv,572473_YES
1771259880,2026-02-16 16:38:00,1,50.0,1.4500000000000002,0.028999999999420007,1.4500000000000002,,0.0295,0.0,0.0,0.001,0.03389830508474576,128075.52,290306.79,418382.31,0.0,-0.38775843558012757,-0.0,0.38775843558012757,572473_YES.csv,572473_YES
1771259940,2026-02-16 16:39:00,1,1129.03,32.74187,0.028999999999974314,32.74187,,0.0295,0.0,0.0,0.001,0.03389830508474576,128075.52,290306.79,418382.31,0.0,-0.38775843558012757,-0.0,0.38775843558012757,572473_YES.csv,572473_YES
1771260060,2026-02-16 16:41:00,1,1709.78,49.58362,0.028999999999983043,49.58362,,0.0295,0.0,0.0,0.001,0.03389830508474576,128075.52,290306.79,418382.31,0.0,-0.38775843558012757,-0.0,0.38775843558012757,572473_YES.csv,572473_YES
1771260480,2026-02-16 16:48:00,1,600.0,17.400000000000002,0.028999999999951672,17.400000000000002,,0.0295,0.0,0.0,0.001,0.03389830508474576,128075.52,290306.79,418382.31,0.0,-0.38775843558012757,-0.0,0.38775843558012757,572473_YES.csv,572473_YES
1771260780,2026-02-16 16:53:00,1,5.0,0.145,0.028999999994200002,0.145,,0.0295,0.0,0.0,0.001,0.03389830508474576,128075.52,290306.79,418382.31,0.0,-0.38775843558012757,-0.0,0.38775843558012757,572473_YES.csv,572473_YES
1771260840,2026-02-16 16:54:00,1,163.333332,4.899999,0.029999994122265228,4.899999,,0.0295,0.0,0.0,0.001,0.03389830508474576,128075.52,290306.79,418382.31,0.0,-0.38775843558012757,-0.0,0.38775843558012757,572473_YES.csv,572473_YES
1771261260,2026-02-16 17:01:00,1,333.333332,9.999999,0.029999997119909902,9.999999,,0.0295,0.0,0.0,0.001,0.03389830508474576,124251.72,248277.69,372529.41000000003,-45852.899999999965,-0.33292933838431704,45852.899999999965,0.33292933838431704,572473_YES.csv,572473_YES
1771261320,2026-02-16 17:02:00,2,1791.3333320000002,52.843999,0.02949981338256618,26.4219995,,0.0295,0.0,0.0,0.001,0.03389830508474576,124251.72,248277.69,372529.41000000003,0.0,-0.33292933838431704,-0.0,0.33292933838431704,572473_YES.csv,572473_YES
1771261380,2026-02-16 17:03:00,1,4000.0,116.0,0.02899999999999275,116.0,,0.0295,0.0,0.0,0.001,0.03389830508474576,124251.72,248277.69,372529.41000000003,0.0,-0.33292933838431704,-0.0,0.33292933838431704,572473_YES.csv,572473_YES
1771261620,2026-02-16 17:07:00,1,33.333332,0.999999,0.029999971199098804,0.999999,,0.0295,0.0,0.0,0.001,0.03389830508474576,124222.22,247529.9,371752.12,-777.2900000000373,-0.33169327991996383,777.2900000000373,0.33169327991996383,572473_YES.csv,572473_YES
1771261980,2026-02-16 17:13:00,1,6652.99,199.5897,0.02999999999999549,199.5897,,0.0295,0.0,0.0,0.001,0.03389830508474576,126014.71,241147.06,367161.77,-4590.349999999977,-0.3135739050391875,4590.349999999977,0.3135739050391875,572473_YES.csv,572473_YES
1771262040,2026-02-16 17:14:00,1,47932.622579,1481.879999,0.030915896507803457,1481.879999,,0.0295,0.0,0.0,0.001,0.03389830508474576,126014.71,241147.06,367161.77,0.0,-0.3135739050391875,-0.0,0.3135739050391875,572473_YES.csv,572473_YES
1771262280,2026-02-16 17:18:00,1,200.0,6.2,0.030999999999845002,6.2,,0.0295,0.0,0.0,0.001,0.03389830508474576,126014.71,241147.06,367161.77,0.0,-0.3135739050391875,-0.0,0.3135739050391875,572473_YES.csv,572473_YES
1771262340,2026-02-16 17:19:00,1,5.0,0.15,0.029999999994,0.15,,0.0305,0.033898305084745894,0.033898305084745894,0.001,0.03278688524590164,124934.46,390807.62,515742.08,148580.31,-0.5155157399605632,0.0,0.5155157399605632,572473_YES.csv,572473_YES
1771262460,2026-02-16 17:21:00,1,616.0,18.48,0.029999999999951298,18.48,,0.0305,0.0,0.0,0.001,0.03278688524590164,124934.46,390807.62,515742.08,0.0,-0.5155157399605632,-0.0,0.5155157399605632,572473_YES.csv,572473_YES
1771262700,2026-02-16 17:25:00,1,32.258063,0.999999,0.030999970456037605,0.999999,,0.0305,0.0,0.0,0.001,0.03278688524590164,126401.25,400412.46,526813.71,11071.629999999946,-0.5201292312608949,0.0,0.5201292312608949,572473_YES.csv,572473_YES
1771263000,2026-02-16 17:30:00,1,70.96,2.1288,0.029999999999577222,2.1288,,0.0305,0.0,0.0,0.001,0.03278688524590164,126401.25,400412.46,526813.71,0.0,-0.5201292312608949,-0.0,0.5201292312608949,572473_YES.csv,572473_YES
1771263780,2026-02-16 17:43:00,1,5282.34,153.18786,0.028999999999994506,153.18786,,0.0295,-0.032786885245901676,0.032786885245901676,0.001,0.03389830508474576,127663.24,198725.16,326388.4,-200425.30999999994,-0.21772195335373437,200425.30999999994,0.21772195335373437,572473_YES.csv,572473_YES
1771263840,2026-02-16 17:44:00,1,540.54,15.67566,0.028999999999946353,15.67566,,0.0295,0.0,0.0,0.001,0.03389830508474576,127663.24,198725.16,326388.4,0.0,-0.21772195335373437,-0.0,0.21772195335373437,572473_YES.csv,572473_YES
1771263960,2026-02-16 17:46:00,1,333.333332,9.999999,0.029999997119909902,9.999999,,0.0295,0.0,0.0,0.001,0.03389830508474576,85906.11,246711.86,332617.97,6229.569999999949,-0.48345478748487347,0.0,0.48345478748487347,572473_YES.csv,572473_YES
1771264020,2026-02-16 17:47:00,1,300.0,9.0,0.029999999999900002,9.0,,0.0295,0.0,0.0,0.001,0.03389830508474576,85906.11,246711.86,332617.97,0.0,-0.48345478748487347,-0.0,0.48345478748487347,572473_YES.csv,572473_YES
1771264260,2026-02-16 17:51:00,3,6295.416665,178.51959899999997,0.028357074439960245,59.50653299999999,,0.0295,0.0,0.0,0.001,0.03389830508474576,85906.11,246711.86,332617.97,0.0,-0.48345478748487347,-0.0,0.48345478748487347,572473_YES.csv,572473_YES
1771264440,2026-02-16 17:54:00,1,34.48,1.0343999999999998,0.02999999999912993,1.0343999999999998,,0.0295,0.0,0.0,0.001,0.03389830508474576,85906.11,246711.86,332617.97,0.0,-0.48345478748487347,-0.0,0.48345478748487347,572473_YES.csv,572473_YES
1771265280,2026-02-16 18:08:00,1,300.0,9.0,0.029999999999900002,9.0,,0.0295,0.0,0.0,0.001,0.03389830508474576,85906.11,246711.86,332617.97,0.0,-0.48345478748487347,-0.0,0.48345478748487347,572473_YES.csv,572473_YES
1771265400,2026-02-16 18:10:00,1,3247.333332,97.419999,0.029999999704363563,97.419999,,0.029,-0.016949152542372725,0.016949152542372725,0.002,0.06896551724137931,98525.34,250431.15,348956.49,16338.520000000019,-0.43531447144026464,0.0,0.43531447144026464,572473_YES.csv,572473_YES
1771265460,2026-02-16 18:11:00,1,3012.0,90.36,0.029999999999990038,90.36,,0.029,0.0,0.0,0.002,0.06896551724137931,98525.34,250431.15,348956.49,0.0,-0.43531447144026464,-0.0,0.43531447144026464,572473_YES.csv,572473_YES
1771265700,2026-02-16 18:15:00,1,2100.0,63.0,0.029999999999985715,63.0,,0.029,0.0,0.0,0.002,0.06896551724137931,98525.34,250431.15,348956.49,0.0,-0.43531447144026464,-0.0,0.43531447144026464,572473_YES.csv,572473_YES
1771266060,2026-02-16 18:21:00,1,24425.4,732.7620000000001,0.02999999999999877,732.7620000000001,,0.029,0.0,0.0,0.002,0.06896551724137931,98525.34,250431.15,348956.49,0.0,-0.43531447144026464,-0.0,0.43531447144026464,572473_YES.csv,572473_YES
1771266300,2026-02-16 18:25:00,1,36350.536773,1110.43,0.030547829511688464,1110.43,,0.0295,0.01724137931034475,0.01724137931034475,0.003,0.1016949152542373,98168.3,391198.43,489366.73,140410.24,-0.598794548211318,0.0,0.598794548211318,572473_YES.csv,572473_YES
1771266360,2026-02-16 18:26:00,1,25.77,0.7731,0.029999999998835857,0.7731,,0.0295,0.0,0.0,0.003,0.1016949152542373,98168.3,391198.43,489366.73,0.0,-0.598794548211318,-0.0,0.598794548211318,572473_YES.csv,572473_YES
1771266480,2026-02-16 18:28:00,1,12903.411934,399.999999,0.030999552757513996,399.999999,,0.0295,0.0,0.0,0.001,0.03389830508474576,98757.41,169855.82,268613.23,-220753.5,-0.2646869255099609,220753.5,0.2646869255099609,572473_YES.csv,572473_YES
1771267260,2026-02-16 18:41:00,1,5.0,0.145,0.028999999994200002,0.145,,0.0295,0.0,0.0,0.001,0.03389830508474576,98757.41,169855.82,268613.23,0.0,-0.2646869255099609,-0.0,0.2646869255099609,572473_YES.csv,572473_YES
1771267380,2026-02-16 18:43:00,2,38.333332,1.1449989999999999,0.029869540168596064,0.5724994999999999,,0.0295,0.0,0.0,0.001,0.03389830508474576,98684.76,173615.79,272300.55,3687.320000000007,-0.27517766673625893,0.0,0.27517766673625893,572473_YES.csv,572473_YES
1771267920,2026-02-16 18:52:00,3,377.333332,10.975999000000002,0.029088336675146716,3.658666333333334,,0.0295,0.0,0.0,0.001,0.03389830508474576,93230.9,173478.79,266709.69,-5590.859999999986,-0.30088104410454686,5590.859999999986,0.30088104410454686,572473_YES.csv,572473_YES
1771267980,2026-02-16 18:53:00,1,200.0,5.800000000000001,0.028999999999855006,5.800000000000001,,0.0295,0.0,0.0,0.001,0.03389830508474576,93230.9,173478.79,266709.69,0.0,-0.30088104410454686,-0.0,0.30088104410454686,572473_YES.csv,572473_YES
1771268460,2026-02-16 19:01:00,1,5.0,0.145,0.028999999994200002,0.145,,0.0295,0.0,0.0,0.001,0.03389830508474576,93798.4,175499.37,269297.77,2588.0800000000163,-0.30338524526214977,0.0,0.30338524526214977,572473_YES.csv,572473_YES
1771268760,2026-02-16 19:06:00,1,2574.0,74.646,0.028999999999988733,74.646,,0.0295,0.0,0.0,0.001,0.03389830508474576,93798.4,175499.37,269297.77,0.0,-0.30338524526214977,-0.0,0.30338524526214977,572473_YES.csv,572473_YES
1771268880,2026-02-16 19:08:00,1,135.0,4.05,0.029999999999777777,4.05,,0.0295,0.0,0.0,0.001,0.03389830508474576,93798.4,175499.37,269297.77,0.0,-0.30338524526214977,-0.0,0.30338524526214977,572473_YES.csv,572473_YES
1771269060,2026-02-16 19:11:00,1,500.0,15.0,0.029999999999940002,15.0,,0.0295,0.0,0.0,0.001,0.03389830508474576,93798.4,175499.37,269297.77,0.0,-0.30338524526214977,-0.0,0.30338524526214977,572473_YES.csv,572473_YES
1771269300,2026-02-16 19:15:00,1,1500.0,43.5,0.028999999999980666,43.5,,0.0295,0.0,0.0,0.001,0.03389830508474576,93798.4,175499.37,269297.77,0.0,-0.30338524526214977,-0.0,0.30338524526214977,572473_YES.csv,572473_YES
1771269420,2026-02-16 19:17:00,1,1086.0,32.58,0.029999999999972375,32.58,,0.0295,0.0,0.0,0.001,0.03389830508474576,93798.4,175499.37,269297.77,0.0,-0.30338524526214977,-0.0,0.30338524526214977,572473_YES.csv,572473_YES
1771269480,2026-02-16 19:18:00,3,950.4333320000001,28.404899,0.029886261396364935,9.468299666666667,,0.0295,0.0,0.0,0.001,0.03389830508474576,93798.4,175499.37,269297.77,0.0,-0.30338524526214977,-0.0,0.30338524526214977,572473_YES.csv,572473_YES
1771269720,2026-02-16 19:22:00,1,33.333332,0.999999,0.029999971199098804,0.999999,,0.0295,0.0,0.0,0.001,0.03389830508474576,89562.53,187344.95,276907.48,7609.709999999963,-0.3531230720094669,0.0,0.3531230720094669,572473_YES.csv,572473_YES
1771269960,2026-02-16 19:26:00,1,5.0,0.145,0.028999999994200002,0.145,,0.0295,0.0,0.0,0.001,0.03389830508474576,89562.53,187344.95,276907.48,0.0,-0.3531230720094669,-0.0,0.3531230720094669,572473_YES.csv,572473_YES
1771270020,2026-02-16 19:27:00,1,44.666665,1.3399990000000002,0.02999997873067076,1.3399990000000002,,0.0295,0.0,0.0,0.001,0.03389830508474576,89562.53,187344.95,276907.48,0.0,-0.3531230720094669,-0.0,0.3531230720094669,572473_YES.csv,572473_YES
1771270500,2026-02-16 19:35:00,1,700.0,20.3,0.028999999999958573,20.3,,0.0295,0.0,0.0,0.001,0.03389830508474576,89562.53,187344.95,276907.48,0.0,-0.3531230720094669,-0.0,0.3531230720094669,572473_YES.csv,572473_YES
1771271220,2026-02-16 19:47:00,1,33.333332,0.999999,0.029999971199098804,0.999999,,0.0295,0.0,0.0,0.001,0.03389830508474576,89562.53,187344.95,276907.48,0.0,-0.3531230720094669,-0.0,0.3531230720094669,572473_YES.csv,572473_YES
1771271460,2026-02-16 19:51:00,2,881.77,26.35633,0.029890254828322704,13.178165,,0.0295,0.0,0.0,0.001,0.03389830508474576,89562.53,187344.95,276907.48,0.0,-0.3531230720094669,-0.0,0.3531230720094669,572473_YES.csv,572473_YES
1771271880,2026-02-16 19:58:00,1,2000.0,60.0,0.029999999999985,60.0,,0.0295,0.0,0.0,0.001,0.03389830508474576,89645.68,280004.56,369650.24,92742.76000000001,-0.5149702594539097,0.0,0.5149702594539097,572473_YES.csv,572473_YES
1771272060,2026-02-16 20:01:00,1,288.46,8.653799999999999,0.029999999999896,8.653799999999999,,0.0295,0.0,0.0,0.001,0.03389830508474576,89358.69,280676.71,370035.4,385.1600000000326,-0.5170262628926854,0.0,0.5170262628926854,572473_YES.csv,572473_YES
1771272120,2026-02-16 20:02:00,1,288.0,8.352,0.028999999999899308,8.352,,0.0295,0.0,0.0,0.001,0.03389830508474576,89358.69,280676.71,370035.4,0.0,-0.5170262628926854,-0.0,0.5170262628926854,572473_YES.csv,572473_YES
1771272300,2026-02-16 20:05:00,1,501.25,14.53625,0.02899999999994215,14.53625,,0.0295,0.0,0.0,0.001,0.03389830508474576,89358.69,280676.71,370035.4,0.0,-0.5170262628926854,-0.0,0.5170262628926854,572473_YES.csv,572473_YES
1771272360,2026-02-16 20:06:00,1,66.666665,1.999999,0.0299999857495496,1.999999,,0.0295,0.0,0.0,0.001,0.03389830508474576,89358.69,280676.71,370035.4,0.0,-0.5170262628926854,-0.0,0.5170262628926854,572473_YES.csv,572473_YES
1771272480,2026-02-16 20:08:00,1,3903.666665,117.109999,0.029999999756631316,117.109999,,0.0295,0.0,0.0,0.001,0.03389830508474576,89358.69,280676.71,370035.4,0.0,-0.5170262628926854,-0.0,0.5170262628926854,572473_YES.csv,572473_YES
1771272540,2026-02-16 20:09:00,2,336.66666499999997,9.829999,0.029198016976141074,4.9149995,,0.0295,0.0,0.0,0.001,0.03389830508474576,89358.69,280676.71,370035.4,0.0,-0.5170262628926854,-0.0,0.5170262628926854,572473_YES.csv,572473_YES
1771272780,2026-02-16 20:13:00,1,42.0,1.26,0.029999999999285716,1.26,,0.0295,0.0,0.0,0.001,0.03389830508474576,101031.16,276389.06,377420.22,7384.819999999949,-0.4646224306689239,0.0,0.4646224306689239,572473_YES.csv,572473_YES
1771273800,2026-02-16 20:30:00,1,833.333332,24.999999,0.029999998847963897,24.999999,,0.0295,0.0,0.0,0.001,0.03389830508474576,101031.16,276389.06,377420.22,0.0,-0.4646224306689239,-0.0,0.4646224306689239,572473_YES.csv,572473_YES
1771273980,2026-02-16 20:33:00,2,345.833332,10.062499,0.0290963827626971,5.0312495,,0.0295,0.0,0.0,0.001,0.03389830508474576,101031.16,276389.06,377420.22,0.0,-0.4646224306689239,-0.0,0.4646224306689239,572473_YES.csv,572473_YES
1771274640,2026-02-16 20:44:00,1,1576.0,47.28,0.029999999999980966,47.28,,0.0295,0.0,0.0,0.001,0.03389830508474576,101031.16,276389.06,377420.22,0.0,-0.4646224306689239,-0.0,0.4646224306689239,572473_YES.csv,572473_YES
1771274820,2026-02-16 20:47:00,6,352962.953902,11820.202718,0.033488508035553886,1970.0337863333334,,0.0295,0.0,0.0,0.001,0.03389830508474576,101031.16,276389.06,377420.22,0.0,-0.4646224306689239,-0.0,0.4646224306689239,572473_YES.csv,572473_YES
1771274880,2026-02-16 20:48:00,2,55.839999999999996,1.8427200000000001,0.03299999999940903,0.9213600000000001,,0.0295,0.0,0.0,0.001,0.03389830508474576,101031.16,276389.06,377420.22,0.0,-0.4646224306689239,-0.0,0.4646224306689239,572473_YES.csv,572473_YES
1771274940,2026-02-16 20:49:00,1,5.0,0.165,0.0329999999934,0.165,,0.0335,0.13559322033898313,0.13559322033898313,0.001,0.029850746268656716,28834.87,371516.42,400351.29,22931.070000000007,-0.8559521564174303,0.0,0.8559521564174303,572473_YES.csv,572473_YES
1771275120,2026-02-16 20:52:00,1,9521.470587,323.73,0.03400000000440743,323.73,,0.0335,0.0,0.0,0.001,0.029850746268656716,29326.050000000003,384911.46,414237.51,13886.22000000003,-0.8584094907291231,0.0,0.8584094907291231,572473_YES.csv,572473_YES
1771275180,2026-02-16 20:53:00,2,1671.8,56.143550000000005,0.03358269529846059,28.071775000000002,,0.0335,0.0,0.0,0.001,0.029850746268656716,29326.050000000003,384911.46,414237.51,0.0,-0.8584094907291231,-0.0,0.8584094907291231,572473_YES.csv,572473_YES
1771275300,2026-02-16 20:55:00,3,3484.112938,114.99871800000001,0.033006598823395225,38.332906,,0.0325,-0.02985074626865669,0.02985074626865669,0.001,0.030769230769230767,76243.26,289897.6,366140.86,-48096.65000000002,-0.5835304478172689,48096.65000000002,0.5835304478172689,572473_YES.csv,572473_YES
1771275660,2026-02-16 21:01:00,2,2533.33,80.38764,0.03173200491052025,40.19382,,0.032,-0.015384615384615441,0.015384615384615441,0.002,0.0625,92169.96,289664.88,381834.84,15693.98000000004,-0.5172260341670235,0.0,0.5172260341670235,572473_YES.csv,572473_YES
1771275780,2026-02-16 21:03:00,2,5029.41,155.91171,0.030999999999993835,77.955855,,0.032,0.0,0.0,0.002,0.0625,92169.96,289664.88,381834.84,0.0,-0.5172260341670235,-0.0,0.5172260341670235,572473_YES.csv,572473_YES
1771275960,2026-02-16 21:06:00,1,5.0,0.155,0.0309999999938,0.155,,0.032,0.0,0.0,0.002,0.0625,92169.96,289664.88,381834.84,0.0,-0.5172260341670235,-0.0,0.5172260341670235,572473_YES.csv,572473_YES
1771276080,2026-02-16 21:08:00,1,3016.944116,100.999999,0.0334775836464206,100.999999,,0.032,0.0,0.0,0.002,0.0625,92169.96,289664.88,381834.84,0.0,-0.5172260341670235,-0.0,0.5172260341670235,572473_YES.csv,572473_YES
1771276200,2026-02-16 21:10:00,1,624.579704,21.209999,0.033958834819848724,21.209999,,0.0325,0.015625,0.015625,0.001,0.030769230769230767,81520.72,287411.07,368931.79000000004,-12903.049999999988,-0.5580715882467054,12903.049999999988,0.5580715882467054,572473_YES.csv,572473_YES
1771276500,2026-02-16 21:15:00,2,2698.915294,91.69663,0.03397536417827486,45.848315,,0.0325,0.0,0.0,0.001,0.030769230769230767,81520.72,287411.07,368931.79000000004,0.0,-0.5580715882467054,-0.0,0.5580715882467054,572473_YES.csv,572473_YES
1771276620,2026-02-16 21:17:00,1,29.411763,0.999999,0.0339999679708421,0.999999,,0.0325,0.0,0.0,0.001,0.030769230769230767,81520.72,287411.07,368931.79000000004,0.0,-0.5580715882467054,-0.0,0.5580715882467054,572473_YES.csv,572473_YES
1771276680,2026-02-16 21:18:00,1,9835.61,309.38768,0.0314558710644249,309.38768,,0.0325,0.0,0.0,0.001,0.030769230769230767,81520.72,287411.07,368931.79000000004,0.0,-0.5580715882467054,-0.0,0.5580715882467054,572473_YES.csv,572473_YES
1771276740,2026-02-16 21:19:00,2,15497.02,476.30987,0.030735578195031636,238.154935,,0.0325,0.0,0.0,0.001,0.030769230769230767,81520.72,287411.07,368931.79000000004,0.0,-0.5580715882467054,-0.0,0.5580715882467054,572473_YES.csv,572473_YES
1771276920,2026-02-16 21:22:00,1,35.483869,1.099999,0.030999973536397565,1.099999,,0.0305,-0.06153846153846154,0.06153846153846154,0.001,0.03278688524590164,118880.08,156766.19,275646.27,-93285.52000000002,-0.13744466776205605,93285.52000000002,0.13744466776205605,572473_YES.csv,572473_YES
1771276980,2026-02-16 21:23:00,1,31.56125,1.0000000000000002,0.03168442314446719,1.0000000000000002,,0.0305,0.0,0.0,0.001,0.03278688524590164,118880.08,156766.19,275646.27,0.0,-0.13744466776205605,-0.0,0.13744466776205605,572473_YES.csv,572473_YES
1771277040,2026-02-16 21:24:00,2,4315.7699999999995,138.10464,0.03199999999999258,69.05232,,0.0305,0.0,0.0,0.001,0.03278688524590164,118880.08,156766.19,275646.27,0.0,-0.13744466776205605,-0.0,0.13744466776205605,572473_YES.csv,572473_YES
1771277220,2026-02-16 21:27:00,2,34.0,1.088,0.03199999999905883,0.544,,0.0305,0.0,0.0,0.001,0.03278688524590164,118880.08,156766.19,275646.27,0.0,-0.13744466776205605,-0.0,0.13744466776205605,572473_YES.csv,572473_YES
1771277280,2026-02-16 21:28:00,2,120.909089,3.959999,0.03275187194543531,1.9799995,,0.0325,0.06557377049180335,0.06557377049180335,0.001,0.030769230769230767,117394.81,302347.03,419741.84,144095.57,-0.44063327115543216,0.0,0.44063327115543216,572473_YES.csv,572473_YES
1771277340,2026-02-16 21:29:00,2,9719.371763,330.159039,0.03396917486548102,165.0795195,,0.0325,0.0,0.0,0.001,0.030769230769230767,117394.81,302347.03,419741.84,0.0,-0.44063327115543216,-0.0,0.44063327115543216,572473_YES.csv,572473_YES
1771277460,2026-02-16 21:31:00,2,305.0,9.76,0.031999999999895085,4.88,,0.0325,0.0,0.0,0.001,0.030769230769230767,118641.69,292606.44,411248.13,-8493.710000000021,-0.42301651316931216,8493.710000000021,0.42301651316931216,572473_YES.csv,572473_YES
1771278240,2026-02-16 21:44:00,2,6561.446059,205.206469,0.03127457989515849,102.6032345,,0.0325,0.0,0.0,0.001,0.030769230769230767,118641.69,292606.44,411248.13,0.0,-0.42301651316931216,-0.0,0.42301651316931216,572473_YES.csv,572473_YES
1771278420,2026-02-16 21:47:00,2,121.20605900000001,3.9391990000000003,0.03250001718121612,1.9695995000000002,,0.0325,0.0,0.0,0.001,0.030769230769230767,118641.69,292606.44,411248.13,0.0,-0.42301651316931216,-0.0,0.42301651316931216,572473_YES.csv,572473_YES
1771278600,2026-02-16 21:50:00,1,60.606059,1.999999,0.032999984373955,1.999999,,0.0325,0.0,0.0,0.001,0.030769230769230767,118641.69,292606.44,411248.13,0.0,-0.42301651316931216,-0.0,0.42301651316931216,572473_YES.csv,572473_YES
1771278960,2026-02-16 21:56:00,1,160.0,5.12,0.0319999999998,5.12,,0.0325,0.0,0.0,0.001,0.030769230769230767,118641.69,292606.44,411248.13,0.0,-0.42301651316931216,-0.0,0.42301651316931216,572473_YES.csv,572473_YES
1771279020,2026-02-16 21:57:00,1,2511.085756,80.999999,0.03225696247387245,80.999999,,0.0325,0.0,0.0,0.001,0.030769230769230767,118641.69,292606.44,411248.13,0.0,-0.42301651316931216,-0.0,0.42301651316931216,572473_YES.csv,572473_YES
1771279080,2026-02-16 21:58:00,1,310.0,10.23,0.03299999999989355,10.23,,0.0325,0.0,0.0,0.001,0.030769230769230767,84815.75,357095.16000000003,441910.91000000003,30662.780000000028,-0.6161409547458333,0.0,0.6161409547458333,572473_YES.csv,572473_YES
1771279260,2026-02-16 22:01:00,1,340.0,11.22,0.03299999999990295,11.22,,0.0325,0.0,0.0,0.001,0.030769230769230767,85315.75,356755.16000000003,442070.91000000003,160.0,-0.6140178054240213,0.0,0.6140178054240213,572473_YES.csv,572473_YES
1771279320,2026-02-16 22:02:00,1,500.0,16.5,0.032999999999934,16.5,,0.0325,0.0,0.0,0.001,0.030769230769230767,85315.75,356755.16000000003,442070.91000000003,0.0,-0.6140178054240213,-0.0,0.6140178054240213,572473_YES.csv,572473_YES
1771279500,2026-02-16 22:05:00,1,6887.61,212.94921,0.030917721822224107,212.94921,,0.0325,0.0,0.0,0.001,0.030769230769230767,85315.75,356755.16000000003,442070.91000000003,0.0,-0.6140178054240213,-0.0,0.6140178054240213,572473_YES.csv,572473_YES
1771279620,2026-02-16 22:07:00,2,835.0,26.720000000000002,0.03199999999996168,13.360000000000001,,0.0315,-0.03076923076923077,0.03076923076923077,0.001,0.031746031746031744,95432.6,297140.88,392573.48,-49497.43000000005,-0.5138102553437894,49497.43000000005,0.5138102553437894,572473_YES.csv,572473_YES
1771279680,2026-02-16 22:08:00,1,380.0,12.16,0.03199999999991579,12.16,,0.0315,0.0,0.0,0.001,0.031746031746031744,95432.6,297140.88,392573.48,0.0,-0.5138102553437894,-0.0,0.5138102553437894,572473_YES.csv,572473_YES
1771279800,2026-02-16 22:10:00,24,240.0,7.68,0.03199999999986667,0.32,,0.0315,0.0,0.0,0.001,0.031746031746031744,93683.56,296475.84,390159.4,-2414.079999999958,-0.5197677667127846,2414.079999999958,0.5197677667127846,572473_YES.csv,572473_YES
1771279860,2026-02-16 22:11:00,4,40.0,1.28,0.0319999999992,0.32,,0.0315,0.0,0.0,0.001,0.031746031746031744,93683.56,296475.84,390159.4,0.0,-0.5197677667127846,-0.0,0.5197677667127846,572473_YES.csv,572473_YES
1771280040,2026-02-16 22:14:00,1,902.26,27.97006,0.030999999999965642,27.97006,,0.0315,0.0,0.0,0.001,0.031746031746031744,93683.56,296475.84,390159.4,0.0,-0.5197677667127846,-0.0,0.5197677667127846,572473_YES.csv,572473_YES
1771280160,2026-02-16 22:16:00,2,347.41999999999996,11.11744,0.0319999999999079,5.55872,,0.0325,0.031746031746031855,0.031746031746031855,0.001,0.030769230769230767,339001.18,360137.36,699138.54,308979.14,-0.030231747773481334,0.0,0.030231747773481334,572473_YES.csv,572473_YES
1771280280,2026-02-16 22:18:00,1,121.212121,4.0,0.03300000005747775,4.0,,0.0325,0.0,0.0,0.001,0.030769230769230767,339001.18,360137.36,699138.54,0.0,-0.030231747773481334,-0.0,0.030231747773481334,572473_YES.csv,572473_YES
1771280340,2026-02-16 22:19:00,1,280.0,8.96,0.03199999999988572,8.96,,0.0325,0.0,0.0,0.001,0.030769230769230767,439172.4,358921.24,798093.64,98955.09999999998,0.10055356411560933,0.0,0.10055356411560933,572473_YES.csv,572473_YES
1771280940,2026-02-16 22:29:00,1,1520.0,50.16,0.03299999999997829,50.16,,0.0325,0.0,0.0,0.001,0.030769230769230767,439172.4,358921.24,798093.64,0.0,0.10055356411560933,-0.0,0.10055356411560933,572473_YES.csv,572473_YES
1771281900,2026-02-16 22:45:00,15,300.0,9.9,0.03299999999989,0.66,,0.0325,0.0,0.0,0.001,0.030769230769230767,439172.4,358921.24,798093.64,0.0,0.10055356411560933,-0.0,0.10055356411560933,572473_YES.csv,572473_YES
1771281960,2026-02-16 22:46:00,42,840.0,27.720000000000002,0.03299999999996072,0.66,,0.0325,0.0,0.0,0.001,0.030769230769230767,443035.85,350564.8,793600.6499999999,-4492.990000000107,0.11652088490602924,4492.990000000107,0.11652088490602924,572473_YES.csv,572473_YES
1771282020,2026-02-16 22:47:00,42,840.0,27.720000000000002,0.03299999999996072,0.66,,0.0325,0.0,0.0,0.001,0.030769230769230767,443035.85,350564.8,793600.6499999999,0.0,0.11652088490602924,-0.0,0.11652088490602924,572473_YES.csv,572473_YES
1771282080,2026-02-16 22:48:00,42,840.0,27.720000000000002,0.03299999999996072,0.66,,0.0325,0.0,0.0,0.001,0.030769230769230767,443035.85,350564.8,793600.6499999999,0.0,0.11652088490602924,-0.0,0.11652088490602924,572473_YES.csv,572473_YES
1771282140,2026-02-16 22:49:00,41,820.0,27.060000000000002,0.032999999999959756,0.66,,0.0325,0.0,0.0,0.001,0.030769230769230767,463177.59,350056.54,813234.13,19633.480000000098,0.13910022443352205,0.0,0.13910022443352205,572473_YES.csv,572473_YES
1771282200,2026-02-16 22:50:00,19,860.0,28.38,0.03299999999996163,1.4936842105263157,,0.0325,0.0,0.0,0.001,0.030769230769230767,463177.59,350056.54,813234.13,0.0,0.13910022443352205,-0.0,0.13910022443352205,572473_YES.csv,572473_YES
1771282380,2026-02-16 22:53:00,2,32403.435881,1100.159999,0.033951955065513635,550.0799995,,0.0325,0.0,0.0,0.001,0.030769230769230767,463177.59,350056.54,813234.13,0.0,0.13910022443352205,-0.0,0.13910022443352205,572473_YES.csv,572473_YES
1771282440,2026-02-16 22:54:00,2,4180.760293,142.10999999999999,0.033991425013748314,71.05499999999999,,0.0325,0.0,0.0,0.001,0.030769230769230767,463177.59,350056.54,813234.13,0.0,0.13910022443352205,-0.0,0.13910022443352205,572473_YES.csv,572473_YES
1771283160,2026-02-16 23:06:00,2,60.0,2.01,0.033499999999441664,1.005,,0.0325,0.0,0.0,0.001,0.030769230769230767,463177.59,350056.54,813234.13,0.0,0.13910022443352205,-0.0,0.13910022443352205,572473_YES.csv,572473_YES
1771283460,2026-02-16 23:11:00,1,5.0,0.165,0.0329999999934,0.165,,0.0325,0.0,0.0,0.001,0.030769230769230767,463177.59,350056.54,813234.13,0.0,0.13910022443352205,-0.0,0.13910022443352205,572473_YES.csv,572473_YES
1771283520,2026-02-16 23:12:00,3,505.54,17.18836,0.033999999999932744,5.729453333333333,,0.0325,0.0,0.0,0.001,0.030769230769230767,463177.59,350056.54,813234.13,0.0,0.13910022443352205,-0.0,0.13910022443352205,572473_YES.csv,572473_YES
1771283580,2026-02-16 23:13:00,1,5.0,0.17,0.033999999993200004,0.17,,0.0335,0.030769230769230882,0.030769230769230882,0.001,0.029850746268656716,416862.22,376330.38,793192.6,-20041.530000000028,0.051099619436691626,20041.530000000028,0.051099619436691626,572473_YES.csv,572473_YES
1771283940,2026-02-16 23:19:00,1,1232.35294,41.9,0.03400000003243061,41.9,,0.0335,0.0,0.0,0.001,0.029850746268656716,416288.43,410165.74,826454.1699999999,33261.56999999995,0.00740838418178712,0.0,0.00740838418178712,572473_YES.csv,572473_YES
1771284240,2026-02-16 23:24:00,2,6184.999997,210.28999900000002,0.0339999998548045,105.14499950000001,,0.0335,0.0,0.0,0.001,0.029850746268656716,416288.43,410165.74,826454.1699999999,0.0,0.00740838418178712,-0.0,0.00740838418178712,572473_YES.csv,572473_YES
1771284540,2026-02-16 23:29:00,1,576.470587,19.6,0.03400000007279812,19.6,,0.0335,0.0,0.0,0.001,0.029850746268656716,416288.43,410165.74,826454.1699999999,0.0,0.00740838418178712,-0.0,0.00740838418178712,572473_YES.csv,572473_YES
1771284960,2026-02-16 23:36:00,1,5.0,0.165,0.0329999999934,0.165,,0.0335,0.0,0.0,0.001,0.029850746268656716,416288.43,410165.74,826454.1699999999,0.0,0.00740838418178712,-0.0,0.00740838418178712,572473_YES.csv,572473_YES
1771285020,2026-02-16 23:37:00,2,1510.598234,51.320329,0.03397351317171342,25.6601645,,0.0335,0.0,0.0,0.001,0.029850746268656716,421065.57,399397.27,820462.8400000001,-5991.329999999842,0.0264098493479607,5991.329999999842,0.0264098493479607,572473_YES.csv,572473_YES
1771285620,2026-02-16 23:47:00,1,58.823528,1.999999,0.0339999838154216,1.999999,,0.0335,0.0,0.0,0.001,0.029850746268656716,421065.57,399397.27,820462.8400000001,0.0,0.0264098493479607,-0.0,0.0264098493479607,572473_YES.csv,572473_YES
1771285740,2026-02-16 23:49:00,1,10.0,0.34,0.0339999999966,0.34,,0.0335,0.0,0.0,0.001,0.029850746268656716,415648.57,399378.97,815027.54,-5435.300000000047,0.01996202484151644,5435.300000000047,0.01996202484151644,572473_YES.csv,572473_YES
1771285800,2026-02-16 23:50:00,1,147.058822,4.999999,0.033999993553368704,4.999999,,0.0335,0.0,0.0,0.001,0.029850746268656716,415648.57,399378.97,815027.54,0.0,0.01996202484151644,-0.0,0.01996202484151644,572473_YES.csv,572473_YES
1771285980,2026-02-16 23:53:00,1,210.52,6.94716,0.032999999999843245,6.94716,,0.0335,0.0,0.0,0.001,0.029850746268656716,415648.57,399378.97,815027.54,0.0,0.01996202484151644,-0.0,0.01996202484151644,572473_YES.csv,572473_YES
1771286160,2026-02-16 23:56:00,1,260.0,8.84,0.03399999999986923,8.84,,0.0335,0.0,0.0,0.001,0.029850746268656716,415648.57,399378.97,815027.54,0.0,0.01996202484151644,-0.0,0.01996202484151644,572473_YES.csv,572473_YES
1771286280,2026-02-16 23:58:00,1,2478.38,81.78654,0.032999999999986686,81.78654,,0.0335,0.0,0.0,0.001,0.029850746268656716,411776.63,398451.3,810227.9299999999,-4799.610000000102,0.016446396756527534,4799.610000000102,0.016446396756527534,572473_YES.csv,572473_YES
1771286340,2026-02-16 23:59:00,1,310.0,10.23,0.03299999999989355,10.23,,0.0335,0.0,0.0,0.001,0.029850746268656716,411776.63,398451.3,810227.9299999999,0.0,0.016446396756527534,-0.0,0.016446396756527534,572473_YES.csv,572473_YES
1771286640,2026-02-17 00:04:00,1,12515.22,401.41467,0.032074120151301136,401.41467,,0.033,-0.014925373134328401,0.014925373134328401,0.002,0.06060606060606061,438676.96,398570.03,837246.99,27019.060000000056,0.047903343313303516,0.0,0.047903343313303516,572473_YES.csv,572473_YES
1771286760,2026-02-17 00:06:00,1,1409.411763,47.919999,0.03399999933161188,47.919999,,0.033,0.0,0.0,0.002,0.06060606060606061,438676.96,398570.03,837246.99,0.0,0.047903343313303516,-0.0,0.047903343313303516,572473_YES.csv,572473_YES
1771287120,2026-02-17 00:12:00,2,5085.88235,172.919999,0.033999999823032784,86.4599995,,0.033,0.0,0.0,0.002,0.06060606060606061,438676.96,398570.03,837246.99,0.0,0.047903343313303516,-0.0,0.047903343313303516,572473_YES.csv,572473_YES
1771287480,2026-02-17 00:18:00,2,113.23529099999999,3.8499979999999994,0.033999983273465484,1.9249989999999997,,0.033,0.0,0.0,0.002,0.06060606060606061,438676.96,398570.03,837246.99,0.0,0.047903343313303516,-0.0,0.047903343313303516,572473_YES.csv,572473_YES
1771288020,2026-02-17 00:27:00,1,113.23,3.736590000000001,0.03299999999970856,3.736590000000001,,0.033,0.0,0.0,0.002,0.06060606060606061,438676.96,398570.03,837246.99,0.0,0.047903343313303516,-0.0,0.047903343313303516,572473_YES.csv,572473_YES
1771288080,2026-02-17 00:28:00,1,28925.207427,996.049999,0.034435362356994216,996.049999,,0.034,0.030303030303030276,0.030303030303030276,0.002,0.058823529411764705,408512.94,502707.57,911220.51,73973.52000000002,-0.10337193792971144,0.0,0.10337193792971144,572473_YES.csv,572473_YES
1771289160,2026-02-17 00:46:00,1,123.0,4.059,0.03299999999973171,4.059,,0.0335,-0.014705882352941235,0.014705882352941235,0.001,0.029850746268656716,419675.55,433269.73,852945.28,-58275.22999999998,-0.015937927460012432,58275.22999999998,0.015937927460012432,572473_YES.csv,572473_YES
1771289220,2026-02-17 00:47:00,1,30.0,1.02,0.033999999998866666,1.02,,0.0335,0.0,0.0,0.001,0.029850746268656716,419675.55,433269.73,852945.28,0.0,-0.015937927460012432,-0.0,0.015937927460012432,572473_YES.csv,572473_YES
1771289340,2026-02-17 00:49:00,1,30.0,1.02,0.033999999998866666,1.02,,0.0335,0.0,0.0,0.001,0.029850746268656716,419644.33,432545.64,852189.97,-755.3100000000559,-0.015139007092514827,755.3100000000559,0.015139007092514827,572473_YES.csv,572473_YES
1771289400,2026-02-17 00:50:00,1,20.83,0.70822,0.03399999999836774,0.70822,,0.0335,0.0,0.0,0.001,0.029850746268656716,419644.33,432545.64,852189.97,0.0,-0.015139007092514827,-0.0,0.015139007092514827,572473_YES.csv,572473_YES
1771289520,2026-02-17 00:52:00,1,1470.58,48.52914,0.03299999999997756,48.52914,,0.0335,0.0,0.0,0.001,0.029850746268656716,418022.2,432473.26,850495.46,-1694.5100000000093,-0.01699134290499328,1694.5100000000093,0.01699134290499328,572473_YES.csv,572473_YES
1771289580,2026-02-17 00:53:00,1,20.83,0.70822,0.03399999999836774,0.70822,,0.0335,0.0,0.0,0.001,0.029850746268656716,418022.2,432473.26,850495.46,0.0,-0.01699134290499328,-0.0,0.01699134290499328,572473_YES.csv,572473_YES
1771289640,2026-02-17 00:54:00,1,20.83,0.70822,0.03399999999836774,0.70822,,0.0335,0.0,0.0,0.001,0.029850746268656716,418022.2,432473.26,850495.46,0.0,-0.01699134290499328,-0.0,0.01699134290499328,572473_YES.csv,572473_YES
1771289760,2026-02-17 00:56:00,1,5.0,0.165,0.0329999999934,0.165,,0.0335,0.0,0.0,0.001,0.029850746268656716,418022.2,432473.26,850495.46,0.0,-0.01699134290499328,-0.0,0.01699134290499328,572473_YES.csv,572473_YES
1771289820,2026-02-17 00:57:00,1,5.0,0.165,0.0329999999934,0.165,,0.0335,0.0,0.0,0.001,0.029850746268656716,418022.2,432473.26,850495.46,0.0,-0.01699134290499328,-0.0,0.01699134290499328,572473_YES.csv,572473_YES
1771289940,2026-02-17 00:59:00,1,30.0,1.02,0.033999999998866666,1.02,,0.0335,0.0,0.0,0.001,0.029850746268656716,418022.2,432473.26,850495.46,0.0,-0.01699134290499328,-0.0,0.01699134290499328,572473_YES.csv,572473_YES
1771290060,2026-02-17 01:01:00,1,30.0,1.02,0.033999999998866666,1.02,,0.0335,0.0,0.0,0.001,0.029850746268656716,417727.4,432171.36,849898.76,-596.6999999999534,-0.016994918312388127,596.6999999999534,0.016994918312388127,572473_YES.csv,572473_YES
1771290180,2026-02-17 01:03:00,1,18725.41,617.93853,0.03299999999999824,617.93853,,0.0335,0.0,0.0,0.001,0.029850746268656716,417727.4,432171.36,849898.76,0.0,-0.016994918312388127,-0.0,0.016994918312388127,572473_YES.csv,572473_YES
1771290360,2026-02-17 01:06:00,2,10339.547351000001,350.24304900000004,0.033874118190105405,175.12152450000002,,0.0335,0.0,0.0,0.001,0.029850746268656716,417727.4,432171.36,849898.76,0.0,-0.016994918312388127,-0.0,0.016994918312388127,572473_YES.csv,572473_YES
1771290720,2026-02-17 01:12:00,1,677.0,23.018,0.03399999999994978,23.018,,0.0335,0.0,0.0,0.001,0.029850746268656716,417727.4,432171.36,849898.76,0.0,-0.016994918312388127,-0.0,0.016994918312388127,572473_YES.csv,572473_YES
1771290840,2026-02-17 01:14:00,1,5.0,0.165,0.0329999999934,0.165,,0.0335,0.0,0.0,0.001,0.029850746268656716,417727.4,432171.36,849898.76,0.0,-0.016994918312388127,-0.0,0.016994918312388127,572473_YES.csv,572473_YES
1771291140,2026-02-17 01:19:00,2,72.91,2.34354,0.03214291592330074,1.17177,,0.0325,-0.02985074626865669,0.02985074626865669,0.001,0.030769230769230767,438744.25,300090.5,738834.75,-111064.01000000001,0.18766544210325786,111064.01000000001,0.18766544210325786,572473_YES.csv,572473_YES
1771292280,2026-02-17 01:38:00,1,5.0,0.16,0.0319999999936,0.16,,0.0325,0.0,0.0,0.001,0.030769230769230767,438744.25,300090.5,738834.75,0.0,0.18766544210325786,-0.0,0.18766544210325786,572473_YES.csv,572473_YES
1771292820,2026-02-17 01:47:00,1,437.5,14.0,0.03199999999992686,14.0,,0.0325,0.0,0.0,0.001,0.030769230769230767,438744.25,300090.5,738834.75,0.0,0.18766544210325786,-0.0,0.18766544210325786,572473_YES.csv,572473_YES
1771292880,2026-02-17 01:48:00,1,554.74,18.306420000000003,0.032999999999940514,18.306420000000003,,0.0325,0.0,0.0,0.001,0.030769230769230767,438744.25,300090.5,738834.75,0.0,0.18766544210325786,-0.0,0.18766544210325786,572473_YES.csv,572473_YES
1771293300,2026-02-17 01:55:00,1,147.058822,4.999999,0.033999993553368704,4.999999,,0.033,0.01538461538461533,0.01538461538461533,0.002,0.06060606060606061,455794.96,391756.48,847551.44,108716.68999999994,0.07555704229586353,0.0,0.07555704229586353,572473_YES.csv,572473_YES
1771294680,2026-02-17 02:18:00,2,9998.571425,349.949998,0.0349999998124697,174.974999,,0.033,0.0,0.0,0.002,0.06060606060606061,455794.96,391756.48,847551.44,0.0,0.07555704229586353,-0.0,0.07555704229586353,572473_YES.csv,572473_YES
1771294860,2026-02-17 02:21:00,1,436.68,14.41044,0.03299999999992443,14.41044,,0.033,0.0,0.0,0.002,0.06060606060606061,455794.96,391756.48,847551.44,0.0,0.07555704229586353,-0.0,0.07555704229586353,572473_YES.csv,572473_YES
1771295700,2026-02-17 02:35:00,1,10.42,0.34386,0.032999999996833014,0.34386,,0.0345,0.045454545454545414,0.045454545454545414,0.001,0.02898550724637681,399413.85,492243.23,891657.08,44105.640000000014,-0.10410883520377588,0.0,0.10410883520377588,572473_YES.csv,572473_YES
1771295940,2026-02-17 02:39:00,1,32.352941,1.1,0.03400000018440359,1.1,,0.0345,0.0,0.0,0.001,0.02898550724637681,399413.85,492243.23,891657.08,0.0,-0.10410883520377588,-0.0,0.10410883520377588,572473_YES.csv,572473_YES
1771296060,2026-02-17 02:41:00,1,500.0,17.5,0.034999999999930004,17.5,,0.0345,0.0,0.0,0.001,0.02898550724637681,417582.83,491671.68,909254.51,17597.43000000005,-0.08148307122501924,0.0,0.08148307122501924,572473_YES.csv,572473_YES
1771297140,2026-02-17 02:59:00,1,5.0,0.165,0.0329999999934,0.165,,0.0335,-0.02898550724637683,0.02898550724637683,0.001,0.029850746268656716,436821.69,375652.98,812474.6699999999,-96779.84000000008,0.07528691325232334,96779.84000000008,0.07528691325232334,572473_YES.csv,572473_YES
1771297200,2026-02-17 03:00:00,1,5.0,0.165,0.0329999999934,0.165,,0.0335,0.0,0.0,0.001,0.029850746268656716,436821.69,375652.98,812474.6699999999,0.0,0.07528691325232334,-0.0,0.07528691325232334,572473_YES.csv,572473_YES
1771297260,2026-02-17 03:01:00,1,428.57,14.14281,0.032999999999923,14.14281,,0.0335,0.0,0.0,0.001,0.029850746268656716,436821.69,375652.98,812474.6699999999,0.0,0.07528691325232334,-0.0,0.07528691325232334,572473_YES.csv,572473_YES
1771297680,2026-02-17 03:08:00,1,294.117646,10.0,0.03400000012228441,10.0,,0.0335,0.0,0.0,0.001,0.029850746268656716,436758.88,375523.58,812282.46,-192.20999999996275,0.07538670722989635,192.20999999996275,0.07538670722989635,572473_YES.csv,572473_YES
1771298280,2026-02-17 03:18:00,1,5.0,0.165,0.0329999999934,0.165,,0.0335,0.0,0.0,0.001,0.029850746268656716,436758.88,375523.58,812282.46,0.0,0.07538670722989635,-0.0,0.07538670722989635,572473_YES.csv,572473_YES
1771299600,2026-02-17 03:40:00,1,28172.0,901.504,0.03199999999999886,901.504,,0.0335,0.0,0.0,0.001,0.029850746268656716,436758.88,375523.58,812282.46,0.0,0.07538670722989635,-0.0,0.07538670722989635,572473_YES.csv,572473_YES
1771299780,2026-02-17 03:43:00,1,5.0,0.16,0.0319999999936,0.16,,0.0335,0.0,0.0,0.001,0.029850746268656716,436758.88,375523.58,812282.46,0.0,0.07538670722989635,-0.0,0.07538670722989635,572473_YES.csv,572473_YES
1771301820,2026-02-17 04:17:00,1,4000.0,128.0,0.031999999999992,128.0,,0.033,-0.014925373134328401,0.014925373134328401,0.002,0.06060606060606061,431947.12,406740.77,838687.89,26405.43000000005,0.030054505735142994,0.0,0.030054505735142994,572473_YES.csv,572473_YES
1771302300,2026-02-17 04:25:00,1,12375.63,396.02016,0.03199999999999741,396.02016,,0.033,0.0,0.0,0.002,0.06060606060606061,431947.12,406740.77,838687.89,0.0,0.030054505735142994,-0.0,0.030054505735142994,572473_YES.csv,572473_YES
1771303260,2026-02-17 04:41:00,1,102.59,3.4880600000000004,0.03399999999966859,3.4880600000000004,,0.033,0.0,0.0,0.002,0.06060606060606061,415382.53,404909.61,820292.14,-18395.75,0.012767305072556275,18395.75,0.012767305072556275,572473_YES.csv,572473_YES
1771304640,2026-02-17 05:04:00,1,5.0,0.165,0.0329999999934,0.165,,0.033,0.0,0.0,0.002,0.06060606060606061,415382.53,404909.61,820292.14,0.0,0.012767305072556275,-0.0,0.012767305072556275,572473_YES.csv,572473_YES
1771304700,2026-02-17 05:05:00,1,5.0,0.165,0.0329999999934,0.165,,0.0335,0.015151515151515138,0.015151515151515138,0.001,0.029850746268656716,376097.22,401740.68,777837.8999999999,-42454.24000000011,-0.03296761446054509,42454.24000000011,0.03296761446054509,572473_YES.csv,572473_YES
1771305000,2026-02-17 05:10:00,1,80.0,2.56,0.0319999999996,2.56,,0.0335,0.0,0.0,0.001,0.029850746268656716,376097.22,401740.68,777837.8999999999,0.0,-0.03296761446054509,-0.0,0.03296761446054509,572473_YES.csv,572473_YES
1771305720,2026-02-17 05:22:00,1,2096.78,67.09696000000001,0.03199999999998474,67.09696000000001,,0.0335,0.0,0.0,0.001,0.029850746268656716,376097.22,401740.68,777837.8999999999,0.0,-0.03296761446054509,-0.0,0.03296761446054509,572473_YES.csv,572473_YES
1771305780,2026-02-17 05:23:00,1,5.0,0.16,0.0319999999936,0.16,,0.0325,-0.02985074626865669,0.02985074626865669,0.001,0.030769230769230767,412567.33,306026.82,718594.15,-59243.74999999988,0.14826242323291947,59243.74999999988,0.14826242323291947,572473_YES.csv,572473_YES
1771305960,2026-02-17 05:26:00,2,117.64705599999999,3.999999,0.033999992315710756,1.9999995,,0.0335,0.030769230769230882,0.030769230769230882,0.001,0.029850746268656716,396010.81,401710.21,797721.02,79126.87,-0.007144603009207434,0.0,0.007144603009207434,572473_YES.csv,572473_YES
1771307280,2026-02-17 05:48:00,1,5.0,0.165,0.0329999999934,0.165,,0.0335,0.0,0.0,0.001,0.029850746268656716,396010.81,401710.21,797721.02,0.0,-0.007144603009207434,-0.0,0.007144603009207434,572473_YES.csv,572473_YES
1771307760,2026-02-17 05:56:00,1,120.882351,4.109999,0.03399999227319793,4.109999,,0.0335,0.0,0.0,0.001,0.029850746268656716,391422.73,410972.03,802394.76,4673.739999999991,-0.02436369350168743,0.0,0.02436369350168743,572473_YES.csv,572473_YES
1771308180,2026-02-17 06:03:00,2,443.411763,15.075999000000001,0.033999997875487124,7.537999500000001,,0.0335,0.0,0.0,0.001,0.029850746268656716,391422.73,410972.03,802394.76,0.0,-0.02436369350168743,-0.0,0.02436369350168743,572473_YES.csv,572473_YES
1771308480,2026-02-17 06:08:00,1,50.0,1.7000000000000002,0.033999999999320005,1.7000000000000002,,0.0335,0.0,0.0,0.001,0.029850746268656716,390962.77,410047.77,801010.54,-1384.219999999972,-0.02382615339868062,1384.219999999972,0.02382615339868062,572473_YES.csv,572473_YES
1771308720,2026-02-17 06:12:00,1,2000.0,66.0,0.0329999999999835,66.0,,0.0335,0.0,0.0,0.001,0.029850746268656716,390962.77,410047.77,801010.54,0.0,-0.02382615339868062,-0.0,0.02382615339868062,572473_YES.csv,572473_YES
1771310160,2026-02-17 06:36:00,1,58.823528,1.999999,0.0339999838154216,1.999999,,0.0335,0.0,0.0,0.001,0.029850746268656716,390962.77,410047.77,801010.54,0.0,-0.02382615339868062,-0.0,0.02382615339868062,572473_YES.csv,572473_YES
1771310340,2026-02-17 06:39:00,1,127.058822,4.319999,0.0339999925386212,4.319999,,0.0335,0.0,0.0,0.001,0.029850746268656716,390962.77,410047.77,801010.54,0.0,-0.02382615339868062,-0.0,0.02382615339868062,572473_YES.csv,572473_YES
1771310520,2026-02-17 06:42:00,1,102.59,3.38547,0.03299999999967833,3.38547,,0.0335,0.0,0.0,0.001,0.029850746268656716,390962.77,410047.77,801010.54,0.0,-0.02382615339868062,-0.0,0.02382615339868062,572473_YES.csv,572473_YES
1771312140,2026-02-17 07:09:00,1,5.0,0.165,0.0329999999934,0.165,,0.0335,0.0,0.0,0.001,0.029850746268656716,390962.77,410047.77,801010.54,0.0,-0.02382615339868062,-0.0,0.02382615339868062,572473_YES.csv,572473_YES
1771312200,2026-02-17 07:10:00,1,5.0,0.165,0.0329999999934,0.165,,0.0335,0.0,0.0,0.001,0.029850746268656716,390962.77,410047.77,801010.54,0.0,-0.02382615339868062,-0.0,0.02382615339868062,572473_YES.csv,572473_YES
1771312440,2026-02-17 07:14:00,1,300.0,9.9,0.03299999999989,9.9,,0.0335,0.0,0.0,0.001,0.029850746268656716,372660.16,375473.11,748133.27,-52877.27000000002,-0.003759958436282364,52877.27000000002,0.003759958436282364,572473_YES.csv,572473_YES
1771313280,2026-02-17 07:28:00,1,5.0,0.165,0.0329999999934,0.165,,0.0335,0.0,0.0,0.001,0.029850746268656716,372660.16,375473.11,748133.27,0.0,-0.003759958436282364,-0.0,0.003759958436282364,572473_YES.csv,572473_YES
1771313820,2026-02-17 07:37:00,1,4411.764704,149.999999,0.03399999978783229,149.999999,,0.0335,0.0,0.0,0.001,0.029850746268656716,372660.16,375473.11,748133.27,0.0,-0.003759958436282364,-0.0,0.003759958436282364,572473_YES.csv,572473_YES
1771314000,2026-02-17 07:40:00,1,147.058822,4.999999,0.033999993553368704,4.999999,,0.0335,0.0,0.0,0.001,0.029850746268656716,372660.16,375473.11,748133.27,0.0,-0.003759958436282364,-0.0,0.003759958436282364,572473_YES.csv,572473_YES
1771314600,2026-02-17 07:50:00,1,51.470587,1.75,0.03400000081533943,1.75,,0.0335,0.0,0.0,0.001,0.029850746268656716,372370.18,368138.75,740508.9299999999,-7624.340000000084,0.005714218733324382,7624.340000000084,0.005714218733324382,572473_YES.csv,572473_YES
1771314720,2026-02-17 07:52:00,1,205.294116,6.979999,0.03399999540155349,6.979999,,0.0335,0.0,0.0,0.001,0.029850746268656716,372370.18,368138.75,740508.9299999999,0.0,0.005714218733324382,-0.0,0.005714218733324382,572473_YES.csv,572473_YES
1771314840,2026-02-17 07:54:00,1,5.0,0.165,0.0329999999934,0.165,,0.0335,0.0,0.0,0.001,0.029850746268656716,372370.18,368138.75,740508.9299999999,0.0,0.005714218733324382,-0.0,0.005714218733324382,572473_YES.csv,572473_YES
1771314900,2026-02-17 07:55:00,1,10.0,0.33,0.0329999999967,0.33,,0.0335,0.0,0.0,0.001,0.029850746268656716,372370.18,368138.75,740508.9299999999,0.0,0.005714218733324382,-0.0,0.005714218733324382,572473_YES.csv,572473_YES
1771314960,2026-02-17 07:56:00,1,0.81,0.02673,0.032999999959259264,0.02673,,0.0335,0.0,0.0,0.001,0.029850746268656716,372256.94,367800.03,740056.97,-451.95999999996275,0.006022387708881351,451.95999999996275,0.006022387708881351,572473_YES.csv,572473_YES
1771315920,2026-02-17 08:12:00,1,1760.0,59.84,0.033999999999980685,59.84,,0.0335,0.0,0.0,0.001,0.029850746268656716,372256.94,367800.03,740056.97,0.0,0.006022387708881351,-0.0,0.006022387708881351,572473_YES.csv,572473_YES
1771316040,2026-02-17 08:14:00,1,30.3,0.9999,0.032999999998910894,0.9999,,0.0335,0.0,0.0,0.001,0.029850746268656716,371713.52,365651.12,737364.64,-2692.329999999958,0.008221712394562375,2692.329999999958,0.008221712394562375,572473_YES.csv,572473_YES
1771316460,2026-02-17 08:21:00,1,171.42,5.9997,0.034999999999795826,5.9997,,0.0335,0.0,0.0,0.001,0.029850746268656716,371713.52,365651.12,737364.64,0.0,0.008221712394562375,-0.0,0.008221712394562375,572473_YES.csv,572473_YES
1771316700,2026-02-17 08:25:00,1,150.0,4.95,0.032999999999780004,4.95,,0.0335,0.0,0.0,0.001,0.029850746268656716,371713.52,365651.12,737364.64,0.0,0.008221712394562375,-0.0,0.008221712394562375,572473_YES.csv,572473_YES
1771316880,2026-02-17 08:28:00,1,16111.142856,563.89,0.03500000000248052,563.89,,0.0335,0.0,0.0,0.001,0.029850746268656716,371713.52,365651.12,737364.64,0.0,0.008221712394562375,-0.0,0.008221712394562375,572473_YES.csv,572473_YES
1771317240,2026-02-17 08:34:00,1,468.75,15.46875,0.0329999999999296,15.46875,,0.0335,0.0,0.0,0.001,0.029850746268656716,371713.52,365651.12,737364.64,0.0,0.008221712394562375,-0.0,0.008221712394562375,572473_YES.csv,572473_YES
1771317660,2026-02-17 08:41:00,3,2143.093713,71.465629,0.033346945383888875,23.821876333333336,,0.0335,0.0,0.0,0.001,0.029850746268656716,422032.78,341328.3,763361.0800000001,25996.44000000006,0.1057225500676561,0.0,0.1057225500676561,572473_YES.csv,572473_YES
1771318920,2026-02-17 09:02:00,1,0.26,0.00858,0.032999999873076925,0.00858,,0.0335,0.0,0.0,0.001,0.029850746268656716,420488.59,344012.73,764501.3200000001,1140.2399999999907,0.10003365331010813,0.0,0.10003365331010813,572473_YES.csv,572473_YES
1771318980,2026-02-17 09:03:00,1,0.01,0.00033,0.03299999670000033,0.00033,,0.0335,0.0,0.0,0.001,0.029850746268656716,420488.59,344012.73,764501.3200000001,0.0,0.10003365331010813,-0.0,0.10003365331010813,572473_YES.csv,572473_YES
1771319580,2026-02-17 09:13:00,1,1000.69,33.02277,0.03299999999996702,33.02277,,0.0335,0.0,0.0,0.001,0.029850746268656716,420488.59,344012.73,764501.3200000001,0.0,0.10003365331010813,-0.0,0.10003365331010813,572473_YES.csv,572473_YES
1771320000,2026-02-17 09:20:00,1,5.0,0.165,0.0329999999934,0.165,,0.0335,0.0,0.0,0.001,0.029850746268656716,420131.29,343940.72,764072.01,-429.3100000000559,0.09971647829371476,429.3100000000559,0.09971647829371476,572473_YES.csv,572473_YES
1771320120,2026-02-17 09:22:00,1,5.0,0.165,0.0329999999934,0.165,,0.0335,0.0,0.0,0.001,0.029850746268656716,420131.29,343940.72,764072.01,0.0,0.09971647829371476,-0.0,0.09971647829371476,572473_YES.csv,572473_YES
1771320480,2026-02-17 09:28:00,2,5506.0,183.198,0.033272430076274374,91.599,,0.0335,0.0,0.0,0.001,0.029850746268656716,420131.29,343940.72,764072.01,0.0,0.09971647829371476,-0.0,0.09971647829371476,572473_YES.csv,572473_YES
1771320720,2026-02-17 09:32:00,1,240.0,8.16,0.03399999999985834,8.16,,0.0335,0.0,0.0,0.001,0.029850746268656716,417793.44,341605.42,759398.86,-4673.150000000023,0.10032675055635457,4673.150000000023,0.10032675055635457,572473_YES.csv,572473_YES
1771320840,2026-02-17 09:34:00,1,30.0,1.02,0.033999999998866666,1.02,,0.0335,0.0,0.0,0.001,0.029850746268656716,417793.44,341605.42,759398.86,0.0,0.10032675055635457,-0.0,0.10032675055635457,572473_YES.csv,572473_YES
1771320900,2026-02-17 09:35:00,3,90.0,3.0,0.03333333333296296,1.0,,0.0335,0.0,0.0,0.001,0.029850746268656716,418037.87,341545.42,759583.29,184.43000000005122,0.10070317634291298,0.0,0.10070317634291298,572473_YES.csv,572473_YES
1771321260,2026-02-17 09:41:00,1,5.0,0.165,0.0329999999934,0.165,,0.0335,0.0,0.0,0.001,0.029850746268656716,427831.62,341299.21,769130.8300000001,9547.540000000037,0.11250674998946533,0.0,0.11250674998946533,572473_YES.csv,572473_YES
1771322100,2026-02-17 09:55:00,1,209.45,6.91185,0.03299999999984245,6.91185,,0.0335,0.0,0.0,0.001,0.029850746268656716,427831.62,341299.21,769130.8300000001,0.0,0.11250674998946533,-0.0,0.11250674998946533,572473_YES.csv,572473_YES
1771322880,2026-02-17 10:08:00,1,5.0,0.165,0.0329999999934,0.165,,0.0335,0.0,0.0,0.001,0.029850746268656716,454157.23,414157.71,868314.94,99184.10999999987,0.046065682112989975,0.0,0.046065682112989975,572473_YES.csv,572473_YES
1771323000,2026-02-17 10:10:00,1,52.63,1.73679,0.03299999999937298,1.73679,,0.0335,0.0,0.0,0.001,0.029850746268656716,454157.23,414157.71,868314.94,0.0,0.046065682112989975,-0.0,0.046065682112989975,572473_YES.csv,572473_YES
1771323660,2026-02-17 10:21:00,1,2872.89457,99.999999,0.034808099136044886,99.999999,,0.0335,0.0,0.0,0.001,0.029850746268656716,454157.23,414157.71,868314.94,0.0,0.046065682112989975,-0.0,0.046065682112989975,572473_YES.csv,572473_YES
1771324020,2026-02-17 10:27:00,2,26709.714282999998,934.839999,0.03499999996611588,467.4199995,,0.0335,0.0,0.0,0.001,0.029850746268656716,454157.23,414157.71,868314.94,0.0,0.046065682112989975,-0.0,0.046065682112989975,572473_YES.csv,572473_YES
1771324200,2026-02-17 10:30:00,1,342.857141,11.999999,0.03499999727281451,11.999999,,0.0335,0.0,0.0,0.001,0.029850746268656716,454157.23,414157.71,868314.94,0.0,0.046065682112989975,-0.0,0.046065682112989975,572473_YES.csv,572473_YES
1771324620,2026-02-17 10:37:00,1,14285.714284,499.999999,0.03499999993419755,499.999999,,0.0335,0.0,0.0,0.001,0.029850746268656716,454157.23,414157.71,868314.94,0.0,0.046065682112989975,-0.0,0.046065682112989975,572473_YES.csv,572473_YES
1771325040,2026-02-17 10:44:00,1,85.714284,2.9999990000000003,0.03499998903292477,2.9999990000000003,,0.0345,0.029850746268656803,0.029850746268656803,0.001,0.02898550724637681,415348.12,498740.5,914088.62,45773.68000000005,-0.09123008226489025,0.0,0.09123008226489025,572473_YES.csv,572473_YES
1771325220,2026-02-17 10:47:00,3,532247.0125,20015.11224,0.03760493111269443,6671.7040799999995,,0.0365,0.05797101449275344,0.05797101449275344,0.001,0.027397260273972605,420144.08,237394.33,657538.41,-256550.20999999996,0.2779301516393545,256550.20999999996,0.2779301516393545,572473_YES.csv,572473_YES
1771325280,2026-02-17 10:48:00,2,882.327434,34.410769,0.03899999895045876,17.2053845,,0.0365,0.0,0.0,0.001,0.027397260273972605,420144.08,237394.33,657538.41,0.0,0.2779301516393545,-0.0,0.2779301516393545,572473_YES.csv,572473_YES
1771325460,2026-02-17 10:51:00,1,25.641024,0.999999,0.038999963494476604,0.999999,,0.0365,0.0,0.0,0.001,0.027397260273972605,420144.08,237394.33,657538.41,0.0,0.2779301516393545,-0.0,0.2779301516393545,572473_YES.csv,572473_YES
1771325760,2026-02-17 10:56:00,1,100.0,3.7,0.036999999999629996,3.7,,0.0375,0.027397260273972712,0.027397260273972712,0.001,0.02666666666666667,83474.15,322051.45,405525.6,-252012.81000000006,-0.5883162493317315,252012.81000000006,0.5883162493317315,572473_YES.csv,572473_YES
1771325820,2026-02-17 10:57:00,1,240.0,8.879999999999999,0.03699999999984583,8.879999999999999,,0.0375,0.0,0.0,0.001,0.02666666666666667,83474.15,322051.45,405525.6,0.0,-0.5883162493317315,-0.0,0.5883162493317315,572473_YES.csv,572473_YES
1771326180,2026-02-17 11:03:00,1,129.19,4.65084,0.03599999999972134,4.65084,,0.0375,0.0,0.0,0.001,0.02666666666666667,83474.15,322051.45,405525.6,0.0,-0.5883162493317315,-0.0,0.5883162493317315,572473_YES.csv,572473_YES
1771326240,2026-02-17 11:04:00,1,3000.44,111.01628,0.03699999999998767,111.01628,,0.0375,0.0,0.0,0.001,0.02666666666666667,83474.15,322051.45,405525.6,0.0,-0.5883162493317315,-0.0,0.5883162493317315,572473_YES.csv,572473_YES
1771326660,2026-02-17 11:11:00,1,240.0,9.12,0.03799999999984167,9.12,,0.0375,0.0,0.0,0.001,0.02666666666666667,90895.85,336698.76,427594.61,22069.01000000001,-0.5748503471547501,0.0,0.5748503471547501,572473_YES.csv,572473_YES
1771326840,2026-02-17 11:14:00,1,26.315788,0.999999,0.0379999641265539,0.999999,,0.0375,0.0,0.0,0.001,0.02666666666666667,102940.5,336566.16,439506.66,11912.049999999988,-0.5315634124861726,0.0,0.5315634124861726,572473_YES.csv,572473_YES
1771326900,2026-02-17 11:15:00,1,1000.0,36.0,0.035999999999964,36.0,,0.0375,0.0,0.0,0.001,0.02666666666666667,102940.5,336566.16,439506.66,0.0,-0.5315634124861726,-0.0,0.5315634124861726,572473_YES.csv,572473_YES
1771327020,2026-02-17 11:17:00,1,1081.08108,39.99999999999999,0.03700000003696577,39.99999999999999,,0.0365,-0.026666666666666727,0.026666666666666727,0.001,0.027397260273972605,268274.11,327123.93,595398.04,155891.38000000006,-0.09884113827448945,0.0,0.09884113827448945,572473_YES.csv,572473_YES
1771327260,2026-02-17 11:21:00,1,400.0,14.8,0.036999999999907496,14.8,,0.0365,0.0,0.0,0.001,0.027397260273972605,268274.11,327123.93,595398.04,0.0,-0.09884113827448945,-0.0,0.09884113827448945,572473_YES.csv,572473_YES
1771327500,2026-02-17 11:25:00,1,27.027026,1.0,0.037000001404631,1.0,,0.0365,0.0,0.0,0.001,0.027397260273972605,268274.11,327123.93,595398.04,0.0,-0.09884113827448945,-0.0,0.09884113827448945,572473_YES.csv,572473_YES
1771327800,2026-02-17 11:30:00,1,135.0,4.995,0.03699999999972593,4.995,,0.0365,0.0,0.0,0.001,0.027397260273972605,268274.11,327123.93,595398.04,0.0,-0.09884113827448945,-0.0,0.09884113827448945,572473_YES.csv,572473_YES
1771328160,2026-02-17 11:36:00,2,102.56,3.6921600000000003,0.03599999999964898,1.8460800000000002,,0.0365,0.0,0.0,0.001,0.027397260273972605,268274.11,327123.93,595398.04,0.0,-0.09884113827448945,-0.0,0.09884113827448945,572473_YES.csv,572473_YES
1771328220,2026-02-17 11:37:00,1,5.0,0.18,0.0359999999928,0.18,,0.0365,0.0,0.0,0.001,0.027397260273972605,268274.11,327123.93,595398.04,0.0,-0.09884113827448945,-0.0,0.09884113827448945,572473_YES.csv,572473_YES
1771328580,2026-02-17 11:43:00,1,3054.51,109.96236,0.035999999999988215,109.96236,,0.0365,0.0,0.0,0.001,0.027397260273972605,268274.11,327123.93,595398.04,0.0,-0.09884113827448945,-0.0,0.09884113827448945,572473_YES.csv,572473_YES
1771328700,2026-02-17 11:45:00,1,39027.027026,1444.0000000000002,0.03700000000097266,1444.0000000000002,,0.0365,0.0,0.0,0.001,0.027397260273972605,268274.11,327123.93,595398.04,0.0,-0.09884113827448945,-0.0,0.09884113827448945,572473_YES.csv,572473_YES
1771328820,2026-02-17 11:47:00,1,33.33,1.1998799999999998,0.035999999998919896,1.1998799999999998,,0.0365,0.0,0.0,0.001,0.027397260273972605,270237.44,368310.41,638547.85,43149.80999999994,-0.1535875032701151,0.0,0.1535875032701151,572473_YES.csv,572473_YES
1771328880,2026-02-17 11:48:00,1,135.0,4.859999999999999,0.03599999999973333,4.859999999999999,,0.0365,0.0,0.0,0.001,0.027397260273972605,270237.44,368310.41,638547.85,0.0,-0.1535875032701151,-0.0,0.1535875032701151,572473_YES.csv,572473_YES
1771328940,2026-02-17 11:49:00,1,240.0,8.879999999999999,0.03699999999984583,8.879999999999999,,0.0365,0.0,0.0,0.001,0.027397260273972605,270237.44,368310.41,638547.85,0.0,-0.1535875032701151,-0.0,0.1535875032701151,572473_YES.csv,572473_YES
1771329180,2026-02-17 11:53:00,1,3110.21,111.96756,0.03599999999998842,111.96756,,0.0365,0.0,0.0,0.001,0.027397260273972605,270120.35,364537.79,634658.1399999999,-3889.710000000079,-0.14876897348232235,3889.710000000079,0.14876897348232235,572473_YES.csv,572473_YES
1771329240,2026-02-17 11:54:00,1,500.0,18.5,0.036999999999926,18.5,,0.0365,0.0,0.0,0.001,0.027397260273972605,270120.35,364537.79,634658.1399999999,0.0,-0.14876897348232235,-0.0,0.14876897348232235,572473_YES.csv,572473_YES
1771329360,2026-02-17 11:56:00,1,5.0,0.18,0.0359999999928,0.18,,0.0365,0.0,0.0,0.001,0.027397260273972605,267157.05,364545.55,631702.6,-2955.539999999921,-0.15416827475460762,2955.539999999921,0.15416827475460762,572473_YES.csv,572473_YES
1771329720,2026-02-17 12:02:00,1,325.76,11.72736,0.03599999999988949,11.72736,,0.0365,0.0,0.0,0.001,0.027397260273972605,269306.04,376145.55,645451.59,13748.98999999999,-0.16552675933449945,0.0,0.16552675933449945,572473_YES.csv,572473_YES
1771329840,2026-02-17 12:04:00,1,5428.918917,200.869999,0.036999999828872476,200.869999,,0.0365,0.0,0.0,0.001,0.027397260273972605,269306.04,376145.55,645451.59,0.0,-0.16552675933449945,-0.0,0.16552675933449945,572473_YES.csv,572473_YES
1771329960,2026-02-17 12:06:00,1,854.324323,31.609999,0.036999998886796295,31.609999,,0.0365,0.0,0.0,0.001,0.027397260273972605,269306.04,376145.55,645451.59,0.0,-0.16552675933449945,-0.0,0.16552675933449945,572473_YES.csv,572473_YES
1771330200,2026-02-17 12:10:00,1,40.39,1.45404,0.03599999999910869,1.45404,,0.0365,0.0,0.0,0.001,0.027397260273972605,269306.04,376145.55,645451.59,0.0,-0.16552675933449945,-0.0,0.16552675933449945,572473_YES.csv,572473_YES
1771330380,2026-02-17 12:13:00,1,135.0,4.995,0.03699999999972593,4.995,,0.0365,0.0,0.0,0.001,0.027397260273972605,269306.04,376145.55,645451.59,0.0,-0.16552675933449945,-0.0,0.16552675933449945,572473_YES.csv,572473_YES
1771330620,2026-02-17 12:17:00,2,573.6,20.6496,0.035999999999937235,10.3248,,0.0365,0.0,0.0,0.001,0.027397260273972605,268769.12,365025.44,633794.56,-11657.029999999912,-0.15187306120140887,11657.029999999912,0.15187306120140887,572473_YES.csv,572473_YES
1771330920,2026-02-17 12:22:00,1,5.0,0.18,0.0359999999928,0.18,,0.0365,0.0,0.0,0.001,0.027397260273972605,268769.12,365025.44,633794.56,0.0,-0.15187306120140887,-0.0,0.15187306120140887,572473_YES.csv,572473_YES
1771331100,2026-02-17 12:25:00,1,334.054053,12.36,0.03700000011663674,12.36,,0.0365,0.0,0.0,0.001,0.027397260273972605,268769.12,365025.44,633794.56,0.0,-0.15187306120140887,-0.0,0.15187306120140887,572473_YES.csv,572473_YES
1771331640,2026-02-17 12:34:00,1,135.135134,5.0,0.03700000031052621,5.0,,0.0365,0.0,0.0,0.001,0.027397260273972605,268769.12,365025.44,633794.56,0.0,-0.15187306120140887,-0.0,0.15187306120140887,572473_YES.csv,572473_YES
1771331760,2026-02-17 12:36:00,1,27.027026,1.0,0.037000001404631,1.0,,0.0365,0.0,0.0,0.001,0.027397260273972605,268769.12,365025.44,633794.56,0.0,-0.15187306120140887,-0.0,0.15187306120140887,572473_YES.csv,572473_YES
1771334040,2026-02-17 13:14:00,1,1350.0,49.95,0.03699999999997259,49.95,,0.0365,0.0,0.0,0.001,0.027397260273972605,277508.16,311838.47,589346.6299999999,-44447.93000000017,-0.058251474179126135,44447.93000000017,0.058251474179126135,572473_YES.csv,572473_YES
1771334280,2026-02-17 13:18:00,1,54.054053,2.0,0.037000000720815496,2.0,,0.0365,0.0,0.0,0.001,0.027397260273972605,277508.16,311838.47,589346.6299999999,0.0,-0.058251474179126135,-0.0,0.058251474179126135,572473_YES.csv,572473_YES
1771334400,2026-02-17 13:20:00,1,132.432431,4.899999,0.03699999284890411,4.899999,,0.0365,0.0,0.0,0.001,0.027397260273972605,273363.91,313381.89,586745.8,-2600.8299999998417,-0.06820326621852263,2600.8299999998417,0.06820326621852263,572473_YES.csv,572473_YES
1771334580,2026-02-17 13:23:00,1,55.945944,2.069999,0.036999983411898446,2.069999,,0.0365,0.0,0.0,0.001,0.027397260273972605,273170.54,310143.64,583314.1799999999,-3431.6200000001118,-0.06338453832889857,3431.6200000001118,0.06338453832889857,572473_YES.csv,572473_YES
1771334760,2026-02-17 13:26:00,1,12601.89189,466.269999,0.03699999992619857,466.269999,,0.0365,0.0,0.0,0.001,0.027397260273972605,273886.77,369864.72,643751.49,60437.310000000056,-0.14909161608309435,0.0,0.14909161608309435,572473_YES.csv,572473_YES
1771335180,2026-02-17 13:33:00,1,13621.62162,503.99999900000006,0.03699999993098928,503.99999900000006,,0.0365,0.0,0.0,0.001,0.027397260273972605,273886.77,369864.72,643751.49,0.0,-0.14909161608309435,-0.0,0.14909161608309435,572473_YES.csv,572473_YES
1771335240,2026-02-17 13:34:00,1,625.0,22.5,0.0359999999999424,22.5,,0.0365,0.0,0.0,0.001,0.027397260273972605,273886.77,369864.72,643751.49,0.0,-0.14909161608309435,-0.0,0.14909161608309435,572473_YES.csv,572473_YES
1771335300,2026-02-17 13:35:00,1,100.0,3.7,0.036999999999629996,3.7,,0.0365,0.0,0.0,0.001,0.027397260273972605,274483.63,413634.32,688117.95,44366.45999999996,-0.20221924162856095,0.0,0.20221924162856095,572473_YES.csv,572473_YES
1771335480,2026-02-17 13:38:00,1,500.0,18.5,0.036999999999926,18.5,,0.0365,0.0,0.0,0.001,0.027397260273972605,274442.23,413492.92,687935.1499999999,-182.80000000004657,-0.20212761333680948,182.80000000004657,0.20212761333680948,572473_YES.csv,572473_YES
1771335600,2026-02-17 13:40:00,1,206.756755,7.649999,0.03699999547759875,7.649999,,0.0365,0.0,0.0,0.001,0.027397260273972605,274442.23,413492.92,687935.1499999999,0.0,-0.20212761333680948,-0.0,0.20212761333680948,572473_YES.csv,572473_YES
1771335660,2026-02-17 13:41:00,1,270.270269,9.999999,0.036999996473762994,9.999999,,0.0365,0.0,0.0,0.001,0.027397260273972605,271812.23,418786.16,690598.3899999999,2663.2399999999907,-0.21282113038230513,0.0,0.21282113038230513,572473_YES.csv,572473_YES
1771335960,2026-02-17 13:46:00,1,7184.324323,265.819999,0.03699999986762325,265.819999,,0.0365,0.0,0.0,0.001,0.027397260273972605,271812.23,418786.16,690598.3899999999,0.0,-0.21282113038230513,-0.0,0.21282113038230513,572473_YES.csv,572473_YES
1771336080,2026-02-17 13:48:00,1,5.0,0.18,0.0359999999928,0.18,,0.0365,0.0,0.0,0.001,0.027397260273972605,271812.23,418786.16,690598.3899999999,0.0,-0.21282113038230513,-0.0,0.21282113038230513,572473_YES.csv,572473_YES
1771336140,2026-02-17 13:49:00,2,32.019999999999996,1.15272,0.03599999999887571,0.57636,,0.0365,0.0,0.0,0.001,0.027397260273972605,271812.23,418786.16,690598.3899999999,0.0,-0.21282113038230513,-0.0,0.21282113038230513,572473_YES.csv,572473_YES
1771336440,2026-02-17 13:54:00,3,1123.25,40.437,0.035999999999967947,13.479,,0.0365,0.0,0.0,0.001,0.027397260273972605,271812.23,418786.16,690598.3899999999,0.0,-0.21282113038230513,-0.0,0.21282113038230513,572473_YES.csv,572473_YES
1771336500,2026-02-17 13:55:00,1,600.0,21.6,0.03599999999994,21.6,,0.0365,0.0,0.0,0.001,0.027397260273972605,271812.23,418786.16,690598.3899999999,0.0,-0.21282113038230513,-0.0,0.21282113038230513,572473_YES.csv,572473_YES
1771336560,2026-02-17 13:56:00,1,27.027026,1.0,0.037000001404631,1.0,,0.0365,0.0,0.0,0.001,0.027397260273972605,278434.32,355822.75,634257.0700000001,-56341.31999999983,-0.1220142961906597,56341.31999999983,0.1220142961906597,572473_YES.csv,572473_YES
1771336680,2026-02-17 13:58:00,1,1351.35135,49.999999,0.03699999929697262,49.999999,,0.0365,0.0,0.0,0.001,0.027397260273972605,278434.32,355822.75,634257.0700000001,0.0,-0.1220142961906597,-0.0,0.1220142961906597,572473_YES.csv,572473_YES
1771337280,2026-02-17 14:08:00,1,5.0,0.18,0.0359999999928,0.18,,0.0365,0.0,0.0,0.001,0.027397260273972605,285421.55,365813.8,651235.35,16978.27999999991,-0.123445771179344,0.0,0.123445771179344,572473_YES.csv,572473_YES
1771337340,2026-02-17 14:09:00,1,200.0,7.199999999999999,0.035999999999819995,7.199999999999999,,0.0365,0.0,0.0,0.001,0.027397260273972605,285421.55,365813.8,651235.35,0.0,-0.123445771179344,-0.0,0.123445771179344,572473_YES.csv,572473_YES
1771338060,2026-02-17 14:21:00,1,230.76,8.30736,0.03599999999984399,8.30736,,0.0365,0.0,0.0,0.001,0.027397260273972605,285421.55,365813.8,651235.35,0.0,-0.123445771179344,-0.0,0.123445771179344,572473_YES.csv,572473_YES
1771338240,2026-02-17 14:24:00,1,51.5,1.9055,0.03699999999928155,1.9055,,0.0365,0.0,0.0,0.001,0.027397260273972605,285421.55,365813.8,651235.35,0.0,-0.123445771179344,-0.0,0.123445771179344,572473_YES.csv,572473_YES
1771338360,2026-02-17 14:26:00,1,71.42,2.57112,0.035999999999495935,2.57112,,0.0365,0.0,0.0,0.001,0.027397260273972605,284368.99,366560.79,650929.78,-305.5699999999488,-0.1262683050082606,305.5699999999488,0.1262683050082606,572473_YES.csv,572473_YES
1771338780,2026-02-17 14:33:00,1,27.027026,1.0,0.037000001404631,1.0,,0.0365,0.0,0.0,0.001,0.027397260273972605,284368.99,366560.79,650929.78,0.0,-0.1262683050082606,-0.0,0.1262683050082606,572473_YES.csv,572473_YES
1771338960,2026-02-17 14:36:00,1,5.0,0.18,0.0359999999928,0.18,,0.0365,0.0,0.0,0.001,0.027397260273972605,284368.99,366560.79,650929.78,0.0,-0.1262683050082606,-0.0,0.1262683050082606,572473_YES.csv,572473_YES
1771339440,2026-02-17 14:44:00,1,27.027026,1.0,0.037000001404631,1.0,,0.0365,0.0,0.0,0.001,0.027397260273972605,280309.08,365001.02,645310.1000000001,-5619.679999999935,-0.13124223532221174,5619.679999999935,0.13124223532221174,572473_YES.csv,572473_YES
1771339800,2026-02-17 14:50:00,1,10355.94,383.16978,0.036999999999996425,383.16978,,0.037,0.013698630136986356,0.013698630136986356,0.002,0.05405405405405406,280179.79,366084.75,646264.54,954.4399999999441,-0.1329253806807968,0.0,0.1329253806807968,572473_YES.csv,572473_YES
1771340280,2026-02-17 14:58:00,1,35.71,1.28556,0.03599999999899188,1.28556,,0.037,0.0,0.0,0.002,0.05405405405405406,280179.79,366084.75,646264.54,0.0,-0.1329253806807968,-0.0,0.1329253806807968,572473_YES.csv,572473_YES
1771341060,2026-02-17 15:11:00,4,37595.751793,1419.1948389999998,0.03774880861045056,354.79870974999994,,0.0365,-0.013513513513513487,0.013513513513513487,0.001,0.027397260273972605,279931.4,364043.22,643974.62,-2289.920000000042,-0.13061356362149792,2289.920000000042,0.13061356362149792,572473_YES.csv,572473_YES
1771341180,2026-02-17 15:13:00,1,440.503332,16.999999000000003,0.03859221432622759,16.999999000000003,,0.0365,0.0,0.0,0.001,0.027397260273972605,279931.4,364043.22,643974.62,0.0,-0.13061356362149792,-0.0,0.13061356362149792,572473_YES.csv,572473_YES
1771341420,2026-02-17 15:17:00,1,319.743588,12.469999,0.03899999708504233,12.469999,,0.0385,0.0547945205479452,0.0547945205479452,0.001,0.025974025974025976,63378.87,402130.23,465509.1,-178465.52000000002,-0.7277008333456854,178465.52000000002,0.7277008333456854,572473_YES.csv,572473_YES
1771341540,2026-02-17 15:19:00,1,100.0,3.9,0.03899999999961,3.9,,0.0385,0.0,0.0,0.001,0.025974025974025976,63378.87,402130.23,465509.1,0.0,-0.7277008333456854,-0.0,0.7277008333456854,572473_YES.csv,572473_YES
1771341600,2026-02-17 15:20:00,1,27.77,1.05526,0.037999999998631614,1.05526,,0.0385,0.0,0.0,0.001,0.025974025974025976,63257.53,401721.41,464978.93999999994,-530.1600000000326,-0.7279122792098929,530.1600000000326,0.7279122792098929,572473_YES.csv,572473_YES
1771341660,2026-02-17 15:21:00,2,62935.128202,2454.469998,0.0389999999701591,1227.234999,,0.0385,0.0,0.0,0.001,0.025974025974025976,63257.53,401721.41,464978.93999999994,0.0,-0.7279122792098929,-0.0,0.7279122792098929,572473_YES.csv,572473_YES
1771341780,2026-02-17 15:23:00,1,102.564101,3.999999,0.03899999084436955,3.999999,,0.0385,0.0,0.0,0.001,0.025974025974025976,62264.71,339716.12,401980.83,-62998.10999999993,-0.6902105505876983,62998.10999999993,0.6902105505876983,572473_YES.csv,572473_YES
1771341840,2026-02-17 15:24:00,2,1340.0,52.260000000000005,0.0389999999999709,26.130000000000003,,0.0385,0.0,0.0,0.001,0.025974025974025976,62264.71,339716.12,401980.83,0.0,-0.6902105505876983,-0.0,0.6902105505876983,572473_YES.csv,572473_YES
1771342080,2026-02-17 15:28:00,1,1203.333332,46.929999,0.0389999992121559,46.929999,,0.0385,0.0,0.0,0.001,0.025974025974025976,62264.71,339716.12,401980.83,0.0,-0.6902105505876983,-0.0,0.6902105505876983,572473_YES.csv,572473_YES
1771342260,2026-02-17 15:31:00,1,11942.307691,465.749999,0.03899999992053133,465.749999,,0.0385,0.0,0.0,0.001,0.025974025974025976,62264.71,339716.12,401980.83,0.0,-0.6902105505876983,-0.0,0.6902105505876983,572473_YES.csv,572473_YES
1771342320,2026-02-17 15:32:00,1,140.0,5.46,0.03899999999972143,5.46,,0.0385,0.0,0.0,0.001,0.025974025974025976,61206.0,345174.9,406380.9,4400.070000000007,-0.6987752131067184,0.0,0.6987752131067184,572473_YES.csv,572473_YES
1771342560,2026-02-17 15:36:00,1,120.0,4.68,0.038999999999674996,4.68,,0.0385,0.0,0.0,0.001,0.025974025974025976,61206.0,345174.9,406380.9,0.0,-0.6987752131067184,-0.0,0.6987752131067184,572473_YES.csv,572473_YES
1771342680,2026-02-17 15:38:00,1,513.076922,20.0,0.038980509826869625,20.0,,0.0375,-0.025974025974025983,0.025974025974025983,0.001,0.02666666666666667,115876.78,282095.54,397972.31999999995,-8408.580000000075,-0.41766412297217054,8408.580000000075,0.41766412297217054,572473_YES.csv,572473_YES
1771342740,2026-02-17 15:39:00,1,269.08,9.95596,0.0369999999998625,9.95596,,0.0375,0.0,0.0,0.001,0.02666666666666667,115876.78,282095.54,397972.31999999995,0.0,-0.41766412297217054,-0.0,0.41766412297217054,572473_YES.csv,572473_YES
1771342980,2026-02-17 15:43:00,1,72.36,2.74968,0.03799999999947485,2.74968,,0.0375,0.0,0.0,0.001,0.02666666666666667,115876.78,282095.54,397972.31999999995,0.0,-0.41766412297217054,-0.0,0.41766412297217054,572473_YES.csv,572473_YES
1771343160,2026-02-17 15:46:00,1,80.0,3.04,0.037999999999525,3.04,,0.0375,0.0,0.0,0.001,0.02666666666666667,115876.78,282095.54,397972.31999999995,0.0,-0.41766412297217054,-0.0,0.41766412297217054,572473_YES.csv,572473_YES
1771343460,2026-02-17 15:51:00,1,90.0,3.42,0.037999999999577774,3.42,,0.0375,0.0,0.0,0.001,0.02666666666666667,115876.78,282095.54,397972.31999999995,0.0,-0.41766412297217054,-0.0,0.41766412297217054,572473_YES.csv,572473_YES
1771343640,2026-02-17 15:54:00,1,300.0,11.1,0.036999999999876666,11.1,,0.0375,0.0,0.0,0.001,0.02666666666666667,115876.78,282095.54,397972.31999999995,0.0,-0.41766412297217054,-0.0,0.41766412297217054,572473_YES.csv,572473_YES
1771343820,2026-02-17 15:57:00,2,543.683845,21.14,0.03888289158189185,10.57,,0.0375,0.0,0.0,0.001,0.02666666666666667,115876.78,282095.54,397972.31999999995,0.0,-0.41766412297217054,-0.0,0.41766412297217054,572473_YES.csv,572473_YES
1771343880,2026-02-17 15:58:00,1,485.263156,18.439999,0.0379999980875572,18.439999,,0.0375,0.0,0.0,0.001,0.02666666666666667,115876.78,282095.54,397972.31999999995,0.0,-0.41766412297217054,-0.0,0.41766412297217054,572473_YES.csv,572473_YES
1771343940,2026-02-17 15:59:00,1,366.57,13.56309,0.036999999999899065,13.56309,,0.0375,0.0,0.0,0.001,0.02666666666666667,116202.66,295914.97,412117.63,14145.310000000056,-0.4360704248444794,0.0,0.4360704248444794,572473_YES.csv,572473_YES
1771344060,2026-02-17 16:01:00,1,140.0,5.32,0.03799999999972858,5.32,,0.0375,0.0,0.0,0.001,0.02666666666666667,116202.66,295914.97,412117.63,0.0,-0.4360704248444794,-0.0,0.4360704248444794,572473_YES.csv,572473_YES
1771344180,2026-02-17 16:03:00,2,1574.0,59.807,0.037996823379899625,29.9035,,0.0375,0.0,0.0,0.001,0.02666666666666667,116202.66,295914.97,412117.63,0.0,-0.4360704248444794,-0.0,0.4360704248444794,572473_YES.csv,572473_YES
1771344240,2026-02-17 16:04:00,3,11374.0,432.207,0.03799956040091102,144.069,,0.0375,0.0,0.0,0.001,0.02666666666666667,116202.66,295914.97,412117.63,0.0,-0.4360704248444794,-0.0,0.4360704248444794,572473_YES.csv,572473_YES
1771344300,2026-02-17 16:05:00,3,4162.35,156.68788,0.03764409047772587,52.22929333333334,,0.0375,0.0,0.0,0.001,0.02666666666666667,117069.39,284540.43,401609.82,-10507.809999999998,-0.4169993652047651,10507.809999999998,0.4169993652047651,572473_YES.csv,572473_YES
1771344480,2026-02-17 16:08:00,1,542.051281,21.14,0.03900000007556665,21.14,,0.038,0.01333333333333342,0.01333333333333342,0.002,0.052631578947368425,116961.79,345361.87,462323.66,60713.83999999997,-0.49402637104923425,0.0,0.49402637104923425,572473_YES.csv,572473_YES
1771344600,2026-02-17 16:10:00,2,1125.641024,43.899999,0.03899999916843916,21.9499995,,0.038,0.0,0.0,0.002,0.052631578947368425,116961.79,345361.87,462323.66,0.0,-0.49402637104923425,-0.0,0.49402637104923425,572473_YES.csv,572473_YES
1771344660,2026-02-17 16:11:00,1,25.641024,0.999999,0.038999963494476604,0.999999,,0.038,0.0,0.0,0.002,0.052631578947368425,116944.35,344220.02,461164.37,-1159.289999999979,-0.49283007271355334,1159.289999999979,0.49283007271355334,572473_YES.csv,572473_YES
1771344720,2026-02-17 16:12:00,2,620.540539,22.959999,0.03699999848029743,11.4799995,,0.038,0.0,0.0,0.002,0.052631578947368425,116944.35,344220.02,461164.37,0.0,-0.49283007271355334,-0.0,0.49283007271355334,572473_YES.csv,572473_YES
1771344960,2026-02-17 16:16:00,1,500.0,18.0,0.035999999999928,18.0,,0.038,0.0,0.0,0.002,0.052631578947368425,116944.35,344220.02,461164.37,0.0,-0.49283007271355334,-0.0,0.49283007271355334,572473_YES.csv,572473_YES
1771345020,2026-02-17 16:17:00,1,250.0,9.25,0.036999999999852,9.25,,0.0365,-0.03947368421052633,0.03947368421052633,0.001,0.027397260273972605,289567.38,295534.45,585101.8300000001,123937.46000000008,-0.010198344448862869,0.0,0.010198344448862869,572473_YES.csv,572473_YES
1771345080,2026-02-17 16:18:00,1,90.0,3.33,0.03699999999958888,3.33,,0.0365,0.0,0.0,0.001,0.027397260273972605,289567.38,295534.45,585101.8300000001,0.0,-0.010198344448862869,-0.0,0.010198344448862869,572473_YES.csv,572473_YES
1771345140,2026-02-17 16:19:00,1,29.729728,1.099999,0.036999968515117256,1.099999,,0.0365,0.0,0.0,0.001,0.027397260273972605,289567.38,295534.45,585101.8300000001,0.0,-0.010198344448862869,-0.0,0.010198344448862869,572473_YES.csv,572473_YES
1771345260,2026-02-17 16:21:00,2,710.0,26.27,0.03699999999994789,13.135,,0.0365,0.0,0.0,0.001,0.027397260273972605,289567.38,295534.45,585101.8300000001,0.0,-0.010198344448862869,-0.0,0.010198344448862869,572473_YES.csv,572473_YES
1771345380,2026-02-17 16:23:00,1,5.0,0.18,0.0359999999928,0.18,,0.0365,0.0,0.0,0.001,0.027397260273972605,289368.19,289532.71,578900.9,-6200.930000000051,-0.000284193719512301,6200.930000000051,0.000284193719512301,572473_YES.csv,572473_YES
1771345800,2026-02-17 16:30:00,1,150.0,5.55,0.036999999999753334,5.55,,0.0365,0.0,0.0,0.001,0.027397260273972605,289368.19,289532.71,578900.9,0.0,-0.000284193719512301,-0.0,0.000284193719512301,572473_YES.csv,572473_YES
1771345860,2026-02-17 16:31:00,2,170.0,6.289999999999999,0.03699999999978235,3.1449999999999996,,0.0365,0.0,0.0,0.001,0.027397260273972605,289368.19,289532.71,578900.9,0.0,-0.000284193719512301,-0.0,0.000284193719512301,572473_YES.csv,572473_YES
1771345980,2026-02-17 16:33:00,1,359.37,12.93732,0.03599999999989983,12.93732,,0.0365,0.0,0.0,0.001,0.027397260273972605,289368.19,289532.71,578900.9,0.0,-0.000284193719512301,-0.0,0.000284193719512301,572473_YES.csv,572473_YES
1771346100,2026-02-17 16:35:00,1,120.0,4.44,0.03699999999969166,4.44,,0.0365,0.0,0.0,0.001,0.027397260273972605,287498.78,311225.05,598723.8300000001,19822.93000000005,-0.03962807025736717,0.0,0.03962807025736717,572473_YES.csv,572473_YES
1771346340,2026-02-17 16:39:00,1,40.0,1.44,0.0359999999991,1.44,,0.0365,0.0,0.0,0.001,0.027397260273972605,287498.78,311225.05,598723.8300000001,0.0,-0.03962807025736717,-0.0,0.03962807025736717,572473_YES.csv,572473_YES
1771346400,2026-02-17 16:40:00,2,225.5,8.187999999999999,0.03631042128587002,4.093999999999999,,0.0365,0.0,0.0,0.001,0.027397260273972605,287498.78,311225.05,598723.8300000001,0.0,-0.03962807025736717,-0.0,0.03962807025736717,572473_YES.csv,572473_YES
1771346820,2026-02-17 16:47:00,1,60.0,2.22,0.03699999999938333,2.22,,0.0365,0.0,0.0,0.001,0.027397260273972605,286916.78,312253.49,599170.27,446.4399999999441,-0.042286327056914826,0.0,0.042286327056914826,572473_YES.csv,572473_YES
1771347000,2026-02-17 16:50:00,1,5.0,0.18,0.0359999999928,0.18,,0.0365,0.0,0.0,0.001,0.027397260273972605,286664.68,312173.79,598838.47,-331.80000000004657,-0.042597647408991586,331.80000000004657,0.042597647408991586,572473_YES.csv,572473_YES
1771347120,2026-02-17 16:52:00,1,160.0,5.92,0.03699999999976875,5.92,,0.0365,0.0,0.0,0.001,0.027397260273972605,286664.68,312173.79,598838.47,0.0,-0.042597647408991586,-0.0,0.042597647408991586,572473_YES.csv,572473_YES
1771347600,2026-02-17 17:00:00,1,80.0,2.96,0.0369999999995375,2.96,,0.0365,0.0,0.0,0.001,0.027397260273972605,286664.68,312173.79,598838.47,0.0,-0.042597647408991586,-0.0,0.042597647408991586,572473_YES.csv,572473_YES
1771347720,2026-02-17 17:02:00,1,55.94,2.01384,0.03599999999935645,2.01384,,0.0365,0.0,0.0,0.001,0.027397260273972605,285823.47,312440.88,598264.35,-574.1199999999953,-0.044491051489195424,574.1199999999953,0.044491051489195424,572473_YES.csv,572473_YES
1771347780,2026-02-17 17:03:00,1,60.0,2.22,0.03699999999938333,2.22,,0.0365,0.0,0.0,0.001,0.027397260273972605,285823.47,312440.88,598264.35,0.0,-0.044491051489195424,-0.0,0.044491051489195424,572473_YES.csv,572473_YES
1771348020,2026-02-17 17:07:00,1,2480.76,89.25094,0.0359772569696238,89.25094,,0.0365,0.0,0.0,0.001,0.027397260273972605,285823.47,312440.88,598264.35,0.0,-0.044491051489195424,-0.0,0.044491051489195424,572473_YES.csv,572473_YES
1771348080,2026-02-17 17:08:00,1,3314.864863,122.64999899999998,0.03699999971913274,122.64999899999998,,0.036,-0.013698630136986356,0.013698630136986356,0.002,0.05555555555555556,545043.1,318540.59,863583.69,265319.33999999997,0.26228206093146567,0.0,0.26228206093146567,572473_YES.csv,572473_YES
1771348140,2026-02-17 17:09:00,1,1539.189188,56.95,0.037000000028562366,56.95,,0.036,0.0,0.0,0.002,0.05555555555555556,545043.1,318540.59,863583.69,0.0,0.26228206093146567,-0.0,0.26228206093146567,572473_YES.csv,572473_YES
1771348260,2026-02-17 17:11:00,1,1621.62162,59.99999899999999,0.036999999420310486,59.99999899999999,,0.036,0.0,0.0,0.002,0.05555555555555556,545043.1,312787.38,857830.48,-5753.209999999963,0.27074780555710726,5753.209999999963,0.27074780555710726,572473_YES.csv,572473_YES
1771348500,2026-02-17 17:15:00,1,70.0,2.59,0.03699999999947143,2.59,,0.036,0.0,0.0,0.002,0.05555555555555556,545043.1,312787.38,857830.48,0.0,0.27074780555710726,-0.0,0.27074780555710726,572473_YES.csv,572473_YES
1771348620,2026-02-17 17:17:00,1,100.0,3.7,0.036999999999629996,3.7,,0.0365,0.01388888888888884,0.01388888888888884,0.001,0.027397260273972605,269658.74,319172.75,588831.49,-268998.99,-0.08408859043866694,268998.99,0.08408859043866694,572473_YES.csv,572473_YES
1771348680,2026-02-17 17:18:00,3,259.80135,9.360189,0.0360282538946159,3.120063,,0.0365,0.0,0.0,0.001,0.027397260273972605,269658.74,319172.75,588831.49,0.0,-0.08408859043866694,-0.0,0.08408859043866694,572473_YES.csv,572473_YES
1771348920,2026-02-17 17:22:00,1,583.878647,21.379999,0.036617196244142385,21.379999,,0.0365,0.0,0.0,0.001,0.027397260273972605,269658.74,319172.75,588831.49,0.0,-0.08408859043866694,-0.0,0.08408859043866694,572473_YES.csv,572473_YES
1771349340,2026-02-17 17:29:00,2,236.0,8.142000000000001,0.03449999999985382,4.071000000000001,,0.0345,-0.05479452054794509,0.05479452054794509,0.001,0.02898550724637681,561042.42,78477.66,639520.0800000001,50688.590000000084,0.7545732731331907,0.0,0.7545732731331907,572473_YES.csv,572473_YES
1771349580,2026-02-17 17:33:00,1,600.0,20.4,0.03399999999994334,20.4,,0.0345,0.0,0.0,0.001,0.02898550724637681,561042.42,78477.66,639520.0800000001,0.0,0.7545732731331907,-0.0,0.7545732731331907,572473_YES.csv,572473_YES
1771349700,2026-02-17 17:35:00,1,70.0,2.45,0.0349999999995,2.45,,0.0345,0.0,0.0,0.001,0.02898550724637681,571694.71,84420.83,656115.5399999999,16595.459999999846,0.7426647446881078,0.0,0.7426647446881078,572473_YES.csv,572473_YES
1771349880,2026-02-17 17:38:00,1,318.15,11.13525,0.034999999999889994,11.13525,,0.0345,0.0,0.0,0.001,0.02898550724637681,571550.59,84282.58,655833.1699999999,-282.36999999999534,0.7429755497118269,282.36999999999534,0.7429755497118269,572473_YES.csv,572473_YES
1771350000,2026-02-17 17:40:00,1,39.99,1.35966,0.033999999999149794,1.35966,,0.0345,0.0,0.0,0.001,0.02898550724637681,571550.59,84282.58,655833.1699999999,0.0,0.7429755497118269,-0.0,0.7429755497118269,572473_YES.csv,572473_YES
1771350060,2026-02-17 17:41:00,1,142.857141,4.999999,0.0349999934547549,4.999999,,0.035,0.01449275362318847,0.01449275362318847,0.002,0.05714285714285714,566953.92,272237.98,839191.9,183358.7300000001,0.351190162822115,0.0,0.351190162822115,572473_YES.csv,572473_YES
1771350120,2026-02-17 17:42:00,1,50.0,1.7500000000000002,0.03499999999930001,1.7500000000000002,,0.035,0.0,0.0,0.002,0.05714285714285714,566953.92,272237.98,839191.9,0.0,0.351190162822115,-0.0,0.351190162822115,572473_YES.csv,572473_YES
1771350180,2026-02-17 17:43:00,1,2271.873332,79.999999,0.03521323036506541,79.999999,,0.035,0.0,0.0,0.002,0.05714285714285714,566953.92,272237.98,839191.9,0.0,0.351190162822115,-0.0,0.351190162822115,572473_YES.csv,572473_YES
1771350600,2026-02-17 17:50:00,2,415.555554,14.959999,0.03599999772825558,7.4799995,,0.0355,0.014285714285714013,0.014285714285714013,0.001,0.028169014084507046,530833.04,270067.72,800900.76,-38291.140000000014,0.3255900518810846,38291.140000000014,0.3255900518810846,572473_YES.csv,572473_YES
1771350660,2026-02-17 17:51:00,1,333.333332,11.999999,0.035999997143891904,11.999999,,0.0355,0.0,0.0,0.001,0.028169014084507046,530833.04,270067.72,800900.76,0.0,0.3255900518810846,-0.0,0.3255900518810846,572473_YES.csv,572473_YES
1771350840,2026-02-17 17:54:00,2,908.363332,31.906049,0.03512476547211053,15.9530245,,0.0355,0.0,0.0,0.001,0.028169014084507046,530833.04,270067.72,800900.76,0.0,0.3255900518810846,-0.0,0.3255900518810846,572473_YES.csv,572473_YES
1771350900,2026-02-17 17:55:00,1,102.0,3.5700000000000003,0.03499999999965686,3.5700000000000003,,0.0355,0.0,0.0,0.001,0.028169014084507046,530833.04,270067.72,800900.76,0.0,0.3255900518810846,-0.0,0.3255900518810846,572473_YES.csv,572473_YES
1771351440,2026-02-17 18:04:00,1,1314.166665,47.309999,0.03599999928469041,47.309999,,0.0355,0.0,0.0,0.001,0.028169014084507046,530833.04,270067.72,800900.76,0.0,0.3255900518810846,-0.0,0.3255900518810846,572473_YES.csv,572473_YES
1771351500,2026-02-17 18:05:00,1,544.444443,19.599999,0.03599999825870938,19.599999,,0.0355,0.0,0.0,0.001,0.028169014084507046,526980.26,268834.58,795814.8400000001,-5085.9199999999255,0.3243790729009275,5085.9199999999255,0.3243790729009275,572473_YES.csv,572473_YES
1771351620,2026-02-17 18:07:00,1,28.571427,0.999999,0.0349999669237731,0.999999,,0.0355,0.0,0.0,0.001,0.028169014084507046,526980.26,268834.58,795814.8400000001,0.0,0.3243790729009275,-0.0,0.3243790729009275,572473_YES.csv,572473_YES
1771351860,2026-02-17 18:11:00,1,28.57,0.97138,0.03399999999880995,0.97138,,0.0345,-0.028169014084506894,0.028169014084506894,0.001,0.02898550724637681,563254.4,87852.1,651106.5,-144708.34000000008,0.7301452220182106,144708.34000000008,0.7301452220182106,572473_YES.csv,572473_YES
1771352040,2026-02-17 18:14:00,1,5.0,0.17,0.033999999993200004,0.17,,0.0345,0.0,0.0,0.001,0.02898550724637681,564531.53,88609.1,653140.63,2034.1300000000047,0.7286676224689927,0.0,0.7286676224689927,572473_YES.csv,572473_YES
1771352100,2026-02-17 18:15:00,2,3071.42857,105.999999,0.03451162759743601,52.9999995,,0.0345,0.0,0.0,0.001,0.02898550724637681,564531.53,88609.1,653140.63,0.0,0.7286676224689927,-0.0,0.7286676224689927,572473_YES.csv,572473_YES
1771352160,2026-02-17 18:16:00,1,5.0,0.17,0.033999999993200004,0.17,,0.0345,0.0,0.0,0.001,0.02898550724637681,564531.53,88609.1,653140.63,0.0,0.7286676224689927,-0.0,0.7286676224689927,572473_YES.csv,572473_YES
1771352700,2026-02-17 18:25:00,1,1153.35,40.36725,0.03499999999996965,40.36725,,0.0345,0.0,0.0,0.001,0.02898550724637681,564531.53,88609.1,653140.63,0.0,0.7286676224689927,-0.0,0.7286676224689927,572473_YES.csv,572473_YES
1771352940,2026-02-17 18:29:00,1,6840.810269,247.799999,0.03622377894661111,247.799999,,0.035,0.01449275362318847,0.01449275362318847,0.002,0.05714285714285714,592260.24,272044.71,864304.95,211164.31999999995,0.37048906175997254,0.0,0.37048906175997254,572473_YES.csv,572473_YES
1771353060,2026-02-17 18:31:00,1,74.444443,2.679999,0.035999987265187716,2.679999,,0.035,0.0,0.0,0.002,0.05714285714285714,592260.24,272044.71,864304.95,0.0,0.37048906175997254,-0.0,0.37048906175997254,572473_YES.csv,572473_YES
1771353240,2026-02-17 18:34:00,1,5.0,0.175,0.034999999993000006,0.175,,0.035,0.0,0.0,0.002,0.05714285714285714,592260.24,272044.71,864304.95,0.0,0.37048906175997254,-0.0,0.37048906175997254,572473_YES.csv,572473_YES
1771353420,2026-02-17 18:37:00,1,1388.888887,49.999999,0.035999999328933975,49.999999,,0.035,0.0,0.0,0.002,0.05714285714285714,592260.24,272044.71,864304.95,0.0,0.37048906175997254,-0.0,0.37048906175997254,572473_YES.csv,572473_YES
1771353480,2026-02-17 18:38:00,2,833.33333,29.999997999999998,0.0359999977439567,14.999998999999999,,0.0355,0.014285714285714013,0.014285714285714013,0.001,0.028169014084507046,558102.92,265988.83,824091.75,-40213.19999999995,0.3544679218060368,40213.19999999995,0.3544679218060368,572473_YES.csv,572473_YES
1771353600,2026-02-17 18:40:00,1,1549.14,54.21990000000001,0.03499999999997741,54.21990000000001,,0.0355,0.0,0.0,0.001,0.028169014084507046,558102.92,265988.83,824091.75,0.0,0.3544679218060368,-0.0,0.3544679218060368,572473_YES.csv,572473_YES
1771353660,2026-02-17 18:41:00,3,5600.698647,205.33411900000002,0.03666223304300613,68.44470633333334,,0.0365,0.028169014084507005,0.028169014084507005,0.001,0.027397260273972605,294722.54,319192.79,613915.33,-210176.42000000004,-0.039859323923382074,210176.42000000004,0.039859323923382074,572473_YES.csv,572473_YES
1771353720,2026-02-17 18:42:00,1,1351.35135,49.999999,0.03699999929697262,49.999999,,0.0365,0.0,0.0,0.001,0.027397260273972605,294722.54,319192.79,613915.33,0.0,-0.039859323923382074,-0.0,0.039859323923382074,572473_YES.csv,572473_YES
1771353780,2026-02-17 18:43:00,1,1904.054053,70.45,0.037000000020463164,70.45,,0.0365,0.0,0.0,0.001,0.027397260273972605,294722.54,319192.79,613915.33,0.0,-0.039859323923382074,-0.0,0.039859323923382074,572473_YES.csv,572473_YES
1771353840,2026-02-17 18:44:00,1,208.33,7.33486,0.0352078913260922,7.33486,,0.036,-0.013698630136986356,0.013698630136986356,0.002,0.05555555555555556,558284.19,312238.4,870522.59,256607.26,0.2826414763113728,0.0,0.2826414763113728,572473_YES.csv,572473_YES
1771354020,2026-02-17 18:47:00,1,121.95,4.26825,0.034999999999713,4.26825,,0.036,0.0,0.0,0.002,0.05555555555555556,558151.65,312670.87,870822.52,299.9300000000512,0.2818953051420857,0.0,0.2818953051420857,572473_YES.csv,572473_YES
1771354320,2026-02-17 18:52:00,1,3512.42,126.44712,0.03599999999998975,126.44712,,0.036,0.0,0.0,0.002,0.05555555555555556,558151.65,312670.87,870822.52,0.0,0.2818953051420857,-0.0,0.2818953051420857,572473_YES.csv,572473_YES
1771355040,2026-02-17 19:04:00,1,5.0,0.18,0.0359999999928,0.18,,0.036,0.0,0.0,0.002,0.05555555555555556,558151.65,312670.87,870822.52,0.0,0.2818953051420857,-0.0,0.2818953051420857,572473_YES.csv,572473_YES
1771355160,2026-02-17 19:06:00,1,100.0,3.6,0.035999999999639994,3.6,,0.036,0.0,0.0,0.002,0.05555555555555556,558151.65,312670.87,870822.52,0.0,0.2818953051420857,-0.0,0.2818953051420857,572473_YES.csv,572473_YES
1771355280,2026-02-17 19:08:00,1,235.0,8.459999999999999,0.03599999999984681,8.459999999999999,,0.0365,0.01388888888888884,0.01388888888888884,0.001,0.027397260273972605,313515.52,312171.13,625686.65,-245135.87,0.0021486633924505403,245135.87,0.0021486633924505403,572473_YES.csv,572473_YES
1771355760,2026-02-17 19:16:00,1,900.0,33.3,0.036999999999958885,33.3,,0.0365,0.0,0.0,0.001,0.027397260273972605,313515.52,312171.13,625686.65,0.0,0.0021486633924505403,-0.0,0.0021486633924505403,572473_YES.csv,572473_YES
1771355820,2026-02-17 19:17:00,1,900.0,33.3,0.036999999999958885,33.3,,0.0365,0.0,0.0,0.001,0.027397260273972605,314139.75,310920.81,625060.56,-626.0899999999674,0.005149805004494288,626.0899999999674,0.005149805004494288,572473_YES.csv,572473_YES
1771356180,2026-02-17 19:23:00,1,10.0,0.36,0.035999999996399995,0.36,,0.0365,0.0,0.0,0.001,0.027397260273972605,314418.27,309874.01,624292.28,-768.2800000000279,0.007279058456401238,768.2800000000279,0.007279058456401238,572473_YES.csv,572473_YES
1771356240,2026-02-17 19:24:00,1,218.54,7.867439999999999,0.03599999999983527,7.867439999999999,,0.0365,0.0,0.0,0.001,0.027397260273972605,314418.27,309874.01,624292.28,0.0,0.007279058456401238,-0.0,0.007279058456401238,572473_YES.csv,572473_YES
1771357020,2026-02-17 19:37:00,1,27.39,1.01343,0.03699999999864914,1.01343,,0.0365,0.0,0.0,0.001,0.027397260273972605,314418.27,309874.01,624292.28,0.0,0.007279058456401238,-0.0,0.007279058456401238,572473_YES.csv,572473_YES
1771357080,2026-02-17 19:38:00,1,27.39,1.01343,0.03699999999864914,1.01343,,0.0365,0.0,0.0,0.001,0.027397260273972605,313931.88,335238.58,649170.46,24878.179999999935,-0.03282142566992345,0.0,0.03282142566992345,572473_YES.csv,572473_YES
1771357140,2026-02-17 19:39:00,1,54.054053,2.0,0.037000000720815496,2.0,,0.0365,0.0,0.0,0.001,0.027397260273972605,313931.88,335238.58,649170.46,0.0,-0.03282142566992345,-0.0,0.03282142566992345,572473_YES.csv,572473_YES
1771357680,2026-02-17 19:48:00,1,6081.08108,225.0,0.037000000006571616,225.0,,0.0365,0.0,0.0,0.001,0.027397260273972605,313931.88,335238.58,649170.46,0.0,-0.03282142566992345,-0.0,0.03282142566992345,572473_YES.csv,572473_YES
1771358040,2026-02-17 19:54:00,1,76.923075,2.999999,0.038999987974492695,2.999999,,0.0365,0.0,0.0,0.001,0.027397260273972605,313931.88,335238.58,649170.46,0.0,-0.03282142566992345,-0.0,0.03282142566992345,572473_YES.csv,572473_YES
1771358100,2026-02-17 19:55:00,1,25.64,0.99996,0.03899999999847894,0.99996,,0.0365,0.0,0.0,0.001,0.027397260273972605,313931.88,335238.58,649170.46,0.0,-0.03282142566992345,-0.0,0.03282142566992345,572473_YES.csv,572473_YES
1771358280,2026-02-17 19:58:00,1,25.641024,0.999999,0.038999963494476604,0.999999,,0.0365,0.0,0.0,0.001,0.027397260273972605,313931.88,335238.58,649170.46,0.0,-0.03282142566992345,-0.0,0.03282142566992345,572473_YES.csv,572473_YES
1771358520,2026-02-17 20:02:00,1,20.0,0.78,0.038999999998050004,0.78,,0.038,0.041095890410958846,0.041095890410958846,0.002,0.052631578947368425,163063.12,395202.96,558266.0800000001,-90904.37999999989,-0.4158229351853152,90904.37999999989,0.4158229351853152,572473_YES.csv,572473_YES
1771358580,2026-02-17 20:03:00,1,700.0,25.9,0.036999999999947145,25.9,,0.038,0.0,0.0,0.002,0.052631578947368425,163063.12,395202.96,558266.0800000001,0.0,-0.4158229351853152,-0.0,0.4158229351853152,572473_YES.csv,572473_YES
1771358820,2026-02-17 20:07:00,1,131.315788,4.989999,0.03799999281093292,4.989999,,0.038,0.0,0.0,0.002,0.052631578947368425,163063.12,395202.96,558266.0800000001,0.0,-0.4158229351853152,-0.0,0.4158229351853152,572473_YES.csv,572473_YES
1771358940,2026-02-17 20:09:00,1,20.0,0.74,0.03699999999815,0.74,,0.038,0.0,0.0,0.002,0.052631578947368425,163063.12,395202.96,558266.0800000001,0.0,-0.4158229351853152,-0.0,0.4158229351853152,572473_YES.csv,572473_YES
1771359000,2026-02-17 20:10:00,1,1635.646922,63.0,0.03851687008521846,63.0,,0.038,0.0,0.0,0.002,0.052631578947368425,163063.12,395202.96,558266.0800000001,0.0,-0.4158229351853152,-0.0,0.4158229351853152,572473_YES.csv,572473_YES
1771359240,2026-02-17 20:14:00,1,735.29,27.20573,0.036999999999949684,27.20573,,0.0375,-0.013157894736842146,0.013157894736842146,0.001,0.02666666666666667,162202.03,332211.95,494413.98,-63852.10000000009,-0.3438614741435912,63852.10000000009,0.3438614741435912,572473_YES.csv,572473_YES
1771359480,2026-02-17 20:18:00,2,184.210523,6.999998,0.03799998982665065,3.499999,,0.0375,0.0,0.0,0.001,0.02666666666666667,162202.03,332211.95,494413.98,0.0,-0.3438614741435912,-0.0,0.3438614741435912,572473_YES.csv,572473_YES
1771359540,2026-02-17 20:19:00,1,3641.66,132.32386,0.03633613791511662,132.32386,,0.0375,0.0,0.0,0.001,0.02666666666666667,162202.03,332211.95,494413.98,0.0,-0.3438614741435912,-0.0,0.3438614741435912,572473_YES.csv,572473_YES
1771359600,2026-02-17 20:20:00,1,131.57,4.73652,0.03599999999972638,4.73652,,0.037,-0.013333333333333308,0.013333333333333308,0.002,0.05405405405405406,322153.23,333900.88,656054.11,161640.13,-0.017906526033348108,0.0,0.017906526033348108,572473_YES.csv,572473_YES
1771359900,2026-02-17 20:25:00,1,5.4,0.1944,0.03599999999333333,0.1944,,0.037,0.0,0.0,0.002,0.05405405405405406,322153.23,333900.88,656054.11,0.0,-0.017906526033348108,-0.0,0.017906526033348108,572473_YES.csv,572473_YES
1771360080,2026-02-17 20:28:00,2,605.0,21.78,0.03599999999994049,10.89,,0.037,0.0,0.0,0.002,0.05405405405405406,322153.23,333900.88,656054.11,0.0,-0.017906526033348108,-0.0,0.017906526033348108,572473_YES.csv,572473_YES
1771360200,2026-02-17 20:30:00,1,5.0,0.18,0.0359999999928,0.18,,0.037,0.0,0.0,0.002,0.05405405405405406,322153.23,333900.88,656054.11,0.0,-0.017906526033348108,-0.0,0.017906526033348108,572473_YES.csv,572473_YES
1771360380,2026-02-17 20:33:00,1,1867.74,67.23863999999999,0.03599999999998072,67.23863999999999,,0.037,0.0,0.0,0.002,0.05405405405405406,322153.23,333900.88,656054.11,0.0,-0.017906526033348108,-0.0,0.017906526033348108,572473_YES.csv,572473_YES
1771360680,2026-02-17 20:38:00,1,243.243243,9.0,0.03700000003684789,9.0,,0.0365,-0.013513513513513487,0.013513513513513487,0.001,0.027397260273972605,307934.47,328916.89,636851.36,-19202.75,-0.03294712285767913,19202.75,0.03294712285767913,572473_YES.csv,572473_YES
1771360740,2026-02-17 20:39:00,1,821.88,30.40956,0.03699999999995498,30.40956,,0.0365,0.0,0.0,0.001,0.027397260273972605,307934.47,328916.89,636851.36,0.0,-0.03294712285767913,-0.0,0.03294712285767913,572473_YES.csv,572473_YES
1771360980,2026-02-17 20:43:00,2,580.270269,21.469999,0.03699999835759804,10.7349995,,0.0365,0.0,0.0,0.001,0.027397260273972605,307934.47,328916.89,636851.36,0.0,-0.03294712285767913,-0.0,0.03294712285767913,572473_YES.csv,572473_YES
1771361040,2026-02-17 20:44:00,1,243.243242,9.0,0.03700000018895899,9.0,,0.0365,0.0,0.0,0.001,0.027397260273972605,307379.51,347930.57,655310.0800000001,18458.72000000009,-0.061880720650596424,0.0,0.061880720650596424,572473_YES.csv,572473_YES
1771361280,2026-02-17 20:48:00,1,5.0,0.18,0.0359999999928,0.18,,0.0365,0.0,0.0,0.001,0.027397260273972605,307379.51,347930.57,655310.0800000001,0.0,-0.061880720650596424,-0.0,0.061880720650596424,572473_YES.csv,572473_YES
1771361580,2026-02-17 20:53:00,2,193.540539,7.067999,0.03651947564310272,3.5339995,,0.0365,0.0,0.0,0.001,0.027397260273972605,318364.73,349699.88,668064.61,12754.529999999912,-0.04690437052188713,0.0,0.04690437052188713,572473_YES.csv,572473_YES
1771361640,2026-02-17 20:54:00,4,447.92107799999997,16.326238,0.03644891656552839,4.0815595,,0.0365,0.0,0.0,0.001,0.027397260273972605,318364.73,349699.88,668064.61,0.0,-0.04690437052188713,-0.0,0.04690437052188713,572473_YES.csv,572473_YES
1771361700,2026-02-17 20:55:00,9,854.67567,31.163995999999997,0.03646294974088066,3.462666222222222,,0.0365,0.0,0.0,0.001,0.027397260273972605,318364.73,349699.88,668064.61,0.0,-0.04690437052188713,-0.0,0.04690437052188713,572473_YES.csv,572473_YES
1771362180,2026-02-17 21:03:00,1,270.0,9.99,0.03699999999986296,9.99,,0.0365,0.0,0.0,0.001,0.027397260273972605,318364.73,349699.88,668064.61,0.0,-0.04690437052188713,-0.0,0.04690437052188713,572473_YES.csv,572473_YES
1771362240,2026-02-17 21:04:00,2,1714.054053,62.92,0.036708293936144144,31.46,,0.0365,0.0,0.0,0.001,0.027397260273972605,318364.73,349699.88,668064.61,0.0,-0.04690437052188713,-0.0,0.04690437052188713,572473_YES.csv,572473_YES
1771362420,2026-02-17 21:07:00,1,40.0,1.44,0.0359999999991,1.44,,0.0365,0.0,0.0,0.001,0.027397260273972605,318364.73,349699.88,668064.61,0.0,-0.04690437052188713,-0.0,0.04690437052188713,572473_YES.csv,572473_YES
1771362600,2026-02-17 21:10:00,2,127.77,4.5997200000000005,0.035999999999718243,2.2998600000000002,,0.0365,0.0,0.0,0.001,0.027397260273972605,318364.73,349699.88,668064.61,0.0,-0.04690437052188713,-0.0,0.04690437052188713,572473_YES.csv,572473_YES
1771362780,2026-02-17 21:13:00,1,27.777776,0.999999,0.0359999663027018,0.999999,,0.0365,0.0,0.0,0.001,0.027397260273972605,318364.73,349699.88,668064.61,0.0,-0.04690437052188713,-0.0,0.04690437052188713,572473_YES.csv,572473_YES
1771362840,2026-02-17 21:14:00,1,5.0,0.175,0.034999999993000006,0.175,,0.0355,-0.0273972602739726,0.0273972602739726,0.001,0.028169014084507046,580334.89,297946.69,878281.5800000001,210216.9700000001,0.3215235369048728,0.0,0.3215235369048728,572473_YES.csv,572473_YES
1771363200,2026-02-17 21:20:00,1,5555.479189,204.0,0.03672050475931739,204.0,,0.0355,0.0,0.0,0.001,0.028169014084507046,579967.59,297954.07,877921.6599999999,-359.9200000001583,0.32122857066768346,359.9200000001583,0.32122857066768346,572473_YES.csv,572473_YES
1771363440,2026-02-17 21:24:00,1,85.71,3.0598499999999995,0.03570003500133348,3.0598499999999995,,0.0355,0.0,0.0,0.001,0.028169014084507046,579967.59,297954.07,877921.6599999999,0.0,0.32122857066768346,-0.0,0.32122857066768346,572473_YES.csv,572473_YES
1771364220,2026-02-17 21:37:00,1,49.99,1.79964,0.03599999999927986,1.79964,,0.0355,0.0,0.0,0.001,0.028169014084507046,579967.59,297954.07,877921.6599999999,0.0,0.32122857066768346,-0.0,0.32122857066768346,572473_YES.csv,572473_YES
1771365600,2026-02-17 22:00:00,1,111.11111,4.0,0.036000000359676,4.0,,0.0355,0.0,0.0,0.001,0.028169014084507046,579967.59,297954.07,877921.6599999999,0.0,0.32122857066768346,-0.0,0.32122857066768346,572473_YES.csv,572473_YES
1771365900,2026-02-17 22:05:00,1,5.05,0.1818,0.03599999999287128,0.1818,,0.0355,0.0,0.0,0.001,0.028169014084507046,569210.0599999999,307448.3,876658.3599999999,-1263.3000000000466,0.2985903881644384,1263.3000000000466,0.2985903881644384,572473_YES.csv,572473_YES
1771366080,2026-02-17 22:08:00,2,38.8,1.3918000000000001,0.035871134019694044,0.6959000000000001,,0.0355,0.0,0.0,0.001,0.028169014084507046,569099.87,307443.25,876543.12,-115.23999999987427,0.29850969567817726,115.23999999987427,0.29850969567817726,572473_YES.csv,572473_YES
1771366200,2026-02-17 22:10:00,1,124.31,4.47516,0.035999999999710396,4.47516,,0.0355,0.0,0.0,0.001,0.028169014084507046,569099.87,307443.25,876543.12,0.0,0.29850969567817726,-0.0,0.29850969567817726,572473_YES.csv,572473_YES
1771366380,2026-02-17 22:13:00,2,994.992221,35.819720000000004,0.036000000044185174,17.909860000000002,,0.0355,0.0,0.0,0.001,0.028169014084507046,569099.87,307443.25,876543.12,0.0,0.29850969567817726,-0.0,0.29850969567817726,572473_YES.csv,572473_YES
1771366560,2026-02-17 22:16:00,1,104.52,3.76272,0.035999999999655564,3.76272,,0.0355,0.0,0.0,0.001,0.028169014084507046,569099.87,307443.25,876543.12,0.0,0.29850969567817726,-0.0,0.29850969567817726,572473_YES.csv,572473_YES
1771366680,2026-02-17 22:18:00,1,124.51,4.48236,0.03599999999971086,4.48236,,0.0355,0.0,0.0,0.001,0.028169014084507046,569099.87,307443.25,876543.12,0.0,0.29850969567817726,-0.0,0.29850969567817726,572473_YES.csv,572473_YES
1771366740,2026-02-17 22:19:00,1,248.73,8.508149999999999,0.03420636835108668,8.508149999999999,,0.0355,0.0,0.0,0.001,0.028169014084507046,569099.87,307443.25,876543.12,0.0,0.29850969567817726,-0.0,0.29850969567817726,572473_YES.csv,572473_YES
1771366800,2026-02-17 22:20:00,1,1891.666665,68.099999,0.03599999950306467,68.099999,,0.035,-0.014084507042253391,0.014084507042253391,0.002,0.05714285714285714,604977.05,340119.02,945096.0700000001,68552.95000000007,0.2802445575718033,0.0,0.2802445575718033,572473_YES.csv,572473_YES
1771367520,2026-02-17 22:32:00,1,2000.0,68.0,0.033999999999983,68.0,,0.0345,-0.014285714285714346,0.014285714285714346,0.001,0.02898550724637681,604580.71,156631.0,761211.71,-183884.3600000001,0.5884692840576506,183884.3600000001,0.5884692840576506,572473_YES.csv,572473_YES
1771367640,2026-02-17 22:34:00,1,240.0,8.4,0.03499999999985417,8.4,,0.0345,0.0,0.0,0.001,0.02898550724637681,604580.71,156631.0,761211.71,0.0,0.5884692840576506,-0.0,0.5884692840576506,572473_YES.csv,572473_YES
1771367700,2026-02-17 22:35:00,1,32.0,1.12,0.03499999999890626,1.12,,0.0345,0.0,0.0,0.001,0.02898550724637681,594279.71,160914.76,755194.47,-6017.239999999991,0.5738455023379607,6017.239999999991,0.5738455023379607,572473_YES.csv,572473_YES
1771367760,2026-02-17 22:36:00,1,5.0,0.17,0.033999999993200004,0.17,,0.0345,0.0,0.0,0.001,0.02898550724637681,594279.71,160914.76,755194.47,0.0,0.5738455023379607,-0.0,0.5738455023379607,572473_YES.csv,572473_YES
1771367880,2026-02-17 22:38:00,2,1862.142857,65.17,0.034997314924031624,32.585,,0.0345,0.0,0.0,0.001,0.02898550724637681,596519.52,200725.33,797244.85,42050.380000000005,0.49645248884329585,0.0,0.49645248884329585,572473_YES.csv,572473_YES
1771367940,2026-02-17 22:39:00,1,240.0,8.4,0.03499999999985417,8.4,,0.0345,0.0,0.0,0.001,0.02898550724637681,596519.52,200725.33,797244.85,0.0,0.49645248884329585,-0.0,0.49645248884329585,572473_YES.csv,572473_YES
1771368060,2026-02-17 22:41:00,1,27.02,0.91868,0.033999999998741676,0.91868,,0.0345,0.0,0.0,0.001,0.02898550724637681,596622.8,201923.89,798546.6900000001,1301.8400000000838,0.49427154973242704,0.0,0.49427154973242704,572473_YES.csv,572473_YES
1771368180,2026-02-17 22:43:00,1,6843.13,232.66642,0.033999999999995034,232.66642,,0.0345,0.0,0.0,0.001,0.02898550724637681,596622.8,201923.89,798546.6900000001,0.0,0.49427154973242704,-0.0,0.49427154973242704,572473_YES.csv,572473_YES
1771368300,2026-02-17 22:45:00,2,65.71428399999999,2.299999,0.034999985695119175,1.1499995,,0.0345,0.0,0.0,0.001,0.02898550724637681,596622.8,201923.89,798546.6900000001,0.0,0.49427154973242704,-0.0,0.49427154973242704,572473_YES.csv,572473_YES
1771368420,2026-02-17 22:47:00,2,4163.142856,144.316,0.03466515682784566,72.158,,0.0345,0.0,0.0,0.001,0.02898550724637681,590083.82,200785.91,790869.73,-7676.960000000079,0.4922402454320763,7676.960000000079,0.4922402454320763,572473_YES.csv,572473_YES
1771368540,2026-02-17 22:49:00,2,1715.0,60.025000000000006,0.034999999999979596,30.012500000000003,,0.0345,0.0,0.0,0.001,0.02898550724637681,590083.82,200785.91,790869.73,0.0,0.4922402454320763,-0.0,0.4922402454320763,572473_YES.csv,572473_YES
1771368600,2026-02-17 22:50:00,1,1667.0,58.345000000000006,0.034999999999979006,58.345000000000006,,0.0345,0.0,0.0,0.001,0.02898550724637681,590192.77,195827.54,786020.31,-4849.4199999999255,0.5017239694480667,4849.4199999999255,0.5017239694480667,572473_YES.csv,572473_YES
1771368660,2026-02-17 22:51:00,2,255.0,8.925,0.03499999999986275,4.4625,,0.0345,0.0,0.0,0.001,0.02898550724637681,590192.77,195827.54,786020.31,0.0,0.5017239694480667,-0.0,0.5017239694480667,572473_YES.csv,572473_YES
1771368720,2026-02-17 22:52:00,1,142.857141,4.999999,0.0349999934547549,4.999999,,0.0345,0.0,0.0,0.001,0.02898550724637681,590192.77,195827.54,786020.31,0.0,0.5017239694480667,-0.0,0.5017239694480667,572473_YES.csv,572473_YES
1771368780,2026-02-17 22:53:00,1,30.0,1.05,0.03499999999883333,1.05,,0.0345,0.0,0.0,0.001,0.02898550724637681,590242.45,195429.68,785672.1299999999,-348.18000000016764,0.5025159413507515,348.18000000016764,0.5025159413507515,572473_YES.csv,572473_YES
1771368900,2026-02-17 22:55:00,1,5.0,0.17,0.033999999993200004,0.17,,0.0345,0.0,0.0,0.001,0.02898550724637681,590242.45,195429.68,785672.1299999999,0.0,0.5025159413507515,-0.0,0.5025159413507515,572473_YES.csv,572473_YES
1771369200,2026-02-17 23:00:00,2,293.46,10.21764,0.03481782866477607,5.10882,,0.0345,0.0,0.0,0.001,0.02898550724637681,590242.45,195429.68,785672.1299999999,0.0,0.5025159413507515,-0.0,0.5025159413507515,572473_YES.csv,572473_YES
1771369440,2026-02-17 23:04:00,2,1015.0,33.51,0.03301477832509062,16.755,,0.0345,0.0,0.0,0.001,0.02898550724637681,590242.45,195429.68,785672.1299999999,0.0,0.5025159413507515,-0.0,0.5025159413507515,572473_YES.csv,572473_YES
1771369500,2026-02-17 23:05:00,3,992.86,33.75724,0.03399999999996576,11.252413333333335,,0.0335,-0.02898550724637683,0.02898550724637683,0.001,0.029850746268656716,521185.11,122651.74,643836.85,-141835.2799999999,0.6189974525378595,141835.2799999999,0.6189974525378595,572473_YES.csv,572473_YES
1771369800,2026-02-17 23:10:00,2,1029.705881,34.009999,0.03302884797252796,17.0049995,,0.0335,0.0,0.0,0.001,0.029850746268656716,521185.11,122651.74,643836.85,0.0,0.6189974525378595,-0.0,0.6189974525378595,572473_YES.csv,572473_YES
1771370040,2026-02-17 23:14:00,2,57.192856,2.0017,0.03499912646371428,1.00085,,0.0345,0.029850746268656803,0.029850746268656803,0.001,0.02898550724637681,501248.11,168842.16999999998,670090.28,26253.43000000005,0.4960614262305073,0.0,0.4960614262305073,572473_YES.csv,572473_YES
1771370400,2026-02-17 23:20:00,1,1000.0,35.0,0.034999999999965004,35.0,,0.0355,0.02898550724637672,0.02898550724637672,0.001,0.028169014084507046,495164.38,355418.72,850583.1,180492.81999999995,0.1642939531716537,0.0,0.1642939531716537,572473_YES.csv,572473_YES
1771370460,2026-02-17 23:21:00,1,5.0,0.175,0.034999999993000006,0.175,,0.0355,0.0,0.0,0.001,0.028169014084507046,495164.38,355418.72,850583.1,0.0,0.1642939531716537,-0.0,0.1642939531716537,572473_YES.csv,572473_YES
1771370640,2026-02-17 23:24:00,1,161.29,5.64515,0.034999999999783,5.64515,,0.0355,0.0,0.0,0.001,0.028169014084507046,495164.38,355418.72,850583.1,0.0,0.1642939531716537,-0.0,0.1642939531716537,572473_YES.csv,572473_YES
1771370700,2026-02-17 23:25:00,1,10.0,0.37,0.0369999999963,0.37,,0.0355,0.0,0.0,0.001,0.028169014084507046,495164.38,355418.72,850583.1,0.0,0.1642939531716537,-0.0,0.1642939531716537,572473_YES.csv,572473_YES
1771370880,2026-02-17 23:28:00,1,1704.722221,61.37,0.036000000025789486,61.37,,0.0355,0.0,0.0,0.001,0.028169014084507046,495164.38,355418.72,850583.1,0.0,0.1642939531716537,-0.0,0.1642939531716537,572473_YES.csv,572473_YES
1771371060,2026-02-17 23:31:00,2,1274.913512,44.999999,0.03529651115656595,22.4999995,,0.0355,0.0,0.0,0.001,0.028169014084507046,495164.38,355418.72,850583.1,0.0,0.1642939531716537,-0.0,0.1642939531716537,572473_YES.csv,572473_YES
1771371120,2026-02-17 23:32:00,1,4411.76,154.97004,0.03512657986834383,154.97004,,0.0365,0.028169014084507005,0.028169014084507005,0.001,0.027397260273972605,237963.56,354729.02,592692.5800000001,-257890.5199999999,-0.19700847275665237,257890.5199999999,0.19700847275665237,572473_YES.csv,572473_YES
1771371240,2026-02-17 23:34:00,10,1140.0,42.18,0.036999999999967545,4.218,,0.0365,0.0,0.0,0.001,0.027397260273972605,237963.56,354729.02,592692.5800000001,0.0,-0.19700847275665237,-0.0,0.19700847275665237,572473_YES.csv,572473_YES
1771371300,2026-02-17 23:35:00,3,440.0,16.28,0.036999999999915906,5.426666666666667,,0.036,-0.013698630136986356,0.013698630136986356,0.002,0.05555555555555556,495285.28,353499.02,848784.3,256091.71999999997,0.1670462801915634,0.0,0.1670462801915634,572473_YES.csv,572473_YES
1771371480,2026-02-17 23:38:00,2,227.027026,8.399999999999999,0.037000000167217974,4.199999999999999,,0.036,0.0,0.0,0.002,0.05555555555555556,495137.31,357058.03,852195.3400000001,3411.0400000000373,0.16202773415775773,0.0,0.16202773415775773,572473_YES.csv,572473_YES
1771371660,2026-02-17 23:41:00,1,4674.76,163.61660000000003,0.034999999999992516,163.61660000000003,,0.036,0.0,0.0,0.002,0.05555555555555556,495522.59,355158.03,850680.6200000001,-1514.719999999972,0.16500265399251718,1514.719999999972,0.16500265399251718,572473_YES.csv,572473_YES
1771371840,2026-02-17 23:44:00,1,1000.0,35.0,0.034999999999965004,35.0,,0.036,0.0,0.0,0.002,0.05555555555555556,490696.87,355113.93,845810.8,-4869.820000000065,0.16029937191627253,4869.820000000065,0.16029937191627253,572473_YES.csv,572473_YES
1771371900,2026-02-17 23:45:00,1,27.027026,1.0,0.037000001404631,1.0,,0.036,0.0,0.0,0.002,0.05555555555555556,490696.87,355113.93,845810.8,0.0,0.16029937191627253,-0.0,0.16029937191627253,572473_YES.csv,572473_YES
1771372080,2026-02-17 23:48:00,1,5657.48,198.18982,0.03503146630654721,198.18982,,0.036,0.0,0.0,0.002,0.05555555555555556,490696.87,355113.93,845810.8,0.0,0.16029937191627253,-0.0,0.16029937191627253,572473_YES.csv,572473_YES
1771372320,2026-02-17 23:52:00,2,8913.063243,314.74885,0.03531320730245655,157.374425,,0.036,0.0,0.0,0.002,0.05555555555555556,490696.87,355113.93,845810.8,0.0,0.16029937191627253,-0.0,0.16029937191627253,572473_YES.csv,572473_YES
1771372380,2026-02-17 23:53:00,1,68.34,2.52858,0.036999999999458584,2.52858,,0.0365,0.01388888888888884,0.01388888888888884,0.001,0.027397260273972605,215402.78,362191.74,577594.52,-268216.28,-0.25413842222741306,268216.28,0.25413842222741306,572473_YES.csv,572473_YES
1771372500,2026-02-17 23:55:00,1,1178.452701,42.999999,0.03648852343710944,42.999999,,0.0365,0.0,0.0,0.001,0.027397260273972605,215402.78,362191.74,577594.52,0.0,-0.25413842222741306,-0.0,0.25413842222741306,572473_YES.csv,572473_YES
1771373820,2026-02-18 00:17:00,1,50.0,1.7999999999999998,0.03599999999928,1.7999999999999998,,0.0355,-0.0273972602739726,0.0273972602739726,0.001,0.028169014084507046,486632.79,314899.95,801532.74,223938.21999999997,0.21425555243070915,0.0,0.21425555243070915,572473_YES.csv,572473_YES
1771373940,2026-02-18 00:19:00,1,25432.34,890.1319000000001,0.03499999999999863,890.1319000000001,,0.0355,0.0,0.0,0.001,0.028169014084507046,486632.79,314899.95,801532.74,0.0,0.21425555243070915,-0.0,0.21425555243070915,572473_YES.csv,572473_YES
1771374540,2026-02-18 00:29:00,1,1344.589188,48.97,0.036420045941916016,48.97,,0.0355,0.0,0.0,0.001,0.028169014084507046,464420.85,314930.11,779350.96,-22181.780000000028,0.19181440412930267,22181.780000000028,0.19181440412930267,572473_YES.csv,572473_YES
1771374720,2026-02-18 00:32:00,1,540.540539,19.999999,0.036999998255381444,19.999999,,0.0365,0.028169014084507005,0.028169014084507005,0.001,0.027397260273972605,203555.63,366637.06,570192.69,-209158.27000000002,-0.2860110851298357,209158.27000000002,0.2860110851298357,572473_YES.csv,572473_YES
1771374960,2026-02-18 00:36:00,1,2351.35135,86.99999899999999,0.036999999595961265,86.99999899999999,,0.0365,0.0,0.0,0.001,0.027397260273972605,203555.63,366637.06,570192.69,0.0,-0.2860110851298357,-0.0,0.2860110851298357,572473_YES.csv,572473_YES
1771375260,2026-02-18 00:41:00,1,55.555554,1.999999,0.0359999830073515,1.999999,,0.0355,-0.0273972602739726,0.0273972602739726,0.001,0.028169014084507046,463837.3,310650.35,774487.6499999999,204294.95999999996,0.19779133986190744,0.0,0.19779133986190744,572473_YES.csv,572473_YES
1771375440,2026-02-18 00:44:00,2,3005.0,105.78999999999999,0.035204658901818564,52.894999999999996,,0.0365,0.028169014084507005,0.028169014084507005,0.001,0.027397260273972605,202945.0,363313.31,566258.31,-208229.33999999985,-0.28320698728465454,208229.33999999985,0.28320698728465454,572473_YES.csv,572473_YES
1771375500,2026-02-18 00:45:00,1,5.0,0.175,0.034999999993000006,0.175,,0.0365,0.0,0.0,0.001,0.027397260273972605,202945.0,363313.31,566258.31,0.0,-0.28320698728465454,-0.0,0.28320698728465454,572473_YES.csv,572473_YES
1771375920,2026-02-18 00:52:00,3,222.222218,7.999998,0.03599999168383783,2.6666659999999998,,0.0365,0.0,0.0,0.001,0.027397260273972605,202945.0,363313.31,566258.31,0.0,-0.28320698728465454,-0.0,0.28320698728465454,572473_YES.csv,572473_YES
1771376160,2026-02-18 00:56:00,1,50.0,1.7999999999999998,0.03599999999928,1.7999999999999998,,0.0355,-0.0273972602739726,0.0273972602739726,0.001,0.028169014084507046,447890.21,314326.35,762216.56,195958.25,0.1752308556507878,0.0,0.1752308556507878,572473_YES.csv,572473_YES
1771376220,2026-02-18 00:57:00,1,160.833332,5.789999000000001,0.03599999408060507,5.789999000000001,,0.0355,0.0,0.0,0.001,0.028169014084507046,447890.21,314326.35,762216.56,0.0,0.1752308556507878,-0.0,0.1752308556507878,572473_YES.csv,572473_YES
1771376280,2026-02-18 00:58:00,2,264.893782,9.689959,0.03658054532953672,4.8449795,,0.0355,0.0,0.0,0.001,0.028169014084507046,447890.21,314326.35,762216.56,0.0,0.1752308556507878,-0.0,0.1752308556507878,572473_YES.csv,572473_YES
1771376580,2026-02-18 01:03:00,2,135.0,4.8549999999999995,0.03596296296269657,2.4274999999999998,,0.0355,0.0,0.0,0.001,0.028169014084507046,447890.21,314326.35,762216.56,0.0,0.1752308556507878,-0.0,0.1752308556507878,572473_YES.csv,572473_YES
1771376880,2026-02-18 01:08:00,1,9405.196485,341.999999,0.03636287658055914,341.999999,,0.0355,0.0,0.0,0.001,0.028169014084507046,447748.65,319861.52,767610.17,5393.609999999986,0.1666042673718093,0.0,0.1666042673718093,572473_YES.csv,572473_YES
1771377780,2026-02-18 01:23:00,1,423.72,15.25392,0.03599999999991504,15.25392,,0.0365,0.028169014084507005,0.028169014084507005,0.001,0.027397260273972605,191692.45,366327.24,558019.69,-209590.4800000001,-0.3129545303320748,209590.4800000001,0.3129545303320748,572473_YES.csv,572473_YES
1771377900,2026-02-18 01:25:00,2,8160.574323,301.844999,0.03698820537045221,150.9224995,,0.0365,0.0,0.0,0.001,0.027397260273972605,191692.45,366327.24,558019.69,0.0,-0.3129545303320748,-0.0,0.3129545303320748,572473_YES.csv,572473_YES
1771378080,2026-02-18 01:28:00,2,1219.2,45.18,0.037057086614142754,22.59,,0.0365,0.0,0.0,0.001,0.027397260273972605,191692.45,366327.24,558019.69,0.0,-0.3129545303320748,-0.0,0.3129545303320748,572473_YES.csv,572473_YES
1771378320,2026-02-18 01:32:00,1,3000.0,114.0,0.037999999999987336,114.0,,0.037,0.013698630136986356,0.013698630136986356,0.002,0.05405405405405406,193530.67,341575.09,535105.76,-22913.929999999935,-0.2766638505255485,22913.929999999935,0.2766638505255485,572473_YES.csv,572473_YES
1771378740,2026-02-18 01:39:00,1,270.270269,9.999999,0.036999996473762994,9.999999,,0.037,0.0,0.0,0.002,0.05405405405405406,193530.67,341575.09,535105.76,0.0,-0.2766638505255485,-0.0,0.2766638505255485,572473_YES.csv,572473_YES
1771379880,2026-02-18 01:58:00,1,28.37,1.02132,0.035999999998731054,1.02132,,0.037,0.0,0.0,0.002,0.05405405405405406,193530.67,341575.09,535105.76,0.0,-0.2766638505255485,-0.0,0.2766638505255485,572473_YES.csv,572473_YES
1771379940,2026-02-18 01:59:00,1,161.08,5.79888,0.0359999999997765,5.79888,,0.0365,-0.013513513513513487,0.013513513513513487,0.001,0.027397260273972605,208619.23,333884.76,542503.99,7398.229999999981,-0.23090250451429858,0.0,0.23090250451429858,572473_YES.csv,572473_YES
1771380000,2026-02-18 02:00:00,1,81.89189,3.029999,0.03699998864311218,3.029999,,0.0365,0.0,0.0,0.001,0.027397260273972605,208619.23,333884.76,542503.99,0.0,-0.23090250451429858,-0.0,0.23090250451429858,572473_YES.csv,572473_YES
1771380060,2026-02-18 02:01:00,1,210.0,7.77,0.03699999999982381,7.77,,0.0365,0.0,0.0,0.001,0.027397260273972605,208619.23,333884.76,542503.99,0.0,-0.23090250451429858,-0.0,0.23090250451429858,572473_YES.csv,572473_YES
1771380120,2026-02-18 02:02:00,1,668.918917,24.749999,0.036999998611136585,24.749999,,0.0365,0.0,0.0,0.001,0.027397260273972605,209070.35,333565.09,542635.4400000001,131.45000000006985,-0.22942611341419206,0.0,0.22942611341419206,572473_YES.csv,572473_YES
1771380180,2026-02-18 02:03:00,1,115.945944,4.289999,0.03699999199595109,4.289999,,0.0365,0.0,0.0,0.001,0.027397260273972605,209070.35,333565.09,542635.4400000001,0.0,-0.22942611341419206,-0.0,0.22942611341419206,572473_YES.csv,572473_YES
1771380720,2026-02-18 02:12:00,2,1715.009458,62.649799,0.03653029358393392,31.3248995,,0.0365,0.0,0.0,0.001,0.027397260273972605,209070.35,333565.09,542635.4400000001,0.0,-0.22942611341419206,-0.0,0.22942611341419206,572473_YES.csv,572473_YES
1771381020,2026-02-18 02:17:00,1,11.0,0.3959999999999999,0.03599999999672727,0.3959999999999999,,0.0365,0.0,0.0,0.001,0.027397260273972605,209029.83,332266.2,541296.03,-1339.4100000000326,-0.22766908155598337,1339.4100000000326,0.22766908155598337,572473_YES.csv,572473_YES
1771381500,2026-02-18 02:25:00,1,23.25,0.837,0.03599999999845161,0.837,,0.0365,0.0,0.0,0.001,0.027397260273972605,209029.83,332266.2,541296.03,0.0,-0.22766908155598337,-0.0,0.22766908155598337,572473_YES.csv,572473_YES
1771382160,2026-02-18 02:36:00,1,150.0,5.55,0.036999999999753334,5.55,,0.0365,0.0,0.0,0.001,0.027397260273972605,209029.83,332266.2,541296.03,0.0,-0.22766908155598337,-0.0,0.22766908155598337,572473_YES.csv,572473_YES
1771382220,2026-02-18 02:37:00,1,30.0,1.11,0.036999999998766665,1.11,,0.0365,0.0,0.0,0.001,0.027397260273972605,209029.83,332266.2,541296.03,0.0,-0.22766908155598337,-0.0,0.22766908155598337,572473_YES.csv,572473_YES
1771382280,2026-02-18 02:38:00,1,27.027026,1.0,0.037000001404631,1.0,,0.0365,0.0,0.0,0.001,0.027397260273972605,207313.33,352413.73,559727.0599999999,18431.02999999991,-0.25923420604320974,0.0,0.25923420604320974,572473_YES.csv,572473_YES
1771382580,2026-02-18 02:43:00,2,270.270268,10.0,0.037000000310663105,5.0,,0.0365,0.0,0.0,0.001,0.027397260273972605,207313.33,352413.73,559727.0599999999,0.0,-0.25923420604320974,-0.0,0.25923420604320974,572473_YES.csv,572473_YES
1771382640,2026-02-18 02:44:00,1,135.135134,5.0,0.03700000031052621,5.0,,0.0365,0.0,0.0,0.001,0.027397260273972605,207305.03,352116.42,559421.45,-305.60999999998603,-0.25885920176997146,305.60999999998603,0.25885920176997146,572473_YES.csv,572473_YES
1771383120,2026-02-18 02:52:00,1,5.0,0.18,0.0359999999928,0.18,,0.0365,0.0,0.0,0.001,0.027397260273972605,207305.03,352116.42,559421.45,0.0,-0.25885920176997146,-0.0,0.25885920176997146,572473_YES.csv,572473_YES
1771383180,2026-02-18 02:53:00,1,5.0,0.18,0.0359999999928,0.18,,0.0365,0.0,0.0,0.001,0.027397260273972605,232461.45,358100.27,590561.72,31140.27000000002,-0.21274460525480726,0.0,0.21274460525480726,572473_YES.csv,572473_YES
1771383360,2026-02-18 02:56:00,1,9504.83,351.67871,0.036999999999996105,351.67871,,0.0365,0.0,0.0,0.001,0.027397260273972605,232298.41,358042.23,590340.64,-221.0799999999581,-0.21300214059462344,221.0799999999581,0.21300214059462344,572473_YES.csv,572473_YES
1771383420,2026-02-18 02:57:00,3,1361.0,51.718,0.037999999999972084,17.239333333333335,,0.0365,0.0,0.0,0.001,0.027397260273972605,232298.41,358042.23,590340.64,0.0,-0.21300214059462344,-0.0,0.21300214059462344,572473_YES.csv,572473_YES
1771383480,2026-02-18 02:58:00,1,1000.0,38.0,0.037999999999962,38.0,,0.0365,0.0,0.0,0.001,0.027397260273972605,232298.41,358042.23,590340.64,0.0,-0.21300214059462344,-0.0,0.21300214059462344,572473_YES.csv,572473_YES
1771384200,2026-02-18 03:10:00,1,2105.263156,79.999999,0.03799999955918195,79.999999,,0.0365,0.0,0.0,0.001,0.027397260273972605,232298.41,358042.23,590340.64,0.0,-0.21300214059462344,-0.0,0.21300214059462344,572473_YES.csv,572473_YES
1771384260,2026-02-18 03:11:00,1,5.0,0.185,0.0369999999926,0.185,,0.0375,0.027397260273972712,0.027397260273972712,0.001,0.02666666666666667,215967.25,350918.64,566885.89,-23454.75,-0.23805741575257766,23454.75,0.23805741575257766,572473_YES.csv,572473_YES
1771384500,2026-02-18 03:15:00,1,5890.0,212.04,0.035999999999993884,212.04,,0.0375,0.0,0.0,0.001,0.02666666666666667,215967.25,350918.64,566885.89,0.0,-0.23805741575257766,-0.0,0.23805741575257766,572473_YES.csv,572473_YES
1771384680,2026-02-18 03:18:00,1,20912.487104,794.169999,0.037975875133859985,794.169999,,0.0375,0.0,0.0,0.001,0.02666666666666667,215967.25,350918.64,566885.89,0.0,-0.23805741575257766,-0.0,0.23805741575257766,572473_YES.csv,572473_YES
1771384860,2026-02-18 03:21:00,1,65.789472,2.4999990000000003,0.037999985772222,2.4999990000000003,,0.0375,0.0,0.0,0.001,0.02666666666666667,215967.25,350918.64,566885.89,0.0,-0.23805741575257766,-0.0,0.23805741575257766,572473_YES.csv,572473_YES
1771385580,2026-02-18 03:33:00,1,13472.64,511.96032,0.037999999999997175,511.96032,,0.0375,0.0,0.0,0.001,0.02666666666666667,215967.25,350918.64,566885.89,0.0,-0.23805741575257766,-0.0,0.23805741575257766,572473_YES.csv,572473_YES
1771385820,2026-02-18 03:37:00,1,5.0,0.185,0.0369999999926,0.185,,0.0375,0.0,0.0,0.001,0.02666666666666667,215967.25,350918.64,566885.89,0.0,-0.23805741575257766,-0.0,0.23805741575257766,572473_YES.csv,572473_YES
1771386000,2026-02-18 03:40:00,1,131.578946,4.999999,0.037999992794911105,4.999999,,0.0375,0.0,0.0,0.001,0.02666666666666667,215967.25,350918.64,566885.89,0.0,-0.23805741575257766,-0.0,0.23805741575257766,572473_YES.csv,572473_YES
1771386060,2026-02-18 03:41:00,2,263.157892,9.999998,0.037999992795055504,4.999999,,0.0375,0.0,0.0,0.001,0.02666666666666667,205811.1,306548.21,512359.31000000006,-54526.57999999996,-0.19661418858574076,54526.57999999996,0.19661418858574076,572473_YES.csv,572473_YES
1771386120,2026-02-18 03:42:00,2,256.956151,9.999998999999999,0.03891714193664538,4.9999994999999995,,0.0375,0.0,0.0,0.001,0.02666666666666667,205811.1,306548.21,512359.31000000006,0.0,-0.19661418858574076,-0.0,0.19661418858574076,572473_YES.csv,572473_YES
1771386180,2026-02-18 03:43:00,2,256.410254,10.0,0.03900000036644791,5.0,,0.0375,0.0,0.0,0.001,0.02666666666666667,205811.1,306548.21,512359.31000000006,0.0,-0.19661418858574076,-0.0,0.19661418858574076,572473_YES.csv,572473_YES
1771386240,2026-02-18 03:44:00,1,128.205127,5.0,0.039000000366295806,5.0,,0.038,0.01333333333333342,0.01333333333333342,0.002,0.052631578947368425,205960.53,368627.69,574588.22,62228.909999999916,-0.2831021492226207,0.0,0.2831021492226207,572473_YES.csv,572473_YES
1771386300,2026-02-18 03:45:00,2,256.410254,10.0,0.03900000036644791,5.0,,0.038,0.0,0.0,0.002,0.052631578947368425,205960.53,368627.69,574588.22,0.0,-0.2831021492226207,-0.0,0.2831021492226207,572473_YES.csv,572473_YES
1771386360,2026-02-18 03:46:00,2,256.410254,10.0,0.03900000036644791,5.0,,0.038,0.0,0.0,0.002,0.052631578947368425,205960.53,368627.69,574588.22,0.0,-0.2831021492226207,-0.0,0.2831021492226207,572473_YES.csv,572473_YES
1771386420,2026-02-18 03:47:00,1,128.205127,5.0,0.039000000366295806,5.0,,0.0385,0.013157894736842035,0.013157894736842035,0.001,0.025974025974025976,132600.72999999998,368146.87,500747.6,-73840.62,-0.47038895443532835,73840.62,0.47038895443532835,572473_YES.csv,572473_YES
1771387380,2026-02-18 04:03:00,1,9738.21,345.13658,0.03544148051848996,345.13658,,0.0385,0.0,0.0,0.001,0.025974025974025976,132600.72999999998,368146.87,500747.6,0.0,-0.47038895443532835,-0.0,0.47038895443532835,572473_YES.csv,572473_YES
1771387440,2026-02-18 04:04:00,1,2018.01,70.73035,0.03504955376829893,70.73035,,0.0385,0.0,0.0,0.001,0.025974025974025976,132600.72999999998,368146.87,500747.6,0.0,-0.47038895443532835,-0.0,0.47038895443532835,572473_YES.csv,572473_YES
1771388220,2026-02-18 04:17:00,1,11688.167947,452.699999,0.038731476229014586,452.699999,,0.037,-0.038961038961038974,0.038961038961038974,0.004,0.10810810810810811,477556.01,359470.94,837026.95,336279.35,0.14107678372840923,0.0,0.14107678372840923,572473_YES.csv,572473_YES
1771388340,2026-02-18 04:19:00,2,638.7,23.671509999999998,0.03706201659615302,11.835754999999999,,0.037,0.0,0.0,0.004,0.10810810810810811,477556.01,359470.94,837026.95,0.0,0.14107678372840923,-0.0,0.14107678372840923,572473_YES.csv,572473_YES
1771388880,2026-02-18 04:28:00,1,310.789472,11.809999,0.03799999698819263,11.809999,,0.037,0.0,0.0,0.004,0.10810810810810811,477556.01,359470.94,837026.95,0.0,0.14107678372840923,-0.0,0.14107678372840923,572473_YES.csv,572473_YES
1771389900,2026-02-18 04:45:00,1,28.0,1.064,0.03799999999864286,1.064,,0.037,0.0,0.0,0.004,0.10810810810810811,477556.01,359470.94,837026.95,0.0,0.14107678372840923,-0.0,0.14107678372840923,572473_YES.csv,572473_YES
1771390860,2026-02-18 05:01:00,1,5.0,0.185,0.0369999999926,0.185,,0.037,0.0,0.0,0.004,0.10810810810810811,477556.01,359470.94,837026.95,0.0,0.14107678372840923,-0.0,0.14107678372840923,572473_YES.csv,572473_YES
1771390920,2026-02-18 05:02:00,1,5.0,0.185,0.0369999999926,0.185,,0.0375,0.013513513513513598,0.013513513513513598,0.001,0.02666666666666667,198245.47,297793.02,496038.49,-340988.45999999996,-0.20068513231705068,340988.45999999996,0.20068513231705068,572473_YES.csv,572473_YES
1771391100,2026-02-18 05:05:00,1,100.0,3.8,0.03799999999962,3.8,,0.0375,0.0,0.0,0.001,0.02666666666666667,198240.47,302804.02,501044.49,5006.0,-0.20869114836488875,0.0,0.20869114836488875,572473_YES.csv,572473_YES
1771391220,2026-02-18 05:07:00,1,266.67,10.13346,0.0379999999998575,10.13346,,0.0375,0.0,0.0,0.001,0.02666666666666667,198240.47,302804.02,501044.49,0.0,-0.20869114836488875,-0.0,0.20869114836488875,572473_YES.csv,572473_YES
1771391280,2026-02-18 05:08:00,1,2082.73,75.8861,0.0364358798307814,75.8861,,0.0375,0.0,0.0,0.001,0.02666666666666667,198069.1,302342.21,500411.31000000006,-633.1799999999348,-0.20837480671649888,633.1799999999348,0.20837480671649888,572473_YES.csv,572473_YES
1771391580,2026-02-18 05:13:00,1,28.0,1.008,0.03599999999871428,1.008,,0.0375,0.0,0.0,0.001,0.02666666666666667,198069.1,302342.21,500411.31000000006,0.0,-0.20837480671649888,-0.0,0.20837480671649888,572473_YES.csv,572473_YES
1771391640,2026-02-18 05:14:00,1,100.85,3.6306,0.035999999999643026,3.6306,,0.0365,-0.026666666666666727,0.026666666666666727,0.001,0.027397260273972605,216945.99,294379.25,511325.24,10913.929999999935,-0.15143641256590426,0.0,0.15143641256590426,572473_YES.csv,572473_YES
1771391760,2026-02-18 05:16:00,1,28.57,1.02852,0.03599999999873993,1.02852,,0.0365,0.0,0.0,0.001,0.027397260273972605,216945.99,294379.25,511325.24,0.0,-0.15143641256590426,-0.0,0.15143641256590426,572473_YES.csv,572473_YES
1771391880,2026-02-18 05:18:00,1,200.0,7.199999999999999,0.035999999999819995,7.199999999999999,,0.0365,0.0,0.0,0.001,0.027397260273972605,216945.99,294379.25,511325.24,0.0,-0.15143641256590426,-0.0,0.15143641256590426,572473_YES.csv,572473_YES
1771392000,2026-02-18 05:20:00,1,5.0,0.18,0.0359999999928,0.18,,0.0365,0.0,0.0,0.001,0.027397260273972605,216618.98,295258.42,511877.4,552.1600000000326,-0.1536294433002902,0.0,0.1536294433002902,572473_YES.csv,572473_YES
1771392300,2026-02-18 05:25:00,1,10.0,0.36,0.035999999996399995,0.36,,0.0365,0.0,0.0,0.001,0.027397260273972605,216618.98,295258.42,511877.4,0.0,-0.1536294433002902,-0.0,0.1536294433002902,572473_YES.csv,572473_YES
1771392600,2026-02-18 05:30:00,1,266.67,9.60012,0.035999999999865,9.60012,,0.0365,0.0,0.0,0.001,0.027397260273972605,216618.98,295258.42,511877.4,0.0,-0.1536294433002902,-0.0,0.1536294433002902,572473_YES.csv,572473_YES
1771393200,2026-02-18 05:40:00,1,12.3,0.4551,0.03699999999699187,0.4551,,0.0365,0.0,0.0,0.001,0.027397260273972605,216618.98,295258.42,511877.4,0.0,-0.1536294433002902,-0.0,0.1536294433002902,572473_YES.csv,572473_YES
1771393440,2026-02-18 05:44:00,1,1000.0,38.0,0.037999999999962,38.0,,0.0375,0.027397260273972712,0.027397260273972712,0.001,0.02666666666666667,196477.06,302957.78,499434.84,-12442.559999999998,-0.21320242696724967,12442.559999999998,0.21320242696724967,572473_YES.csv,572473_YES
1771393560,2026-02-18 05:46:00,1,5.0,0.185,0.0369999999926,0.185,,0.0375,0.0,0.0,0.001,0.02666666666666667,196477.06,302957.78,499434.84,0.0,-0.21320242696724967,-0.0,0.21320242696724967,572473_YES.csv,572473_YES
1771394040,2026-02-18 05:54:00,1,1000.0,36.81595,0.03681594999996318,36.81595,,0.0375,0.0,0.0,0.001,0.02666666666666667,196477.06,302957.78,499434.84,0.0,-0.21320242696724967,-0.0,0.21320242696724967,572473_YES.csv,572473_YES
1771394160,2026-02-18 05:56:00,2,7277.995134999999,260.06127,0.035732542434567534,130.030635,,0.036,-0.040000000000000036,0.040000000000000036,0.002,0.05555555555555556,485247.51,295441.28,780688.79,281253.95,0.24312662411868366,0.0,0.24312662411868366,572473_YES.csv,572473_YES
1771394580,2026-02-18 06:03:00,1,168.0,6.047999999999999,0.03599999999978571,6.047999999999999,,0.036,0.0,0.0,0.002,0.05555555555555556,485247.51,295441.28,780688.79,0.0,0.24312662411868366,-0.0,0.24312662411868366,572473_YES.csv,572473_YES
1771394640,2026-02-18 06:04:00,1,10163.42,355.79343000000006,0.03500725444781036,355.79343000000006,,0.036,0.0,0.0,0.002,0.05555555555555556,485247.51,295441.28,780688.79,0.0,0.24312662411868366,-0.0,0.24312662411868366,572473_YES.csv,572473_YES
1771396080,2026-02-18 06:28:00,1,606.06,21.818159999999995,0.03599999999994059,21.818159999999995,,0.036,0.0,0.0,0.002,0.05555555555555556,485247.51,295441.28,780688.79,0.0,0.24312662411868366,-0.0,0.24312662411868366,572473_YES.csv,572473_YES
1771396200,2026-02-18 06:30:00,1,3125.8,112.5288,0.035999999999988486,112.5288,,0.036,0.0,0.0,0.002,0.05555555555555556,485247.51,295441.28,780688.79,0.0,0.24312662411868366,-0.0,0.24312662411868366,572473_YES.csv,572473_YES
1771396440,2026-02-18 06:34:00,1,5.59,0.2068299999999999,0.036999999993381036,0.2068299999999999,,0.036,0.0,0.0,0.002,0.05555555555555556,485247.51,295441.28,780688.79,0.0,0.24312662411868366,-0.0,0.24312662411868366,572473_YES.csv,572473_YES
1771397280,2026-02-18 06:48:00,2,6699.189186,247.869998,0.03699999971906491,123.934999,,0.036,0.0,0.0,0.002,0.05555555555555556,485247.51,295441.28,780688.79,0.0,0.24312662411868366,-0.0,0.24312662411868366,572473_YES.csv,572473_YES
1771397520,2026-02-18 06:52:00,1,270.270269,9.999999,0.036999996473762994,9.999999,,0.036,0.0,0.0,0.002,0.05555555555555556,485247.51,295441.28,780688.79,0.0,0.24312662411868366,-0.0,0.24312662411868366,572473_YES.csv,572473_YES
1771397640,2026-02-18 06:54:00,1,27.027026,1.0,0.037000001404631,1.0,,0.036,0.0,0.0,0.002,0.05555555555555556,485247.51,295441.28,780688.79,0.0,0.24312662411868366,-0.0,0.24312662411868366,572473_YES.csv,572473_YES
1771398540,2026-02-18 07:09:00,1,5.0,0.18,0.0359999999928,0.18,,0.036,0.0,0.0,0.002,0.05555555555555556,485247.51,295441.28,780688.79,0.0,0.24312662411868366,-0.0,0.24312662411868366,572473_YES.csv,572473_YES
1771398660,2026-02-18 07:11:00,1,5.0,0.18,0.0359999999928,0.18,,0.0365,0.01388888888888884,0.01388888888888884,0.001,0.027397260273972605,218592.66,336224.2,554816.86,-225871.93000000005,-0.21201868306597607,225871.93000000005,0.21201868306597607,572473_YES.csv,572473_YES
1771399200,2026-02-18 07:20:00,1,1644.594593,60.849999,0.0369999994278,60.849999,,0.0365,0.0,0.0,0.001,0.027397260273972605,218570.86,336224.2,554795.06,-21.79999999993015,-0.21206630787231598,21.79999999993015,0.21206630787231598,572473_YES.csv,572473_YES
1771399680,2026-02-18 07:28:00,1,1351.35135,49.999999,0.03699999929697262,49.999999,,0.0365,0.0,0.0,0.001,0.027397260273972605,218570.86,336224.2,554795.06,0.0,-0.21206630787231598,-0.0,0.21206630787231598,572473_YES.csv,572473_YES
1771399740,2026-02-18 07:29:00,1,5.0,0.18,0.0359999999928,0.18,,0.0365,0.0,0.0,0.001,0.027397260273972605,218323.74,333152.21,551475.95,-3319.1100000001024,-0.2082202678104096,3319.1100000001024,0.2082202678104096,572473_YES.csv,572473_YES
1771399860,2026-02-18 07:31:00,1,54.0,1.944,0.035999999999333336,1.944,,0.0365,0.0,0.0,0.001,0.027397260273972605,218323.74,333152.21,551475.95,0.0,-0.2082202678104096,-0.0,0.2082202678104096,572473_YES.csv,572473_YES
1771400040,2026-02-18 07:34:00,1,1356.66,48.83976,0.03599999999997346,48.83976,,0.0365,0.0,0.0,0.001,0.027397260273972605,218323.74,333152.21,551475.95,0.0,-0.2082202678104096,-0.0,0.2082202678104096,572473_YES.csv,572473_YES
1771400220,2026-02-18 07:37:00,1,3270.270269,120.999999,0.03699999970857539,120.999999,,0.0365,0.0,0.0,0.001,0.027397260273972605,218323.74,333152.21,551475.95,0.0,-0.2082202678104096,-0.0,0.2082202678104096,572473_YES.csv,572473_YES
1771400580,2026-02-18 07:43:00,1,1351.35135,49.999999,0.03699999929697262,49.999999,,0.0365,0.0,0.0,0.001,0.027397260273972605,218323.74,333152.21,551475.95,0.0,-0.2082202678104096,-0.0,0.2082202678104096,572473_YES.csv,572473_YES
1771401000,2026-02-18 07:50:00,1,70.0,2.59,0.03699999999947143,2.59,,0.0365,0.0,0.0,0.001,0.027397260273972605,214775.24,348238.36,563013.6,11537.650000000023,-0.2370513252255363,0.0,0.2370513252255363,572473_YES.csv,572473_YES
1771401240,2026-02-18 07:54:00,2,205.135134,7.59,0.03700000020456272,3.795,,0.0365,0.0,0.0,0.001,0.027397260273972605,214775.24,348238.36,563013.6,0.0,-0.2370513252255363,-0.0,0.2370513252255363,572473_YES.csv,572473_YES
1771401300,2026-02-18 07:55:00,1,5.0,0.18,0.0359999999928,0.18,,0.0365,0.0,0.0,0.001,0.027397260273972605,214775.24,348238.36,563013.6,0.0,-0.2370513252255363,-0.0,0.2370513252255363,572473_YES.csv,572473_YES
1771401480,2026-02-18 07:58:00,2,570.0,21.09,0.036999999999935085,10.545,,0.0365,0.0,0.0,0.001,0.027397260273972605,214775.24,348238.36,563013.6,0.0,-0.2370513252255363,-0.0,0.2370513252255363,572473_YES.csv,572473_YES
1771401600,2026-02-18 08:00:00,2,235.135134,8.7,0.03700000017846333,4.35,,0.0365,0.0,0.0,0.001,0.027397260273972605,214775.24,348238.36,563013.6,0.0,-0.2370513252255363,-0.0,0.2370513252255363,572473_YES.csv,572473_YES
1771401720,2026-02-18 08:02:00,1,1187.5,42.75,0.03599999999996968,42.75,,0.0365,0.0,0.0,0.001,0.027397260273972605,214790.61,377301.1,592091.71,29078.109999999986,-0.2744684434105656,0.0,0.2744684434105656,572473_YES.csv,572473_YES
1771401900,2026-02-18 08:05:00,1,120.0,4.44,0.03699999999969166,4.44,,0.0365,0.0,0.0,0.001,0.027397260273972605,212740.42,378542.28,591282.7000000001,-809.0099999998929,-0.28041047032155686,809.0099999998929,0.28041047032155686,572473_YES.csv,572473_YES
1771402080,2026-02-18 08:08:00,1,100.0,3.7,0.036999999999629996,3.7,,0.0365,0.0,0.0,0.001,0.027397260273972605,212740.42,378542.28,591282.7000000001,0.0,-0.28041047032155686,-0.0,0.28041047032155686,572473_YES.csv,572473_YES
1771402260,2026-02-18 08:11:00,1,120.0,4.44,0.03699999999969166,4.44,,0.0365,0.0,0.0,0.001,0.027397260273972605,212418.82,379023.22,591442.04,159.3399999999674,-0.2816918459161272,0.0,0.2816918459161272,572473_YES.csv,572473_YES
1771402380,2026-02-18 08:13:00,1,52.972971,1.959999,0.036999982499811034,1.959999,,0.0365,0.0,0.0,0.001,0.027397260273972605,212418.82,379023.22,591442.04,0.0,-0.2816918459161272,-0.0,0.2816918459161272,572473_YES.csv,572473_YES
1771402440,2026-02-18 08:14:00,2,165.135134,6.11,0.0370000002541131,3.055,,0.0365,0.0,0.0,0.001,0.027397260273972605,212512.82,378964.02,591476.8400000001,34.800000000046566,-0.2814162596797535,0.0,0.2814162596797535,572473_YES.csv,572473_YES
1771402800,2026-02-18 08:20:00,1,70.0,2.59,0.03699999999947143,2.59,,0.0365,0.0,0.0,0.001,0.027397260273972605,211360.84,378746.41,590107.25,-1369.5900000000838,-0.28365279362353196,1369.5900000000838,0.28365279362353196,572473_YES.csv,572473_YES
1771403100,2026-02-18 08:25:00,1,120.0,4.44,0.03699999999969166,4.44,,0.0365,0.0,0.0,0.001,0.027397260273972605,211360.84,378746.41,590107.25,0.0,-0.28365279362353196,-0.0,0.28365279362353196,572473_YES.csv,572473_YES
1771403280,2026-02-18 08:28:00,1,3719.459458,137.619999,0.036999999745651956,137.619999,,0.0365,0.0,0.0,0.001,0.027397260273972605,211360.84,378746.41,590107.25,0.0,-0.28365279362353196,-0.0,0.28365279362353196,572473_YES.csv,572473_YES
1771403340,2026-02-18 08:29:00,1,80.0,2.96,0.0369999999995375,2.96,,0.0365,0.0,0.0,0.001,0.027397260273972605,210844.57,375535.46,586380.03,-3727.219999999972,-0.2808603321637676,3727.219999999972,0.2808603321637676,572473_YES.csv,572473_YES
1771403400,2026-02-18 08:30:00,1,250.0,9.0,0.035999999999856,9.0,,0.0365,0.0,0.0,0.001,0.027397260273972605,210844.57,375535.46,586380.03,0.0,-0.2808603321637676,-0.0,0.2808603321637676,572473_YES.csv,572473_YES
1771403460,2026-02-18 08:31:00,2,12182.046314000001,450.831869,0.037007893204432527,225.4159345,,0.0365,0.0,0.0,0.001,0.027397260273972605,210844.57,375535.46,586380.03,0.0,-0.2808603321637676,-0.0,0.2808603321637676,572473_YES.csv,572473_YES
1771403580,2026-02-18 08:33:00,1,16111.15,569.49855,0.03534810053906541,569.49855,,0.0365,0.0,0.0,0.001,0.027397260273972605,210844.57,375535.46,586380.03,0.0,-0.2808603321637676,-0.0,0.2808603321637676,572473_YES.csv,572473_YES
1771403700,2026-02-18 08:35:00,1,967.86,35.81082,0.03699999999996177,35.81082,,0.036,-0.013698630136986356,0.013698630136986356,0.002,0.05555555555555556,462626.27,364492.58,827118.8500000001,240738.82000000007,0.11864521041927649,0.0,0.11864521041927649,572473_YES.csv,572473_YES
1771403880,2026-02-18 08:38:00,3,41023.03342,1556.3150199999998,0.03793758994041648,518.7716733333333,,0.0375,0.04166666666666674,0.04166666666666674,0.001,0.02666666666666667,186603.1,330593.56,517196.66000000003,-309922.19000000006,-0.2784056262080269,309922.19000000006,0.2784056262080269,572473_YES.csv,572473_YES
1771403940,2026-02-18 08:39:00,1,30.0,1.11,0.036999999998766665,1.11,,0.0375,0.0,0.0,0.001,0.02666666666666667,186603.1,330593.56,517196.66000000003,0.0,-0.2784056262080269,-0.0,0.2784056262080269,572473_YES.csv,572473_YES
1771404060,2026-02-18 08:41:00,1,945.78,34.99386,0.03699999999996088,34.99386,,0.037,-0.013333333333333308,0.013333333333333308,0.002,0.05405405405405406,217166.09,333111.49,550277.58,33080.919999999925,-0.21070347805193154,0.0,0.21070347805193154,572473_YES.csv,572473_YES
1771404120,2026-02-18 08:42:00,1,40.0,1.52,0.03799999999905,1.52,,0.037,0.0,0.0,0.002,0.05405405405405406,217166.09,333111.49,550277.58,0.0,-0.21070347805193154,-0.0,0.21070347805193154,572473_YES.csv,572473_YES
1771404360,2026-02-18 08:46:00,1,60.0,2.28,0.037999999999366665,2.28,,0.037,0.0,0.0,0.002,0.05405405405405406,217166.09,333111.49,550277.58,0.0,-0.21070347805193154,-0.0,0.21070347805193154,572473_YES.csv,572473_YES
1771404420,2026-02-18 08:47:00,1,26.5,0.9805,0.03699999999860377,0.9805,,0.0375,0.013513513513513598,0.013513513513513598,0.001,0.02666666666666667,201474.37,332238.4,533712.77,-16564.80999999994,-0.24500824666421234,16564.80999999994,0.24500824666421234,572473_YES.csv,572473_YES
1771404480,2026-02-18 08:48:00,2,10000.0,380.0,0.0379999999999962,190.0,,0.0375,0.0,0.0,0.001,0.02666666666666667,201474.37,332238.4,533712.77,0.0,-0.24500824666421234,-0.0,0.24500824666421234,572473_YES.csv,572473_YES
1771405320,2026-02-18 09:02:00,1,50.0,1.9,0.03799999999924,1.9,,0.0375,0.0,0.0,0.001,0.02666666666666667,213313.98,322496.02,535810.0,2097.2299999999814,-0.20377006774789572,0.0,0.20377006774789572,572473_YES.csv,572473_YES
1771405380,2026-02-18 09:03:00,1,28.0,1.064,0.03799999999864286,1.064,,0.0375,0.0,0.0,0.001,0.02666666666666667,213313.98,322496.02,535810.0,0.0,-0.20377006774789572,-0.0,0.20377006774789572,572473_YES.csv,572473_YES
1771405560,2026-02-18 09:06:00,1,70.0,2.66,0.03799999999945714,2.66,,0.0375,0.0,0.0,0.001,0.02666666666666667,213313.98,322496.02,535810.0,0.0,-0.20377006774789572,-0.0,0.20377006774789572,572473_YES.csv,572473_YES
1771405800,2026-02-18 09:10:00,1,1707.36842,64.88000000000001,0.03800000002340554,64.88000000000001,,0.0375,0.0,0.0,0.001,0.02666666666666667,213313.98,322496.02,535810.0,0.0,-0.20377006774789572,-0.0,0.20377006774789572,572473_YES.csv,572473_YES
1771405860,2026-02-18 09:11:00,1,70.0,2.66,0.03799999999945714,2.66,,0.0375,0.0,0.0,0.001,0.02666666666666667,212706.69,220406.64,433113.33,-102696.66999999998,-0.01777814134697727,102696.66999999998,0.01777814134697727,572473_YES.csv,572473_YES
1771405920,2026-02-18 09:12:00,2,789.4736809999999,29.999997999999998,0.03799999762115177,14.999998999999999,,0.0375,0.0,0.0,0.001,0.02666666666666667,212706.69,220406.64,433113.33,0.0,-0.01777814134697727,-0.0,0.01777814134697727,572473_YES.csv,572473_YES
1771405980,2026-02-18 09:13:00,1,52.631577,1.999999,0.0379999824052773,1.999999,,0.0375,0.0,0.0,0.001,0.02666666666666667,212706.69,220406.64,433113.33,0.0,-0.01777814134697727,-0.0,0.01777814134697727,572473_YES.csv,572473_YES
1771406280,2026-02-18 09:18:00,1,90.0,3.42,0.037999999999577774,3.42,,0.0375,0.0,0.0,0.001,0.02666666666666667,212706.69,220406.64,433113.33,0.0,-0.01777814134697727,-0.0,0.01777814134697727,572473_YES.csv,572473_YES
1771406340,2026-02-18 09:19:00,1,5.0,0.185,0.0369999999926,0.185,,0.0375,0.0,0.0,0.001,0.02666666666666667,212706.69,220406.64,433113.33,0.0,-0.01777814134697727,-0.0,0.01777814134697727,572473_YES.csv,572473_YES
1771406460,2026-02-18 09:21:00,3,253.157893,9.614999,0.037980245790566795,3.2049996666666662,,0.0375,0.0,0.0,0.001,0.02666666666666667,212706.69,220406.64,433113.33,0.0,-0.01777814134697727,-0.0,0.01777814134697727,572473_YES.csv,572473_YES
1771406520,2026-02-18 09:22:00,1,1976.5,75.107,0.03799999999998077,75.107,,0.0375,0.0,0.0,0.001,0.02666666666666667,212706.69,220406.64,433113.33,0.0,-0.01777814134697727,-0.0,0.01777814134697727,572473_YES.csv,572473_YES
1771406700,2026-02-18 09:25:00,3,355.263156,13.374998999999999,0.03764814553401746,4.458333,,0.0375,0.0,0.0,0.001,0.02666666666666667,212706.69,220406.64,433113.33,0.0,-0.01777814134697727,-0.0,0.01777814134697727,572473_YES.csv,572473_YES
1771406940,2026-02-18 09:29:00,1,60.0,2.28,0.037999999999366665,2.28,,0.0375,0.0,0.0,0.001,0.02666666666666667,223920.04,239497.15,463417.19,30303.859999999986,-0.03361357829648051,0.0,0.03361357829648051,572473_YES.csv,572473_YES
1771407300,2026-02-18 09:35:00,1,140.0,5.32,0.03799999999972858,5.32,,0.0375,0.0,0.0,0.001,0.02666666666666667,223739.22,236020.81,459760.03,-3657.1599999999744,-0.026713044193946125,3657.1599999999744,0.026713044193946125,572473_YES.csv,572473_YES
1771407540,2026-02-18 09:39:00,2,145.0,5.505,0.037965517241117484,2.7525,,0.0375,0.0,0.0,0.001,0.02666666666666667,223739.22,236020.81,459760.03,0.0,-0.026713044193946125,-0.0,0.026713044193946125,572473_YES.csv,572473_YES
1771407900,2026-02-18 09:45:00,1,120.0,4.56,0.03799999999968333,4.56,,0.0375,0.0,0.0,0.001,0.02666666666666667,223739.22,236020.81,459760.03,0.0,-0.026713044193946125,-0.0,0.026713044193946125,572473_YES.csv,572473_YES
1771408260,2026-02-18 09:51:00,1,70.0,2.66,0.03799999999945714,2.66,,0.0375,0.0,0.0,0.001,0.02666666666666667,223739.22,236020.81,459760.03,0.0,-0.026713044193946125,-0.0,0.026713044193946125,572473_YES.csv,572473_YES
1771408440,2026-02-18 09:54:00,1,235.0,8.695,0.036999999999842555,8.695,,0.0375,0.0,0.0,0.001,0.02666666666666667,223739.22,236020.81,459760.03,0.0,-0.026713044193946125,-0.0,0.026713044193946125,572473_YES.csv,572473_YES
1771408500,2026-02-18 09:55:00,2,355.789472,13.519999,0.03799999736912388,6.7599995,,0.0375,0.0,0.0,0.001,0.02666666666666667,223739.22,236020.81,459760.03,0.0,-0.026713044193946125,-0.0,0.026713044193946125,572473_YES.csv,572473_YES
1771408560,2026-02-18 09:56:00,1,10194.473684,387.39,0.038000000000780965,387.39,,0.0375,0.0,0.0,0.001,0.02666666666666667,218202.67,284693.35,502896.02,43135.98999999999,-0.13221556217525834,0.0,0.13221556217525834,572473_YES.csv,572473_YES
1771408740,2026-02-18 09:59:00,2,120.0,4.5600000000000005,0.037999999999683336,2.2800000000000002,,0.0375,0.0,0.0,0.001,0.02666666666666667,217966.5,274378.87,492345.37,-10550.650000000023,-0.11457885752028092,10550.650000000023,0.11457885752028092,572473_YES.csv,572473_YES
1771408800,2026-02-18 10:00:00,1,5.0,0.19,0.0379999999924,0.19,,0.0375,0.0,0.0,0.001,0.02666666666666667,217966.5,274378.87,492345.37,0.0,-0.11457885752028092,-0.0,0.11457885752028092,572473_YES.csv,572473_YES
1771408920,2026-02-18 10:02:00,2,130.0,4.9399999999999995,0.03799999999970769,2.4699999999999998,,0.0375,0.0,0.0,0.001,0.02666666666666667,217863.89,276265.1,494128.99,1783.6199999999953,-0.11819021183112524,0.0,0.11819021183112524,572473_YES.csv,572473_YES
1771409160,2026-02-18 10:06:00,2,75.0,2.845,0.03793333333282756,1.4225,,0.0375,0.0,0.0,0.001,0.02666666666666667,217863.89,276265.1,494128.99,0.0,-0.11819021183112524,-0.0,0.11819021183112524,572473_YES.csv,572473_YES
1771409460,2026-02-18 10:11:00,1,3530.3,130.6211,0.03699999999998952,130.6211,,0.0375,0.0,0.0,0.001,0.02666666666666667,214110.94,276059.97,490170.91,-3958.0800000000163,-0.12638251013304722,3958.0800000000163,0.12638251013304722,572473_YES.csv,572473_YES
1771409520,2026-02-18 10:12:00,1,130.0,4.94,0.03799999999970769,4.94,,0.0375,0.0,0.0,0.001,0.02666666666666667,214110.94,276059.97,490170.91,0.0,-0.12638251013304722,-0.0,0.12638251013304722,572473_YES.csv,572473_YES
1771409760,2026-02-18 10:16:00,1,130.0,4.94,0.03799999999970769,4.94,,0.0375,0.0,0.0,0.001,0.02666666666666667,214110.94,276059.97,490170.91,0.0,-0.12638251013304722,-0.0,0.12638251013304722,572473_YES.csv,572473_YES
1771409880,2026-02-18 10:18:00,1,130.263156,4.949999000000001,0.03799999287566769,4.949999000000001,,0.0375,0.0,0.0,0.001,0.02666666666666667,214110.94,276059.97,490170.91,0.0,-0.12638251013304722,-0.0,0.12638251013304722,572473_YES.csv,572473_YES
1771410120,2026-02-18 10:22:00,1,60.0,2.28,0.037999999999366665,2.28,,0.0375,0.0,0.0,0.001,0.02666666666666667,214110.94,276059.97,490170.91,0.0,-0.12638251013304722,-0.0,0.12638251013304722,572473_YES.csv,572473_YES
1771410300,2026-02-18 10:25:00,2,3020.0,114.75999999999999,0.03799999999998741,57.379999999999995,,0.0375,0.0,0.0,0.001,0.02666666666666667,214110.94,276059.97,490170.91,0.0,-0.12638251013304722,-0.0,0.12638251013304722,572473_YES.csv,572473_YES
1771410660,2026-02-18 10:31:00,1,130.0,4.94,0.03799999999970769,4.94,,0.0375,0.0,0.0,0.001,0.02666666666666667,214110.94,276059.97,490170.91,0.0,-0.12638251013304722,-0.0,0.12638251013304722,572473_YES.csv,572473_YES
1771410900,2026-02-18 10:35:00,2,80.0,3.04,0.037999999999525,1.52,,0.0375,0.0,0.0,0.001,0.02666666666666667,216177.43,271626.39,487803.82,-2367.0899999999674,-0.113670614551563,2367.0899999999674,0.113670614551563,572473_YES.csv,572473_YES
1771411080,2026-02-18 10:38:00,2,76.315788,2.849999,0.0373448152034105,1.4249995,,0.0375,0.0,0.0,0.001,0.02666666666666667,216052.86,271462.58,487515.44,-288.38000000000466,-0.11365736436983417,288.38000000000466,0.11365736436983417,572473_YES.csv,572473_YES
1771411140,2026-02-18 10:39:00,1,50.0,1.9,0.03799999999924,1.9,,0.0375,0.0,0.0,0.001,0.02666666666666667,216052.86,271462.58,487515.44,0.0,-0.11365736436983417,-0.0,0.11365736436983417,572473_YES.csv,572473_YES
1771411380,2026-02-18 10:43:00,2,115.0,4.364999999999999,0.03795652173880037,2.1824999999999997,,0.0375,0.0,0.0,0.001,0.02666666666666667,216052.86,271462.58,487515.44,0.0,-0.11365736436983417,-0.0,0.11365736436983417,572473_YES.csv,572473_YES
1771411500,2026-02-18 10:45:00,1,5.0,0.185,0.0369999999926,0.185,,0.0375,0.0,0.0,0.001,0.02666666666666667,216052.86,271462.58,487515.44,0.0,-0.11365736436983417,-0.0,0.11365736436983417,572473_YES.csv,572473_YES
1771411560,2026-02-18 10:46:00,1,140.0,5.32,0.03799999999972858,5.32,,0.0375,0.0,0.0,0.001,0.02666666666666667,216052.86,271462.58,487515.44,0.0,-0.11365736436983417,-0.0,0.11365736436983417,572473_YES.csv,572473_YES
1771411680,2026-02-18 10:48:00,1,50.0,1.9,0.03799999999924,1.9,,0.0375,0.0,0.0,0.001,0.02666666666666667,216052.86,271462.58,487515.44,0.0,-0.11365736436983417,-0.0,0.11365736436983417,572473_YES.csv,572473_YES
1771411740,2026-02-18 10:49:00,1,801.05263,30.439999000000004,0.037999998826496566,30.439999000000004,,0.0375,0.0,0.0,0.001,0.02666666666666667,216052.86,271462.58,487515.44,0.0,-0.11365736436983417,-0.0,0.11365736436983417,572473_YES.csv,572473_YES
1771411860,2026-02-18 10:51:00,1,40.0,1.52,0.03799999999905,1.52,,0.0375,0.0,0.0,0.001,0.02666666666666667,216052.86,271462.58,487515.44,0.0,-0.11365736436983417,-0.0,0.11365736436983417,572473_YES.csv,572473_YES
1771412220,2026-02-18 10:57:00,2,100.0,3.75,0.037499999999625,1.875,,0.0375,0.0,0.0,0.001,0.02666666666666667,216052.86,271462.58,487515.44,0.0,-0.11365736436983417,-0.0,0.11365736436983417,572473_YES.csv,572473_YES
1771412280,2026-02-18 10:58:00,1,250.0,9.25,0.036999999999852,9.25,,0.0375,0.0,0.0,0.001,0.02666666666666667,216052.86,271462.58,487515.44,0.0,-0.11365736436983417,-0.0,0.11365736436983417,572473_YES.csv,572473_YES
1771412400,2026-02-18 11:00:00,1,40.0,1.52,0.03799999999905,1.52,,0.0375,0.0,0.0,0.001,0.02666666666666667,216052.86,271462.58,487515.44,0.0,-0.11365736436983417,-0.0,0.11365736436983417,572473_YES.csv,572473_YES
1771412460,2026-02-18 11:01:00,3,15.0,0.5700000000000001,0.03799999999746667,0.19000000000000003,,0.0375,0.0,0.0,0.001,0.02666666666666667,216052.86,271462.58,487515.44,0.0,-0.11365736436983417,-0.0,0.11365736436983417,572473_YES.csv,572473_YES
1771412520,2026-02-18 11:02:00,5,56.842104,2.159999,0.03799998325118296,0.4319998,,0.0375,0.0,0.0,0.001,0.02666666666666667,218840.17,266643.77,485483.94000000006,-2031.4999999999418,-0.0984658730420619,2031.4999999999418,0.0984658730420619,572473_YES.csv,572473_YES
1771412580,2026-02-18 11:03:00,6,106.84,3.97308,0.03718719580646586,0.66218,,0.0375,0.0,0.0,0.001,0.02666666666666667,218840.17,266643.77,485483.94000000006,0.0,-0.0984658730420619,-0.0,0.0984658730420619,572473_YES.csv,572473_YES
1771412640,2026-02-18 11:04:00,5,150.0,5.7,0.03799999999974667,1.1400000000000001,,0.0375,0.0,0.0,0.001,0.02666666666666667,218840.17,266643.77,485483.94000000006,0.0,-0.0984658730420619,-0.0,0.0984658730420619,572473_YES.csv,572473_YES
1771412700,2026-02-18 11:05:00,4,20.0,0.76,0.0379999999981,0.19,,0.0375,0.0,0.0,0.001,0.02666666666666667,218428.52,266258.96,484687.48,-796.4600000000792,-0.09868305242792744,796.4600000000792,0.09868305242792744,572473_YES.csv,572473_YES
1771412760,2026-02-18 11:06:00,6,140.0,5.319999999999999,0.03799999999972857,0.8866666666666666,,0.0375,0.0,0.0,0.001,0.02666666666666667,218428.52,266258.96,484687.48,0.0,-0.09868305242792744,-0.0,0.09868305242792744,572473_YES.csv,572473_YES
1771412820,2026-02-18 11:07:00,4,20.0,0.76,0.0379999999981,0.19,,0.0375,0.0,0.0,0.001,0.02666666666666667,218428.52,266258.96,484687.48,0.0,-0.09868305242792744,-0.0,0.09868305242792744,572473_YES.csv,572473_YES
1771412880,2026-02-18 11:08:00,4,20.0,0.76,0.0379999999981,0.19,,0.0375,0.0,0.0,0.001,0.02666666666666667,218316.96,324606.98,542923.94,58236.45999999996,-0.1957733158718328,0.0,0.1957733158718328,572473_YES.csv,572473_YES
1771413120,2026-02-18 11:12:00,1,90.0,3.42,0.037999999999577774,3.42,,0.0375,0.0,0.0,0.001,0.02666666666666667,218316.96,324606.98,542923.94,0.0,-0.1957733158718328,-0.0,0.1957733158718328,572473_YES.csv,572473_YES
1771413360,2026-02-18 11:16:00,1,70.0,2.66,0.03799999999945714,2.66,,0.0375,0.0,0.0,0.001,0.02666666666666667,218316.96,324606.98,542923.94,0.0,-0.1957733158718328,-0.0,0.1957733158718328,572473_YES.csv,572473_YES
1771413540,2026-02-18 11:19:00,1,200.0,7.6,0.03799999999981,7.6,,0.0375,0.0,0.0,0.001,0.02666666666666667,218316.96,324606.98,542923.94,0.0,-0.1957733158718328,-0.0,0.1957733158718328,572473_YES.csv,572473_YES
1771413660,2026-02-18 11:21:00,1,50.0,1.9,0.03799999999924,1.9,,0.0375,0.0,0.0,0.001,0.02666666666666667,218316.96,324606.98,542923.94,0.0,-0.1957733158718328,-0.0,0.1957733158718328,572473_YES.csv,572473_YES
1771413900,2026-02-18 11:25:00,1,60.0,2.28,0.037999999999366665,2.28,,0.0375,0.0,0.0,0.001,0.02666666666666667,218316.96,324606.98,542923.94,0.0,-0.1957733158718328,-0.0,0.1957733158718328,572473_YES.csv,572473_YES
1771414080,2026-02-18 11:28:00,2,192.0,7.224,0.03762499999980404,3.612,,0.0375,0.0,0.0,0.001,0.02666666666666667,218316.96,324606.98,542923.94,0.0,-0.1957733158718328,-0.0,0.1957733158718328,572473_YES.csv,572473_YES
1771414260,2026-02-18 11:31:00,2,57.631577,2.184999,0.03791322593796252,1.0924995,,0.0375,0.0,0.0,0.001,0.02666666666666667,218316.96,324606.98,542923.94,0.0,-0.1957733158718328,-0.0,0.1957733158718328,572473_YES.csv,572473_YES
1771414320,2026-02-18 11:32:00,2,115.0,4.364999999999999,0.03795652173880037,2.1824999999999997,,0.0375,0.0,0.0,0.001,0.02666666666666667,216107.73,324177.62,540285.35,-2638.5899999999674,-0.20002372820214354,2638.5899999999674,0.20002372820214354,572473_YES.csv,572473_YES
1771414380,2026-02-18 11:33:00,1,99.99,3.69963,0.03699999999962996,3.69963,,0.0375,0.0,0.0,0.001,0.02666666666666667,216107.73,324177.62,540285.35,0.0,-0.20002372820214354,-0.0,0.20002372820214354,572473_YES.csv,572473_YES
1771414560,2026-02-18 11:36:00,2,4550.263156,172.909999,0.03799999979604739,86.4549995,,0.0375,0.0,0.0,0.001,0.02666666666666667,216107.73,324177.62,540285.35,0.0,-0.20002372820214354,-0.0,0.20002372820214354,572473_YES.csv,572473_YES
1771415040,2026-02-18 11:44:00,1,160.0,6.08,0.0379999999997625,6.08,,0.0375,0.0,0.0,0.001,0.02666666666666667,215365.61,327884.5,543250.11,2964.7600000000093,-0.20712170679542066,0.0,0.20712170679542066,572473_YES.csv,572473_YES
1771415220,2026-02-18 11:47:00,1,30.0,1.14,0.03799999999873333,1.14,,0.0375,0.0,0.0,0.001,0.02666666666666667,215294.49,327726.69,543021.1799999999,-228.93000000005122,-0.20704938249369947,228.93000000005122,0.20704938249369947,572473_YES.csv,572473_YES
1771415460,2026-02-18 11:51:00,1,5.0,0.185,0.0369999999926,0.185,,0.0375,0.0,0.0,0.001,0.02666666666666667,215294.49,327726.69,543021.1799999999,0.0,-0.20704938249369947,-0.0,0.20704938249369947,572473_YES.csv,572473_YES
1771415520,2026-02-18 11:52:00,1,30.0,1.14,0.03799999999873333,1.14,,0.0375,0.0,0.0,0.001,0.02666666666666667,215294.49,327726.69,543021.1799999999,0.0,-0.20704938249369947,-0.0,0.20704938249369947,572473_YES.csv,572473_YES
1771415580,2026-02-18 11:53:00,1,147.105262,5.59,0.03800000029884719,5.59,,0.0375,0.0,0.0,0.001,0.02666666666666667,215206.73,325286.98000000004,540493.7100000001,-2527.4699999998556,-0.2036661074187154,2527.4699999998556,0.2036661074187154,572473_YES.csv,572473_YES
1771415640,2026-02-18 11:54:00,1,147.1,5.442699999999999,0.03699999999974847,5.442699999999999,,0.0375,0.0,0.0,0.001,0.02666666666666667,215206.73,325286.98000000004,540493.7100000001,0.0,-0.2036661074187154,-0.0,0.2036661074187154,572473_YES.csv,572473_YES
1771415940,2026-02-18 11:59:00,1,16.67,0.63346,0.037999999997720454,0.63346,,0.0375,0.0,0.0,0.001,0.02666666666666667,214899.0,325048.32,539947.3200000001,-546.390000000014,-0.20400012356761024,546.390000000014,0.20400012356761024,572473_YES.csv,572473_YES
1771416120,2026-02-18 12:02:00,1,130.0,4.81,0.036999999999715386,4.81,,0.0365,-0.026666666666666727,0.026666666666666727,0.001,0.027397260273972605,228203.87,326221.57,554425.44,14478.119999999879,-0.17679149066464198,0.0,0.17679149066464198,572473_YES.csv,572473_YES
1771416420,2026-02-18 12:07:00,2,170.0,6.035,0.03549999999979118,3.0175,,0.0365,0.0,0.0,0.001,0.027397260273972605,228203.87,326221.57,554425.44,0.0,-0.17679149066464198,-0.0,0.17679149066464198,572473_YES.csv,572473_YES
1771416480,2026-02-18 12:08:00,3,17697.931648,644.4799979999999,0.03641555469973771,214.82666599999996,,0.0355,-0.0273972602739726,0.0273972602739726,0.001,0.028169014084507046,455242.88,251697.03,706939.91,152514.4700000001,0.2879252495449012,0.0,0.2879252495449012,572473_YES.csv,572473_YES
1771416660,2026-02-18 12:11:00,1,90.0,3.24,0.0359999999996,3.24,,0.0355,0.0,0.0,0.001,0.028169014084507046,455246.11,273627.94,728874.05,21934.140000000014,0.2491763426067919,0.0,0.2491763426067919,572473_YES.csv,572473_YES
1771416900,2026-02-18 12:15:00,1,50.0,1.7999999999999998,0.03599999999928,1.7999999999999998,,0.0355,0.0,0.0,0.001,0.028169014084507046,455246.11,273627.94,728874.05,0.0,0.2491763426067919,-0.0,0.2491763426067919,572473_YES.csv,572473_YES
1771417020,2026-02-18 12:17:00,1,5.0,0.175,0.034999999993000006,0.175,,0.0355,0.0,0.0,0.001,0.028169014084507046,505091.61,308331.63,813423.24,84549.18999999994,0.24189126929788726,0.0,0.24189126929788726,572473_YES.csv,572473_YES
1771417260,2026-02-18 12:21:00,1,140.0,5.04,0.03599999999974286,5.04,,0.0355,0.0,0.0,0.001,0.028169014084507046,505091.61,308331.63,813423.24,0.0,0.24189126929788726,-0.0,0.24189126929788726,572473_YES.csv,572473_YES
1771417440,2026-02-18 12:24:00,1,28.0,0.98,0.03499999999875,0.98,,0.0355,0.0,0.0,0.001,0.028169014084507046,505091.61,308331.63,813423.24,0.0,0.24189126929788726,-0.0,0.24189126929788726,572473_YES.csv,572473_YES
1771417560,2026-02-18 12:26:00,1,41.11,1.4388500000000002,0.034999999999148636,1.4388500000000002,,0.0355,0.0,0.0,0.001,0.028169014084507046,504774.82,309233.76,814008.5800000001,585.3400000000838,0.24021990038483376,0.0,0.24021990038483376,572473_YES.csv,572473_YES
1771417620,2026-02-18 12:27:00,1,120.0,4.319999999999999,0.035999999999699994,4.319999999999999,,0.0355,0.0,0.0,0.001,0.028169014084507046,504774.82,309233.76,814008.5800000001,0.0,0.24021990038483376,-0.0,0.24021990038483376,572473_YES.csv,572473_YES
1771417800,2026-02-18 12:30:00,1,110.0,3.96,0.035999999999672724,3.96,,0.0355,0.0,0.0,0.001,0.028169014084507046,504774.82,309233.76,814008.5800000001,0.0,0.24021990038483376,-0.0,0.24021990038483376,572473_YES.csv,572473_YES
1771418040,2026-02-18 12:34:00,2,30220.71,1057.72485,0.034999999999998845,528.862425,,0.0355,0.0,0.0,0.001,0.028169014084507046,504774.82,309233.76,814008.5800000001,0.0,0.24021990038483376,-0.0,0.24021990038483376,572473_YES.csv,572473_YES
1771418220,2026-02-18 12:37:00,1,5.0,0.18,0.0359999999928,0.18,,0.0355,0.0,0.0,0.001,0.028169014084507046,504774.82,309233.76,814008.5800000001,0.0,0.24021990038483376,-0.0,0.24021990038483376,572473_YES.csv,572473_YES
1771418340,2026-02-18 12:39:00,1,130.06,4.5521,0.0349999999997309,4.5521,,0.0355,0.0,0.0,0.001,0.028169014084507046,504774.82,309233.76,814008.5800000001,0.0,0.24021990038483376,-0.0,0.24021990038483376,572473_YES.csv,572473_YES
1771419720,2026-02-18 13:02:00,1,90.0,3.1500000000000004,0.03499999999961111,3.1500000000000004,,0.0345,-0.028169014084506894,0.028169014084506894,0.001,0.02898550724637681,479204.15,307169.93,786374.0800000001,-27634.5,0.2187689350086412,27634.5,0.2187689350086412,572473_YES.csv,572473_YES
1771419960,2026-02-18 13:06:00,1,23.25,0.7905000000000001,0.03399999999853764,0.7905000000000001,,0.0345,0.0,0.0,0.001,0.02898550724637681,479204.15,307169.93,786374.0800000001,0.0,0.2187689350086412,-0.0,0.2187689350086412,572473_YES.csv,572473_YES
1771420260,2026-02-18 13:11:00,1,14285.714284,499.999999,0.03499999993419755,499.999999,,0.0345,0.0,0.0,0.001,0.02898550724637681,479146.99,295290.92,774437.9099999999,-11936.170000000158,0.23740582379289776,11936.170000000158,0.23740582379289776,572473_YES.csv,572473_YES
1771420560,2026-02-18 13:16:00,1,14285.71,485.71414,0.03399999999999762,485.71414,,0.0345,0.0,0.0,0.001,0.02898550724637681,479146.99,295290.92,774437.9099999999,0.0,0.23740582379289776,-0.0,0.23740582379289776,572473_YES.csv,572473_YES
1771421100,2026-02-18 13:25:00,1,2.09,0.07106,0.03399999998373206,0.07106,,0.0345,0.0,0.0,0.001,0.02898550724637681,479146.99,295290.92,774437.9099999999,0.0,0.23740582379289776,-0.0,0.23740582379289776,572473_YES.csv,572473_YES
1771421400,2026-02-18 13:30:00,2,623.455881,20.603749,0.03304764559589895,10.3018745,,0.0345,0.0,0.0,0.001,0.02898550724637681,479146.99,295290.92,774437.9099999999,0.0,0.23740582379289776,-0.0,0.23740582379289776,572473_YES.csv,572473_YES
1771421700,2026-02-18 13:35:00,3,4411.764702,149.999997,0.03399999934991229,49.999999,,0.0335,-0.02898550724637683,0.02898550724637683,0.001,0.029850746268656716,465539.77,132817.16,598356.93,-176080.97999999986,0.556060427009678,176080.97999999986,0.556060427009678,572473_YES.csv,572473_YES
1771421760,2026-02-18 13:36:00,2,1213.823528,41.26999899999999,0.03399999921567341,20.634999499999996,,0.0335,0.0,0.0,0.001,0.029850746268656716,465539.77,132817.16,598356.93,0.0,0.556060427009678,-0.0,0.556060427009678,572473_YES.csv,572473_YES
1771421940,2026-02-18 13:39:00,1,60.0,2.04,0.03399999999943334,2.04,,0.0335,0.0,0.0,0.001,0.029850746268656716,465539.77,132817.16,598356.93,0.0,0.556060427009678,-0.0,0.556060427009678,572473_YES.csv,572473_YES
1771422000,2026-02-18 13:40:00,1,70.0,2.3800000000000003,0.03399999999951429,2.3800000000000003,,0.0335,0.0,0.0,0.001,0.029850746268656716,465539.77,132817.16,598356.93,0.0,0.556060427009678,-0.0,0.556060427009678,572473_YES.csv,572473_YES
1771422120,2026-02-18 13:42:00,1,5.0,0.165,0.0329999999934,0.165,,0.0335,0.0,0.0,0.001,0.029850746268656716,465539.77,132817.16,598356.93,0.0,0.556060427009678,-0.0,0.556060427009678,572473_YES.csv,572473_YES
1771422180,2026-02-18 13:43:00,1,5.0,0.165,0.0329999999934,0.165,,0.0335,0.0,0.0,0.001,0.029850746268656716,465539.77,132817.16,598356.93,0.0,0.556060427009678,-0.0,0.556060427009678,572473_YES.csv,572473_YES
1771422240,2026-02-18 13:44:00,3,110.0,3.74,0.03399999999969091,1.2466666666666668,,0.0335,0.0,0.0,0.001,0.029850746268656716,466037.2,125752.03,591789.23,-6567.70000000007,0.5750107517164516,6567.70000000007,0.5750107517164516,572473_YES.csv,572473_YES
1771422300,2026-02-18 13:45:00,2,60.0,1.98,0.032999999999450004,0.99,,0.0335,0.0,0.0,0.001,0.029850746268656716,466037.2,125752.03,591789.23,0.0,0.5750107517164516,-0.0,0.5750107517164516,572473_YES.csv,572473_YES
1771422360,2026-02-18 13:46:00,3,222.347057,7.5450990000000004,0.0339338829205464,2.5150330000000003,,0.0335,0.0,0.0,0.001,0.029850746268656716,466037.2,125752.03,591789.23,0.0,0.5750107517164516,-0.0,0.5750107517164516,572473_YES.csv,572473_YES
1771422420,2026-02-18 13:47:00,2,1029.705881,34.009999,0.03302884797252796,17.0049995,,0.0335,0.0,0.0,0.001,0.029850746268656716,465796.43,125649.08,591445.51,-343.71999999997206,0.5751118983048835,343.71999999997206,0.5751118983048835,572473_YES.csv,572473_YES
1771422480,2026-02-18 13:48:00,1,19.47,0.66198,0.033999999998253726,0.66198,,0.0335,0.0,0.0,0.001,0.029850746268656716,465796.43,125649.08,591445.51,0.0,0.5751118983048835,-0.0,0.5751118983048835,572473_YES.csv,572473_YES
1771422540,2026-02-18 13:49:00,4,39250.284863,1370.628279,0.03492021226811554,342.65706975,,0.0335,0.0,0.0,0.001,0.029850746268656716,465796.43,125649.08,591445.51,0.0,0.5751118983048835,-0.0,0.5751118983048835,572473_YES.csv,572473_YES
1771422600,2026-02-18 13:50:00,3,169.62142699999998,5.936749,0.03499999442856355,1.9789163333333333,,0.036,0.07462686567164156,0.07462686567164156,0.002,0.05555555555555556,452508.22,452216.91,904725.1299999999,313279.6199999999,0.0003219872979542391,0.0,0.0003219872979542391,572473_YES.csv,572473_YES
1771422780,2026-02-18 13:53:00,2,278.888887,10.039999,0.03599999665803822,5.0199995,,0.0355,-0.01388888888888895,0.01388888888888895,0.001,0.028169014084507046,456735.16,349296.67,806031.83,-98693.29999999993,0.13329311076958336,98693.29999999993,0.13329311076958336,572473_YES.csv,572473_YES
1771422960,2026-02-18 13:56:00,1,500.0,18.5,0.036999999999926,18.5,,0.0365,0.028169014084507005,0.028169014084507005,0.001,0.027397260273972605,196715.7,448981.68,645697.38,-160334.44999999995,-0.3906876314102436,160334.44999999995,0.3906876314102436,572473_YES.csv,572473_YES
1771423140,2026-02-18 13:59:00,2,225.2,8.1772,0.036310834813337876,4.0886,,0.0365,0.0,0.0,0.001,0.027397260273972605,200498.53,448169.88,648668.41,2971.030000000028,-0.3818150324292808,0.0,0.3818150324292808,572473_YES.csv,572473_YES
1771423260,2026-02-18 14:01:00,1,582.83,20.98188,0.035999999999938234,20.98188,,0.0365,0.0,0.0,0.001,0.027397260273972605,200498.53,448169.88,648668.41,0.0,-0.3818150324292808,-0.0,0.3818150324292808,572473_YES.csv,572473_YES
1771423320,2026-02-18 14:02:00,1,5.0,0.175,0.034999999993000006,0.175,,0.0355,-0.0273972602739726,0.0273972602739726,0.001,0.028169014084507046,464897.1,343885.28,808782.38,160113.96999999997,0.14962222594414082,0.0,0.14962222594414082,572473_YES.csv,572473_YES
1771423380,2026-02-18 14:03:00,2,524.4100000000001,18.424350000000004,0.03513348334311868,9.212175000000002,,0.0355,0.0,0.0,0.001,0.028169014084507046,464897.1,343885.28,808782.38,0.0,0.14962222594414082,-0.0,0.14962222594414082,572473_YES.csv,572473_YES
1771423620,2026-02-18 14:07:00,1,55.555554,1.999999,0.0359999830073515,1.999999,,0.0355,0.0,0.0,0.001,0.028169014084507046,464897.1,343885.28,808782.38,0.0,0.14962222594414082,-0.0,0.14962222594414082,572473_YES.csv,572473_YES
1771423740,2026-02-18 14:09:00,1,100.0,3.6,0.035999999999639994,3.6,,0.0355,0.0,0.0,0.001,0.028169014084507046,464897.1,343885.28,808782.38,0.0,0.14962222594414082,-0.0,0.14962222594414082,572473_YES.csv,572473_YES
1771423800,2026-02-18 14:10:00,1,460.41,16.57476,0.03599999999992181,16.57476,,0.0355,0.0,0.0,0.001,0.028169014084507046,464897.1,343885.28,808782.38,0.0,0.14962222594414082,-0.0,0.14962222594414082,572473_YES.csv,572473_YES
1771423980,2026-02-18 14:13:00,2,140.0,5.18,0.036999999999735717,2.59,,0.0355,0.0,0.0,0.001,0.028169014084507046,464897.1,343885.28,808782.38,0.0,0.14962222594414082,-0.0,0.14962222594414082,572473_YES.csv,572473_YES
1771424160,2026-02-18 14:16:00,2,1175.9099999999999,42.33276,0.03599999999996938,21.16638,,0.0355,0.0,0.0,0.001,0.028169014084507046,464897.1,343885.28,808782.38,0.0,0.14962222594414082,-0.0,0.14962222594414082,572473_YES.csv,572473_YES
1771424220,2026-02-18 14:17:00,2,364.09,13.147239999999998,0.03610986294587572,6.573619999999999,,0.0365,0.028169014084507005,0.028169014084507005,0.001,0.027397260273972605,201541.51,431131.81,632673.3200000001,-176109.05999999994,-0.3628891763604003,176109.05999999994,0.3628891763604003,572473_YES.csv,572473_YES
1771424340,2026-02-18 14:19:00,2,581.82,20.945520000000002,0.03599999999993812,10.472760000000001,,0.0365,0.0,0.0,0.001,0.027397260273972605,201541.51,431131.81,632673.3200000001,0.0,-0.3628891763604003,-0.0,0.3628891763604003,572473_YES.csv,572473_YES
1771424400,2026-02-18 14:20:00,2,531.82,19.14552,0.03599999999993231,9.57276,,0.0365,0.0,0.0,0.001,0.027397260273972605,201959.69,431128.52,633088.21,414.88999999989755,-0.3619856228249773,0.0,0.3619856228249773,572473_YES.csv,572473_YES
1771424460,2026-02-18 14:21:00,4,786.36,28.45896,0.03619075232713237,7.11474,,0.0365,0.0,0.0,0.001,0.027397260273972605,201959.69,431128.52,633088.21,0.0,-0.3619856228249773,-0.0,0.3619856228249773,572473_YES.csv,572473_YES
1771424820,2026-02-18 14:27:00,2,225.135135,8.329999999999998,0.03700000002204453,4.164999999999999,,0.0365,0.0,0.0,0.001,0.027397260273972605,201959.69,431128.52,633088.21,0.0,-0.3619856228249773,-0.0,0.3619856228249773,572473_YES.csv,572473_YES
1771424880,2026-02-18 14:28:00,1,5.0,0.18,0.0359999999928,0.18,,0.0365,0.0,0.0,0.001,0.027397260273972605,201959.69,431128.52,633088.21,0.0,-0.3619856228249773,-0.0,0.3619856228249773,572473_YES.csv,572473_YES
1771425180,2026-02-18 14:33:00,1,1424.39,51.27804,0.03599999999997472,51.27804,,0.0365,0.0,0.0,0.001,0.027397260273972605,201959.69,431128.52,633088.21,0.0,-0.3619856228249773,-0.0,0.3619856228249773,572473_YES.csv,572473_YES
1771425600,2026-02-18 14:40:00,1,44.09,1.58724,0.03599999999918349,1.58724,,0.0365,0.0,0.0,0.001,0.027397260273972605,201959.69,431128.52,633088.21,0.0,-0.3619856228249773,-0.0,0.3619856228249773,572473_YES.csv,572473_YES
1771425660,2026-02-18 14:41:00,1,2105.26,75.78936,0.0359999999999829,75.78936,,0.0365,0.0,0.0,0.001,0.027397260273972605,205521.3,426012.47,631533.77,-1554.4399999999441,-0.34913599315520366,1554.4399999999441,0.34913599315520366,572473_YES.csv,572473_YES
1771425720,2026-02-18 14:42:00,5,4015.91,144.64276,0.036017430669503046,28.928552000000003,,0.0365,0.0,0.0,0.001,0.027397260273972605,205521.3,426012.47,631533.77,0.0,-0.34913599315520366,-0.0,0.34913599315520366,572473_YES.csv,572473_YES
1771426920,2026-02-18 15:02:00,1,1263.869735,47.999999,0.03797859674198305,47.999999,,0.037,0.013698630136986356,0.013698630136986356,0.002,0.05405405405405406,209969.38,437092.58,647061.96,15528.189999999944,-0.3510068803921034,0.0,0.3510068803921034,572473_YES.csv,572473_YES
1771428000,2026-02-18 15:20:00,1,23101.01,819.5184199999999,0.03547543678826007,819.5184199999999,,0.036,-0.027027027027027084,0.027027027027027084,0.002,0.05555555555555556,452254.72,495976.92,948231.6399999999,301169.67999999993,-0.04610919753742874,0.0,0.04610919753742874,572473_YES.csv,572473_YES
1771428240,2026-02-18 15:24:00,1,269.0,9.415,0.03499999999986989,9.415,,0.036,0.0,0.0,0.002,0.05555555555555556,452254.72,495976.92,948231.6399999999,0.0,-0.04610919753742874,-0.0,0.04610919753742874,572473_YES.csv,572473_YES
1771429020,2026-02-18 15:37:00,1,131.57,4.73652,0.03599999999972638,4.73652,,0.036,0.0,0.0,0.002,0.05555555555555556,452254.72,495976.92,948231.6399999999,0.0,-0.04610919753742874,-0.0,0.04610919753742874,572473_YES.csv,572473_YES
1771429260,2026-02-18 15:41:00,2,200.0,7.3999999999999995,0.036999999999815,3.6999999999999997,,0.0365,0.01388888888888884,0.01388888888888884,0.001,0.027397260273972605,199956.18,510565.28,710521.46,-237710.17999999993,-0.4371565357082952,237710.17999999993,0.4371565357082952,572473_YES.csv,572473_YES
1771429560,2026-02-18 15:46:00,1,104.52,3.76272,0.035999999999655564,3.76272,,0.0365,0.0,0.0,0.001,0.027397260273972605,199956.18,510565.28,710521.46,0.0,-0.4371565357082952,-0.0,0.4371565357082952,572473_YES.csv,572473_YES
1771429620,2026-02-18 15:47:00,1,30.0,1.11,0.036999999998766665,1.11,,0.0365,0.0,0.0,0.001,0.027397260273972605,200876.17,514809.51,715685.68,5164.2200000000885,-0.438646949034945,0.0,0.438646949034945,572473_YES.csv,572473_YES
1771429920,2026-02-18 15:52:00,2,55.0,2.0300000000000002,0.03690909090841983,1.0150000000000001,,0.0365,0.0,0.0,0.001,0.027397260273972605,200876.17,514809.51,715685.68,0.0,-0.438646949034945,-0.0,0.438646949034945,572473_YES.csv,572473_YES
1771429980,2026-02-18 15:53:00,3,53169.687296,1838.637059,0.03458055054497726,612.8790196666666,,0.0365,0.0,0.0,0.001,0.027397260273972605,200666.41,514730.75,715397.16,-288.5200000000186,-0.43900697061755173,288.5200000000186,0.43900697061755173,572473_YES.csv,572473_YES
1771430040,2026-02-18 15:54:00,1,5.0,0.17,0.033999999993200004,0.17,,0.0365,0.0,0.0,0.001,0.027397260273972605,200666.41,514730.75,715397.16,0.0,-0.43900697061755173,-0.0,0.43900697061755173,572473_YES.csv,572473_YES
1771430100,2026-02-18 15:55:00,1,135.13,4.45929,0.032999999999755794,4.45929,,0.0365,0.0,0.0,0.001,0.027397260273972605,200666.41,514730.75,715397.16,0.0,-0.43900697061755173,-0.0,0.43900697061755173,572473_YES.csv,572473_YES
1771430160,2026-02-18 15:56:00,1,70.0,2.3800000000000003,0.03399999999951429,2.3800000000000003,,0.0335,-0.08219178082191769,0.08219178082191769,0.001,0.029850746268656716,461969.7,185892.54,647862.24,-67534.92000000004,0.42613559327056943,67534.92000000004,0.42613559327056943,572473_YES.csv,572473_YES
1771430400,2026-02-18 16:00:00,2,131.133141,4.537819000000001,0.034604669463117604,2.2689095000000004,,0.0335,0.0,0.0,0.001,0.029850746268656716,461969.7,185892.54,647862.24,0.0,0.42613559327056943,-0.0,0.42613559327056943,572473_YES.csv,572473_YES
1771430460,2026-02-18 16:01:00,1,30.0,1.02,0.033999999998866666,1.02,,0.0335,0.0,0.0,0.001,0.029850746268656716,461969.7,185892.54,647862.24,0.0,0.42613559327056943,-0.0,0.42613559327056943,572473_YES.csv,572473_YES
1771430520,2026-02-18 16:02:00,1,100.588234,3.419999,0.03399999049556829,3.419999,,0.0335,0.0,0.0,0.001,0.029850746268656716,463079.93,196754.76,659834.69,11972.449999999953,0.40362408044960474,0.0,0.40362408044960474,572473_YES.csv,572473_YES
1771430700,2026-02-18 16:05:00,1,120.0,4.08,0.03399999999971667,4.08,,0.0335,0.0,0.0,0.001,0.029850746268656716,462934.13,199232.75,662166.88,2332.1900000000605,0.39824006298835124,0.0,0.39824006298835124,572473_YES.csv,572473_YES
1771430760,2026-02-18 16:06:00,1,8207.0,279.038,0.03399999999999586,279.038,,0.0335,0.0,0.0,0.001,0.029850746268656716,462934.13,199232.75,662166.88,0.0,0.39824006298835124,-0.0,0.39824006298835124,572473_YES.csv,572473_YES
1771430820,2026-02-18 16:07:00,1,1650.91,56.13094000000001,0.03399999999997941,56.13094000000001,,0.0335,0.0,0.0,0.001,0.029850746268656716,462934.13,199232.75,662166.88,0.0,0.39824006298835124,-0.0,0.39824006298835124,572473_YES.csv,572473_YES
1771430940,2026-02-18 16:09:00,3,6965.990000000001,230.21150999999998,0.033047924272065696,76.73716999999999,,0.0335,0.0,0.0,0.001,0.029850746268656716,462934.13,199232.75,662166.88,0.0,0.39824006298835124,-0.0,0.39824006298835124,572473_YES.csv,572473_YES
1771431120,2026-02-18 16:12:00,3,75.0,2.545,0.033933333332880886,0.8483333333333333,,0.0335,0.0,0.0,0.001,0.029850746268656716,462934.13,199232.75,662166.88,0.0,0.39824006298835124,-0.0,0.39824006298835124,572473_YES.csv,572473_YES
1771431300,2026-02-18 16:15:00,1,31.25,1.03125,0.032999999998944,1.03125,,0.0335,0.0,0.0,0.001,0.029850746268656716,462934.13,199232.75,662166.88,0.0,0.39824006298835124,-0.0,0.39824006298835124,572473_YES.csv,572473_YES
1771431540,2026-02-18 16:19:00,1,145.588234,4.949999,0.03399999343330176,4.949999,,0.0335,0.0,0.0,0.001,0.029850746268656716,462934.13,199232.75,662166.88,0.0,0.39824006298835124,-0.0,0.39824006298835124,572473_YES.csv,572473_YES
1771431780,2026-02-18 16:23:00,3,637.945881,21.190159,0.03321623296125143,7.063386333333334,,0.0335,0.0,0.0,0.001,0.029850746268656716,452708.57,186076.85,638785.42,-23381.459999999963,0.4174042043727297,23381.459999999963,0.4174042043727297,572473_YES.csv,572473_YES
1771431840,2026-02-18 16:24:00,1,30.0,1.05,0.03499999999883333,1.05,,0.0335,0.0,0.0,0.001,0.029850746268656716,452708.57,186076.85,638785.42,0.0,0.4174042043727297,-0.0,0.4174042043727297,572473_YES.csv,572473_YES
1771432260,2026-02-18 16:31:00,1,28.571427,0.999999,0.0349999669237731,0.999999,,0.0335,0.0,0.0,0.001,0.029850746268656716,452708.57,186076.85,638785.42,0.0,0.4174042043727297,-0.0,0.4174042043727297,572473_YES.csv,572473_YES
1771432440,2026-02-18 16:34:00,2,130.0,4.550000000000001,0.034999999999730774,2.2750000000000004,,0.0335,0.0,0.0,0.001,0.029850746268656716,452708.57,186076.85,638785.42,0.0,0.4174042043727297,-0.0,0.4174042043727297,572473_YES.csv,572473_YES
1771432740,2026-02-18 16:39:00,1,5.0,0.17,0.033999999993200004,0.17,,0.0335,0.0,0.0,0.001,0.029850746268656716,452708.57,186076.85,638785.42,0.0,0.4174042043727297,-0.0,0.4174042043727297,572473_YES.csv,572473_YES
1771432920,2026-02-18 16:42:00,1,28424.318647,1032.169999,0.03631291964526652,1032.169999,,0.0335,0.0,0.0,0.001,0.029850746268656716,452708.57,186076.85,638785.42,0.0,0.4174042043727297,-0.0,0.4174042043727297,572473_YES.csv,572473_YES
1771432980,2026-02-18 16:43:00,1,532.533243,19.6,0.03680521405489638,19.6,,0.0335,0.0,0.0,0.001,0.029850746268656716,452708.57,186076.85,638785.42,0.0,0.4174042043727297,-0.0,0.4174042043727297,572473_YES.csv,572473_YES
1771433340,2026-02-18 16:49:00,1,27.777776,0.999999,0.0359999663027018,0.999999,,0.0335,0.0,0.0,0.001,0.029850746268656716,452708.57,186076.85,638785.42,0.0,0.4174042043727297,-0.0,0.4174042043727297,572473_YES.csv,572473_YES
1771434180,2026-02-18 17:03:00,1,135.135135,4.999999999999999,0.0370000000367262,4.999999999999999,,0.0335,0.0,0.0,0.001,0.029850746268656716,452708.57,186076.85,638785.42,0.0,0.4174042043727297,-0.0,0.4174042043727297,572473_YES.csv,572473_YES
1771434240,2026-02-18 17:04:00,1,135.135135,4.999999999999999,0.0370000000367262,4.999999999999999,,0.0335,0.0,0.0,0.001,0.029850746268656716,452708.57,186076.85,638785.42,0.0,0.4174042043727297,-0.0,0.4174042043727297,572473_YES.csv,572473_YES
1771434720,2026-02-18 17:12:00,1,135.135135,4.999999999999999,0.0370000000367262,4.999999999999999,,0.0335,0.0,0.0,0.001,0.029850746268656716,452708.57,186076.85,638785.42,0.0,0.4174042043727297,-0.0,0.4174042043727297,572473_YES.csv,572473_YES
1771434960,2026-02-18 17:16:00,1,135.13,4.78002,0.03537349219244153,4.78002,,0.0335,0.0,0.0,0.001,0.029850746268656716,452708.57,186076.85,638785.42,0.0,0.4174042043727297,-0.0,0.4174042043727297,572473_YES.csv,572473_YES
1771435440,2026-02-18 17:24:00,1,60.0,2.16,0.0359999999994,2.16,,0.0335,0.0,0.0,0.001,0.029850746268656716,452708.57,186076.85,638785.42,0.0,0.4174042043727297,-0.0,0.4174042043727297,572473_YES.csv,572473_YES
1771435500,2026-02-18 17:25:00,1,40.0,1.44,0.0359999999991,1.44,,0.0335,0.0,0.0,0.001,0.029850746268656716,452708.57,186076.85,638785.42,0.0,0.4174042043727297,-0.0,0.4174042043727297,572473_YES.csv,572473_YES
1771435980,2026-02-18 17:33:00,1,968.0,35.78107,0.03696391528921791,35.78107,,0.0335,0.0,0.0,0.001,0.029850746268656716,452708.57,186076.85,638785.42,0.0,0.4174042043727297,-0.0,0.4174042043727297,572473_YES.csv,572473_YES
1771436280,2026-02-18 17:38:00,1,100.0,3.7,0.036999999999629996,3.7,,0.036,0.07462686567164156,0.07462686567164156,0.002,0.05555555555555556,456042.47,516840.92,972883.3899999999,334097.96999999986,-0.06249304965521101,0.0,0.06249304965521101,572473_YES.csv,572473_YES
1771436460,2026-02-18 17:41:00,1,27.027027,1.0,0.037000000035630996,1.0,,0.0365,0.01388888888888884,0.01388888888888884,0.001,0.027397260273972605,189716.92,512691.45,702408.37,-270475.0199999999,-0.4598101955988936,270475.0199999999,0.4598101955988936,572473_YES.csv,572473_YES
1771436820,2026-02-18 17:47:00,2,3485.145135,125.60036,0.03603877460901322,62.80018,,0.0365,0.0,0.0,0.001,0.027397260273972605,192457.92,520573.31,713031.23,10622.859999999986,-0.4601697319765363,0.0,0.4601697319765363,572473_YES.csv,572473_YES
1771437360,2026-02-18 17:56:00,1,1619.729728,59.329999,0.036629567250841585,59.329999,,0.0355,-0.0273972602739726,0.0273972602739726,0.001,0.028169014084507046,462006.91,414810.12,876817.03,163785.80000000005,0.053827410263689764,0.0,0.053827410263689764,572473_YES.csv,572473_YES
1771437540,2026-02-18 17:59:00,1,6000.0,210.00000000000003,0.03499999999999417,210.00000000000003,,0.036,0.014084507042253502,0.014084507042253502,0.002,0.05555555555555556,460970.68,516230.47,977201.1499999999,100384.11999999988,-0.05654904315247683,0.0,0.05654904315247683,572473_YES.csv,572473_YES
1771437780,2026-02-18 18:03:00,1,5.0,0.18,0.0359999999928,0.18,,0.036,0.0,0.0,0.002,0.05555555555555556,460970.68,516230.47,977201.1499999999,0.0,-0.05654904315247683,-0.0,0.05654904315247683,572473_YES.csv,572473_YES
1771437900,2026-02-18 18:05:00,1,5.0,0.175,0.034999999993000006,0.175,,0.036,0.0,0.0,0.002,0.05555555555555556,461138.98,522848.54,983987.52,6786.370000000112,-0.0627137628737405,0.0,0.0627137628737405,572473_YES.csv,572473_YES
1771438380,2026-02-18 18:13:00,1,150.0,5.4,0.03599999999976,5.4,,0.036,0.0,0.0,0.002,0.05555555555555556,461138.98,522848.54,983987.52,0.0,-0.0627137628737405,-0.0,0.0627137628737405,572473_YES.csv,572473_YES
1771438980,2026-02-18 18:23:00,1,5.0,0.175,0.034999999993000006,0.175,,0.036,0.0,0.0,0.002,0.05555555555555556,465886.89,520891.91,986778.8,2791.280000000028,-0.055741996078553735,0.0,0.055741996078553735,572473_YES.csv,572473_YES
1771439400,2026-02-18 18:30:00,1,168.68,5.9038,0.03499999999979251,5.9038,,0.036,0.0,0.0,0.002,0.05555555555555556,465886.89,520891.91,986778.8,0.0,-0.055741996078553735,-0.0,0.055741996078553735,572473_YES.csv,572473_YES
1771439520,2026-02-18 18:32:00,1,783.39,27.418650000000003,0.03499999999995533,27.418650000000003,,0.0355,-0.01388888888888895,0.01388888888888895,0.001,0.028169014084507046,458340.37,431321.47,889661.84,-97116.96000000008,0.030369853786243125,97116.96000000008,0.030369853786243125,572473_YES.csv,572473_YES
1771439580,2026-02-18 18:33:00,2,727.333332,25.539999,0.03511457247495552,12.7699995,,0.0355,0.0,0.0,0.001,0.028169014084507046,458340.37,431321.47,889661.84,0.0,0.030369853786243125,-0.0,0.030369853786243125,572473_YES.csv,572473_YES
1771439640,2026-02-18 18:34:00,1,54.605135,2.0,0.03662659198559565,2.0,,0.0355,0.0,0.0,0.001,0.028169014084507046,458340.37,431321.47,889661.84,0.0,0.030369853786243125,-0.0,0.030369853786243125,572473_YES.csv,572473_YES
1771440540,2026-02-18 18:49:00,1,5.0,0.175,0.034999999993000006,0.175,,0.0355,0.0,0.0,0.001,0.028169014084507046,458340.37,431321.47,889661.84,0.0,0.030369853786243125,-0.0,0.030369853786243125,572473_YES.csv,572473_YES
1771440840,2026-02-18 18:54:00,1,27.027027,1.0,0.037000000035630996,1.0,,0.0355,0.0,0.0,0.001,0.028169014084507046,458340.37,431321.47,889661.84,0.0,0.030369853786243125,-0.0,0.030369853786243125,572473_YES.csv,572473_YES
1771441200,2026-02-18 19:00:00,2,290.0,10.73,0.03699999999987242,5.365,,0.0355,0.0,0.0,0.001,0.028169014084507046,458340.37,431321.47,889661.84,0.0,0.030369853786243125,-0.0,0.030369853786243125,572473_YES.csv,572473_YES
1771441320,2026-02-18 19:02:00,1,6000.0,210.7235,0.035120583333327446,210.7235,,0.0365,0.028169014084507005,0.028169014084507005,0.001,0.027397260273972605,191845.26,527448.24,719293.5,-170368.33999999997,-0.4665730748296766,170368.33999999997,0.4665730748296766,572473_YES.csv,572473_YES
1771441980,2026-02-18 19:13:00,1,3081.081081,114.0,0.0370000000009616,114.0,,0.0365,0.0,0.0,0.001,0.027397260273972605,191845.26,527448.24,719293.5,0.0,-0.4665730748296766,-0.0,0.4665730748296766,572473_YES.csv,572473_YES
1771442100,2026-02-18 19:15:00,1,843.0,29.505000000000003,0.03499999999995849,29.505000000000003,,0.0365,0.0,0.0,0.001,0.027397260273972605,191845.26,527448.24,719293.5,0.0,-0.4665730748296766,-0.0,0.4665730748296766,572473_YES.csv,572473_YES
1771442400,2026-02-18 19:20:00,1,1000.0,35.0,0.034999999999965004,35.0,,0.036,-0.013698630136986356,0.013698630136986356,0.002,0.05555555555555556,467901.98,407381.43,875283.4099999999,155989.90999999992,0.06914394733015675,0.0,0.06914394733015675,572473_YES.csv,572473_YES
1771443360,2026-02-18 19:36:00,1,3032.972971,112.219999,0.036999999694347,112.219999,,0.036,0.0,0.0,0.002,0.05555555555555556,467901.98,407381.43,875283.4099999999,0.0,0.06914394733015675,-0.0,0.06914394733015675,572473_YES.csv,572473_YES
1771443720,2026-02-18 19:42:00,1,90.0,3.33,0.03699999999958888,3.33,,0.036,0.0,0.0,0.002,0.05555555555555556,467901.98,407381.43,875283.4099999999,0.0,0.06914394733015675,-0.0,0.06914394733015675,572473_YES.csv,572473_YES
1771443780,2026-02-18 19:43:00,1,165.71,5.96556,0.035999999999782754,5.96556,,0.036,0.0,0.0,0.002,0.05555555555555556,467901.98,407381.43,875283.4099999999,0.0,0.06914394733015675,-0.0,0.06914394733015675,572473_YES.csv,572473_YES
1771444200,2026-02-18 19:50:00,1,14706.35,544.13495,0.03699999999999748,544.13495,,0.037,0.0277777777777779,0.0277777777777779,0.002,0.05405405405405406,190381.55,490928.74,681310.29,-193973.11999999988,-0.4411311474541211,193973.11999999988,0.4411311474541211,572473_YES.csv,572473_YES
1771444740,2026-02-18 19:59:00,1,15736.842104,597.999999,0.037999999939502586,597.999999,,0.0375,0.013513513513513598,0.013513513513513598,0.001,0.02666666666666667,150082.91,488181.4,638264.31,-43045.97999999998,-0.5297154873033711,43045.97999999998,0.5297154873033711,572473_YES.csv,572473_YES
1771444920,2026-02-18 20:02:00,1,30.0,1.14,0.03799999999873333,1.14,,0.0375,0.0,0.0,0.001,0.02666666666666667,149879.47,475994.94,625874.41,-12389.900000000023,-0.5210557658045165,12389.900000000023,0.5210557658045165,572473_YES.csv,572473_YES
1771445040,2026-02-18 20:04:00,1,130.0,4.94,0.03799999999970769,4.94,,0.0375,0.0,0.0,0.001,0.02666666666666667,149879.47,475994.94,625874.41,0.0,-0.5210557658045165,-0.0,0.5210557658045165,572473_YES.csv,572473_YES
1771445220,2026-02-18 20:07:00,1,80.0,3.04,0.037999999999525,3.04,,0.0375,0.0,0.0,0.001,0.02666666666666667,149879.47,475994.94,625874.41,0.0,-0.5210557658045165,-0.0,0.5210557658045165,572473_YES.csv,572473_YES
1771445280,2026-02-18 20:08:00,1,70.0,2.66,0.03799999999945714,2.66,,0.0375,0.0,0.0,0.001,0.02666666666666667,149498.68,465598.15,615096.8300000001,-10777.579999999958,-0.5139019656466121,10777.579999999958,0.5139019656466121,572473_YES.csv,572473_YES
1771445580,2026-02-18 20:13:00,2,200.0,7.4,0.036999999999815,3.7,,0.0375,0.0,0.0,0.001,0.02666666666666667,149498.68,465598.15,615096.8300000001,0.0,-0.5139019656466121,-0.0,0.5139019656466121,572473_YES.csv,572473_YES
1771445640,2026-02-18 20:14:00,1,5.0,0.18,0.0359999999928,0.18,,0.0365,-0.026666666666666727,0.026666666666666727,0.001,0.027397260273972605,195098.59,461487.33,656585.92,41489.08999999997,-0.40571802087988723,0.0,0.40571802087988723,572473_YES.csv,572473_YES
1771445700,2026-02-18 20:15:00,1,1200.0,44.4,0.03699999999996917,44.4,,0.0365,0.0,0.0,0.001,0.027397260273972605,195098.59,461487.33,656585.92,0.0,-0.40571802087988723,-0.0,0.40571802087988723,572473_YES.csv,572473_YES
1771445760,2026-02-18 20:16:00,1,5.0,0.18,0.0359999999928,0.18,,0.0365,0.0,0.0,0.001,0.027397260273972605,195098.59,461487.33,656585.92,0.0,-0.40571802087988723,-0.0,0.40571802087988723,572473_YES.csv,572473_YES
1771445820,2026-02-18 20:17:00,2,167.03,6.153079999999999,0.036838172783111786,3.0765399999999996,,0.0365,0.0,0.0,0.001,0.027397260273972605,194885.76,456595.05,651480.81,-5105.109999999986,-0.4017145033021003,5105.109999999986,0.4017145033021003,572473_YES.csv,572473_YES
1771446060,2026-02-18 20:21:00,2,6479.5324310000005,239.742699,0.03699999985384176,119.8713495,,0.0365,0.0,0.0,0.001,0.027397260273972605,194885.76,456595.05,651480.81,0.0,-0.4017145033021003,-0.0,0.4017145033021003,572473_YES.csv,572473_YES
1771446660,2026-02-18 20:31:00,1,10000.0,357.68344,0.03576834399999642,357.68344,,0.0365,0.0,0.0,0.001,0.027397260273972605,194885.76,456595.05,651480.81,0.0,-0.4017145033021003,-0.0,0.4017145033021003,572473_YES.csv,572473_YES
1771446900,2026-02-18 20:35:00,1,5.0,0.18,0.0359999999928,0.18,,0.0365,0.0,0.0,0.001,0.027397260273972605,207055.06,439313.22,646368.28,-5112.530000000028,-0.3593279051379191,5112.530000000028,0.3593279051379191,572473_YES.csv,572473_YES
1771446960,2026-02-18 20:36:00,1,5673.93,209.93541,0.036999999999993476,209.93541,,0.0365,0.0,0.0,0.001,0.027397260273972605,207055.06,439313.22,646368.28,0.0,-0.3593279051379191,-0.0,0.3593279051379191,572473_YES.csv,572473_YES
1771447200,2026-02-18 20:40:00,1,969.53,35.872609999999995,0.036999999999961834,35.872609999999995,,0.0365,0.0,0.0,0.001,0.027397260273972605,207055.06,439313.22,646368.28,0.0,-0.3593279051379191,-0.0,0.3593279051379191,572473_YES.csv,572473_YES
1771447740,2026-02-18 20:49:00,1,30.0,1.11,0.036999999998766665,1.11,,0.0365,0.0,0.0,0.001,0.027397260273972605,207055.06,439313.22,646368.28,0.0,-0.3593279051379191,-0.0,0.3593279051379191,572473_YES.csv,572473_YES
1771447800,2026-02-18 20:50:00,1,30.0,1.11,0.036999999998766665,1.11,,0.0365,0.0,0.0,0.001,0.027397260273972605,205829.71,438099.13,643928.84,-2439.4400000000605,-0.360706658207761,2439.4400000000605,0.360706658207761,572473_YES.csv,572473_YES
1771448100,2026-02-18 20:55:00,1,120.0,4.44,0.03699999999969166,4.44,,0.0365,0.0,0.0,0.001,0.027397260273972605,205829.71,438099.13,643928.84,0.0,-0.360706658207761,-0.0,0.360706658207761,572473_YES.csv,572473_YES
1771448460,2026-02-18 21:01:00,1,5.0,0.18,0.0359999999928,0.18,,0.0365,0.0,0.0,0.001,0.027397260273972605,205829.71,438099.13,643928.84,0.0,-0.360706658207761,-0.0,0.360706658207761,572473_YES.csv,572473_YES
1771448640,2026-02-18 21:04:00,1,600.0,21.6,0.03599999999994,21.6,,0.0365,0.0,0.0,0.001,0.027397260273972605,205829.71,438099.13,643928.84,0.0,-0.360706658207761,-0.0,0.360706658207761,572473_YES.csv,572473_YES
1771449720,2026-02-18 21:22:00,1,22.72,0.8179199999999999,0.03599999999841549,0.8179199999999999,,0.0365,0.0,0.0,0.001,0.027397260273972605,205829.71,438099.13,643928.84,0.0,-0.360706658207761,-0.0,0.360706658207761,572473_YES.csv,572473_YES
1771449960,2026-02-18 21:26:00,3,4264.542933000001,159.999997,0.03751867421989029,53.33333233333334,,0.0365,0.0,0.0,0.001,0.027397260273972605,204025.66,441655.09,645680.75,1751.9100000000326,-0.3680292931142829,0.0,0.3680292931142829,572473_YES.csv,572473_YES
1771450200,2026-02-18 21:30:00,1,70.0,2.59,0.03699999999947143,2.59,,0.0365,0.0,0.0,0.001,0.027397260273972605,204025.66,441655.09,645680.75,0.0,-0.3680292931142829,-0.0,0.3680292931142829,572473_YES.csv,572473_YES
1771450320,2026-02-18 21:32:00,1,50.0,1.85,0.03699999999926,1.85,,0.0365,0.0,0.0,0.001,0.027397260273972605,205210.53,435237.59,640448.12,-5232.630000000005,-0.3591657978479194,5232.630000000005,0.3591657978479194,572473_YES.csv,572473_YES
1771450860,2026-02-18 21:41:00,1,135.13,4.86468,0.03599999999973359,4.86468,,0.037,0.013698630136986356,0.013698630136986356,0.002,0.05405405405405406,207074.15,440272.19,647346.34,6898.219999999972,-0.36023690193413316,0.0,0.36023690193413316,572473_YES.csv,572473_YES
1771451340,2026-02-18 21:49:00,1,1555.0,59.09,0.03799999999997556,59.09,,0.037,0.0,0.0,0.002,0.05405405405405406,207074.15,440272.19,647346.34,0.0,-0.36023690193413316,-0.0,0.36023690193413316,572473_YES.csv,572473_YES
1771451520,2026-02-18 21:52:00,1,39320.789472,1494.189999,0.03799999997619484,1494.189999,,0.037,0.0,0.0,0.002,0.05405405405405406,207074.15,440272.19,647346.34,0.0,-0.36023690193413316,-0.0,0.36023690193413316,572473_YES.csv,572473_YES
1771451700,2026-02-18 21:55:00,1,260.526314,9.899999,0.037999996422480344,9.899999,,0.037,0.0,0.0,0.002,0.05405405405405406,207074.15,440272.19,647346.34,0.0,-0.36023690193413316,-0.0,0.36023690193413316,572473_YES.csv,572473_YES
1771451880,2026-02-18 21:58:00,1,26.315788,0.999999,0.0379999641265539,0.999999,,0.037,0.0,0.0,0.002,0.05405405405405406,207074.15,440272.19,647346.34,0.0,-0.36023690193413316,-0.0,0.36023690193413316,572473_YES.csv,572473_YES
1771452480,2026-02-18 22:08:00,1,52.631577,1.999999,0.0379999824052773,1.999999,,0.0375,0.013513513513513598,0.013513513513513598,0.001,0.02666666666666667,153804.47,385364.41,539168.88,-108177.45999999996,-0.4294757145479167,108177.45999999996,0.4294757145479167,572473_YES.csv,572473_YES
1771452660,2026-02-18 22:11:00,1,721.842104,27.429999,0.03799999868109936,27.429999,,0.0375,0.0,0.0,0.001,0.02666666666666667,153754.28,388251.57,542005.85,2836.969999999972,-0.4326471568526429,0.0,0.4326471568526429,572473_YES.csv,572473_YES
1771453020,2026-02-18 22:17:00,1,1447.36842,55.0,0.03800000002761005,55.0,,0.0375,0.0,0.0,0.001,0.02666666666666667,153129.97,387523.54,540653.51,-1352.3399999999674,-0.4335374979809157,1352.3399999999674,0.4335374979809157,572473_YES.csv,572473_YES
1771453080,2026-02-18 22:18:00,1,631.315788,23.989999,0.03799999850465001,23.989999,,0.0375,0.0,0.0,0.001,0.02666666666666667,153129.97,387523.54,540653.51,0.0,-0.4335374979809157,-0.0,0.4335374979809157,572473_YES.csv,572473_YES
1771453560,2026-02-18 22:26:00,1,5.0,0.185,0.0369999999926,0.185,,0.0375,0.0,0.0,0.001,0.02666666666666667,158922.46,387936.17,546858.63,6205.119999999995,-0.41878046251185613,0.0,0.41878046251185613,572473_YES.csv,572473_YES
1771453620,2026-02-18 22:27:00,1,5.0,0.18,0.0359999999928,0.18,,0.0375,0.0,0.0,0.001,0.02666666666666667,158922.46,387936.17,546858.63,0.0,-0.41878046251185613,-0.0,0.41878046251185613,572473_YES.csv,572473_YES
1771453740,2026-02-18 22:29:00,3,1183.82,42.61752,0.035999999999969584,14.20584,,0.037,-0.013333333333333308,0.013333333333333308,0.002,0.05405405405405406,198868.77,379207.32,578076.09,31217.459999999963,-0.31196334378749346,0.0,0.31196334378749346,572473_YES.csv,572473_YES
1771454700,2026-02-18 22:45:00,1,5.0,0.18,0.0359999999928,0.18,,0.037,0.0,0.0,0.002,0.05405405405405406,198868.77,379207.32,578076.09,0.0,-0.31196334378749346,-0.0,0.31196334378749346,572473_YES.csv,572473_YES
1771455120,2026-02-18 22:52:00,1,1498.378377,55.439999,0.03699999936662391,55.439999,,0.037,0.0,0.0,0.002,0.05405405405405406,198868.77,379207.32,578076.09,0.0,-0.31196334378749346,-0.0,0.31196334378749346,572473_YES.csv,572473_YES
1771455240,2026-02-18 22:54:00,1,5.0,0.18,0.0359999999928,0.18,,0.037,0.0,0.0,0.002,0.05405405405405406,198868.77,379207.32,578076.09,0.0,-0.31196334378749346,-0.0,0.31196334378749346,572473_YES.csv,572473_YES
1771455960,2026-02-18 23:06:00,1,2229.9,79.95862000000001,0.03585749136730972,79.95862000000001,,0.037,0.0,0.0,0.002,0.05405405405405406,198868.77,379207.32,578076.09,0.0,-0.31196334378749346,-0.0,0.31196334378749346,572473_YES.csv,572473_YES
1771456260,2026-02-18 23:11:00,1,19987.77,699.5719500000001,0.034999999999998255,699.5719500000001,,0.036,-0.027027027027027084,0.027027027027027084,0.002,0.05555555555555556,442514.09,331521.2,774035.29,195959.20000000007,0.1433951286639657,0.0,0.1433951286639657,572473_YES.csv,572473_YES
1771456320,2026-02-18 23:12:00,1,5.0,0.175,0.034999999993000006,0.175,,0.036,0.0,0.0,0.002,0.05555555555555556,442514.09,331521.2,774035.29,0.0,0.1433951286639657,-0.0,0.1433951286639657,572473_YES.csv,572473_YES
1771456560,2026-02-18 23:16:00,2,152.631577,5.699999,0.037344821510706484,2.8499995,,0.036,0.0,0.0,0.002,0.05555555555555556,442514.09,331521.2,774035.29,0.0,0.1433951286639657,-0.0,0.1433951286639657,572473_YES.csv,572473_YES
1771457100,2026-02-18 23:25:00,1,1052.631577,39.999999,0.037999999120263896,39.999999,,0.036,0.0,0.0,0.002,0.05555555555555556,442514.09,331521.2,774035.29,0.0,0.1433951286639657,-0.0,0.1433951286639657,572473_YES.csv,572473_YES
1771457400,2026-02-18 23:30:00,1,60.0,2.28,0.037999999999366665,2.28,,0.036,0.0,0.0,0.002,0.05555555555555556,442514.09,331521.2,774035.29,0.0,0.1433951286639657,-0.0,0.1433951286639657,572473_YES.csv,572473_YES
1771457820,2026-02-18 23:37:00,1,762.162161,28.2,0.03700000005636986,28.2,,0.036,0.0,0.0,0.002,0.05555555555555556,442514.09,331521.2,774035.29,0.0,0.1433951286639657,-0.0,0.1433951286639657,572473_YES.csv,572473_YES
1771458000,2026-02-18 23:40:00,1,8243.243242,305.0,0.03700000000557581,305.0,,0.036,0.0,0.0,0.002,0.05555555555555556,442514.09,331521.2,774035.29,0.0,0.1433951286639657,-0.0,0.1433951286639657,572473_YES.csv,572473_YES
1771458060,2026-02-18 23:41:00,1,270.270269,9.999999,0.036999996473762994,9.999999,,0.0365,0.01388888888888884,0.01388888888888884,0.001,0.027397260273972605,140938.33000000002,385762.97,526701.3,-247333.99,-0.464826344647336,247333.99,0.464826344647336,572473_YES.csv,572473_YES
1771458360,2026-02-18 23:46:00,2,160.0,5.76,0.035999999999775004,2.88,,0.0365,0.0,0.0,0.001,0.027397260273972605,140938.33000000002,385762.97,526701.3,0.0,-0.464826344647336,-0.0,0.464826344647336,572473_YES.csv,572473_YES
1771458540,2026-02-18 23:49:00,1,100.0,3.6,0.035999999999639994,3.6,,0.0365,0.0,0.0,0.001,0.027397260273972605,140938.33000000002,385762.97,526701.3,0.0,-0.464826344647336,-0.0,0.464826344647336,572473_YES.csv,572473_YES
1771458660,2026-02-18 23:51:00,1,27.777776,0.999999,0.0359999663027018,0.999999,,0.0365,0.0,0.0,0.001,0.027397260273972605,140938.33000000002,385762.97,526701.3,0.0,-0.464826344647336,-0.0,0.464826344647336,572473_YES.csv,572473_YES
1771458840,2026-02-18 23:54:00,1,55.555554,1.999999,0.0359999830073515,1.999999,,0.0365,0.0,0.0,0.001,0.027397260273972605,140938.33000000002,385762.97,526701.3,0.0,-0.464826344647336,-0.0,0.464826344647336,572473_YES.csv,572473_YES
1771458960,2026-02-18 23:56:00,1,1250.0,43.75000000000001,0.034999999999972005,43.75000000000001,,0.0355,-0.0273972602739726,0.0273972602739726,0.001,0.028169014084507046,404962.17,282766.81,687728.98,161027.67999999993,0.17767952718816646,0.0,0.17767952718816646,572473_YES.csv,572473_YES
1771459260,2026-02-19 00:01:00,1,27.777776,0.999999,0.0359999663027018,0.999999,,0.0355,0.0,0.0,0.001,0.028169014084507046,404962.17,282766.81,687728.98,0.0,0.17767952718816646,-0.0,0.17767952718816646,572473_YES.csv,572473_YES
1771459800,2026-02-19 00:10:00,1,5.0,0.18,0.0359999999928,0.18,,0.0355,0.0,0.0,0.001,0.028169014084507046,404962.17,282766.81,687728.98,0.0,0.17767952718816646,-0.0,0.17767952718816646,572473_YES.csv,572473_YES
1771460280,2026-02-19 00:18:00,1,5.0,0.18,0.0359999999928,0.18,,0.0355,0.0,0.0,0.001,0.028169014084507046,404962.17,282766.81,687728.98,0.0,0.17767952718816646,-0.0,0.17767952718816646,572473_YES.csv,572473_YES
1771460640,2026-02-19 00:24:00,1,5.0,0.18,0.0359999999928,0.18,,0.0355,0.0,0.0,0.001,0.028169014084507046,404962.17,282766.81,687728.98,0.0,0.17767952718816646,-0.0,0.17767952718816646,572473_YES.csv,572473_YES
1771461060,2026-02-19 00:31:00,1,1250.0,43.75000000000001,0.034999999999972005,43.75000000000001,,0.0355,0.0,0.0,0.001,0.028169014084507046,404962.17,282766.81,687728.98,0.0,0.17767952718816646,-0.0,0.17767952718816646,572473_YES.csv,572473_YES
1771461240,2026-02-19 00:34:00,2,115.0,4.135,0.03595652173881777,2.0675,,0.0355,0.0,0.0,0.001,0.028169014084507046,404962.17,282766.81,687728.98,0.0,0.17767952718816646,-0.0,0.17767952718816646,572473_YES.csv,572473_YES
1771461360,2026-02-19 00:36:00,3,3163.6,110.776,0.03501580477935421,36.925333333333334,,0.0355,0.0,0.0,0.001,0.028169014084507046,404962.17,282766.81,687728.98,0.0,0.17767952718816646,-0.0,0.17767952718816646,572473_YES.csv,572473_YES
1771461900,2026-02-19 00:45:00,1,50.0,1.7999999999999998,0.03599999999928,1.7999999999999998,,0.0355,0.0,0.0,0.001,0.028169014084507046,404962.17,282766.81,687728.98,0.0,0.17767952718816646,-0.0,0.17767952718816646,572473_YES.csv,572473_YES
1771462440,2026-02-19 00:54:00,2,85.0,3.0549999999999997,0.03594117647016539,1.5274999999999999,,0.0355,0.0,0.0,0.001,0.028169014084507046,404962.17,282766.81,687728.98,0.0,0.17767952718816646,-0.0,0.17767952718816646,572473_YES.csv,572473_YES
1771462680,2026-02-19 00:58:00,1,1800.0,63.00000000000001,0.03499999999998056,63.00000000000001,,0.0355,0.0,0.0,0.001,0.028169014084507046,404962.17,282766.81,687728.98,0.0,0.17767952718816646,-0.0,0.17767952718816646,572473_YES.csv,572473_YES
1771463280,2026-02-19 01:08:00,1,761.0,26.635,0.03499999999995401,26.635,,0.0355,0.0,0.0,0.001,0.028169014084507046,404353.33,290227.78,694581.1100000001,6852.130000000121,0.1643084563586821,0.0,0.1643084563586821,572473_YES.csv,572473_YES
1771463340,2026-02-19 01:09:00,1,200.0,7.199999999999999,0.035999999999819995,7.199999999999999,,0.0355,0.0,0.0,0.001,0.028169014084507046,404353.33,290227.78,694581.1100000001,0.0,0.1643084563586821,-0.0,0.1643084563586821,572473_YES.csv,572473_YES
1771463580,2026-02-19 01:13:00,1,839.722222,30.23,0.03600000000948403,30.23,,0.0355,0.0,0.0,0.001,0.028169014084507046,404353.33,290227.78,694581.1100000001,0.0,0.1643084563586821,-0.0,0.1643084563586821,572473_YES.csv,572473_YES
1771463820,2026-02-19 01:17:00,1,1675.0,60.3,0.03599999999997851,60.3,,0.0355,0.0,0.0,0.001,0.028169014084507046,404213.84,287713.05,691926.89,-2654.2200000000885,0.16837153127550808,2654.2200000000885,0.16837153127550808,572473_YES.csv,572473_YES
1771464000,2026-02-19 01:20:00,1,5.0,0.175,0.034999999993000006,0.175,,0.0355,0.0,0.0,0.001,0.028169014084507046,404152.8,287623.01,691775.81,-151.0799999999581,0.16845022377986876,151.0799999999581,0.16845022377986876,572473_YES.csv,572473_YES
1771465020,2026-02-19 01:37:00,1,83.333332,2.999999,0.0359999885755678,2.999999,,0.0355,0.0,0.0,0.001,0.028169014084507046,404152.8,287623.01,691775.81,0.0,0.16845022377986876,-0.0,0.16845022377986876,572473_YES.csv,572473_YES
1771465140,2026-02-19 01:39:00,1,55.555554,1.999999,0.0359999830073515,1.999999,,0.0355,0.0,0.0,0.001,0.028169014084507046,404152.8,287623.01,691775.81,0.0,0.16845022377986876,-0.0,0.16845022377986876,572473_YES.csv,572473_YES
1771465200,2026-02-19 01:40:00,1,27.777776,0.999999,0.0359999663027018,0.999999,,0.0355,0.0,0.0,0.001,0.028169014084507046,404152.8,287623.01,691775.81,0.0,0.16845022377986876,-0.0,0.16845022377986876,572473_YES.csv,572473_YES
1771465860,2026-02-19 01:51:00,2,230.0,8.28,0.03599999999984348,4.14,,0.0355,0.0,0.0,0.001,0.028169014084507046,404152.8,287623.01,691775.81,0.0,0.16845022377986876,-0.0,0.16845022377986876,572473_YES.csv,572473_YES
1771465920,2026-02-19 01:52:00,1,1000.0,35.0,0.034999999999965004,35.0,,0.0355,0.0,0.0,0.001,0.028169014084507046,404152.8,287623.01,691775.81,0.0,0.16845022377986876,-0.0,0.16845022377986876,572473_YES.csv,572473_YES
1771466460,2026-02-19 02:01:00,1,333.333332,11.999999,0.035999997143891904,11.999999,,0.0355,0.0,0.0,0.001,0.028169014084507046,404152.8,287623.01,691775.81,0.0,0.16845022377986876,-0.0,0.16845022377986876,572473_YES.csv,572473_YES
1771466520,2026-02-19 02:02:00,2,295.367925,10.649998,0.036056718074462334,5.324999,,0.0355,0.0,0.0,0.001,0.028169014084507046,397765.31,283397.62,681162.9299999999,-10612.880000000121,0.16790063722346138,10612.880000000121,0.16790063722346138,572473_YES.csv,572473_YES
1771466760,2026-02-19 02:06:00,2,200.0,7.199999999999999,0.035999999999819995,3.5999999999999996,,0.0355,0.0,0.0,0.001,0.028169014084507046,397765.31,283397.62,681162.9299999999,0.0,0.16790063722346138,-0.0,0.16790063722346138,572473_YES.csv,572473_YES
1771466940,2026-02-19 02:09:00,3,324.53,11.55855,0.03561627584495851,3.85285,,0.0355,0.0,0.0,0.001,0.028169014084507046,397765.31,283397.62,681162.9299999999,0.0,0.16790063722346138,-0.0,0.16790063722346138,572473_YES.csv,572473_YES
1771467240,2026-02-19 02:14:00,1,100.0,3.5000000000000004,0.034999999999650006,3.5000000000000004,,0.0355,0.0,0.0,0.001,0.028169014084507046,393888.42,288916.7,682805.12,1642.1900000000605,0.1537359883886049,0.0,0.1537359883886049,572473_YES.csv,572473_YES
1771467420,2026-02-19 02:17:00,2,130.0,4.68,0.03599999999972308,2.34,,0.0355,0.0,0.0,0.001,0.028169014084507046,394566.66,545822.76,940389.4199999999,257584.29999999993,-0.1608441107302122,0.0,0.1608441107302122,572473_YES.csv,572473_YES
1771467540,2026-02-19 02:19:00,1,70.0,2.52,0.035999999999485714,2.52,,0.0355,0.0,0.0,0.001,0.028169014084507046,394566.66,545822.76,940389.4199999999,0.0,-0.1608441107302122,-0.0,0.1608441107302122,572473_YES.csv,572473_YES
1771467600,2026-02-19 02:20:00,1,32342.81,1164.34116,0.03599999999999888,1164.34116,,0.0355,0.0,0.0,0.001,0.028169014084507046,394398.78,548915.98,943314.76,2925.340000000084,-0.16380237705598918,0.0,0.16380237705598918,572473_YES.csv,572473_YES
1771467660,2026-02-19 02:21:00,1,3252.98,117.10728,0.03599999999998893,117.10728,,0.0355,0.0,0.0,0.001,0.028169014084507046,394398.78,548915.98,943314.76,0.0,-0.16380237705598918,-0.0,0.16380237705598918,572473_YES.csv,572473_YES
1771467780,2026-02-19 02:23:00,4,3234.1400000000003,116.42903999999999,0.03599999999998886,29.107259999999997,,0.0355,0.0,0.0,0.001,0.028169014084507046,397491.17,523422.13,920913.3,-22401.459999999963,-0.1367457283981022,22401.459999999963,0.1367457283981022,572473_YES.csv,572473_YES
1771469040,2026-02-19 02:44:00,2,45.0,1.615,0.03588888888809136,0.8075,,0.0355,0.0,0.0,0.001,0.028169014084507046,394517.46,534838.81,929356.27,8442.969999999972,-0.15098768311962862,0.0,0.15098768311962862,572473_YES.csv,572473_YES
1771469100,2026-02-19 02:45:00,1,1458.16,52.49376,0.03599999999997531,52.49376,,0.0355,0.0,0.0,0.001,0.028169014084507046,394517.46,534838.81,929356.27,0.0,-0.15098768311962862,-0.0,0.15098768311962862,572473_YES.csv,572473_YES
1771469160,2026-02-19 02:46:00,2,2980.776485,110.174999,0.036961845195166605,55.0874995,,0.0355,0.0,0.0,0.001,0.028169014084507046,394517.46,534838.81,929356.27,0.0,-0.15098768311962862,-0.0,0.15098768311962862,572473_YES.csv,572473_YES
1771470000,2026-02-19 03:00:00,2,3943.243242,145.9,0.03700000001165608,72.95,,0.0355,0.0,0.0,0.001,0.028169014084507046,394517.46,534838.81,929356.27,0.0,-0.15098768311962862,-0.0,0.15098768311962862,572473_YES.csv,572473_YES
1771470180,2026-02-19 03:03:00,2,155.0,5.7299999999999995,0.036967741935245366,2.8649999999999998,,0.0355,0.0,0.0,0.001,0.028169014084507046,394517.46,534838.81,929356.27,0.0,-0.15098768311962862,-0.0,0.15098768311962862,572473_YES.csv,572473_YES
1771470480,2026-02-19 03:08:00,1,54.054053,2.0,0.037000000720815496,2.0,,0.0365,0.028169014084507005,0.028169014084507005,0.001,0.027397260273972605,119403.08,785982.69,905385.7699999999,-23970.500000000116,-0.7362382225203297,23970.500000000116,0.7362382225203297,572473_YES.csv,572473_YES
1771470600,2026-02-19 03:10:00,1,30.0,1.11,0.036999999998766665,1.11,,0.0365,0.0,0.0,0.001,0.027397260273972605,119403.08,785982.69,905385.7699999999,0.0,-0.7362382225203297,-0.0,0.7362382225203297,572473_YES.csv,572473_YES
1771470960,2026-02-19 03:16:00,2,170.0,6.289999999999999,0.03699999999978235,3.1449999999999996,,0.0365,0.0,0.0,0.001,0.027397260273972605,119403.08,785982.69,905385.7699999999,0.0,-0.7362382225203297,-0.0,0.7362382225203297,572473_YES.csv,572473_YES
1771471020,2026-02-19 03:17:00,1,52.63,1.89468,0.03599999999931598,1.89468,,0.0365,0.0,0.0,0.001,0.027397260273972605,118996.92,785558.84,904555.76,-830.0099999998929,-0.7368942297155898,830.0099999998929,0.7368942297155898,572473_YES.csv,572473_YES
1771471140,2026-02-19 03:19:00,1,100.0,3.6,0.035999999999639994,3.6,,0.0365,0.0,0.0,0.001,0.027397260273972605,118996.92,785558.84,904555.76,0.0,-0.7368942297155898,-0.0,0.7368942297155898,572473_YES.csv,572473_YES
1771471500,2026-02-19 03:25:00,1,90.0,3.24,0.0359999999996,3.24,,0.0365,0.0,0.0,0.001,0.027397260273972605,118996.92,785558.84,904555.76,0.0,-0.7368942297155898,-0.0,0.7368942297155898,572473_YES.csv,572473_YES
1771471740,2026-02-19 03:29:00,2,145.0,5.215,0.03596551724113128,2.6075,,0.0355,-0.0273972602739726,0.0273972602739726,0.001,0.028169014084507046,383668.46,534127.3099999999,917795.77,13240.01000000001,-0.16393500048491172,0.0,0.16393500048491172,572473_YES.csv,572473_YES
1771472040,2026-02-19 03:34:00,1,156.01,5.616359999999999,0.035999999999769244,5.616359999999999,,0.0355,0.0,0.0,0.001,0.028169014084507046,383668.46,534127.3099999999,917795.77,0.0,-0.16393500048491172,-0.0,0.16393500048491172,572473_YES.csv,572473_YES
1771472400,2026-02-19 03:40:00,1,40.0,1.44,0.0359999999991,1.44,,0.0355,0.0,0.0,0.001,0.028169014084507046,383668.46,534127.3099999999,917795.77,0.0,-0.16393500048491172,-0.0,0.16393500048491172,572473_YES.csv,572473_YES
1771473180,2026-02-19 03:53:00,1,40.0,1.44,0.0359999999991,1.44,,0.0355,0.0,0.0,0.001,0.028169014084507046,383504.09,533394.01,916898.1000000001,-897.6699999999255,-0.16347500338369114,897.6699999999255,0.16347500338369114,572473_YES.csv,572473_YES
1771473480,2026-02-19 03:58:00,1,27.777776,0.999999,0.0359999663027018,0.999999,,0.0355,0.0,0.0,0.001,0.028169014084507046,383504.09,533394.01,916898.1000000001,0.0,-0.16347500338369114,-0.0,0.16347500338369114,572473_YES.csv,572473_YES
1771473900,2026-02-19 04:05:00,1,50.0,1.7999999999999998,0.03599999999928,1.7999999999999998,,0.0355,0.0,0.0,0.001,0.028169014084507046,378823.71,533355.35,912179.06,-4719.040000000037,-0.1694093262785488,4719.040000000037,0.1694093262785488,572473_YES.csv,572473_YES
1771474680,2026-02-19 04:18:00,1,1799.189188,66.57000000000001,0.037000000024434834,66.57000000000001,,0.0355,0.0,0.0,0.001,0.028169014084507046,378823.71,533355.35,912179.06,0.0,-0.1694093262785488,-0.0,0.1694093262785488,572473_YES.csv,572473_YES
1771474920,2026-02-19 04:22:00,1,40.0,1.48,0.036999999999075,1.48,,0.0355,0.0,0.0,0.001,0.028169014084507046,378823.71,533355.35,912179.06,0.0,-0.1694093262785488,-0.0,0.1694093262785488,572473_YES.csv,572473_YES
1771475160,2026-02-19 04:26:00,3,76507.71333200001,2546.806179,0.03328822765814833,848.9353930000001,,0.0345,-0.028169014084506894,0.028169014084506894,0.003,0.08695652173913043,330622.84,526324.62,856947.46,-55231.60000000009,-0.22837080350293584,55231.60000000009,0.22837080350293584,572473_YES.csv,572473_YES
1771476480,2026-02-19 04:48:00,1,5.0,0.17,0.033999999993200004,0.17,,0.0345,0.0,0.0,0.003,0.08695652173913043,330622.84,526324.62,856947.46,0.0,-0.22837080350293584,-0.0,0.22837080350293584,572473_YES.csv,572473_YES
1771476720,2026-02-19 04:52:00,1,5.0,0.17,0.033999999993200004,0.17,,0.0345,0.0,0.0,0.003,0.08695652173913043,330622.84,526324.62,856947.46,0.0,-0.22837080350293584,-0.0,0.22837080350293584,572473_YES.csv,572473_YES
1771476840,2026-02-19 04:54:00,1,5.0,0.17,0.033999999993200004,0.17,,0.0345,0.0,0.0,0.003,0.08695652173913043,330622.84,526324.62,856947.46,0.0,-0.22837080350293584,-0.0,0.22837080350293584,572473_YES.csv,572473_YES
1771477680,2026-02-19 05:08:00,3,4011.9800000000005,141.51644,0.03527346596941278,47.17214666666666,,0.0345,0.0,0.0,0.001,0.02898550724637681,390601.19,600270.64,990871.8300000001,133924.3700000001,-0.2116009797150051,0.0,0.2116009797150051,572473_YES.csv,572473_YES
1771477740,2026-02-19 05:09:00,1,129.54,4.5339,0.03499999999972982,4.5339,,0.0345,0.0,0.0,0.001,0.02898550724637681,390601.19,600270.64,990871.8300000001,0.0,-0.2116009797150051,-0.0,0.2116009797150051,572473_YES.csv,572473_YES
1771477800,2026-02-19 05:10:00,1,100.0,3.5578,0.03557799999964422,3.5578,,0.0345,0.0,0.0,0.001,0.02898550724637681,390601.19,600270.64,990871.8300000001,0.0,-0.2116009797150051,-0.0,0.2116009797150051,572473_YES.csv,572473_YES
1771477920,2026-02-19 05:12:00,1,5.0,0.175,0.034999999993000006,0.175,,0.0345,0.0,0.0,0.001,0.02898550724637681,390601.19,600270.64,990871.8300000001,0.0,-0.2116009797150051,-0.0,0.2116009797150051,572473_YES.csv,572473_YES
1771478760,2026-02-19 05:26:00,1,498.51,17.447850000000003,0.034999999999929796,17.447850000000003,,0.036,0.043478260869564966,0.043478260869564966,0.002,0.05555555555555556,374847.64,854354.84,1229202.48,238330.6499999999,-0.39009618659409145,0.0,0.39009618659409145,572473_YES.csv,572473_YES
1771479060,2026-02-19 05:31:00,1,9391.76,312.79119000000003,0.03330485340340535,312.79119000000003,,0.036,0.0,0.0,0.002,0.05555555555555556,374847.64,854354.84,1229202.48,0.0,-0.39009618659409145,-0.0,0.39009618659409145,572473_YES.csv,572473_YES
1771479120,2026-02-19 05:32:00,1,100.0,3.4000000000000004,0.033999999999660004,3.4000000000000004,,0.0335,-0.06944444444444431,0.06944444444444431,0.001,0.029850746268656716,390514.07,257322.48,647836.55,-581365.9299999999,0.20559443581872616,581365.9299999999,0.20559443581872616,572473_YES.csv,572473_YES
1771479240,2026-02-19 05:34:00,1,96.3,3.2742,0.03399999999964694,3.2742,,0.0335,0.0,0.0,0.001,0.029850746268656716,390514.07,257322.48,647836.55,0.0,0.20559443581872616,-0.0,0.20559443581872616,572473_YES.csv,572473_YES
1771479480,2026-02-19 05:38:00,2,107.0,3.74,0.03495327102771072,1.87,,0.0345,0.029850746268656803,0.029850746268656803,0.001,0.02898550724637681,384196.8,418604.31,802801.11,154964.55999999994,-0.04285932041125355,0.0,0.04285932041125355,572473_YES.csv,572473_YES
1771479960,2026-02-19 05:46:00,1,91.03,3.0950200000000003,0.033999999999626496,3.0950200000000003,,0.0345,0.0,0.0,0.001,0.02898550724637681,384196.8,418604.31,802801.11,0.0,-0.04285932041125355,-0.0,0.04285932041125355,572473_YES.csv,572473_YES
1771480920,2026-02-19 06:02:00,1,16955.418332,597.999999,0.03526896165524602,597.999999,,0.0335,-0.02898550724637683,0.02898550724637683,0.001,0.029850746268656716,390784.54,429785.09,820569.63,17768.52000000002,-0.047528629593566664,0.0,0.047528629593566664,572473_YES.csv,572473_YES
1771480980,2026-02-19 06:03:00,1,28.571427,0.999999,0.0349999669237731,0.999999,,0.0335,0.0,0.0,0.001,0.029850746268656716,390784.54,429785.09,820569.63,0.0,-0.047528629593566664,-0.0,0.047528629593566664,572473_YES.csv,572473_YES
1771481100,2026-02-19 06:05:00,1,1006.37611,36.1,0.03587128076794675,36.1,,0.0345,0.029850746268656803,0.029850746268656803,0.001,0.02898550724637681,327979.24,571459.9,899439.14,78869.51000000001,-0.27070276261271,0.0,0.27070276261271,572473_YES.csv,572473_YES
1771481640,2026-02-19 06:14:00,1,28.571427,0.999999,0.0349999669237731,0.999999,,0.0345,0.0,0.0,0.001,0.02898550724637681,328134.26,573163.51,901297.77,1858.6300000000047,-0.2718627052633227,0.0,0.2718627052633227,572473_YES.csv,572473_YES
1771482480,2026-02-19 06:28:00,1,103.45,3.5173000000000005,0.03399999999967134,3.5173000000000005,,0.0345,0.0,0.0,0.001,0.02898550724637681,328134.26,573163.51,901297.77,0.0,-0.2718627052633227,-0.0,0.2718627052633227,572473_YES.csv,572473_YES
1771482660,2026-02-19 06:31:00,1,600.0,21.000000000000004,0.034999999999941675,21.000000000000004,,0.0345,0.0,0.0,0.001,0.02898550724637681,328134.26,573163.51,901297.77,0.0,-0.2718627052633227,-0.0,0.2718627052633227,572473_YES.csv,572473_YES
1771482720,2026-02-19 06:32:00,1,93.15,3.1671000000000005,0.033999999999634996,3.1671000000000005,,0.0345,0.0,0.0,0.001,0.02898550724637681,329411.71,572807.6900000001,902219.4000000001,921.6300000001211,-0.26977471333469444,0.0,0.26977471333469444,572473_YES.csv,572473_YES
1771483080,2026-02-19 06:38:00,1,2500.0,85.0,0.0339999999999864,85.0,,0.0345,0.0,0.0,0.001,0.02898550724637681,330256.8,576648.1900000001,906904.99,4685.589999999851,-0.2716837956752229,0.0,0.2716837956752229,572473_YES.csv,572473_YES
1771483200,2026-02-19 06:40:00,1,1203.33,40.91322,0.03399999999997175,40.91322,,0.0345,0.0,0.0,0.001,0.02898550724637681,330256.8,576648.1900000001,906904.99,0.0,-0.2716837956752229,-0.0,0.2716837956752229,572473_YES.csv,572473_YES
1771483560,2026-02-19 06:46:00,1,28.57,0.97138,0.03399999999880995,0.97138,,0.0345,0.0,0.0,0.001,0.02898550724637681,330256.8,576648.1900000001,906904.99,0.0,-0.2716837956752229,-0.0,0.2716837956752229,572473_YES.csv,572473_YES
1771483740,2026-02-19 06:49:00,1,5208.285713,182.289999,0.03499999981663158,182.289999,,0.0345,0.0,0.0,0.001,0.02898550724637681,330256.8,576648.1900000001,906904.99,0.0,-0.2716837956752229,-0.0,0.2716837956752229,572473_YES.csv,572473_YES
1771484460,2026-02-19 07:01:00,1,5.0,0.17,0.033999999993200004,0.17,,0.0345,0.0,0.0,0.001,0.02898550724637681,330256.8,576648.1900000001,906904.99,0.0,-0.2716837956752229,-0.0,0.2716837956752229,572473_YES.csv,572473_YES
1771484580,2026-02-19 07:03:00,1,5.0,0.17,0.033999999993200004,0.17,,0.0345,0.0,0.0,0.001,0.02898550724637681,330256.8,576648.1900000001,906904.99,0.0,-0.2716837956752229,-0.0,0.2716837956752229,572473_YES.csv,572473_YES
1771485240,2026-02-19 07:14:00,1,89.51,3.0433400000000006,0.03399999999962016,3.0433400000000006,,0.0345,0.0,0.0,0.001,0.02898550724637681,339193.76,579321.7,918515.46,11610.469999999972,-0.2614304826181151,0.0,0.2614304826181151,572473_YES.csv,572473_YES
1771487160,2026-02-19 07:46:00,1,40.0,1.4,0.03499999999912501,1.4,,0.0345,0.0,0.0,0.001,0.02898550724637681,339193.76,579321.7,918515.46,0.0,-0.2614304826181151,-0.0,0.2614304826181151,572473_YES.csv,572473_YES
1771488060,2026-02-19 08:01:00,1,1911.62,64.99508,0.03399999999998222,64.99508,,0.0345,0.0,0.0,0.001,0.02898550724637681,339193.76,579321.7,918515.46,0.0,-0.2614304826181151,-0.0,0.2614304826181151,572473_YES.csv,572473_YES
1771488240,2026-02-19 08:04:00,2,57.142854,1.999998,0.0349999669243856,0.999999,,0.0345,0.0,0.0,0.001,0.02898550724637681,339193.76,579321.7,918515.46,0.0,-0.2614304826181151,-0.0,0.2614304826181151,572473_YES.csv,572473_YES
1771488300,2026-02-19 08:05:00,2,57.14,1.94276,0.03399999999940498,0.97138,,0.0345,0.0,0.0,0.001,0.02898550724637681,335877.79000000004,578482.96,914360.75,-4154.709999999963,-0.2653276291660594,4154.709999999963,0.2653276291660594,572473_YES.csv,572473_YES
1771488720,2026-02-19 08:12:00,2,57.142854,1.999998,0.0349999669243856,0.999999,,0.0345,0.0,0.0,0.001,0.02898550724637681,335877.79000000004,578482.96,914360.75,0.0,-0.2653276291660594,-0.0,0.2653276291660594,572473_YES.csv,572473_YES
1771488780,2026-02-19 08:13:00,4,114.28142700000001,3.914139,0.03425000109567889,0.97853475,,0.0345,0.0,0.0,0.001,0.02898550724637681,335877.79000000004,578482.96,914360.75,0.0,-0.2653276291660594,-0.0,0.2653276291660594,572473_YES.csv,572473_YES
1771488960,2026-02-19 08:16:00,1,28.571427,0.999999,0.0349999669237731,0.999999,,0.0345,0.0,0.0,0.001,0.02898550724637681,335877.79000000004,578482.96,914360.75,0.0,-0.2653276291660594,-0.0,0.2653276291660594,572473_YES.csv,572473_YES
1771489200,2026-02-19 08:20:00,1,28.57,0.97138,0.03399999999880995,0.97138,,0.0345,0.0,0.0,0.001,0.02898550724637681,336763.85000000003,578417.68,915181.53,820.7800000000279,-0.2640501606276954,0.0,0.2640501606276954,572473_YES.csv,572473_YES
1771489320,2026-02-19 08:22:00,1,1608.0,56.28000000000001,0.034999999999978236,56.28000000000001,,0.0345,0.0,0.0,0.001,0.02898550724637681,336763.85000000003,578417.68,915181.53,0.0,-0.2640501606276954,-0.0,0.2640501606276954,572473_YES.csv,572473_YES
1771489380,2026-02-19 08:23:00,1,50.0,1.7500000000000002,0.03499999999930001,1.7500000000000002,,0.0345,0.0,0.0,0.001,0.02898550724637681,336277.93,576451.4,912729.3300000001,-2452.1999999999534,-0.2631376708361065,2452.1999999999534,0.2631376708361065,572473_YES.csv,572473_YES
1771489800,2026-02-19 08:30:00,1,60.6,2.0604,0.033999999999438944,2.0604,,0.0345,0.0,0.0,0.001,0.02898550724637681,336277.93,576451.4,912729.3300000001,0.0,-0.2631376708361065,-0.0,0.2631376708361065,572473_YES.csv,572473_YES
1771490700,2026-02-19 08:45:00,1,29.41,0.99994,0.033999999998843934,0.99994,,0.0345,0.0,0.0,0.001,0.02898550724637681,336277.93,576451.4,912729.3300000001,0.0,-0.2631376708361065,-0.0,0.2631376708361065,572473_YES.csv,572473_YES
1771490760,2026-02-19 08:46:00,1,3000.0,105.0,0.03499999999998834,105.0,,0.0345,0.0,0.0,0.001,0.02898550724637681,336277.93,576451.4,912729.3300000001,0.0,-0.2631376708361065,-0.0,0.2631376708361065,572473_YES.csv,572473_YES
1771490820,2026-02-19 08:47:00,1,28.571427,0.999999,0.0349999669237731,0.999999,,0.0345,0.0,0.0,0.001,0.02898550724637681,335837.5,622739.24,958576.74,45847.409999999916,-0.2992997096925177,0.0,0.2992997096925177,572473_YES.csv,572473_YES
1771490880,2026-02-19 08:48:00,1,28.58,0.97172,0.03399999999881036,0.97172,,0.0345,0.0,0.0,0.001,0.02898550724637681,335837.5,622739.24,958576.74,0.0,-0.2992997096925177,-0.0,0.2992997096925177,572473_YES.csv,572473_YES
1771490940,2026-02-19 08:49:00,2,57.141427,1.971379,0.0344999959480448,0.9856895,,0.0345,0.0,0.0,0.001,0.02898550724637681,335837.5,622739.24,958576.74,0.0,-0.2992997096925177,-0.0,0.2992997096925177,572473_YES.csv,572473_YES
1771491000,2026-02-19 08:50:00,1,3719.45,126.4613,0.033999999999990864,126.4613,,0.0345,0.0,0.0,0.001,0.02898550724637681,331845.73,622576.92,954422.65,-4154.089999999967,-0.3046147217901839,4154.089999999967,0.3046147217901839,572473_YES.csv,572473_YES
1771491180,2026-02-19 08:53:00,3,257.141427,8.971379,0.03488889015135282,2.9904596666666667,,0.0345,0.0,0.0,0.001,0.02898550724637681,331759.19,622344.08,954103.27,-319.38000000000466,-0.30456335193149475,319.38000000000466,0.30456335193149475,572473_YES.csv,572473_YES
1771491900,2026-02-19 09:05:00,1,3044.11,103.49974000000002,0.03399999999998884,103.49974000000002,,0.0345,0.0,0.0,0.001,0.02898550724637681,339640.81,622216.15,961856.96,7753.689999999944,-0.2937810420376851,0.0,0.2937810420376851,572473_YES.csv,572473_YES
1771492200,2026-02-19 09:10:00,1,296.87,10.09358,0.033999999999885476,10.09358,,0.0345,0.0,0.0,0.001,0.02898550724637681,339640.81,622216.15,961856.96,0.0,-0.2937810420376851,-0.0,0.2937810420376851,572473_YES.csv,572473_YES
1771492320,2026-02-19 09:12:00,1,1771.42857,61.999999,0.03499999946368984,61.999999,,0.0345,0.0,0.0,0.001,0.02898550724637681,339640.81,622216.15,961856.96,0.0,-0.2937810420376851,-0.0,0.2937810420376851,572473_YES.csv,572473_YES
1771492440,2026-02-19 09:14:00,2,70.0,2.45,0.0349999999995,1.225,,0.0345,0.0,0.0,0.001,0.02898550724637681,339403.55,617599.15,957002.7,-4854.260000000009,-0.2906946866503094,4854.260000000009,0.2906946866503094,572473_YES.csv,572473_YES
1771492560,2026-02-19 09:16:00,1,709.0,24.106,0.03399999999995205,24.106,,0.0345,0.0,0.0,0.001,0.02898550724637681,339403.55,617599.15,957002.7,0.0,-0.2906946866503094,-0.0,0.2906946866503094,572473_YES.csv,572473_YES
1771492980,2026-02-19 09:23:00,1,70.0,2.45,0.0349999999995,2.45,,0.0345,0.0,0.0,0.001,0.02898550724637681,338420.65,617581.72,956002.37,-1000.3299999999581,-0.2920087635347598,1000.3299999999581,0.2920087635347598,572473_YES.csv,572473_YES
1771493340,2026-02-19 09:29:00,1,433.87,14.75158,0.033999999999921635,14.75158,,0.0345,0.0,0.0,0.001,0.02898550724637681,337916.78,617473.72,955390.5,-611.8699999999953,-0.29261013166867367,611.8699999999953,0.29261013166867367,572473_YES.csv,572473_YES
1771494420,2026-02-19 09:47:00,1,151.51,5.15134,0.0339999999997756,5.15134,,0.0345,0.0,0.0,0.001,0.02898550724637681,339418.24,617263.7,956681.94,1291.4399999999441,-0.29042615772594177,0.0,0.29042615772594177,572473_YES.csv,572473_YES
1771495080,2026-02-19 09:58:00,1,60.0,2.1,0.03499999999941667,2.1,,0.0345,0.0,0.0,0.001,0.02898550724637681,339418.24,617263.7,956681.94,0.0,-0.29042615772594177,-0.0,0.29042615772594177,572473_YES.csv,572473_YES
1771495560,2026-02-19 10:06:00,1,80.0,2.8000000000000003,0.0349999999995625,2.8000000000000003,,0.0345,0.0,0.0,0.001,0.02898550724637681,339418.24,617263.7,956681.94,0.0,-0.29042615772594177,-0.0,0.29042615772594177,572473_YES.csv,572473_YES
1771495980,2026-02-19 10:13:00,1,1006.37,34.21658,0.03399999999996622,34.21658,,0.0345,0.0,0.0,0.001,0.02898550724637681,339418.24,617263.7,956681.94,0.0,-0.29042615772594177,-0.0,0.29042615772594177,572473_YES.csv,572473_YES
1771496400,2026-02-19 10:20:00,1,446.43,15.17862,0.03399999999992384,15.17862,,0.0345,0.0,0.0,0.001,0.02898550724637681,393759.0,621395.11,1015154.11,58472.17000000004,-0.2242379829403439,0.0,0.2242379829403439,572473_YES.csv,572473_YES
1771496460,2026-02-19 10:21:00,45,20089.35,692.0844000000001,0.03445031322566263,15.379653333333335,,0.0345,0.0,0.0,0.001,0.02898550724637681,393759.0,621395.11,1015154.11,0.0,-0.2242379829403439,-0.0,0.2242379829403439,572473_YES.csv,572473_YES
1771496520,2026-02-19 10:22:00,12,5357.16,181.97388,0.033968348901277166,15.16449,,0.0345,0.0,0.0,0.001,0.02898550724637681,393759.0,621395.11,1015154.11,0.0,-0.2242379829403439,-0.0,0.2242379829403439,572473_YES.csv,572473_YES
1771496640,2026-02-19 10:24:00,1,241.2,8.200800000000001,0.033999999999859046,8.200800000000001,,0.0345,0.0,0.0,0.001,0.02898550724637681,393759.0,621395.11,1015154.11,0.0,-0.2242379829403439,-0.0,0.2242379829403439,572473_YES.csv,572473_YES
1771496700,2026-02-19 10:25:00,1,446.43,14.73219,0.03299999999992608,14.73219,,0.0345,0.0,0.0,0.001,0.02898550724637681,393759.0,621395.11,1015154.11,0.0,-0.2242379829403439,-0.0,0.2242379829403439,572473_YES.csv,572473_YES
1771496760,2026-02-19 10:26:00,1,4291.295427,149.999999,0.034954479725677653,149.999999,,0.0335,-0.02898550724637683,0.02898550724637683,0.001,0.029850746268656716,395280.49,428875.65,824156.14,-190997.96999999997,-0.0407631010308314,190997.96999999997,0.0407631010308314,572473_YES.csv,572473_YES
1771496820,2026-02-19 10:27:00,1,446.43,15.17862,0.03399999999992384,15.17862,,0.0335,0.0,0.0,0.001,0.029850746268656716,395280.49,428875.65,824156.14,0.0,-0.0407631010308314,-0.0,0.0407631010308314,572473_YES.csv,572473_YES
1771496940,2026-02-19 10:29:00,1,74.87,2.54558,0.03399999999954588,2.54558,,0.0345,0.029850746268656803,0.029850746268656803,0.001,0.02898550724637681,391669.03,628819.28,1020488.31,196332.17000000004,-0.23238899228546772,0.0,0.23238899228546772,572473_YES.csv,572473_YES
1771497420,2026-02-19 10:37:00,1,2428.571427,84.999999,0.03499999961086789,84.999999,,0.0345,0.0,0.0,0.001,0.02898550724637681,391669.03,628819.28,1020488.31,0.0,-0.23238899228546772,-0.0,0.23238899228546772,572473_YES.csv,572473_YES
1771498140,2026-02-19 10:49:00,4,1785.72,60.00674,0.03360366686824719,15.001685,,0.0345,0.0,0.0,0.001,0.02898550724637681,391669.03,628819.28,1020488.31,0.0,-0.23238899228546772,-0.0,0.23238899228546772,572473_YES.csv,572473_YES
1771498680,2026-02-19 10:58:00,1,900.0,30.6,0.03399999999996223,30.6,,0.0345,0.0,0.0,0.001,0.02898550724637681,391669.03,628819.28,1020488.31,0.0,-0.23238899228546772,-0.0,0.23238899228546772,572473_YES.csv,572473_YES
1771498920,2026-02-19 11:02:00,1,1000.0,33.0,0.032999999999967,33.0,,0.0335,-0.02898550724637683,0.02898550724637683,0.001,0.029850746268656716,394326.69,428012.0500000001,822338.7400000001,-198149.56999999995,-0.04096287619868194,198149.56999999995,0.04096287619868194,572473_YES.csv,572473_YES
1771499100,2026-02-19 11:05:00,1,32.941175,1.119999,0.03399997115968076,1.119999,,0.0335,0.0,0.0,0.001,0.029850746268656716,394295.42,428048.24,822343.6599999999,4.919999999809079,-0.041044664951876704,0.0,0.041044664951876704,572473_YES.csv,572473_YES
1771499160,2026-02-19 11:06:00,2,1186.47,39.15351,0.032999999999972184,19.576755,,0.0335,0.0,0.0,0.001,0.029850746268656716,394295.42,428048.24,822343.6599999999,0.0,-0.041044664951876704,-0.0,0.041044664951876704,572473_YES.csv,572473_YES
1771499580,2026-02-19 11:13:00,1,29.411763,0.999999,0.0339999679708421,0.999999,,0.0335,0.0,0.0,0.001,0.029850746268656716,394295.42,428048.24,822343.6599999999,0.0,-0.041044664951876704,-0.0,0.041044664951876704,572473_YES.csv,572473_YES
1771499940,2026-02-19 11:19:00,1,29.411763,0.999999,0.0339999679708421,0.999999,,0.0335,0.0,0.0,0.001,0.029850746268656716,394295.42,428048.24,822343.6599999999,0.0,-0.041044664951876704,-0.0,0.041044664951876704,572473_YES.csv,572473_YES
1771501800,2026-02-19 11:50:00,1,142.857141,4.999999,0.0349999934547549,4.999999,,0.0345,0.029850746268656803,0.029850746268656803,0.001,0.02898550724637681,447350.95,624691.14,1072042.09,249698.43000000017,-0.16542278671166724,0.0,0.16542278671166724,572473_YES.csv,572473_YES
1771502220,2026-02-19 11:57:00,1,7431.52,252.67168000000004,0.03399999999999542,252.67168000000004,,0.0345,0.0,0.0,0.001,0.02898550724637681,447350.95,624691.14,1072042.09,0.0,-0.16542278671166724,-0.0,0.16542278671166724,572473_YES.csv,572473_YES
1771502340,2026-02-19 11:59:00,1,140.0,4.9,0.03499999999975,4.9,,0.0345,0.0,0.0,0.001,0.02898550724637681,440119.99,626796.49,1066916.48,-5125.610000000102,-0.1749682411879138,5125.610000000102,0.1749682411879138,572473_YES.csv,572473_YES
1771502400,2026-02-19 12:00:00,1,1374.32,46.72688,0.033999999999975265,46.72688,,0.0345,0.0,0.0,0.001,0.02898550724637681,440119.99,626796.49,1066916.48,0.0,-0.1749682411879138,-0.0,0.1749682411879138,572473_YES.csv,572473_YES
1771502580,2026-02-19 12:03:00,1,14278.571427,499.74999900000006,0.03499999993381445,499.74999900000006,,0.0345,0.0,0.0,0.001,0.02898550724637681,440119.99,626796.49,1066916.48,0.0,-0.1749682411879138,-0.0,0.1749682411879138,572473_YES.csv,572473_YES
1771503540,2026-02-19 12:19:00,1,50.0,1.7500000000000002,0.03499999999930001,1.7500000000000002,,0.0345,0.0,0.0,0.001,0.02898550724637681,440119.99,626796.49,1066916.48,0.0,-0.1749682411879138,-0.0,0.1749682411879138,572473_YES.csv,572473_YES
1771504140,2026-02-19 12:29:00,1,1469.96,49.978640000000006,0.033999999999976875,49.978640000000006,,0.0345,0.0,0.0,0.001,0.02898550724637681,454487.31,614645.52,1069132.83,2216.350000000093,-0.1498019754944762,0.0,0.1498019754944762,572473_YES.csv,572473_YES
1771504320,2026-02-19 12:32:00,1,40.0,1.4,0.03499999999912501,1.4,,0.0345,0.0,0.0,0.001,0.02898550724637681,454622.46,614151.22,1068773.68,-359.1500000001397,-0.1492633688359541,359.1500000001397,0.1492633688359541,572473_YES.csv,572473_YES
1771504740,2026-02-19 12:39:00,1,179.52,6.103680000000001,0.03399999999981061,6.103680000000001,,0.0345,0.0,0.0,0.001,0.02898550724637681,454622.46,614151.22,1068773.68,0.0,-0.1492633688359541,-0.0,0.1492633688359541,572473_YES.csv,572473_YES
1771505520,2026-02-19 12:52:00,1,5334.69,181.37946,0.033999999999993626,181.37946,,0.0345,0.0,0.0,0.001,0.02898550724637681,454622.46,614151.22,1068773.68,0.0,-0.1492633688359541,-0.0,0.1492633688359541,572473_YES.csv,572473_YES
1771505580,2026-02-19 12:53:00,1,571.42857,19.999999000000003,0.03499999833743875,19.999999000000003,,0.0345,0.0,0.0,0.001,0.02898550724637681,449232.96,612175.4,1061408.36,-7365.319999999832,-0.1535153161974341,7365.319999999832,0.1535153161974341,572473_YES.csv,572473_YES
1771506660,2026-02-19 13:11:00,2,687.58,23.457720000000002,0.03411635009739359,11.728860000000001,,0.0345,0.0,0.0,0.001,0.02898550724637681,448379.68,611697.05,1060076.73,-1331.630000000121,-0.15406183852370767,1331.630000000121,0.15406183852370767,572473_YES.csv,572473_YES
1771506840,2026-02-19 13:14:00,1,823.67,28.00478,0.03399999999995872,28.00478,,0.0345,0.0,0.0,0.001,0.02898550724637681,448451.25,611697.05,1060148.3,71.57000000006519,-0.15398392847491246,0.0,0.15398392847491246,572473_YES.csv,572473_YES
1771507260,2026-02-19 13:21:00,2,892.84,31.2494,0.0349999999999608,15.6247,,0.0345,0.0,0.0,0.001,0.02898550724637681,448451.25,611697.05,1060148.3,0.0,-0.15398392847491246,-0.0,0.15398392847491246,572473_YES.csv,572473_YES
1771507320,2026-02-19 13:22:00,1,296.88,10.3908,0.03499999999988211,10.3908,,0.0345,0.0,0.0,0.001,0.02898550724637681,448451.25,611697.05,1060148.3,0.0,-0.15398392847491246,-0.0,0.15398392847491246,572473_YES.csv,572473_YES
1771507380,2026-02-19 13:23:00,1,5399.0,194.364,0.03599999999999332,194.364,,0.0355,0.02898550724637672,0.02898550724637672,0.001,0.028169014084507046,432528.2,815597.27,1248125.47,187977.16999999993,-0.30691551387057264,0.0,0.30691551387057264,572473_YES.csv,572473_YES
1771507620,2026-02-19 13:27:00,1,138.888887,4.999999,0.0359999932893407,4.999999,,0.0355,0.0,0.0,0.001,0.028169014084507046,432528.2,815597.27,1248125.47,0.0,-0.30691551387057264,-0.0,0.30691551387057264,572473_YES.csv,572473_YES
1771507920,2026-02-19 13:32:00,2,11546.92,409.1422,0.03543301590380504,204.5711,,0.0355,0.0,0.0,0.001,0.028169014084507046,432272.14,805382.99,1237655.13,-10470.340000000084,-0.3014659261340435,10470.340000000084,0.3014659261340435,572473_YES.csv,572473_YES
1771508160,2026-02-19 13:36:00,1,100.0,3.5000000000000004,0.034999999999650006,3.5000000000000004,,0.0355,0.0,0.0,0.001,0.028169014084507046,432272.14,805382.99,1237655.13,0.0,-0.3014659261340435,-0.0,0.3014659261340435,572473_YES.csv,572473_YES
1771508340,2026-02-19 13:39:00,1,5101.8,178.56300000000002,0.03499999999999314,178.56300000000002,,0.0355,0.0,0.0,0.001,0.028169014084507046,432272.14,805382.99,1237655.13,0.0,-0.3014659261340435,-0.0,0.3014659261340435,572473_YES.csv,572473_YES
1771508640,2026-02-19 13:44:00,1,100.0,3.5000000000000004,0.034999999999650006,3.5000000000000004,,0.0345,-0.028169014084506894,0.028169014084506894,0.001,0.02898550724637681,441675.29,586861.48,1028536.77,-209118.35999999987,-0.14115799671410872,209118.35999999987,0.14115799671410872,572473_YES.csv,572473_YES
1771509360,2026-02-19 13:56:00,1,5000.0,170.0,0.033999999999993195,170.0,,0.0345,0.0,0.0,0.001,0.02898550724637681,441274.13,584731.7,1026005.83,-2530.9400000000605,-0.13982139848074737,2530.9400000000605,0.13982139848074737,572473_YES.csv,572473_YES
1771510080,2026-02-19 14:08:00,1,850.0,29.750000000000004,0.03499999999995883,29.750000000000004,,0.0345,0.0,0.0,0.001,0.02898550724637681,436843.39,581448.76,1018292.15,-7713.679999999935,-0.14200774306273498,7713.679999999935,0.14200774306273498,572473_YES.csv,572473_YES
1771510320,2026-02-19 14:12:00,1,340.0,11.56,0.0339999999999,11.56,,0.0345,0.0,0.0,0.001,0.02898550724637681,436843.39,581448.76,1018292.15,0.0,-0.14200774306273498,-0.0,0.14200774306273498,572473_YES.csv,572473_YES
1771510440,2026-02-19 14:14:00,1,750.0,25.500000000000004,0.03399999999995467,25.500000000000004,,0.0345,0.0,0.0,0.001,0.02898550724637681,437683.32,578289.59,1015972.9099999999,-2319.240000000107,-0.1383956881291254,2319.240000000107,0.1383956881291254,572473_YES.csv,572473_YES
1771510500,2026-02-19 14:15:00,1,28.571427,0.999999,0.0349999669237731,0.999999,,0.0345,0.0,0.0,0.001,0.02898550724637681,437683.32,578289.59,1015972.9099999999,0.0,-0.1383956881291254,-0.0,0.1383956881291254,572473_YES.csv,572473_YES
1771511160,2026-02-19 14:26:00,1,15833.1675,566.0,0.035747742831619946,566.0,,0.0345,0.0,0.0,0.001,0.02898550724637681,462631.45,581341.03,1043972.48,27999.570000000065,-0.11370949165250029,0.0,0.11370949165250029,572473_YES.csv,572473_YES
1771511640,2026-02-19 14:34:00,1,31.17,1.0597800000000002,0.03399999999890921,1.0597800000000002,,0.0345,0.0,0.0,0.001,0.02898550724637681,462631.45,581341.03,1043972.48,0.0,-0.11370949165250029,-0.0,0.11370949165250029,572473_YES.csv,572473_YES
1771511820,2026-02-19 14:37:00,4,1033.04,35.19336,0.034067761170880055,8.79834,,0.0345,0.0,0.0,0.001,0.02898550724637681,462631.45,581341.03,1043972.48,0.0,-0.11370949165250029,-0.0,0.11370949165250029,572473_YES.csv,572473_YES
1771511940,2026-02-19 14:39:00,3,3581.142856,122.656,0.03425051860035759,40.885333333333335,,0.0345,0.0,0.0,0.001,0.02898550724637681,462631.45,581341.03,1043972.48,0.0,-0.11370949165250029,-0.0,0.11370949165250029,572473_YES.csv,572473_YES
1771512540,2026-02-19 14:49:00,2,11173.725,386.24358,0.03456712779310079,193.12179,,0.0345,0.0,0.0,0.001,0.02898550724637681,462631.45,581341.03,1043972.48,0.0,-0.11370949165250029,-0.0,0.11370949165250029,572473_YES.csv,572473_YES
1771512720,2026-02-19 14:52:00,2,285.714282,9.999998,0.0349999934548774,4.999999,,0.0345,0.0,0.0,0.001,0.02898550724637681,462631.45,581341.03,1043972.48,0.0,-0.11370949165250029,-0.0,0.11370949165250029,572473_YES.csv,572473_YES
1771512780,2026-02-19 14:53:00,2,285.714282,9.999998,0.0349999934548774,4.999999,,0.0345,0.0,0.0,0.001,0.02898550724637681,466279.9,570133.92,1036413.8200000001,-7558.659999999916,-0.10020516708277781,7558.659999999916,0.10020516708277781,572473_YES.csv,572473_YES
1771512840,2026-02-19 14:54:00,4,1424.601423,48.865017,0.03430083405157858,12.21625425,,0.0345,0.0,0.0,0.001,0.02898550724637681,466279.9,570133.92,1036413.8200000001,0.0,-0.10020516708277781,-0.0,0.10020516708277781,572473_YES.csv,572473_YES
1771513200,2026-02-19 15:00:00,2,285.714282,9.999998,0.0349999934548774,4.999999,,0.0345,0.0,0.0,0.001,0.02898550724637681,466279.9,570133.92,1036413.8200000001,0.0,-0.10020516708277781,-0.0,0.10020516708277781,572473_YES.csv,572473_YES
1771514220,2026-02-19 15:17:00,1,57.142857,2.0,0.0350000000868875,2.0,,0.0345,0.0,0.0,0.001,0.02898550724637681,464030.78,572691.82,1036722.6,308.7799999999115,-0.10481206833920657,0.0,0.10481206833920657,572473_YES.csv,572473_YES
1771514520,2026-02-19 15:22:00,1,1000.0,34.0,0.033999999999966,34.0,,0.0345,0.0,0.0,0.001,0.02898550724637681,464030.78,572691.82,1036722.6,0.0,-0.10481206833920657,-0.0,0.10481206833920657,572473_YES.csv,572473_YES
1771514640,2026-02-19 15:24:00,1,105.0,3.5700000000000003,0.03399999999967619,3.5700000000000003,,0.0345,0.0,0.0,0.001,0.02898550724637681,464030.78,572691.82,1036722.6,0.0,-0.10481206833920657,-0.0,0.10481206833920657,572473_YES.csv,572473_YES
1771515360,2026-02-19 15:36:00,1,142.857141,4.999999,0.0349999934547549,4.999999,,0.0345,0.0,0.0,0.001,0.02898550724637681,464030.78,572691.82,1036722.6,0.0,-0.10481206833920657,-0.0,0.10481206833920657,572473_YES.csv,572473_YES
1771515480,2026-02-19 15:38:00,1,30.857141,1.079999,0.03499996969793794,1.079999,,0.0345,0.0,0.0,0.001,0.02898550724637681,467892.19,568320.3,1036212.49,-510.10999999998603,-0.09691845154269473,510.10999999998603,0.09691845154269473,572473_YES.csv,572473_YES
1771515660,2026-02-19 15:41:00,1,142.857141,4.999999,0.0349999934547549,4.999999,,0.0345,0.0,0.0,0.001,0.02898550724637681,467751.29,568165.02,1035916.31,-296.1799999999348,-0.09693228017618531,296.1799999999348,0.09693228017618531,572473_YES.csv,572473_YES
1771515960,2026-02-19 15:46:00,1,142.857141,4.999999,0.0349999934547549,4.999999,,0.0345,0.0,0.0,0.001,0.02898550724637681,467751.29,568165.02,1035916.31,0.0,-0.09693228017618531,-0.0,0.09693228017618531,572473_YES.csv,572473_YES
1771516320,2026-02-19 15:52:00,1,142.857141,4.999999,0.0349999934547549,4.999999,,0.0345,0.0,0.0,0.001,0.02898550724637681,467751.29,568165.02,1035916.31,0.0,-0.09693228017618531,-0.0,0.09693228017618531,572473_YES.csv,572473_YES
1771516380,2026-02-19 15:53:00,1,270.27,9.18918,0.03399999999987421,9.18918,,0.0345,0.0,0.0,0.001,0.02898550724637681,467218.22,566305.64,1033523.86,-2392.45000000007,-0.09587337441827423,2392.45000000007,0.09587337441827423,572473_YES.csv,572473_YES
1771517220,2026-02-19 16:07:00,1,777.0,26.418000000000003,0.033999999999956246,26.418000000000003,,0.0345,0.0,0.0,0.001,0.02898550724637681,467218.22,566305.64,1033523.86,0.0,-0.09587337441827423,-0.0,0.09587337441827423,572473_YES.csv,572473_YES
1771517640,2026-02-19 16:14:00,1,30.0,1.05,0.03499999999883333,1.05,,0.0345,0.0,0.0,0.001,0.02898550724637681,462963.6,572798.9,1035762.5,2238.640000000014,-0.1060429393804082,0.0,0.1060429393804082,572473_YES.csv,572473_YES
1771517700,2026-02-19 16:15:00,1,142.857141,4.999999,0.0349999934547549,4.999999,,0.0345,0.0,0.0,0.001,0.02898550724637681,462963.6,572798.9,1035762.5,0.0,-0.1060429393804082,-0.0,0.1060429393804082,572473_YES.csv,572473_YES
1771517760,2026-02-19 16:16:00,1,114.28,3.999800000000001,0.034999999999693734,3.999800000000001,,0.0345,0.0,0.0,0.001,0.02898550724637681,462963.6,572798.9,1035762.5,0.0,-0.1060429393804082,-0.0,0.1060429393804082,572473_YES.csv,572473_YES
1771518060,2026-02-19 16:21:00,1,60.0,2.16,0.0359999999994,2.16,,0.0345,0.0,0.0,0.001,0.02898550724637681,462963.6,572798.9,1035762.5,0.0,-0.1060429393804082,-0.0,0.1060429393804082,572473_YES.csv,572473_YES
1771518120,2026-02-19 16:22:00,1,388.888887,13.999999,0.03599999760333593,13.999999,,0.0345,0.0,0.0,0.001,0.02898550724637681,462963.6,572798.9,1035762.5,0.0,-0.1060429393804082,-0.0,0.1060429393804082,572473_YES.csv,572473_YES
1771518780,2026-02-19 16:33:00,1,555.555554,19.999999,0.035999998300735095,19.999999,,0.0345,0.0,0.0,0.001,0.02898550724637681,462963.6,572798.9,1035762.5,0.0,-0.1060429393804082,-0.0,0.1060429393804082,572473_YES.csv,572473_YES
1771518900,2026-02-19 16:35:00,1,1429.722221,51.47,0.03600000003075002,51.47,,0.0355,0.02898550724637672,0.02898550724637672,0.001,0.028169014084507046,421791.4,764563.96,1186355.3599999999,150592.85999999987,-0.2889290777090601,0.0,0.2889290777090601,572473_YES.csv,572473_YES
1771519380,2026-02-19 16:43:00,1,54.44,1.9054,0.0349999999993571,1.9054,,0.0355,0.0,0.0,0.001,0.028169014084507046,421791.4,764563.96,1186355.3599999999,0.0,-0.2889290777090601,-0.0,0.2889290777090601,572473_YES.csv,572473_YES
1771519620,2026-02-19 16:47:00,2,1869.166665,67.28999900000001,0.03599999949708278,33.644999500000004,,0.0355,0.0,0.0,0.001,0.028169014084507046,421695.15,770200.03,1191895.1800000002,5539.820000000298,-0.2923955779399997,0.0,0.2923955779399997,572473_YES.csv,572473_YES
1771520280,2026-02-19 16:58:00,1,750.0,26.250000000000004,0.03499999999995334,26.250000000000004,,0.0355,0.0,0.0,0.001,0.028169014084507046,421695.15,770200.03,1191895.1800000002,0.0,-0.2923955779399997,-0.0,0.2923955779399997,572473_YES.csv,572473_YES
1771521060,2026-02-19 17:11:00,1,111.11111,4.0,0.036000000359676,4.0,,0.0355,0.0,0.0,0.001,0.028169014084507046,421442.02,769784.89,1191226.9100000001,-668.2700000000186,-0.2924236071866442,668.2700000000186,0.2924236071866442,572473_YES.csv,572473_YES
1771521420,2026-02-19 17:17:00,1,40.0,1.44,0.0359999999991,1.44,,0.0355,0.0,0.0,0.001,0.028169014084507046,421276.25,769632.23,1190908.48,-318.43000000016764,-0.29251280501420224,318.43000000016764,0.29251280501420224,572473_YES.csv,572473_YES
1771521720,2026-02-19 17:22:00,1,1257.14,43.99990000000001,0.034999999999972164,43.99990000000001,,0.0355,0.0,0.0,0.001,0.028169014084507046,421276.25,769632.23,1190908.48,0.0,-0.29251280501420224,-0.0,0.29251280501420224,572473_YES.csv,572473_YES
1771521840,2026-02-19 17:24:00,1,70.0,2.52,0.035999999999485714,2.52,,0.0355,0.0,0.0,0.001,0.028169014084507046,421276.25,769632.23,1190908.48,0.0,-0.29251280501420224,-0.0,0.29251280501420224,572473_YES.csv,572473_YES
1771522020,2026-02-19 17:27:00,1,30.0,1.0799999999999998,0.03599999999879999,1.0799999999999998,,0.0355,0.0,0.0,0.001,0.028169014084507046,421276.25,769632.23,1190908.48,0.0,-0.29251280501420224,-0.0,0.29251280501420224,572473_YES.csv,572473_YES
1771523820,2026-02-19 17:57:00,1,53287.83,1792.25165,0.03363341404594567,1792.25165,,0.0355,0.0,0.0,0.001,0.028169014084507046,421276.25,769632.23,1190908.48,0.0,-0.29251280501420224,-0.0,0.29251280501420224,572473_YES.csv,572473_YES
1771524240,2026-02-19 18:04:00,3,1667.684284,57.61999900000001,0.03455090364092284,19.206666333333335,,0.0355,0.0,0.0,0.001,0.028169014084507046,421276.25,769632.23,1190908.48,0.0,-0.29251280501420224,-0.0,0.29251280501420224,572473_YES.csv,572473_YES
1771524360,2026-02-19 18:06:00,1,147.058822,4.999999,0.033999993553368704,4.999999,,0.0355,0.0,0.0,0.001,0.028169014084507046,421276.25,769632.23,1190908.48,0.0,-0.29251280501420224,-0.0,0.29251280501420224,572473_YES.csv,572473_YES
1771525500,2026-02-19 18:25:00,1,176.470587,6.0,0.03400000023780733,6.0,,0.0355,0.0,0.0,0.001,0.028169014084507046,421276.25,769632.23,1190908.48,0.0,-0.29251280501420224,-0.0,0.29251280501420224,572473_YES.csv,572473_YES
1771525800,2026-02-19 18:30:00,2,6147.058822,202.999999,0.03302392329050775,101.4999995,,0.0355,0.0,0.0,0.001,0.028169014084507046,421276.25,769632.23,1190908.48,0.0,-0.29251280501420224,-0.0,0.29251280501420224,572473_YES.csv,572473_YES
1771526340,2026-02-19 18:39:00,1,147.058822,4.999999,0.033999993553368704,4.999999,,0.0355,0.0,0.0,0.001,0.028169014084507046,421276.25,769632.23,1190908.48,0.0,-0.29251280501420224,-0.0,0.29251280501420224,572473_YES.csv,572473_YES
1771526640,2026-02-19 18:44:00,1,29.411763,0.999999,0.0339999679708421,0.999999,,0.0335,-0.0563380281690139,0.0563380281690139,0.001,0.029850746268656716,489906.41,343739.65,833646.06,-357262.4199999999,0.17533431394133853,357262.4199999999,0.17533431394133853,572473_YES.csv,572473_YES
1771528020,2026-02-19 19:07:00,1,3654.24,126.76999999999998,0.03469120802135741,126.76999999999998,,0.0335,0.0,0.0,0.001,0.029850746268656716,489906.41,343739.65,833646.06,0.0,0.17533431394133853,-0.0,0.17533431394133853,572473_YES.csv,572473_YES
1771528320,2026-02-19 19:12:00,1,142.857141,4.999999,0.0349999934547549,4.999999,,0.0335,0.0,0.0,0.001,0.029850746268656716,489906.41,343739.65,833646.06,0.0,0.17533431394133853,-0.0,0.17533431394133853,572473_YES.csv,572473_YES
1771528560,2026-02-19 19:16:00,1,7757.142857,271.49999999999994,0.03500000000063999,271.49999999999994,,0.0335,0.0,0.0,0.001,0.029850746268656716,489906.41,343739.65,833646.06,0.0,0.17533431394133853,-0.0,0.17533431394133853,572473_YES.csv,572473_YES
1771529220,2026-02-19 19:27:00,1,30.0,1.05,0.03499999999883333,1.05,,0.0335,0.0,0.0,0.001,0.029850746268656716,489906.41,343739.65,833646.06,0.0,0.17533431394133853,-0.0,0.17533431394133853,572473_YES.csv,572473_YES
1771530060,2026-02-19 19:41:00,1,532.0,18.088,0.033999999999936095,18.088,,0.0345,0.029850746268656803,0.029850746268656803,0.001,0.02898550724637681,486744.11,546952.58,1033696.69,200050.6299999999,-0.05824578000728625,0.0,0.05824578000728625,572473_YES.csv,572473_YES
1771530180,2026-02-19 19:43:00,1,3273.46,108.02418,0.03299999999998992,108.02418,,0.0345,0.0,0.0,0.001,0.02898550724637681,486744.11,546952.58,1033696.69,0.0,-0.05824578000728625,-0.0,0.05824578000728625,572473_YES.csv,572473_YES
1771530240,2026-02-19 19:44:00,1,100.0,3.4000000000000004,0.033999999999660004,3.4000000000000004,,0.0335,-0.02898550724637683,0.02898550724637683,0.001,0.029850746268656716,489169.72,352247.45,841417.1699999999,-192279.52000000002,0.16272816253559452,192279.52000000002,0.16272816253559452,572473_YES.csv,572473_YES
1771531140,2026-02-19 19:59:00,1,270.83,8.93739,0.032999999999878155,8.93739,,0.0335,0.0,0.0,0.001,0.029850746268656716,501463.22,352124.43,853587.6499999999,12170.479999999981,0.17495425337983744,0.0,0.17495425337983744,572473_YES.csv,572473_YES
1771531320,2026-02-19 20:02:00,1,8407.710857,294.0,0.03496790089483024,294.0,,0.0335,0.0,0.0,0.001,0.029850746268656716,501067.9,336290.60000000003,837358.5,-16229.149999999907,0.19678226231655854,16229.149999999907,0.19678226231655854,572473_YES.csv,572473_YES
1771532160,2026-02-19 20:16:00,2,892.86,31.048520000000003,0.03477423112242146,15.524260000000002,,0.0335,0.0,0.0,0.001,0.029850746268656716,501067.9,336290.60000000003,837358.5,0.0,0.19678226231655854,-0.0,0.19678226231655854,572473_YES.csv,572473_YES
1771532220,2026-02-19 20:17:00,9,5574.397713,194.845119,0.034953573288387454,21.649457666666667,,0.0335,0.0,0.0,0.001,0.029850746268656716,504609.91,336278.67,840888.58,3530.079999999958,0.2001825735342963,0.0,0.2001825735342963,572473_YES.csv,572473_YES
1771532760,2026-02-19 20:26:00,1,552.571427,19.339999,0.034999998289750464,19.339999,,0.0345,0.029850746268656803,0.029850746268656803,0.001,0.02898550724637681,498776.58,539571.98,1038348.56,197459.9800000001,-0.0392887336406572,0.0,0.0392887336406572,572473_YES.csv,572473_YES
1771532820,2026-02-19 20:27:00,1,446.43,15.625050000000002,0.03499999999992161,15.625050000000002,,0.0345,0.0,0.0,0.001,0.02898550724637681,498776.58,539571.98,1038348.56,0.0,-0.0392887336406572,-0.0,0.0392887336406572,572473_YES.csv,572473_YES
1771532880,2026-02-19 20:28:00,13,33344.302857,1167.0506,0.035000000000148856,89.77312307692308,,0.0345,0.0,0.0,0.001,0.02898550724637681,498776.58,539571.98,1038348.56,0.0,-0.0392887336406572,-0.0,0.0392887336406572,572473_YES.csv,572473_YES
1771533180,2026-02-19 20:33:00,1,52.63,1.7894200000000002,0.033999999999353984,1.7894200000000002,,0.0345,0.0,0.0,0.001,0.02898550724637681,498776.58,539571.98,1038348.56,0.0,-0.0392887336406572,-0.0,0.0392887336406572,572473_YES.csv,572473_YES
1771533480,2026-02-19 20:38:00,1,80.0,2.8000000000000003,0.0349999999995625,2.8000000000000003,,0.0345,0.0,0.0,0.001,0.02898550724637681,496875.34,511158.15,1008033.49,-30315.070000000065,-0.014168983611844084,30315.070000000065,0.014168983611844084,572473_YES.csv,572473_YES
1771533600,2026-02-19 20:40:00,1,857.142857,30.0,0.03500000000579247,30.0,,0.0345,0.0,0.0,0.001,0.02898550724637681,496875.34,511158.15,1008033.49,0.0,-0.014168983611844084,-0.0,0.014168983611844084,572473_YES.csv,572473_YES
1771534020,2026-02-19 20:47:00,1,7.14,0.24276,0.033999999995238096,0.24276,,0.0345,0.0,0.0,0.001,0.02898550724637681,496365.28,499500.35,995865.63,-12167.859999999986,-0.0031480853496268857,12167.859999999986,0.0031480853496268857,572473_YES.csv,572473_YES
1771534140,2026-02-19 20:49:00,2,398.57142699999997,13.949999000000002,0.034999997628944415,6.974999500000001,,0.0345,0.0,0.0,0.001,0.02898550724637681,496365.28,499500.35,995865.63,0.0,-0.0031480853496268857,-0.0,0.0031480853496268857,572473_YES.csv,572473_YES
1771534260,2026-02-19 20:51:00,2,2966.857141,103.839999,0.03499999968483989,51.9199995,,0.0345,0.0,0.0,0.001,0.02898550724637681,496365.28,499500.35,995865.63,0.0,-0.0031480853496268857,-0.0,0.0031480853496268857,572473_YES.csv,572473_YES
1771534380,2026-02-19 20:53:00,3,635.571427,22.244999,0.03499999851309392,7.414999666666667,,0.0345,0.0,0.0,0.001,0.02898550724637681,495094.54,496126.93,991221.47,-4644.160000000033,-0.001041533129826187,4644.160000000033,0.001041533129826187,572473_YES.csv,572473_YES
1771535100,2026-02-19 21:05:00,1,938.614165,33.569999,0.0357654936945941,33.569999,,0.0345,0.0,0.0,0.001,0.02898550724637681,497652.89,494308.72,991961.61,740.140000000014,0.003371269579676619,0.0,0.003371269579676619,572473_YES.csv,572473_YES
1771535220,2026-02-19 21:07:00,1,129.54,4.5339,0.03499999999972982,4.5339,,0.0345,0.0,0.0,0.001,0.02898550724637681,497652.89,494308.72,991961.61,0.0,0.003371269579676619,-0.0,0.003371269579676619,572473_YES.csv,572473_YES
1771535580,2026-02-19 21:13:00,1,512.82,17.435880000000004,0.03399999999993371,17.435880000000004,,0.0345,0.0,0.0,0.001,0.02898550724637681,497652.89,494308.72,991961.61,0.0,0.003371269579676619,-0.0,0.003371269579676619,572473_YES.csv,572473_YES
1771535640,2026-02-19 21:14:00,1,23333.333332,839.999999,0.03599999995919846,839.999999,,0.035,0.01449275362318847,0.01449275362318847,0.002,0.05714285714285714,508086.02,703285.79,1211371.81,219410.20000000007,-0.16113943579387077,0.0,0.16113943579387077,572473_YES.csv,572473_YES
1771535700,2026-02-19 21:15:00,1,2777.0,99.972,0.035999999999987035,99.972,,0.035,0.0,0.0,0.002,0.05714285714285714,508086.02,703285.79,1211371.81,0.0,-0.16113943579387077,-0.0,0.16113943579387077,572473_YES.csv,572473_YES
1771535820,2026-02-19 21:17:00,1,54.05,1.8377,0.03399999999937096,1.8377,,0.035,0.0,0.0,0.002,0.05714285714285714,508095.53,685314.97,1193410.5,-17961.310000000056,-0.14849830800047423,17961.310000000056,0.14849830800047423,572473_YES.csv,572473_YES
1771536060,2026-02-19 21:21:00,1,319.166665,11.489999,0.03599999705471741,11.489999,,0.035,0.0,0.0,0.002,0.05714285714285714,508095.53,685314.97,1193410.5,0.0,-0.14849830800047423,-0.0,0.14849830800047423,572473_YES.csv,572473_YES
1771536360,2026-02-19 21:26:00,1,5516.666665,198.599999,0.03599999982960067,198.599999,,0.035,0.0,0.0,0.002,0.05714285714285714,512422.16,679103.95,1191526.1099999999,-1884.3900000001304,-0.13988933066687056,1884.3900000001304,0.13988933066687056,572473_YES.csv,572473_YES
1771536600,2026-02-19 21:30:00,1,17871.11111,643.36,0.03600000000223619,643.36,,0.035,0.0,0.0,0.002,0.05714285714285714,512422.16,679103.95,1191526.1099999999,0.0,-0.13988933066687056,-0.0,0.13988933066687056,572473_YES.csv,572473_YES
1771536660,2026-02-19 21:31:00,1,136.0,4.6240000000000006,0.03399999999975001,4.6240000000000006,,0.035,0.0,0.0,0.002,0.05714285714285714,512422.16,679103.95,1191526.1099999999,0.0,-0.13988933066687056,-0.0,0.13988933066687056,572473_YES.csv,572473_YES
1771537080,2026-02-19 21:38:00,1,6536.666665,235.319999,0.03599999985619029,235.319999,,0.0355,0.014285714285714013,0.014285714285714013,0.001,0.028169014084507046,395961.25,681389.48,1077350.73,-114175.37999999989,-0.2649352917781937,114175.37999999989,0.2649352917781937,572473_YES.csv,572473_YES
1771537500,2026-02-19 21:45:00,3,4060.0,146.1,0.035985221674867986,48.699999999999996,,0.0355,0.0,0.0,0.001,0.028169014084507046,395961.25,681389.48,1077350.73,0.0,-0.2649352917781937,-0.0,0.2649352917781937,572473_YES.csv,572473_YES
1771537560,2026-02-19 21:46:00,1,2000.0,70.0,0.0349999999999825,70.0,,0.0355,0.0,0.0,0.001,0.028169014084507046,395961.25,681389.48,1077350.73,0.0,-0.2649352917781937,-0.0,0.2649352917781937,572473_YES.csv,572473_YES
1771538460,2026-02-19 22:01:00,1,2361.111111,85.0,0.036000000001678856,85.0,,0.0355,0.0,0.0,0.001,0.028169014084507046,395961.25,681389.48,1077350.73,0.0,-0.2649352917781937,-0.0,0.2649352917781937,572473_YES.csv,572473_YES
1771538820,2026-02-19 22:07:00,1,30.3,1.0302,0.033999999998877886,1.0302,,0.0355,0.0,0.0,0.001,0.028169014084507046,395961.25,681389.48,1077350.73,0.0,-0.2649352917781937,-0.0,0.2649352917781937,572473_YES.csv,572473_YES
1771539120,2026-02-19 22:12:00,1,2417.73,82.20282,0.03399999999998594,82.20282,,0.0355,0.0,0.0,0.001,0.028169014084507046,395961.25,681389.48,1077350.73,0.0,-0.2649352917781937,-0.0,0.2649352917781937,572473_YES.csv,572473_YES
1771539480,2026-02-19 22:18:00,1,1440.0,48.96,0.03399999999997639,48.96,,0.0355,0.0,0.0,0.001,0.028169014084507046,395961.25,681389.48,1077350.73,0.0,-0.2649352917781937,-0.0,0.2649352917781937,572473_YES.csv,572473_YES
1771539960,2026-02-19 22:26:00,1,6.55,0.22925,0.03499999999465649,0.22925,,0.035,-0.014084507042253391,0.014084507042253391,0.002,0.05714285714285714,484583.28,679286.0399999999,1163869.3199999998,86518.58999999985,-0.1672891936012197,0.0,0.1672891936012197,572473_YES.csv,572473_YES
1771540620,2026-02-19 22:37:00,1,277.777776,9.999999,0.0359999966302703,9.999999,,0.035,0.0,0.0,0.002,0.05714285714285714,484583.28,679286.0399999999,1163869.3199999998,0.0,-0.1672891936012197,-0.0,0.1672891936012197,572473_YES.csv,572473_YES
1771540860,2026-02-19 22:41:00,1,300.0,10.500000000000002,0.03499999999988334,10.500000000000002,,0.0355,0.014285714285714013,0.014285714285714013,0.001,0.028169014084507046,373130.01,676979.3099999999,1050109.3199999998,-113760.0,-0.28935016022903215,113760.0,0.28935016022903215,572473_YES.csv,572473_YES
1771542240,2026-02-19 23:04:00,1,298.888887,10.759999,0.03599999688166385,10.759999,,0.0355,0.0,0.0,0.001,0.028169014084507046,373130.01,676979.3099999999,1050109.3199999998,0.0,-0.28935016022903215,-0.0,0.28935016022903215,572473_YES.csv,572473_YES
1771542780,2026-02-19 23:13:00,1,2000.0,70.0,0.0349999999999825,70.0,,0.0355,0.0,0.0,0.001,0.028169014084507046,373130.01,676979.3099999999,1050109.3199999998,0.0,-0.28935016022903215,-0.0,0.28935016022903215,572473_YES.csv,572473_YES
1771543080,2026-02-19 23:18:00,1,50.0,1.7500000000000002,0.03499999999930001,1.7500000000000002,,0.0355,0.0,0.0,0.001,0.028169014084507046,373130.01,676979.3099999999,1050109.3199999998,0.0,-0.28935016022903215,-0.0,0.28935016022903215,572473_YES.csv,572473_YES
1771543260,2026-02-19 23:21:00,1,2115.22,74.0327,0.03499999999998346,74.0327,,0.0355,0.0,0.0,0.001,0.028169014084507046,373130.01,676979.3099999999,1050109.3199999998,0.0,-0.28935016022903215,-0.0,0.28935016022903215,572473_YES.csv,572473_YES
1771543560,2026-02-19 23:26:00,1,1496.388887,53.869999,0.03599999937714314,53.869999,,0.0355,0.0,0.0,0.001,0.028169014084507046,367103.61,669599.09,1036702.7,-13406.619999999879,-0.29178614080970366,13406.619999999879,0.29178614080970366,572473_YES.csv,572473_YES
1771543680,2026-02-19 23:28:00,1,1131.944443,40.749999,0.0359999991624712,40.749999,,0.0355,0.0,0.0,0.001,0.028169014084507046,367103.61,669599.09,1036702.7,0.0,-0.29178614080970366,-0.0,0.29178614080970366,572473_YES.csv,572473_YES
1771544160,2026-02-19 23:36:00,1,1363.63,47.727050000000006,0.034999999999974336,47.727050000000006,,0.0355,0.0,0.0,0.001,0.028169014084507046,367103.61,669599.09,1036702.7,0.0,-0.29178614080970366,-0.0,0.29178614080970366,572473_YES.csv,572473_YES
1771545660,2026-02-20 00:01:00,1,3426.666665,123.35999900000002,0.0359999997256704,123.35999900000002,,0.0355,0.0,0.0,0.001,0.028169014084507046,367103.61,669599.09,1036702.7,0.0,-0.29178614080970366,-0.0,0.29178614080970366,572473_YES.csv,572473_YES
1771546080,2026-02-20 00:08:00,4,1504.41,54.158759999999994,0.035999999999976065,13.539689999999998,,0.0365,0.028169014084507005,0.028169014084507005,0.001,0.027397260273972605,378552.91,916726.19,1295279.0999999999,258576.3999999999,-0.4154882758472673,0.0,0.4154882758472673,572473_YES.csv,572473_YES
1771546140,2026-02-20 00:09:00,1,1000.0,37.0,0.036999999999963,37.0,,0.0365,0.0,0.0,0.001,0.027397260273972605,378552.91,916726.19,1295279.0999999999,0.0,-0.4154882758472673,-0.0,0.4154882758472673,572473_YES.csv,572473_YES
1771546200,2026-02-20 00:10:00,1,27.027026,1.0,0.037000001404631,1.0,,0.0365,0.0,0.0,0.001,0.027397260273972605,378552.91,916726.19,1295279.0999999999,0.0,-0.4154882758472673,-0.0,0.4154882758472673,572473_YES.csv,572473_YES
1771546680,2026-02-20 00:18:00,1,100.0,3.6,0.035999999999639994,3.6,,0.0365,0.0,0.0,0.001,0.027397260273972605,378552.91,916726.19,1295279.0999999999,0.0,-0.4154882758472673,-0.0,0.4154882758472673,572473_YES.csv,572473_YES
1771548300,2026-02-20 00:45:00,1,180.0,6.300000000000001,0.03499999999980556,6.300000000000001,,0.0365,0.0,0.0,0.001,0.027397260273972605,378552.91,916726.19,1295279.0999999999,0.0,-0.4154882758472673,-0.0,0.4154882758472673,572473_YES.csv,572473_YES
1771548480,2026-02-20 00:48:00,1,3237.222221,116.54,0.03600000001358078,116.54,,0.0365,0.0,0.0,0.001,0.027397260273972605,378552.91,916726.19,1295279.0999999999,0.0,-0.4154882758472673,-0.0,0.4154882758472673,572473_YES.csv,572473_YES
1771549680,2026-02-20 01:08:00,1,156.25,5.468750000000001,0.03499999999977601,5.468750000000001,,0.0355,-0.0273972602739726,0.0273972602739726,0.001,0.028169014084507046,385483.02,643165.69,1028648.71,-266630.3899999999,-0.2505059963571042,266630.3899999999,0.2505059963571042,572473_YES.csv,572473_YES
1771550040,2026-02-20 01:14:00,1,833.333332,29.999999,0.0359999988575567,29.999999,,0.0355,0.0,0.0,0.001,0.028169014084507046,385436.74,647323.07,1032759.8099999999,4111.099999999977,-0.2535791260118846,0.0,0.2535791260118846,572473_YES.csv,572473_YES
1771551480,2026-02-20 01:38:00,1,10000.0,350.00000000000006,0.034999999999996506,350.00000000000006,,0.0355,0.0,0.0,0.001,0.028169014084507046,385260.29,650142.88,1035403.1699999999,2643.359999999986,-0.2558255544069853,0.0,0.2558255544069853,572473_YES.csv,572473_YES
1771553820,2026-02-20 02:17:00,1,694.444443,24.999998999999995,0.035999998634828057,24.999998999999995,,0.0355,0.0,0.0,0.001,0.028169014084507046,388968.71,659208.3,1048177.01,12773.840000000084,-0.25781865793831904,0.0,0.25781865793831904,572473_YES.csv,572473_YES
1771554060,2026-02-20 02:21:00,1,55.555554,1.999999,0.0359999830073515,1.999999,,0.0355,0.0,0.0,0.001,0.028169014084507046,388968.71,659208.3,1048177.01,0.0,-0.25781865793831904,-0.0,0.25781865793831904,572473_YES.csv,572473_YES
1771554240,2026-02-20 02:24:00,1,1000.0,35.0,0.034999999999965004,35.0,,0.0355,0.0,0.0,0.001,0.028169014084507046,388968.71,659208.3,1048177.01,0.0,-0.25781865793831904,-0.0,0.25781865793831904,572473_YES.csv,572473_YES
1771554480,2026-02-20 02:28:00,1,9999.98,349.9993,0.0349999999999965,349.9993,,0.0355,0.0,0.0,0.001,0.028169014084507046,388968.71,659208.3,1048177.01,0.0,-0.25781865793831904,-0.0,0.25781865793831904,572473_YES.csv,572473_YES
1771555920,2026-02-20 02:52:00,1,76.92,2.6922,0.03499999999954498,2.6922,,0.0355,0.0,0.0,0.001,0.028169014084507046,388968.71,659208.3,1048177.01,0.0,-0.25781865793831904,-0.0,0.25781865793831904,572473_YES.csv,572473_YES
1771556580,2026-02-20 03:03:00,1,3165.79,116.52,0.03680597891836257,116.52,,0.0355,0.0,0.0,0.001,0.028169014084507046,388968.71,659208.3,1048177.01,0.0,-0.25781865793831904,-0.0,0.25781865793831904,572473_YES.csv,572473_YES
1771556640,2026-02-20 03:04:00,1,3045.04,112.64,0.03699130389090545,112.64,,0.0355,0.0,0.0,0.001,0.028169014084507046,388968.71,659208.3,1048177.01,0.0,-0.25781865793831904,-0.0,0.25781865793831904,572473_YES.csv,572473_YES
1771556760,2026-02-20 03:06:00,1,446.43,16.071479999999998,0.03599999999991935,16.071479999999998,,0.0355,0.0,0.0,0.001,0.028169014084507046,388968.71,659208.3,1048177.01,0.0,-0.25781865793831904,-0.0,0.25781865793831904,572473_YES.csv,572473_YES
1771557420,2026-02-20 03:17:00,1,2065.675674,75.42999900000001,0.036515896444624225,75.42999900000001,,0.0355,0.0,0.0,0.001,0.028169014084507046,397290.22,621768.12,1019058.34,-29118.670000000042,-0.22027973393554684,29118.670000000042,0.22027973393554684,572473_YES.csv,572473_YES
1771557960,2026-02-20 03:26:00,1,2017.36189,73.99999899999999,0.036681568818554014,73.99999899999999,,0.0355,0.0,0.0,0.001,0.028169014084507046,396975.09,613126.83,1010101.9199999999,-8956.420000000042,-0.21399002983778107,8956.420000000042,0.21399002983778107,572473_YES.csv,572473_YES
1771558080,2026-02-20 03:28:00,1,300.0,10.8,0.035999999999879996,10.8,,0.0355,0.0,0.0,0.001,0.028169014084507046,396975.09,613126.83,1010101.9199999999,0.0,-0.21399002983778107,-0.0,0.21399002983778107,572473_YES.csv,572473_YES
1771558740,2026-02-20 03:39:00,1,162.162161,6.0,0.03700000026493844,6.0,,0.0355,0.0,0.0,0.001,0.028169014084507046,396975.09,613126.83,1010101.9199999999,0.0,-0.21399002983778107,-0.0,0.21399002983778107,572473_YES.csv,572473_YES
1771559940,2026-02-20 03:59:00,1,1000.0,35.0,0.034999999999965004,35.0,,0.0355,0.0,0.0,0.001,0.028169014084507046,418767.64,574062.17,992829.81,-17272.10999999987,-0.15641606288997306,17272.10999999987,0.15641606288997306,572473_YES.csv,572473_YES
1771560180,2026-02-20 04:03:00,1,446.43,16.071479999999998,0.03599999999991935,16.071479999999998,,0.0355,0.0,0.0,0.001,0.028169014084507046,418767.64,574062.17,992829.81,0.0,-0.15641606288997306,-0.0,0.15641606288997306,572473_YES.csv,572473_YES
1771560360,2026-02-20 04:06:00,1,1500.0,53.96584,0.03597722666664261,53.96584,,0.0355,0.0,0.0,0.001,0.028169014084507046,418767.64,574062.17,992829.81,0.0,-0.15641606288997306,-0.0,0.15641606288997306,572473_YES.csv,572473_YES
1771560720,2026-02-20 04:12:00,1,1500.0,52.50000000000001,0.034999999999976675,52.50000000000001,,0.0355,0.0,0.0,0.001,0.028169014084507046,418767.64,574062.17,992829.81,0.0,-0.15641606288997306,-0.0,0.15641606288997306,572473_YES.csv,572473_YES
1771561020,2026-02-20 04:17:00,8,3571.44,125.00040000000001,0.034999999999990206,15.625050000000002,,0.036,0.014084507042253502,0.014084507042253502,0.002,0.05555555555555556,428445.39,648035.8099999999,1076481.2,83651.3899999999,-0.2039890896376081,0.0,0.2039890896376081,572473_YES.csv,572473_YES
1771561260,2026-02-20 04:21:00,1,5660.0,200.7,0.035459363957590834,200.7,,0.036,0.0,0.0,0.002,0.05555555555555556,428445.39,648035.8099999999,1076481.2,0.0,-0.2039890896376081,-0.0,0.2039890896376081,572473_YES.csv,572473_YES
1771561320,2026-02-20 04:22:00,5,2232.15,78.12525000000001,0.03499999999998432,15.625050000000002,,0.036,0.0,0.0,0.002,0.05555555555555556,428445.39,648035.8099999999,1076481.2,0.0,-0.2039890896376081,-0.0,0.2039890896376081,572473_YES.csv,572473_YES
1771561380,2026-02-20 04:23:00,2,892.86,31.250100000000003,0.034999999999960806,15.625050000000002,,0.0355,-0.01388888888888895,0.01388888888888895,0.001,0.028169014084507046,419776.39,494908.33,914684.72,-161796.47999999998,-0.0821397125776847,161796.47999999998,0.0821397125776847,572473_YES.csv,572473_YES
1771561560,2026-02-20 04:26:00,1,1774.0,62.09,0.034999999999980276,62.09,,0.0355,0.0,0.0,0.001,0.028169014084507046,417902.39,495008.33,912910.72,-1774.0,-0.08446164374102212,1774.0,0.08446164374102212,572473_YES.csv,572473_YES
1771561860,2026-02-20 04:31:00,1,320.833332,11.549998999999998,0.03599999703261499,11.549998999999998,,0.0355,0.0,0.0,0.001,0.028169014084507046,417902.39,495008.33,912910.72,0.0,-0.08446164374102212,-0.0,0.08446164374102212,572473_YES.csv,572473_YES
1771562100,2026-02-20 04:35:00,2,120.0,4.3,0.03583333333303472,2.15,,0.0355,0.0,0.0,0.001,0.028169014084507046,417992.44,512276.87,930269.31,17358.590000000084,-0.10135175801940621,0.0,0.10135175801940621,572473_YES.csv,572473_YES
1771562160,2026-02-20 04:36:00,1,1900.0,66.5,0.03499999999998158,66.5,,0.0355,0.0,0.0,0.001,0.028169014084507046,417992.44,512276.87,930269.31,0.0,-0.10135175801940621,-0.0,0.10135175801940621,572473_YES.csv,572473_YES
1771564140,2026-02-20 05:09:00,1,32.25,1.12875,0.03499999999891474,1.12875,,0.0355,0.0,0.0,0.001,0.028169014084507046,417992.44,512276.87,930269.31,0.0,-0.10135175801940621,-0.0,0.10135175801940621,572473_YES.csv,572473_YES
1771564200,2026-02-20 05:10:00,1,5285.434472,199.999999,0.03783984080390694,199.999999,,0.0355,0.0,0.0,0.001,0.028169014084507046,417992.44,512276.87,930269.31,0.0,-0.10135175801940621,-0.0,0.10135175801940621,572473_YES.csv,572473_YES
1771565460,2026-02-20 05:31:00,1,1749.25,62.97299999999999,0.035999999999979417,62.97299999999999,,0.0355,0.0,0.0,0.001,0.028169014084507046,417992.44,512276.87,930269.31,0.0,-0.10135175801940621,-0.0,0.10135175801940621,572473_YES.csv,572473_YES
1771567980,2026-02-20 06:13:00,3,134628.7,4614.39316,0.03427495890549313,1538.1310533333333,,0.0355,0.0,0.0,0.001,0.028169014084507046,417992.44,512276.87,930269.31,0.0,-0.10135175801940621,-0.0,0.10135175801940621,572473_YES.csv,572473_YES
1771568040,2026-02-20 06:14:00,4,1785.72,58.97098,0.03302364312432351,14.742745,,0.0345,-0.028169014084506894,0.028169014084506894,0.001,0.02898550724637681,388540.85,297905.42,686446.27,-243823.04000000004,0.13203572364083208,243823.04000000004,0.13203572364083208,572473_YES.csv,572473_YES
1771568100,2026-02-20 06:15:00,1,28.571427,0.999999,0.0349999669237731,0.999999,,0.0345,0.0,0.0,0.001,0.02898550724637681,388540.85,297905.42,686446.27,0.0,0.13203572364083208,-0.0,0.13203572364083208,572473_YES.csv,572473_YES
1771568160,2026-02-20 06:16:00,9,4017.87,132.62637999999998,0.03300912672634181,14.736264444444442,,0.0345,0.0,0.0,0.001,0.02898550724637681,388540.85,297905.42,686446.27,0.0,0.13203572364083208,-0.0,0.13203572364083208,572473_YES.csv,572473_YES
1771568220,2026-02-20 06:17:00,1,1245.545404,45.039999,0.03616086483505167,45.039999,,0.0355,0.02898550724637672,0.02898550724637672,0.003,0.08450704225352114,386282.58,653203.24,1039485.8200000001,353039.55000000005,-0.25678143449806745,0.0,0.25678143449806745,572473_YES.csv,572473_YES
1771568400,2026-02-20 06:20:00,1,4114.975134,150.0,0.03645222513268373,150.0,,0.0345,-0.028169014084506894,0.028169014084506894,0.001,0.02898550724637681,387277.48,287363.09,674640.5700000001,-364845.25,0.14810018021892746,364845.25,0.14810018021892746,572473_YES.csv,572473_YES
1771568520,2026-02-20 06:22:00,1,28.571427,0.999999,0.0349999669237731,0.999999,,0.0345,0.0,0.0,0.001,0.02898550724637681,387277.48,287363.09,674640.5700000001,0.0,0.14810018021892746,-0.0,0.14810018021892746,572473_YES.csv,572473_YES
1771568580,2026-02-20 06:23:00,1,65.714284,2.299999,0.03499998569511919,2.299999,,0.0345,0.0,0.0,0.001,0.02898550724637681,409436.18,283699.07,693135.25,18494.679999999935,0.1814034273974668,0.0,0.1814034273974668,572473_YES.csv,572473_YES
1771568640,2026-02-20 06:24:00,1,28.571427,0.999999,0.0349999669237731,0.999999,,0.0345,0.0,0.0,0.001,0.02898550724637681,409436.18,283699.07,693135.25,0.0,0.1814034273974668,-0.0,0.1814034273974668,572473_YES.csv,572473_YES
1771568760,2026-02-20 06:26:00,2,40.0,1.36,0.03399999999915001,0.68,,0.036,0.043478260869564966,0.043478260869564966,0.002,0.05555555555555556,398642.78,636579.19,1035221.97,342086.72,-0.22984095864967,0.0,0.22984095864967,572473_YES.csv,572473_YES
1771569600,2026-02-20 06:40:00,1,18941.173782,699.999999,0.03695652693209435,699.999999,,0.036,0.0,0.0,0.002,0.05555555555555556,398642.78,636579.19,1035221.97,0.0,-0.22984095864967,-0.0,0.22984095864967,572473_YES.csv,572473_YES
1771569780,2026-02-20 06:43:00,1,743.58,26.025300000000005,0.03499999999995294,26.025300000000005,,0.036,0.0,0.0,0.002,0.05555555555555556,398642.78,636579.19,1035221.97,0.0,-0.22984095864967,-0.0,0.22984095864967,572473_YES.csv,572473_YES
1771570200,2026-02-20 06:50:00,1,28.57,0.99995,0.03499999999877494,0.99995,,0.0355,-0.01388888888888895,0.01388888888888895,0.001,0.028169014084507046,399687.41,604317.78,1004005.19,-31216.780000000028,-0.20381405598112504,31216.780000000028,0.20381405598112504,572473_YES.csv,572473_YES
1771570260,2026-02-20 06:51:00,1,2017.36,70.56918,0.03498095530790976,70.56918,,0.0355,0.0,0.0,0.001,0.028169014084507046,399687.41,604317.78,1004005.19,0.0,-0.20381405598112504,-0.0,0.20381405598112504,572473_YES.csv,572473_YES
1771570440,2026-02-20 06:54:00,1,1034.31,35.36206,0.03418903423535085,35.36206,,0.0355,0.0,0.0,0.001,0.028169014084507046,399687.41,604317.78,1004005.19,0.0,-0.20381405598112504,-0.0,0.20381405598112504,572473_YES.csv,572473_YES
1771570860,2026-02-20 07:01:00,1,2166.666665,77.999999,0.03599999956613719,77.999999,,0.0355,0.0,0.0,0.001,0.028169014084507046,399687.41,604317.78,1004005.19,0.0,-0.20381405598112504,-0.0,0.20381405598112504,572473_YES.csv,572473_YES
1771571340,2026-02-20 07:09:00,1,78377.944053,2844.0,0.03628571831479554,2844.0,,0.0355,0.0,0.0,0.001,0.028169014084507046,399687.41,604317.78,1004005.19,0.0,-0.20381405598112504,-0.0,0.20381405598112504,572473_YES.csv,572473_YES
1771571760,2026-02-20 07:16:00,1,1281.558377,47.099999,0.03675212916185652,47.099999,,0.0355,0.0,0.0,0.001,0.028169014084507046,399687.41,604317.78,1004005.19,0.0,-0.20381405598112504,-0.0,0.20381405598112504,572473_YES.csv,572473_YES
1771572180,2026-02-20 07:23:00,1,675.675674,24.999999,0.03699999861170514,24.999999,,0.0365,0.028169014084507005,0.028169014084507005,0.001,0.027397260273972605,137474.21,731314.89,868789.1,-135216.08999999997,-0.683526853640314,135216.08999999997,0.683526853640314,572473_YES.csv,572473_YES
1771572600,2026-02-20 07:30:00,1,5263.157893,199.999999,0.03799999982253278,199.999999,,0.0365,0.0,0.0,0.001,0.027397260273972605,137474.21,731314.89,868789.1,0.0,-0.683526853640314,-0.0,0.683526853640314,572473_YES.csv,572473_YES
1771572840,2026-02-20 07:34:00,1,2702.702701,99.99999900000002,0.03699999965329631,99.99999900000002,,0.0365,0.0,0.0,0.001,0.027397260273972605,137474.21,731314.89,868789.1,0.0,-0.683526853640314,-0.0,0.683526853640314,572473_YES.csv,572473_YES
1771572960,2026-02-20 07:36:00,1,357.837836,13.239999,0.0369999973953648,13.239999,,0.0365,0.0,0.0,0.001,0.027397260273972605,137474.21,731314.89,868789.1,0.0,-0.683526853640314,-0.0,0.683526853640314,572473_YES.csv,572473_YES
1771573080,2026-02-20 07:38:00,2,2406.216215,89.03,0.037000000018686176,44.515,,0.0365,0.0,0.0,0.001,0.027397260273972605,311056.47,504962.12,816018.59,-52770.51000000001,-0.2376240595205068,52770.51000000001,0.2376240595205068,572473_YES.csv,572473_YES
1771573140,2026-02-20 07:39:00,1,1081.08108,39.99999999999999,0.03700000003696577,39.99999999999999,,0.0365,0.0,0.0,0.001,0.027397260273972605,311056.47,504962.12,816018.59,0.0,-0.2376240595205068,-0.0,0.2376240595205068,572473_YES.csv,572473_YES
1771573380,2026-02-20 07:43:00,1,1055.576841,40.00000000000001,0.037893972704126505,40.00000000000001,,0.0365,0.0,0.0,0.001,0.027397260273972605,311056.47,504962.12,816018.59,0.0,-0.2376240595205068,-0.0,0.2376240595205068,572473_YES.csv,572473_YES
1771573560,2026-02-20 07:46:00,1,263.157893,9.999999,0.0379999964506555,9.999999,,0.0365,0.0,0.0,0.001,0.027397260273972605,311056.47,504962.12,816018.59,0.0,-0.2376240595205068,-0.0,0.2376240595205068,572473_YES.csv,572473_YES
1771575480,2026-02-20 08:18:00,1,46460.23,1765.48874,0.03799999999999918,1765.48874,,0.0365,0.0,0.0,0.001,0.027397260273972605,311056.47,504962.12,816018.59,0.0,-0.2376240595205068,-0.0,0.2376240595205068,572473_YES.csv,572473_YES
1771576680,2026-02-20 08:38:00,1,52.0,1.976,0.03799999999926923,1.976,,0.0385,0.0547945205479452,0.0547945205479452,0.001,0.025974025974025976,176215.47,675598.98,851814.45,35795.859999999986,-0.5862585566610193,0.0,0.5862585566610193,572473_YES.csv,572473_YES
1771577400,2026-02-20 08:50:00,1,25.641024,0.999999,0.038999963494476604,0.999999,,0.0385,0.0,0.0,0.001,0.025974025974025976,192575.87,676289.58,868865.45,17051.0,-0.5567187761925624,0.0,0.5567187761925624,572473_YES.csv,572473_YES
1771578000,2026-02-20 09:00:00,1,7.86,0.30654,0.03899999999503817,0.30654,,0.0385,0.0,0.0,0.001,0.025974025974025976,192575.87,676289.58,868865.45,0.0,-0.5567187761925624,-0.0,0.5567187761925624,572473_YES.csv,572473_YES
1771578540,2026-02-20 09:09:00,1,1435.897434,55.999999,0.03899999935507993,55.999999,,0.0385,0.0,0.0,0.001,0.025974025974025976,192575.87,676289.58,868865.45,0.0,-0.5567187761925624,-0.0,0.5567187761925624,572473_YES.csv,572473_YES
1771579080,2026-02-20 09:18:00,1,100.0,3.8,0.03799999999962,3.8,,0.0385,0.0,0.0,0.001,0.025974025974025976,192575.87,676289.58,868865.45,0.0,-0.5567187761925624,-0.0,0.5567187761925624,572473_YES.csv,572473_YES
1771579260,2026-02-20 09:21:00,1,26.315788,0.999999,0.0379999641265539,0.999999,,0.0385,0.0,0.0,0.001,0.025974025974025976,192575.87,676289.58,868865.45,0.0,-0.5567187761925624,-0.0,0.5567187761925624,572473_YES.csv,572473_YES
1771579380,2026-02-20 09:23:00,1,27.02,0.99974,0.03699999999863064,0.99974,,0.0375,-0.025974025974025983,0.025974025974025983,0.001,0.02666666666666667,232815.03,532445.56,765260.5900000001,-103604.85999999987,-0.3915405208570848,103604.85999999987,0.3915405208570848,572473_YES.csv,572473_YES
1771580880,2026-02-20 09:48:00,1,29.0,1.073,0.03699999999872414,1.073,,0.0375,0.0,0.0,0.001,0.02666666666666667,232815.03,532445.56,765260.5900000001,0.0,-0.3915405208570848,-0.0,0.3915405208570848,572473_YES.csv,572473_YES
1771583400,2026-02-20 10:30:00,1,50.0,1.85,0.03699999999926,1.85,,0.0375,0.0,0.0,0.001,0.02666666666666667,232815.03,532445.56,765260.5900000001,0.0,-0.3915405208570848,-0.0,0.3915405208570848,572473_YES.csv,572473_YES
1771583460,2026-02-20 10:31:00,1,143.33,5.30321,0.03699999999974185,5.30321,,0.0375,0.0,0.0,0.001,0.02666666666666667,232815.03,532445.56,765260.5900000001,0.0,-0.3915405208570848,-0.0,0.3915405208570848,572473_YES.csv,572473_YES
1771584060,2026-02-20 10:41:00,1,1679.56,62.14372,0.03699999999997797,62.14372,,0.0375,0.0,0.0,0.001,0.02666666666666667,234835.64,616740.86,851576.5,86315.90999999992,-0.44846848169248443,0.0,0.44846848169248443,572473_YES.csv,572473_YES
1771585200,2026-02-20 11:00:00,1,138.88,5.13856,0.036999999999733586,5.13856,,0.0375,0.0,0.0,0.001,0.02666666666666667,234835.64,616740.86,851576.5,0.0,-0.44846848169248443,-0.0,0.44846848169248443,572473_YES.csv,572473_YES
1771585260,2026-02-20 11:01:00,1,131.578946,4.999999,0.037999992794911105,4.999999,,0.0375,0.0,0.0,0.001,0.02666666666666667,234835.64,616740.86,851576.5,0.0,-0.44846848169248443,-0.0,0.44846848169248443,572473_YES.csv,572473_YES
1771585380,2026-02-20 11:03:00,1,1400.0,51.8,0.03699999999997357,51.8,,0.0375,0.0,0.0,0.001,0.02666666666666667,234835.64,616740.86,851576.5,0.0,-0.44846848169248443,-0.0,0.44846848169248443,572473_YES.csv,572473_YES
1771585620,2026-02-20 11:07:00,1,26.315788,0.999999,0.0379999641265539,0.999999,,0.0375,0.0,0.0,0.001,0.02666666666666667,234835.64,616740.86,851576.5,0.0,-0.44846848169248443,-0.0,0.44846848169248443,572473_YES.csv,572473_YES
1771586580,2026-02-20 11:23:00,1,31.56,1.16772,0.03699999999882763,1.16772,,0.0375,0.0,0.0,0.001,0.02666666666666667,232443.67,621870.22,854313.89,2737.390000000014,-0.45583544240396223,0.0,0.45583544240396223,572473_YES.csv,572473_YES
1771586940,2026-02-20 11:29:00,1,921.05263,34.999999,0.03799999897938724,34.999999,,0.0375,0.0,0.0,0.001,0.02666666666666667,230884.7,620922.36,851807.06,-2506.829999999958,-0.4578943734042307,2506.829999999958,0.4578943734042307,572473_YES.csv,572473_YES
1771587000,2026-02-20 11:30:00,1,5232.21,193.59177,0.03699999999999293,193.59177,,0.0375,0.0,0.0,0.001,0.02666666666666667,230884.7,620922.36,851807.06,0.0,-0.4578943734042307,-0.0,0.4578943734042307,572473_YES.csv,572473_YES
1771587060,2026-02-20 11:31:00,1,25633.928973,987.109999,0.038507947807754093,987.109999,,0.0375,0.0,0.0,0.001,0.02666666666666667,230884.7,620922.36,851807.06,0.0,-0.4578943734042307,-0.0,0.4578943734042307,572473_YES.csv,572473_YES
1771587300,2026-02-20 11:35:00,1,30.0,1.17,0.0389999999987,1.17,,0.0385,0.026666666666666616,0.026666666666666616,0.001,0.025974025974025976,184792.8,723421.77,908214.5700000001,56407.51000000001,-0.5930635642632335,0.0,0.5930635642632335,572473_YES.csv,572473_YES
1771587540,2026-02-20 11:39:00,1,128.0,4.992,0.03899999999969531,4.992,,0.0385,0.0,0.0,0.001,0.025974025974025976,184792.8,723421.77,908214.5700000001,0.0,-0.5930635642632335,-0.0,0.5930635642632335,572473_YES.csv,572473_YES
1771587600,2026-02-20 11:40:00,1,600.0,22.8,0.03799999999993667,22.8,,0.0385,0.0,0.0,0.001,0.025974025974025976,184792.8,723421.77,908214.5700000001,0.0,-0.5930635642632335,-0.0,0.5930635642632335,572473_YES.csv,572473_YES
1771588140,2026-02-20 11:49:00,1,512.820511,19.999999,0.03899999818837385,19.999999,,0.0385,0.0,0.0,0.001,0.025974025974025976,184792.8,723421.77,908214.5700000001,0.0,-0.5930635642632335,-0.0,0.5930635642632335,572473_YES.csv,572473_YES
1771589520,2026-02-20 12:12:00,1,150.0,5.7,0.037999999999746674,5.7,,0.0385,0.0,0.0,0.001,0.025974025974025976,184792.8,723421.77,908214.5700000001,0.0,-0.5930635642632335,-0.0,0.5930635642632335,572473_YES.csv,572473_YES
1771589820,2026-02-20 12:17:00,1,446.43,16.96434,0.03799999999991488,16.96434,,0.0375,-0.025974025974025983,0.025974025974025983,0.001,0.02666666666666667,237299.08,729751.73,967050.8099999999,58836.239999999874,-0.5092314125666262,0.0,0.5092314125666262,572473_YES.csv,572473_YES
1771589880,2026-02-20 12:18:00,1,446.43,16.51791,0.03699999999991712,16.51791,,0.0375,0.0,0.0,0.001,0.02666666666666667,237299.08,729751.73,967050.8099999999,0.0,-0.5092314125666262,-0.0,0.5092314125666262,572473_YES.csv,572473_YES
1771590660,2026-02-20 12:31:00,1,21709.13,803.23781,0.03699999999999829,803.23781,,0.0375,0.0,0.0,0.001,0.02666666666666667,237299.08,729751.73,967050.8099999999,0.0,-0.5092314125666262,-0.0,0.5092314125666262,572473_YES.csv,572473_YES
1771590720,2026-02-20 12:32:00,2,100.0,3.7,0.036999999999629996,1.85,,0.037,-0.013333333333333308,0.013333333333333308,0.002,0.05405405405405406,279698.97000000003,729833.17,1009532.1400000001,42481.33000000019,-0.4458839715593403,0.0,0.4458839715593403,572473_YES.csv,572473_YES
1771591200,2026-02-20 12:40:00,1,2263.157893,85.999999,0.037999999587285505,85.999999,,0.037,0.0,0.0,0.002,0.05405405405405406,279698.97000000003,729833.17,1009532.1400000001,0.0,-0.4458839715593403,-0.0,0.4458839715593403,572473_YES.csv,572473_YES
1771591260,2026-02-20 12:41:00,1,1127.36842,42.84,0.03800000003544709,42.84,,0.037,0.0,0.0,0.002,0.05405405405405406,279569.91,730705.39,1010275.3,743.1599999999162,-0.4465470748418773,0.0,0.4465470748418773,572473_YES.csv,572473_YES
1771591680,2026-02-20 12:48:00,1,48.78,1.75608,0.03599999999926199,1.75608,,0.037,0.0,0.0,0.002,0.05405405405405406,279569.91,730705.39,1010275.3,0.0,-0.4465470748418773,-0.0,0.4465470748418773,572473_YES.csv,572473_YES
1771591980,2026-02-20 12:53:00,1,446.43,16.071479999999998,0.03599999999991935,16.071479999999998,,0.037,0.0,0.0,0.002,0.05405405405405406,279030.87,730109.97,1009140.84,-1134.4600000000792,-0.44699320661722497,1134.4600000000792,0.44699320661722497,572473_YES.csv,572473_YES
1771592700,2026-02-20 13:05:00,1,140.0,5.18,0.036999999999735717,5.18,,0.0365,-0.013513513513513487,0.013513513513513487,0.001,0.027397260273972605,279130.87,587171.01,866301.88,-142838.95999999996,-0.3555805973779025,142838.95999999996,0.3555805973779025,572473_YES.csv,572473_YES
1771592880,2026-02-20 13:08:00,1,500.0,18.5,0.036999999999926,18.5,,0.0365,0.0,0.0,0.001,0.027397260273972605,278847.34,586217.79,865065.1300000001,-1236.7499999998836,-0.35531480733710763,1236.7499999998836,0.35531480733710763,572473_YES.csv,572473_YES
1771593000,2026-02-20 13:10:00,1,40.0,1.48,0.036999999999075,1.48,,0.0365,0.0,0.0,0.001,0.027397260273972605,278847.34,586217.79,865065.1300000001,0.0,-0.35531480733710763,-0.0,0.35531480733710763,572473_YES.csv,572473_YES
1771593120,2026-02-20 13:12:00,1,110.0,4.069999999999999,0.03699999999966363,4.069999999999999,,0.0365,0.0,0.0,0.001,0.027397260273972605,278847.34,586217.79,865065.1300000001,0.0,-0.35531480733710763,-0.0,0.35531480733710763,572473_YES.csv,572473_YES
1771593420,2026-02-20 13:17:00,1,27.027026,1.0,0.037000001404631,1.0,,0.0365,0.0,0.0,0.001,0.027397260273972605,278670.94,592182.14,870853.0800000001,5787.949999999953,-0.36000469792217993,0.0,0.36000469792217993,572473_YES.csv,572473_YES
1771594140,2026-02-20 13:29:00,1,140.0,5.18,0.036999999999735717,5.18,,0.0365,0.0,0.0,0.001,0.027397260273972605,278334.33,591964.43,870298.76,-554.3200000000652,-0.36037061571821616,554.3200000000652,0.36037061571821616,572473_YES.csv,572473_YES
1771594320,2026-02-20 13:32:00,1,1351.967104,51.149999,0.037833760043885015,51.149999,,0.037,0.013698630136986356,0.013698630136986356,0.002,0.05405405405405406,278334.33,610707.1,889041.4299999999,18742.669999999925,-0.3738552094248296,0.0,0.3738552094248296,572473_YES.csv,572473_YES
1771594860,2026-02-20 13:41:00,1,600.0,22.2,0.03699999999993833,22.2,,0.0365,-0.013513513513513487,0.013513513513513487,0.001,0.027397260273972605,298296.65,484775.75,783072.4,-105969.02999999991,-0.23813775073671345,105969.02999999991,0.23813775073671345,572473_YES.csv,572473_YES
1771595160,2026-02-20 13:46:00,2,130.0,4.8100000000000005,0.036999999999715386,2.4050000000000002,,0.0365,0.0,0.0,0.001,0.027397260273972605,298296.65,484775.75,783072.4,0.0,-0.23813775073671345,-0.0,0.23813775073671345,572473_YES.csv,572473_YES
1771595580,2026-02-20 13:53:00,2,170.0,6.289999999999999,0.03699999999978235,3.1449999999999996,,0.0365,0.0,0.0,0.001,0.027397260273972605,297658.82,484894.86,782553.6799999999,-518.7200000000885,-0.23926287075923022,518.7200000000885,0.23926287075923022,572473_YES.csv,572473_YES
1771595880,2026-02-20 13:58:00,4,159.36,5.84696,0.036690261043946466,1.46174,,0.0365,0.0,0.0,0.001,0.027397260273972605,297658.82,484894.86,782553.6799999999,0.0,-0.23926287075923022,-0.0,0.23926287075923022,572473_YES.csv,572473_YES
1771595940,2026-02-20 13:59:00,2,50.64,1.82304,0.035999999999289094,0.91152,,0.0365,0.0,0.0,0.001,0.027397260273972605,297279.77,484518.53,781798.3,-755.3799999998882,-0.2394975276871285,755.3799999998882,0.2394975276871285,572473_YES.csv,572473_YES
1771596060,2026-02-20 14:01:00,1,30.0,1.11,0.036999999998766665,1.11,,0.0365,0.0,0.0,0.001,0.027397260273972605,297279.77,484518.53,781798.3,0.0,-0.2394975276871285,-0.0,0.2394975276871285,572473_YES.csv,572473_YES
1771596240,2026-02-20 14:04:00,1,40.0,1.52,0.03799999999905,1.52,,0.0365,0.0,0.0,0.001,0.027397260273972605,297279.77,484518.53,781798.3,0.0,-0.2394975276871285,-0.0,0.2394975276871285,572473_YES.csv,572473_YES
1771596300,2026-02-20 14:05:00,1,60.0,2.28,0.037999999999366665,2.28,,0.0375,0.027397260273972712,0.027397260273972712,0.001,0.02666666666666667,233116.11,625542.23,858658.34,76860.03999999992,-0.45702242873457677,0.0,0.45702242873457677,572473_YES.csv,572473_YES
1771596360,2026-02-20 14:06:00,1,20500.0,779.9463,0.03804616097560784,779.9463,,0.0375,0.0,0.0,0.001,0.02666666666666667,233116.11,625542.23,858658.34,0.0,-0.45702242873457677,-0.0,0.45702242873457677,572473_YES.csv,572473_YES
1771596420,2026-02-20 14:07:00,2,259021.2,10293.39633,0.039739590157098936,5146.698165,,0.0375,0.0,0.0,0.001,0.02666666666666667,233116.11,625542.23,858658.34,0.0,-0.45702242873457677,-0.0,0.45702242873457677,572473_YES.csv,572473_YES
1771596480,2026-02-20 14:08:00,1,140.0,5.74,0.040999999999707146,5.74,,0.0405,0.08000000000000007,0.08000000000000007,0.001,0.024691358024691357,926857.05,766284.79,1693141.84,834483.5000000001,0.094836862574963,0.0,0.094836862574963,572473_YES.csv,572473_YES
1771596600,2026-02-20 14:10:00,1,500.0,20.0,0.03999999999992,20.0,,0.0405,0.0,0.0,0.001,0.024691358024691357,926857.05,766284.79,1693141.84,0.0,0.094836862574963,-0.0,0.094836862574963,572473_YES.csv,572473_YES
1771596660,2026-02-20 14:11:00,2,120.0,4.92,0.04099999999965833,2.46,,0.0405,0.0,0.0,0.001,0.024691358024691357,926145.52,764434.72,1690580.24,-2561.600000000093,0.09565402231366436,2561.600000000093,0.09565402231366436,572473_YES.csv,572473_YES
1771596720,2026-02-20 14:12:00,3,888.78,35.561,0.04001102635068295,11.853666666666667,,0.0405,0.0,0.0,0.001,0.024691358024691357,926145.52,764434.72,1690580.24,0.0,0.09565402231366436,-0.0,0.09565402231366436,572473_YES.csv,572473_YES
1771596840,2026-02-20 14:14:00,2,147.35,6.034,0.0409501187645677,3.017,,0.0405,0.0,0.0,0.001,0.024691358024691357,601458.96,764448.28,1365907.24,-324673.0,-0.11932678532401664,324673.0,0.11932678532401664,572473_YES.csv,572473_YES
1771596900,2026-02-20 14:15:00,1,50.0,2.0500000000000003,0.040999999999180005,2.0500000000000003,,0.0405,0.0,0.0,0.001,0.024691358024691357,601458.96,764448.28,1365907.24,0.0,-0.11932678532401664,-0.0,0.11932678532401664,572473_YES.csv,572473_YES
1771597020,2026-02-20 14:17:00,2,313.90243799999996,12.870000000000001,0.04100000013366893,6.4350000000000005,,0.0405,0.0,0.0,0.001,0.024691358024691357,500419.13,764323.78,1264742.9100000001,-101164.32999999984,-0.20866268386513429,101164.32999999984,0.20866268386513429,572473_YES.csv,572473_YES
1771597320,2026-02-20 14:22:00,1,120.0,4.92,0.04099999999965833,4.92,,0.0405,0.0,0.0,0.001,0.024691358024691357,500419.13,764323.78,1264742.9100000001,0.0,-0.20866268386513429,-0.0,0.20866268386513429,572473_YES.csv,572473_YES
1771597440,2026-02-20 14:24:00,1,100.0,4.1000000000000005,0.04099999999959,4.1000000000000005,,0.0405,0.0,0.0,0.001,0.024691358024691357,500419.13,764323.78,1264742.9100000001,0.0,-0.20866268386513429,-0.0,0.20866268386513429,572473_YES.csv,572473_YES
1771597500,2026-02-20 14:25:00,2,138.780486,5.689999,0.040999993327296716,2.8449995,,0.0405,0.0,0.0,0.001,0.024691358024691357,500419.13,764323.78,1264742.9100000001,0.0,-0.20866268386513429,-0.0,0.20866268386513429,572473_YES.csv,572473_YES
1771597680,2026-02-20 14:28:00,2,210.0,8.61,0.04099999999980476,4.305,,0.0405,0.0,0.0,0.001,0.024691358024691357,500419.13,764323.78,1264742.9100000001,0.0,-0.20866268386513429,-0.0,0.20866268386513429,572473_YES.csv,572473_YES
1771597740,2026-02-20 14:29:00,1,243.902438,10.0,0.041000000172031904,10.0,,0.0405,0.0,0.0,0.001,0.024691358024691357,471508.44,762886.5,1234394.94,-30347.970000000205,-0.23604929877628955,30347.970000000205,0.23604929877628955,572473_YES.csv,572473_YES
1771598160,2026-02-20 14:36:00,2,240.0,9.84,0.040999999999829166,4.92,,0.0405,0.0,0.0,0.001,0.024691358024691357,471508.44,762886.5,1234394.94,0.0,-0.23604929877628955,-0.0,0.23604929877628955,572473_YES.csv,572473_YES
1771598460,2026-02-20 14:41:00,3,693.658535,28.439999000000004,0.04099999865201543,9.479999666666668,,0.0405,0.0,0.0,0.001,0.024691358024691357,375632.81,780581.74,1156214.55,-78180.3899999999,-0.3502368396938094,78180.3899999999,0.3502368396938094,572473_YES.csv,572473_YES
1771598580,2026-02-20 14:43:00,1,30.0,1.23,0.04099999999863333,1.23,,0.0405,0.0,0.0,0.001,0.024691358024691357,375632.81,780581.74,1156214.55,0.0,-0.3502368396938094,-0.0,0.3502368396938094,572473_YES.csv,572473_YES
1771598700,2026-02-20 14:45:00,1,50.487803,2.069999,0.04099998171754473,2.069999,,0.0405,0.0,0.0,0.001,0.024691358024691357,375632.81,780581.74,1156214.55,0.0,-0.3502368396938094,-0.0,0.3502368396938094,572473_YES.csv,572473_YES
1771598760,2026-02-20 14:46:00,3,268.780486,11.019999,0.04099999655465686,3.673333,,0.0405,0.0,0.0,0.001,0.024691358024691357,375632.81,780581.74,1156214.55,0.0,-0.3502368396938094,-0.0,0.3502368396938094,572473_YES.csv,572473_YES
1771599000,2026-02-20 14:50:00,2,170.0,6.97,0.04099999999975883,3.485,,0.0405,0.0,0.0,0.001,0.024691358024691357,365437.06,779697.74,1145134.8,-11079.75,-0.3617571311255234,11079.75,0.3617571311255234,572473_YES.csv,572473_YES
1771599060,2026-02-20 14:51:00,2,1183.0,47.503,0.040154691462349824,23.7515,,0.0405,0.0,0.0,0.001,0.024691358024691357,365437.06,779697.74,1145134.8,0.0,-0.3617571311255234,-0.0,0.3617571311255234,572473_YES.csv,572473_YES
1771599120,2026-02-20 14:52:00,1,110.0,4.51,0.04099999999962727,4.51,,0.0405,0.0,0.0,0.001,0.024691358024691357,365437.06,779697.74,1145134.8,0.0,-0.3617571311255234,-0.0,0.3617571311255234,572473_YES.csv,572473_YES
1771599240,2026-02-20 14:54:00,1,100.0,4.1000000000000005,0.04099999999959,4.1000000000000005,,0.0405,0.0,0.0,0.001,0.024691358024691357,365437.06,779697.74,1145134.8,0.0,-0.3617571311255234,-0.0,0.3617571311255234,572473_YES.csv,572473_YES
1771599360,2026-02-20 14:56:00,1,28.2,1.128,0.03999999999858156,1.128,,0.0405,0.0,0.0,0.001,0.024691358024691357,487276.18,804688.77,1291964.95,146830.1499999999,-0.24568204423811965,0.0,0.24568204423811965,572473_YES.csv,572473_YES
1771599420,2026-02-20 14:57:00,2,160.0,6.56,0.040999999999743755,3.28,,0.0405,0.0,0.0,0.001,0.024691358024691357,487276.18,804688.77,1291964.95,0.0,-0.24568204423811965,-0.0,0.24568204423811965,572473_YES.csv,572473_YES
1771599600,2026-02-20 15:00:00,1,73.17073,2.9999990000000003,0.04099998728943936,2.9999990000000003,,0.0405,0.0,0.0,0.001,0.024691358024691357,487276.18,804688.77,1291964.95,0.0,-0.24568204423811965,-0.0,0.24568204423811965,572473_YES.csv,572473_YES
1771599720,2026-02-20 15:02:00,2,120.0,4.92,0.04099999999965833,2.46,,0.0405,0.0,0.0,0.001,0.024691358024691357,486122.11,804308.3,1290430.4100000001,-1534.5399999998044,-0.24657369164138035,1534.5399999998044,0.24657369164138035,572473_YES.csv,572473_YES
1771599840,2026-02-20 15:04:00,1,25104.52,1004.1808,0.03999999999999841,1004.1808,,0.0405,0.0,0.0,0.001,0.024691358024691357,486122.11,804308.3,1290430.4100000001,0.0,-0.24657369164138035,-0.0,0.24657369164138035,572473_YES.csv,572473_YES
1771600020,2026-02-20 15:07:00,3,199.26999999999998,8.11921,0.04074476840447261,2.7064033333333337,,0.0405,0.0,0.0,0.001,0.024691358024691357,486122.11,804308.3,1290430.4100000001,0.0,-0.24657369164138035,-0.0,0.24657369164138035,572473_YES.csv,572473_YES
1771600140,2026-02-20 15:09:00,1,40.0,1.64,0.04099999999897501,1.64,,0.0405,0.0,0.0,0.001,0.024691358024691357,486122.11,804308.3,1290430.4100000001,0.0,-0.24657369164138035,-0.0,0.24657369164138035,572473_YES.csv,572473_YES
1771600260,2026-02-20 15:11:00,1,100.0,4.1000000000000005,0.04099999999959,4.1000000000000005,,0.0405,0.0,0.0,0.001,0.024691358024691357,334160.42,776838.69,1110999.1099999999,-179431.30000000028,-0.39845060721965836,179431.30000000028,0.39845060721965836,572473_YES.csv,572473_YES
1771600440,2026-02-20 15:14:00,1,120.0,4.92,0.04099999999965833,4.92,,0.0405,0.0,0.0,0.001,0.024691358024691357,324006.0,776661.39,1100667.3900000001,-10331.71999999974,-0.4112553838812286,10331.71999999974,0.4112553838812286,572473_YES.csv,572473_YES
1771600500,2026-02-20 15:15:00,1,120.0,4.92,0.04099999999965833,4.92,,0.0405,0.0,0.0,0.001,0.024691358024691357,324006.0,776661.39,1100667.3900000001,0.0,-0.4112553838812286,-0.0,0.4112553838812286,572473_YES.csv,572473_YES
1771600680,2026-02-20 15:18:00,1,9000.0,369.0,0.04099999999999544,369.0,,0.0405,0.0,0.0,0.001,0.024691358024691357,324006.0,776661.39,1100667.3900000001,0.0,-0.4112553838812286,-0.0,0.4112553838812286,572473_YES.csv,572473_YES
1771600740,2026-02-20 15:19:00,1,84.14634,3.449999,0.04099998882849805,3.449999,,0.0405,0.0,0.0,0.001,0.024691358024691357,324006.0,776661.39,1100667.3900000001,0.0,-0.4112553838812286,-0.0,0.4112553838812286,572473_YES.csv,572473_YES
1771600860,2026-02-20 15:21:00,3,167.82,6.8228,0.04065546418757804,2.2742666666666667,,0.0405,0.0,0.0,0.001,0.024691358024691357,324006.0,776661.39,1100667.3900000001,0.0,-0.4112553838812286,-0.0,0.4112553838812286,572473_YES.csv,572473_YES
1771600980,2026-02-20 15:23:00,2,293.9,11.806000000000001,0.04017012589302427,5.9030000000000005,,0.0405,0.0,0.0,0.001,0.024691358024691357,326347.84,758949.61,1085297.45,-15369.940000000177,-0.3986020330186899,15369.940000000177,0.3986020330186899,572473_YES.csv,572473_YES
1771601460,2026-02-20 15:31:00,3,15648.0,626.0500000000001,0.04000830777095859,208.68333333333337,,0.0405,0.0,0.0,0.001,0.024691358024691357,326347.84,758949.61,1085297.45,0.0,-0.3986020330186899,-0.0,0.3986020330186899,572473_YES.csv,572473_YES
1771601640,2026-02-20 15:34:00,2,240.0,9.84,0.040999999999829166,4.92,,0.0405,0.0,0.0,0.001,0.024691358024691357,326347.84,758949.61,1085297.45,0.0,-0.3986020330186899,-0.0,0.3986020330186899,572473_YES.csv,572473_YES
1771601820,2026-02-20 15:37:00,1,50.0,2.0500000000000003,0.040999999999180005,2.0500000000000003,,0.0405,0.0,0.0,0.001,0.024691358024691357,326347.84,758949.61,1085297.45,0.0,-0.3986020330186899,-0.0,0.3986020330186899,572473_YES.csv,572473_YES
1771602360,2026-02-20 15:46:00,3,383.90243799999996,15.740000000000002,0.04100000010929601,5.246666666666667,,0.0405,0.0,0.0,0.001,0.024691358024691357,326347.84,758949.61,1085297.45,0.0,-0.3986020330186899,-0.0,0.3986020330186899,572473_YES.csv,572473_YES
1771602540,2026-02-20 15:49:00,1,2454.89,98.1956,0.03999999999998371,98.1956,,0.0405,0.0,0.0,0.001,0.024691358024691357,326347.84,758949.61,1085297.45,0.0,-0.3986020330186899,-0.0,0.3986020330186899,572473_YES.csv,572473_YES
1771602600,2026-02-20 15:50:00,3,20170.0,826.97,0.04099999999999797,275.6566666666667,,0.0405,0.0,0.0,0.001,0.024691358024691357,319754.05,735011.8,1054765.85,-30531.59999999986,-0.3936966199654644,30531.59999999986,0.3936966199654644,572473_YES.csv,572473_YES
1771602900,2026-02-20 15:55:00,3,1892.19512,77.57999900000002,0.04099999951377048,25.85999966666667,,0.0405,0.0,0.0,0.001,0.024691358024691357,319754.05,735011.8,1054765.85,0.0,-0.3936966199654644,-0.0,0.3936966199654644,572473_YES.csv,572473_YES
1771602960,2026-02-20 15:56:00,1,30.0,1.23,0.04099999999863333,1.23,,0.0405,0.0,0.0,0.001,0.024691358024691357,311698.66,733568.82,1045267.48,-9498.370000000112,-0.40360019619093096,9498.370000000112,0.40360019619093096,572473_YES.csv,572473_YES
1771603080,2026-02-20 15:58:00,1,30.0,1.23,0.04099999999863333,1.23,,0.0405,0.0,0.0,0.001,0.024691358024691357,311698.66,733568.82,1045267.48,0.0,-0.40360019619093096,-0.0,0.40360019619093096,572473_YES.csv,572473_YES
1771603140,2026-02-20 15:59:00,1,1292.91,51.71640000000001,0.03999999999996907,51.71640000000001,,0.0405,0.0,0.0,0.001,0.024691358024691357,310368.45,733538.82,1043907.27,-1360.2099999999627,-0.40537160930012484,1360.2099999999627,0.40537160930012484,572473_YES.csv,572473_YES
1771603200,2026-02-20 16:00:00,1,80.0,3.28,0.0409999999994875,3.28,,0.0405,0.0,0.0,0.001,0.024691358024691357,310368.45,733538.82,1043907.27,0.0,-0.40537160930012484,-0.0,0.40537160930012484,572473_YES.csv,572473_YES
1771603440,2026-02-20 16:04:00,2,200.0,8.200000000000001,0.040999999999795006,4.1000000000000005,,0.0405,0.0,0.0,0.001,0.024691358024691357,310368.45,733538.82,1043907.27,0.0,-0.40537160930012484,-0.0,0.40537160930012484,572473_YES.csv,572473_YES
1771603500,2026-02-20 16:05:00,2,583.414633,23.92,0.04100000008048988,11.96,,0.0405,0.0,0.0,0.001,0.024691358024691357,309948.87,732696.17,1042645.04,-1262.2299999999814,-0.40545658760339,1262.2299999999814,0.40545658760339,572473_YES.csv,572473_YES
1771603740,2026-02-20 16:09:00,2,180.0,7.38,0.040999999999772226,3.69,,0.0405,0.0,0.0,0.001,0.024691358024691357,309948.87,732696.17,1042645.04,0.0,-0.40545658760339,-0.0,0.40545658760339,572473_YES.csv,572473_YES
1771603980,2026-02-20 16:13:00,1,50.0,2.0500000000000003,0.040999999999180005,2.0500000000000003,,0.0405,0.0,0.0,0.001,0.024691358024691357,309948.87,732696.17,1042645.04,0.0,-0.40545658760339,-0.0,0.40545658760339,572473_YES.csv,572473_YES
1771604100,2026-02-20 16:15:00,3,251.95121799999998,10.329999,0.04099999627689437,3.4433330000000004,,0.0405,0.0,0.0,0.001,0.024691358024691357,309948.87,732696.17,1042645.04,0.0,-0.40545658760339,-0.0,0.40545658760339,572473_YES.csv,572473_YES
1771604280,2026-02-20 16:18:00,2,180.0,7.380000000000001,0.040999999999772226,3.6900000000000004,,0.0405,0.0,0.0,0.001,0.024691358024691357,309948.87,732696.17,1042645.04,0.0,-0.40545658760339,-0.0,0.40545658760339,572473_YES.csv,572473_YES
1771604400,2026-02-20 16:20:00,1,1000.0,41.0,0.040999999999959,41.0,,0.0405,0.0,0.0,0.001,0.024691358024691357,308463.49,731910.36,1040373.85,-2271.1900000000605,-0.4070141420797918,2271.1900000000605,0.4070141420797918,572473_YES.csv,572473_YES
1771604640,2026-02-20 16:24:00,2,250.0,10.25,0.040999999999836,5.125,,0.0405,0.0,0.0,0.001,0.024691358024691357,308463.49,731910.36,1040373.85,0.0,-0.4070141420797918,-0.0,0.4070141420797918,572473_YES.csv,572473_YES
1771604880,2026-02-20 16:28:00,2,120.0,4.92,0.04099999999965833,2.46,,0.0405,0.0,0.0,0.001,0.024691358024691357,308463.49,731910.36,1040373.85,0.0,-0.4070141420797918,-0.0,0.4070141420797918,572473_YES.csv,572473_YES
1771604940,2026-02-20 16:29:00,1,7287.560974,298.789999,0.04099999987183076,298.789999,,0.0405,0.0,0.0,0.001,0.024691358024691357,297565.45,722510.56,1020076.01,-20297.839999999967,-0.41658180942810336,20297.839999999967,0.41658180942810336,572473_YES.csv,572473_YES
1771605120,2026-02-20 16:32:00,2,40.54,1.6516,0.04074000986579329,0.8258,,0.0405,0.0,0.0,0.001,0.024691358024691357,297192.56,724744.22,1021936.78,1860.7700000000186,-0.41837388414574916,0.0,0.41837388414574916,572473_YES.csv,572473_YES
1771605300,2026-02-20 16:35:00,1,25.64,1.0256,0.039999999998439936,1.0256,,0.0405,0.0,0.0,0.001,0.024691358024691357,297179.41,724122.22,1021301.6299999999,-635.1500000001397,-0.41803792088337316,635.1500000001397,0.41803792088337316,572473_YES.csv,572473_YES
1771605360,2026-02-20 16:36:00,2,110.0,4.51,0.04099999999962727,2.255,,0.0405,0.0,0.0,0.001,0.024691358024691357,297179.41,724122.22,1021301.6299999999,0.0,-0.41803792088337316,-0.0,0.41803792088337316,572473_YES.csv,572473_YES
1771605720,2026-02-20 16:42:00,1,12690.0,507.6,0.03999999999999685,507.6,,0.0405,0.0,0.0,0.001,0.024691358024691357,297179.41,724122.22,1021301.6299999999,0.0,-0.41803792088337316,-0.0,0.41803792088337316,572473_YES.csv,572473_YES
1771605780,2026-02-20 16:43:00,1,136.341462,5.589999,0.04099999309057569,5.589999,,0.0405,0.0,0.0,0.001,0.024691358024691357,297179.41,724122.22,1021301.6299999999,0.0,-0.41803792088337316,-0.0,0.41803792088337316,572473_YES.csv,572473_YES
1771605840,2026-02-20 16:44:00,3,256.34000000000003,10.3736,0.040468128266987334,3.4578666666666664,,0.0405,0.0,0.0,0.001,0.024691358024691357,264189.7,729700.7,993890.3999999999,-27411.22999999998,-0.46837256904785474,27411.22999999998,0.46837256904785474,572473_YES.csv,572473_YES
1771605960,2026-02-20 16:46:00,1,78.98,3.1592,0.039999999999493545,3.1592,,0.0405,0.0,0.0,0.001,0.024691358024691357,264189.7,729700.7,993890.3999999999,0.0,-0.46837256904785474,-0.0,0.46837256904785474,572473_YES.csv,572473_YES
1771606140,2026-02-20 16:49:00,1,80.0,3.28,0.0409999999994875,3.28,,0.0405,0.0,0.0,0.001,0.024691358024691357,264189.7,729700.7,993890.3999999999,0.0,-0.46837256904785474,-0.0,0.46837256904785474,572473_YES.csv,572473_YES
1771606260,2026-02-20 16:51:00,1,31.25,1.25,0.03999999999872,1.25,,0.0405,0.0,0.0,0.001,0.024691358024691357,264189.7,729700.7,993890.3999999999,0.0,-0.46837256904785474,-0.0,0.46837256904785474,572473_YES.csv,572473_YES
1771606320,2026-02-20 16:52:00,1,140.0,5.74,0.040999999999707146,5.74,,0.0405,0.0,0.0,0.001,0.024691358024691357,264189.7,729700.7,993890.3999999999,0.0,-0.46837256904785474,-0.0,0.46837256904785474,572473_YES.csv,572473_YES
1771606440,2026-02-20 16:54:00,1,100.0,4.1000000000000005,0.04099999999959,4.1000000000000005,,0.0405,0.0,0.0,0.001,0.024691358024691357,264189.7,729700.7,993890.3999999999,0.0,-0.46837256904785474,-0.0,0.46837256904785474,572473_YES.csv,572473_YES
1771606560,2026-02-20 16:56:00,1,219.512194,9.0,0.041000000209368725,9.0,,0.0405,0.0,0.0,0.001,0.024691358024691357,258597.14,734829.1799999999,993426.32,-464.0799999999581,-0.4793833527583605,464.0799999999581,0.4793833527583605,572473_YES.csv,572473_YES
1771606800,2026-02-20 17:00:00,2,160.0,6.5600000000000005,0.040999999999743755,3.2800000000000002,,0.0405,0.0,0.0,0.001,0.024691358024691357,258597.14,734829.1799999999,993426.32,0.0,-0.4793833527583605,-0.0,0.4793833527583605,572473_YES.csv,572473_YES
1771607220,2026-02-20 17:07:00,3,403.90243799999996,16.56,0.04100000010388401,5.52,,0.0405,0.0,0.0,0.001,0.024691358024691357,258597.14,734829.1799999999,993426.32,0.0,-0.4793833527583605,-0.0,0.4793833527583605,572473_YES.csv,572473_YES
1771607280,2026-02-20 17:08:00,1,40.0,1.64,0.04099999999897501,1.64,,0.0405,0.0,0.0,0.001,0.024691358024691357,274918.23,744129.47,1019047.7,25621.380000000005,-0.4604408998715173,0.0,0.4604408998715173,572473_YES.csv,572473_YES
1771607400,2026-02-20 17:10:00,1,100.0,4.1000000000000005,0.04099999999959,4.1000000000000005,,0.0405,0.0,0.0,0.001,0.024691358024691357,274918.23,744129.47,1019047.7,0.0,-0.4604408998715173,-0.0,0.4604408998715173,572473_YES.csv,572473_YES
1771607520,2026-02-20 17:12:00,1,110.0,4.51,0.04099999999962727,4.51,,0.0405,0.0,0.0,0.001,0.024691358024691357,274918.23,744129.47,1019047.7,0.0,-0.4604408998715173,-0.0,0.4604408998715173,572473_YES.csv,572473_YES
1771607700,2026-02-20 17:15:00,3,2644.634145,108.429999,0.04099999964265713,36.143333,,0.0405,0.0,0.0,0.001,0.024691358024691357,274918.23,744129.47,1019047.7,0.0,-0.4604408998715173,-0.0,0.4604408998715173,572473_YES.csv,572473_YES
1771607760,2026-02-20 17:16:00,1,171682.76,7038.993160000001,0.040999999999999766,7038.993160000001,,0.0405,0.0,0.0,0.001,0.024691358024691357,274918.23,744129.47,1019047.7,0.0,-0.4604408998715173,-0.0,0.4604408998715173,572473_YES.csv,572473_YES
1771607820,2026-02-20 17:17:00,1,23.809522,0.999999,0.041999961190233,0.999999,,0.041,0.012345679012345734,0.012345679012345734,0.002,0.04878048780487805,113628.54,717718.81,831347.3500000001,-187700.34999999986,-0.7266400380057746,187700.34999999986,0.7266400380057746,572473_YES.csv,572473_YES
1771607880,2026-02-20 17:18:00,1,81751.74,3433.5730800000006,0.04199999999999949,3433.5730800000006,,0.041,0.0,0.0,0.002,0.04878048780487805,113628.54,717718.81,831347.3500000001,0.0,-0.7266400380057746,-0.0,0.7266400380057746,572473_YES.csv,572473_YES
1771608060,2026-02-20 17:21:00,2,100.0,4.0,0.0399999999996,2.0,,0.041,0.0,0.0,0.002,0.04878048780487805,113628.54,717718.81,831347.3500000001,0.0,-0.7266400380057746,-0.0,0.7266400380057746,572473_YES.csv,572473_YES
1771608300,2026-02-20 17:25:00,1,110.0,4.4,0.03999999999963637,4.4,,0.041,0.0,0.0,0.002,0.04878048780487805,113628.54,717718.81,831347.3500000001,0.0,-0.7266400380057746,-0.0,0.7266400380057746,572473_YES.csv,572473_YES
1771608480,2026-02-20 17:28:00,1,90.0,3.6,0.03999999999955556,3.6,,0.041,0.0,0.0,0.002,0.04878048780487805,113628.54,717718.81,831347.3500000001,0.0,-0.7266400380057746,-0.0,0.7266400380057746,572473_YES.csv,572473_YES
1771609440,2026-02-20 17:44:00,2,60.0,2.4,0.03999999999933333,1.2,,0.0395,-0.03658536585365857,0.03658536585365857,0.001,0.02531645569620253,248342.9,398262.28,646605.18,-184742.17000000004,-0.2318561382387936,184742.17000000004,0.2318561382387936,572473_YES.csv,572473_YES
1771609500,2026-02-20 17:45:00,1,1713.0,65.12785000000001,0.03801976065380151,65.12785000000001,,0.0395,0.0,0.0,0.001,0.02531645569620253,248342.9,398262.28,646605.18,0.0,-0.2318561382387936,-0.0,0.2318561382387936,572473_YES.csv,572473_YES
1771609800,2026-02-20 17:50:00,1,2906.25,110.4375,0.037999999999986926,110.4375,,0.039,-0.012658227848101222,0.012658227848101222,0.002,0.05128205128205128,264275.89,398287.19,662563.0800000001,15957.900000000023,-0.2022619491565995,0.0,0.2022619491565995,572473_YES.csv,572473_YES
1771609920,2026-02-20 17:52:00,2,1370.13,54.53494,0.03980274864426017,27.26747,,0.039,0.0,0.0,0.002,0.05128205128205128,264275.89,398287.19,662563.0800000001,0.0,-0.2022619491565995,-0.0,0.2022619491565995,572473_YES.csv,572473_YES
1771610280,2026-02-20 17:58:00,1,657.89,24.99982,0.03799999999994224,24.99982,,0.039,0.0,0.0,0.002,0.05128205128205128,264275.89,398287.19,662563.0800000001,0.0,-0.2022619491565995,-0.0,0.2022619491565995,572473_YES.csv,572473_YES
1771610400,2026-02-20 18:00:00,1,4188.75,167.55,0.039999999999990446,167.55,,0.039,0.0,0.0,0.002,0.05128205128205128,264275.89,398287.19,662563.0800000001,0.0,-0.2022619491565995,-0.0,0.2022619491565995,572473_YES.csv,572473_YES
1771610700,2026-02-20 18:05:00,2,60.0,2.34,0.03899999999935,1.17,,0.0385,-0.012820512820512886,0.012820512820512886,0.001,0.025974025974025976,262362.42,233297.78,495660.19999999995,-166902.88000000012,0.05863823643697837,166902.88000000012,0.05863823643697837,572473_YES.csv,572473_YES
1771611060,2026-02-20 18:11:00,1,79.03,3.1612,0.039999999999493864,3.1612,,0.039,0.012987012987013102,0.012987012987013102,0.002,0.05128205128205128,260669.76,392171.6,652841.36,157181.16000000003,-0.20143000743702877,0.0,0.20143000743702877,572473_YES.csv,572473_YES
