timestamp,datetime,midpoint,best_bid,best_ask,spread,bid_depth_top5,ask_depth_top5
1771007699,2026-02-14T02:34:59.019336,0.0025,0.003,0.002,0.001,2540845.12,99024.04000000001
1771007948,2026-02-14T02:39:08.638950,0.0025,0.003,0.002,0.001,2540845.12,99023.31000000001
1771008128,2026-02-14T02:42:08.713320,0.0025,0.003,0.002,0.001,2540845.12,99018.02
1771008308,2026-02-14T02:45:08.683510,0.0025,0.003,0.002,0.001,2540745.12,99018.02
1771008488,2026-02-14T02:48:08.636164,0.0025,0.003,0.002,0.001,2540645.12,99018.02
1771008675,2026-02-14T02:51:15.260064,0.0025,0.003,0.002,0.001,2540645.12,99023.51000000001
1771008848,2026-02-14T02:54:08.733644,0.0025,0.003,0.002,0.001,2540645.12,96810.86
1771009033,2026-02-14T02:57:13.575417,0.0025,,,0.001,2540845.12,96805.81
1771009208,2026-02-14T03:00:08.850070,0.0025,0.003,0.002,0.001,2540845.12,96805.81
1771009388,2026-02-14T03:03:08.913624,0.0025,0.003,0.002,0.001,2540845.12,96805.81
1771009568,2026-02-14T03:06:08.865100,0.0025,0.003,0.002,0.001,2540845.12,96805.81
1771009748,2026-02-14T03:09:08.817434,0.0025,0.003,0.002,0.001,2540845.12,96520.81
1771009933,2026-02-14T03:12:13.886280,0.0025,0.003,0.002,0.001,2540845.12,96520.81
1771010109,2026-02-14T03:15:09.039598,0.0025,0.003,0.002,0.001,2540845.12,96526.01
1771010289,2026-02-14T03:18:09.225935,0.0025,0.003,0.002,0.001,2540845.12,96526.01
1771010469,2026-02-14T03:21:09.082411,0.0025,0.003,0.002,0.001,2540845.12,96526.01
1771010649,2026-02-14T03:24:09.087370,0.0025,0.003,0.002,0.001,2540845.12,96520.81
1771010829,2026-02-14T03:27:09.019842,0.0025,0.003,0.002,0.001,2540845.12,96520.81
1771011009,2026-02-14T03:30:09.220623,0.0025,0.003,0.002,0.001,2540771.12,96570.95999999999
1771011188,2026-02-14T03:33:08.952055,0.0025,0.003,0.002,0.001,2540771.12,96621.11
1771011369,2026-02-14T03:36:09.280308,0.0025,0.003,0.002,0.001,2540771.12,96621.11
1771011549,2026-02-14T03:39:09.288570,0.0025,0.003,0.002,0.001,2540671.12,96631.12999999999
1771011729,2026-02-14T03:42:09.225623,0.0025,0.003,0.002,0.001,2540085.12,96149.17
1771011909,2026-02-14T03:45:09.437632,0.0025,0.003,0.002,0.001,2539683.12,95622.74
1771012089,2026-02-14T03:48:09.230553,0.0025,0.003,0.002,0.001,2539181.12,95064.91
1771012269,2026-02-14T03:51:09.272289,0.0025,0.003,0.002,0.001,2539181.12,95064.91
1771012449,2026-02-14T03:54:09.221266,0.0025,0.003,0.002,0.001,2538177.22,94563.01
1771012629,2026-02-14T03:57:09.637002,0.0025,0.003,0.002,0.001,2538177.22,94061.01
1771012809,2026-02-14T04:00:09.457890,0.0025,0.003,0.002,0.001,2537575.22,93508.86
1771012989,2026-02-14T04:03:09.522232,0.0025,0.003,0.002,0.001,2537173.22,93508.86
1771013169,2026-02-14T04:06:09.467708,0.0025,0.003,0.002,0.001,2537173.22,93006.86
1771013349,2026-02-14T04:09:09.657577,0.0025,0.003,0.002,0.001,2536771.22,92464.73
1771013529,2026-02-14T04:12:09.531467,0.0025,0.003,0.002,0.001,2536269.22,92474.99
1771013709,2026-02-14T04:15:09.682165,0.0025,0.003,0.002,0.001,2535767.22,92474.99
1771013889,2026-02-14T04:18:09.472931,0.0025,0.003,0.002,0.001,2535667.22,91972.99
1771014069,2026-02-14T04:21:09.540863,0.0025,0.003,0.002,0.001,2535667.22,91972.99
1771014249,2026-02-14T04:24:09.479196,0.0025,0.003,0.002,0.001,2535265.22,91470.99
1771014429,2026-02-14T04:27:09.657142,0.0025,0.003,0.002,0.001,2534763.22,90979.01
1771014609,2026-02-14T04:30:09.718259,0.0025,0.003,0.002,0.001,2534161.22,90466.99
1771014789,2026-02-14T04:33:09.690770,0.0025,0.003,0.002,0.001,2533659.22,89964.99
1771014969,2026-02-14T04:36:09.678686,0.0025,0.003,0.002,0.001,2536159.22,83965.0
1771015149,2026-02-14T04:39:09.729502,0.0025,0.003,0.002,0.001,2535757.22,389462.99
1771015329,2026-02-14T04:42:09.727207,0.0025,0.003,0.002,0.001,2535757.22,389462.99
1771015509,2026-02-14T04:45:09.887507,0.0025,0.003,0.002,0.001,2535255.22,388960.99
1771015689,2026-02-14T04:48:09.886515,0.0025,0.003,0.002,0.001,2534753.22,388458.99
1771015869,2026-02-14T04:51:09.891220,0.0025,0.003,0.002,0.001,2534251.22,387956.99
1771016049,2026-02-14T04:54:09.903933,0.0025,0.003,0.002,0.001,2534251.22,387956.99
1771016230,2026-02-14T04:57:10.171377,0.0025,0.003,0.002,0.001,2531249.22,386215.01
1771016410,2026-02-14T05:00:10.218983,0.0025,0.003,0.002,0.001,2530747.22,385702.99
1771016589,2026-02-14T05:03:09.900714,0.0025,0.003,0.002,0.001,2530747.22,385702.99
1771016769,2026-02-14T05:06:09.978177,0.0025,0.003,0.002,0.001,2532626.16,385200.99
1771016950,2026-02-14T05:09:10.087492,0.0025,0.003,0.002,0.001,2529743.22,384709.01
1771017130,2026-02-14T05:12:10.010670,0.0025,0.003,0.002,0.001,2529241.22,384207.01
1771017310,2026-02-14T05:15:10.138490,0.0025,0.003,0.002,0.001,2529241.22,392082.57
1771017494,2026-02-14T05:18:14.076010,0.0025,0.003,0.002,0.001,2529241.22,392072.55
1771017670,2026-02-14T05:21:10.219763,0.0025,0.003,0.002,0.001,2529241.22,392082.57
1771017850,2026-02-14T05:24:10.064117,0.0025,0.003,0.002,0.001,2529241.22,392072.55
1771018030,2026-02-14T05:27:10.204597,0.0025,0.003,0.002,0.001,2526241.2100000004,389082.56
1771018390,2026-02-14T05:33:10.106398,0.0025,0.003,0.002,0.001,2526241.2100000004,389072.54
1771018570,2026-02-14T05:36:10.221634,0.0025,0.003,0.002,0.001,2526141.2100000004,389072.54
1771018750,2026-02-14T05:39:10.295295,0.0025,0.003,0.002,0.001,2526241.2100000004,389072.54
1771018934,2026-02-14T05:42:14.377961,0.0025,0.003,0.002,0.001,2526241.2100000004,389072.54
1771019110,2026-02-14T05:45:10.232471,0.0025,0.003,0.002,0.001,2526241.2100000004,389075.01999999996
1771019290,2026-02-14T05:48:10.285719,0.0025,0.003,0.002,0.001,2526241.2100000004,389074.42
1771019470,2026-02-14T05:51:10.312466,0.0025,0.003,0.002,0.001,2526241.2100000004,389074.42
1771019650,2026-02-14T05:54:10.234615,0.0025,0.003,0.002,0.001,2526238.2,389074.42
1771019830,2026-02-14T05:57:10.481516,0.0025,0.003,0.002,0.001,2526238.2,389074.42
1771020010,2026-02-14T06:00:10.447706,0.0025,0.003,0.002,0.001,2526238.2,389074.42
1771020190,2026-02-14T06:03:10.496034,0.0025,0.003,0.002,0.001,2524735.1900000004,389073.99
1771020370,2026-02-14T06:06:10.285541,0.0025,0.003,0.002,0.001,2526238.1900000004,389073.99
1771020550,2026-02-14T06:09:10.633128,0.0025,0.003,0.002,0.001,2526235.18,389073.99
1771020730,2026-02-14T06:12:10.605367,0.0025,0.003,0.002,0.001,2526235.18,389068.99
1771020910,2026-02-14T06:15:10.414770,0.0025,0.003,0.002,0.001,2526235.18,389079.01
1771021090,2026-02-14T06:18:10.661876,0.0025,0.003,0.002,0.001,2526135.18,389068.99
1771021270,2026-02-14T06:21:10.476699,0.0025,0.003,0.002,0.001,2526235.18,389068.99
1771021450,2026-02-14T06:24:10.595647,0.0025,0.003,0.002,0.001,2526232.1700000004,389068.99
1771021630,2026-02-14T06:27:10.660714,0.0025,0.003,0.002,0.001,2526232.1700000004,389078.49
1771021810,2026-02-14T06:30:10.745677,0.0025,0.003,0.002,0.001,2526232.1700000004,389068.47
1771021990,2026-02-14T06:33:10.642118,0.0025,0.003,0.002,0.001,2526232.1700000004,389068.47
1771022175,2026-02-14T06:36:15.203821,0.0025,0.003,0.002,0.001,2526232.1700000004,389063.47
1771022350,2026-02-14T06:39:10.643743,0.0025,0.003,0.002,0.001,2526232.1700000004,389063.47
1771022530,2026-02-14T06:42:10.607889,0.0025,0.003,0.002,0.001,2526232.1700000004,389063.47
1771022710,2026-02-14T06:45:10.706421,0.0025,0.003,0.002,0.001,2526032.1700000004,389063.47
1771022890,2026-02-14T06:48:10.681773,0.0025,0.003,0.002,0.001,2526032.1700000004,389073.45
1771023071,2026-02-14T06:51:11.054547,0.0025,0.003,0.002,0.001,2526032.1700000004,389063.43
1771023250,2026-02-14T06:54:10.815837,0.0025,0.003,0.002,0.001,2526029.16,389062.81
1771023430,2026-02-14T06:57:10.873483,0.0025,0.003,0.002,0.001,2525929.16,388729.31
1771023610,2026-02-14T07:00:10.878890,0.0025,0.003,0.002,0.001,2525929.16,388729.31
1771023790,2026-02-14T07:03:10.837436,0.0025,0.003,0.002,0.001,2525929.16,388729.22
1771023970,2026-02-14T07:06:10.839020,0.0025,0.003,0.002,0.001,2526029.16,388727.47000000003
1771024150,2026-02-14T07:09:10.797801,0.0025,0.003,0.002,0.001,2526029.16,388625.91000000003
1771024331,2026-02-14T07:12:11.054389,0.0025,0.003,0.002,0.001,2526029.16,388625.91000000003
1771024511,2026-02-14T07:15:11.073784,0.0025,0.003,0.002,0.001,2526029.16,388625.9
1771024691,2026-02-14T07:18:11.057792,0.0025,0.003,0.002,0.001,2525029.16,388017.73000000004
1771024871,2026-02-14T07:21:11.043084,0.0025,0.003,0.002,0.001,2525029.16,388037.77
1771025051,2026-02-14T07:24:11.230189,0.0025,0.003,0.002,0.001,2525031.1500000004,388067.26999999996
1771025231,2026-02-14T07:27:11.209393,0.0025,0.003,0.002,0.001,2525031.1500000004,388017.12
1771025411,2026-02-14T07:30:11.088846,0.0025,0.003,0.002,0.001,2525036.1500000004,388011.7
1771025591,2026-02-14T07:33:11.080616,0.0025,0.003,0.002,0.001,2525036.1500000004,383903.7
1771025771,2026-02-14T07:36:11.218165,0.0025,0.003,0.002,0.001,2525036.1500000004,383908.75
1771025951,2026-02-14T07:39:11.252578,0.0025,0.003,0.002,0.001,2525036.1500000004,383908.75
1771026131,2026-02-14T07:42:11.226242,0.0025,0.003,0.002,0.001,2525036.1500000004,383903.7
1771026311,2026-02-14T07:45:11.185288,0.0025,0.003,0.002,0.001,2525036.1500000004,383903.7
1771026491,2026-02-14T07:48:11.249073,0.0025,0.003,0.002,0.001,2525036.1500000004,383903.7
1771026671,2026-02-14T07:51:11.229426,0.0025,0.003,0.002,0.001,2525036.1500000004,383903.7
1771026851,2026-02-14T07:54:11.281346,0.0025,0.003,0.002,0.001,2525036.1500000004,383903.7
1771027031,2026-02-14T07:57:11.434452,0.0025,0.003,0.002,0.001,2525036.1500000004,383903.7
1771027211,2026-02-14T08:00:11.450866,0.0025,0.003,0.002,0.001,2525036.1500000004,383903.7
1771027391,2026-02-14T08:03:11.313662,0.0025,0.003,0.002,0.001,2525036.1500000004,383913.72
1771027571,2026-02-14T08:06:11.423884,0.0025,0.003,0.002,0.001,2525019.1100000003,383913.72
1771027751,2026-02-14T08:09:11.450044,0.0025,0.003,0.002,0.001,2525019.1100000003,383812.89
1771027931,2026-02-14T08:12:11.451891,0.0025,0.003,0.002,0.001,2525019.1100000003,383742.7
1771028111,2026-02-14T08:15:11.472487,0.0025,0.003,0.002,0.001,2525019.1100000003,383742.7
1771028291,2026-02-14T08:18:11.431133,0.0025,0.003,0.002,0.001,2525019.1100000003,383772.76
1771028471,2026-02-14T08:21:11.425045,0.0025,0.003,0.002,0.001,2525019.1100000003,383737.7
1771028651,2026-02-14T08:24:11.465839,0.0025,0.003,0.002,0.001,2525019.1100000003,383639.12
1771028831,2026-02-14T08:27:11.667875,0.0025,0.003,0.002,0.001,2524919.1100000003,383639.12
1771029011,2026-02-14T08:30:11.660775,0.0025,0.003,0.002,0.001,2525019.1100000003,383629.1
1771029191,2026-02-14T08:33:11.609221,0.0025,0.003,0.002,0.001,2525019.1100000003,383629.1
1771029371,2026-02-14T08:36:11.655649,0.0025,0.003,0.002,0.001,2525019.1100000003,383629.1
1771029551,2026-02-14T08:39:11.652210,0.0025,0.003,0.002,0.001,2525019.1100000003,383639.12
1771029731,2026-02-14T08:42:11.669360,0.0025,0.003,0.002,0.001,2525019.1100000003,383629.1
1771029911,2026-02-14T08:45:11.702592,0.0025,0.003,0.002,0.001,2525019.1100000003,383424.1
1771030091,2026-02-14T08:48:11.660825,0.0025,0.003,0.002,0.001,2525019.1100000003,383424.1
1771030271,2026-02-14T08:51:11.878979,0.0025,0.003,0.002,0.001,2525002.0700000003,383424.1
1771030456,2026-02-14T08:54:16.561811,0.0025,0.003,0.002,0.001,2525002.0700000003,383424.1
1771030631,2026-02-14T08:57:11.865846,0.0025,0.003,0.002,0.001,2525002.0700000003,383424.1
1771030811,2026-02-14T09:00:11.917787,0.0025,0.003,0.002,0.001,2525002.0700000003,383424.1
1771030991,2026-02-14T09:03:11.888209,0.0025,0.003,0.002,0.001,2521469.0700000003,381222.26
1771031172,2026-02-14T09:06:12.060738,0.0025,0.003,0.002,0.001,2521469.0700000003,381222.26
1771031351,2026-02-14T09:09:11.700726,0.0025,0.003,0.002,0.001,2521569.0700000003,381222.26
1771031531,2026-02-14T09:12:11.921501,0.0025,0.003,0.002,0.001,2521569.0700000003,381217.26
1771031712,2026-02-14T09:15:12.053611,0.0025,0.003,0.002,0.001,2521469.0700000003,381217.26
1771031892,2026-02-14T09:18:12.076466,0.0025,0.003,0.002,0.001,2521469.0700000003,381217.26
1771032071,2026-02-14T09:21:11.880015,0.0025,0.003,0.002,0.001,2521469.0700000003,381237.3
1771032252,2026-02-14T09:24:12.040857,0.0025,0.003,0.002,0.001,2521569.0700000003,381217.26
1771032432,2026-02-14T09:27:12.107672,0.0025,0.003,0.002,0.001,2521569.0700000003,381217.26
1771032612,2026-02-14T09:30:12.078641,0.0025,0.003,0.002,0.001,2521569.0700000003,381217.26
1771032792,2026-02-14T09:33:12.065184,0.0025,0.003,0.002,0.001,2521569.0700000003,381217.26
1771032972,2026-02-14T09:36:12.229269,0.0025,0.003,0.002,0.001,2521569.0700000003,381222.77
1771033152,2026-02-14T09:39:12.410314,0.0025,0.003,0.002,0.001,2521569.0700000003,381232.79000000004
1771033332,2026-02-14T09:42:12.442252,0.0025,0.003,0.002,0.001,2521569.0700000003,378927.2
1771033512,2026-02-14T09:45:12.240101,0.0025,0.003,0.002,0.001,2521569.0700000003,378907.16000000003
1771033692,2026-02-14T09:48:12.265282,0.0025,0.003,0.002,0.001,2521569.0700000003,378907.16000000003
1771033872,2026-02-14T09:51:12.248506,0.0025,0.003,0.002,0.001,2521567.06,378907.16000000003
1771034052,2026-02-14T09:54:12.264960,0.0025,0.003,0.002,0.001,2521514.95,378908.62
1771034236,2026-02-14T09:57:16.212864,0.0025,0.003,0.002,0.001,2521514.95,378908.62
1771034412,2026-02-14T10:00:12.269541,0.0025,0.003,0.002,0.001,2521514.95,376588.16
1771034592,2026-02-14T10:03:12.253967,0.0025,0.003,0.002,0.001,2521514.95,376587.51
1771034772,2026-02-14T10:06:12.188814,0.0025,0.003,0.002,0.001,2421514.95,376577.49000000005
1771034952,2026-02-14T10:09:12.489610,0.0025,0.003,0.002,0.001,2421514.95,376577.49000000005
1771035132,2026-02-14T10:12:12.440134,0.0025,0.003,0.002,0.001,2421514.95,376587.51
1771035312,2026-02-14T10:15:12.439169,0.0025,0.003,0.002,0.001,2421514.95,376577.49000000005
1771035492,2026-02-14T10:18:12.430286,0.0025,0.003,0.002,0.001,2421414.95,376576.91000000003
1771035672,2026-02-14T10:21:12.428691,0.0025,0.003,0.002,0.001,2421414.95,376571.65
1771035852,2026-02-14T10:24:12.452697,0.0025,0.003,0.002,0.001,2420300.6500000004,376471.65
1771036032,2026-02-14T10:27:12.655372,0.0025,0.003,0.002,0.001,2420300.6500000004,376471.65
1771036212,2026-02-14T10:30:12.592468,0.0025,0.003,0.002,0.001,2420300.6500000004,376491.69
1771036392,2026-02-14T10:33:12.665109,0.0025,0.003,0.002,0.001,2420300.6500000004,376471.65
1771036572,2026-02-14T10:36:12.654033,0.0025,0.003,0.002,0.001,2408556.16,376471.65
1771036752,2026-02-14T10:39:12.538021,0.0025,0.003,0.002,0.001,2408356.16,365168.4
1771036932,2026-02-14T10:42:12.628545,0.0025,0.003,0.002,0.001,2403333.1100000003,370649.03
1771037112,2026-02-14T10:45:12.652724,0.0025,0.003,0.002,0.001,2403333.1100000003,370588.88
1771037292,2026-02-14T10:48:12.866564,0.0025,0.003,0.002,0.001,2403333.1100000003,370588.88
1771037472,2026-02-14T10:51:12.650773,0.0025,0.003,0.002,0.001,2403333.1100000003,370694.29
1771037652,2026-02-14T10:54:12.644134,0.0025,0.003,0.002,0.001,2405792.2600000002,370134.29
1771037832,2026-02-14T10:57:12.961778,0.0025,0.003,0.002,0.001,2406333.14,369113.45
1771038012,2026-02-14T11:00:12.842171,0.0025,0.003,0.002,0.001,2406333.14,369113.45
1771038192,2026-02-14T11:03:12.850385,0.0025,0.003,0.002,0.001,2406333.14,369113.45
1771038372,2026-02-14T11:06:12.851890,0.0025,0.003,0.002,0.001,2406523.14,369113.45
1771038553,2026-02-14T11:09:13.002869,0.0025,0.003,0.002,0.001,2406528.14,369129.66
1771038732,2026-02-14T11:12:12.852032,0.0025,0.003,0.002,0.001,2406528.14,369119.64
1771038912,2026-02-14T11:15:12.967148,0.0025,0.003,0.002,0.001,2406419.54,365612.55
1771039093,2026-02-14T11:18:13.048580,0.0025,0.003,0.002,0.001,2406419.54,365612.55
1771039273,2026-02-14T11:21:13.051581,0.0025,0.003,0.002,0.001,2406313.4600000004,364413.3
1771039452,2026-02-14T11:24:12.865158,0.0025,0.003,0.002,0.001,2406313.4600000004,364407.11
1771039632,2026-02-14T11:27:12.936526,0.0025,0.003,0.002,0.001,2406313.4600000004,364407.11
1771039813,2026-02-14T11:30:13.037130,0.0025,0.003,0.002,0.001,2406213.4600000004,346083.79
1771039993,2026-02-14T11:33:13.240310,0.0025,0.003,0.002,0.001,2406313.4600000004,346073.77
1771040173,2026-02-14T11:36:13.223386,0.0025,0.003,0.002,0.001,2406313.4600000004,345778.19
1771040353,2026-02-14T11:39:13.248561,0.0025,0.003,0.002,0.001,2406313.4600000004,345768.17
1771040533,2026-02-14T11:42:13.047720,0.0025,0.003,0.002,0.001,2406168.2300000004,345804.19999999995
1771040713,2026-02-14T11:45:13.218416,0.0025,0.003,0.002,0.001,2387934.9000000004,345774.13999999996
1771040893,2026-02-14T11:48:13.215520,0.0025,0.003,0.002,0.001,2387934.9000000004,345808.48
1771041073,2026-02-14T11:51:13.421801,0.0025,0.003,0.002,0.001,2387934.9000000004,346186.08999999997
1771041258,2026-02-14T11:54:18.085645,0.0025,,,0.001,2387873.87,347093.49
1771041433,2026-02-14T11:57:13.226130,0.0025,0.003,0.002,0.001,2387873.87,347824.58999999997
1771041613,2026-02-14T12:00:13.303571,0.0025,0.003,0.002,0.001,2387873.87,347824.58999999997
1771041793,2026-02-14T12:03:13.395710,0.0025,0.003,0.002,0.001,2387873.87,347824.58999999997
1771041973,2026-02-14T12:06:13.465473,0.0025,0.003,0.002,0.001,2387873.87,347824.58999999997
1771042153,2026-02-14T12:09:13.635725,0.0025,0.003,0.002,0.001,2387773.87,347921.98
1771042333,2026-02-14T12:12:13.347497,0.0025,0.003,0.002,0.001,2387873.87,347921.98
1771042513,2026-02-14T12:15:13.647736,0.0025,0.003,0.002,0.001,2387873.87,347921.98
1771042693,2026-02-14T12:18:13.658461,0.0025,0.003,0.002,0.001,2387873.87,347921.98
1771042873,2026-02-14T12:21:13.423760,0.0025,0.003,0.002,0.001,2388038.87,347921.98
1771043053,2026-02-14T12:24:13.454281,0.0025,0.003,0.002,0.001,2388038.87,347921.98
1771043233,2026-02-14T12:27:13.640254,0.0025,0.003,0.002,0.001,2387938.87,347921.98
1771043413,2026-02-14T12:30:13.843652,0.0025,0.003,0.002,0.001,2387938.87,347921.98
1771043593,2026-02-14T12:33:13.860933,0.0025,0.003,0.002,0.001,2388038.87,347921.98
1771043773,2026-02-14T12:36:13.639006,0.0025,0.003,0.002,0.001,2388038.87,347921.98
1771043953,2026-02-14T12:39:13.743262,0.0025,0.003,0.002,0.001,2387971.7300000004,347849.25
1771044133,2026-02-14T12:42:13.620333,0.0025,0.003,0.002,0.001,2387971.7300000004,347849.25
1771044313,2026-02-14T12:45:13.673278,0.0025,0.003,0.002,0.001,2387971.7300000004,347859.27
1771044493,2026-02-14T12:48:13.676196,0.0025,0.003,0.002,0.001,2387831.8600000003,347849.25
1771044673,2026-02-14T12:51:13.868804,0.0025,0.003,0.002,0.001,2387761.2100000004,347849.25
1771044853,2026-02-14T12:54:13.915613,0.0025,0.003,0.002,0.001,2387761.2100000004,347859.27
1771045033,2026-02-14T12:57:13.835645,0.0025,0.003,0.002,0.001,2387761.2100000004,347776.56
1771045213,2026-02-14T13:00:13.911539,0.0025,0.003,0.002,0.001,2387487.8000000003,347786.58
1771045393,2026-02-14T13:03:13.842766,0.0025,0.003,0.002,0.001,2387487.8000000003,347786.58
1771045573,2026-02-14T13:06:13.895717,0.0025,0.003,0.002,0.001,2387422.1500000004,347736.45
1771045754,2026-02-14T13:09:14.066972,0.0025,0.003,0.002,0.001,2387422.1500000004,347736.45
1771045934,2026-02-14T13:12:14.106139,0.0025,0.003,0.002,0.001,2387264.64,347736.45
1771046114,2026-02-14T13:15:14.035977,0.0025,0.003,0.002,0.001,2387264.64,347736.45
1771046294,2026-02-14T13:18:14.084538,0.0025,0.003,0.002,0.001,2387188.0100000002,347736.45
1771046474,2026-02-14T13:21:14.095837,0.0025,0.003,0.002,0.001,2382051.81,347089.66000000003
1771046654,2026-02-14T13:24:14.090988,0.0025,0.003,0.002,0.001,2382051.81,347089.66000000003
1771046834,2026-02-14T13:27:14.235366,0.0025,0.003,0.002,0.001,2382051.81,347129.77
1771047014,2026-02-14T13:30:14.072979,0.0025,0.003,0.002,0.001,2381975.1900000004,347129.76
1771047194,2026-02-14T13:33:14.225019,0.0025,0.003,0.002,0.001,2381808.16,347129.76
1771047374,2026-02-14T13:36:14.258015,0.0025,0.003,0.002,0.001,2381714.77,347124.56
1771047554,2026-02-14T13:39:14.252024,0.0025,0.003,0.002,0.001,2381515.52,347129.74
1771047734,2026-02-14T13:42:14.213027,0.0025,0.003,0.002,0.001,2381515.52,347129.74
1771047914,2026-02-14T13:45:14.244995,0.0025,0.003,0.002,0.001,2381445.45,347089.63
1771048094,2026-02-14T13:48:14.250034,0.0025,0.003,0.002,0.001,2381445.45,347014.63
1771048274,2026-02-14T13:51:14.185042,0.0025,0.003,0.002,0.001,2381445.45,347014.63
1771048454,2026-02-14T13:54:14.232789,0.0025,0.003,0.002,0.001,2381445.45,347014.63
1771048634,2026-02-14T13:57:14.217303,0.0025,0.003,0.002,0.001,2381678.0500000003,347019.47
1771048814,2026-02-14T14:00:14.427375,0.0025,0.003,0.002,0.001,2384564.0500000003,347009.45
1771048994,2026-02-14T14:03:14.381687,0.0025,0.003,0.002,0.001,2387450.0500000003,347019.47
1771049174,2026-02-14T14:06:14.433147,0.0025,0.003,0.002,0.001,2388193.3800000004,347009.45
1771049354,2026-02-14T14:09:14.450078,0.0025,0.003,0.002,0.001,2388093.3800000004,347009.45
1771049534,2026-02-14T14:12:14.930544,0.0025,0.003,0.002,0.001,2388093.3800000004,347009.45
1771049714,2026-02-14T14:15:14.388240,0.0025,0.003,0.002,0.001,2387841.5300000003,346917.24
1771049894,2026-02-14T14:18:14.603423,0.0025,0.003,0.002,0.001,2387841.5300000003,346917.24
1771050074,2026-02-14T14:21:14.446662,0.0025,0.003,0.002,0.001,2387742.22,346927.26
1771050254,2026-02-14T14:24:14.663022,0.0025,0.003,0.002,0.001,2387755.54,347517.24
1771050434,2026-02-14T14:27:14.643608,0.0025,0.003,0.002,0.001,2385150.33,347517.24
1771050614,2026-02-14T14:30:14.665029,0.0025,0.003,0.002,0.001,2385150.33,344912.02999999997
1771050794,2026-02-14T14:33:14.631416,0.0025,0.003,0.002,0.001,2385059.52,344912.04
1771050974,2026-02-14T14:36:14.658997,0.0025,0.003,0.002,0.001,2385054.5100000002,344912.04
1771051154,2026-02-14T14:39:14.759771,0.0025,0.003,0.002,0.001,2385054.5100000002,344912.04
1771051334,2026-02-14T14:42:14.912275,0.0025,0.003,0.002,0.001,2384864.9200000004,344912.69999999995
1771051514,2026-02-14T14:45:14.847880,0.0025,0.003,0.002,0.001,2384774.99,344912.69999999995
1771051694,2026-02-14T14:48:14.843433,0.0025,0.003,0.002,0.001,2384770.64,344912.69999999995
1771051874,2026-02-14T14:51:14.861847,0.0025,0.003,0.002,0.001,2384770.64,344912.54
1771052054,2026-02-14T14:54:14.845070,0.0025,0.003,0.002,0.001,2384770.64,344946.96
1771052235,2026-02-14T14:57:15.110085,0.0025,0.003,0.002,0.001,2384691.54,344346.96
1771052414,2026-02-14T15:00:14.866759,0.0025,0.003,0.002,0.001,2384691.54,344346.96
1771052595,2026-02-14T15:03:15.063990,0.0025,0.003,0.002,0.001,2384606.4400000004,344346.96
1771052775,2026-02-14T15:06:15.085245,0.0025,0.003,0.002,0.001,2384513.4600000004,344238.19
1771052955,2026-02-14T15:09:15.098434,0.0025,0.003,0.002,0.001,2384513.4600000004,344838.19
1771053135,2026-02-14T15:12:15.067817,0.0025,0.003,0.002,0.001,2384328.6500000004,344838.19
1771053315,2026-02-14T15:15:15.229871,0.0025,0.003,0.002,0.001,2384241.1100000003,344848.21
1771053495,2026-02-14T15:18:15.108160,0.0025,0.003,0.002,0.001,2384158.8200000003,344838.19
1771053679,2026-02-14T15:21:19.096413,0.0025,0.003,0.002,0.001,2384154.41,344248.21
1771053855,2026-02-14T15:24:15.030534,0.0025,0.003,0.002,0.001,2383456.41,344140.19
1771054039,2026-02-14T15:27:19.864954,0.0025,,,0.001,2383733.0,343540.19
1771054215,2026-02-14T15:30:15.046445,0.0025,0.003,0.002,0.001,2383838.25,338140.2
1771054394,2026-02-14T15:33:14.993894,0.0025,0.003,0.002,0.001,2384639.25,344140.19
1771054575,2026-02-14T15:36:15.273050,0.0025,0.003,0.002,0.001,2384534.89,344140.19
1771054755,2026-02-14T15:39:15.374736,0.0025,0.003,0.002,0.001,2384534.89,344072.93
1771054935,2026-02-14T15:42:15.252976,0.0025,0.003,0.002,0.001,2383733.89,343472.93
1771055115,2026-02-14T15:45:15.218131,0.0025,0.003,0.002,0.001,2382745.31,343177.32
1771055295,2026-02-14T15:48:15.222183,0.0025,0.003,0.002,0.001,2383121.5700000003,343177.32
1771055475,2026-02-14T15:51:15.220410,0.0025,0.003,0.002,0.001,2383221.5700000003,343177.32
1771055655,2026-02-14T15:54:15.248053,0.0025,0.003,0.002,0.001,2383126.18,343132.2
1771055835,2026-02-14T15:57:15.578447,0.0025,0.003,0.002,0.001,2383126.18,343127.17
1771056015,2026-02-14T16:00:15.424166,0.0025,0.003,0.002,0.001,2383126.18,343197.36
1771056195,2026-02-14T16:03:15.426354,0.0025,0.003,0.002,0.001,2382933.6500000004,343197.36
1771056375,2026-02-14T16:06:15.430179,0.0025,0.003,0.002,0.001,2383033.6500000004,343187.34
1771056555,2026-02-14T16:09:15.443758,0.0025,0.003,0.002,0.001,2382933.6500000004,343275.85
1771056735,2026-02-14T16:12:15.444831,0.0025,0.003,0.002,0.001,2382933.6500000004,343235.74
1771056915,2026-02-14T16:15:15.643220,0.0025,0.003,0.002,0.001,2383033.6500000004,343235.74
1771057095,2026-02-14T16:18:15.496558,0.0025,0.003,0.002,0.001,2383029.6,343235.74
1771057275,2026-02-14T16:21:15.659233,0.0025,0.003,0.002,0.001,2382949.14,343235.74
1771057455,2026-02-14T16:24:15.627718,0.0025,0.003,0.002,0.001,2382949.14,343235.74
1771057635,2026-02-14T16:27:15.667527,0.0025,0.003,0.002,0.001,2382869.5700000003,343235.74
1771057815,2026-02-14T16:30:15.643530,0.0025,0.003,0.002,0.001,2382769.8600000003,343185.59
1771057995,2026-02-14T16:33:15.606193,0.0025,0.003,0.002,0.001,2382669.8600000003,343241.37
1771058175,2026-02-14T16:36:15.653007,0.0025,0.003,0.002,0.001,2382666.85,343191.22000000003
1771058355,2026-02-14T16:39:15.784317,0.0025,0.003,0.002,0.001,2382588.22,343191.22000000003
1771058535,2026-02-14T16:42:15.883699,0.0025,0.003,0.002,0.001,2382588.22,343191.22000000003
1771058715,2026-02-14T16:45:15.854169,0.0025,0.003,0.002,0.001,2381536.33,342227.3
1771058895,2026-02-14T16:48:15.910002,0.0025,0.003,0.002,0.001,2381636.33,342227.3
1771059075,2026-02-14T16:51:15.870091,0.0025,0.003,0.002,0.001,2381469.27,341627.31
1771059256,2026-02-14T16:54:16.054614,0.0025,0.003,0.002,0.001,2381469.27,342627.31
1771059616,2026-02-14T17:00:16.072836,0.0025,0.003,0.002,0.001,2381309.08,342627.3
1771059796,2026-02-14T17:03:16.100487,0.0025,0.003,0.002,0.001,2381309.08,342627.3
1771059975,2026-02-14T17:06:15.837467,0.0025,0.003,0.002,0.001,2381309.08,342627.3
1771060156,2026-02-14T17:09:16.057879,0.0025,0.003,0.002,0.001,2381309.08,342627.3
1771060336,2026-02-14T17:12:16.102196,0.0025,0.003,0.002,0.001,2381228.52,342627.3
1771060516,2026-02-14T17:15:16.069570,0.0025,0.003,0.002,0.001,2381056.9800000004,342627.3
1771060696,2026-02-14T17:18:16.024761,0.0025,0.003,0.002,0.001,2381056.9800000004,342627.3
1771060876,2026-02-14T17:21:16.057415,0.0025,0.003,0.002,0.001,2380967.43,342627.3
1771061056,2026-02-14T17:24:16.235714,0.0025,0.003,0.002,0.001,2380967.43,342627.3
1771061240,2026-02-14T17:27:20.998840,0.0025,,,0.001,2380781.4600000004,342627.3
1771061416,2026-02-14T17:30:16.472701,0.0025,0.003,0.002,0.001,2380584.2300000004,340960.63
1771061596,2026-02-14T17:33:16.488830,0.0025,0.003,0.002,0.001,2380584.2300000004,340960.63
1771061776,2026-02-14T17:36:16.308073,0.0025,0.003,0.002,0.001,2380584.2300000004,339960.63
1771061956,2026-02-14T17:39:16.225036,0.0025,0.003,0.002,0.001,2380498.4400000004,340960.63
1771062136,2026-02-14T17:42:16.262578,0.0025,0.003,0.002,0.001,2380515.0900000003,353084.9
1771062316,2026-02-14T17:45:16.387819,0.0025,0.003,0.002,0.001,2380413.7300000004,352084.9
1771062496,2026-02-14T17:48:16.223792,0.0025,0.003,0.002,0.001,2380413.7300000004,352084.9
1771062676,2026-02-14T17:51:16.417753,0.0025,0.003,0.002,0.001,2380413.7300000004,353084.9
1771062856,2026-02-14T17:54:16.480506,0.0025,0.003,0.002,0.001,2380313.7300000004,353084.9
1771063036,2026-02-14T17:57:16.452230,0.0025,0.003,0.002,0.001,2380313.7300000004,353084.9
1771063396,2026-02-14T18:03:16.442939,0.0025,0.003,0.002,0.001,2380237.1100000003,353135.05
1771063576,2026-02-14T18:06:16.661060,0.0025,0.003,0.002,0.001,2380143.7,353135.05
1771063756,2026-02-14T18:09:16.635745,0.0025,0.003,0.002,0.001,3380143.7,352135.05
1771063936,2026-02-14T18:12:16.652962,0.0025,0.003,0.002,0.001,3380143.7,353084.9
1771064116,2026-02-14T18:15:16.627718,0.0025,0.003,0.002,0.001,3380143.7,353135.05
1771064296,2026-02-14T18:18:16.468642,0.0025,0.003,0.002,0.001,3380143.7,352135.05
1771064476,2026-02-14T18:21:16.683899,0.0025,0.003,0.002,0.001,3380143.7,351635.05
1771064656,2026-02-14T18:24:16.601645,0.0025,0.003,0.002,0.001,3380061.58,351584.9
1771064836,2026-02-14T18:27:16.600107,0.0025,0.003,0.002,0.001,3380036.66,351584.9
1771065016,2026-02-14T18:30:16.641189,0.0025,0.003,0.002,0.001,3380036.66,351584.9
1771065196,2026-02-14T18:33:16.888136,0.0025,0.003,0.002,0.001,3380008.54,351584.9
1771065376,2026-02-14T18:36:16.697176,0.0025,0.003,0.002,0.001,3379961.5,351584.9
1771065556,2026-02-14T18:39:16.811114,0.0025,0.003,0.002,0.001,3379932.75,352136.9
1771065736,2026-02-14T18:42:16.841475,0.0025,0.003,0.002,0.001,3379932.75,352136.9
1771065916,2026-02-14T18:45:16.744108,0.0025,0.003,0.002,0.001,3379903.1700000004,352134.9
1771066096,2026-02-14T18:48:16.703636,0.0025,0.003,0.002,0.001,3379771.7300000004,352134.9
1771066276,2026-02-14T18:51:16.727863,0.0025,0.003,0.002,0.001,3379648.54,352185.05
1771066456,2026-02-14T18:54:16.820517,0.0025,0.003,0.002,0.001,3379748.54,351644.92
1771066637,2026-02-14T18:57:17.172196,0.0025,0.003,0.002,0.001,3379848.54,352134.9
1771066816,2026-02-14T19:00:16.984838,0.0025,0.003,0.002,0.001,3378848.54,352134.9
1771066997,2026-02-14T19:03:17.099112,0.0025,0.003,0.002,0.001,3378848.54,352134.9
1771067177,2026-02-14T19:06:17.034494,0.0025,0.003,0.002,0.001,3378848.54,352134.9
1771067356,2026-02-14T19:09:16.899974,0.0025,0.003,0.002,0.001,3378848.54,352286.89
1771067537,2026-02-14T19:12:17.066370,0.0025,0.003,0.002,0.001,3378843.5300000003,352236.74
1771067717,2026-02-14T19:15:17.072089,0.0025,0.003,0.002,0.001,3378832.29,352246.76
1771067897,2026-02-14T19:18:17.258413,0.0025,0.003,0.002,0.001,3378832.29,352286.89
1771068077,2026-02-14T19:21:17.195138,0.0025,0.003,0.002,0.001,3378832.29,352296.91000000003
1771068257,2026-02-14T19:24:17.093625,0.0025,0.003,0.002,0.001,3378806.93,352286.89
1771068437,2026-02-14T19:27:17.214864,0.0025,0.003,0.002,0.001,3378706.93,351653.09
1771068617,2026-02-14T19:30:17.239564,0.0025,0.003,0.002,0.001,3378646.5900000003,351712.98
1771068802,2026-02-14T19:33:22.077270,0.0025,0.003,0.002,0.001,3378646.5900000003,351632.76999999996
1771068977,2026-02-14T19:36:17.274963,0.0025,0.003,0.002,0.001,3378646.5900000003,351592.63999999996
1771069157,2026-02-14T19:39:17.236987,0.0025,0.003,0.002,0.001,3378646.5900000003,351582.62
1771069342,2026-02-14T19:42:22.107740,0.0025,0.003,0.002,0.001,,
1771069517,2026-02-14T19:45:17.476307,0.0025,0.003,0.002,0.001,3378746.5900000003,351092.63999999996
1771069697,2026-02-14T19:48:17.455730,0.0025,0.003,0.002,0.001,3378575.02,351092.63999999996
1771069877,2026-02-14T19:51:17.490554,0.0025,0.003,0.002,0.001,3378575.02,351092.63999999996
1771070057,2026-02-14T19:54:17.676625,0.0025,0.003,0.002,0.001,3378560.02,351082.62
1771070237,2026-02-14T19:57:17.486007,0.0025,0.003,0.002,0.001,3378650.04,351132.75
1771070417,2026-02-14T20:00:17.248217,0.0025,0.003,0.002,0.001,3378646.0,351172.82999999996
1771070597,2026-02-14T20:03:17.489531,0.0025,0.003,0.002,0.001,3378619.62,351122.73
1771070777,2026-02-14T20:06:17.511324,0.0025,0.003,0.002,0.001,3378619.62,351122.73
1771070957,2026-02-14T20:09:17.651964,0.0025,0.003,0.002,0.001,3378619.62,351102.66
1771071137,2026-02-14T20:12:17.670180,0.0025,0.003,0.002,0.001,3378619.62,351093.72
1771071317,2026-02-14T20:15:17.889190,0.0025,0.003,0.002,0.001,3378572.08,351088.75
1771071497,2026-02-14T20:18:17.639806,0.0025,0.003,0.002,0.001,3378567.0500000003,351088.2
1771071677,2026-02-14T20:21:17.709454,0.0025,0.003,0.002,0.001,3378567.0500000003,351088.2
1771071857,2026-02-14T20:24:17.866624,0.0025,0.003,0.002,0.001,3378567.0500000003,351088.2
1771072037,2026-02-14T20:27:17.877526,0.0025,0.003,0.002,0.001,3378567.0500000003,351088.2
1771072217,2026-02-14T20:30:17.878216,0.0025,0.003,0.002,0.001,3378472.85,351088.2
1771072397,2026-02-14T20:33:17.848645,0.0025,0.003,0.002,0.001,3378456.95,351088.2
1771072577,2026-02-14T20:36:17.779941,0.0025,0.003,0.002,0.001,3378456.95,351088.2
1771072758,2026-02-14T20:39:18.082224,0.0025,0.003,0.002,0.001,3378456.95,351088.2
1771072937,2026-02-14T20:42:17.848025,0.0025,0.003,0.002,0.001,3378456.95,351108.24
1771073118,2026-02-14T20:45:18.250953,0.0025,0.003,0.002,0.001,3378366.29,351098.22
1771073298,2026-02-14T20:48:18.071723,0.0025,0.003,0.002,0.001,3378366.29,351108.24
1771073478,2026-02-14T20:51:18.061963,0.0025,0.003,0.002,0.001,3364156.31,351023.22
1771073662,2026-02-14T20:54:22.904596,0.0025,0.003,0.002,0.001,3364101.31,337048.72000000003
1771073837,2026-02-14T20:57:17.864639,0.0025,0.003,0.002,0.001,3364623.5900000003,337048.71
1771074018,2026-02-14T21:00:18.215981,0.0025,0.003,0.002,0.001,3364623.5900000003,337108.88
1771074198,2026-02-14T21:03:18.096275,0.0025,0.003,0.002,0.001,3364352.5100000002,337098.86
1771074378,2026-02-14T21:06:18.104895,0.0025,0.003,0.002,0.001,3364270.0,337108.88
1771074558,2026-02-14T21:09:18.227201,0.0025,0.003,0.002,0.001,3364270.0,337068.75
1771074738,2026-02-14T21:12:18.203534,0.0025,0.003,0.002,0.001,3363915.02,337048.71
1771074918,2026-02-14T21:15:18.102383,0.0025,0.003,0.002,0.001,3363827.3000000003,337048.71
1771075098,2026-02-14T21:18:18.269864,0.0025,0.003,0.002,0.001,3363740.47,337048.73
1771075278,2026-02-14T21:21:18.270488,0.0025,0.003,0.002,0.001,3363740.47,337058.75
1771075458,2026-02-14T21:24:18.323476,0.0025,0.003,0.002,0.001,3363740.47,337456.71
1771075638,2026-02-14T21:27:18.240426,0.0025,0.003,0.002,0.001,3363740.47,337466.73
1771075818,2026-02-14T21:30:18.237228,0.0025,0.003,0.002,0.001,3363740.47,337802.41000000003
1771075998,2026-02-14T21:33:18.463810,0.0025,0.003,0.002,0.001,3363740.47,337802.41000000003
1771076178,2026-02-14T21:36:18.431046,0.0025,0.003,0.002,0.001,3363339.72,337401.67
1771076358,2026-02-14T21:39:18.239016,0.0025,0.003,0.002,0.001,3363306.2300000004,337471.86
1771076538,2026-02-14T21:42:18.703256,0.0025,0.003,0.002,0.001,3363306.2300000004,337410.88
1771076723,2026-02-14T21:45:23.047037,0.0025,0.003,0.002,0.001,3363184.2600000002,337451.01
1771076898,2026-02-14T21:48:18.460461,0.0025,0.003,0.002,0.001,3362605.4800000004,336990.16000000003
1771077078,2026-02-14T21:51:18.477960,0.0025,0.003,0.002,0.001,3362605.4800000004,336970.07
1771077258,2026-02-14T21:54:18.612137,0.0025,0.003,0.002,0.001,3362605.4800000004,337032.83
1771077438,2026-02-14T21:57:18.422050,0.0025,0.003,0.002,0.001,3362605.4800000004,337037.84
1771077618,2026-02-14T22:00:18.530383,0.0025,0.003,0.002,0.001,3362605.4800000004,337017.8
1771077798,2026-02-14T22:03:18.652245,0.0025,0.003,0.002,0.001,3362454.77,337017.8
1771077978,2026-02-14T22:06:18.652324,0.0025,0.003,0.002,0.001,3362449.7600000002,47820.03
1771078158,2026-02-14T22:09:18.621813,0.0025,0.003,0.002,0.001,3362441.81,47789.92
1771078338,2026-02-14T22:12:18.647864,0.0025,0.003,0.002,0.001,3362286.7800000003,45459.89
1771078518,2026-02-14T22:15:18.633120,0.0025,0.003,0.002,0.001,3362116.43,45339.87
1771078698,2026-02-14T22:18:18.622732,0.0025,0.003,0.002,0.001,3362116.43,45299.57
1771078878,2026-02-14T22:21:18.623829,0.0025,0.003,0.002,0.001,3361967.77,44956.21
1771079058,2026-02-14T22:24:18.848296,0.0025,0.003,0.002,0.001,3361967.77,44911.229999999996
1771079238,2026-02-14T22:27:18.833338,0.0025,0.003,0.002,0.001,3361467.77,44911.229999999996
1771079418,2026-02-14T22:30:18.964084,0.0025,0.003,0.002,0.001,3361467.77,44916.21
1771079598,2026-02-14T22:33:18.867611,0.0025,0.003,0.002,0.001,3361426.68,44406.189999999995
1771079778,2026-02-14T22:36:18.858389,0.0025,0.003,0.002,0.001,3361426.68,44056.34
1771079958,2026-02-14T22:39:18.894990,0.0025,0.003,0.002,0.001,3361386.9600000004,44046.32
1771080138,2026-02-14T22:42:18.824586,0.0025,0.003,0.002,0.001,3361305.5100000002,44006.189999999995
1771080319,2026-02-14T22:45:19.088608,0.0025,0.003,0.002,0.001,3358881.4600000004,44006.189999999995
1771080499,2026-02-14T22:48:19.086863,0.0025,0.003,0.002,0.001,3358847.39,44061.35
1771080678,2026-02-14T22:51:18.944198,0.0025,0.003,0.002,0.001,3358927.35,44051.33
1771080858,2026-02-14T22:54:18.928875,0.0025,0.003,0.002,0.001,3358927.35,44051.33
1771081039,2026-02-14T22:57:19.094188,0.0025,0.003,0.002,0.001,3358927.35,44371.37
1771081223,2026-02-14T23:00:23.877774,0.0025,0.003,0.002,0.001,3357497.29,44331.29
1771081399,2026-02-14T23:03:19.054200,0.0025,0.003,0.002,0.001,3357497.29,44351.33
1771081579,2026-02-14T23:06:19.033218,0.0025,0.003,0.002,0.001,3357487.27,44331.29
1771081759,2026-02-14T23:09:19.031988,0.0025,0.003,0.002,0.001,3357458.49,44331.29
1771081939,2026-02-14T23:12:19.231552,0.0025,0.003,0.002,0.001,3354809.29,44311.25
1771082119,2026-02-14T23:15:19.317766,0.0025,0.003,0.002,0.001,3350064.49,44251.08
1771082299,2026-02-14T23:18:19.681736,0.0025,0.003,0.002,0.001,3350264.49,44281.19
1771082479,2026-02-14T23:21:19.964941,0.0025,0.003,0.002,0.001,3350254.47,44241.06
1771082659,2026-02-14T23:24:19.423978,0.0025,0.003,0.002,0.001,3350220.79,44261.1
1771082839,2026-02-14T23:27:19.447337,0.0025,0.003,0.002,0.001,3350188.72,44281.19
1771083019,2026-02-14T23:30:19.320132,0.0025,0.003,0.002,0.001,3350174.25,44281.19
1771083199,2026-02-14T23:33:19.293511,0.0025,0.003,0.002,0.001,3350163.0700000003,44281.19
1771083379,2026-02-14T23:36:19.673307,0.0025,0.003,0.002,0.001,3350163.0700000003,44241.06
1771083559,2026-02-14T23:39:19.689792,0.0025,0.003,0.002,0.001,3350163.0700000003,44231.04
1771083739,2026-02-14T23:42:19.674218,0.0025,0.003,0.002,0.001,3350215.4800000004,44221.020000000004
1771083919,2026-02-14T23:45:19.650003,0.0025,0.003,0.002,0.001,3350215.4800000004,44252.22
1771084099,2026-02-14T23:48:19.669474,0.0025,0.003,0.002,0.001,3350215.4800000004,44282.28
1771084279,2026-02-14T23:51:19.667463,0.0025,0.003,0.002,0.001,3350200.9000000004,44232.17
1771084459,2026-02-14T23:54:19.685283,0.0025,0.003,0.002,0.001,3350191.2,44232.17
1771084639,2026-02-14T23:57:19.654901,0.0025,0.003,0.002,0.001,3350091.2,44252.21
1771084819,2026-02-15T00:00:19.669668,0.0025,0.003,0.002,0.001,3350090.1900000004,44232.17
1771084999,2026-02-15T00:03:19.710208,0.0025,0.003,0.002,0.001,3350090.1900000004,44222.15
1771085179,2026-02-15T00:06:19.758296,0.0025,0.003,0.002,0.001,3350190.1900000004,44222.15
1771085359,2026-02-15T00:09:19.686994,0.0025,0.003,0.002,0.001,3350190.1900000004,44222.15
1771085539,2026-02-15T00:12:19.705214,0.0025,0.003,0.002,0.001,3350190.1900000004,44252.229999999996
1771085719,2026-02-15T00:15:19.840018,0.0025,0.003,0.002,0.001,3350175.62,44182.04
1771085899,2026-02-15T00:18:19.685405,0.0025,0.003,0.002,0.001,3350160.08,44252.21
1771086079,2026-02-15T00:21:19.698692,0.0025,0.003,0.002,0.001,3350160.08,44182.04
1771086259,2026-02-15T00:24:19.703766,0.0025,0.003,0.002,0.001,3350150.41,44192.06
1771086439,2026-02-15T00:27:19.878762,0.0025,0.003,0.002,0.001,3350121.39,44182.04
1771086619,2026-02-15T00:30:19.935258,0.0025,0.003,0.002,0.001,3350101.97,44241.59
1771086804,2026-02-15T00:33:24.141247,0.0025,0.003,0.002,0.001,3350091.22,44191.46
1771086979,2026-02-15T00:36:19.906223,0.0025,0.003,0.002,0.001,3350078.5500000003,44221.52
1771087159,2026-02-15T00:39:19.920272,0.0025,0.003,0.002,0.001,3350060.2600000002,44241.61
1771087340,2026-02-15T00:42:20.118348,0.0025,0.003,0.002,0.001,3350060.2600000002,44191.46
1771087519,2026-02-15T00:45:19.878525,0.0025,0.003,0.002,0.001,3350022.4200000004,44291.71
1771087700,2026-02-15T00:48:20.210845,0.0025,0.003,0.002,0.001,3350009.0100000002,44221.52
1771087879,2026-02-15T00:51:19.861689,0.0025,0.003,0.002,0.001,3349992.29,44241.59
1771088060,2026-02-15T00:54:20.059221,0.0025,0.003,0.002,0.001,3349974.1300000004,276523.48
1771088240,2026-02-15T00:57:20.156811,0.0025,0.003,0.002,0.001,3349974.1300000004,276523.48
1771088420,2026-02-15T01:00:20.094076,0.0025,0.003,0.002,0.001,3349974.1300000004,276533.5
1771088600,2026-02-15T01:03:20.089967,0.0025,0.003,0.002,0.001,3349857.87,276533.5
1771088780,2026-02-15T01:06:20.082361,0.0025,0.003,0.002,0.001,3349827.9400000004,276513.46
1771088960,2026-02-15T01:09:20.110349,0.0025,0.003,0.002,0.001,3349808.7600000002,276533.48
1771089140,2026-02-15T01:12:20.231331,0.0025,0.003,0.002,0.001,3349908.7600000002,276603.67
1771089324,2026-02-15T01:15:24.083749,0.0025,0.003,0.002,0.001,3349908.7600000002,276603.78
1771089500,2026-02-15T01:18:20.106423,0.0025,0.003,0.002,0.001,3349808.7600000002,276603.22000000003
1771089680,2026-02-15T01:21:20.258724,0.0025,0.003,0.002,0.001,3349760.4200000004,296603.22
1771089860,2026-02-15T01:24:20.221730,0.0025,0.003,0.002,0.001,3349860.4200000004,296543.07
1771090040,2026-02-15T01:27:20.249672,0.0025,0.003,0.002,0.001,3349860.4200000004,296543.07
1771090220,2026-02-15T01:30:20.218081,0.0025,0.003,0.002,0.001,3349845.4800000004,296492.92
1771090400,2026-02-15T01:33:20.279192,0.0025,0.003,0.002,0.001,3349745.4800000004,296613.24
1771090580,2026-02-15T01:36:20.235735,0.0025,0.003,0.002,0.001,3349845.4800000004,296663.39
1771090760,2026-02-15T01:39:20.301318,0.0025,0.003,0.002,0.001,3349815.5700000003,296658.3
1771090940,2026-02-15T01:42:20.312426,0.0025,0.003,0.002,0.001,3349799.29,296618.19
1771091120,2026-02-15T01:45:20.429517,0.0025,0.003,0.002,0.001,3349799.29,296388.28
1771091300,2026-02-15T01:48:20.486748,0.0025,0.003,0.002,0.001,3349799.29,296398.3
1771091480,2026-02-15T01:51:20.450716,0.0025,0.003,0.002,0.001,3349799.29,296398.3
1771091660,2026-02-15T01:54:20.440726,0.0025,0.003,0.002,0.001,3349799.29,296368.24
1771091840,2026-02-15T01:57:20.536409,0.0025,0.003,0.002,0.001,3349799.29,296318.09
1771092020,2026-02-15T02:00:20.678247,0.0025,0.003,0.002,0.001,3349799.29,296318.11
1771092200,2026-02-15T02:03:20.496206,0.0025,0.003,0.002,0.001,3349799.29,296237.9
1771092380,2026-02-15T02:06:20.464571,0.0025,0.003,0.002,0.001,3349748.5900000003,296247.92
1771092560,2026-02-15T02:09:20.601847,0.0025,0.003,0.002,0.001,3349748.5900000003,296237.9
1771092740,2026-02-15T02:12:20.652876,0.0025,0.003,0.002,0.001,3349748.5900000003,296298.05
1771092920,2026-02-15T02:15:20.690168,0.0025,0.003,0.002,0.001,3349748.5900000003,296243.48
1771093100,2026-02-15T02:18:20.664735,0.0025,0.003,0.002,0.001,3349748.5900000003,296283.59
1771093280,2026-02-15T02:21:20.677784,0.0025,0.003,0.002,0.001,3349748.5900000003,296313.65
1771093460,2026-02-15T02:24:20.891627,0.0025,0.003,0.002,0.001,3349648.5900000003,296283.59
1771093640,2026-02-15T02:27:20.673194,0.0025,0.003,0.002,0.001,3349648.5900000003,296293.61
1771093820,2026-02-15T02:30:20.898335,0.0025,0.003,0.002,0.001,3350748.5900000003,296283.59
1771094000,2026-02-15T02:33:20.795577,0.0025,0.003,0.002,0.001,3349748.5900000003,296333.74
1771094185,2026-02-15T02:36:25.701239,0.0025,,,0.001,3349648.5900000003,296353.78
1771094360,2026-02-15T02:39:20.886933,0.0025,0.003,0.002,0.001,3349648.5900000003,296353.78
1771094540,2026-02-15T02:42:20.959438,0.0025,0.003,0.002,0.001,3349748.5900000003,296283.59
1771094720,2026-02-15T02:45:20.861971,0.0025,0.003,0.002,0.001,3349648.5900000003,296283.59
1771094901,2026-02-15T02:48:21.043835,0.0025,0.003,0.002,0.001,3349648.5900000003,296353.78
1771095081,2026-02-15T02:51:21.100749,0.0025,0.003,0.002,0.001,3349747.58,296363.8
1771095261,2026-02-15T02:54:21.077344,0.0025,0.003,0.002,0.001,3349747.58,296283.59
1771095441,2026-02-15T02:57:21.099379,0.0025,0.003,0.002,0.001,3350747.58,296283.59
1771095621,2026-02-15T03:00:21.105356,0.0025,0.003,0.002,0.001,3349746.5700000003,296283.59
1771095801,2026-02-15T03:03:21.164992,0.0025,0.003,0.002,0.001,3349746.5700000003,296293.61
1771095981,2026-02-15T03:06:21.226073,0.0025,0.003,0.002,0.001,3349744.5500000003,296283.04
1771096161,2026-02-15T03:09:21.224737,0.0025,0.003,0.002,0.001,3349744.5500000003,296252.95
1771096341,2026-02-15T03:12:21.293979,0.0025,0.003,0.002,0.001,3349744.5500000003,296242.93
1771096521,2026-02-15T03:15:21.093317,0.0025,0.003,0.002,0.001,3349629.45,296242.93
1771096701,2026-02-15T03:18:21.102245,0.0025,0.003,0.002,0.001,3349544.18,296242.93
1771096881,2026-02-15T03:21:21.260870,0.0025,0.003,0.002,0.001,3349544.18,296192.78
1771097061,2026-02-15T03:24:21.225719,0.0025,0.003,0.002,0.001,3349458.77,296252.93
1771097241,2026-02-15T03:27:21.251985,0.0025,0.003,0.002,0.001,3349457.7600000002,296242.91
1771097421,2026-02-15T03:30:21.233995,0.0025,0.003,0.002,0.001,3349376.66,296237.88
1771097601,2026-02-15T03:33:21.419725,0.0025,0.003,0.002,0.001,3349288.1700000004,296237.88
1771097781,2026-02-15T03:36:21.305337,0.0025,0.003,0.002,0.001,3349288.1700000004,296187.75
1771097961,2026-02-15T03:39:21.241534,0.0025,0.003,0.002,0.001,3349194.0500000003,296187.75
1771098141,2026-02-15T03:42:21.612832,0.0025,0.003,0.002,0.001,3349194.0500000003,296187.75
1771098321,2026-02-15T03:45:21.625033,0.0025,0.003,0.002,0.001,3349194.0500000003,296267.96
1771098501,2026-02-15T03:48:21.699270,0.0025,0.003,0.002,0.001,3349004.0500000003,296187.75
1771098681,2026-02-15T03:51:21.694006,0.0025,0.003,0.002,0.001,3348822.0500000003,296187.75
1771098861,2026-02-15T03:54:21.489774,0.0025,0.003,0.002,0.001,3348830.8000000003,296187.75
1771099041,2026-02-15T03:57:21.728083,0.0025,0.003,0.002,0.001,3348829.79,296217.81
1771099221,2026-02-15T04:00:21.645071,0.0025,0.003,0.002,0.001,3348589.0900000003,296207.79
1771099401,2026-02-15T04:03:21.673553,0.0025,0.003,0.002,0.001,3348589.0900000003,296197.77
1771099581,2026-02-15T04:06:21.732538,0.0025,0.003,0.002,0.001,3348589.0900000003,296197.77
1771099761,2026-02-15T04:09:21.778572,0.0025,0.003,0.002,0.001,3348255.95,296187.75
1771099941,2026-02-15T04:12:21.651987,0.0025,0.003,0.002,0.001,3343777.4400000004,296187.75
1771100122,2026-02-15T04:15:22.655181,0.0025,0.003,0.002,0.001,3343602.1100000003,296257.94
1771100301,2026-02-15T04:18:21.691699,0.0025,0.003,0.002,0.001,3343509.89,296257.94
1771100481,2026-02-15T04:21:21.668896,0.0025,0.003,0.002,0.001,3313659.5700000003,296257.94
1771100661,2026-02-15T04:24:21.906055,0.0025,0.003,0.002,0.001,3313559.5700000003,296187.75
1771100841,2026-02-15T04:27:21.883006,0.0025,0.003,0.002,0.001,3313559.5700000003,296197.77
1771101021,2026-02-15T04:30:21.929142,0.0025,0.003,0.002,0.001,3313551.0900000003,296187.75
1771101201,2026-02-15T04:33:21.921124,0.0025,0.003,0.002,0.001,3313568.64,296194.2
1771101382,2026-02-15T04:36:22.231819,0.0025,0.003,0.002,0.001,3313568.64,296187.75
1771101562,2026-02-15T04:39:22.220686,0.0025,0.003,0.002,0.001,3312065.6300000004,296187.75
1771101742,2026-02-15T04:42:22.100061,0.0025,0.003,0.002,0.001,3310562.6300000004,293292.04
1771101922,2026-02-15T04:45:22.096228,0.0025,0.003,0.002,0.001,3310396.9200000004,293251.91000000003
1771102102,2026-02-15T04:48:22.076150,0.0025,0.003,0.002,0.001,3310396.9200000004,293241.89
1771102282,2026-02-15T04:51:22.096890,0.0025,0.003,0.002,0.001,3310396.9200000004,293267.06
1771102462,2026-02-15T04:54:22.119460,0.0025,0.003,0.002,0.001,3310148.8400000003,293196.87
1771102642,2026-02-15T04:57:22.110302,0.0025,0.003,0.002,0.001,3309954.6,293297.15
1771102826,2026-02-15T05:00:26.432782,0.0025,0.003,0.002,0.001,3309954.6,293302.06
1771103002,2026-02-15T05:03:22.228591,0.0025,0.003,0.002,0.001,3309954.6,293251.93
1771103182,2026-02-15T05:06:22.239245,0.0025,0.003,0.002,0.001,3309912.31,294802.08
1771103362,2026-02-15T05:09:22.318048,0.0025,0.003,0.002,0.001,3309912.31,294802.08
1771103542,2026-02-15T05:12:22.290206,0.0025,0.003,0.002,0.001,3309912.31,294842.19
1771103722,2026-02-15T05:15:22.317737,0.0025,0.003,0.002,0.001,3309912.31,294832.17
1771103902,2026-02-15T05:18:22.288027,0.0025,0.003,0.002,0.001,3309912.31,294741.91000000003
1771104082,2026-02-15T05:21:22.526449,0.0025,0.003,0.002,0.001,3309912.31,294741.91000000003
1771104262,2026-02-15T05:24:22.280463,0.0025,0.003,0.002,0.001,3310012.31,294738.89
1771104442,2026-02-15T05:27:22.642093,0.0025,0.003,0.002,0.001,3310012.31,294748.91000000003
1771104622,2026-02-15T05:30:22.400346,0.0025,0.003,0.002,0.001,3310012.31,294748.91000000003
1771104802,2026-02-15T05:33:22.640862,0.0025,0.003,0.002,0.001,3310012.31,294738.89
1771104982,2026-02-15T05:36:22.431819,0.0025,0.003,0.002,0.001,3310012.31,294788.99
1771105162,2026-02-15T05:39:22.345176,0.0025,0.003,0.002,0.001,3309749.55,294768.95
1771105342,2026-02-15T05:42:22.503456,0.0025,0.003,0.002,0.001,3309586.37,294748.91000000003
1771105522,2026-02-15T05:45:22.688118,0.0025,0.003,0.002,0.001,3309508.8,294748.91000000003
1771105702,2026-02-15T05:48:22.433325,0.0025,0.003,0.002,0.001,3309508.8,294688.74
1771105882,2026-02-15T05:51:22.480777,0.0025,0.003,0.002,0.001,3309508.8,294698.76
1771106062,2026-02-15T05:54:22.552125,0.0025,0.003,0.002,0.001,3309408.8,294748.91000000003
1771106242,2026-02-15T05:57:22.547955,0.0025,0.003,0.002,0.001,3309065.45,293974.89
1771106422,2026-02-15T06:00:22.729833,0.0025,0.003,0.002,0.001,3308835.89,293924.74
1771106602,2026-02-15T06:03:22.732420,0.0025,0.003,0.002,0.001,3308700.07,293934.76
1771106782,2026-02-15T06:06:22.541896,0.0025,0.003,0.002,0.001,3308672.1,293974.89
1771106962,2026-02-15T06:09:22.745896,0.0025,0.003,0.002,0.001,3308621.16,294045.08
1771107142,2026-02-15T06:12:22.614088,0.0025,0.003,0.002,0.001,3308721.16,294025.04
1771107322,2026-02-15T06:15:22.885763,0.0025,0.003,0.002,0.001,3308711.14,294025.04
1771107502,2026-02-15T06:18:22.651313,0.0025,0.003,0.002,0.001,3308678.08,294025.04
1771107682,2026-02-15T06:21:22.785469,0.0025,0.003,0.002,0.001,3308665.2600000002,294025.04
1771107862,2026-02-15T06:24:22.870112,0.0025,0.003,0.002,0.001,3308665.2600000002,294075.19
1771108042,2026-02-15T06:27:22.875344,0.0025,0.003,0.002,0.001,3308665.2600000002,294015.02
1771108222,2026-02-15T06:30:22.889772,0.0025,0.003,0.002,0.001,3308665.2600000002,294015.02
1771108402,2026-02-15T06:33:22.845503,0.0025,0.003,0.002,0.001,3308665.2600000002,294015.02
1771108582,2026-02-15T06:36:22.838997,0.0025,0.003,0.002,0.001,3308642.92,294025.04
1771108762,2026-02-15T06:39:22.987135,0.0025,0.003,0.002,0.001,3308631.33,294075.19
1771108943,2026-02-15T06:42:23.215961,0.0025,0.003,0.002,0.001,3308631.33,294065.17
1771109123,2026-02-15T06:45:23.088852,0.0025,0.003,0.002,0.001,3308605.18,294085.21
1771109303,2026-02-15T06:48:23.091275,0.0025,0.003,0.002,0.001,3308605.18,294075.19
1771109483,2026-02-15T06:51:23.087263,0.0025,0.003,0.002,0.001,3308505.18,294115.32
1771109663,2026-02-15T06:54:23.096502,0.0025,0.003,0.002,0.001,3308505.18,294125.34
1771109843,2026-02-15T06:57:23.077589,0.0025,0.003,0.002,0.001,3308592.18,289109.19
1771110023,2026-02-15T07:00:23.103776,0.0025,0.003,0.002,0.001,3308679.37,289111.16000000003
1771110203,2026-02-15T07:03:23.097665,0.0025,0.003,0.002,0.001,3305473.15,289150.76
1771110383,2026-02-15T07:06:23.162502,0.0025,0.003,0.002,0.001,3315560.58,289160.78
1771110563,2026-02-15T07:09:23.170523,0.0025,0.003,0.002,0.001,3315549.88,289170.8
1771110743,2026-02-15T07:12:23.231963,0.0025,0.003,0.002,0.001,3315534.13,289190.84
1771110923,2026-02-15T07:15:23.223239,0.0025,0.003,0.002,0.001,3315521.59,269849.01999999996
1771111103,2026-02-15T07:18:23.264935,0.0025,0.003,0.002,0.001,3315521.59,299849.01999999996
1771111283,2026-02-15T07:21:23.213615,0.0025,0.003,0.002,0.001,3315482.9,299837.07
1771111463,2026-02-15T07:24:23.196000,0.0025,0.003,0.002,0.001,3315482.9,299847.08999999997
1771111643,2026-02-15T07:27:23.259197,0.0025,0.003,0.002,0.001,3315482.9,299396.14
1771111823,2026-02-15T07:30:23.449239,0.0025,0.003,0.002,0.001,3315482.9,299396.14
1771112003,2026-02-15T07:33:23.242203,0.0025,0.003,0.002,0.001,3315482.9,299396.14
1771112183,2026-02-15T07:36:23.442622,0.0025,0.003,0.002,0.001,3315368.14,299456.31
1771112363,2026-02-15T07:39:23.480445,0.0025,0.003,0.002,0.001,3315368.14,297873.1
1771112543,2026-02-15T07:42:23.490568,0.0025,0.003,0.002,0.001,3315393.14,297843.04
1771112723,2026-02-15T07:45:23.367520,0.0025,0.003,0.002,0.001,3315468.14,297953.36
1771112903,2026-02-15T07:48:23.468025,0.0025,0.003,0.002,0.001,3315468.14,297963.38
1771113083,2026-02-15T07:51:23.384796,0.0025,0.003,0.002,0.001,3315468.14,297963.38
1771113263,2026-02-15T07:54:23.801256,0.0025,0.003,0.002,0.001,3314407.1,297953.36
1771113443,2026-02-15T07:57:23.669473,0.0025,0.003,0.002,0.001,3315407.1,297943.33999999997
1771113623,2026-02-15T08:00:23.662729,0.0025,0.003,0.002,0.001,3314407.1,298244.26
1771113803,2026-02-15T08:03:23.653165,0.0025,0.003,0.002,0.001,3315390.42,298394.19
1771113983,2026-02-15T08:06:23.818466,0.0025,0.003,0.002,0.001,3315390.42,298343.36
1771114163,2026-02-15T08:09:23.704687,0.0025,0.003,0.002,0.001,3315390.42,298393.51
1771114343,2026-02-15T08:12:23.612735,0.0025,0.003,0.002,0.001,3315362.39,298443.64999999997
1771114523,2026-02-15T08:15:23.779049,0.0025,0.003,0.002,0.001,3316915.5,298443.64999999997
1771114703,2026-02-15T08:18:23.870446,0.0025,0.003,0.002,0.001,3316900.84,298493.8
1771114883,2026-02-15T08:21:23.856055,0.0025,0.003,0.002,0.001,3316866.77,298443.02999999997
1771115063,2026-02-15T08:24:23.845801,0.0025,0.003,0.002,0.001,3316825.0,298443.02999999997
1771115243,2026-02-15T08:27:23.857036,0.0025,0.003,0.002,0.001,3318825.0,298392.88
1771115423,2026-02-15T08:30:23.878729,0.0025,0.003,0.002,0.001,3318812.16,298392.88
1771115603,2026-02-15T08:33:23.775641,0.0025,0.003,0.002,0.001,3320859.15,298392.88
1771115784,2026-02-15T08:36:24.229865,0.0025,0.003,0.002,0.001,3321409.3,294144.32999999996
1771115963,2026-02-15T08:39:23.836241,0.0025,0.003,0.002,0.001,3321398.89,294145.01999999996
1771116144,2026-02-15T08:42:24.086110,0.0025,0.003,0.002,0.001,3321398.89,294145.01999999996
1771116324,2026-02-15T08:45:24.080591,0.0025,0.003,0.002,0.001,3321389.16,294145.01999999996
1771116503,2026-02-15T08:48:23.916827,0.0025,0.003,0.002,0.001,3321355.8,294145.01999999996
1771116684,2026-02-15T08:51:24.092661,0.0025,0.003,0.002,0.001,3321355.8,294145.01999999996
1771116864,2026-02-15T08:54:24.092303,0.0025,0.003,0.002,0.001,3321338.7600000002,294144.97
1771117044,2026-02-15T08:57:24.119522,0.0025,0.003,0.002,0.001,3321338.7600000002,294144.97
1771117224,2026-02-15T09:00:24.055243,0.0025,0.003,0.002,0.001,3321338.7600000002,294195.12
1771117404,2026-02-15T09:03:24.095035,0.0025,0.003,0.002,0.001,3321230.74,304194.76
1771117584,2026-02-15T09:06:24.267141,0.0025,0.003,0.002,0.001,3321230.74,304194.76
1771117764,2026-02-15T09:09:24.220652,0.0025,0.003,0.002,0.001,3321300.32,304244.91
1771117943,2026-02-15T09:12:23.981766,0.0025,0.003,0.002,0.001,3321284.28,304244.91
1771118124,2026-02-15T09:15:24.122594,0.0025,0.003,0.002,0.001,3321284.28,304244.91
1771118304,2026-02-15T09:18:24.217309,0.0025,0.003,0.002,0.001,3321268.56,304194.76
1771118484,2026-02-15T09:21:24.045650,0.0025,0.003,0.002,0.001,3322157.7600000002,304194.76
1771118664,2026-02-15T09:24:24.233070,0.0025,0.003,0.002,0.001,3322157.7600000002,304194.76
1771118844,2026-02-15T09:27:24.670446,0.0025,0.003,0.002,0.001,3321069.59,304194.76
1771119028,2026-02-15T09:30:28.813627,0.0025,,,0.001,3320053.86,304194.76
1771119204,2026-02-15T09:33:24.430966,0.0025,0.003,0.002,0.001,3319953.86,294195.12
1771119384,2026-02-15T09:36:24.431518,0.0025,0.003,0.002,0.001,3320053.86,294195.12
1771119564,2026-02-15T09:39:24.466391,0.0025,0.003,0.002,0.001,3320153.86,294195.12
1771119744,2026-02-15T09:42:24.485760,0.0025,0.003,0.002,0.001,3320153.86,294195.12
1771119928,2026-02-15T09:45:28.483393,0.0025,0.003,0.002,0.001,3320134.29,294195.12
1771120104,2026-02-15T09:48:24.505488,0.0025,0.003,0.002,0.001,3320059.29,294121.41
1771120284,2026-02-15T09:51:24.682250,0.0025,0.003,0.002,0.001,3320059.29,294120.45999999996
1771120464,2026-02-15T09:54:24.552827,0.0025,0.003,0.002,0.001,3320046.87,294120.45999999996
1771120644,2026-02-15T09:57:24.669867,0.0025,0.003,0.002,0.001,3320046.87,294120.14
1771120824,2026-02-15T10:00:24.701595,0.0025,0.003,0.002,0.001,3320046.87,294120.14
1771121004,2026-02-15T10:03:24.619182,0.0025,0.003,0.002,0.001,3320046.87,294120.14
1771121184,2026-02-15T10:06:24.648281,0.0025,0.003,0.002,0.001,3320046.87,294069.99
1771121364,2026-02-15T10:09:24.648478,0.0025,0.003,0.002,0.001,3320029.06,293442.0
1771121544,2026-02-15T10:12:24.648381,0.0025,0.003,0.002,0.001,3320029.06,293442.0
1771121724,2026-02-15T10:15:24.554354,0.0025,0.003,0.002,0.001,3320029.06,293442.0
1771121904,2026-02-15T10:18:24.841737,0.0025,0.003,0.002,0.001,3320029.06,293442.0
1771122084,2026-02-15T10:21:24.911606,0.0025,0.003,0.002,0.001,3320019.33,293442.0
1771122264,2026-02-15T10:24:24.671532,0.0025,0.003,0.002,0.001,3320019.33,293442.0
1771122444,2026-02-15T10:27:24.914863,0.0025,0.003,0.002,0.001,3320019.33,293491.58999999997
1771122624,2026-02-15T10:30:24.851644,0.0025,0.003,0.002,0.001,3319494.72,293541.17
1771122804,2026-02-15T10:33:24.797461,0.0025,0.003,0.002,0.001,3319394.72,293440.87
1771122984,2026-02-15T10:36:24.874733,0.0025,0.003,0.002,0.001,3319419.72,298145.87
1771123164,2026-02-15T10:39:24.962859,0.0025,0.003,0.002,0.001,3319403.68,300295.87
1771123344,2026-02-15T10:42:24.853414,0.0025,0.003,0.002,0.001,3319340.38,300346.02
1771123525,2026-02-15T10:45:25.052204,0.0025,0.003,0.002,0.001,3319240.38,302769.87
1771123705,2026-02-15T10:48:25.076218,0.0025,0.003,0.002,0.001,3319240.38,304825.87
1771123885,2026-02-15T10:51:25.040475,0.0025,0.003,0.002,0.001,3319340.38,309043.72
1771124064,2026-02-15T10:54:24.908770,0.0025,0.003,0.002,0.001,3320840.38,308993.57
1771124245,2026-02-15T10:57:25.105199,0.0025,0.003,0.002,0.001,3320840.38,309524.57
1771124425,2026-02-15T11:00:25.287947,0.0025,0.003,0.002,0.001,3320829.69,312159.32999999996
1771124605,2026-02-15T11:03:25.432338,0.0025,0.003,0.002,0.001,3320829.69,315619.32999999996
1771124785,2026-02-15T11:06:25.232664,0.0025,0.003,0.002,0.001,3318407.59,316319.48
1771124965,2026-02-15T11:09:25.253503,0.0025,0.003,0.002,0.001,3318375.61,316342.89
1771125145,2026-02-15T11:12:25.101829,0.0025,0.003,0.002,0.001,3318375.61,317977.77999999997
1771125325,2026-02-15T11:15:25.244104,0.0025,0.003,0.002,0.001,3319358.57,320185.63
1771125505,2026-02-15T11:18:25.214626,0.0025,0.003,0.002,0.001,3318358.57,322518.77999999997
1771125685,2026-02-15T11:21:25.229815,0.0025,0.003,0.002,0.001,3318358.57,322966.77999999997
1771125865,2026-02-15T11:24:25.280457,0.0025,0.003,0.002,0.001,3317909.16,324943.29
1771126045,2026-02-15T11:27:25.216978,0.0025,0.003,0.002,0.001,3317991.12,326922.13999999996
1771126225,2026-02-15T11:30:25.647551,0.0025,0.003,0.002,0.001,3317991.12,328721.99
1771126405,2026-02-15T11:33:25.432328,0.0025,0.003,0.002,0.001,3317990.0100000002,328721.99
1771126765,2026-02-15T11:39:25.501051,0.0025,0.003,0.002,0.001,3317990.0100000002,328721.99
1771126945,2026-02-15T11:42:25.665584,0.0025,0.003,0.002,0.001,3317990.0100000002,328721.99
1771127129,2026-02-15T11:45:29.638052,0.0025,0.003,0.002,0.001,3313769.0100000002,328721.99
1771127305,2026-02-15T11:48:25.421183,0.0025,0.003,0.002,0.001,3313769.0100000002,328721.99
1771127485,2026-02-15T11:51:25.455671,0.0025,0.003,0.002,0.001,3313769.0100000002,328721.99
1771127665,2026-02-15T11:54:25.626095,0.0025,0.003,0.002,0.001,3313769.0100000002,328721.99
1771127845,2026-02-15T11:57:25.479940,0.0025,0.003,0.002,0.001,3313669.0100000002,328721.99
1771128025,2026-02-15T12:00:25.745150,0.0025,0.003,0.002,0.001,3313668.0,328772.13999999996
1771128209,2026-02-15T12:03:29.869833,0.0025,0.003,0.002,0.001,3313668.0,322772.14999999997
1771128385,2026-02-15T12:06:25.591602,0.0025,0.003,0.002,0.001,3313668.0,328822.29
1771128565,2026-02-15T12:09:25.718757,0.0025,0.003,0.002,0.001,3313768.0,328772.13999999996
1771128745,2026-02-15T12:12:25.667107,0.0025,0.003,0.002,0.001,3313768.0,328721.99
1771128925,2026-02-15T12:15:25.632869,0.0025,0.003,0.002,0.001,3313768.0,328721.99
1771129105,2026-02-15T12:18:25.686224,0.0025,0.003,0.002,0.001,3313668.0,328721.99
1771129285,2026-02-15T12:21:25.986851,0.0025,0.003,0.002,0.001,3313668.0,328721.99
1771129465,2026-02-15T12:24:25.703978,0.0025,0.003,0.002,0.001,3313768.0,328872.44
1771129645,2026-02-15T12:27:25.881736,0.0025,0.003,0.002,0.001,3313768.0,328872.44
1771129826,2026-02-15T12:30:26.235337,0.0025,0.003,0.002,0.001,3313766.99,328872.44
1771130005,2026-02-15T12:33:25.961275,0.0025,0.003,0.002,0.001,3313766.99,328872.44
1771130185,2026-02-15T12:36:25.802708,0.0025,0.003,0.002,0.001,3313666.99,328872.44
1771130366,2026-02-15T12:39:26.000649,0.0025,0.003,0.002,0.001,3313666.99,328922.58999999997
1771130546,2026-02-15T12:42:26.217106,0.0025,0.003,0.002,0.001,3313766.99,328922.58999999997
1771130726,2026-02-15T12:45:26.073071,0.0025,0.003,0.002,0.001,3313666.99,328922.58999999997
1771130906,2026-02-15T12:48:26.036211,0.0025,0.003,0.002,0.001,3313616.84,328878.32
1771131086,2026-02-15T12:51:26.089625,0.0025,0.003,0.002,0.001,3313616.84,328878.32
1771131266,2026-02-15T12:54:26.263787,0.0025,0.003,0.002,0.001,3313616.84,328878.32
1771131446,2026-02-15T12:57:26.071494,0.0025,0.003,0.002,0.001,3313716.84,328928.47
1771131626,2026-02-15T13:00:26.227139,0.0025,0.003,0.002,0.001,3313716.84,328928.47
1771131806,2026-02-15T13:03:26.071629,0.0025,0.003,0.002,0.001,3313716.84,328928.47
1771131986,2026-02-15T13:06:26.256171,0.0025,0.003,0.002,0.001,3313666.69,328828.17
1771132166,2026-02-15T13:09:26.433580,0.0025,0.003,0.002,0.001,3313566.39,328727.87
1771132346,2026-02-15T13:12:26.237466,0.0025,0.003,0.002,0.001,3313566.39,328727.87
1771132526,2026-02-15T13:15:26.215657,0.0025,0.003,0.002,0.001,3313566.39,328778.01999999996
1771132706,2026-02-15T13:18:26.318762,0.0025,0.003,0.002,0.001,3313566.39,328727.87
1771132886,2026-02-15T13:21:26.426531,0.0025,0.003,0.002,0.001,3313466.39,328727.87
1771133066,2026-02-15T13:24:26.401999,0.0025,0.003,0.002,0.001,3313366.09,328677.72
1771133246,2026-02-15T13:27:26.434957,0.0025,0.003,0.002,0.001,3313466.09,328727.87
1771133426,2026-02-15T13:30:26.466293,0.0025,0.003,0.002,0.001,3313366.09,328677.72
1771133606,2026-02-15T13:33:26.359241,0.0025,0.003,0.002,0.001,3313366.09,328677.72
1771133786,2026-02-15T13:36:26.443734,0.0025,0.003,0.002,0.001,3297279.09,317826.64999999997
1771133966,2026-02-15T13:39:26.649393,0.0025,0.003,0.002,0.001,3297279.09,317776.5
1771134146,2026-02-15T13:42:26.676508,0.0025,0.003,0.002,0.001,3297279.09,318118.5
1771134326,2026-02-15T13:45:26.567452,0.0025,0.003,0.002,0.001,3297197.6,318118.5
1771134506,2026-02-15T13:48:26.612127,0.0025,0.003,0.002,0.001,3297120.63,318118.5
1771134686,2026-02-15T13:51:26.746535,0.0025,0.003,0.002,0.001,3297037.29,312903.35
1771134866,2026-02-15T13:54:26.685571,0.0025,0.003,0.002,0.001,3296942.72,312903.35
1771135046,2026-02-15T13:57:26.697105,0.0025,0.003,0.002,0.001,3282821.05,312903.33999999997
1771135226,2026-02-15T14:00:26.681704,0.0025,0.003,0.002,0.001,3282821.05,299133.06
1771135406,2026-02-15T14:03:26.641609,0.0025,0.003,0.002,0.001,3283021.65,299218.97000000003
1771135586,2026-02-15T14:06:26.662502,0.0025,0.003,0.002,0.001,3282879.0100000002,299218.97000000003
1771135766,2026-02-15T14:09:26.625960,0.0025,0.003,0.002,0.001,3282879.0100000002,299218.97000000003
1771135947,2026-02-15T14:12:27.065931,0.0025,0.003,0.002,0.001,3282879.0100000002,299182.93
1771136126,2026-02-15T14:15:26.876677,0.0025,0.003,0.002,0.001,3282979.0100000002,299132.78
1771136306,2026-02-15T14:18:26.798188,0.0025,0.003,0.002,0.001,3282979.0100000002,299182.93
1771136486,2026-02-15T14:21:26.848966,0.0025,0.003,0.002,0.001,3282955.94,299182.93
1771136666,2026-02-15T14:24:26.818100,0.0025,0.003,0.002,0.001,3282955.94,299182.93
1771136846,2026-02-15T14:27:26.861135,0.0025,0.003,0.002,0.001,3282955.94,299182.63
1771137026,2026-02-15T14:30:26.959248,0.0025,0.003,0.002,0.001,3282955.94,299182.63
1771137207,2026-02-15T14:33:27.080655,0.0025,0.003,0.002,0.001,3282769.68,299182.62
1771137386,2026-02-15T14:36:26.858257,0.0025,0.003,0.002,0.001,3282769.68,299182.62
1771137567,2026-02-15T14:39:27.055890,0.0025,0.003,0.002,0.001,3282769.68,299182.62
1771137747,2026-02-15T14:42:27.034747,0.0025,0.003,0.002,0.001,3282769.68,299182.4
1771137926,2026-02-15T14:45:26.935346,0.0025,0.003,0.002,0.001,3282686.2,299182.4
1771138107,2026-02-15T14:48:27.047141,0.0025,0.003,0.002,0.001,3282668.57,298331.42
1771138287,2026-02-15T14:51:27.221103,0.0025,0.003,0.002,0.001,3282668.57,298281.27
1771138467,2026-02-15T14:54:27.224817,0.0025,0.003,0.002,0.001,3282558.63,298331.42
1771138647,2026-02-15T14:57:27.160429,0.0025,0.003,0.002,0.001,3282526.97,298283.64
1771138827,2026-02-15T15:00:27.260219,0.0025,0.003,0.002,0.001,3282617.36,298383.94
1771139007,2026-02-15T15:03:27.183680,0.0025,0.003,0.002,0.001,3282617.36,298383.94
1771139187,2026-02-15T15:06:27.216865,0.0025,0.003,0.002,0.001,3282605.62,294026.25
1771139367,2026-02-15T15:09:27.225983,0.0025,0.003,0.002,0.001,3282489.0,293976.11
1771139546,2026-02-15T15:12:26.668448,0.0025,0.003,0.002,0.001,3282589.0,293976.11
1771139726,2026-02-15T15:15:26.418564,0.0025,0.003,0.002,0.001,3282455.62,293976.1
1771139906,2026-02-15T15:18:26.649049,0.0025,0.003,0.002,0.001,3282523.41,293976.1
1771140086,2026-02-15T15:21:26.469526,0.0025,0.003,0.002,0.001,3282400.41,293976.1
1771140266,2026-02-15T15:24:26.444546,0.0025,0.003,0.002,0.001,3282382.24,293976.1
1771140446,2026-02-15T15:27:26.445317,0.0025,0.003,0.002,0.001,3282382.24,293976.1
1771140626,2026-02-15T15:30:26.451077,0.0025,0.003,0.002,0.001,3279549.57,293925.95
1771140810,2026-02-15T15:33:30.562967,0.0025,0.003,0.002,0.001,3279549.57,293925.95
1771140986,2026-02-15T15:36:26.628308,0.0025,0.003,0.002,0.001,3279549.57,293976.1
1771141166,2026-02-15T15:39:26.663996,0.0025,0.003,0.002,0.001,3279531.0100000002,293976.1
1771141346,2026-02-15T15:42:26.696385,0.0025,0.003,0.002,0.001,3279503.65,293976.1
1771141526,2026-02-15T15:45:26.660870,0.0025,0.003,0.002,0.001,3279488.05,294016.20999999996
1771141706,2026-02-15T15:48:26.696749,0.0025,0.003,0.002,0.001,3263251.45,294016.20999999996
1771141886,2026-02-15T15:51:26.449378,0.0025,0.003,0.002,0.001,3263251.45,278458.20999999996
1771142066,2026-02-15T15:54:26.644204,0.0025,0.003,0.002,0.001,3263251.45,278458.20999999996
1771142246,2026-02-15T15:57:26.847386,0.0025,0.003,0.002,0.001,3263251.45,278358.20999999996
1771142426,2026-02-15T16:00:26.808408,0.0025,0.003,0.002,0.001,3263251.45,278318.1
1771142606,2026-02-15T16:03:26.934995,0.0025,0.003,0.002,0.001,3263251.45,278317.85
1771142787,2026-02-15T16:06:27.048743,0.0025,0.003,0.002,0.001,3263251.45,278317.85
1771142967,2026-02-15T16:09:27.040155,0.0025,0.003,0.002,0.001,3263145.43,278281.85
1771143147,2026-02-15T16:12:27.055455,0.0025,0.003,0.002,0.001,3263140.42,278321.95999999996
1771143327,2026-02-15T16:15:27.027018,0.0025,0.003,0.002,0.001,3249364.66,278595.76
1771143507,2026-02-15T16:18:27.000747,0.0025,0.003,0.002,0.001,3249364.66,266881.79
1771143687,2026-02-15T16:21:27.105675,0.0025,0.003,0.002,0.001,3249364.66,266881.79
1771143867,2026-02-15T16:24:27.044859,0.0025,0.003,0.002,0.001,3249364.66,266881.79
1771144046,2026-02-15T16:27:26.961965,0.0025,0.003,0.002,0.001,3249364.66,266881.51
1771144227,2026-02-15T16:30:27.074119,0.0025,0.003,0.002,0.001,3249364.66,267080.38
1771144407,2026-02-15T16:33:27.087823,0.0025,0.003,0.002,0.001,3249364.66,266920.38
1771144587,2026-02-15T16:36:27.178401,0.0025,0.003,0.002,0.001,3249364.66,266920.38
1771144767,2026-02-15T16:39:27.259281,0.0025,0.003,0.002,0.001,3249364.66,266920.38
1771144947,2026-02-15T16:42:27.258600,0.0025,0.003,0.002,0.001,3249364.66,266762.19
1771145127,2026-02-15T16:45:27.226963,0.0025,0.003,0.002,0.001,3249364.66,265156.47
1771145307,2026-02-15T16:48:27.273710,0.0025,0.003,0.002,0.001,3249364.66,264733.05
1771145487,2026-02-15T16:51:27.246807,0.0025,0.003,0.002,0.001,3249364.66,264682.89999999997
1771145667,2026-02-15T16:54:27.423950,0.0025,0.003,0.002,0.001,3249269.41,264733.42
1771145847,2026-02-15T16:57:27.236375,0.0025,0.003,0.002,0.001,3249269.41,264783.0
1771146027,2026-02-15T17:00:27.279226,0.0025,0.003,0.002,0.001,3249269.41,264732.19
1771146207,2026-02-15T17:03:27.405258,0.0025,0.003,0.002,0.001,3261511.41,264682.04
1771146387,2026-02-15T17:06:27.525841,0.0025,0.003,0.002,0.001,3262511.41,264682.04
1771146567,2026-02-15T17:09:27.436325,0.0025,0.003,0.002,0.001,3261511.41,264631.89
1771146747,2026-02-15T17:12:27.430986,0.0025,0.003,0.002,0.001,3261511.41,264722.14999999997
1771146927,2026-02-15T17:15:27.474738,0.0025,0.003,0.002,0.001,3261511.41,264631.89
1771147107,2026-02-15T17:18:27.611951,0.0025,0.003,0.002,0.001,3261511.41,264631.89
1771147287,2026-02-15T17:21:27.449137,0.0025,0.003,0.002,0.001,3261391.41,264631.89
1771147467,2026-02-15T17:24:27.671214,0.0025,0.003,0.002,0.001,3261371.92,264631.89
1771147647,2026-02-15T17:27:27.674542,0.0025,0.003,0.002,0.001,3261356.57,264631.89
1771147827,2026-02-15T17:30:27.642371,0.0025,0.003,0.002,0.001,3261353.56,264633.47
1771148007,2026-02-15T17:33:27.658676,0.0025,0.003,0.002,0.001,3261625.13,264633.47
1771148187,2026-02-15T17:36:27.791967,0.0025,0.003,0.002,0.001,3261791.37,265788.97
1771148367,2026-02-15T17:39:27.815438,0.0025,0.003,0.002,0.001,3262444.21,266495.07999999996
1771148547,2026-02-15T17:42:27.640658,0.0025,0.003,0.002,0.001,3262263.05,266697.64
1771148727,2026-02-15T17:45:27.875658,0.0025,0.003,0.002,0.001,3262536.53,266872.35
1771148907,2026-02-15T17:48:27.635232,0.0025,0.003,0.002,0.001,3262749.58,266977.19
1771149088,2026-02-15T17:51:28.184817,0.0025,0.003,0.002,0.001,3263173.09,267682.82999999996
1771149267,2026-02-15T17:54:27.855689,0.0025,0.003,0.002,0.001,3263857.88,268710.08999999997
1771149447,2026-02-15T17:57:27.998410,0.0025,0.003,0.002,0.001,3264984.09,269028.93
1771149627,2026-02-15T18:00:27.884682,0.0025,0.003,0.002,0.001,3266178.77,269347.67
1771149808,2026-02-15T18:03:28.089198,0.0025,0.003,0.002,0.001,3267564.16,269669.0
1771149987,2026-02-15T18:06:27.887135,0.0025,0.003,0.002,0.001,3267982.52,269985.52999999997
1771150167,2026-02-15T18:09:27.965734,0.0025,0.003,0.002,0.001,3267982.52,270197.82999999996
1771150348,2026-02-15T18:12:28.018679,0.0025,0.003,0.002,0.001,3267982.52,270304.32
1771150528,2026-02-15T18:15:28.044531,0.0025,0.003,0.002,0.001,3267966.48,270421.52
1771150708,2026-02-15T18:18:28.055453,0.0025,0.003,0.002,0.001,3267966.48,267639.01
1771150888,2026-02-15T18:21:28.083319,0.0025,0.003,0.002,0.001,3267941.42,267589.47
1771151068,2026-02-15T18:24:28.046859,0.0025,0.003,0.002,0.001,3267752.98,267705.19
1771151248,2026-02-15T18:27:28.157877,0.0025,0.003,0.002,0.001,3267852.98,267705.19
1771151428,2026-02-15T18:30:28.076684,0.0025,0.003,0.002,0.001,3267816.9,267705.35
1771151608,2026-02-15T18:33:28.292503,0.0025,0.003,0.002,0.001,3267816.9,267855.65
1771151798,2026-02-15T18:36:38.232845,0.0025,0.003,0.002,0.001,3267816.9,267855.65
1771151968,2026-02-15T18:39:28.275947,0.0025,0.003,0.002,0.001,3267816.9,267855.65
1771152148,2026-02-15T18:42:28.235493,0.0025,0.003,0.002,0.001,3267816.9,265325.5
1771152328,2026-02-15T18:45:28.231251,0.0025,0.003,0.002,0.001,3267816.9,267325.5
1771152508,2026-02-15T18:48:28.241456,0.0025,0.003,0.002,0.001,3267816.9,267325.5
1771152688,2026-02-15T18:51:28.265018,0.0025,0.003,0.002,0.001,3268016.9,267475.38
1771152868,2026-02-15T18:54:28.465947,0.0025,0.003,0.002,0.001,3268016.9,267324.28
1771153048,2026-02-15T18:57:28.450210,0.0025,0.003,0.002,0.001,3268016.9,267324.28
1771153228,2026-02-15T19:00:28.434884,0.0025,0.003,0.002,0.001,3267916.9,267474.73
1771153408,2026-02-15T19:03:28.652436,0.0025,0.003,0.002,0.001,3267916.9,267374.43
1771153588,2026-02-15T19:06:28.417642,0.0025,0.003,0.002,0.001,3267816.9,267474.16
1771153768,2026-02-15T19:09:28.684445,0.0025,0.003,0.002,0.001,3267816.9,267373.86
1771153948,2026-02-15T19:12:28.619015,0.0025,0.003,0.002,0.001,3267916.9,267323.08
1771154128,2026-02-15T19:15:28.682617,0.0025,0.003,0.002,0.001,3267916.9,267323.08
1771154308,2026-02-15T19:18:28.931182,0.0025,0.003,0.002,0.001,3267916.9,267363.54
1771154488,2026-02-15T19:21:28.641340,0.0025,0.003,0.002,0.001,3268016.9,267453.8
1771154668,2026-02-15T19:24:28.658655,0.0025,0.003,0.002,0.001,3268016.9,267313.39
1771154848,2026-02-15T19:27:28.892033,0.0025,0.003,0.002,0.001,3268016.9,267363.54
1771155033,2026-02-15T19:30:33.072222,0.0025,0.003,0.002,0.001,3268516.9,267403.65
1771155208,2026-02-15T19:33:28.866469,0.0025,0.003,0.002,0.001,3269485.9,267363.54
1771155388,2026-02-15T19:36:28.898110,0.0025,0.003,0.002,0.001,3273046.9,267313.39
1771155568,2026-02-15T19:39:28.849531,0.0025,0.003,0.002,0.001,3274093.9,268287.24
1771155748,2026-02-15T19:42:28.867171,0.0025,0.003,0.002,0.001,3277776.54,268287.24
1771155928,2026-02-15T19:45:28.836516,0.0025,0.003,0.002,0.001,3279626.54,268652.06
1771156108,2026-02-15T19:48:28.992820,0.0025,0.003,0.002,0.001,3279626.54,268702.21
1771156289,2026-02-15T19:51:29.034544,0.0025,0.003,0.002,0.001,3279626.54,268702.21
1771156469,2026-02-15T19:54:29.066100,0.0025,0.003,0.002,0.001,3279585.45,268702.21
1771156652,2026-02-15T19:57:32.039412,0.0025,0.003,0.002,0.001,3279085.45,268702.21
1771156829,2026-02-15T20:00:29.212143,0.0025,0.003,0.002,0.001,3279485.15,268546.25
1771157008,2026-02-15T20:03:28.938511,0.0025,0.003,0.002,0.001,3279466.53,268596.4
1771157189,2026-02-15T20:06:29.225607,0.0025,0.003,0.002,0.001,3279366.53,268646.55
1771157369,2026-02-15T20:09:29.063339,0.0025,0.003,0.002,0.001,3290207.12,268696.7
1771157549,2026-02-15T20:12:29.291709,0.0025,0.003,0.002,0.001,3289707.12,268696.7
1771157729,2026-02-15T20:15:29.217366,0.0025,0.003,0.002,0.001,3289807.12,268696.7
1771157909,2026-02-15T20:18:29.196980,0.0025,0.003,0.002,0.001,3289706.82,268646.55
1771158089,2026-02-15T20:21:29.236519,0.0025,0.003,0.002,0.001,3289511.19,268546.25
1771158449,2026-02-15T20:27:29.273618,0.0025,0.003,0.002,0.001,3289461.04,268651.6
1771158629,2026-02-15T20:30:29.476013,0.0025,0.003,0.002,0.001,3289366.83,268651.6
1771158809,2026-02-15T20:33:29.464837,0.0025,0.003,0.002,0.001,3289366.83,268651.6
1771158989,2026-02-15T20:36:29.223151,0.0025,0.003,0.002,0.001,3293331.83,268601.45
1771159169,2026-02-15T20:39:29.644494,0.0025,0.003,0.002,0.001,3295165.83,268601.45
1771159349,2026-02-15T20:42:29.462071,0.0025,0.003,0.002,0.001,3297265.83,268601.45
1771159529,2026-02-15T20:45:29.472888,0.0025,0.003,0.002,0.001,3297232.7600000002,268601.45
1771159709,2026-02-15T20:48:29.438832,0.0025,0.003,0.002,0.001,3297232.7600000002,268551.3
1771159889,2026-02-15T20:51:29.422575,0.0025,0.003,0.002,0.001,3297232.7600000002,268601.45
1771160069,2026-02-15T20:54:29.473731,0.0025,0.003,0.002,0.001,3297232.7600000002,268601.45
1771160286,2026-02-15T20:58:06.013231,0.0025,0.003,0.002,0.001,3297232.7600000002,268758.79
1771160466,2026-02-15T21:01:06.133795,0.0025,0.003,0.002,0.001,3297232.7600000002,268808.94
1771160646,2026-02-15T21:04:06.235807,0.0025,0.003,0.002,0.001,3297232.7600000002,268808.94
1771160826,2026-02-15T21:07:06.278614,0.0025,0.003,0.002,0.001,3297232.7600000002,268808.94
1771161006,2026-02-15T21:10:06.100428,0.0025,0.003,0.002,0.001,3297232.7600000002,268808.94
1771161186,2026-02-15T21:13:06.098085,0.0025,0.003,0.002,0.001,3297232.7600000002,268808.94
1771161366,2026-02-15T21:16:06.085689,0.0025,0.003,0.002,0.001,3297232.7600000002,268758.79
1771161545,2026-02-15T21:19:05.944211,0.0025,0.003,0.002,0.001,3297230.75,268758.79
1771161726,2026-02-15T21:22:06.066283,0.0025,0.003,0.002,0.001,3297230.75,278758.43
1771161907,2026-02-15T21:25:07.274679,0.0025,0.003,0.002,0.001,3297230.75,278758.43
1771162086,2026-02-15T21:28:06.219853,0.0025,0.003,0.002,0.001,3297230.75,278848.69
1771162266,2026-02-15T21:31:06.466180,0.0025,0.003,0.002,0.001,3297230.75,278848.69
1771162446,2026-02-15T21:34:06.450733,0.0025,0.003,0.002,0.001,3297230.75,278848.69
1771162626,2026-02-15T21:37:06.431275,0.0025,0.003,0.002,0.001,3297229.54,278848.69
1771162806,2026-02-15T21:40:06.434500,0.0025,0.003,0.002,0.001,3297229.54,278798.54
1771162986,2026-02-15T21:43:06.502862,0.0025,0.003,0.002,0.001,3297129.54,278798.54
1771163166,2026-02-15T21:46:06.454700,0.0025,0.003,0.002,0.001,3297229.54,278798.54
1771163346,2026-02-15T21:49:06.462384,0.0025,0.003,0.002,0.001,3297229.54,278698.24
1771163526,2026-02-15T21:52:06.604856,0.0025,0.003,0.002,0.001,3297229.54,278658.13
1771163706,2026-02-15T21:55:06.692123,0.0025,0.003,0.002,0.001,3297213.93,278648.09
1771163886,2026-02-15T21:58:06.548775,0.0025,0.003,0.002,0.001,3297213.93,280829.63
1771164066,2026-02-15T22:01:06.670325,0.0025,0.003,0.002,0.001,3297213.93,280929.93
1771164246,2026-02-15T22:04:06.680788,0.0025,0.003,0.002,0.001,3297213.93,280929.93
1771164426,2026-02-15T22:07:06.909187,0.0025,0.003,0.002,0.001,3297197.89,280779.48
1771164606,2026-02-15T22:10:06.692417,0.0025,0.003,0.002,0.001,3297197.89,280779.48
1771164786,2026-02-15T22:13:06.728271,0.0025,0.003,0.002,0.001,3297156.8,280779.48
1771164966,2026-02-15T22:16:06.702172,0.0025,0.003,0.002,0.001,3297197.88,280779.48
1771165146,2026-02-15T22:19:06.733160,0.0025,0.003,0.002,0.001,3297197.88,280829.63
1771165326,2026-02-15T22:22:06.691857,0.0025,0.003,0.002,0.001,3297197.88,280729.33
1771165507,2026-02-15T22:25:07.237962,0.0025,0.003,0.002,0.001,3297197.88,280729.33
1771165686,2026-02-15T22:28:06.898782,0.0025,0.003,0.002,0.001,3297197.88,280729.33
1771165866,2026-02-15T22:31:06.708672,0.0025,0.003,0.002,0.001,3297197.88,280753.33
1771166046,2026-02-15T22:34:06.908314,0.0025,0.003,0.002,0.001,3297196.5700000003,280755.79
1771166226,2026-02-15T22:37:06.874825,0.0025,0.003,0.002,0.001,3297196.5700000003,280755.79
1771166406,2026-02-15T22:40:06.829062,0.0025,0.003,0.002,0.001,3297196.5700000003,280705.64
1771166586,2026-02-15T22:43:06.903130,0.0025,0.003,0.002,0.001,3297196.5700000003,280705.64
1771166766,2026-02-15T22:46:06.894674,0.0025,0.003,0.002,0.001,3297196.5700000003,280705.64
1771166946,2026-02-15T22:49:06.841701,0.0025,0.003,0.002,0.001,3297196.5700000003,280705.64
1771167126,2026-02-15T22:52:06.952174,0.0025,0.003,0.002,0.001,3297196.5700000003,280705.64
1771167307,2026-02-15T22:55:07.221131,0.0025,0.003,0.002,0.001,3297196.5700000003,280655.49
1771167487,2026-02-15T22:58:07.110718,0.0025,0.003,0.002,0.001,3297184.16,280655.0
1771167667,2026-02-15T23:01:07.238765,0.0025,0.003,0.002,0.001,3297184.16,280655.0
1771167847,2026-02-15T23:04:07.100783,0.0025,0.003,0.002,0.001,3297084.16,278573.76
1771168027,2026-02-15T23:07:07.228348,0.0025,0.003,0.002,0.001,3297084.16,278623.21
1771168207,2026-02-15T23:10:07.205883,0.0025,0.003,0.002,0.001,3297184.16,278633.25
1771168387,2026-02-15T23:13:07.168341,0.0025,0.003,0.002,0.001,3297084.16,278482.82
1771168567,2026-02-15T23:16:07.149804,0.0025,0.003,0.002,0.001,3297691.66,279140.47
1771168747,2026-02-15T23:19:07.222687,0.0025,0.003,0.002,0.001,3297988.0,279230.73
1771168927,2026-02-15T23:22:07.248459,0.0025,0.003,0.002,0.001,3298627.5500000003,279190.62
1771169107,2026-02-15T23:25:07.179656,0.0025,0.003,0.002,0.001,3299268.0500000003,279140.47
1771169287,2026-02-15T23:28:07.288323,0.0025,0.003,0.002,0.001,3299691.19,279140.47
1771169467,2026-02-15T23:31:07.283100,0.0025,0.003,0.002,0.001,3299691.19,279140.47
1771169647,2026-02-15T23:34:07.317051,0.0025,0.003,0.002,0.001,3299675.15,279140.47
1771169827,2026-02-15T23:37:07.281880,0.0025,0.003,0.002,0.001,3299615.02,279140.47
1771170007,2026-02-15T23:40:07.488407,0.0025,0.003,0.002,0.001,3299515.02,279140.47
1771170187,2026-02-15T23:43:07.324434,0.0025,0.003,0.002,0.001,3299615.02,279140.47
1771170367,2026-02-15T23:46:07.383220,0.0025,0.003,0.002,0.001,3301615.02,279140.47
1771170547,2026-02-15T23:49:07.456752,0.0025,0.003,0.002,0.001,3301615.02,279140.47
1771170727,2026-02-15T23:52:07.442026,0.0025,0.003,0.002,0.001,3301615.02,279240.77
1771170907,2026-02-15T23:55:07.691059,0.0025,0.003,0.002,0.001,3301498.98,279240.77
1771171087,2026-02-15T23:58:07.462623,0.0025,0.003,0.002,0.001,3301498.98,279341.07
1771171267,2026-02-16T00:01:07.479145,0.0025,0.003,0.002,0.001,3301598.98,279190.62
1771171447,2026-02-16T00:04:07.502253,0.0025,0.003,0.002,0.001,3301583.94,279140.47
1771171627,2026-02-16T00:07:07.483789,0.0025,0.003,0.002,0.001,3301583.94,279140.47
1771171807,2026-02-16T00:10:07.688665,0.0025,0.003,0.002,0.001,3301583.94,279140.47
1771171987,2026-02-16T00:13:07.702049,0.0025,0.003,0.002,0.001,3301583.94,279166.01
1771172167,2026-02-16T00:16:07.597196,0.0025,0.003,0.002,0.001,3301583.94,279166.01
1771172347,2026-02-16T00:19:07.710365,0.0025,0.003,0.002,0.001,3301583.94,279166.01
1771172527,2026-02-16T00:22:07.665632,0.0025,0.003,0.002,0.001,3301499.72,279115.86
1771172707,2026-02-16T00:25:07.675641,0.0025,0.003,0.002,0.001,3301499.72,279115.86
1771172887,2026-02-16T00:28:07.670747,0.0025,0.003,0.002,0.001,3301499.72,279115.86
1771173067,2026-02-16T00:31:07.692946,0.0025,0.003,0.002,0.001,3301499.72,279176.05
1771173247,2026-02-16T00:34:07.719388,0.0025,0.003,0.002,0.001,3301477.67,279115.86
1771173427,2026-02-16T00:37:07.933838,0.0025,0.003,0.002,0.001,3301477.67,279075.75
1771173607,2026-02-16T00:40:07.866547,0.0025,0.003,0.002,0.001,3301477.67,279176.05
1771173787,2026-02-16T00:43:07.889217,0.0025,0.003,0.002,0.001,3301477.67,279176.05
1771173967,2026-02-16T00:46:07.851049,0.0025,0.003,0.002,0.001,3301477.67,279176.05
1771174147,2026-02-16T00:49:07.812626,0.0025,0.003,0.002,0.001,3301462.63,279617.35
1771174327,2026-02-16T00:52:07.874510,0.0025,0.003,0.002,0.001,3301462.63,279617.35
1771174508,2026-02-16T00:55:08.221964,0.0025,0.003,0.002,0.001,3299102.63,279767.8
1771174688,2026-02-16T00:58:08.221589,0.0025,0.003,0.002,0.001,3299102.63,279767.8
1771174867,2026-02-16T01:01:07.937675,0.0025,0.003,0.002,0.001,3299102.63,279767.8
1771175048,2026-02-16T01:04:08.228125,0.0025,0.003,0.002,0.001,3296774.91,279667.25
1771175228,2026-02-16T01:07:08.079161,0.0025,0.003,0.002,0.001,3296774.91,279667.25
1771175408,2026-02-16T01:10:08.075588,0.0025,0.003,0.002,0.001,3296774.91,279566.95
1771175588,2026-02-16T01:13:08.250827,0.0025,0.003,0.002,0.001,3296688.5100000002,279566.95
1771175768,2026-02-16T01:16:08.237240,0.0025,0.003,0.002,0.001,3296688.5100000002,279566.95
1771175952,2026-02-16T01:19:12.931641,0.0025,0.003,0.002,0.001,3296688.5100000002,279566.95
1771176128,2026-02-16T01:22:08.237234,0.0025,0.003,0.002,0.001,3296688.5100000002,279566.54
1771176308,2026-02-16T01:25:08.084759,0.0025,0.003,0.002,0.001,3296688.5100000002,279616.14
1771176488,2026-02-16T01:28:08.150271,0.0025,0.003,0.002,0.001,3296688.5100000002,279616.14
1771176668,2026-02-16T01:31:08.243549,0.0025,0.003,0.002,0.001,3296688.5100000002,279616.14
1771176848,2026-02-16T01:34:08.256895,0.0025,0.003,0.002,0.001,3296688.5100000002,279756.55
1771177028,2026-02-16T01:37:08.287565,0.0025,0.003,0.002,0.001,3296688.5100000002,279806.7
1771177208,2026-02-16T01:40:08.441842,0.0025,0.003,0.002,0.001,3296688.5100000002,279806.7
1771177388,2026-02-16T01:43:08.329266,0.0025,0.003,0.002,0.001,3296688.5100000002,281849.66
1771177568,2026-02-16T01:46:08.515496,0.0025,0.003,0.002,0.001,3296688.5100000002,281844.53
1771177748,2026-02-16T01:49:08.449719,0.0025,0.003,0.002,0.001,3296688.5100000002,279701.27
1771177928,2026-02-16T01:52:08.336320,0.0025,0.003,0.002,0.001,3296688.5100000002,279751.42
1771178108,2026-02-16T01:55:08.443790,0.0025,0.003,0.002,0.001,3296688.5100000002,279751.42
1771178288,2026-02-16T01:58:08.473753,0.0025,0.003,0.002,0.001,3296688.5100000002,279701.27
1771178468,2026-02-16T02:01:08.447775,0.0025,0.003,0.002,0.001,3296688.5100000002,279701.27
1771178648,2026-02-16T02:04:08.653985,0.0025,0.003,0.002,0.001,3296588.5100000002,281815.54
1771178828,2026-02-16T02:07:08.489407,0.0025,0.003,0.002,0.001,3296488.5100000002,281815.54
1771179008,2026-02-16T02:10:08.658988,0.0025,0.003,0.002,0.001,3296588.5100000002,281815.54
1771179188,2026-02-16T02:13:08.527648,0.0025,0.003,0.002,0.001,3296688.5100000002,281815.54
1771179368,2026-02-16T02:16:08.688213,0.0025,0.003,0.002,0.001,3296688.5100000002,281865.69
1771179548,2026-02-16T02:19:08.676372,0.0025,0.003,0.002,0.001,3296688.5100000002,281815.54
1771179728,2026-02-16T02:22:08.664022,0.0025,0.003,0.002,0.001,3296688.5100000002,281715.24
1771179908,2026-02-16T02:25:08.662324,0.0025,0.003,0.002,0.001,3296488.5100000002,281715.24
1771180088,2026-02-16T02:28:08.668667,0.0025,0.003,0.002,0.001,3296488.5100000002,281865.69
1771180268,2026-02-16T02:31:08.675736,0.0025,0.003,0.002,0.001,3296488.5100000002,281865.69
1771180628,2026-02-16T02:37:08.923262,0.0025,0.003,0.002,0.001,3297259.45,281965.99
1771180808,2026-02-16T02:40:08.729769,0.0025,0.003,0.002,0.001,3297259.45,281965.99
1771180988,2026-02-16T02:43:08.734057,0.0025,0.003,0.002,0.001,3297259.45,281965.99
1771181168,2026-02-16T02:46:08.898821,0.0025,0.003,0.002,0.001,3297259.45,281965.99
1771181348,2026-02-16T02:49:08.921964,0.0025,0.003,0.002,0.001,3297259.45,371879.58
1771181529,2026-02-16T02:52:09.107003,0.0025,0.003,0.002,0.001,3297259.45,371879.58
1771181708,2026-02-16T02:55:08.873792,0.0025,0.003,0.002,0.001,3297259.45,371829.43
1771181889,2026-02-16T02:58:09.070630,0.0025,0.003,0.002,0.001,3297259.45,371829.43
1771182069,2026-02-16T03:01:09.098692,0.0025,0.003,0.002,0.001,3297459.45,369715.16
1771182249,2026-02-16T03:04:09.063548,0.0025,0.003,0.002,0.001,3297459.45,369715.16
1771182429,2026-02-16T03:07:09.095521,0.0025,0.003,0.002,0.001,3297459.45,369715.16
1771182609,2026-02-16T03:10:09.223621,0.0025,0.003,0.002,0.001,3297459.45,369715.16
1771182789,2026-02-16T03:13:09.080053,0.0025,0.003,0.002,0.001,3296659.45,369715.16
1771182969,2026-02-16T03:16:09.163328,0.0025,0.003,0.002,0.001,3296659.45,369715.16
1771183149,2026-02-16T03:19:09.143592,0.0025,0.003,0.002,0.001,3296659.45,369720.62
1771183329,2026-02-16T03:22:09.081655,0.0025,0.003,0.002,0.001,3296659.45,369720.62
1771183509,2026-02-16T03:25:09.287900,0.0025,0.003,0.002,0.001,3296659.45,369720.62
1771183689,2026-02-16T03:28:09.117969,0.0025,0.003,0.002,0.001,3296659.45,369720.62
1771183869,2026-02-16T03:31:09.106704,0.0025,0.003,0.002,0.001,3297159.45,369720.62
1771184049,2026-02-16T03:34:09.271840,0.0025,0.003,0.002,0.001,3297059.45,369720.62
1771184229,2026-02-16T03:37:09.299935,0.0025,0.003,0.002,0.001,3297059.45,369670.47000000003
1771184409,2026-02-16T03:40:09.287274,0.0025,0.003,0.002,0.001,3297159.45,369670.47000000003
1771184589,2026-02-16T03:43:09.445655,0.0025,0.003,0.002,0.001,3297159.45,369670.47000000003
1771184769,2026-02-16T03:46:09.431951,0.0025,0.003,0.002,0.001,3297159.45,369720.62
1771184949,2026-02-16T03:49:09.273509,0.0025,0.003,0.002,0.001,3297159.45,369670.47000000003
1771185129,2026-02-16T03:52:09.440641,0.0025,0.003,0.002,0.001,3297159.45,369670.47000000003
1771185309,2026-02-16T03:55:09.488513,0.0025,0.003,0.002,0.001,3297159.45,369670.47000000003
1771185489,2026-02-16T03:58:09.457186,0.0025,0.003,0.002,0.001,3297159.45,369720.62
1771185669,2026-02-16T04:01:09.658495,0.0025,0.003,0.002,0.001,3297159.45,369720.62
1771185849,2026-02-16T04:04:09.451374,0.0025,0.003,0.002,0.001,3297159.45,369670.47000000003
1771186029,2026-02-16T04:07:09.504787,0.0025,0.003,0.002,0.001,3296659.45,369670.47000000003
1771186209,2026-02-16T04:10:09.665876,0.0025,0.003,0.002,0.001,3296659.45,369670.47000000003
1771186389,2026-02-16T04:13:09.519448,0.0025,0.003,0.002,0.001,3296659.45,369670.47000000003
1771186569,2026-02-16T04:16:09.649107,0.0025,0.003,0.002,0.001,3296659.45,369670.47000000003
1771186749,2026-02-16T04:19:09.876568,0.0025,0.003,0.002,0.001,3296659.45,369670.47000000003
1771186929,2026-02-16T04:22:09.672456,0.0025,0.003,0.002,0.001,3296659.45,369670.47000000003
1771187109,2026-02-16T04:25:09.661443,0.0025,0.003,0.002,0.001,3296659.45,369670.47000000003
1771187289,2026-02-16T04:28:09.675243,0.0025,0.003,0.002,0.001,3296649.45,369670.47000000003
1771187469,2026-02-16T04:31:09.799251,0.0025,0.003,0.002,0.001,3296649.45,369670.47000000003
1771187649,2026-02-16T04:34:09.916693,0.0025,0.003,0.002,0.001,3296649.45,369720.62
1771187829,2026-02-16T04:37:09.839435,0.0025,0.003,0.002,0.001,3296649.45,369720.62
1771188010,2026-02-16T04:40:10.113437,0.0025,0.003,0.002,0.001,3296649.45,369720.62
1771188189,2026-02-16T04:43:09.912678,0.0025,0.003,0.002,0.001,3296649.45,369670.47000000003
1771188369,2026-02-16T04:46:09.897443,0.0025,0.003,0.002,0.001,3296649.45,369670.47000000003
1771188550,2026-02-16T04:49:10.155184,0.0025,0.003,0.002,0.001,3296649.45,369670.47000000003
1771188730,2026-02-16T04:52:10.096516,0.0025,0.003,0.002,0.001,3296649.45,369670.47000000003
1771188910,2026-02-16T04:55:10.069119,0.0025,0.003,0.002,0.001,3296649.45,369720.62
1771189090,2026-02-16T04:58:10.037631,0.0025,0.003,0.002,0.001,3296649.45,369720.62
1771189270,2026-02-16T05:01:10.248390,0.0025,0.003,0.002,0.001,3296649.45,369720.62
1771189450,2026-02-16T05:04:10.042815,0.0025,0.003,0.002,0.001,3296649.45,369720.62
1771189630,2026-02-16T05:07:10.225142,0.0025,0.003,0.002,0.001,3296649.45,369720.62
1771189809,2026-02-16T05:10:09.972060,0.0025,0.003,0.002,0.001,3296649.45,369670.47000000003
1771189990,2026-02-16T05:13:10.162514,0.0025,0.003,0.002,0.001,3296649.45,369720.62
1771190170,2026-02-16T05:16:10.281578,0.0025,0.003,0.002,0.001,3296649.45,369670.47000000003
1771190350,2026-02-16T05:19:10.236264,0.0025,0.003,0.002,0.001,3299276.11,369670.47000000003
1771190530,2026-02-16T05:22:10.238637,0.0025,0.003,0.002,0.001,3299276.11,369670.47000000003
1771190710,2026-02-16T05:25:10.314605,0.0025,0.003,0.002,0.001,3299276.11,369670.47000000003
1771190890,2026-02-16T05:28:10.244522,0.0025,0.003,0.002,0.001,3299276.11,369670.47000000003
1771191070,2026-02-16T05:31:10.231365,0.0025,0.003,0.002,0.001,3299176.11,369670.47000000003
1771191250,2026-02-16T05:34:10.439210,0.0025,0.003,0.002,0.001,3299276.11,369670.47000000003
1771191430,2026-02-16T05:37:10.399198,0.0025,0.003,0.002,0.001,3301902.77,369720.62
1771191610,2026-02-16T05:40:10.454574,0.0025,0.003,0.002,0.001,3301902.77,369670.47000000003
1771191790,2026-02-16T05:43:10.459466,0.0025,0.003,0.002,0.001,3301902.77,369670.47000000003
1771191970,2026-02-16T05:46:10.399468,0.0025,0.003,0.002,0.001,3301902.77,369670.47000000003
1771192150,2026-02-16T05:49:10.472544,0.0025,0.003,0.002,0.001,3301902.77,369670.47000000003
1771192330,2026-02-16T05:52:10.538591,0.0025,0.003,0.002,0.001,3301902.77,369670.47000000003
1771192510,2026-02-16T05:55:10.667379,0.0025,0.003,0.002,0.001,3296649.45,369670.47000000003
1771192690,2026-02-16T05:58:10.573278,0.0025,0.003,0.002,0.001,3296649.45,369670.47000000003
1771192870,2026-02-16T06:01:10.482828,0.0025,0.003,0.002,0.001,3296649.45,369630.36
1771193050,2026-02-16T06:04:10.692814,0.0025,0.003,0.002,0.001,3296649.45,369630.36
1771193410,2026-02-16T06:10:10.660122,0.0025,0.003,0.002,0.001,3296649.45,369630.36
1771193590,2026-02-16T06:13:10.841385,0.0025,0.003,0.002,0.001,3296649.45,369630.36
1771193770,2026-02-16T06:16:10.661758,0.0025,0.003,0.002,0.001,3296649.45,369980.51
1771193950,2026-02-16T06:19:10.675976,0.0025,0.003,0.002,0.001,3296649.45,369930.36
1771194130,2026-02-16T06:22:10.886309,0.0025,0.003,0.002,0.001,3296649.45,369930.36
1771194310,2026-02-16T06:25:10.903636,0.0025,0.003,0.002,0.001,3296649.45,369930.36
1771194490,2026-02-16T06:28:10.733817,0.0025,0.003,0.002,0.001,3296649.45,369980.51
1771194670,2026-02-16T06:31:10.874270,0.0025,0.003,0.002,0.001,3296649.45,369930.36
1771194850,2026-02-16T06:34:10.870565,0.0025,0.003,0.002,0.001,3296649.45,369930.36
1771195035,2026-02-16T06:37:15.058150,0.0025,0.003,0.002,0.001,3296649.45,370020.62
1771195211,2026-02-16T06:40:11.078276,0.0025,0.003,0.002,0.001,3296649.45,370020.62
1771195391,2026-02-16T06:43:11.221890,0.0025,0.003,0.002,0.001,3296649.45,370020.62
1771195571,2026-02-16T06:46:11.223361,0.0025,0.003,0.002,0.001,3296649.45,369970.47000000003
1771195751,2026-02-16T06:49:11.051286,0.0025,0.003,0.002,0.001,3296649.45,369970.47000000003
1771195930,2026-02-16T06:52:10.999712,0.0025,0.003,0.002,0.001,3296649.45,369970.47000000003
1771196111,2026-02-16T06:55:11.048948,0.0025,0.003,0.002,0.001,3296649.45,369930.36
1771196291,2026-02-16T06:58:11.012616,0.0025,0.003,0.002,0.001,3296649.45,369930.36
1771196471,2026-02-16T07:01:11.098875,0.002,0.003,0.001,0.002,3237263.1,370532.4
1771196651,2026-02-16T07:04:11.229702,0.0015,0.002,0.001,0.001,3237263.1,372207.08
1771196831,2026-02-16T07:07:11.212815,0.002,0.003,0.001,0.002,3232263.1,376786.41
1771197011,2026-02-16T07:10:11.285614,0.0015,0.002,0.001,0.001,3232306.03,376409.16
1771197191,2026-02-16T07:13:11.233138,0.0015,0.002,0.001,0.001,3232297.37,376407.98
1771197371,2026-02-16T07:16:11.269383,0.0015,0.002,0.001,0.001,3233343.38,376357.88
1771197551,2026-02-16T07:19:11.244681,0.0015,0.002,0.001,0.001,3234626.89,376324.54
1771197731,2026-02-16T07:22:11.285997,0.0015,0.002,0.001,0.001,3234970.79,376324.54
1771197911,2026-02-16T07:25:11.312082,0.0015,0.002,0.001,0.001,3234970.79,376364.62
1771198091,2026-02-16T07:28:11.452558,0.0015,0.002,0.001,0.001,3234970.79,376324.54
1771198271,2026-02-16T07:31:11.442239,0.0015,0.002,0.001,0.001,3234970.79,376324.54
1771198451,2026-02-16T07:34:11.431864,0.0015,0.002,0.001,0.001,3234967.89,376324.54
1771198631,2026-02-16T07:37:11.425090,0.0015,0.002,0.001,0.001,3234967.89,376324.54
1771198811,2026-02-16T07:40:11.502136,0.0015,0.002,0.001,0.001,3234960.63,376324.54
1771198991,2026-02-16T07:43:11.434742,0.0015,0.002,0.001,0.001,3234960.63,376324.54
1771199171,2026-02-16T07:46:11.444066,0.0015,0.002,0.001,0.001,3234960.63,376324.54
1771199351,2026-02-16T07:49:11.639361,0.0025,0.003,0.002,0.001,3289079.1599999997,371047.02
1771199531,2026-02-16T07:52:11.671071,0.0025,0.003,0.002,0.001,3289235.9699999997,371047.02
1771199711,2026-02-16T07:55:11.688661,0.0025,0.003,0.002,0.001,3299341.98,370946.72
1771199891,2026-02-16T07:58:11.619957,0.0025,0.003,0.002,0.001,3299341.98,370996.87
1771200071,2026-02-16T08:01:11.706621,0.0025,0.003,0.002,0.001,3299341.98,370996.87
1771200251,2026-02-16T08:04:11.758999,0.0025,0.003,0.002,0.001,3299341.98,370946.72
1771200431,2026-02-16T08:07:11.849325,0.0025,0.003,0.002,0.001,3299341.98,370946.72
1771200611,2026-02-16T08:10:11.644362,0.0025,0.003,0.002,0.001,3299341.98,370946.72
1771200791,2026-02-16T08:13:11.915756,0.0025,0.003,0.002,0.001,3299341.98,370946.72
1771200971,2026-02-16T08:16:11.869581,0.0025,0.003,0.002,0.001,3299341.98,370946.72
1771201151,2026-02-16T08:19:11.890958,0.0025,0.003,0.002,0.001,3299341.98,370946.72
1771201331,2026-02-16T08:22:11.854505,0.0025,0.003,0.002,0.001,3299341.98,370946.72
1771201511,2026-02-16T08:25:11.837325,0.0025,0.003,0.002,0.001,3299341.98,370946.72
1771201692,2026-02-16T08:28:12.026333,0.0025,0.003,0.002,0.001,3299341.98,370946.72
1771201872,2026-02-16T08:31:12.172341,0.0025,0.003,0.002,0.001,3299341.98,370946.72
1771202052,2026-02-16T08:34:12.073985,0.0025,0.003,0.002,0.001,3299341.98,370946.72
1771202232,2026-02-16T08:37:12.106944,0.0025,0.003,0.002,0.001,3299341.98,370946.72
1771202412,2026-02-16T08:40:12.094114,0.0025,0.003,0.002,0.001,3299341.98,370946.72
1771202596,2026-02-16T08:43:16.870446,0.0025,0.003,0.002,0.001,3299341.98,370946.72
1771202772,2026-02-16T08:46:12.072052,0.0025,0.003,0.002,0.001,3299341.98,370946.72
1771202952,2026-02-16T08:49:12.115028,0.0025,0.003,0.002,0.001,3299341.98,370946.72
1771203132,2026-02-16T08:52:12.055828,0.0025,0.003,0.002,0.001,3299325.9400000004,370946.72
1771203312,2026-02-16T08:55:12.233705,0.0025,0.003,0.002,0.001,3299309.9000000004,370946.72
1771203492,2026-02-16T08:58:12.037800,0.0025,0.003,0.002,0.001,3299309.9000000004,370946.72
1771203672,2026-02-16T09:01:12.231186,0.0025,0.003,0.002,0.001,3299309.9000000004,370946.72
1771203852,2026-02-16T09:04:12.217837,0.0025,0.003,0.002,0.001,3299309.9000000004,370946.72
1771204032,2026-02-16T09:07:12.232523,0.0025,0.003,0.002,0.001,3299309.9000000004,370946.72
1771204212,2026-02-16T09:10:12.409879,0.0025,0.003,0.002,0.001,3299314.9000000004,370953.14
1771204392,2026-02-16T09:13:12.289135,0.0025,0.003,0.002,0.001,3299314.9000000004,370952.66
1771204572,2026-02-16T09:16:12.406957,0.0025,0.003,0.002,0.001,3299314.9000000004,370952.66
1771204752,2026-02-16T09:19:12.380054,0.0025,0.003,0.002,0.001,3299309.9000000004,370946.72
1771204932,2026-02-16T09:22:12.466108,0.0025,0.003,0.002,0.001,3299314.9000000004,370952.67
1771205112,2026-02-16T09:25:12.451888,0.0025,0.003,0.002,0.001,3299314.9000000004,370952.67
1771205292,2026-02-16T09:28:12.458271,0.0025,0.003,0.002,0.001,3299314.9000000004,370952.67
1771205472,2026-02-16T09:31:12.577067,0.0025,0.003,0.002,0.001,3299314.9000000004,370952.67
1771205652,2026-02-16T09:34:12.635398,0.0025,0.003,0.002,0.001,3299314.9000000004,370952.67
1771205832,2026-02-16T09:37:12.612409,0.0025,0.003,0.002,0.001,3299314.9000000004,370952.67
1771206012,2026-02-16T09:40:12.698940,0.0025,0.003,0.002,0.001,3299314.9000000004,370952.67
1771206192,2026-02-16T09:43:12.647651,0.0025,0.003,0.002,0.001,3299314.9000000004,370952.67
1771206372,2026-02-16T09:46:12.643419,0.0025,0.003,0.002,0.001,3299314.9000000004,370952.67
1771206552,2026-02-16T09:49:12.654393,0.0025,0.003,0.002,0.001,3298981.5700000003,370619.31
1771206732,2026-02-16T09:52:12.686497,0.0025,0.003,0.002,0.001,3298981.5700000003,370619.31
1771206912,2026-02-16T09:55:12.721401,0.0025,0.003,0.002,0.001,3298981.5700000003,370619.31
1771207092,2026-02-16T09:58:12.872689,0.0025,0.003,0.002,0.001,3298281.56,369919.3
1771207277,2026-02-16T10:01:17.654758,0.0025,0.003,0.002,0.001,3297873.1900000004,369511.44
1771207452,2026-02-16T10:04:12.834543,0.0025,0.003,0.002,0.001,3297843.12,369511.44
1771207633,2026-02-16T10:07:13.028694,0.0025,0.003,0.002,0.001,3297843.12,369511.44
1771207812,2026-02-16T10:10:12.908172,0.0025,0.003,0.002,0.001,3297842.1100000003,369511.44
1771207992,2026-02-16T10:13:12.876872,0.0025,0.003,0.002,0.001,3297842.1100000003,369511.44
1771208172,2026-02-16T10:16:12.820465,0.0025,0.003,0.002,0.001,3297842.1100000003,369511.44
1771208353,2026-02-16T10:19:13.108643,0.0025,0.003,0.002,0.001,3297842.1100000003,369511.44
1771208533,2026-02-16T10:22:13.057172,0.0025,0.003,0.002,0.001,3297842.1100000003,369511.44
1771208712,2026-02-16T10:25:12.967222,0.0025,0.003,0.002,0.001,3297842.1100000003,369511.44
1771208893,2026-02-16T10:28:13.224680,0.0025,0.003,0.002,0.001,3297842.1100000003,369511.44
1771209073,2026-02-16T10:31:13.081342,0.0025,0.003,0.002,0.001,3297842.1100000003,369511.44
1771209253,2026-02-16T10:34:13.055158,0.0025,0.003,0.002,0.001,3297842.1100000003,369511.44
1771209433,2026-02-16T10:37:13.045634,0.0025,0.003,0.002,0.001,3297842.1100000003,369511.44
1771209613,2026-02-16T10:40:13.128333,0.0025,0.003,0.002,0.001,3297842.1100000003,369511.44
1771209793,2026-02-16T10:43:13.004172,0.0025,0.003,0.002,0.001,3297842.1100000003,369511.44
1771209977,2026-02-16T10:46:17.876595,0.0025,0.003,0.002,0.001,3297842.1100000003,369511.44
1771210153,2026-02-16T10:49:13.369190,0.0025,0.003,0.002,0.001,3297842.1100000003,369511.44
1771210333,2026-02-16T10:52:13.265077,0.0025,0.003,0.002,0.001,3298842.1100000003,369511.44
1771210513,2026-02-16T10:55:13.312818,0.0025,0.003,0.002,0.001,3298842.1100000003,369511.44
1771210693,2026-02-16T10:58:13.223277,0.0025,0.003,0.002,0.001,3298842.1100000003,369511.44
1771210873,2026-02-16T11:01:13.229017,0.0025,0.003,0.002,0.001,3298842.1100000003,369511.44
1771211055,2026-02-16T11:04:15.097219,0.0025,0.003,0.002,0.001,3298842.1100000003,369511.44
1771211233,2026-02-16T11:07:13.335644,0.0025,0.003,0.002,0.001,3298842.1100000003,369511.44
1771211413,2026-02-16T11:10:13.257700,0.0025,0.003,0.002,0.001,3298842.1100000003,369511.44
1771211593,2026-02-16T11:13:13.439043,0.0025,0.003,0.002,0.001,3298842.1100000003,369511.44
1771211773,2026-02-16T11:16:13.442667,0.0025,0.003,0.002,0.001,3298842.1100000003,369561.56
1771211953,2026-02-16T11:19:13.473090,0.0025,0.003,0.002,0.001,3298842.1100000003,369511.41000000003
1771212133,2026-02-16T11:22:13.692493,0.0025,0.003,0.002,0.001,3298842.1100000003,369511.41000000003
1771212313,2026-02-16T11:25:13.465961,0.0025,0.003,0.002,0.001,3298842.1100000003,369511.41000000003
1771212493,2026-02-16T11:28:13.679194,0.0025,0.003,0.002,0.001,3298842.1100000003,369511.41000000003
1771212673,2026-02-16T11:31:13.449698,0.0025,0.003,0.002,0.001,3298842.1100000003,369511.41000000003
1771212853,2026-02-16T11:34:13.653544,0.0025,0.003,0.002,0.001,3298837.0900000003,369511.41000000003
1771213033,2026-02-16T11:37:13.842599,0.0025,0.003,0.002,0.001,3298837.0900000003,369511.41000000003
1771213213,2026-02-16T11:40:13.675262,0.0025,0.003,0.002,0.001,3298824.0500000003,369511.4
1771213393,2026-02-16T11:43:13.612019,0.0025,0.003,0.002,0.001,3298824.0500000003,369511.4
1771213578,2026-02-16T11:46:18.267759,0.0025,0.003,0.002,0.001,3284458.31,369496.38
1771213753,2026-02-16T11:49:13.663208,0.0025,0.003,0.002,0.001,3284558.6100000003,355531.85
1771213933,2026-02-16T11:52:13.627501,0.0025,0.003,0.002,0.001,3284809.3600000003,355481.7
1771214113,2026-02-16T11:55:13.870373,0.0025,0.003,0.002,0.001,3284809.3600000003,355481.7
1771214293,2026-02-16T11:58:13.665008,0.0025,0.003,0.002,0.001,3284809.3600000003,355481.7
1771214473,2026-02-16T12:01:13.815569,0.0025,0.003,0.002,0.001,3284809.3600000003,355481.7
1771214653,2026-02-16T12:04:13.860110,0.0025,0.003,0.002,0.001,3284809.3600000003,355481.7
1771214869,2026-02-16T12:07:49.411191,0.0025,0.003,0.002,0.001,3284766.27,355481.7
1771215049,2026-02-16T12:10:49.425875,0.0025,0.003,0.002,0.001,3284766.27,355481.7
1771215229,2026-02-16T12:13:49.455277,0.0025,0.003,0.002,0.001,3284766.27,355481.7
1771215409,2026-02-16T12:16:49.675482,0.0025,0.003,0.002,0.001,3284766.27,355481.7
1771215589,2026-02-16T12:19:49.680777,0.0025,0.003,0.002,0.001,3284766.27,355481.7
1771215769,2026-02-16T12:22:49.642766,0.0025,0.003,0.002,0.001,3284754.23,355231.2
1771215949,2026-02-16T12:25:49.610437,0.0025,0.003,0.002,0.001,3284749.21,355231.2
1771216129,2026-02-16T12:28:49.650648,0.0025,0.003,0.002,0.001,3284727.1500000004,355231.2
1771216309,2026-02-16T12:31:49.688102,0.0025,0.003,0.002,0.001,3284727.1500000004,356642.09
1771216489,2026-02-16T12:34:49.653817,0.0025,0.003,0.002,0.001,3284727.1500000004,357509.32
1771216669,2026-02-16T12:37:49.635743,0.0025,0.003,0.002,0.001,3284715.12,357509.31
1771216849,2026-02-16T12:40:49.842567,0.0025,0.003,0.002,0.001,3284715.12,357509.31
1771217029,2026-02-16T12:43:49.845158,0.0025,0.003,0.002,0.001,3284715.12,357509.31
1771217209,2026-02-16T12:46:49.875624,0.0025,0.003,0.002,0.001,3284715.12,357509.31
1771217389,2026-02-16T12:49:49.745554,0.0025,0.003,0.002,0.001,3284715.12,357559.46
1771217569,2026-02-16T12:52:49.916974,0.0025,0.003,0.002,0.001,3284715.12,357559.46
1771217749,2026-02-16T12:55:49.865250,0.0025,0.003,0.002,0.001,3284703.08,357559.46
1771217930,2026-02-16T12:58:50.054736,0.0025,0.003,0.002,0.001,3284693.04,357559.46
1771218109,2026-02-16T13:01:49.968661,0.0025,0.003,0.002,0.001,3284678.0,357509.31
1771218290,2026-02-16T13:04:50.062936,0.0025,0.003,0.002,0.001,3284678.0,357509.31
1771218470,2026-02-16T13:07:50.051372,0.0025,0.003,0.002,0.001,3284664.96,357559.46
1771218650,2026-02-16T13:10:50.040304,0.0025,0.003,0.002,0.001,3284638.8800000004,357509.31
1771218830,2026-02-16T13:13:50.064498,0.0025,0.003,0.002,0.001,3284627.3400000003,357509.31
1771219010,2026-02-16T13:16:50.024096,0.0025,0.003,0.002,0.001,3284627.3400000003,357512.86
1771219190,2026-02-16T13:19:50.200387,0.0025,0.003,0.002,0.001,3284622.3200000003,357512.86
1771219370,2026-02-16T13:22:50.292771,0.0025,0.003,0.002,0.001,3284617.81,357512.86
1771219550,2026-02-16T13:25:50.229682,0.0025,0.003,0.002,0.001,3284617.81,357512.86
1771219730,2026-02-16T13:28:50.057964,0.0025,0.003,0.002,0.001,3284606.77,357613.16
1771219910,2026-02-16T13:31:50.115028,0.0025,0.003,0.002,0.001,3284604.7600000002,357613.16
1771220090,2026-02-16T13:34:50.248290,0.0025,0.003,0.002,0.001,3284599.14,357613.16
1771220270,2026-02-16T13:37:50.312200,0.0025,0.003,0.002,0.001,3284599.14,357613.16
1771220450,2026-02-16T13:40:50.220996,0.0025,0.003,0.002,0.001,3284599.14,357563.01
1771220630,2026-02-16T13:43:50.355738,0.0025,0.003,0.002,0.001,3284599.14,357732.49
1771220810,2026-02-16T13:46:50.402741,0.0025,0.003,0.002,0.001,3284596.1300000004,357732.49
1771220990,2026-02-16T13:49:50.432244,0.0025,0.003,0.002,0.001,3284596.1300000004,357732.49
1771221170,2026-02-16T13:52:50.518413,0.0025,0.003,0.002,0.001,3284596.1300000004,357714.87
1771221350,2026-02-16T13:55:50.428497,0.0025,0.003,0.002,0.001,3284596.1300000004,357714.87
1771221530,2026-02-16T13:58:50.524610,0.0025,0.003,0.002,0.001,3284596.1300000004,356444.72000000003
1771221710,2026-02-16T14:01:50.643206,0.0025,0.003,0.002,0.001,3284596.1300000004,356494.87
1771221890,2026-02-16T14:04:50.623944,0.0025,0.003,0.002,0.001,3284563.75,356494.87
1771222070,2026-02-16T14:07:50.451036,0.0025,0.003,0.002,0.001,3284563.75,356494.87
1771222250,2026-02-16T14:10:50.670501,0.0025,0.003,0.002,0.001,3284563.75,356444.72000000003
1771222430,2026-02-16T14:13:50.575824,0.0025,0.003,0.002,0.001,3284563.75,356444.72000000003
1771222610,2026-02-16T14:16:50.837260,0.0025,0.003,0.002,0.001,3284563.75,356444.72000000003
1771222790,2026-02-16T14:19:50.557102,0.0025,0.003,0.002,0.001,3284563.75,356444.72000000003
1771222970,2026-02-16T14:22:50.886011,0.0025,0.003,0.002,0.001,3284563.75,356494.87
1771223150,2026-02-16T14:25:50.843362,0.0025,0.003,0.002,0.001,3284563.75,356545.02
1771223330,2026-02-16T14:28:50.823262,0.0025,0.003,0.002,0.001,3284563.75,356545.02
1771223510,2026-02-16T14:31:50.879784,0.0025,0.003,0.002,0.001,3284563.75,356545.02
1771223690,2026-02-16T14:34:50.890501,0.0025,0.003,0.002,0.001,3284548.71,356545.02
1771223870,2026-02-16T14:37:50.808309,0.0025,0.003,0.002,0.001,3284548.71,356595.17
1771224050,2026-02-16T14:40:50.844688,0.0025,0.003,0.002,0.001,3284531.6700000004,356595.17
1771224231,2026-02-16T14:43:51.083146,0.0025,0.003,0.002,0.001,3284521.64,356595.17
1771224410,2026-02-16T14:46:50.985179,0.0025,0.003,0.002,0.001,3284521.64,356595.17
1771224590,2026-02-16T14:49:50.945699,0.0025,0.003,0.002,0.001,3284521.64,356594.64
1771224770,2026-02-16T14:52:50.986875,0.0025,0.003,0.002,0.001,3284500.5900000003,356542.12
1771224951,2026-02-16T14:55:51.102609,0.0025,0.003,0.002,0.001,3284500.5900000003,356542.12
1771225131,2026-02-16T14:58:51.047336,0.0025,0.003,0.002,0.001,3284500.5900000003,356491.97
1771225311,2026-02-16T15:01:51.084804,0.0025,0.003,0.002,0.001,3284500.5900000003,356491.97
1771225491,2026-02-16T15:04:51.164749,0.0025,0.003,0.002,0.001,3284400.5900000003,356491.97
1771225671,2026-02-16T15:07:51.174508,0.0025,0.003,0.002,0.001,3284069.33,356491.97
1771225851,2026-02-16T15:10:51.033391,0.0025,0.003,0.002,0.001,3284052.29,356491.97
1771226031,2026-02-16T15:13:51.226116,0.0025,0.003,0.002,0.001,3284052.29,356441.82
1771226211,2026-02-16T15:16:51.223204,0.0025,0.003,0.002,0.001,3284052.29,356441.82
1771226391,2026-02-16T15:19:51.239061,0.0025,0.003,0.002,0.001,3284052.29,356441.82
1771226571,2026-02-16T15:22:51.207550,0.0025,0.003,0.002,0.001,3270074.3200000003,342431.89
1771226751,2026-02-16T15:25:51.242192,0.0025,0.003,0.002,0.001,3270074.3200000003,342482.04
1771226931,2026-02-16T15:28:51.277554,0.0025,0.003,0.002,0.001,3270058.2800000003,342431.89
1771227111,2026-02-16T15:31:51.220547,0.0025,0.003,0.002,0.001,3270058.2800000003,342441.89
1771227291,2026-02-16T15:34:51.438123,0.0025,0.003,0.002,0.001,3270046.25,342391.74
1771227471,2026-02-16T15:37:51.418217,0.0025,0.003,0.002,0.001,3270020.85,342391.73
1771227651,2026-02-16T15:40:51.562785,0.0025,0.003,0.002,0.001,3270020.85,342381.73
1771227836,2026-02-16T15:43:56.034246,0.0025,0.003,0.002,0.001,3270020.85,342381.73
1771228011,2026-02-16T15:46:51.421868,0.0025,0.003,0.002,0.001,3270020.85,342381.73
1771228191,2026-02-16T15:49:51.388288,0.0025,0.003,0.002,0.001,3269984.77,342381.73
1771228371,2026-02-16T15:52:51.666521,0.0025,0.003,0.002,0.001,3269984.77,342381.73
1771228551,2026-02-16T15:55:51.431086,0.0025,0.003,0.002,0.001,3269984.77,342381.73
1771228731,2026-02-16T15:58:51.624654,0.0025,0.003,0.002,0.001,3269984.77,342381.73
1771228911,2026-02-16T16:01:51.674815,0.0025,0.003,0.002,0.001,3269984.77,342381.73
1771229091,2026-02-16T16:04:51.609470,0.0025,0.003,0.002,0.001,3269984.77,342381.73
1771229271,2026-02-16T16:07:51.862289,0.0025,0.003,0.002,0.001,3269984.77,342381.73
1771229451,2026-02-16T16:10:51.884381,0.0025,0.003,0.002,0.001,3269957.71,342381.73
1771229631,2026-02-16T16:13:51.648148,0.0025,0.003,0.002,0.001,3269957.71,342622.44
1771229811,2026-02-16T16:16:51.817431,0.0025,0.003,0.002,0.001,3269957.71,342506.72
1771229991,2026-02-16T16:19:51.827966,0.0025,0.003,0.002,0.001,3269957.71,342506.72
1771230171,2026-02-16T16:22:51.874878,0.0025,0.003,0.002,0.001,3269917.62,342506.72
1771230351,2026-02-16T16:25:51.852304,0.0025,0.003,0.002,0.001,3269917.62,342506.72
1771230531,2026-02-16T16:28:51.882954,0.0025,0.003,0.002,0.001,3269917.62,342506.72
1771230711,2026-02-16T16:31:51.824005,0.0025,0.003,0.002,0.001,3269901.58,342506.72
1771230892,2026-02-16T16:34:52.055758,0.0025,0.003,0.002,0.001,3269901.58,342456.57
1771231072,2026-02-16T16:37:52.016683,0.0025,0.003,0.002,0.001,3269862.5,342406.42
1771231251,2026-02-16T16:40:51.923302,0.0025,0.003,0.002,0.001,3269852.47,342406.42
1771231432,2026-02-16T16:43:52.042338,0.0025,0.003,0.002,0.001,3269852.47,342406.42
1771231612,2026-02-16T16:46:52.021295,0.0025,0.003,0.002,0.001,3269852.47,342406.42
1771231792,2026-02-16T16:49:52.041447,0.0025,0.003,0.002,0.001,3269852.47,342406.42
1771231972,2026-02-16T16:52:52.108646,0.0025,0.003,0.002,0.001,3269852.47,342506.72
1771232152,2026-02-16T16:55:52.094233,0.0025,0.003,0.002,0.001,3269821.4000000004,342506.63
1771232332,2026-02-16T16:58:52.117566,0.0025,0.003,0.002,0.001,3269812.0500000003,343506.63
1771232512,2026-02-16T17:01:52.217585,0.0025,0.003,0.002,0.001,3269812.0500000003,343556.78
1771232692,2026-02-16T17:04:52.216880,0.0025,0.003,0.002,0.001,3269781.98,343556.78
1771232872,2026-02-16T17:07:52.230298,0.0025,0.003,0.002,0.001,3269781.98,343556.78
1771233052,2026-02-16T17:10:52.221119,0.0025,0.003,0.002,0.001,3269744.9000000004,343506.63
1771233232,2026-02-16T17:13:52.253452,0.0025,0.003,0.002,0.001,3269744.9000000004,343416.37
1771233412,2026-02-16T17:16:52.244403,0.0025,0.003,0.002,0.001,3269744.9000000004,343787.08
1771233592,2026-02-16T17:19:52.229212,0.0025,0.003,0.002,0.001,3269744.9000000004,343787.08
1771233772,2026-02-16T17:22:52.372475,0.0025,0.003,0.002,0.001,3269744.9000000004,343736.93
1771233952,2026-02-16T17:25:52.452754,0.0025,0.003,0.002,0.001,3269744.9000000004,343787.08
1771234132,2026-02-16T17:28:52.368626,0.0025,0.003,0.002,0.001,3269712.83,344091.33999999997
1771234312,2026-02-16T17:31:52.449863,0.0025,0.003,0.002,0.001,3269712.83,344091.33999999997
1771234492,2026-02-16T17:34:52.514445,0.0025,0.003,0.002,0.001,3255909.22,343443.73
1771234672,2026-02-16T17:37:52.644584,0.0025,0.003,0.002,0.001,3255909.22,329640.13
1771234852,2026-02-16T17:40:52.428524,0.0025,0.003,0.002,0.001,3255909.22,329589.98
1771235032,2026-02-16T17:43:52.437018,0.0025,0.003,0.002,0.001,3255900.2,329591.5
1771235212,2026-02-16T17:46:52.615478,0.0025,0.003,0.002,0.001,3255900.2,330029.5
1771235392,2026-02-16T17:49:52.655542,0.0025,0.003,0.002,0.001,3255900.2,330069.65
1771235572,2026-02-16T17:52:52.631097,0.0025,0.003,0.002,0.001,3255876.14,329969.35
1771235752,2026-02-16T17:55:52.692095,0.0025,0.003,0.002,0.001,3255866.1100000003,329969.68
1771235932,2026-02-16T17:58:52.880835,0.0025,0.003,0.002,0.001,3255846.06,329969.68
1771236112,2026-02-16T18:01:52.590585,0.0025,0.003,0.002,0.001,3255808.98,330579.68
1771236292,2026-02-16T18:04:52.902669,0.0025,0.003,0.002,0.001,3255792.9400000004,330529.52999999997
1771236472,2026-02-16T18:07:52.877944,0.0025,0.003,0.002,0.001,3255717.9400000004,330529.52999999997
1771236652,2026-02-16T18:10:52.842533,0.0025,0.003,0.002,0.001,3255792.9400000004,330529.52999999997
1771236832,2026-02-16T18:13:52.821444,0.0025,0.003,0.002,0.001,3255745.8400000003,330579.68
1771237012,2026-02-16T18:16:52.876283,0.0025,0.003,0.002,0.001,3255776.89,330527.72
1771237193,2026-02-16T18:19:53.222932,0.0025,0.003,0.002,0.001,3255763.86,330527.72
1771237373,2026-02-16T18:22:53.011257,0.0025,0.003,0.002,0.001,3255747.82,330477.57
1771237553,2026-02-16T18:25:53.227682,0.0025,0.003,0.002,0.001,3255735.79,330477.57
1771237733,2026-02-16T18:28:53.076032,0.0025,0.003,0.002,0.001,3255666.64,330477.57
1771237913,2026-02-16T18:31:53.061917,0.0025,0.003,0.002,0.001,3255555.89,330477.57
1771238093,2026-02-16T18:34:53.219665,0.0025,0.003,0.002,0.001,3255535.84,330427.42
1771238273,2026-02-16T18:37:53.079467,0.0025,0.003,0.002,0.001,3255459.67,330426.99
1771238453,2026-02-16T18:40:53.057758,0.0025,0.003,0.002,0.001,3255459.67,330376.83999999997
1771238633,2026-02-16T18:43:53.049971,0.0025,0.003,0.002,0.001,3255443.63,330376.83999999997
1771238813,2026-02-16T18:46:53.218853,0.0025,0.003,0.002,0.001,3255416.57,330477.14
1771238993,2026-02-16T18:49:53.242275,0.0025,0.003,0.002,0.001,3255400.5300000003,330426.99
1771239173,2026-02-16T18:52:53.217778,0.0025,0.003,0.002,0.001,3255387.49,330376.83999999997
1771239353,2026-02-16T18:55:53.300529,0.0025,0.003,0.002,0.001,3255387.49,330376.83999999997
1771239713,2026-02-16T19:01:53.230164,0.0025,0.003,0.002,0.001,3255296.45,330301.83999999997
1771239893,2026-02-16T19:04:53.430106,0.0025,0.003,0.002,0.001,3255296.45,330351.99
1771240073,2026-02-16T19:07:53.486561,0.0025,0.003,0.002,0.001,3255223.29,330401.55
1771240253,2026-02-16T19:10:53.580000,0.0025,0.003,0.002,0.001,3255194.22,330301.24
1771240433,2026-02-16T19:13:53.430343,0.0025,0.003,0.002,0.001,3255194.22,330300.57
1771240613,2026-02-16T19:16:53.461682,0.0025,0.003,0.002,0.001,3255177.18,330300.57
1771240793,2026-02-16T19:19:53.421382,0.0025,0.003,0.002,0.001,3255161.14,330299.97
1771240973,2026-02-16T19:22:53.628034,0.0025,0.003,0.002,0.001,3255161.14,330299.97
1771241153,2026-02-16T19:25:53.607316,0.0025,0.003,0.002,0.001,3255145.1,330350.12
1771241333,2026-02-16T19:28:53.775897,0.0025,0.003,0.002,0.001,3255130.77,330350.12
1771241513,2026-02-16T19:31:53.638940,0.0025,0.003,0.002,0.001,3255105.71,330350.12
1771241693,2026-02-16T19:34:53.671742,0.0025,0.003,0.002,0.001,3255015.52,330350.12
1771241873,2026-02-16T19:37:53.635725,0.0025,0.003,0.002,0.001,3254994.52,330350.12
1771242053,2026-02-16T19:40:53.704307,0.0025,0.003,0.002,0.001,3254911.14,330299.97
1771242233,2026-02-16T19:43:53.622737,0.0025,0.003,0.002,0.001,3254886.08,332249.82
1771242413,2026-02-16T19:46:53.740637,0.0025,0.003,0.002,0.001,3254851.0,332249.82
1771242593,2026-02-16T19:49:53.653574,0.0025,0.003,0.002,0.001,3254836.97,332244.38
1771242773,2026-02-16T19:52:53.731366,0.0025,0.003,0.002,0.001,3254836.97,332244.38
1771242953,2026-02-16T19:55:53.831015,0.0025,0.003,0.002,0.001,3254686.62,332199.72
1771243133,2026-02-16T19:58:53.917619,0.0025,0.003,0.002,0.001,3254665.56,332249.87
1771243313,2026-02-16T20:01:53.862046,0.0025,0.003,0.002,0.001,3254645.51,332300.02
1771243493,2026-02-16T20:04:53.819986,0.0025,0.003,0.002,0.001,3254490.09,334249.72
1771243674,2026-02-16T20:07:54.019449,0.0025,0.003,0.002,0.001,3254474.05,334249.72
1771243854,2026-02-16T20:10:54.074330,0.0025,0.003,0.002,0.001,3254373.75,334099.27
1771244033,2026-02-16T20:13:53.879482,0.0025,0.003,0.002,0.001,3254323.6,334049.12
1771244214,2026-02-16T20:16:54.047348,0.0025,0.003,0.002,0.001,3254323.6,334099.86
1771244394,2026-02-16T20:19:54.051137,0.0025,0.003,0.002,0.001,3254273.49,334049.71
1771244574,2026-02-16T20:22:54.228934,0.0025,0.003,0.002,0.001,3254273.49,333999.56
1771244754,2026-02-16T20:25:54.036580,0.0025,0.003,0.002,0.001,3254273.49,333999.56
1771244934,2026-02-16T20:28:54.222862,0.0025,0.003,0.002,0.001,3254245.43,334549.71
1771245114,2026-02-16T20:31:54.216024,0.0025,0.003,0.002,0.001,3254245.43,334549.71
1771245298,2026-02-16T20:34:58.235188,0.0025,0.003,0.002,0.001,3254245.43,334549.71
1771245474,2026-02-16T20:37:54.152341,0.0025,0.003,0.002,0.001,3254245.43,334499.56
1771245654,2026-02-16T20:40:54.235975,0.0025,0.003,0.002,0.001,3254245.43,334650.01
1771245834,2026-02-16T20:43:54.360318,0.0025,0.003,0.002,0.001,3254245.43,334499.56
1771246014,2026-02-16T20:46:54.225160,0.0025,0.003,0.002,0.001,3254225.38,334449.41000000003
1771246194,2026-02-16T20:49:54.232152,0.0025,0.003,0.002,0.001,3254225.38,334449.41000000003
1771246374,2026-02-16T20:52:54.476705,0.0025,0.003,0.002,0.001,3254225.38,334449.41000000003
1771246554,2026-02-16T20:55:54.416327,0.0025,0.003,0.002,0.001,3254225.38,334539.67
1771246734,2026-02-16T20:58:54.422035,0.0025,0.003,0.002,0.001,3254115.38,334685.27
1771246914,2026-02-16T21:01:54.526946,0.0025,0.003,0.002,0.001,3254247.38,334425.27
1771247094,2026-02-16T21:04:54.442936,0.0025,0.003,0.002,0.001,3254200.99,334425.27
1771247274,2026-02-16T21:07:54.640506,0.0025,0.003,0.002,0.001,3254298.44,334423.27
1771247454,2026-02-16T21:10:54.650502,0.0025,0.003,0.002,0.001,3254298.44,334322.38
1771247634,2026-02-16T21:13:54.671445,0.0025,0.003,0.002,0.001,3254298.44,334422.68
1771247814,2026-02-16T21:16:54.643547,0.0025,0.003,0.002,0.001,3254257.33,328372.54
1771247994,2026-02-16T21:19:54.880429,0.0025,0.003,0.002,0.001,3254257.33,335322.38
1771248174,2026-02-16T21:22:54.849566,0.0025,0.003,0.002,0.001,3254257.33,335171.93
1771248354,2026-02-16T21:25:54.645010,0.0025,0.003,0.002,0.001,3254257.33,335222.08
1771248534,2026-02-16T21:28:54.547486,0.0025,0.003,0.002,0.001,3255757.33,335272.23
1771248714,2026-02-16T21:31:54.674654,0.0025,0.003,0.002,0.001,3255757.33,335272.23
1771248894,2026-02-16T21:34:54.868508,0.0025,0.003,0.002,0.001,3255729.27,335222.08
1771249074,2026-02-16T21:37:54.848724,0.0025,0.003,0.002,0.001,3255729.27,335171.93
1771249254,2026-02-16T21:40:54.954352,0.0025,0.003,0.002,0.001,3255729.27,335131.82
1771249439,2026-02-16T21:43:59.648200,0.0025,0.003,0.002,0.001,3257160.6199999996,335222.08
1771249614,2026-02-16T21:46:54.921707,0.0025,0.003,0.002,0.001,3257152.6,334901.23
1771249794,2026-02-16T21:49:54.894721,0.0025,0.003,0.002,0.001,3259091.4699999997,335103.07
1771249974,2026-02-16T21:52:54.845254,0.0025,0.003,0.002,0.001,3259061.4,335103.07
1771250155,2026-02-16T21:55:55.078035,0.0025,0.003,0.002,0.001,3259011.25,334960.89
1771250335,2026-02-16T21:58:55.085820,0.0025,0.003,0.002,0.001,3261011.25,335001.0
1771250515,2026-02-16T22:01:55.023191,0.0025,0.003,0.002,0.001,3261011.25,334910.74
1771250695,2026-02-16T22:04:55.047515,0.0025,0.003,0.002,0.001,3261030.33,335001.0
1771250879,2026-02-16T22:07:59.832879,0.0025,0.003,0.002,0.001,,
1771251055,2026-02-16T22:10:55.075632,0.0025,0.003,0.002,0.001,3261030.33,334950.85
1771251235,2026-02-16T22:13:55.024619,0.0025,0.003,0.002,0.001,3261030.33,334950.85
1771251415,2026-02-16T22:16:55.093164,0.0025,0.003,0.002,0.001,3260984.23,334850.55
1771251595,2026-02-16T22:19:55.083997,0.0025,0.003,0.002,0.001,3260984.23,334800.4
1771251775,2026-02-16T22:22:55.668024,0.0025,0.003,0.002,0.001,3260984.23,334850.55
1771251955,2026-02-16T22:25:55.225209,0.0025,0.003,0.002,0.001,3260947.15,334900.7
1771252135,2026-02-16T22:28:55.252729,0.0025,0.003,0.002,0.001,3260862.9699999997,334800.4
1771252315,2026-02-16T22:31:55.231221,0.0025,0.003,0.002,0.001,3260862.9699999997,334849.92
1771252495,2026-02-16T22:34:55.252220,0.0025,0.003,0.002,0.001,3260849.9299999997,334694.1
1771252855,2026-02-16T22:40:55.333836,0.0025,0.003,0.002,0.001,3245748.26,319946.05
1771253035,2026-02-16T22:43:55.363957,0.0025,0.003,0.002,0.001,3240842.2399999998,324845.75
1771253215,2026-02-16T22:46:55.464139,0.0025,0.003,0.002,0.001,3240646.38,324805.6
1771253395,2026-02-16T22:49:55.468450,0.0025,0.003,0.002,0.001,3240630.34,324566.62
1771253575,2026-02-16T22:52:55.447225,0.0025,0.003,0.002,0.001,3240630.34,324566.62
1771253755,2026-02-16T22:55:55.646168,0.0025,0.003,0.002,0.001,3240624.32,324717.07
1771253935,2026-02-16T22:58:55.425159,0.0025,0.003,0.002,0.001,3240619.31,324717.07
1771254115,2026-02-16T23:01:55.487200,0.0025,0.003,0.002,0.001,3240580.2199999997,324707.07
1771254295,2026-02-16T23:04:55.634529,0.0025,0.003,0.002,0.001,3240543.1399999997,324656.92
1771254475,2026-02-16T23:07:55.655455,0.0025,0.003,0.002,0.001,3240543.1399999997,324656.92
1771254655,2026-02-16T23:10:55.636800,0.0025,0.003,0.002,0.001,3240543.1399999997,324656.92
1771254835,2026-02-16T23:13:55.729033,0.0025,0.003,0.002,0.001,3240543.1399999997,324656.71
1771255015,2026-02-16T23:16:55.672738,0.0025,0.003,0.002,0.001,3240543.1399999997,324757.01
1771255195,2026-02-16T23:19:55.656118,0.0025,0.003,0.002,0.001,3240521.09,324807.16
1771255375,2026-02-16T23:22:55.634669,0.0025,0.003,0.002,0.001,3240340.7199999997,324863.24
1771255555,2026-02-16T23:25:55.612253,0.0025,0.003,0.002,0.001,3240340.7199999997,324848.24
1771255735,2026-02-16T23:28:55.566277,0.0025,0.003,0.002,0.001,3240098.63,324898.39
1771255915,2026-02-16T23:31:55.936391,0.0025,0.003,0.002,0.001,3240140.71,318998.25
1771256095,2026-02-16T23:34:55.839358,0.0025,0.003,0.002,0.001,3240140.71,324356.24
1771256275,2026-02-16T23:37:55.848174,0.0025,0.003,0.002,0.001,3240010.44,324205.79
1771256455,2026-02-16T23:40:55.841060,0.0025,0.003,0.002,0.001,3240010.44,324105.49
1771256636,2026-02-16T23:43:56.233659,0.0025,0.003,0.002,0.001,3240002.42,324105.49
1771256816,2026-02-16T23:46:56.225492,0.0025,0.003,0.002,0.001,3240002.42,324155.64
1771256996,2026-02-16T23:49:56.068876,0.0025,0.003,0.002,0.001,3240002.42,324205.79
1771257175,2026-02-16T23:52:55.896156,0.0025,0.003,0.002,0.001,3239958.33,324255.94
1771257356,2026-02-16T23:55:56.074792,0.0025,0.003,0.002,0.001,3239885.17,324105.49
1771257536,2026-02-16T23:58:56.055799,0.0025,0.003,0.002,0.001,3239877.55,324105.49
1771257716,2026-02-17T00:01:56.081866,0.0025,0.003,0.002,0.001,3239870.88,324105.49
1771257896,2026-02-17T00:04:56.030476,0.0025,0.003,0.002,0.001,3239960.4699999997,324105.49
1771258076,2026-02-17T00:07:56.263062,0.0025,0.003,0.002,0.001,3239960.4699999997,324105.49
1771258256,2026-02-17T00:10:56.047428,0.0025,0.003,0.002,0.001,3239892.32,324055.52999999997
1771258436,2026-02-17T00:13:56.054562,0.0025,0.003,0.002,0.001,3239869.77,324155.83
1771258616,2026-02-17T00:16:56.080879,0.0025,0.003,0.002,0.001,3239859.75,324105.68
1771258796,2026-02-17T00:19:56.267600,0.0025,0.003,0.002,0.001,3239859.75,324105.68
1771258976,2026-02-17T00:22:56.465444,0.0025,0.003,0.002,0.001,3239859.75,324205.98
1771259156,2026-02-17T00:25:56.239781,0.0025,0.003,0.002,0.001,3239859.75,324205.98
1771259336,2026-02-17T00:28:56.209418,0.0025,0.003,0.002,0.001,3239859.75,324105.68
1771259516,2026-02-17T00:31:56.203334,0.0025,0.003,0.002,0.001,3239859.75,324055.52999999997
1771259696,2026-02-17T00:34:56.265461,0.0025,0.003,0.002,0.001,3239859.75,324055.52999999997
1771259876,2026-02-17T00:37:56.271265,0.0025,0.003,0.002,0.001,3239828.68,324055.52999999997
1771260056,2026-02-17T00:40:56.296501,0.0025,0.003,0.002,0.001,3239807.63,324055.52999999997
1771260236,2026-02-17T00:43:56.420895,0.0025,0.003,0.002,0.001,3239778.57,324055.52999999997
1771260416,2026-02-17T00:46:56.439764,0.0025,0.003,0.002,0.001,3239753.52,324155.83
1771260596,2026-02-17T00:49:56.422848,0.0025,0.003,0.002,0.001,3239713.44,323545.83
1771260776,2026-02-17T00:52:56.446258,0.0025,0.003,0.002,0.001,3239688.8,323294.88
1771260956,2026-02-17T00:55:56.416598,0.0025,0.003,0.002,0.001,3239688.8,323345.02999999997
1771261136,2026-02-17T00:58:56.655575,0.0025,0.003,0.002,0.001,3239688.8,323395.18
1771261316,2026-02-17T01:01:56.448428,0.0025,0.003,0.002,0.001,3239688.8,323294.88
1771261496,2026-02-17T01:04:56.667743,0.0025,0.003,0.002,0.001,3239658.7399999998,323345.02999999997
1771261676,2026-02-17T01:07:56.451104,0.0025,0.003,0.002,0.001,3239658.7399999998,323294.88
1771261856,2026-02-17T01:10:56.548645,0.0025,0.003,0.002,0.001,3239658.7399999998,323395.18
1771262036,2026-02-17T01:13:56.665283,0.0025,0.003,0.002,0.001,3239658.7399999998,323294.88
1771262216,2026-02-17T01:16:56.643872,0.0025,0.003,0.002,0.001,3239658.7399999998,322295.18
1771262396,2026-02-17T01:19:56.642832,0.0025,0.003,0.002,0.001,3239658.7399999998,322345.33
1771262576,2026-02-17T01:22:56.830746,0.0025,0.003,0.002,0.001,3239658.7399999998,322295.18
1771262756,2026-02-17T01:25:56.831629,0.0025,0.003,0.002,0.001,3239658.7399999998,322144.64
1771262936,2026-02-17T01:28:56.815415,0.0025,0.003,0.002,0.001,3239658.7399999998,322144.64
1771263116,2026-02-17T01:31:56.797221,0.0025,0.003,0.002,0.001,3239658.7399999998,322044.34
1771263296,2026-02-17T01:34:56.864798,0.0025,0.003,0.002,0.001,3239658.7399999998,322044.34
1771263477,2026-02-17T01:37:57.365050,0.0025,0.003,0.002,0.001,3239658.7399999998,322044.34
1771263657,2026-02-17T01:40:57.086605,0.0025,0.003,0.002,0.001,3239658.7399999998,322144.64
1771263837,2026-02-17T01:43:57.162593,0.0025,0.003,0.002,0.001,3239658.7399999998,322094.49
1771264017,2026-02-17T01:46:57.072235,0.0025,0.003,0.002,0.001,3239658.7399999998,322194.79
1771264197,2026-02-17T01:49:57.104898,0.0025,0.003,0.002,0.001,3239658.7399999998,322295.09
1771264377,2026-02-17T01:52:57.099337,0.002,0.003,0.001,0.002,3236785.23,324594.81
1771264557,2026-02-17T01:55:57.063521,0.0015,0.002,0.001,0.001,3236785.23,324027.4
1771264737,2026-02-17T01:58:57.065025,0.0015,0.002,0.001,0.001,3236785.23,323841.18
1771264917,2026-02-17T02:01:57.088310,0.0015,0.002,0.001,0.001,3236785.23,324306.38
1771265097,2026-02-17T02:04:57.232736,0.0015,0.002,0.001,0.001,3236785.23,324298.69
1771265277,2026-02-17T02:07:57.292059,0.0015,0.002,0.001,0.001,3296785.23,324248.59
1771265457,2026-02-17T02:10:57.256535,0.0015,0.002,0.001,0.001,3296785.23,324248.59
1771265637,2026-02-17T02:13:57.261667,0.0015,0.002,0.001,0.001,3296785.23,324348.79000000004
1771265817,2026-02-17T02:16:57.283365,0.0015,0.002,0.001,0.001,3296785.23,324448.99
1771265997,2026-02-17T02:19:57.279480,0.0015,0.002,0.001,0.001,3296785.23,324198.49
1771266177,2026-02-17T02:22:57.308648,0.0015,0.002,0.001,0.001,3296785.23,324298.69
1771266357,2026-02-17T02:25:57.239230,0.0015,0.002,0.001,0.001,3296785.23,324248.59
1771266537,2026-02-17T02:28:57.273510,0.0015,0.002,0.001,0.001,3296584.35,324247.29
1771266717,2026-02-17T02:31:57.445304,0.0015,0.002,0.001,0.001,3296584.35,324446.86
1771266897,2026-02-17T02:34:57.286308,0.0015,0.002,0.001,0.001,3296077.36,324396.77
1771267077,2026-02-17T02:37:57.451115,0.0015,0.002,0.001,0.001,3296077.36,324396.35
1771267257,2026-02-17T02:40:57.439237,0.0015,0.002,0.001,0.001,3296077.36,324596.75
1771267437,2026-02-17T02:43:57.505788,0.0015,0.002,0.001,0.001,3296077.36,325203.94
1771267617,2026-02-17T02:46:57.470367,0.0015,0.002,0.001,0.001,3296077.36,325203.02
1771267797,2026-02-17T02:49:57.675816,0.0015,0.002,0.001,0.001,3296077.36,325102.82
1771267977,2026-02-17T02:52:57.611957,0.0015,0.002,0.001,0.001,3296077.36,325403.42
1771268157,2026-02-17T02:55:57.679289,0.0015,0.002,0.001,0.001,3296077.36,325403.42
1771268337,2026-02-17T02:58:57.669837,0.0015,0.002,0.001,0.001,3296077.36,325353.32
1771268517,2026-02-17T03:01:57.688992,0.0015,0.002,0.001,0.001,3296077.36,325303.22
1771268697,2026-02-17T03:04:57.675254,0.0015,0.002,0.001,0.001,3296077.36,325102.82
1771268877,2026-02-17T03:07:57.662629,0.0015,0.002,0.001,0.001,3296077.36,325002.62
1771269057,2026-02-17T03:10:57.702040,0.0015,0.002,0.001,0.001,3296077.36,325303.22
1771269237,2026-02-17T03:13:57.885114,0.0015,0.002,0.001,0.001,3296077.36,325152.92
1771269417,2026-02-17T03:16:57.629555,0.0015,0.002,0.001,0.001,3296077.36,325002.62
1771269597,2026-02-17T03:19:57.893037,0.0015,0.002,0.001,0.001,3296077.36,325102.82
1771269777,2026-02-17T03:22:57.882718,0.0015,0.002,0.001,0.001,3296077.36,325102.82
1771269957,2026-02-17T03:25:57.903991,0.0015,0.002,0.001,0.001,3296077.36,325152.92
1771270137,2026-02-17T03:28:57.865291,0.0015,0.002,0.001,0.001,3296077.36,325154.49
1771270317,2026-02-17T03:31:57.910863,0.0015,0.002,0.001,0.001,3296077.36,325154.49
1771270498,2026-02-17T03:34:58.089745,0.0015,0.002,0.001,0.001,3296077.36,324954.09
1771270678,2026-02-17T03:37:58.230373,0.0015,0.002,0.001,0.001,3296077.36,325004.19
1771270857,2026-02-17T03:40:57.977634,0.0015,0.002,0.001,0.001,3296077.36,324903.99
1771271038,2026-02-17T03:43:58.094230,0.0015,0.002,0.001,0.001,3296077.36,324903.99
1771271218,2026-02-17T03:46:58.084198,0.0015,0.002,0.001,0.001,3296077.36,325054.29
1771271398,2026-02-17T03:49:58.090383,0.0015,0.002,0.001,0.001,3296077.36,325054.29
1771271578,2026-02-17T03:52:58.074424,0.0015,0.002,0.001,0.001,3296077.36,325104.39
1771271758,2026-02-17T03:55:58.094339,0.0015,0.002,0.001,0.001,3296077.36,324903.99
1771271938,2026-02-17T03:58:58.242976,0.0015,0.002,0.001,0.001,3296077.36,324903.99
1771272118,2026-02-17T04:01:58.217271,0.0015,0.002,0.001,0.001,3295915.36,325004.19
1771272298,2026-02-17T04:04:58.168143,0.0015,0.002,0.001,0.001,3295915.36,325004.19
1771272478,2026-02-17T04:07:58.225279,0.0015,0.002,0.001,0.001,3295915.36,324903.99
1771272658,2026-02-17T04:10:58.240522,0.0015,0.002,0.001,0.001,3295915.36,325068.45
1771272838,2026-02-17T04:13:58.247152,0.0015,0.002,0.001,0.001,3295915.36,325067.36
1771273018,2026-02-17T04:16:58.301045,0.0015,0.002,0.001,0.001,3295915.36,325067.36
1771273198,2026-02-17T04:19:58.258880,0.0015,0.002,0.001,0.001,3295915.36,325067.36
1771273378,2026-02-17T04:22:58.252367,0.0015,0.002,0.001,0.001,3295915.36,325067.36
1771273558,2026-02-17T04:25:58.278733,0.0015,0.002,0.001,0.001,3295915.36,325067.36
1771273738,2026-02-17T04:28:58.306993,0.0015,0.002,0.001,0.001,3295915.36,325167.56
1771273918,2026-02-17T04:31:58.312232,0.0015,0.002,0.001,0.001,3295915.36,325167.56
1771274098,2026-02-17T04:34:58.362428,0.0015,0.002,0.001,0.001,3295915.36,325167.56
1771274278,2026-02-17T04:37:58.362064,0.0015,0.002,0.001,0.001,3295915.36,325317.86
1771274458,2026-02-17T04:40:58.446811,0.0015,0.002,0.001,0.001,3295915.36,325317.86
1771274638,2026-02-17T04:43:58.436398,0.0015,0.002,0.001,0.001,3295915.36,324817.86
1771274818,2026-02-17T04:46:58.452073,0.0015,0.002,0.001,0.001,3295915.36,324867.96
1771274998,2026-02-17T04:49:58.481256,0.0015,0.002,0.001,0.001,3295915.36,324617.46
1771275178,2026-02-17T04:52:58.680420,0.0015,0.002,0.001,0.001,3296399.15,324617.46
1771275358,2026-02-17T04:55:58.468035,0.0015,0.002,0.001,0.001,3296399.15,324667.56
1771275538,2026-02-17T04:58:58.683293,0.0015,0.002,0.001,0.001,3296399.15,324968.16
1771275718,2026-02-17T05:01:58.648586,0.0015,0.002,0.001,0.001,3296399.15,325018.26
1771275899,2026-02-17T05:04:59.310980,0.0015,0.002,0.001,0.001,3296399.15,324918.06
1771276078,2026-02-17T05:07:58.629839,0.0015,0.002,0.001,0.001,3296399.15,323584.73
1771276258,2026-02-17T05:10:58.666646,0.0015,0.002,0.001,0.001,3296874.65,323234.02999999997
1771276438,2026-02-17T05:13:58.640976,0.0015,0.002,0.001,0.001,3297417.9,323234.02999999997
1771276618,2026-02-17T05:16:58.777438,0.0015,0.002,0.001,0.001,3297417.9,323234.02999999997
1771276802,2026-02-17T05:20:02.971836,0.0015,0.002,0.001,0.001,3297417.9,323234.02999999997
1771276978,2026-02-17T05:22:58.876696,0.0015,0.002,0.001,0.001,3297417.9,323234.02999999997
1771277158,2026-02-17T05:25:58.907983,0.0015,0.002,0.001,0.001,3297417.9,323234.02999999997
1771277338,2026-02-17T05:28:58.904880,0.0015,0.002,0.001,0.001,3297417.9,323234.02999999997
1771277518,2026-02-17T05:31:58.893323,0.0015,0.002,0.001,0.001,3297417.9,323234.02999999997
1771277698,2026-02-17T05:34:58.897287,0.0015,0.002,0.001,0.001,3297417.9,323234.02999999997
1771277878,2026-02-17T05:37:58.914690,0.0015,0.002,0.001,0.001,3297417.9,323384.33
1771278059,2026-02-17T05:40:59.055132,0.0015,0.002,0.001,0.001,3297417.9,323434.43
1771278238,2026-02-17T05:43:58.934822,0.0015,0.002,0.001,0.001,3297412.06,317790.46
1771278419,2026-02-17T05:46:59.064978,0.0015,0.002,0.001,0.001,3297951.45,317739.42
1771278599,2026-02-17T05:49:59.249618,0.0015,0.002,0.001,0.001,3297951.45,317895.55
1771278779,2026-02-17T05:52:59.156302,0.0015,0.002,0.001,0.001,3292742.86,317338.15
1771278959,2026-02-17T05:55:59.225939,0.0015,0.002,0.001,0.001,3292739.24,317131.92
1771279139,2026-02-17T05:58:59.069955,0.0015,0.002,0.001,0.001,3292739.24,322625.33
1771279319,2026-02-17T06:01:59.088312,0.0015,0.002,0.001,0.001,3292739.24,322625.33
1771279499,2026-02-17T06:04:59.117676,0.0015,0.002,0.001,0.001,3292739.24,322630.96
1771279679,2026-02-17T06:07:59.275134,0.0015,0.002,0.001,0.001,3292739.24,322677.47
1771279859,2026-02-17T06:10:59.249271,0.0015,0.002,0.001,0.001,3292739.24,322727.57
1771280039,2026-02-17T06:13:59.238630,0.0015,0.002,0.001,0.001,3292738.12,322606.83
1771280219,2026-02-17T06:16:59.277615,0.0015,0.002,0.001,0.001,3292732.62,323038.67
1771280399,2026-02-17T06:19:59.296562,0.0015,0.002,0.001,0.001,3293257.62,320070.48
1771280579,2026-02-17T06:22:59.347184,0.0015,0.002,0.001,0.001,3293357.62,320170.68
1771280759,2026-02-17T06:25:59.468317,0.0015,0.002,0.001,0.001,3293600.62,320144.34
1771280939,2026-02-17T06:28:59.475519,0.0015,0.002,0.001,0.001,3293600.62,320149.54
1771281119,2026-02-17T06:31:59.641323,0.0015,0.002,0.001,0.001,3290625.62,320249.74
1771281299,2026-02-17T06:34:59.484678,0.0015,0.002,0.001,0.001,3290625.62,320299.84
1771281479,2026-02-17T06:37:59.526141,0.0015,0.002,0.001,0.001,3290625.62,320543.73
1771281659,2026-02-17T06:40:59.659242,0.0015,0.002,0.001,0.001,3290625.62,323324.74
1771281839,2026-02-17T06:43:59.679337,0.0015,0.002,0.001,0.001,3290625.62,323274.64
1771282019,2026-02-17T06:46:59.692646,0.0015,0.002,0.001,0.001,3290625.62,323174.44
1771282199,2026-02-17T06:49:59.648137,0.0015,0.002,0.001,0.001,3290625.62,323124.34
1771282379,2026-02-17T06:52:59.662150,0.0015,0.002,0.001,0.001,3290625.62,323174.44
1771282559,2026-02-17T06:55:59.681037,0.0015,0.002,0.001,0.001,3290625.62,323124.34
1771282739,2026-02-17T06:58:59.660120,0.0015,0.002,0.001,0.001,3290625.62,323174.44
1771282919,2026-02-17T07:01:59.678718,0.0015,0.002,0.001,0.001,3290625.62,323174.44
1771283099,2026-02-17T07:04:59.679900,0.0015,0.002,0.001,0.001,3290625.62,323174.44
1771283279,2026-02-17T07:07:59.880642,0.0015,0.002,0.001,0.001,3290625.62,323174.44
1771283459,2026-02-17T07:10:59.677873,0.0015,0.002,0.001,0.001,3290625.62,323124.34
1771283639,2026-02-17T07:13:59.762665,0.0015,0.002,0.001,0.001,3290625.62,323124.34
1771283819,2026-02-17T07:16:59.937849,0.0015,0.002,0.001,0.001,3290625.62,323224.54
1771283999,2026-02-17T07:19:59.964858,0.0015,0.002,0.001,0.001,3290625.62,323224.54
1771284179,2026-02-17T07:22:59.906809,0.0015,0.002,0.001,0.001,3290625.62,323224.54
1771284359,2026-02-17T07:25:59.907948,0.0015,0.002,0.001,0.001,3290625.62,323224.54
1771284540,2026-02-17T07:29:00.224466,0.0015,0.002,0.001,0.001,3290625.62,323224.54
1771284720,2026-02-17T07:32:00.244090,0.0015,0.002,0.001,0.001,3290625.62,322243.44
1771284899,2026-02-17T07:34:59.996097,0.0015,0.002,0.001,0.001,3290625.62,322243.44
1771285080,2026-02-17T07:38:00.082391,0.0015,0.002,0.001,0.001,3290625.62,322391.89
1771285260,2026-02-17T07:41:00.016667,0.0015,0.002,0.001,0.001,3290625.62,322441.99
1771285440,2026-02-17T07:44:00.072172,0.0015,0.002,0.001,0.001,3290625.62,322391.89
1771285620,2026-02-17T07:47:00.167220,0.0015,0.002,0.001,0.001,3290625.62,322341.79
1771285800,2026-02-17T07:50:00.171634,0.0015,0.002,0.001,0.001,3290525.62,322341.79
1771285980,2026-02-17T07:53:00.227762,0.0015,0.002,0.001,0.001,3290525.62,322341.79
1771286160,2026-02-17T07:56:00.050216,0.0015,0.002,0.001,0.001,3290625.62,322341.79
1771286340,2026-02-17T07:59:00.232876,0.0015,0.002,0.001,0.001,3290625.62,322341.79
1771286520,2026-02-17T08:02:00.229332,0.0015,0.002,0.001,0.001,3290625.62,322291.69
1771286700,2026-02-17T08:05:00.323678,0.0015,0.002,0.001,0.001,3290625.62,322292.46
1771286880,2026-02-17T08:08:00.334416,0.0015,0.002,0.001,0.001,3290625.62,322292.46
1771287060,2026-02-17T08:11:00.460837,0.0015,0.002,0.001,0.001,3290625.62,322292.46
1771287240,2026-02-17T08:14:00.279506,0.0015,0.002,0.001,0.001,3290625.62,322292.46
1771287420,2026-02-17T08:17:00.316574,0.0015,0.002,0.001,0.001,3290620.62,322322.74
1771287600,2026-02-17T08:20:00.303899,0.0015,0.002,0.001,0.001,3290625.62,322292.46
1771287780,2026-02-17T08:23:00.467733,0.0015,0.002,0.001,0.001,3290625.62,322292.46
1771287960,2026-02-17T08:26:00.265718,0.0015,0.002,0.001,0.001,3290620.62,322272.64
1771288140,2026-02-17T08:29:00.493366,0.0015,0.002,0.001,0.001,3290625.62,322342.56
1771288320,2026-02-17T08:32:00.500128,0.0015,0.002,0.001,0.001,3290625.62,322338.88
1771288500,2026-02-17T08:35:00.537377,0.0015,0.002,0.001,0.001,3290625.62,322290.62
1771288680,2026-02-17T08:38:00.656974,0.0015,0.002,0.001,0.001,3290625.62,322390.82
1771288860,2026-02-17T08:41:00.488038,0.0015,0.002,0.001,0.001,3290625.62,322390.82
1771289220,2026-02-17T08:47:00.653157,0.0015,0.002,0.001,0.001,3290625.62,322340.72
1771289400,2026-02-17T08:50:00.640720,0.0015,0.002,0.001,0.001,3290625.62,322190.42
1771289580,2026-02-17T08:53:00.694199,0.0015,0.002,0.001,0.001,3290625.62,322190.42
1771289760,2026-02-17T08:56:00.784132,0.002,0.003,0.001,0.002,3290625.62,315413.7
1771289940,2026-02-17T08:59:00.624084,0.0015,0.002,0.001,0.001,3290625.62,315553.77
1771290120,2026-02-17T09:02:00.730865,0.0015,0.002,0.001,0.001,3290675.72,315553.77
1771290300,2026-02-17T09:05:00.722050,0.0015,0.002,0.001,0.001,3290675.72,315553.77
1771290480,2026-02-17T09:08:00.877025,0.0015,0.002,0.001,0.001,3290675.72,315553.77
1771290660,2026-02-17T09:11:00.874189,0.0015,0.002,0.001,0.001,3290675.72,315553.77
1771290840,2026-02-17T09:14:00.898707,0.0015,0.002,0.001,0.001,3290675.72,315453.52
1771291020,2026-02-17T09:17:00.880398,0.0015,0.002,0.001,0.001,3290675.72,315452.77
1771291200,2026-02-17T09:20:00.902440,0.0015,0.002,0.001,0.001,3290675.72,322137.6
1771291380,2026-02-17T09:23:00.925461,0.0015,0.002,0.001,0.001,3290675.72,322558.41
1771291561,2026-02-17T09:26:01.033706,0.0015,0.002,0.001,0.001,3290675.72,322558.41
1771291741,2026-02-17T09:29:01.228606,0.0015,0.002,0.001,0.001,3290675.72,322558.41
1771291921,2026-02-17T09:32:01.180529,0.0015,0.002,0.001,0.001,3290675.72,322558.41
1771292101,2026-02-17T09:35:01.106477,0.0015,0.002,0.001,0.001,3290675.72,320162.68
1771292281,2026-02-17T09:38:01.047072,0.0015,0.002,0.001,0.001,3290675.72,320663.68
1771292461,2026-02-17T09:41:01.218666,0.0015,0.002,0.001,0.001,3290675.72,320713.77999999997
1771292641,2026-02-17T09:44:01.093736,0.0015,0.002,0.001,0.001,3290675.72,320713.77999999997
1771292821,2026-02-17T09:47:01.069476,0.0015,0.002,0.001,0.001,3290675.72,320864.08
1771293001,2026-02-17T09:50:01.249681,0.0015,0.002,0.001,0.001,3290675.72,320864.08
1771293181,2026-02-17T09:53:01.170065,0.0015,0.002,0.001,0.001,3290675.72,320864.08
1771293361,2026-02-17T09:56:01.305250,0.0015,0.002,0.001,0.001,3290675.72,320864.08
1771293541,2026-02-17T09:59:01.322482,0.0015,0.002,0.001,0.001,3290675.72,320813.98
1771293721,2026-02-17T10:02:01.253912,0.0015,0.002,0.001,0.001,3290675.72,320763.88
1771293901,2026-02-17T10:05:01.335552,0.0015,0.002,0.001,0.001,3290675.72,320663.68
1771294081,2026-02-17T10:08:01.373844,0.0015,0.002,0.001,0.001,3290723.75,320713.77999999997
1771294261,2026-02-17T10:11:01.294878,0.0015,0.002,0.001,0.001,3290723.75,320713.77999999997
1771294441,2026-02-17T10:14:01.446671,0.0015,0.002,0.001,0.001,3290723.75,320713.77999999997
1771294621,2026-02-17T10:17:01.467436,0.0015,0.002,0.001,0.001,3290723.75,320713.77999999997
1771294801,2026-02-17T10:20:01.341221,0.0015,0.002,0.001,0.001,3290723.75,320711.72
1771294981,2026-02-17T10:23:01.644025,0.0015,0.002,0.001,0.001,3290675.71,320711.72
1771295161,2026-02-17T10:26:01.513542,0.0015,0.002,0.001,0.001,3290675.71,320761.82
1771295341,2026-02-17T10:29:01.502744,0.0015,0.002,0.001,0.001,3290675.71,320761.82
1771295521,2026-02-17T10:32:01.691887,0.0015,0.002,0.001,0.001,3290675.71,320811.92
1771295701,2026-02-17T10:35:01.677525,0.0015,0.002,0.001,0.001,3290675.71,320811.92
1771295881,2026-02-17T10:38:01.691751,0.0015,0.002,0.001,0.001,3290675.71,320811.92
1771296061,2026-02-17T10:41:01.669749,0.0015,0.002,0.001,0.001,3290675.71,321760.92
1771296241,2026-02-17T10:44:01.668253,0.0015,0.002,0.001,0.001,3290675.71,321811.02
1771296421,2026-02-17T10:47:01.645698,0.0015,0.002,0.001,0.001,3290675.71,321760.92
1771296601,2026-02-17T10:50:01.568836,0.0015,0.002,0.001,0.001,3290675.71,321710.82
1771296781,2026-02-17T10:53:01.899120,0.0015,0.002,0.001,0.001,3290675.71,321490.72
1771296961,2026-02-17T10:56:01.866284,0.0015,0.002,0.001,0.001,3290675.71,321490.72
1771297141,2026-02-17T10:59:01.901686,0.0015,0.002,0.001,0.001,3290675.71,321833.72
1771297321,2026-02-17T11:02:01.950246,0.0015,0.002,0.001,0.001,3290575.71,321693.72
1771297506,2026-02-17T11:05:06.448663,0.0015,0.002,0.001,0.001,3290575.71,321693.72
1771297681,2026-02-17T11:08:01.897414,0.0015,0.002,0.001,0.001,3290575.71,321693.72
1771297861,2026-02-17T11:11:01.926029,0.0015,0.002,0.001,0.001,3290575.71,322085.72
1771298041,2026-02-17T11:14:01.900935,0.0015,0.002,0.001,0.001,3290675.71,322085.72
1771298222,2026-02-17T11:17:02.237047,0.0015,0.002,0.001,0.001,3290675.71,322534.72
1771298402,2026-02-17T11:20:02.059701,0.0015,0.002,0.001,0.001,3290675.71,322085.72
1771298582,2026-02-17T11:23:02.091008,0.0015,0.002,0.001,0.001,3290675.71,322787.72
1771298762,2026-02-17T11:26:02.136866,0.0015,0.002,0.001,0.001,3290675.71,322362.64
1771298942,2026-02-17T11:29:02.056948,0.0015,0.002,0.001,0.001,3290675.71,322362.64
1771299122,2026-02-17T11:32:02.181833,0.0015,0.002,0.001,0.001,3290675.71,322362.64
1771299302,2026-02-17T11:35:02.230815,0.0015,0.002,0.001,0.001,3290675.7,322810.74
1771299482,2026-02-17T11:38:02.087689,0.0015,0.002,0.001,0.001,3290675.7,322860.84
1771299662,2026-02-17T11:41:02.203252,0.0015,0.002,0.001,0.001,3290675.7,320729.84
1771299842,2026-02-17T11:44:02.248361,0.0015,0.002,0.001,0.001,3290675.7,318953.39
1771300022,2026-02-17T11:47:02.222932,0.0015,0.002,0.001,0.001,3290663.69,318954.39
1771300202,2026-02-17T11:50:02.324599,0.0015,0.002,0.001,0.001,3290663.69,318954.39
1771300382,2026-02-17T11:53:02.232010,0.0015,0.002,0.001,0.001,3290663.69,318854.19
1771300562,2026-02-17T11:56:02.234131,0.0015,0.002,0.001,0.001,3291084.5,318322.19
1771300742,2026-02-17T11:59:02.268995,0.0015,0.002,0.001,0.001,3291084.5,318372.29
1771300922,2026-02-17T12:02:02.236757,0.0015,0.002,0.001,0.001,3291084.5,318322.19
1771301102,2026-02-17T12:05:02.314561,0.0025,0.003,0.002,0.001,3291386.37,319133.48
1771301282,2026-02-17T12:08:02.296876,0.0025,0.003,0.002,0.001,3291386.37,319337.48
1771301462,2026-02-17T12:11:02.366978,0.0025,0.003,0.002,0.001,3291386.37,319337.48
1771301642,2026-02-17T12:14:02.290615,0.0025,0.003,0.002,0.001,3291237.37,319536.48
1771301822,2026-02-17T12:17:02.406541,0.0025,0.003,0.002,0.001,3291137.37,319536.48
1771302002,2026-02-17T12:20:02.440089,0.0025,0.003,0.002,0.001,3291137.37,319536.48
1771302182,2026-02-17T12:23:02.669838,0.0025,0.003,0.002,0.001,3291232.25,319536.48
1771302362,2026-02-17T12:26:02.436325,0.0025,0.003,0.002,0.001,3291232.25,319737.08
1771302542,2026-02-17T12:29:02.432588,0.0025,0.003,0.002,0.001,3291232.25,319785.88
1771302722,2026-02-17T12:32:02.671825,0.0025,0.003,0.002,0.001,3291232.25,319635.43
1771302902,2026-02-17T12:35:02.544992,0.0025,0.003,0.002,0.001,3291232.25,319585.28
1771303082,2026-02-17T12:38:02.563825,0.0025,0.003,0.002,0.001,3291232.25,319735.73
1771303262,2026-02-17T12:41:02.663151,0.0025,0.003,0.002,0.001,3291232.25,319886.18
1771303442,2026-02-17T12:44:02.743669,0.0025,0.003,0.002,0.001,3291232.25,319886.18
1771303627,2026-02-17T12:47:07.480222,0.0025,0.003,0.002,0.001,3291232.25,319785.88
1771303802,2026-02-17T12:50:02.881307,0.0025,0.003,0.002,0.001,3291232.25,319785.88
1771303982,2026-02-17T12:53:02.676311,0.0025,0.003,0.002,0.001,3291232.25,319735.73
1771304162,2026-02-17T12:56:02.810786,0.0025,0.003,0.002,0.001,3291232.25,319683.33
1771304342,2026-02-17T12:59:02.733972,0.0025,0.003,0.002,0.001,3291232.25,320066.18
1771304522,2026-02-17T13:02:02.781818,0.0025,0.003,0.002,0.001,3291232.25,320066.18
1771304702,2026-02-17T13:05:02.826800,0.0025,0.003,0.002,0.001,3291232.25,320016.03
1771304882,2026-02-17T13:08:02.921343,0.0025,0.003,0.002,0.001,3291232.25,319965.88
1771305063,2026-02-17T13:11:03.202370,0.0025,0.003,0.002,0.001,3291232.25,319965.88
1771305242,2026-02-17T13:14:02.883983,0.0025,0.003,0.002,0.001,3291232.25,320016.03
1771305422,2026-02-17T13:17:02.873980,0.0025,0.003,0.002,0.001,3291232.25,320116.33
1771305783,2026-02-17T13:23:03.079282,0.0025,0.003,0.002,0.001,3291232.25,320166.48
1771305962,2026-02-17T13:26:02.909993,0.0025,0.003,0.002,0.001,3291157.25,319539.93
1771306143,2026-02-17T13:29:03.089752,0.0025,0.003,0.002,0.001,3291157.25,319640.23
1771306323,2026-02-17T13:32:03.082854,0.0025,0.003,0.002,0.001,3291157.25,319640.23
1771306503,2026-02-17T13:35:03.226054,0.0025,0.003,0.002,0.001,3291157.25,319640.23
1771306683,2026-02-17T13:38:03.179497,0.0025,0.003,0.002,0.001,3291157.25,319688.72
1771306863,2026-02-17T13:41:03.236041,0.0025,0.003,0.002,0.001,3291658.25,320079.87
1771307043,2026-02-17T13:44:03.449670,0.0025,0.003,0.002,0.001,3291658.25,319979.57
1771307223,2026-02-17T13:47:03.295240,0.0025,0.003,0.002,0.001,3291658.25,319929.42
1771307403,2026-02-17T13:50:03.309718,0.0025,0.003,0.002,0.001,3291658.25,319929.42
1771307583,2026-02-17T13:53:03.438736,0.0025,0.003,0.002,0.001,3291658.25,319929.42
1771307763,2026-02-17T13:56:03.232935,0.0025,0.003,0.002,0.001,3291658.25,319929.42
1771307943,2026-02-17T13:59:03.257472,0.0025,0.003,0.002,0.001,3291658.25,319879.27
1771308123,2026-02-17T14:02:03.441292,0.0025,0.003,0.002,0.001,3291658.25,319879.27
1771308303,2026-02-17T14:05:03.306219,0.0025,0.003,0.002,0.001,3291658.25,319829.12
1771308483,2026-02-17T14:08:03.286710,0.0025,0.003,0.002,0.001,3291625.21,319879.27
1771308668,2026-02-17T14:11:08.238407,0.0025,0.003,0.002,0.001,3291613.89,319829.12
1771308843,2026-02-17T14:14:03.432508,0.0025,0.003,0.002,0.001,3291578.91,319829.12
1771309023,2026-02-17T14:17:03.454051,0.0025,0.003,0.002,0.001,3291564.23,319879.27
1771309203,2026-02-17T14:20:03.512954,0.0025,0.003,0.002,0.001,3291564.23,319979.57
1771309383,2026-02-17T14:23:03.644618,0.0025,0.003,0.002,0.001,3291564.23,319929.42
1771309563,2026-02-17T14:26:03.683836,0.0025,0.003,0.002,0.001,3291507.91,319929.42
1771309743,2026-02-17T14:29:03.641377,0.002,0.003,0.001,0.002,3291553.0,320829.04
1771309923,2026-02-17T14:32:03.895541,0.002,0.003,0.001,0.002,3291553.0,320778.89
1771310103,2026-02-17T14:35:03.662575,0.0015,0.002,0.001,0.001,3291553.0,318872.29
1771310283,2026-02-17T14:38:03.652181,0.0015,0.002,0.001,0.001,3291553.0,318872.29
1771310463,2026-02-17T14:41:03.697411,0.0015,0.002,0.001,0.001,3291553.0,318872.29
1771310643,2026-02-17T14:44:03.721164,0.0015,0.002,0.001,0.001,3291553.0,318872.29
1771310823,2026-02-17T14:47:03.679181,0.0015,0.002,0.001,0.001,3291553.0,318922.39
1771311003,2026-02-17T14:50:03.910558,0.0015,0.002,0.001,0.001,3291652.99,318922.39
1771311183,2026-02-17T14:53:03.713941,0.0015,0.002,0.001,0.001,3291652.99,318872.29
1771311363,2026-02-17T14:56:03.874646,0.0015,0.002,0.001,0.001,3291652.98,318917.33
1771311543,2026-02-17T14:59:03.810044,0.0015,0.002,0.001,0.001,3291652.97,319017.52999999997
1771311723,2026-02-17T15:02:03.849761,0.0015,0.002,0.001,0.001,3291607.93,318867.23
1771311903,2026-02-17T15:05:03.917929,0.0015,0.002,0.001,0.001,3291607.93,318867.23
1771312083,2026-02-17T15:08:03.924801,0.0015,0.002,0.001,0.001,3291607.93,318957.32
1771312263,2026-02-17T15:11:03.849529,0.0015,0.002,0.001,0.001,3291549.88,319007.42
1771312444,2026-02-17T15:14:04.081308,0.0015,0.002,0.001,0.001,3291517.84,318957.32
1771312623,2026-02-17T15:17:03.844659,0.0015,0.002,0.001,0.001,3291517.84,318957.32
1771312804,2026-02-17T15:20:04.215410,0.0015,0.002,0.001,0.001,3291417.84,319043.23
1771312984,2026-02-17T15:23:04.256453,0.0015,0.002,0.001,0.001,3291397.81,318993.05
1771313164,2026-02-17T15:26:04.038500,0.0015,0.002,0.001,0.001,3291332.74,319043.15
1771313344,2026-02-17T15:29:04.086021,0.0015,0.002,0.001,0.001,3291432.74,86671.05
1771313524,2026-02-17T15:32:04.222805,0.0015,0.002,0.001,0.001,3291432.74,86771.24
1771313704,2026-02-17T15:35:04.108834,0.0015,0.002,0.001,0.001,3291432.73,86821.33
1771313884,2026-02-17T15:38:04.230280,0.0015,0.002,0.001,0.001,3291380.69,86971.63
1771314064,2026-02-17T15:41:04.095495,0.0015,0.002,0.001,0.001,3291380.69,86921.53
1771314244,2026-02-17T15:44:04.416403,0.0015,0.002,0.001,0.001,3291380.69,86827.33
1771314424,2026-02-17T15:47:04.478121,0.0015,0.002,0.001,0.001,3291380.69,86827.33
1771314604,2026-02-17T15:50:04.225866,0.0015,0.002,0.001,0.001,3291374.69,86827.33
1771314784,2026-02-17T15:53:04.239821,0.0015,0.002,0.001,0.001,3291374.69,86827.33
1771314964,2026-02-17T15:56:04.310740,0.0015,0.002,0.001,0.001,3291313.62,86827.33
1771315144,2026-02-17T15:59:04.467345,0.0015,0.002,0.001,0.001,3291374.68,86927.53
1771315324,2026-02-17T16:02:04.237049,0.0015,0.002,0.001,0.001,3291374.68,86927.53
1771315504,2026-02-17T16:05:04.716988,0.0015,0.002,0.001,0.001,3291374.67,86877.43
1771315684,2026-02-17T16:08:04.291654,0.0015,0.002,0.001,0.001,3291374.67,86970.53
1771315864,2026-02-17T16:11:04.662015,0.0015,0.002,0.001,0.001,3291313.61,86920.43
1771316044,2026-02-17T16:14:04.608454,0.0015,0.002,0.001,0.001,3291313.61,86920.43
1771316224,2026-02-17T16:17:04.727756,0.0015,0.002,0.001,0.001,3291213.6,85971.43
1771316404,2026-02-17T16:20:04.712385,0.0015,0.002,0.001,0.001,3291181.57,85997.45
1771316584,2026-02-17T16:23:04.690665,0.0015,0.002,0.001,0.001,3291181.57,85997.45
1771316764,2026-02-17T16:26:04.499196,0.0015,0.002,0.001,0.001,3291181.57,85897.2
1771316944,2026-02-17T16:29:04.718357,0.0015,0.002,0.001,0.001,3291181.57,85897.2
1771317124,2026-02-17T16:32:04.668576,0.0015,0.002,0.001,0.001,3291255.54,85897.2
1771317304,2026-02-17T16:35:04.706554,0.0015,0.002,0.001,0.001,3291255.54,85857.09
1771317484,2026-02-17T16:38:04.689228,0.0015,0.002,0.001,0.001,3291255.54,85806.98999999999
1771317664,2026-02-17T16:41:04.713091,0.0015,0.002,0.001,0.001,3291255.54,85907.19
1771317849,2026-02-17T16:44:09.534767,0.0015,0.002,0.001,0.001,3291255.54,85907.19
1771318024,2026-02-17T16:47:04.890055,0.0015,0.002,0.001,0.001,3291210.5,85907.19
1771318204,2026-02-17T16:50:04.725268,0.0025,0.003,0.002,0.001,3290893.83,84885.91
1771318384,2026-02-17T16:53:04.643105,0.0025,0.003,0.002,0.001,3290982.36,85506.09
1771318564,2026-02-17T16:56:04.815864,0.002,0.003,0.001,0.002,3290977.36,86004.49
1771318749,2026-02-17T16:59:09.664119,0.002,0.002,0.001,0.002,3290977.36,86992.89
1771318924,2026-02-17T17:02:04.882978,0.0015,0.002,0.001,0.001,3290977.35,86044.59
1771319104,2026-02-17T17:05:04.964051,0.0015,0.002,0.001,0.001,3290277.35,86044.59
1771319284,2026-02-17T17:08:04.874841,0.0025,0.003,0.002,0.001,3290263.41,86004.49
1771319464,2026-02-17T17:11:04.894063,0.002,0.003,0.001,0.002,3290258.41,86582.98
1771319644,2026-02-17T17:14:04.932131,0.002,0.003,0.001,0.002,3290190.35,86582.98
1771319825,2026-02-17T17:17:05.055863,0.002,0.003,0.001,0.002,3290190.34,86582.98
1771320005,2026-02-17T17:20:05.235078,0.0025,0.003,0.002,0.001,3290144.28,86582.98
1771320185,2026-02-17T17:23:05.217341,0.0025,0.003,0.002,0.001,3290101.23,86637.03
1771320365,2026-02-17T17:26:05.081137,0.002,0.003,0.001,0.002,3290096.23,86637.03
1771320545,2026-02-17T17:29:05.065242,0.0025,0.003,0.002,0.001,3290070.18,86637.03
1771320725,2026-02-17T17:32:05.124557,0.0025,0.003,0.002,0.001,3290070.17,86637.03
1771320905,2026-02-17T17:35:05.563138,0.002,0.003,0.001,0.002,3290042.15,86758.36
1771321085,2026-02-17T17:38:05.080069,0.002,0.003,0.001,0.002,3289908.12,86708.20999999999
1771321265,2026-02-17T17:41:05.243571,0.0025,0.003,0.002,0.001,3289913.1,86667.79000000001
1771321445,2026-02-17T17:44:05.279526,0.0015,0.002,0.001,0.001,3289946.64,87353.56
1771321625,2026-02-17T17:47:05.349431,0.0015,0.002,0.001,0.001,3289920.82,87494.47
1771321805,2026-02-17T17:50:05.472045,0.0015,0.002,0.001,0.001,3289970.91,87552.53
1771321985,2026-02-17T17:53:05.601211,0.0015,0.002,0.001,0.001,3289970.91,87502.43000000001
1771322165,2026-02-17T17:56:05.284025,0.0015,0.002,0.001,0.001,3289889.83,88075.18
1771322345,2026-02-17T17:59:05.435752,0.0015,0.002,0.001,0.001,3289889.82,88125.28
1771322525,2026-02-17T18:02:05.292032,0.0015,0.002,0.001,0.001,3290124.66,88147.5
1771322705,2026-02-17T18:05:05.443727,0.0015,0.002,0.001,0.001,3290124.65,88147.49
1771322885,2026-02-17T18:08:05.656071,0.0015,0.002,0.001,0.001,3290124.65,88147.49
1771323065,2026-02-17T18:11:05.504005,0.0015,0.002,0.001,0.001,3290102.43,88097.39
1771323245,2026-02-17T18:14:05.465571,0.0015,0.002,0.001,0.001,3290102.43,88097.39
1771323425,2026-02-17T18:17:05.474423,0.0015,0.002,0.001,0.001,3290083.41,89756.52
1771323605,2026-02-17T18:20:05.456274,0.0015,0.002,0.001,0.001,3290083.39,89706.42
1771323785,2026-02-17T18:23:05.659221,0.0015,0.002,0.001,0.001,3290083.39,89706.42
1771323965,2026-02-17T18:26:05.681994,0.0015,0.002,0.001,0.001,3290083.38,89705.45
1771324145,2026-02-17T18:29:05.596536,0.0015,0.002,0.001,0.001,3290049.35,89946.61
1771324325,2026-02-17T18:32:05.680131,0.0015,0.002,0.001,0.001,3290049.35,89896.51
1771324505,2026-02-17T18:35:05.665779,0.0015,0.002,0.001,0.001,3289955.4,89896.51
1771324685,2026-02-17T18:38:05.674741,0.0015,0.002,0.001,0.001,3289955.4,90046.81
1771324865,2026-02-17T18:41:05.669892,0.0015,0.002,0.001,0.001,3289893.32,90096.9
1771325045,2026-02-17T18:44:05.661090,0.0015,0.002,0.001,0.001,3289893.32,89896.17
1771325225,2026-02-17T18:47:05.741695,0.0015,0.002,0.001,0.001,3289893.32,89504.17
1771325405,2026-02-17T18:50:05.702865,0.0015,0.002,0.001,0.001,3289893.32,89504.17
1771325585,2026-02-17T18:53:05.922426,0.0015,0.002,0.001,0.001,3289893.31,89690.99
1771325765,2026-02-17T18:56:05.844403,0.0015,0.002,0.001,0.001,3289836.11,89640.89
1771325945,2026-02-17T18:59:05.907182,0.0015,0.002,0.001,0.001,3289836.11,83640.9
1771326125,2026-02-17T19:02:05.863663,0.0015,0.002,0.001,0.001,3289755.6,89640.89
1771326305,2026-02-17T19:05:05.931109,0.0015,0.002,0.001,0.001,3289755.6,89640.89
1771326485,2026-02-17T19:08:05.907749,0.0015,0.002,0.001,0.001,3289632.01,89680.97
1771326666,2026-02-17T19:11:06.081742,0.0015,0.002,0.001,0.001,3289532.0,89680.97
1771326846,2026-02-17T19:14:06.099791,0.0015,0.002,0.001,0.001,3289531.99,89781.17
1771327026,2026-02-17T19:17:06.118166,0.0015,0.002,0.001,0.001,3289531.96,89755.13
1771327206,2026-02-17T19:20:06.228733,0.0015,0.002,0.001,0.001,3289631.95,89755.13
1771327386,2026-02-17T19:23:06.123997,0.0015,0.002,0.001,0.001,3289631.95,89055.36
1771327566,2026-02-17T19:26:06.150202,0.0015,0.002,0.001,0.001,3289438.15,89004.48
1771327746,2026-02-17T19:29:06.035745,0.0015,0.002,0.001,0.001,3289438.15,89323.75
1771327926,2026-02-17T19:32:06.106933,0.0015,0.002,0.001,0.001,3289304.28,89273.85
1771328106,2026-02-17T19:35:06.353311,0.0015,0.002,0.001,0.001,3289599.37,89223.76
1771328286,2026-02-17T19:38:06.284067,0.0015,0.002,0.001,0.001,3289539.31,89133.58
1771328466,2026-02-17T19:41:06.230635,0.0015,0.002,0.001,0.001,3299543.0,89221.2
1771328646,2026-02-17T19:44:06.256019,0.0015,0.002,0.001,0.001,3299543.0,89311.38
1771328826,2026-02-17T19:47:06.374688,0.0015,0.002,0.001,0.001,3299543.0,89261.28
1771329006,2026-02-17T19:50:06.365810,0.0015,0.002,0.001,0.001,3299488.41,89311.38
1771329186,2026-02-17T19:53:06.318489,0.0015,0.002,0.001,0.001,3299488.41,89781.28
1771329366,2026-02-17T19:56:06.361094,0.0015,0.002,0.001,0.001,3299483.41,89830.79000000001
1771329546,2026-02-17T19:59:06.431671,0.0015,0.002,0.001,0.001,3299483.41,89740.61
1771329726,2026-02-17T20:02:06.448736,0.0015,0.002,0.001,0.001,3304483.39,89586.71
1771329906,2026-02-17T20:05:06.683403,0.0015,0.002,0.001,0.001,3314461.36,89636.87
1771330086,2026-02-17T20:08:06.713366,0.0015,0.002,0.001,0.001,3320462.45,89536.87
1771330266,2026-02-17T20:11:06.549659,0.0015,0.002,0.001,0.001,3320462.45,89531.56
1771330446,2026-02-17T20:14:06.614310,0.0015,0.002,0.001,0.001,3330439.43,89827.56
1771330626,2026-02-17T20:17:06.540937,0.0015,0.002,0.001,0.001,3354888.74,89877.66
1771330806,2026-02-17T20:20:06.698457,0.0015,0.002,0.001,0.001,3359188.73,90698.35
1771330986,2026-02-17T20:23:06.665452,0.0015,0.002,0.001,0.001,3359167.72,86692.05
1771331166,2026-02-17T20:26:06.708670,0.0015,0.002,0.001,0.001,3359167.72,86639.47
1771331346,2026-02-17T20:29:06.643151,0.0015,0.002,0.001,0.001,3359167.71,87103.88
1771331526,2026-02-17T20:32:06.728840,0.0015,0.002,0.001,0.001,3359147.69,87098.48
1771331706,2026-02-17T20:35:06.914724,0.0015,0.002,0.001,0.001,3359125.66,87198.68
1771331886,2026-02-17T20:38:06.860134,0.0015,0.002,0.001,0.001,3365725.66,87098.48
1771332066,2026-02-17T20:41:06.889882,0.0015,0.002,0.001,0.001,3365674.89,87098.48
1771332246,2026-02-17T20:44:06.744649,0.0015,0.002,0.001,0.001,3365674.88,87251.63
1771332426,2026-02-17T20:47:06.960825,0.0015,0.002,0.001,0.001,3365624.94,87146.8
1771332606,2026-02-17T20:50:06.956831,0.0015,0.002,0.001,0.001,3365624.94,87146.8
1771332786,2026-02-17T20:53:06.884178,0.0015,0.002,0.001,0.001,3365624.94,87146.43
1771332967,2026-02-17T20:56:07.149392,0.0015,0.002,0.001,0.001,3365619.94,87131.41
1771333147,2026-02-17T20:59:07.087996,0.0015,0.002,0.001,0.001,3365590.92,87231.61
1771333327,2026-02-17T21:02:07.218249,0.0015,0.002,0.001,0.001,3365590.91,87726.56
1771333507,2026-02-17T21:05:07.243838,0.0015,0.002,0.001,0.001,3365590.91,89276.66
1771333687,2026-02-17T21:08:07.093360,0.0015,0.002,0.001,0.001,3365590.91,89188.47
1771333867,2026-02-17T21:11:07.112299,0.0015,0.002,0.001,0.001,3365902.36,89148.23
1771334047,2026-02-17T21:14:07.189283,0.0015,0.002,0.001,0.001,3365890.35,89133.88
1771334227,2026-02-17T21:17:07.469149,0.0015,0.002,0.001,0.001,3365890.34,89233.21
1771334407,2026-02-17T21:20:07.182855,0.0015,0.002,0.001,0.001,3365890.34,90641.92
1771334587,2026-02-17T21:23:07.243012,0.0015,0.002,0.001,0.001,3365879.32,90650.98
1771334767,2026-02-17T21:26:07.243526,0.0015,0.002,0.001,0.001,3365879.31,92309.89
1771334947,2026-02-17T21:29:07.309961,0.0015,0.002,0.001,0.001,3365879.31,92255.98000000001
1771335127,2026-02-17T21:32:07.243628,0.0015,0.002,0.001,0.001,3365814.25,92353.13
1771335307,2026-02-17T21:35:07.281086,0.0015,0.002,0.001,0.001,3365814.25,92303.03
1771335487,2026-02-17T21:38:07.361714,0.0015,0.002,0.001,0.001,3365814.25,92402.56
1771335668,2026-02-17T21:41:08.490175,0.0015,0.002,0.001,0.001,3365778.22,92302.36
1771335847,2026-02-17T21:44:07.430538,0.0015,0.002,0.001,0.001,3365778.22,92302.36
1771336027,2026-02-17T21:47:07.453116,0.0015,0.002,0.001,0.001,3365778.22,94299.81999999999
1771336207,2026-02-17T21:50:07.445088,0.0015,0.002,0.001,0.001,3365778.22,94299.23
1771336387,2026-02-17T21:53:07.756963,0.0015,0.002,0.001,0.001,3365778.22,94293.88
1771336567,2026-02-17T21:56:07.683057,0.0015,0.002,0.001,0.001,3365778.21,94343.98
1771336747,2026-02-17T21:59:07.485174,0.0015,0.002,0.001,0.001,3365778.21,95455.09
1771336927,2026-02-17T22:02:07.980614,0.0015,0.002,0.001,0.001,3365778.21,95455.09
1771337107,2026-02-17T22:05:07.674825,0.0015,0.002,0.001,0.001,3365778.2,95455.09
1771337287,2026-02-17T22:08:07.714472,0.0015,0.002,0.001,0.001,3365778.2,95404.99
1771337467,2026-02-17T22:11:07.732381,0.0015,0.002,0.001,0.001,3365667.08,95522.37
1771337647,2026-02-17T22:14:07.751267,0.0015,0.002,0.001,0.001,3365667.08,95522.37
1771337827,2026-02-17T22:17:07.991558,0.0015,0.002,0.001,0.001,3365667.08,95521.77
1771338007,2026-02-17T22:20:07.701482,0.0015,0.002,0.001,0.001,3365636.83,95521.77
1771338187,2026-02-17T22:23:07.686112,0.0015,0.002,0.001,0.001,3365608.81,95521.77
1771338367,2026-02-17T22:26:07.887539,0.0015,0.002,0.001,0.001,3365608.8,95621.96
1771338547,2026-02-17T22:29:07.895689,0.0015,0.002,0.001,0.001,3365608.8,95722.16
1771338727,2026-02-17T22:32:07.885245,0.0015,0.002,0.001,0.001,3365608.8,95722.16
1771338907,2026-02-17T22:35:07.912223,0.0015,0.002,0.001,0.001,3365503.8,95672.06
1771339087,2026-02-17T22:38:07.958092,0.0015,0.002,0.001,0.001,3365603.8,95158.21
1771339267,2026-02-17T22:41:07.923577,0.0015,0.002,0.001,0.001,3365562.76,95348.59
1771339448,2026-02-17T22:44:08.233825,0.0015,0.002,0.001,0.001,3365562.76,95548.99
1771339628,2026-02-17T22:47:08.011575,0.0015,0.002,0.001,0.001,3365562.76,95548.99
1771339808,2026-02-17T22:50:08.230059,0.0015,0.002,0.001,0.001,3365562.75,95493.66
1771339988,2026-02-17T22:53:08.925380,0.0015,0.002,0.001,0.001,3365562.75,95393.45999999999
1771340168,2026-02-17T22:56:08.126457,0.0015,0.002,0.001,0.001,3365562.74,95349.16
1771340348,2026-02-17T22:59:08.227203,0.0015,0.002,0.001,0.001,3365562.74,95349.02
1771340528,2026-02-17T23:02:08.229438,0.0015,0.002,0.001,0.001,3365562.74,95287.31
1771340708,2026-02-17T23:05:08.241615,0.0015,0.002,0.001,0.001,3365503.69,95247.23
1771340888,2026-02-17T23:08:08.246354,0.0015,0.002,0.001,0.001,3365473.83,94879.69
1771341068,2026-02-17T23:11:08.241864,0.0015,0.002,0.001,0.001,3365473.83,94929.79
1771341248,2026-02-17T23:14:08.114931,0.0015,0.002,0.001,0.001,3365473.82,94938.91
1771341428,2026-02-17T23:17:08.337122,0.0015,0.002,0.001,0.001,3365423.71,94878.79
1771341608,2026-02-17T23:20:08.388591,0.0015,0.002,0.001,0.001,3365423.71,94262.23
1771341788,2026-02-17T23:23:08.288491,0.0015,0.002,0.001,0.001,3365373.61,93115.36
1771341968,2026-02-17T23:26:08.353430,0.0015,0.002,0.001,0.001,3365373.61,93065.26
1771342148,2026-02-17T23:29:08.285370,0.0015,0.002,0.001,0.001,3365314.4,93129.38
1771342328,2026-02-17T23:32:08.397809,0.0015,0.002,0.001,0.001,3365300.39,92462.72
1771342508,2026-02-17T23:35:08.510536,0.0015,0.002,0.001,0.001,3365250.29,92462.72
1771342688,2026-02-17T23:38:08.469594,0.0015,0.002,0.001,0.001,3365072.15,92462.72
1771342868,2026-02-17T23:41:08.685404,0.0015,0.002,0.001,0.001,3365072.15,92603.58
1771343048,2026-02-17T23:44:08.653470,0.0015,0.002,0.001,0.001,3364499.74,91790.89
1771343228,2026-02-17T23:47:08.440654,0.0015,0.002,0.001,0.001,3364399.74,91790.89
1771343408,2026-02-17T23:50:08.670561,0.0015,0.002,0.001,0.001,3364337.01,91840.99
1771343588,2026-02-17T23:53:08.470438,0.0015,0.002,0.001,0.001,3364337.0,91840.99
1771343768,2026-02-17T23:56:08.660145,0.0015,0.002,0.001,0.001,3364337.0,91740.79
1771343948,2026-02-17T23:59:08.673842,0.0015,0.002,0.001,0.001,3364337.0,91690.69
1771344128,2026-02-18T00:02:08.658824,0.0015,0.002,0.001,0.001,3364337.0,91640.59
1771344308,2026-02-18T00:05:08.682872,0.0015,0.002,0.001,0.001,3364336.99,91697.64
1771344488,2026-02-18T00:08:08.636342,0.0015,0.002,0.001,0.001,3364411.97,91697.64
1771344668,2026-02-18T00:11:08.700727,0.0015,0.002,0.001,0.001,3364411.97,91697.64
1771344848,2026-02-18T00:14:08.771658,0.0015,0.002,0.001,0.001,3364411.97,91697.64
1771345028,2026-02-18T00:17:08.734053,0.0015,0.002,0.001,0.001,3364379.94,91697.64
1771345208,2026-02-18T00:20:08.847224,0.0015,0.002,0.001,0.001,3364379.93,91707.65
1771345389,2026-02-18T00:23:09.484325,0.0015,0.002,0.001,0.001,3364369.92,91725.67
1771345569,2026-02-18T00:26:09.225427,0.0015,0.002,0.001,0.001,3364369.92,91765.75
1771345748,2026-02-18T00:29:08.869317,0.0015,0.002,0.001,0.001,3364369.92,91765.75
1771345928,2026-02-18T00:32:08.902668,0.0015,0.002,0.001,0.001,3364369.92,91815.85
1771346108,2026-02-18T00:35:08.914817,0.0015,0.002,0.001,0.001,3364351.91,91765.75
1771346289,2026-02-18T00:38:09.173377,0.0015,0.002,0.001,0.001,3364351.91,91765.75
1771346469,2026-02-18T00:41:09.171786,0.0015,0.002,0.001,0.001,3364351.91,91765.75
1771346649,2026-02-18T00:44:09.106899,0.0015,0.002,0.001,0.001,3364351.91,91765.75
1771346829,2026-02-18T00:47:09.240175,0.0015,0.002,0.001,0.001,3364351.91,91765.75
1771347009,2026-02-18T00:50:09.043950,0.0015,0.002,0.001,0.001,3364351.91,91765.75
1771347189,2026-02-18T00:53:09.225151,0.0015,0.002,0.001,0.001,3364251.91,91765.75
1771347369,2026-02-18T00:56:09.129162,0.0015,0.002,0.001,0.001,3364251.91,91765.75
1771347549,2026-02-18T00:59:09.097410,0.0015,0.002,0.001,0.001,3364251.91,91765.75
1771347729,2026-02-18T01:02:09.259782,0.0015,0.002,0.001,0.001,3364351.91,91765.75
1771347909,2026-02-18T01:05:09.087742,0.0015,0.002,0.001,0.001,3364351.91,91765.75
1771348089,2026-02-18T01:08:09.242763,0.0015,0.002,0.001,0.001,3364351.91,91765.75
1771348269,2026-02-18T01:11:09.276027,0.0015,0.002,0.001,0.001,3364351.91,91714.78
1771348449,2026-02-18T01:14:09.234095,0.0015,0.002,0.001,0.001,3364351.91,91714.78
1771348629,2026-02-18T01:17:09.153434,0.0015,0.002,0.001,0.001,3364351.91,91714.78
1771348809,2026-02-18T01:20:09.279195,0.0015,0.002,0.001,0.001,3364351.91,91714.78
1771348989,2026-02-18T01:23:09.291884,0.0015,0.002,0.001,0.001,3364351.91,91714.78
1771349169,2026-02-18T01:26:09.393821,0.0015,0.002,0.001,0.001,3364351.91,91714.78
1771349349,2026-02-18T01:29:09.293459,0.0015,0.002,0.001,0.001,3364351.91,91714.78
1771349529,2026-02-18T01:32:09.670353,0.0015,0.002,0.001,0.001,3364351.91,91714.78
1771349709,2026-02-18T01:35:09.497132,0.0015,0.002,0.001,0.001,3364351.91,91714.78
1771349889,2026-02-18T01:38:09.675688,0.0015,0.002,0.001,0.001,3364251.91,91714.78
1771350069,2026-02-18T01:41:09.498498,0.0015,0.002,0.001,0.001,3364351.91,91714.78
1771350249,2026-02-18T01:44:09.456441,0.0015,0.002,0.001,0.001,3364351.91,91714.78
1771350434,2026-02-18T01:47:14.514950,0.0015,,,0.001,3364351.91,91714.78
1771350609,2026-02-18T01:50:09.455142,0.0015,0.002,0.001,0.001,3364351.91,91661.53
1771350789,2026-02-18T01:53:09.467454,0.0015,0.002,0.001,0.001,3364351.91,91661.53
1771350969,2026-02-18T01:56:09.458222,0.0015,0.002,0.001,0.001,3364351.91,91661.53
1771351149,2026-02-18T01:59:09.487323,0.0015,0.002,0.001,0.001,3364351.91,91661.53
1771351333,2026-02-18T02:02:13.659690,0.0015,0.002,0.001,0.001,3364351.91,91661.53
1771351509,2026-02-18T02:05:09.690570,0.0015,0.002,0.001,0.001,3364351.91,91606.63
1771351689,2026-02-18T02:08:09.892136,0.0015,0.002,0.001,0.001,3364351.91,91906.63
1771351869,2026-02-18T02:11:09.692749,0.0015,0.002,0.001,0.001,3364251.91,92206.63
1771352049,2026-02-18T02:14:09.706539,0.0015,0.002,0.001,0.001,3364351.91,92206.63
1771352229,2026-02-18T02:17:09.745851,0.0015,0.002,0.001,0.001,3364351.91,92206.63
1771352409,2026-02-18T02:20:09.859296,0.0015,0.002,0.001,0.001,3364351.91,91206.63
1771352589,2026-02-18T02:23:09.869118,0.0015,0.002,0.001,0.001,3364351.91,91206.63
1771352769,2026-02-18T02:26:09.870269,0.0015,0.002,0.001,0.001,3364451.91,91206.63
1771352949,2026-02-18T02:29:09.917756,0.0015,0.002,0.001,0.001,3364351.91,91206.63
1771353129,2026-02-18T02:32:09.845501,0.0015,0.002,0.001,0.001,3364351.91,91206.63
1771353309,2026-02-18T02:35:09.845146,0.0015,0.002,0.001,0.001,3364351.91,91206.63
1771353490,2026-02-18T02:38:10.122937,0.0015,0.002,0.001,0.001,3364351.91,91206.63
1771353669,2026-02-18T02:41:09.858084,0.0015,0.002,0.001,0.001,3364351.91,101206.63
1771353850,2026-02-18T02:44:10.105353,0.0015,0.002,0.001,0.001,3364351.91,101206.63
1771354030,2026-02-18T02:47:10.096212,0.0015,0.002,0.001,0.001,3364351.91,101206.63
1771354210,2026-02-18T02:50:10.015381,0.0015,0.002,0.001,0.001,3364351.91,101206.63
1771354389,2026-02-18T02:53:09.982383,0.0015,0.002,0.001,0.001,3364361.91,101158.94
1771354570,2026-02-18T02:56:10.208473,0.0015,0.002,0.001,0.001,3364361.91,101158.94
1771354750,2026-02-18T02:59:10.167925,0.0015,0.002,0.001,0.001,3364361.91,101158.94
1771354935,2026-02-18T03:02:15.214744,0.0015,0.002,0.001,0.001,3364361.91,101158.94
1771355110,2026-02-18T03:05:10.081431,0.0015,0.002,0.001,0.001,3364361.91,101158.94
1771355290,2026-02-18T03:08:10.476762,0.0015,0.002,0.001,0.001,3364361.91,101158.94
1771355470,2026-02-18T03:11:10.229469,0.0015,0.002,0.001,0.001,3364361.91,101158.94
1771355650,2026-02-18T03:14:10.279514,0.0015,0.002,0.001,0.001,3364161.91,101158.94
1771355830,2026-02-18T03:17:10.256621,0.0015,0.002,0.001,0.001,3364161.91,101158.94
1771356010,2026-02-18T03:20:10.248961,0.0015,0.002,0.001,0.001,3361495.26,101158.94
1771356190,2026-02-18T03:23:10.242050,0.0015,0.002,0.001,0.001,3361495.25,102054.72
1771356370,2026-02-18T03:26:10.294342,0.0015,0.002,0.001,0.001,3361495.25,105236.98
1771356550,2026-02-18T03:29:10.235224,0.0015,0.002,0.001,0.001,3361495.25,105196.9
1771356734,2026-02-18T03:32:14.903899,0.0015,,,0.001,3361495.25,105196.9
1771356910,2026-02-18T03:35:10.295295,0.0015,0.002,0.001,0.001,3361495.25,105144.7
1771357090,2026-02-18T03:38:10.634697,0.0015,0.002,0.001,0.001,3361488.25,105194.78
1771357270,2026-02-18T03:41:10.444440,0.0015,0.002,0.001,0.001,3361488.25,105194.78
1771357450,2026-02-18T03:44:10.514065,0.0015,0.002,0.001,0.001,3361488.25,105194.78
1771357630,2026-02-18T03:47:10.564015,0.0015,0.002,0.001,0.001,3361488.25,105144.68
1771357810,2026-02-18T03:50:10.424774,0.0015,0.002,0.001,0.001,3361638.16,105144.68
1771357990,2026-02-18T03:53:10.698784,0.0015,0.002,0.001,0.001,3361638.16,105144.68
1771358170,2026-02-18T03:56:10.564336,0.0015,0.002,0.001,0.001,3361638.16,105144.68
1771358350,2026-02-18T03:59:10.664405,0.0015,0.002,0.001,0.001,3361641.56,105144.68
1771358530,2026-02-18T04:02:10.671876,0.0015,0.002,0.001,0.001,3361641.56,105198.06
1771358711,2026-02-18T04:05:11.089765,0.0015,0.002,0.001,0.001,3361589.77,105198.06
1771358890,2026-02-18T04:08:10.648460,0.0015,0.002,0.001,0.001,3361589.77,105198.06
1771359070,2026-02-18T04:11:10.682738,0.0015,0.002,0.001,0.001,3361589.77,105198.06
1771359250,2026-02-18T04:14:10.661682,0.0015,0.002,0.001,0.001,3361584.77,105198.06
1771359430,2026-02-18T04:17:10.869337,0.0015,0.002,0.001,0.001,3361484.77,105198.06
1771359610,2026-02-18T04:20:10.641014,0.0015,0.002,0.001,0.001,3361484.77,105198.06
1771359790,2026-02-18T04:23:10.906028,0.0015,0.002,0.001,0.001,3361584.77,105198.06
1771359970,2026-02-18T04:26:10.865458,0.0015,0.002,0.001,0.001,3361584.77,259853.06000000003
1771360150,2026-02-18T04:29:10.862648,0.0015,0.002,0.001,0.001,3361584.77,259853.06000000003
1771360330,2026-02-18T04:32:10.867819,0.0015,0.002,0.001,0.001,3361584.77,259853.06000000003
1771360510,2026-02-18T04:35:10.912841,0.0015,0.002,0.001,0.001,3361584.77,259853.06000000003
1771360691,2026-02-18T04:38:11.067862,0.0015,0.002,0.001,0.001,3361584.77,259853.06000000003
1771360870,2026-02-18T04:41:10.911097,0.0015,0.002,0.001,0.001,3361584.77,259838.06000000003
1771361051,2026-02-18T04:44:11.074328,0.0015,0.002,0.001,0.001,3361584.77,259838.06000000003
1771361231,2026-02-18T04:47:11.073069,0.0015,0.002,0.001,0.001,3361584.77,259838.06000000003
1771361411,2026-02-18T04:50:11.116310,0.0015,0.002,0.001,0.001,3361584.77,259838.06000000003
1771361590,2026-02-18T04:53:10.994676,0.0015,0.002,0.001,0.001,3361584.77,259838.06000000003
1771361771,2026-02-18T04:56:11.065437,0.0015,0.002,0.001,0.001,3361584.77,259838.06000000003
1771361951,2026-02-18T04:59:11.051583,0.0015,0.002,0.001,0.001,3361584.77,259838.06000000003
1771362131,2026-02-18T05:02:11.228851,0.0015,0.002,0.001,0.001,3361584.77,259838.06000000003
1771362311,2026-02-18T05:05:11.094741,0.0015,0.002,0.001,0.001,3361584.77,259838.06000000003
1771362491,2026-02-18T05:08:11.220839,0.0015,0.002,0.001,0.001,3361584.77,259838.06000000003
1771362671,2026-02-18T05:11:11.187836,0.0015,0.002,0.001,0.001,3361584.77,259838.06000000003
1771362851,2026-02-18T05:14:11.449176,0.0015,0.002,0.001,0.001,3361584.77,259838.06000000003
1771363031,2026-02-18T05:17:11.201530,0.0015,0.002,0.001,0.001,3361584.77,259838.06000000003
1771363211,2026-02-18T05:20:11.250172,0.0015,0.002,0.001,0.001,3361584.77,259838.06000000003
1771363391,2026-02-18T05:23:11.245751,0.0015,0.002,0.001,0.001,3361584.77,259838.06000000003
1771363571,2026-02-18T05:26:11.263365,0.0015,0.002,0.001,0.001,3361584.77,259838.06000000003
1771363751,2026-02-18T05:29:11.292608,0.0015,0.002,0.001,0.001,3361584.77,259838.06000000003
1771363931,2026-02-18T05:32:11.457089,0.0015,0.002,0.001,0.001,3361584.77,259838.06000000003
1771364111,2026-02-18T05:35:11.428779,0.0015,0.002,0.001,0.001,3361584.77,259838.06000000003
1771364291,2026-02-18T05:38:11.471916,0.0015,0.002,0.001,0.001,3361584.77,259838.06000000003
1771364471,2026-02-18T05:41:11.466456,0.0015,0.002,0.001,0.001,3361584.77,259838.06000000003
1771364651,2026-02-18T05:44:11.438127,0.0015,0.002,0.001,0.001,3361584.77,259838.06000000003
1771364831,2026-02-18T05:47:11.743725,0.0015,0.002,0.001,0.001,3361584.77,259838.06000000003
1771365011,2026-02-18T05:50:11.428864,0.0015,0.002,0.001,0.001,3361584.77,259838.06000000003
1771365191,2026-02-18T05:53:11.454753,0.0015,0.002,0.001,0.001,3361584.77,259838.06000000003
1771365371,2026-02-18T05:56:11.671125,0.0015,0.002,0.001,0.001,3361584.77,259838.06000000003
1771365551,2026-02-18T05:59:11.661896,0.0015,0.002,0.001,0.001,3361584.77,259838.06000000003
1771365731,2026-02-18T06:02:11.707320,0.0015,0.002,0.001,0.001,3361584.77,259838.06000000003
1771365911,2026-02-18T06:05:11.664187,0.0015,0.002,0.001,0.001,3361584.77,259838.06000000003
1771366091,2026-02-18T06:08:11.647762,0.0015,0.002,0.001,0.001,3361584.77,259838.06000000003
1771366271,2026-02-18T06:11:11.945048,0.0015,0.002,0.001,0.001,3361584.77,259838.06000000003
1771366451,2026-02-18T06:14:11.651322,0.0015,0.002,0.001,0.001,3361584.77,259838.06000000003
1771366631,2026-02-18T06:17:11.625015,0.0015,0.002,0.001,0.001,3361584.77,259838.06000000003
1771366811,2026-02-18T06:20:11.658427,0.0015,0.002,0.001,0.001,3361584.77,258838.06000000003
1771366991,2026-02-18T06:23:11.868732,0.0015,0.002,0.001,0.001,3361584.77,258838.06000000003
1771367171,2026-02-18T06:26:11.807353,0.0015,0.002,0.001,0.001,3361584.77,258838.06000000003
1771367351,2026-02-18T06:29:11.872765,0.0015,0.002,0.001,0.001,3361584.77,258838.06000000003
1771367531,2026-02-18T06:32:11.869815,0.0015,0.002,0.001,0.001,3361584.77,258838.06000000003
1771367711,2026-02-18T06:35:11.841762,0.0015,0.002,0.001,0.001,3361584.77,258838.06000000003
1771367892,2026-02-18T06:38:12.074102,0.0015,0.002,0.001,0.001,3361584.77,258838.06000000003
1771368071,2026-02-18T06:41:11.976525,0.0015,0.002,0.001,0.001,3361584.77,258838.06000000003
1771368252,2026-02-18T06:44:12.052269,0.0015,0.002,0.001,0.001,3361584.77,258838.06000000003
1771368432,2026-02-18T06:47:12.229857,0.0015,0.002,0.001,0.001,3361584.77,258738.06000000003
1771368612,2026-02-18T06:50:12.106857,0.0015,0.002,0.001,0.001,3361584.77,258738.06000000003
1771368792,2026-02-18T06:53:12.103680,0.0015,0.002,0.001,0.001,3361584.77,258738.06000000003
1771368972,2026-02-18T06:56:12.072191,0.0015,0.002,0.001,0.001,3361584.77,258738.06000000003
1771369152,2026-02-18T06:59:12.224754,0.0015,0.002,0.001,0.001,3361584.77,258738.06000000003
1771369332,2026-02-18T07:02:12.021575,0.0015,0.002,0.001,0.001,3361584.77,258738.06000000003
1771369512,2026-02-18T07:05:12.163807,0.0015,0.002,0.001,0.001,3361584.77,258738.06000000003
1771369692,2026-02-18T07:08:12.224514,0.0015,0.002,0.001,0.001,3361584.77,258738.06000000003
1771369872,2026-02-18T07:11:12.232602,0.0015,0.002,0.001,0.001,3361584.77,258738.06000000003
1771370052,2026-02-18T07:14:12.232310,0.0015,0.002,0.001,0.001,3361584.77,258738.06000000003
1771370232,2026-02-18T07:17:12.269202,0.0015,0.002,0.001,0.001,3361584.77,258738.06000000003
1771370412,2026-02-18T07:20:12.491532,0.0015,0.002,0.001,0.001,3361584.77,258738.06000000003
1771370592,2026-02-18T07:23:12.388071,0.0015,0.002,0.001,0.001,3361584.77,258738.06000000003
1771370772,2026-02-18T07:26:12.280114,0.0015,0.002,0.001,0.001,3361584.77,258738.06000000003
1771370952,2026-02-18T07:29:12.561770,0.0015,0.002,0.001,0.001,3361584.77,258738.06000000003
1771371132,2026-02-18T07:32:12.461190,0.0015,0.002,0.001,0.001,3361584.77,258738.06000000003
1771371312,2026-02-18T07:35:12.462273,0.0015,0.002,0.001,0.001,3361584.77,258738.06000000003
1771371492,2026-02-18T07:38:12.453056,0.0015,0.002,0.001,0.001,3361584.77,258738.06000000003
1771371672,2026-02-18T07:41:12.523061,0.0015,0.002,0.001,0.001,3361584.77,258738.06000000003
1771371852,2026-02-18T07:44:12.662171,0.0015,0.002,0.001,0.001,3361584.77,258738.06000000003
1771372032,2026-02-18T07:47:12.682577,0.0015,0.002,0.001,0.001,3361584.77,258738.06000000003
1771372212,2026-02-18T07:50:12.666780,0.0015,0.002,0.001,0.001,3361584.77,258738.06000000003
1771372392,2026-02-18T07:53:12.667560,0.0015,0.002,0.001,0.001,3361584.77,258738.06000000003
1771372572,2026-02-18T07:56:12.654059,0.0015,0.002,0.001,0.001,3361584.77,258738.06000000003
1771372752,2026-02-18T07:59:12.689346,0.0015,0.002,0.001,0.001,3361584.77,258738.06000000003
1771372933,2026-02-18T08:02:13.044441,0.0015,0.002,0.001,0.001,3361584.77,258738.06000000003
1771373112,2026-02-18T08:05:12.848696,0.0015,0.002,0.001,0.001,3361584.77,258738.06000000003
1771373292,2026-02-18T08:08:12.849648,0.0015,0.002,0.001,0.001,3361584.77,258738.06000000003
1771373472,2026-02-18T08:11:12.858131,0.0015,0.002,0.001,0.001,3361584.77,258738.06000000003
1771373833,2026-02-18T08:17:13.069198,0.0015,0.002,0.001,0.001,3361584.77,258738.06000000003
1771374013,2026-02-18T08:20:13.025481,0.0015,0.002,0.001,0.001,3361584.77,258738.06000000003
1771374193,2026-02-18T08:23:13.232860,0.0015,0.002,0.001,0.001,3361579.77,256453.06000000003
1771374373,2026-02-18T08:26:13.100291,0.0015,0.002,0.001,0.001,3361579.77,256453.06000000003
1771374553,2026-02-18T08:29:13.096448,0.0015,0.002,0.001,0.001,3361579.77,256453.06000000003
1771374733,2026-02-18T08:32:13.075940,0.0015,0.002,0.001,0.001,3365579.77,256453.06000000003
1771374913,2026-02-18T08:35:13.049967,0.0015,0.002,0.001,0.001,3365579.77,256453.06000000003
1771375093,2026-02-18T08:38:13.039401,0.0015,0.002,0.001,0.001,3365579.77,256453.06000000003
1771375273,2026-02-18T08:41:13.061468,0.0015,0.002,0.001,0.001,3365579.77,256402.96000000002
1771375453,2026-02-18T08:44:13.242628,0.0015,0.002,0.001,0.001,3365579.77,256402.96000000002
1771375633,2026-02-18T08:47:13.098519,0.0015,0.002,0.001,0.001,3365579.77,256402.96000000002
1771375813,2026-02-18T08:50:13.257246,0.0015,0.002,0.001,0.001,3365579.77,256402.96000000002
1771375993,2026-02-18T08:53:13.236115,0.0015,0.002,0.001,0.001,3365579.77,256402.96000000002
1771376173,2026-02-18T08:56:13.245881,0.0015,0.002,0.001,0.001,3365579.77,256402.96000000002
1771376353,2026-02-18T08:59:13.159350,0.0015,0.002,0.001,0.001,3365579.77,256402.96000000002
1771376533,2026-02-18T09:02:13.358100,0.0015,0.002,0.001,0.001,3365579.77,256402.96000000002
1771376713,2026-02-18T09:05:13.226700,0.0015,0.002,0.001,0.001,3365579.77,256402.96000000002
1771376893,2026-02-18T09:08:13.249262,0.0015,0.002,0.001,0.001,3365579.77,256402.96000000002
1771377073,2026-02-18T09:11:13.698353,0.0015,0.002,0.001,0.001,3365629.87,254052.86000000002
1771377253,2026-02-18T09:14:13.453804,0.0015,0.002,0.001,0.001,3365529.87,254052.86000000002
1771377433,2026-02-18T09:17:13.716551,0.0015,0.002,0.001,0.001,3365634.87,252102.86000000002
1771377613,2026-02-18T09:20:13.438727,0.0015,0.002,0.001,0.001,3377094.75,252102.86000000002
1771377793,2026-02-18T09:23:13.683615,0.0015,0.002,0.001,0.001,3377094.75,252102.86000000002
1771377973,2026-02-18T09:26:13.418403,0.0015,0.002,0.001,0.001,3377094.75,252102.86000000002
1771378153,2026-02-18T09:29:13.418105,0.0015,0.002,0.001,0.001,3377094.75,252102.86000000002
1771378333,2026-02-18T09:32:13.683989,0.0015,0.002,0.001,0.001,3386094.75,252102.86000000002
1771378513,2026-02-18T09:35:13.686037,0.0015,0.002,0.001,0.001,3392094.75,252102.86000000002
1771378693,2026-02-18T09:38:13.601901,0.0015,0.002,0.001,0.001,3402094.75,252102.86000000002
1771378873,2026-02-18T09:41:13.659078,0.0015,0.002,0.001,0.001,3402094.75,252102.86000000002
1771379053,2026-02-18T09:44:13.641277,0.0015,0.002,0.001,0.001,3415694.75,252102.86000000002
1771379233,2026-02-18T09:47:13.660110,0.0015,0.002,0.001,0.001,3420694.75,252102.86000000002
1771379413,2026-02-18T09:50:13.726268,0.0015,0.002,0.001,0.001,3420694.75,252102.86000000002
1771379593,2026-02-18T09:53:13.881648,0.0015,0.002,0.001,0.001,3420694.75,252102.86000000002
1771379773,2026-02-18T09:56:13.867240,0.0015,0.002,0.001,0.001,3430694.75,252479.86000000002
1771379954,2026-02-18T09:59:14.269797,0.0015,0.002,0.001,0.001,3440694.75,252479.86000000002
1771380133,2026-02-18T10:02:13.778575,0.0015,0.002,0.001,0.001,3447689.75,251978.86000000002
1771380313,2026-02-18T10:05:13.681636,0.0015,0.002,0.001,0.001,3456689.75,252407.86000000002
1771380493,2026-02-18T10:08:13.895322,0.0015,0.002,0.001,0.001,3467689.75,252407.86000000002
1771380674,2026-02-18T10:11:14.057760,0.0015,0.002,0.001,0.001,3467689.75,252748.86000000002
1771380853,2026-02-18T10:14:13.930633,0.0015,0.002,0.001,0.001,3467689.75,252748.86000000002
1771381034,2026-02-18T10:17:14.162879,0.0015,0.002,0.001,0.001,3467689.75,253120.86000000002
1771381213,2026-02-18T10:20:13.833954,0.0015,0.002,0.001,0.001,3467689.75,253105.86000000002
1771381394,2026-02-18T10:23:14.061046,0.0015,0.002,0.001,0.001,3466584.11,253105.86000000002
1771381578,2026-02-18T10:26:18.053278,0.0015,0.002,0.001,0.001,3467689.75,253105.86000000002
1771381754,2026-02-18T10:29:14.049052,0.0015,0.002,0.001,0.001,3467689.75,254226.49000000002
1771381934,2026-02-18T10:32:14.041104,0.0015,0.002,0.001,0.001,3467689.75,254226.49000000002
1771382114,2026-02-18T10:35:14.012785,0.0015,0.002,0.001,0.001,3467574.75,254226.49000000002
1771382294,2026-02-18T10:38:14.040591,0.0015,0.002,0.001,0.001,3467574.75,254226.49000000002
1771382474,2026-02-18T10:41:14.243575,0.0015,0.002,0.001,0.001,3467674.75,254226.49000000002
1771382654,2026-02-18T10:44:14.171108,0.0015,0.002,0.001,0.001,3467674.75,254226.49000000002
1771382834,2026-02-18T10:47:14.235301,0.0015,0.002,0.001,0.001,3467674.75,254226.49000000002
1771383014,2026-02-18T10:50:14.233925,0.0015,0.002,0.001,0.001,3467674.75,253711.49000000002
1771383194,2026-02-18T10:53:14.230986,0.0015,0.002,0.001,0.001,3467674.75,253711.49000000002
1771383374,2026-02-18T10:56:14.236521,0.0015,0.002,0.001,0.001,3467674.75,253711.49000000002
1771383554,2026-02-18T10:59:14.243014,0.0015,0.002,0.001,0.001,3467774.75,253711.49000000002
1771383734,2026-02-18T11:02:14.231469,0.0015,0.002,0.001,0.001,3467674.75,254209.49000000002
1771383914,2026-02-18T11:05:14.435264,0.0015,0.002,0.001,0.001,3467674.75,254209.49000000002
1771384094,2026-02-18T11:08:14.396230,0.0015,0.002,0.001,0.001,3467674.75,254209.49000000002
1771384274,2026-02-18T11:11:14.697121,0.0015,0.002,0.001,0.001,3467674.75,254209.49000000002
1771384454,2026-02-18T11:14:14.482405,0.0015,0.002,0.001,0.001,3467674.75,254209.49000000002
1771384634,2026-02-18T11:17:14.487311,0.0015,0.002,0.001,0.001,3467674.75,254209.49000000002
1771384814,2026-02-18T11:20:14.650145,0.0015,0.002,0.001,0.001,3467674.75,254209.49000000002
1771384994,2026-02-18T11:23:14.434949,0.0015,0.002,0.001,0.001,3467674.75,254586.49000000002
1771385174,2026-02-18T11:26:14.505443,0.0015,0.002,0.001,0.001,3467674.75,254586.49000000002
1771385354,2026-02-18T11:29:14.652408,0.0015,0.002,0.001,0.001,3467674.75,254586.49000000002
1771385534,2026-02-18T11:32:14.662710,0.0015,0.002,0.001,0.001,3467674.75,254817.49000000002
1771385714,2026-02-18T11:35:14.673010,0.0015,0.002,0.001,0.001,3467674.75,254817.49000000002
1771385894,2026-02-18T11:38:14.694036,0.0015,0.002,0.001,0.001,3467674.75,254817.49000000002
1771386074,2026-02-18T11:41:14.659700,0.0015,0.002,0.001,0.001,3467674.75,254817.49000000002
1771386254,2026-02-18T11:44:14.630358,0.0015,0.002,0.001,0.001,3467574.75,254817.49000000002
1771386434,2026-02-18T11:47:14.625653,0.0015,0.002,0.001,0.001,3467574.75,254817.49000000002
1771386614,2026-02-18T11:50:14.682073,0.0015,0.002,0.001,0.001,3467674.75,254817.49000000002
1771386794,2026-02-18T11:53:14.855585,0.0015,0.002,0.001,0.001,3467674.75,254817.49000000002
1771386979,2026-02-18T11:56:19.644529,0.0015,0.002,0.001,0.001,3467674.75,254817.49000000002
1771387154,2026-02-18T11:59:14.764233,0.0015,0.002,0.001,0.001,3467674.75,254989.49000000002
1771387334,2026-02-18T12:02:14.856819,0.0015,0.002,0.001,0.001,3467674.75,254989.49000000002
1771387515,2026-02-18T12:05:15.074818,0.0015,0.002,0.001,0.001,3467674.75,255193.49000000002
1771387694,2026-02-18T12:08:14.941601,0.0015,0.002,0.001,0.001,3467674.75,255546.49000000002
1771387878,2026-02-18T12:11:18.941421,0.0015,0.002,0.001,0.001,3467674.75,260546.47
1771388055,2026-02-18T12:14:15.241624,0.0015,0.002,0.001,0.001,3467674.75,260546.47
1771388235,2026-02-18T12:17:15.219264,0.0015,0.002,0.001,0.001,3471674.75,260546.47
1771388415,2026-02-18T12:20:15.227321,0.0015,0.002,0.001,0.001,3471674.75,260546.47
1771388595,2026-02-18T12:23:15.093980,0.0015,0.002,0.001,0.001,3471674.75,260546.47
1771388775,2026-02-18T12:26:15.289470,0.0015,0.002,0.001,0.001,3471674.75,260546.47
1771388955,2026-02-18T12:29:15.167245,0.0015,0.002,0.001,0.001,3471674.75,260546.47
1771389135,2026-02-18T12:32:15.249159,0.0015,0.002,0.001,0.001,3471674.75,260546.47
1771389315,2026-02-18T12:35:15.251300,0.0015,0.002,0.001,0.001,3471674.75,260546.47
1771389495,2026-02-18T12:38:15.220033,0.0015,0.002,0.001,0.001,3474674.75,260546.47
1771389675,2026-02-18T12:41:15.416680,0.0015,0.002,0.001,0.001,3481424.75,259546.47
1771389855,2026-02-18T12:44:15.230287,0.0015,0.002,0.001,0.001,3487424.75,259546.47
1771390035,2026-02-18T12:47:15.262044,0.0015,0.002,0.001,0.001,3487424.75,259546.47
1771390215,2026-02-18T12:50:15.281003,0.0015,0.002,0.001,0.001,3487424.75,259546.47
1771390395,2026-02-18T12:53:15.387244,0.0015,0.002,0.001,0.001,3497424.75,259546.47
1771390575,2026-02-18T12:56:15.261371,0.0015,0.002,0.001,0.001,3502424.75,259546.47
1771390755,2026-02-18T12:59:15.485536,0.0015,0.002,0.001,0.001,3502424.75,259546.47
1771390935,2026-02-18T13:02:15.494393,0.0015,0.002,0.001,0.001,3502424.75,259546.47
1771391115,2026-02-18T13:05:15.614296,0.0015,0.002,0.001,0.001,3502424.75,259546.47
1771391295,2026-02-18T13:08:15.705958,0.0015,0.002,0.001,0.001,3502424.75,259026.47
1771391475,2026-02-18T13:11:15.629172,0.0015,0.002,0.001,0.001,3502424.75,259026.47
1771391655,2026-02-18T13:14:15.492039,0.0015,0.002,0.001,0.001,3502424.75,258359.47
1771391835,2026-02-18T13:17:15.543640,0.0015,0.002,0.001,0.001,3502424.75,258359.47
1771392015,2026-02-18T13:20:15.689270,0.0015,0.002,0.001,0.001,3502424.75,258359.47
1771392195,2026-02-18T13:23:15.686412,0.0015,0.002,0.001,0.001,3502424.75,258353.79
1771392375,2026-02-18T13:26:15.644957,0.0015,0.002,0.001,0.001,3502424.75,258353.79
1771392555,2026-02-18T13:29:15.656210,0.0015,0.002,0.001,0.001,3502457.94,257976.79
1771392735,2026-02-18T13:32:15.891493,0.0015,0.002,0.001,0.001,3502457.94,258010.0
1771392915,2026-02-18T13:35:15.672706,0.0015,0.002,0.001,0.001,3502107.94,257231.0
1771393095,2026-02-18T13:38:15.684062,0.0015,0.002,0.001,0.001,3502117.95,256890.0
1771393275,2026-02-18T13:41:15.870046,0.0015,0.002,0.001,0.001,3502117.95,256890.0
1771393455,2026-02-18T13:44:15.878627,0.0015,0.002,0.001,0.001,3502084.75,256900.01
1771393635,2026-02-18T13:47:15.875753,0.0015,0.002,0.001,0.001,3502084.75,256900.01
1771393815,2026-02-18T13:50:15.892603,0.0015,0.002,0.001,0.001,3502074.74,256900.01
1771393995,2026-02-18T13:53:15.897829,0.0015,0.002,0.001,0.001,3502074.74,256900.01
1771394175,2026-02-18T13:56:15.902785,0.0015,0.002,0.001,0.001,3502074.74,256528.01
1771394356,2026-02-18T13:59:16.094608,0.0015,0.002,0.001,0.001,3502074.74,256528.01
1771394536,2026-02-18T14:02:16.080875,0.0015,0.002,0.001,0.001,3502074.74,256528.01
1771394716,2026-02-18T14:05:16.128896,0.0015,0.002,0.001,0.001,3502074.74,256528.01
1771394896,2026-02-18T14:08:16.234282,0.0015,0.002,0.001,0.001,3502074.74,256528.01
1771395076,2026-02-18T14:11:16.119989,0.0015,0.002,0.001,0.001,3502074.74,256528.01
1771395256,2026-02-18T14:14:16.228067,0.0015,0.002,0.001,0.001,3502074.74,256528.01
1771395436,2026-02-18T14:17:16.184109,0.0015,0.002,0.001,0.001,3502074.74,256528.01
1771395616,2026-02-18T14:20:16.245614,0.0015,0.002,0.001,0.001,3501536.74,255990.01
1771395796,2026-02-18T14:23:16.027786,0.0015,0.002,0.001,0.001,3501536.74,255990.01
1771395976,2026-02-18T14:26:16.119251,0.0015,0.002,0.001,0.001,3501536.74,255990.01
1771396156,2026-02-18T14:29:16.279846,0.0015,0.002,0.001,0.001,3501536.74,255990.01
1771396336,2026-02-18T14:32:16.229341,0.0015,0.002,0.001,0.001,3501536.74,255990.01
1771396516,2026-02-18T14:35:16.237350,0.0015,0.002,0.001,0.001,3501536.74,255990.01
1771396696,2026-02-18T14:38:16.240896,0.0015,0.002,0.001,0.001,3501536.74,255990.01
1771396876,2026-02-18T14:41:16.271050,0.0015,0.002,0.001,0.001,3501536.74,255579.01
1771397056,2026-02-18T14:44:16.264754,0.0015,0.002,0.001,0.001,3501536.74,255579.01
1771397236,2026-02-18T14:47:16.267810,0.0015,0.002,0.001,0.001,3501536.74,255579.01
1771397416,2026-02-18T14:50:16.441319,0.0015,0.002,0.001,0.001,3501536.74,255579.01
1771397596,2026-02-18T14:53:16.312003,0.0015,0.002,0.001,0.001,3501536.74,255579.01
1771397776,2026-02-18T14:56:16.453416,0.0015,0.002,0.001,0.001,3501536.74,255579.01
1771397956,2026-02-18T14:59:16.545511,0.0015,0.002,0.001,0.001,3501536.74,255579.01
1771398136,2026-02-18T15:02:16.552155,0.0015,0.002,0.001,0.001,3424355.51,259579.01
1771398316,2026-02-18T15:05:16.626309,0.0015,0.002,0.001,0.001,3424355.51,259579.01
1771398496,2026-02-18T15:08:16.685724,0.0015,0.002,0.001,0.001,3424355.51,332760.24
1771398676,2026-02-18T15:11:16.686215,0.0015,0.002,0.001,0.001,3424355.51,332760.24
1771398856,2026-02-18T15:14:16.623587,0.0015,0.002,0.001,0.001,3424355.51,332760.24
1771399036,2026-02-18T15:17:16.683615,0.0015,0.002,0.001,0.001,3424355.51,332643.04000000004
1771399216,2026-02-18T15:20:16.677645,0.0015,0.002,0.001,0.001,3424355.51,332643.04000000004
1771399396,2026-02-18T15:23:16.639864,0.0015,0.002,0.001,0.001,3424655.51,332643.04000000004
1771399576,2026-02-18T15:26:16.699777,0.0015,0.002,0.001,0.001,3424725.55,332643.04000000004
1771399756,2026-02-18T15:29:16.699770,0.0015,0.002,0.001,0.001,3424725.55,332643.04000000004
1771399936,2026-02-18T15:32:16.891093,0.0015,0.002,0.001,0.001,3424725.55,332643.04000000004
1771400116,2026-02-18T15:35:16.776345,0.0015,0.002,0.001,0.001,3424425.55,332643.04000000004
1771400296,2026-02-18T15:38:16.868530,0.0015,0.002,0.001,0.001,3424425.55,332643.04000000004
1771400476,2026-02-18T15:41:16.798100,0.0015,0.002,0.001,0.001,3424355.49,332643.04000000004
1771400656,2026-02-18T15:44:16.766074,0.0015,0.002,0.001,0.001,3424355.49,333013.11000000004
1771400836,2026-02-18T15:47:16.860476,0.0015,0.002,0.001,0.001,3424405.54,333013.11000000004
1771401016,2026-02-18T15:50:16.889544,0.0015,0.002,0.001,0.001,3424405.54,333013.11000000004
1771401197,2026-02-18T15:53:17.167624,0.0015,0.002,0.001,0.001,3424444.56,333013.11000000004
1771401376,2026-02-18T15:56:16.844482,0.0015,0.002,0.001,0.001,3424459.56,333013.11000000004
1771401557,2026-02-18T15:59:17.231802,0.0015,0.002,0.001,0.001,3424409.51,333102.2
1771401737,2026-02-18T16:02:17.059387,0.0015,0.002,0.001,0.001,3424409.51,333102.2
1771401917,2026-02-18T16:05:17.236597,0.0015,0.002,0.001,0.001,3424409.51,333102.2
1771402100,2026-02-18T16:08:20.979460,0.0015,0.002,0.001,0.001,3424370.48,333102.2
1771402277,2026-02-18T16:11:17.237085,0.0015,0.002,0.001,0.001,3424355.47,333102.2
1771402457,2026-02-18T16:14:17.228235,0.0015,0.002,0.001,0.001,3424355.47,333117.21
1771402637,2026-02-18T16:17:17.223381,0.0015,0.002,0.001,0.001,3424393.49,333117.21
1771402817,2026-02-18T16:20:17.074943,0.0015,0.002,0.001,0.001,3424393.49,333117.21
1771402997,2026-02-18T16:23:17.072815,0.0015,0.002,0.001,0.001,3424436.49,333117.21
1771403177,2026-02-18T16:26:17.248768,0.0015,0.002,0.001,0.001,3424436.49,333198.25
1771403357,2026-02-18T16:29:17.295387,0.0015,0.002,0.001,0.001,3424419.47,333198.25
1771403537,2026-02-18T16:32:17.233475,0.0015,0.002,0.001,0.001,3424419.47,333198.25
1771403717,2026-02-18T16:35:17.313169,0.0015,0.002,0.001,0.001,3424419.47,333448.75
1771403897,2026-02-18T16:38:17.253476,0.0015,0.002,0.001,0.001,3424376.47,333469.77
1771404077,2026-02-18T16:41:17.315690,0.0015,0.002,0.001,0.001,3424355.45,333409.65
1771404257,2026-02-18T16:44:17.264343,0.0015,0.002,0.001,0.001,3424355.45,333269.37
1771404437,2026-02-18T16:47:17.480027,0.0015,0.002,0.001,0.001,3424383.46,333259.35000000003
1771404617,2026-02-18T16:50:17.288965,0.0015,0.002,0.001,0.001,3424416.48,333247.30000000005
1771404797,2026-02-18T16:53:17.460166,0.0015,0.002,0.001,0.001,3424416.48,333638.08
1771404977,2026-02-18T16:56:17.477878,0.0015,0.002,0.001,0.001,3424416.48,333587.98000000004
1771405157,2026-02-18T16:59:17.532241,0.0015,0.002,0.001,0.001,3424416.48,333487.78
1771405337,2026-02-18T17:02:17.660988,0.0015,0.002,0.001,0.001,3424396.45,333638.08
1771405517,2026-02-18T17:05:17.672942,0.0015,0.002,0.001,0.001,3424363.42,333520.81
1771405697,2026-02-18T17:08:17.599747,0.0015,0.002,0.001,0.001,3424363.42,333370.51
1771405877,2026-02-18T17:11:17.492743,0.0015,0.002,0.001,0.001,3423365.03,332332.03
1771406057,2026-02-18T17:14:17.650105,0.0015,0.002,0.001,0.001,3423365.03,332281.93
1771406237,2026-02-18T17:17:17.679867,0.0015,0.002,0.001,0.001,3423428.09,332289.94
1771406417,2026-02-18T17:20:17.637756,0.0015,0.002,0.001,0.001,3423428.09,332390.14
1771406597,2026-02-18T17:23:17.582489,0.0015,0.002,0.001,0.001,3423428.09,332340.04000000004
1771406777,2026-02-18T17:26:17.680994,0.0015,0.002,0.001,0.001,3423458.12,332340.04000000004
1771406957,2026-02-18T17:29:17.686171,0.0015,0.002,0.001,0.001,3423387.05,332491.24
1771407137,2026-02-18T17:32:17.901694,0.0015,0.002,0.001,0.001,3423457.09,332441.14
1771407317,2026-02-18T17:35:17.923999,0.0015,0.002,0.001,0.001,3422749.09,332147.34
1771407497,2026-02-18T17:38:17.891590,0.0015,0.002,0.001,0.001,3422788.11,331896.84
1771407677,2026-02-18T17:41:17.895262,0.0015,0.002,0.001,0.001,3411766.0,316175.17000000004
1771407857,2026-02-18T17:44:17.886698,0.0015,0.002,0.001,0.001,3411766.0,316847.9
1771408037,2026-02-18T17:47:17.887641,0.0015,0.002,0.001,0.001,3410727.94,316079.9
1771408217,2026-02-18T17:50:17.834697,0.0015,0.002,0.001,0.001,3415688.91,316029.80000000005
1771408397,2026-02-18T17:53:17.858792,0.0015,0.002,0.001,0.001,3415888.91,330798.84
1771408578,2026-02-18T17:56:18.074206,0.0015,0.002,0.001,0.001,3415444.51,331935.07
1771408758,2026-02-18T17:59:18.164975,0.0015,0.002,0.001,0.001,3415444.51,331922.05000000005
1771408938,2026-02-18T18:02:18.147192,0.0015,0.002,0.001,0.001,3415396.51,332488.45
1771409118,2026-02-18T18:05:18.066778,0.0015,0.002,0.001,0.001,3415368.48,332781.25
1771409298,2026-02-18T18:08:18.027437,0.0015,0.002,0.001,0.001,3415368.48,332757.07
1771409478,2026-02-18T18:11:18.066743,0.0015,0.002,0.001,0.001,3414262.84,332044.53
1771409658,2026-02-18T18:14:18.165935,0.0015,0.002,0.001,0.001,3414210.78,330869.78
1771409838,2026-02-18T18:17:18.061221,0.0015,0.002,0.001,0.001,3414191.76,331994.43
1771410018,2026-02-18T18:20:18.012053,0.0015,0.002,0.001,0.001,3414116.68,332140.58
1771410198,2026-02-18T18:23:18.230060,0.0015,0.002,0.001,0.001,3414070.63,332140.58
1771410378,2026-02-18T18:26:18.291488,0.0015,0.002,0.001,0.001,3414070.63,332140.58
1771410558,2026-02-18T18:29:18.089776,0.0015,0.002,0.001,0.001,3414025.58,332140.58
1771410738,2026-02-18T18:32:18.258268,0.0015,0.002,0.001,0.001,3414025.58,332331.87
1771410918,2026-02-18T18:35:18.304887,0.0015,0.002,0.001,0.001,3414025.58,332572.35000000003
1771411098,2026-02-18T18:38:18.225777,0.0015,0.002,0.001,0.001,3414025.58,332321.85000000003
1771411278,2026-02-18T18:41:18.249451,0.0015,0.002,0.001,0.001,3414000.55,332281.77
1771411458,2026-02-18T18:44:18.465275,0.0015,0.002,0.001,0.001,3413967.51,332289.73
1771411638,2026-02-18T18:47:18.430082,0.0015,0.002,0.001,0.001,3413967.51,332379.91000000003
1771411818,2026-02-18T18:50:18.485568,0.0015,0.002,0.001,0.001,3413939.48,332329.81
1771411998,2026-02-18T18:53:18.481170,0.0015,0.002,0.001,0.001,3413939.48,332289.73
1771412178,2026-02-18T18:56:18.429755,0.0015,0.002,0.001,0.001,3413939.48,331073.76
1771412358,2026-02-18T18:59:18.720171,0.0015,0.002,0.001,0.001,3413939.48,334633.96
1771412538,2026-02-18T19:02:18.584816,0.0015,0.002,0.001,0.001,3413939.48,334633.96
1771412718,2026-02-18T19:05:18.541700,0.0015,0.002,0.001,0.001,3413877.41,334128.87
1771412898,2026-02-18T19:08:18.674322,0.0015,0.002,0.001,0.001,3413877.41,334381.31
1771413078,2026-02-18T19:11:18.665661,0.0015,0.002,0.001,0.001,3413777.41,334391.33
1771413258,2026-02-18T19:14:18.626621,0.0015,0.002,0.001,0.001,3413786.26,334241.03
1771413438,2026-02-18T19:17:18.718236,0.0015,0.002,0.001,0.001,3413565.23,334241.03
1771413618,2026-02-18T19:20:18.758124,0.0015,0.002,0.001,0.001,3413565.23,334352.79
1771413798,2026-02-18T19:23:18.673666,0.0015,0.002,0.001,0.001,3413565.23,334352.79
1771413978,2026-02-18T19:26:18.953841,0.0015,0.002,0.001,0.001,3413565.23,334352.79
1771414158,2026-02-18T19:29:18.684797,0.0015,0.002,0.001,0.001,3413565.23,334337.76
1771414338,2026-02-18T19:32:18.758514,0.0015,0.002,0.001,0.001,3413565.23,334437.96
1771414698,2026-02-18T19:38:18.884817,0.0015,0.002,0.001,0.001,3413550.41,335135.52
1771414878,2026-02-18T19:41:18.829202,0.0015,0.002,0.001,0.001,3398402.26,326390.7
1771415058,2026-02-18T19:44:18.910746,0.0015,0.002,0.001,0.001,3398402.26,326490.9
1771415238,2026-02-18T19:47:18.825087,0.0015,0.002,0.001,0.001,3398402.26,335150.33
1771415423,2026-02-18T19:50:23.673093,0.0015,0.002,0.001,0.001,3398375.75,335200.43
1771415598,2026-02-18T19:53:18.894729,0.0015,0.002,0.001,0.001,3398375.75,335150.33
1771415779,2026-02-18T19:56:19.086243,0.0015,0.002,0.001,0.001,3398375.75,335100.23
1771415959,2026-02-18T19:59:19.108969,0.0015,0.002,0.001,0.001,3398346.72,335050.13
1771416139,2026-02-18T20:02:19.268024,0.0015,0.002,0.001,0.001,3398346.72,334474.13
1771416319,2026-02-18T20:05:19.070334,0.0015,0.002,0.001,0.001,3398346.72,334424.03
1771416499,2026-02-18T20:08:19.111110,0.0015,0.002,0.001,0.001,3398312.68,334764.10000000003
1771416679,2026-02-18T20:11:19.082160,0.0015,0.002,0.001,0.001,3408228.03,334513.60000000003
1771416859,2026-02-18T20:14:19.079275,0.0015,0.002,0.001,0.001,3408228.03,334598.24
1771417039,2026-02-18T20:17:19.072740,0.0015,0.002,0.001,0.001,3408127.93,334748.44
1771417219,2026-02-18T20:20:19.091338,0.0015,0.002,0.001,0.001,3412127.93,334748.44
1771417399,2026-02-18T20:23:19.068325,0.0015,0.002,0.001,0.001,3412127.93,334748.44
1771417579,2026-02-18T20:26:19.220994,0.0015,0.002,0.001,0.001,3421127.93,334748.44
1771417759,2026-02-18T20:29:19.239718,0.0015,0.002,0.001,0.001,3421127.93,334748.44
1771417939,2026-02-18T20:32:19.253559,0.0015,0.002,0.001,0.001,3427109.91,334748.44
1771418119,2026-02-18T20:35:19.300519,0.0015,0.002,0.001,0.001,3427109.91,334398.34
1771418299,2026-02-18T20:38:19.267231,0.0015,0.002,0.001,0.001,3427109.91,335398.34
1771418479,2026-02-18T20:41:19.278895,0.0015,0.002,0.001,0.001,3427109.91,335398.34
1771418659,2026-02-18T20:44:19.360462,0.0015,0.002,0.001,0.001,3427109.91,335398.34
1771418839,2026-02-18T20:47:19.309269,0.0015,0.002,0.001,0.001,3427109.91,335498.54
1771419019,2026-02-18T20:50:19.393806,0.0015,0.002,0.001,0.001,3427109.91,335448.44
1771419199,2026-02-18T20:53:19.304057,0.0015,0.002,0.001,0.001,3427109.91,335398.34
1771419379,2026-02-18T20:56:19.664270,0.0015,0.002,0.001,0.001,3427109.91,335398.34
1771419559,2026-02-18T20:59:19.432530,0.0015,0.002,0.001,0.001,3427109.91,335398.34
1771419739,2026-02-18T21:02:19.649275,0.0015,0.002,0.001,0.001,3427073.87,335398.34
1771419919,2026-02-18T21:05:19.457217,0.0015,0.002,0.001,0.001,3427073.87,335398.34
1771420099,2026-02-18T21:08:19.647219,0.0015,0.002,0.001,0.001,3427157.85,335398.34
1771420279,2026-02-18T21:11:19.678093,0.0015,0.002,0.001,0.001,3427057.85,335398.34
1771420459,2026-02-18T21:14:19.657300,0.0015,0.002,0.001,0.001,3427051.84,335448.44
1771420639,2026-02-18T21:17:19.662010,0.0015,0.002,0.001,0.001,3426997.78,335398.34
1771420819,2026-02-18T21:20:19.710215,0.0015,0.002,0.001,0.001,3426945.01,335398.34
1771420999,2026-02-18T21:23:19.672616,0.0015,0.002,0.001,0.001,3426931.29,335488.52
1771421179,2026-02-18T21:26:19.892066,0.0015,0.002,0.001,0.001,3426879.33,335398.34
1771421359,2026-02-18T21:29:19.684607,0.0015,0.002,0.001,0.001,3428379.33,335448.44
1771421539,2026-02-18T21:32:19.711034,0.0015,0.002,0.001,0.001,3428336.28,335398.34
1771421719,2026-02-18T21:35:19.876036,0.0015,0.002,0.001,0.001,3428436.28,335398.34
1771421899,2026-02-18T21:38:19.791314,0.0015,0.002,0.001,0.001,3413202.04,335398.34
1771422079,2026-02-18T21:41:19.882043,0.0015,0.002,0.001,0.001,3413202.04,320198.14
1771422259,2026-02-18T21:44:19.862161,0.0015,0.002,0.001,0.001,3413075.3,320198.14
1771422439,2026-02-18T21:47:19.867775,0.0015,0.002,0.001,0.001,3413075.3,334734.43
1771422619,2026-02-18T21:50:19.864745,0.0015,0.002,0.001,0.001,3413042.1,335850.71
1771422800,2026-02-18T21:53:20.128773,0.0015,0.002,0.001,0.001,3412991.68,335850.71
1771422980,2026-02-18T21:56:20.226833,0.0015,0.002,0.001,0.001,3412981.67,335850.71
1771423159,2026-02-18T21:59:19.919528,0.0015,0.002,0.001,0.001,3412981.67,335850.71
1771423340,2026-02-18T22:02:20.076658,0.0015,0.002,0.001,0.001,3412964.65,335950.91000000003
1771423520,2026-02-18T22:05:20.206067,0.0015,0.002,0.001,0.001,3412964.65,335850.71
1771423700,2026-02-18T22:08:20.158319,0.0015,0.002,0.001,0.001,3412949.73,335900.81
1771423880,2026-02-18T22:11:20.168407,0.0015,0.002,0.001,0.001,3412918.69,335900.81
1771424060,2026-02-18T22:14:20.066351,0.0015,0.002,0.001,0.001,3412887.65,336001.01
1771424240,2026-02-18T22:17:20.357229,0.0015,0.002,0.001,0.001,3412887.65,336001.01
1771424420,2026-02-18T22:20:20.435014,0.0015,0.002,0.001,0.001,3412887.65,335900.81
1771424600,2026-02-18T22:23:20.248721,0.0015,0.002,0.001,0.001,3412746.6,335900.81
1771424780,2026-02-18T22:26:20.277753,0.0015,0.002,0.001,0.001,3412809.56,335850.71
1771424960,2026-02-18T22:29:20.450276,0.0015,0.002,0.001,0.001,3412809.56,335890.79
1771425140,2026-02-18T22:32:20.564149,0.0015,0.002,0.001,0.001,3412762.51,335940.89
1771425320,2026-02-18T22:35:20.426307,0.0015,0.002,0.001,0.001,3412762.51,335850.71
1771425500,2026-02-18T22:38:20.237941,0.0015,0.002,0.001,0.001,3412762.51,335900.81
1771425685,2026-02-18T22:41:25.083249,0.0015,0.002,0.001,0.001,3412762.51,336001.01
1771425860,2026-02-18T22:44:20.475056,0.0015,0.002,0.001,0.001,3412762.51,336001.01
1771426040,2026-02-18T22:47:20.511174,0.0015,0.002,0.001,0.001,3409810.68,336001.01
1771426220,2026-02-18T22:50:20.433708,0.0015,0.002,0.001,0.001,3409760.43,339072.07
1771426400,2026-02-18T22:53:20.558485,0.0015,0.002,0.001,0.001,3409711.38,339322.57
1771426580,2026-02-18T22:56:20.472528,0.0015,0.002,0.001,0.001,3409711.38,339272.47000000003
1771426760,2026-02-18T22:59:20.466624,0.0015,0.002,0.001,0.001,3409711.38,339170.42
1771426940,2026-02-18T23:02:20.653297,0.0015,0.002,0.001,0.001,3409618.19,339070.22000000003
1771427120,2026-02-18T23:05:20.650772,0.0015,0.002,0.001,0.001,3409505.71,338206.22000000003
1771427300,2026-02-18T23:08:20.603931,0.0015,0.002,0.001,0.001,3409505.71,338196.2
1771427480,2026-02-18T23:11:20.703403,0.0015,0.002,0.001,0.001,3409505.71,338103.36
1771427660,2026-02-18T23:14:20.653284,0.0015,0.002,0.001,0.001,3409459.66,338408.3
1771427840,2026-02-18T23:17:20.702548,0.0015,0.002,0.001,0.001,3409443.64,338448.38
1771428020,2026-02-18T23:20:20.904249,0.0015,0.002,0.001,0.001,3409443.64,338448.38
1771428201,2026-02-18T23:23:21.000860,0.0015,0.002,0.001,0.001,3409443.64,338548.58
1771428380,2026-02-18T23:26:20.664214,0.0015,0.002,0.001,0.001,3409310.6,338598.68
1771428560,2026-02-18T23:29:20.895677,0.0015,0.002,0.001,0.001,3409108.2,338648.78
1771428740,2026-02-18T23:32:20.894046,0.0015,0.002,0.001,0.001,3409108.2,338648.78
1771428920,2026-02-18T23:35:20.872180,0.0015,0.002,0.001,0.001,3409108.2,338558.60000000003
1771429100,2026-02-18T23:38:20.873307,0.0015,0.002,0.001,0.001,3409208.2,338558.60000000003
1771429280,2026-02-18T23:41:20.891610,0.0015,0.002,0.001,0.001,3408828.76,338558.60000000003
1771429461,2026-02-18T23:44:21.242040,0.0015,0.002,0.001,0.001,3408692.62,338408.3
1771429640,2026-02-18T23:47:20.883263,0.0015,0.002,0.001,0.001,3408663.6,338880.32
1771429821,2026-02-18T23:50:21.164208,0.0015,0.002,0.001,0.001,3408508.5,338830.24
1771430001,2026-02-18T23:53:21.227018,0.0015,0.002,0.001,0.001,3407578.72,338880.34
1771430181,2026-02-18T23:56:21.240348,0.0015,0.002,0.001,0.001,3407678.72,338462.2
1771430541,2026-02-19T00:02:21.216104,0.0015,0.002,0.001,0.001,3407678.72,338460.0
1771430721,2026-02-19T00:05:21.221377,0.0015,0.002,0.001,0.001,3407678.72,338500.08
1771430901,2026-02-19T00:08:21.126173,0.0015,0.002,0.001,0.001,3407614.65,338600.28
1771431081,2026-02-19T00:11:21.340623,0.0015,0.002,0.001,0.001,3407564.18,338250.18
1771431261,2026-02-19T00:14:21.307465,0.0015,0.002,0.001,0.001,3407564.18,338300.28
1771431441,2026-02-19T00:17:21.358660,0.0015,0.002,0.001,0.001,3407564.18,338160.0
1771431621,2026-02-19T00:20:21.330133,0.0015,0.002,0.001,0.001,3407564.18,338210.10000000003
1771431801,2026-02-19T00:23:21.306362,0.0015,0.002,0.001,0.001,3407564.18,338210.10000000003
1771431981,2026-02-19T00:26:21.392717,0.0015,0.002,0.001,0.001,3407564.18,338160.0
1771432161,2026-02-19T00:29:21.458889,0.0015,0.002,0.001,0.001,3407564.18,338109.9
1771432341,2026-02-19T00:32:21.307034,0.0015,0.002,0.001,0.001,3407364.18,338160.0
1771432521,2026-02-19T00:35:21.385635,0.0015,0.002,0.001,0.001,3407364.18,338207.06
1771432701,2026-02-19T00:38:21.445676,0.0015,0.002,0.001,0.001,3407364.18,338106.86
1771432881,2026-02-19T00:41:21.470974,0.0015,0.002,0.001,0.001,3407364.18,338056.39
1771433061,2026-02-19T00:44:21.512134,0.0015,0.002,0.001,0.001,3407264.18,338106.49
1771433241,2026-02-19T00:47:21.529959,0.0015,0.002,0.001,0.001,3407364.18,338106.49
1771433421,2026-02-19T00:50:21.660889,0.0015,0.002,0.001,0.001,3407364.18,332056.4
1771433601,2026-02-19T00:53:21.674831,0.0015,0.002,0.001,0.001,3407264.18,338056.39
1771433781,2026-02-19T00:56:21.683667,0.0015,0.002,0.001,0.001,3407264.18,332056.4
1771433961,2026-02-19T00:59:21.679958,0.0015,0.002,0.001,0.001,3407364.18,338056.39
1771434141,2026-02-19T01:02:21.699574,0.0015,0.002,0.001,0.001,3407364.18,338056.39
1771434321,2026-02-19T01:05:21.900335,0.0015,0.002,0.001,0.001,3407264.18,338106.49
1771434501,2026-02-19T01:08:21.666826,0.0015,0.002,0.001,0.001,3391947.86,338206.69
1771434681,2026-02-19T01:11:21.689231,0.0015,0.002,0.001,0.001,3422147.86,328326.22000000003
1771434861,2026-02-19T01:14:21.960437,0.0015,0.002,0.001,0.001,3422147.86,328326.22000000003
1771435041,2026-02-19T01:17:21.879149,0.0015,0.002,0.001,0.001,3422147.86,328326.22000000003
1771435221,2026-02-19T01:20:21.904252,0.0015,0.002,0.001,0.001,3422147.86,328476.52
1771435401,2026-02-19T01:23:21.903010,0.0015,0.002,0.001,0.001,3422147.86,328326.22000000003
1771435581,2026-02-19T01:26:21.909254,0.0015,0.002,0.001,0.001,3422147.86,328175.92
1771435761,2026-02-19T01:29:21.865814,0.0015,0.002,0.001,0.001,3422147.86,328175.92
1771435941,2026-02-19T01:32:21.956800,0.0015,0.002,0.001,0.001,3422147.86,328326.22000000003
1771436121,2026-02-19T01:35:21.897527,0.0015,0.002,0.001,0.001,3422147.86,328276.12
1771436302,2026-02-19T01:38:22.138749,0.0015,0.002,0.001,0.001,3422147.86,328175.92
1771436482,2026-02-19T01:41:22.170983,0.0015,0.002,0.001,0.001,3422147.86,328125.82
1771436662,2026-02-19T01:44:22.084251,0.0015,0.002,0.001,0.001,3422147.86,328125.82
1771436842,2026-02-19T01:47:22.092595,0.0015,0.002,0.001,0.001,3422147.86,328216.0
1771437022,2026-02-19T01:50:22.093085,0.0015,0.002,0.001,0.001,3422127.86,328366.3
1771437202,2026-02-19T01:53:22.102525,0.0015,0.002,0.001,0.001,3422127.86,328266.10000000003
1771437382,2026-02-19T01:56:22.250141,0.0015,0.002,0.001,0.001,3422127.86,328366.3
1771437562,2026-02-19T01:59:22.099785,0.0015,0.002,0.001,0.001,3422127.86,328216.0
1771437742,2026-02-19T02:02:22.079434,0.0015,0.002,0.001,0.001,3422127.86,328316.2
1771437922,2026-02-19T02:05:22.165685,0.0015,0.002,0.001,0.001,3422127.86,328416.4
1771438102,2026-02-19T02:08:22.233291,0.0015,0.002,0.001,0.001,3404322.2,310660.85
1771438282,2026-02-19T02:11:22.323651,0.0015,0.002,0.001,0.001,3404485.9,328166.5
1771438462,2026-02-19T02:14:22.282550,0.0015,0.002,0.001,0.001,3404485.9,327916.0
1771438642,2026-02-19T02:17:22.322823,0.0015,0.002,0.001,0.001,3404484.89,327966.10000000003
1771438822,2026-02-19T02:20:22.437518,0.0015,0.002,0.001,0.001,3404484.89,327916.0
1771439002,2026-02-19T02:23:22.301312,0.0015,0.002,0.001,0.001,3404484.89,327966.10000000003
1771439182,2026-02-19T02:26:22.436738,0.0015,0.002,0.001,0.001,3404484.89,327966.10000000003
1771439362,2026-02-19T02:29:22.524994,0.0015,0.002,0.001,0.001,3404484.89,328016.2
1771439542,2026-02-19T02:32:22.678587,0.0015,0.002,0.001,0.001,3404484.89,328016.2
1771439727,2026-02-19T02:35:27.221250,0.0015,,,0.001,3404484.89,327966.10000000003
1771439902,2026-02-19T02:38:22.497726,0.0015,0.002,0.001,0.001,3404484.89,327916.0
1771440082,2026-02-19T02:41:22.529612,0.0015,0.002,0.001,0.001,3404484.89,327916.0
1771440262,2026-02-19T02:44:22.676407,0.0015,0.002,0.001,0.001,3404484.89,328016.2
1771440442,2026-02-19T02:47:22.692051,0.0015,0.002,0.001,0.001,3404484.89,328066.3
1771440622,2026-02-19T02:50:22.664637,0.0015,0.002,0.001,0.001,3386232.53,329966.10000000003
1771440802,2026-02-19T02:53:22.688769,0.0015,0.002,0.001,0.001,3386232.53,313342.39
1771440982,2026-02-19T02:56:22.541385,0.0015,0.002,0.001,0.001,3386232.53,313392.49
1771441162,2026-02-19T02:59:22.798289,0.0015,0.002,0.001,0.001,3386232.53,313342.39
1771441342,2026-02-19T03:02:22.677938,0.0015,0.002,0.001,0.001,3386940.76,313442.59
1771441522,2026-02-19T03:05:22.603219,0.0015,0.002,0.001,0.001,3386940.76,316842.39
1771441702,2026-02-19T03:08:22.719021,0.0015,0.002,0.001,0.001,3386940.76,316842.39
1771441882,2026-02-19T03:11:22.684119,0.0015,0.002,0.001,0.001,3386940.76,316792.29
1771442062,2026-02-19T03:14:22.713080,0.0015,0.002,0.001,0.001,3386940.76,316842.39
1771442242,2026-02-19T03:17:22.689468,0.0015,0.002,0.001,0.001,3386940.76,316892.49
1771442422,2026-02-19T03:20:22.909845,0.0015,0.002,0.001,0.001,3386940.76,316892.49
1771442602,2026-02-19T03:23:22.704287,0.0015,0.002,0.001,0.001,3386940.76,316942.59
1771442782,2026-02-19T03:26:22.896686,0.0015,0.002,0.001,0.001,3386840.76,317042.79
1771442962,2026-02-19T03:29:22.867747,0.0015,0.002,0.001,0.001,3386840.76,317042.79
1771443142,2026-02-19T03:32:22.899845,0.0015,0.002,0.001,0.001,3386840.76,317042.79
1771443323,2026-02-19T03:35:23.090646,0.0015,0.002,0.001,0.001,3386840.76,317092.89
1771443503,2026-02-19T03:38:23.101704,0.0015,0.002,0.001,0.001,3386940.76,317092.89
1771443683,2026-02-19T03:41:23.089473,0.0015,0.002,0.001,0.001,3386940.76,317042.79
1771443863,2026-02-19T03:44:23.111342,0.0015,0.002,0.001,0.001,3386940.76,316952.61
1771444043,2026-02-19T03:47:23.032076,0.0015,0.002,0.001,0.001,3386940.76,316852.41000000003
1771444223,2026-02-19T03:50:23.164023,0.0015,0.002,0.001,0.001,3386940.76,316852.41000000003
1771444403,2026-02-19T03:53:23.227044,0.0015,0.002,0.001,0.001,3386940.76,316902.51
1771444583,2026-02-19T03:56:23.234762,0.0015,0.002,0.001,0.001,3386940.76,316852.41000000003
1771444763,2026-02-19T03:59:23.111088,0.0015,0.002,0.001,0.001,3386940.76,316852.41000000003
1771444943,2026-02-19T04:02:23.137196,0.0015,0.002,0.001,0.001,3386940.76,316802.31
1771445123,2026-02-19T04:05:23.218775,0.0015,0.002,0.001,0.001,3386940.76,316802.31
1771445303,2026-02-19T04:08:23.279785,0.0015,0.002,0.001,0.001,3386940.76,316702.11
1771445483,2026-02-19T04:11:23.275960,0.0015,0.002,0.001,0.001,3386940.76,316802.31
1771445663,2026-02-19T04:14:23.298677,0.0015,0.002,0.001,0.001,3386940.76,316702.11
1771445843,2026-02-19T04:17:23.268324,0.0015,0.002,0.001,0.001,3386940.76,316752.21
1771446023,2026-02-19T04:20:23.284337,0.0015,0.002,0.001,0.001,3386940.76,316852.41000000003
1771446203,2026-02-19T04:23:23.464659,0.0015,0.002,0.001,0.001,3386939.75,316852.41000000003
1771446383,2026-02-19T04:26:23.314413,0.0015,0.002,0.001,0.001,3386939.75,316752.21
1771446563,2026-02-19T04:29:23.455976,0.0015,0.002,0.001,0.001,3386939.75,316702.11
1771446743,2026-02-19T04:32:23.499595,0.0015,0.002,0.001,0.001,3386839.75,316702.11
1771446923,2026-02-19T04:35:23.449825,0.0015,0.002,0.001,0.001,3386839.75,316752.21
1771447103,2026-02-19T04:38:23.484336,0.0015,0.002,0.001,0.001,3386939.75,316752.21
1771447283,2026-02-19T04:41:23.482539,0.0015,0.002,0.001,0.001,3386939.75,316802.31
1771447463,2026-02-19T04:44:23.654620,0.0015,0.002,0.001,0.001,3386939.75,316802.31
1771447643,2026-02-19T04:47:23.625114,0.0015,0.002,0.001,0.001,3386939.75,316702.11
1771447823,2026-02-19T04:50:23.672574,0.0015,0.002,0.001,0.001,3386939.75,316742.19
1771448003,2026-02-19T04:53:23.692256,0.0015,0.002,0.001,0.001,3386939.75,316842.39
1771448183,2026-02-19T04:56:23.671527,0.0015,0.002,0.001,0.001,3386939.75,316842.39
1771448363,2026-02-19T04:59:23.881751,0.0015,0.002,0.001,0.001,3369027.7,298530.55
1771448543,2026-02-19T05:02:23.688237,0.0015,0.002,0.001,0.001,3369675.16,298580.65
1771448723,2026-02-19T05:05:23.880603,0.0015,0.002,0.001,0.001,3369675.16,298530.55
1771448903,2026-02-19T05:08:23.900699,0.0015,0.002,0.001,0.001,3369675.16,298580.65
1771449083,2026-02-19T05:11:23.879166,0.0015,0.002,0.001,0.001,3369675.16,298540.57
1771449263,2026-02-19T05:14:23.898021,0.0015,0.002,0.001,0.001,3369675.16,298440.37
1771449443,2026-02-19T05:17:23.885155,0.0015,0.002,0.001,0.001,3369575.16,298440.37
1771449623,2026-02-19T05:20:23.948020,0.0015,0.002,0.001,0.001,3369575.16,298490.47000000003
1771449804,2026-02-19T05:23:24.084221,0.0015,0.002,0.001,0.001,3369575.16,298580.65
1771449984,2026-02-19T05:26:24.096838,0.0015,0.002,0.001,0.001,3369575.16,278580.64999999997
1771450164,2026-02-19T05:29:24.224946,0.0015,0.002,0.001,0.001,3369575.16,298580.64999999997
1771450343,2026-02-19T05:32:23.894607,0.0015,0.002,0.001,0.001,3369575.16,297880.27
1771450524,2026-02-19T05:35:24.095326,0.0015,0.002,0.001,0.001,3369675.16,297880.27
1771450704,2026-02-19T05:38:24.082756,0.0015,0.002,0.001,0.001,3369675.16,257870.61
1771450884,2026-02-19T05:41:24.115489,0.0015,0.002,0.001,0.001,3331602.94,298020.55
1771451064,2026-02-19T05:44:24.233010,0.0015,0.002,0.001,0.001,3331602.94,279998.24
1771451244,2026-02-19T05:47:24.170662,0.0015,0.002,0.001,0.001,3331702.94,279948.14
1771451424,2026-02-19T05:50:24.227667,0.0015,0.002,0.001,0.001,3331702.94,279857.96
1771451604,2026-02-19T05:53:24.230713,0.0015,0.002,0.001,0.001,3331702.94,279857.96
1771451784,2026-02-19T05:56:24.199045,0.0015,0.002,0.001,0.001,3331702.94,279807.86
1771451964,2026-02-19T05:59:24.292657,0.0015,0.002,0.001,0.001,3331702.94,279908.06
1771452144,2026-02-19T06:02:24.238644,0.0015,0.002,0.001,0.001,3331702.94,279908.06
1771452324,2026-02-19T06:05:24.317073,0.0015,0.002,0.001,0.001,3331702.94,279807.86
1771452504,2026-02-19T06:08:24.306234,0.0015,0.002,0.001,0.001,3331630.94,279857.96
1771452684,2026-02-19T06:11:24.405883,0.0015,0.002,0.001,0.001,3331630.94,279908.06
1771452864,2026-02-19T06:14:24.454900,0.0015,0.002,0.001,0.001,3331630.94,279857.96
1771453044,2026-02-19T06:17:24.484317,0.0015,0.002,0.001,0.001,3313529.13,279898.04
1771453224,2026-02-19T06:20:24.506669,0.0015,0.002,0.001,0.001,3313529.13,261796.24
1771453404,2026-02-19T06:23:24.645048,0.0015,0.002,0.001,0.001,3313529.13,261796.24
1771453584,2026-02-19T06:26:24.552521,0.0015,0.002,0.001,0.001,3313529.13,261796.24
1771453764,2026-02-19T06:29:24.613728,0.0015,0.002,0.001,0.001,3313529.13,261746.14
1771453944,2026-02-19T06:32:24.491458,0.0015,0.002,0.001,0.001,3313529.13,261846.34
1771454124,2026-02-19T06:35:24.519387,0.0015,0.002,0.001,0.001,3313529.13,261796.24
1771454304,2026-02-19T06:38:24.664093,0.0015,0.002,0.001,0.001,3313529.13,261796.24
1771454484,2026-02-19T06:41:24.652329,0.0015,0.002,0.001,0.001,3313529.13,261746.14
1771454664,2026-02-19T06:44:24.686037,0.0015,0.002,0.001,0.001,3313374.13,261796.24
1771454844,2026-02-19T06:47:24.688625,0.0015,0.002,0.001,0.001,3313374.13,255946.55000000002
1771455024,2026-02-19T06:50:24.629430,0.0015,0.002,0.001,0.001,3313374.13,333134.2
1771455204,2026-02-19T06:53:24.693997,0.0015,0.002,0.001,0.001,3313374.13,333159.25
1771455384,2026-02-19T06:56:24.885758,0.0015,0.002,0.001,0.001,3313374.13,333109.15
1771455564,2026-02-19T06:59:24.682101,0.0015,0.002,0.001,0.001,3313374.13,333209.35000000003
1771455744,2026-02-19T07:02:24.681848,0.0015,0.002,0.001,0.001,3313374.13,333309.55
1771455924,2026-02-19T07:05:24.937156,0.0015,0.002,0.001,0.001,3313374.13,333309.55
1771456104,2026-02-19T07:08:24.830386,0.0015,0.002,0.001,0.001,3313374.13,333259.45
1771456284,2026-02-19T07:11:24.921535,0.0015,0.002,0.001,0.001,3313374.13,333209.35000000003
1771456469,2026-02-19T07:14:29.675490,0.0015,0.002,0.001,0.001,3313374.13,333284.5
1771456644,2026-02-19T07:17:24.932302,0.0015,0.002,0.001,0.001,3313374.13,333334.60000000003
1771456824,2026-02-19T07:20:24.883218,0.0015,0.002,0.001,0.001,3313374.13,333818.47000000003
1771457004,2026-02-19T07:23:24.890965,0.0015,0.002,0.001,0.001,3313374.13,333778.39
1771457185,2026-02-19T07:26:25.087698,0.0015,0.002,0.001,0.001,3313374.13,333778.39
1771457365,2026-02-19T07:29:25.118376,0.0015,0.002,0.001,0.001,3313374.13,333778.39
1771457545,2026-02-19T07:32:25.112124,0.0015,0.002,0.001,0.001,3313374.13,333728.29
1771457725,2026-02-19T07:35:25.118278,0.0015,0.002,0.001,0.001,3313374.13,333678.19
1771457905,2026-02-19T07:38:25.233368,0.0015,0.002,0.001,0.001,3313309.13,333818.47000000003
1771458085,2026-02-19T07:41:25.235005,0.0015,0.002,0.001,0.001,3313309.13,333678.19
1771458265,2026-02-19T07:44:25.233990,0.0015,0.002,0.001,0.001,3313309.13,333778.39
1771458445,2026-02-19T07:47:25.212937,0.0015,0.002,0.001,0.001,3313309.13,333678.19
1771458625,2026-02-19T07:50:25.256450,0.0015,0.002,0.001,0.001,3313309.13,333728.29
1771458805,2026-02-19T07:53:25.264229,0.0015,0.002,0.001,0.001,3313309.13,333678.19
1771458985,2026-02-19T07:56:25.285259,0.0015,0.002,0.001,0.001,3313249.13,333678.19
1771459170,2026-02-19T07:59:30.097558,0.0015,,,0.001,3313249.13,333678.19
1771459345,2026-02-19T08:02:25.283757,0.0015,0.002,0.001,0.001,3313249.13,333171.2
1771459525,2026-02-19T08:05:25.317135,0.0015,0.002,0.001,0.001,3313249.13,333171.2
1771459705,2026-02-19T08:08:25.305592,0.0015,0.002,0.001,0.001,3313249.13,333221.3
1771459885,2026-02-19T08:11:25.302877,0.0015,0.002,0.001,0.001,3313249.13,334295.38
1771460065,2026-02-19T08:14:25.304164,0.0015,0.002,0.001,0.001,3313249.13,335032.08
1771460245,2026-02-19T08:17:25.450794,0.0015,0.002,0.001,0.001,3313249.13,335207.43
1771460425,2026-02-19T08:20:25.436282,0.0015,0.002,0.001,0.001,3295966.51,335207.43
1771460605,2026-02-19T08:23:25.474528,0.0015,0.002,0.001,0.001,3297966.51,317999.97000000003
1771460785,2026-02-19T08:26:25.480989,0.0015,0.002,0.001,0.001,3297966.51,317924.82
1771460965,2026-02-19T08:29:25.523759,0.0015,0.002,0.001,0.001,3297966.51,317924.82
1771461145,2026-02-19T08:32:25.470874,0.0015,0.002,0.001,0.001,3279046.54,318050.07
1771461325,2026-02-19T08:35:25.665074,0.0015,0.002,0.001,0.001,3279046.54,299130.11
1771461505,2026-02-19T08:38:25.627313,0.0015,0.002,0.001,0.001,3279046.54,299130.11
1771461685,2026-02-19T08:41:25.673955,0.0015,0.002,0.001,0.001,3279046.54,299130.11
1771461865,2026-02-19T08:44:25.672714,0.0015,0.002,0.001,0.001,3279046.54,299130.11
1771462045,2026-02-19T08:47:25.735435,0.0015,0.002,0.001,0.001,3279046.54,299180.21
1771462225,2026-02-19T08:50:25.699680,0.0015,0.002,0.001,0.001,3261274.65,299068.0
1771462405,2026-02-19T08:53:25.698705,0.0015,0.002,0.001,0.001,3261274.65,281421.37
1771462585,2026-02-19T08:56:25.729103,0.0015,0.002,0.001,0.001,3261274.65,281296.12
1771462765,2026-02-19T08:59:25.912582,0.0015,0.002,0.001,0.001,3261274.65,281296.12
1771462945,2026-02-19T09:02:25.914425,0.0015,0.002,0.001,0.001,3244127.7,264149.18
1771463125,2026-02-19T09:05:25.956958,0.0015,0.002,0.001,0.001,3244127.7,264289.46
1771463305,2026-02-19T09:08:25.910546,0.0015,0.002,0.001,0.001,3234127.7,264424.73
1771463486,2026-02-19T09:11:26.082439,0.0015,0.002,0.001,0.001,3234127.7,264374.63
1771463665,2026-02-19T09:14:25.919773,0.0015,0.002,0.001,0.001,3234127.7,264524.93
1771463846,2026-02-19T09:17:26.099731,0.0015,0.002,0.001,0.001,3234127.7,264524.93
1771464026,2026-02-19T09:20:26.030431,0.0015,0.002,0.001,0.001,3234127.7,264524.93
1771464206,2026-02-19T09:23:26.061028,0.0015,0.002,0.001,0.001,3234127.7,264524.93
1771464386,2026-02-19T09:26:26.237963,0.0015,0.002,0.001,0.001,3234127.7,264524.93
1771464566,2026-02-19T09:29:26.150783,0.0015,0.002,0.001,0.001,3234127.7,264474.83
1771464746,2026-02-19T09:32:26.234800,0.0015,0.002,0.001,0.001,3234127.7,264514.91
1771464926,2026-02-19T09:35:26.170598,0.0015,0.002,0.001,0.001,3234127.7,264524.93
1771465106,2026-02-19T09:38:26.085361,0.0015,0.002,0.001,0.001,3234127.7,264424.73
1771465286,2026-02-19T09:41:26.316086,0.0015,0.002,0.001,0.001,3234126.61,263846.73
1771465466,2026-02-19T09:44:26.246935,0.0015,0.002,0.001,0.001,3234126.61,260483.93
1771465646,2026-02-19T09:47:26.332401,0.0015,0.002,0.001,0.001,3234126.61,260383.73
1771465826,2026-02-19T09:50:26.448539,0.0015,0.002,0.001,0.001,3234126.61,260333.63
1771466006,2026-02-19T09:53:26.289718,0.0015,0.002,0.001,0.001,3234126.61,260785.73
1771466186,2026-02-19T09:56:26.275845,0.0015,0.002,0.001,0.001,3234126.61,260785.73
1771466366,2026-02-19T09:59:26.440538,0.0015,0.002,0.001,0.001,3234126.61,260785.73
1771466546,2026-02-19T10:02:26.472824,0.0015,0.002,0.001,0.001,3234126.61,260785.73
1771466726,2026-02-19T10:05:26.492203,0.0015,0.002,0.001,0.001,3234126.61,260392.63
1771466906,2026-02-19T10:08:26.490183,0.0015,0.002,0.001,0.001,3234126.61,260442.73
1771467086,2026-02-19T10:11:26.466770,0.0015,0.002,0.001,0.001,3234126.61,260049.73
1771467266,2026-02-19T10:14:26.691499,0.0015,0.002,0.001,0.001,3234126.61,260099.83000000002
1771467446,2026-02-19T10:17:26.694024,0.0015,0.002,0.001,0.001,3234126.61,260099.83000000002
1771467626,2026-02-19T10:20:26.667247,0.0015,0.002,0.001,0.001,3234126.61,260099.83000000002
1771467806,2026-02-19T10:23:26.662296,0.0015,0.002,0.001,0.001,3234126.61,260099.83000000002
1771467986,2026-02-19T10:26:26.663760,0.0015,0.002,0.001,0.001,3234126.61,260099.83000000002
1771468166,2026-02-19T10:29:26.683644,0.0015,0.002,0.001,0.001,3234126.61,260099.83000000002
1771468346,2026-02-19T10:32:26.691872,0.0015,0.002,0.001,0.001,3234126.61,260099.83000000002
1771468526,2026-02-19T10:35:26.681986,0.0015,0.002,0.001,0.001,3234126.61,258664.97999999998
1771468706,2026-02-19T10:38:26.699227,0.0015,0.002,0.001,0.001,3234126.61,260099.83
1771468886,2026-02-19T10:41:26.893334,0.0015,0.002,0.001,0.001,3234126.61,260049.72999999998
1771469066,2026-02-19T10:44:26.847578,0.0015,0.002,0.001,0.001,3234126.61,260049.72999999998
1771469246,2026-02-19T10:47:26.905145,0.0015,0.002,0.001,0.001,3234126.61,260089.81
1771469426,2026-02-19T10:50:26.896067,0.0015,0.002,0.001,0.001,3234126.61,259999.63
1771469606,2026-02-19T10:53:26.906060,0.0015,0.002,0.001,0.001,3234226.61,259999.63
1771469786,2026-02-19T10:56:26.922169,0.0015,0.002,0.001,0.001,3234226.61,259999.63
1771469966,2026-02-19T10:59:26.907442,0.0015,0.002,0.001,0.001,3234126.61,259949.53
1771470146,2026-02-19T11:02:26.879399,0.0015,0.002,0.001,0.001,3234126.61,259949.53
1771470327,2026-02-19T11:05:27.247748,0.0015,0.002,0.001,0.001,3234026.61,259949.53
1771470507,2026-02-19T11:08:27.103563,0.0015,0.002,0.001,0.001,3234026.61,259899.43
1771470687,2026-02-19T11:11:27.245052,0.0015,0.002,0.001,0.001,3234126.61,259899.43
1771470867,2026-02-19T11:14:27.172812,0.0015,0.002,0.001,0.001,3234126.61,259899.43
1771471047,2026-02-19T11:17:27.103939,0.0015,0.002,0.001,0.001,3233896.61,259669.43
1771471227,2026-02-19T11:20:27.104443,0.0015,0.002,0.001,0.001,3233896.61,259719.53
1771471407,2026-02-19T11:23:27.229956,0.0015,0.002,0.001,0.001,3233896.61,259669.43
1771471587,2026-02-19T11:26:27.165832,0.0015,0.002,0.001,0.001,3233896.61,259669.43
1771471767,2026-02-19T11:29:27.218673,0.0015,0.002,0.001,0.001,3233896.61,259669.43
1771471947,2026-02-19T11:32:27.314165,0.0015,0.002,0.001,0.001,3233896.61,259719.53
1771472127,2026-02-19T11:35:27.215972,0.0015,0.002,0.001,0.001,3233896.61,259719.53
1771472307,2026-02-19T11:38:27.285193,0.0015,0.002,0.001,0.001,3233896.61,259719.53
1771472487,2026-02-19T11:41:27.262296,0.0015,0.002,0.001,0.001,3233896.61,259594.28
1771472667,2026-02-19T11:44:27.238116,0.0015,0.002,0.001,0.001,3233896.61,259719.53
1771472847,2026-02-19T11:47:27.319315,0.0015,0.002,0.001,0.001,3233896.61,259719.53
1771473027,2026-02-19T11:50:27.302245,0.0015,0.002,0.001,0.001,3233896.61,259719.53
1771473207,2026-02-19T11:53:27.385579,0.0015,0.002,0.001,0.001,3233896.61,259669.43
1771473387,2026-02-19T11:56:27.436000,0.0015,0.002,0.001,0.001,3233896.61,259544.18
1771473567,2026-02-19T11:59:27.460337,0.0015,0.002,0.001,0.001,3233896.61,259594.28
1771473747,2026-02-19T12:02:27.654748,0.0015,0.002,0.001,0.001,3233896.61,259544.18
1771473927,2026-02-19T12:05:27.678532,0.0015,0.002,0.001,0.001,3233896.61,259669.43
1771474107,2026-02-19T12:08:27.713168,0.0015,0.002,0.001,0.001,3233896.61,259669.43
1771474292,2026-02-19T12:11:32.490031,0.0015,0.002,0.001,0.001,3233896.61,259561.18
1771474467,2026-02-19T12:14:27.467751,0.0015,0.002,0.001,0.001,3233820.61,259209.28
1771474647,2026-02-19T12:17:27.639656,0.0015,0.002,0.001,0.001,3233820.61,259209.28
1771474827,2026-02-19T12:20:27.674539,0.0015,0.002,0.001,0.001,3233820.61,259209.28
1771475007,2026-02-19T12:23:27.669742,0.0015,0.002,0.001,0.001,3233820.61,259209.28
1771475187,2026-02-19T12:26:27.689890,0.0015,0.002,0.001,0.001,3233920.61,259209.28
1771475367,2026-02-19T12:29:27.885141,0.0015,0.002,0.001,0.001,3233920.61,259033.93
1771475547,2026-02-19T12:32:27.687055,0.0015,0.002,0.001,0.001,3233920.61,259033.93
1771475727,2026-02-19T12:35:27.677200,0.0015,0.002,0.001,0.001,3233920.61,259033.93
1771475907,2026-02-19T12:38:27.643989,0.0015,0.002,0.001,0.001,3233920.61,259027.91999999998
1771476087,2026-02-19T12:41:27.683096,0.0015,0.002,0.001,0.001,3233920.61,258902.66999999998
1771476267,2026-02-19T12:44:27.908219,0.0015,0.002,0.001,0.001,3233920.61,259078.02
1771476452,2026-02-19T12:47:32.075259,0.0015,0.002,0.001,0.001,3233920.61,259078.02
1771476627,2026-02-19T12:50:27.950617,0.0015,0.002,0.001,0.001,3233920.61,259203.27
1771476807,2026-02-19T12:53:27.876293,0.0015,0.002,0.001,0.001,3233920.61,259203.27
1771476987,2026-02-19T12:56:27.902706,0.0015,0.002,0.001,0.001,3233920.61,259203.27
1771477167,2026-02-19T12:59:27.855752,0.0015,0.002,0.001,0.001,3233920.61,259188.71
1771477348,2026-02-19T13:02:28.088620,0.0015,0.002,0.001,0.001,3233920.61,259328.99
1771477527,2026-02-19T13:05:27.957608,0.0015,0.002,0.001,0.001,3233920.61,259404.13999999998
1771477708,2026-02-19T13:08:28.221303,0.0015,0.002,0.001,0.001,3233920.61,259404.13999999998
1771477888,2026-02-19T13:11:28.121540,0.0015,0.002,0.001,0.001,3233920.61,258938.21
1771478068,2026-02-19T13:14:28.112490,0.0015,0.002,0.001,0.001,3233920.61,258812.96
1771478248,2026-02-19T13:17:28.104417,0.0015,0.002,0.001,0.001,3233920.61,258637.61
1771478428,2026-02-19T13:20:28.251058,0.0015,0.002,0.001,0.001,3233920.61,258762.86
1771478608,2026-02-19T13:23:28.229079,0.0015,0.002,0.001,0.001,3233920.61,258888.11
1771478788,2026-02-19T13:26:28.103096,0.0015,0.002,0.001,0.001,3233949.61,258637.61
1771478968,2026-02-19T13:29:28.104181,0.0015,0.002,0.001,0.001,3233949.61,258637.61
1771479148,2026-02-19T13:32:28.271596,0.0015,0.002,0.001,0.001,3233949.61,259013.36
1771479328,2026-02-19T13:35:28.327041,0.0015,0.002,0.001,0.001,3233949.61,259138.61
1771479508,2026-02-19T13:38:28.284447,0.0015,0.002,0.001,0.001,3233949.61,258762.86
1771479688,2026-02-19T13:41:28.333150,0.0015,0.002,0.001,0.001,3233949.61,258762.86
1771479868,2026-02-19T13:44:28.291675,0.0015,0.002,0.001,0.001,3233949.61,258812.96
1771480048,2026-02-19T13:47:28.316502,0.0015,0.002,0.001,0.001,3233949.61,258888.11
1771480228,2026-02-19T13:50:28.317049,0.0015,0.002,0.001,0.001,3233949.61,258762.86
1771480408,2026-02-19T13:53:28.426820,0.0015,0.002,0.001,0.001,3233949.61,258637.61
1771480588,2026-02-19T13:56:28.409655,0.0015,0.002,0.001,0.001,3233949.61,258637.61
1771480768,2026-02-19T13:59:28.689220,0.0015,0.002,0.001,0.001,3233949.61,258637.61
1771480948,2026-02-19T14:02:28.567583,0.0015,0.002,0.001,0.001,3233949.61,258637.61
1771481128,2026-02-19T14:05:28.457042,0.0015,0.002,0.001,0.001,3233949.61,258637.61
1771481308,2026-02-19T14:08:28.717415,0.0015,0.002,0.001,0.001,3233949.61,258637.61
1771481488,2026-02-19T14:11:28.617173,0.0015,0.002,0.001,0.001,3229949.61,258637.61
1771481668,2026-02-19T14:14:28.675122,0.0015,0.002,0.001,0.001,3229949.61,258637.61
1771481848,2026-02-19T14:17:28.636028,0.0015,0.002,0.001,0.001,3229949.61,258337.61
1771482028,2026-02-19T14:20:28.686404,0.0015,0.002,0.001,0.001,3229949.61,258502.94
1771482208,2026-02-19T14:23:28.707607,0.0015,0.002,0.001,0.001,3229949.61,258553.04
1771482388,2026-02-19T14:26:28.734266,0.0015,0.002,0.001,0.001,3229937.59,258377.69
1771482568,2026-02-19T14:29:28.680660,0.0015,0.002,0.001,0.001,3229937.59,258502.94
1771482748,2026-02-19T14:32:28.685510,0.0015,0.002,0.001,0.001,3229937.59,258502.94
1771482928,2026-02-19T14:35:28.872386,0.0015,0.002,0.001,0.001,3229934.58,258878.69
1771483108,2026-02-19T14:38:28.798563,0.0015,0.002,0.001,0.001,3229890.53,258588.11
1771483288,2026-02-19T14:41:28.945527,0.0015,0.002,0.001,0.001,3229890.53,258588.11
1771483468,2026-02-19T14:44:28.898745,0.0015,0.002,0.001,0.001,3229855.49,258337.61
1771483648,2026-02-19T14:47:28.933070,0.0015,0.002,0.001,0.001,3229855.49,258337.61
1771483828,2026-02-19T14:50:28.814082,0.0015,0.002,0.001,0.001,3229836.47,258337.61
1771484008,2026-02-19T14:53:28.887319,0.0015,0.002,0.001,0.001,3229836.47,258337.61
1771484188,2026-02-19T14:56:28.948259,0.0015,0.002,0.001,0.001,3229836.47,258337.61
1771484368,2026-02-19T14:59:28.926477,0.0015,0.002,0.001,0.001,3229836.47,258588.11
1771484549,2026-02-19T15:02:29.113410,0.0015,0.002,0.001,0.001,3229836.47,258838.61
1771484729,2026-02-19T15:05:29.159695,0.0015,0.002,0.001,0.001,3229836.47,258512.96
1771484909,2026-02-19T15:08:29.160686,0.0015,0.002,0.001,0.001,3229836.47,258337.61
1771485089,2026-02-19T15:11:29.254836,0.0015,0.002,0.001,0.001,3229836.47,258462.86
1771485269,2026-02-19T15:14:29.249628,0.0015,0.002,0.001,0.001,3229824.45,258462.86
1771485449,2026-02-19T15:17:29.244000,0.0015,0.002,0.001,0.001,3229824.45,258512.96
1771485629,2026-02-19T15:20:29.503489,0.0015,0.002,0.001,0.001,3229816.44,258337.61
1771485809,2026-02-19T15:23:29.267630,0.0015,0.002,0.001,0.001,3229774.38,258553.04
1771485989,2026-02-19T15:26:29.248709,0.0015,0.002,0.001,0.001,3229774.38,258502.94
1771486169,2026-02-19T15:29:29.463562,0.0015,0.002,0.001,0.001,3229774.38,258337.61
1771486349,2026-02-19T15:32:29.300957,0.0015,0.002,0.001,0.001,3229774.38,258763.46
1771486529,2026-02-19T15:35:29.278972,0.0015,0.002,0.001,0.001,3229774.38,258763.46
1771486709,2026-02-19T15:38:29.277521,0.0015,0.002,0.001,0.001,3229680.28,258688.31
1771486889,2026-02-19T15:41:29.587756,0.0015,0.002,0.001,0.001,3229680.28,258553.04
1771487069,2026-02-19T15:44:29.482075,0.0015,0.002,0.001,0.001,3229680.28,258437.81
1771487249,2026-02-19T15:47:29.594487,0.0015,0.002,0.001,0.001,3229638.91,258337.61
1771487429,2026-02-19T15:50:29.746343,0.0015,0.002,0.001,0.001,3229638.91,258322.08
1771487609,2026-02-19T15:53:29.494827,0.0015,0.002,0.001,0.001,3229620.89,257977.38999999998
1771487789,2026-02-19T15:56:29.653543,0.0015,0.002,0.001,0.001,3229620.89,257802.04
1771487969,2026-02-19T15:59:29.501963,0.0015,0.002,0.001,0.001,3229620.89,257802.04
1771488149,2026-02-19T16:02:29.589046,0.0015,0.002,0.001,0.001,3229620.89,257802.04
1771488329,2026-02-19T16:05:29.673685,0.0015,0.002,0.001,0.001,3229620.89,257802.04
1771488509,2026-02-19T16:08:29.673828,0.0015,0.002,0.001,0.001,3229620.89,257802.04
1771488689,2026-02-19T16:11:29.672096,0.0015,0.002,0.001,0.001,3229620.89,257802.04
1771488869,2026-02-19T16:14:29.639087,0.0015,0.002,0.001,0.001,3229620.89,257802.04
1771489049,2026-02-19T16:17:29.703699,0.0015,0.002,0.001,0.001,3229573.89,258152.74
1771489229,2026-02-19T16:20:29.890099,0.0015,0.002,0.001,0.001,3229573.89,258202.84
1771489409,2026-02-19T16:23:29.889209,0.0015,0.002,0.001,0.001,3229573.89,257802.04
1771489589,2026-02-19T16:26:29.878512,0.0015,0.002,0.001,0.001,3229534.85,258022.72
1771489769,2026-02-19T16:29:29.751948,0.0015,0.002,0.001,0.001,3229529.84,258022.72
1771489949,2026-02-19T16:32:29.931682,0.0015,0.002,0.001,0.001,3232862.84,257682.04
1771490129,2026-02-19T16:35:29.926110,0.0015,0.002,0.001,0.001,3232862.84,257682.04
1771490309,2026-02-19T16:38:29.848446,0.0015,0.002,0.001,0.001,3232762.84,257682.04
1771490489,2026-02-19T16:41:29.907616,0.0015,0.002,0.001,0.001,3232846.82,257682.04
1771490669,2026-02-19T16:44:29.927219,0.0015,0.002,0.001,0.001,3232846.82,257682.04
1771490850,2026-02-19T16:47:30.104326,0.0015,0.002,0.001,0.001,3232831.8,329365.24
1771491029,2026-02-19T16:50:29.938939,0.0015,0.002,0.001,0.001,3232831.8,329405.32
1771491210,2026-02-19T16:53:30.094585,0.0015,0.002,0.001,0.001,3242829.79,329405.32
1771491390,2026-02-19T16:56:30.150117,0.0015,0.002,0.001,0.001,3242829.79,329365.24
1771491570,2026-02-19T16:59:30.235226,0.0015,0.002,0.001,0.001,3242829.79,329365.24
1771491750,2026-02-19T17:02:30.114574,0.0015,0.002,0.001,0.001,3242804.76,329405.32
1771491930,2026-02-19T17:05:30.241864,0.0015,0.002,0.001,0.001,3242768.92,329365.24
1771492110,2026-02-19T17:08:30.248050,0.0015,0.002,0.001,0.001,3242723.77,329365.24
1771492290,2026-02-19T17:11:30.247700,0.0015,0.002,0.001,0.001,3224476.0,329365.24
1771492470,2026-02-19T17:14:30.238215,0.0015,0.002,0.001,0.001,3224476.0,311117.48
1771492650,2026-02-19T17:17:30.156291,0.0015,0.002,0.001,0.001,3226870.86,311117.48
1771492830,2026-02-19T17:20:30.253516,0.0015,0.002,0.001,0.001,3226870.86,311117.48
1771493010,2026-02-19T17:23:30.287584,0.0015,0.002,0.001,0.001,3226836.82,311117.48
1771493190,2026-02-19T17:26:30.280629,0.0015,0.002,0.001,0.001,3226836.82,311117.48
1771493370,2026-02-19T17:29:30.280673,0.0015,0.002,0.001,0.001,3226814.79,311117.48
1771493550,2026-02-19T17:32:30.249163,0.0015,0.002,0.001,0.001,3226814.79,311117.48
1771493730,2026-02-19T17:35:30.306705,0.0015,0.002,0.001,0.001,3226714.79,311117.48
1771493910,2026-02-19T17:38:30.252741,0.0015,0.002,0.001,0.001,3226714.79,311117.48
1771494090,2026-02-19T17:41:30.467733,0.0015,0.002,0.001,0.001,3226814.79,311117.48
1771494270,2026-02-19T17:44:30.467947,0.0015,0.002,0.001,0.001,3226761.73,311167.58
1771494450,2026-02-19T17:47:30.337279,0.0015,0.002,0.001,0.001,3268979.73,311117.48
1771494630,2026-02-19T17:50:30.619415,0.0015,0.002,0.001,0.001,3268979.73,311167.58
1771494810,2026-02-19T17:53:30.694498,0.0015,0.002,0.001,0.001,3268979.73,311067.05
1771494990,2026-02-19T17:56:30.707112,0.0015,0.002,0.001,0.001,3268928.67,311192.3
1771495170,2026-02-19T17:59:30.679520,0.0015,0.002,0.001,0.001,3268928.67,311752.38
1771495350,2026-02-19T18:02:30.581323,0.0015,0.002,0.001,0.001,3250949.23,311712.3
1771495530,2026-02-19T18:05:30.696623,0.0015,0.002,0.001,0.001,3250949.23,293837.02999999997
1771495710,2026-02-19T18:08:30.692018,0.0015,0.002,0.001,0.001,3250949.23,293574.21
1771495890,2026-02-19T18:11:30.686541,0.0015,0.002,0.001,0.001,3250923.7,293154.77999999997
1771496070,2026-02-19T18:14:30.694070,0.0015,0.002,0.001,0.001,3250863.63,292982.77999999997
1771496250,2026-02-19T18:17:30.656203,0.0015,0.002,0.001,0.001,3250796.56,292982.77999999997
1771496430,2026-02-19T18:20:30.701631,0.0015,0.002,0.001,0.001,3250796.56,293471.88
1771496610,2026-02-19T18:23:30.698744,0.0015,0.002,0.001,0.001,3250796.56,293471.88
1771496790,2026-02-19T18:26:30.903004,0.0015,0.002,0.001,0.001,3250719.48,293597.13
1771496970,2026-02-19T18:29:30.713542,0.0015,0.002,0.001,0.001,3213854.28,274999.72
1771497150,2026-02-19T18:32:30.891765,0.0015,0.002,0.001,0.001,3213854.28,256496.83
1771497331,2026-02-19T18:35:31.218779,0.0015,0.002,0.001,0.001,3213854.28,256496.83
1771497510,2026-02-19T18:38:30.843284,0.0015,0.002,0.001,0.001,3213854.28,256496.83
1771497690,2026-02-19T18:41:30.907459,0.0015,0.002,0.001,0.001,3213832.25,256496.83
1771498051,2026-02-19T18:47:31.242961,0.0015,0.002,0.001,0.001,3213792.34,256587.01
1771498231,2026-02-19T18:50:31.074675,0.0015,0.002,0.001,0.001,3213783.33,255587.93
1771498411,2026-02-19T18:53:31.127158,0.0015,0.002,0.001,0.001,3213689.22,255713.18
1771498591,2026-02-19T18:56:31.122096,0.0015,0.002,0.001,0.001,3213633.44,255713.18
1771498771,2026-02-19T18:59:31.105320,0.0015,0.002,0.001,0.001,3213577.37,255713.18
1771498951,2026-02-19T19:02:31.099420,0.0015,0.002,0.001,0.001,3213530.32,255713.18
1771499131,2026-02-19T19:05:31.103045,0.0015,0.002,0.001,0.001,3213494.28,255663.08
1771499311,2026-02-19T19:08:31.246163,0.0015,0.002,0.001,0.001,3213494.28,255537.83
1771499491,2026-02-19T19:11:31.095061,0.0015,0.002,0.001,0.001,3213469.25,255537.83
1771499671,2026-02-19T19:14:31.232663,0.0015,0.002,0.001,0.001,3213432.21,255537.83
1771499851,2026-02-19T19:17:31.239089,0.0015,0.002,0.001,0.001,3213432.21,255537.83
1771500031,2026-02-19T19:20:31.238749,0.0015,0.002,0.001,0.001,3213432.21,255525.21
1771500211,2026-02-19T19:23:31.281046,0.0015,0.002,0.001,0.001,3213432.21,255575.31
1771500391,2026-02-19T19:26:31.440891,0.0015,0.002,0.001,0.001,3213389.41,255625.41
1771500571,2026-02-19T19:29:31.290524,0.0015,0.002,0.001,0.001,3213368.38,255525.21
1771500751,2026-02-19T19:32:31.371352,0.0015,0.002,0.001,0.001,3213348.36,255891.29
1771500931,2026-02-19T19:35:31.312048,0.0015,0.002,0.001,0.001,3213348.36,255851.21
1771501111,2026-02-19T19:38:31.459450,0.0015,0.002,0.001,0.001,3213348.36,255463.29
1771501291,2026-02-19T19:41:31.464841,0.0015,0.002,0.001,0.001,3213348.36,255538.76
1771501471,2026-02-19T19:44:31.436068,0.0015,0.002,0.001,0.001,3213348.36,255839.36
1771501651,2026-02-19T19:47:31.667675,0.0015,0.002,0.001,0.001,3213348.36,255754.19
1771501831,2026-02-19T19:50:31.782362,0.0015,0.002,0.001,0.001,3213346.35,255714.11
1771502011,2026-02-19T19:53:31.695144,0.0015,0.002,0.001,0.001,3213344.34,255764.21
1771502191,2026-02-19T19:56:31.527978,0.0015,0.002,0.001,0.001,3213322.34,255764.21
1771502371,2026-02-19T19:59:31.668867,0.0015,0.002,0.001,0.001,3213322.34,255714.11
1771502551,2026-02-19T20:02:31.590797,0.0015,0.002,0.001,0.001,3213275.29,255638.96
1771502731,2026-02-19T20:05:31.686332,0.0015,0.002,0.001,0.001,3213248.26,255689.06
1771502911,2026-02-19T20:08:31.705711,0.0015,0.002,0.001,0.001,3213194.2,255814.31
1771503091,2026-02-19T20:11:31.680482,0.0015,0.002,0.001,0.001,3213194.2,255889.46
1771503271,2026-02-19T20:14:31.705070,0.0015,0.002,0.001,0.001,3213194.2,255889.46
1771503451,2026-02-19T20:17:31.948271,0.0015,0.002,0.001,0.001,3213194.2,255764.21
1771503635,2026-02-19T20:20:35.936038,0.0015,0.002,0.001,0.001,3213194.2,255714.11
1771503811,2026-02-19T20:23:31.906463,0.0015,0.002,0.001,0.001,3213194.2,255588.86
1771503991,2026-02-19T20:26:31.918742,0.0015,0.002,0.001,0.001,3213194.2,255463.61
1771504171,2026-02-19T20:29:31.915772,0.0015,0.002,0.001,0.001,3213194.2,413315.76
1771504351,2026-02-19T20:32:31.878829,0.0015,0.002,0.001,0.001,3213194.2,413190.51
1771504531,2026-02-19T20:35:31.883777,0.0015,0.002,0.001,0.001,3213194.2,413190.51
1771504712,2026-02-19T20:38:32.232999,0.0015,0.002,0.001,0.001,3213194.2,413230.59
1771504892,2026-02-19T20:41:32.042396,0.0015,0.002,0.001,0.001,3213162.64,413190.51
1771505072,2026-02-19T20:44:32.180190,0.0015,0.002,0.001,0.001,3212983.42,413190.51
1771505252,2026-02-19T20:47:32.225896,0.0015,0.002,0.001,0.001,3212953.24,413190.51
1771505432,2026-02-19T20:50:32.125946,0.0015,0.002,0.001,0.001,3212905.19,413315.76
1771505612,2026-02-19T20:53:32.248625,0.0015,0.002,0.001,0.001,3212905.19,413190.51
1771505792,2026-02-19T20:56:32.161538,0.0015,0.002,0.001,0.001,3212905.19,413280.69
1771505972,2026-02-19T20:59:32.134261,0.0015,0.002,0.001,0.001,3212905.19,413330.79000000004
1771506152,2026-02-19T21:02:32.188949,0.0015,0.002,0.001,0.001,3212905.19,413290.71
1771506332,2026-02-19T21:05:32.253294,0.0015,0.002,0.001,0.001,3212905.19,413365.86000000004
1771506512,2026-02-19T21:08:32.295126,0.0015,0.002,0.001,0.001,3212890.17,413666.46
1771506692,2026-02-19T21:11:32.288595,0.0015,0.002,0.001,0.001,3212890.17,413365.86000000004
1771506872,2026-02-19T21:14:32.303148,0.0015,0.002,0.001,0.001,3212837.89,413365.86000000004
1771507052,2026-02-19T21:17:32.309585,0.0015,0.002,0.001,0.001,3212837.89,413365.86000000004
1771507232,2026-02-19T21:20:32.419394,0.0015,0.002,0.001,0.001,3212780.83,413315.76
1771507412,2026-02-19T21:23:32.264994,0.0015,0.002,0.001,0.001,3212780.83,413240.61000000004
1771507592,2026-02-19T21:26:32.322992,0.0015,0.002,0.001,0.001,3212674.12,413541.21
1771507772,2026-02-19T21:29:32.468564,0.0015,0.002,0.001,0.001,3212674.12,413340.46
1771507952,2026-02-19T21:32:32.446716,0.0015,0.002,0.001,0.001,3212674.12,413115.01
1771508132,2026-02-19T21:35:32.595984,0.0015,0.002,0.001,0.001,3212674.12,413115.01
1771508312,2026-02-19T21:38:32.448255,0.0015,0.002,0.001,0.001,3212621.71,412989.76
1771508492,2026-02-19T21:41:32.452819,0.0015,0.002,0.001,0.001,3212621.71,412989.76
1771508672,2026-02-19T21:44:32.623472,0.0015,0.002,0.001,0.001,3212621.71,412996.69
1771508852,2026-02-19T21:47:32.668083,0.0015,0.002,0.001,0.001,3212621.71,413096.89
1771509032,2026-02-19T21:50:32.566699,0.0015,0.002,0.001,0.001,3212561.64,413272.24000000005
1771509212,2026-02-19T21:53:32.484048,0.0015,0.002,0.001,0.001,3212534.61,413146.99000000005
1771509392,2026-02-19T21:56:32.653541,0.0015,0.002,0.001,0.001,3212484.19,413146.99000000005
1771509572,2026-02-19T21:59:32.668691,0.0015,0.002,0.001,0.001,3212401.58,413096.89
1771509752,2026-02-19T22:02:32.682497,0.0015,0.002,0.001,0.001,3212401.58,413215.21
1771509932,2026-02-19T22:05:32.683814,0.0015,0.002,0.001,0.001,3212386.56,413165.11000000004
1771510112,2026-02-19T22:08:32.664710,0.0015,0.002,0.001,0.001,3212342.51,413290.36000000004
1771510292,2026-02-19T22:11:32.730444,0.0015,0.002,0.001,0.001,3212305.47,413165.11000000004
1771510472,2026-02-19T22:14:32.676180,0.0015,0.002,0.001,0.001,3212281.44,413215.21
1771510652,2026-02-19T22:17:32.830513,0.0015,0.002,0.001,0.001,3212263.42,413039.86000000004
1771510832,2026-02-19T22:20:32.710473,0.0015,0.002,0.001,0.001,3212260.81,412539.86000000004
1771511012,2026-02-19T22:23:32.943561,0.0015,0.002,0.001,0.001,3212226.77,412364.51
1771511192,2026-02-19T22:26:32.869227,0.0015,0.002,0.001,0.001,3212223.76,412364.51
1771511372,2026-02-19T22:29:32.881803,0.0015,0.002,0.001,0.001,3212194.73,412414.61000000004
1771511553,2026-02-19T22:32:33.106486,0.0015,0.002,0.001,0.001,3212194.73,412414.61000000004
1771511733,2026-02-19T22:35:33.064167,0.0015,0.002,0.001,0.001,3212194.73,412489.76
1771511913,2026-02-19T22:38:33.074691,0.0015,0.002,0.001,0.001,3212176.73,412539.86000000004
1771512093,2026-02-19T22:41:33.057065,0.0015,0.002,0.001,0.001,3212076.62,412489.76
1771512273,2026-02-19T22:44:33.247027,0.0015,0.002,0.001,0.001,3212048.94,412364.51
1771512453,2026-02-19T22:47:33.248660,0.0015,0.002,0.001,0.001,3211984.87,412489.76
1771512633,2026-02-19T22:50:33.188065,0.0015,0.002,0.001,0.001,3211984.87,372364.87
1771512813,2026-02-19T22:53:33.246663,0.0015,0.002,0.001,0.001,3211984.87,412404.59
1771512993,2026-02-19T22:56:33.285643,0.0015,0.002,0.001,0.001,3201948.23,412364.51
1771513173,2026-02-19T22:59:33.232268,0.0015,0.002,0.001,0.001,3184512.99,412350.81
1771513353,2026-02-19T23:02:33.385607,0.0015,0.002,0.001,0.001,3184512.99,395009.68
1771513533,2026-02-19T23:05:33.321151,0.0015,0.002,0.001,0.001,3185556.53,396151.22
1771513713,2026-02-19T23:08:33.342129,0.0015,0.002,0.001,0.001,3186712.27,396129.68
1771513893,2026-02-19T23:11:33.469483,0.0015,0.002,0.001,0.001,3186667.21,396139.7
1771514073,2026-02-19T23:14:33.462536,0.0015,0.002,0.001,0.001,3186638.51,396189.8
1771514253,2026-02-19T23:17:33.257783,0.0015,0.002,0.001,0.001,3186621.89,396440.3
1771514433,2026-02-19T23:20:33.326500,0.0015,0.002,0.001,0.001,3186621.89,396590.6
1771514613,2026-02-19T23:23:33.314185,0.0015,0.002,0.001,0.001,3186621.89,396390.2
1771514793,2026-02-19T23:26:33.460772,0.0015,0.002,0.001,0.001,3186621.89,396340.1
1771514973,2026-02-19T23:29:33.461414,0.0015,0.002,0.001,0.001,3186621.89,396340.1
1771515153,2026-02-19T23:32:33.428645,0.0015,0.002,0.001,0.001,3186511.97,394355.05
1771515333,2026-02-19T23:35:33.453308,0.0015,0.002,0.001,0.001,3184551.97,394254.85
1771515513,2026-02-19T23:38:33.478575,0.0015,0.002,0.001,0.001,3184538.95,394129.6
1771515693,2026-02-19T23:41:33.449297,0.0015,0.002,0.001,0.001,3184538.95,394129.6
1771515873,2026-02-19T23:44:33.776733,0.0015,0.002,0.001,0.001,3184538.95,394129.6
1771516053,2026-02-19T23:47:33.681390,0.0015,0.002,0.001,0.001,3184537.89,394129.6
1771516233,2026-02-19T23:50:33.710514,0.0015,0.002,0.001,0.001,3184537.89,394129.6
1771516413,2026-02-19T23:53:33.716486,0.0015,0.002,0.001,0.001,3184537.89,394229.8
1771516593,2026-02-19T23:56:33.676537,0.0015,0.002,0.001,0.001,3184456.53,394129.6
1771516773,2026-02-19T23:59:33.790101,0.0015,0.002,0.001,0.001,3184456.53,394254.85
1771516953,2026-02-20T00:02:33.739145,0.0015,0.002,0.001,0.001,3184441.53,394380.1
1771517133,2026-02-20T00:05:33.897538,0.0015,0.002,0.001,0.001,3184388.47,394129.6
1771517313,2026-02-20T00:08:33.936606,0.0015,0.002,0.001,0.001,3184388.47,394129.6
1771517498,2026-02-20T00:11:38.688409,0.0015,0.002,0.001,0.001,3184388.47,394595.52999999997
1771517673,2026-02-20T00:14:33.924555,0.0015,0.002,0.001,0.001,3184366.44,394770.88
1771517853,2026-02-20T00:17:33.924556,0.0015,0.002,0.001,0.001,3184288.36,394695.73
1771518033,2026-02-20T00:20:33.925838,0.0015,0.002,0.001,0.001,3184288.36,394655.64999999997
1771518213,2026-02-20T00:23:33.932324,0.0015,0.002,0.001,0.001,3184288.36,394655.64999999997
1771518394,2026-02-20T00:26:34.227257,0.0015,0.002,0.001,0.001,3184288.36,394530.39999999997
1771518574,2026-02-20T00:29:34.115316,0.0015,0.002,0.001,0.001,3184279.95,394304.95
1771518754,2026-02-20T00:32:34.186069,0.0015,0.002,0.001,0.001,3184279.95,394129.6
1771518934,2026-02-20T00:35:34.232880,0.0015,0.002,0.001,0.001,3184279.95,394179.7
1771519114,2026-02-20T00:38:34.254335,0.0015,0.002,0.001,0.001,3184279.95,394129.6
1771519294,2026-02-20T00:41:34.243771,0.0015,0.002,0.001,0.001,3184279.95,394263.57
1771519474,2026-02-20T00:44:34.208392,0.0015,0.002,0.001,0.001,3184279.95,394654.35
1771519654,2026-02-20T00:47:34.344380,0.0015,0.002,0.001,0.001,3184279.95,394428.89999999997
1771519834,2026-02-20T00:50:34.504494,0.0015,0.002,0.001,0.001,3184253.12,394729.5
1771520014,2026-02-20T00:53:34.237231,0.0015,0.002,0.001,0.001,3184253.12,394564.17
1771520194,2026-02-20T00:56:34.420827,0.0015,0.002,0.001,0.001,3184236.59,394213.47
1771520374,2026-02-20T00:59:34.262028,0.0015,0.002,0.001,0.001,3184236.59,394213.47
1771520554,2026-02-20T01:02:34.436807,0.0015,0.002,0.001,0.001,3184118.59,394388.82
1771520734,2026-02-20T01:05:34.375576,0.0015,0.002,0.001,0.001,3184118.59,394388.82
1771520914,2026-02-20T01:08:34.302043,0.0015,0.002,0.001,0.001,3162483.25,394388.82
1771521094,2026-02-20T01:11:34.512580,0.0015,0.002,0.001,0.001,3162483.25,376319.02
1771521274,2026-02-20T01:14:34.501569,0.0015,0.002,0.001,0.001,3162483.25,376228.83999999997
1771521454,2026-02-20T01:17:34.669687,0.0015,0.002,0.001,0.001,3162483.25,376053.49
1771521634,2026-02-20T01:20:34.449627,0.0015,0.002,0.001,0.001,3162483.25,489938.6
1771521814,2026-02-20T01:23:34.666329,0.0015,0.002,0.001,0.001,3162483.25,489938.6
1771521994,2026-02-20T01:26:34.705177,0.0015,0.002,0.001,0.001,3144043.22,473542.66
1771522174,2026-02-20T01:29:34.467468,0.0015,0.002,0.001,0.001,3144043.22,473492.56
1771522354,2026-02-20T01:32:34.683818,0.0015,0.002,0.001,0.001,3144043.22,473577.73
1771522534,2026-02-20T01:35:34.695876,0.0015,0.002,0.001,0.001,3144043.22,473753.08
1771522714,2026-02-20T01:38:34.683735,0.0015,0.002,0.001,0.001,3144043.22,473502.58
1771522894,2026-02-20T01:41:34.623431,0.0015,0.002,0.001,0.001,3144043.22,473542.66
1771523074,2026-02-20T01:44:34.688744,0.0015,0.002,0.001,0.001,3144043.22,473562.43
1771523254,2026-02-20T01:47:34.663473,0.0015,0.002,0.001,0.001,3144043.22,473562.43
1771523434,2026-02-20T01:50:34.702979,0.0015,0.002,0.001,0.001,3144043.22,473487.27999999997
1771523614,2026-02-20T01:53:34.683606,0.0015,0.002,0.001,0.001,3164043.22,473437.18
1771523794,2026-02-20T01:56:34.902613,0.0015,0.002,0.001,0.001,3164043.22,318782.18
1771523974,2026-02-20T01:59:34.856983,0.0015,0.002,0.001,0.001,3164043.22,318832.27999999997
1771524154,2026-02-20T02:02:34.912956,0.0015,0.002,0.001,0.001,3164043.22,318907.43
1771524334,2026-02-20T02:05:34.885343,0.0015,0.002,0.001,0.001,3145149.38,300188.95
1771524514,2026-02-20T02:08:34.890579,0.0015,0.002,0.001,0.001,3145149.38,299888.35
1771524694,2026-02-20T02:11:34.880726,0.0015,0.002,0.001,0.001,3145049.38,299888.35
1771524874,2026-02-20T02:14:34.930658,0.0015,0.002,0.001,0.001,3145149.38,299888.35
1771525055,2026-02-20T02:17:35.113159,0.0015,0.002,0.001,0.001,3145149.38,299938.45
1771525235,2026-02-20T02:20:35.090310,0.0015,0.002,0.001,0.001,3145149.38,299938.45
1771525415,2026-02-20T02:23:35.084719,0.0015,0.002,0.001,0.001,3145149.38,299938.45
1771525595,2026-02-20T02:26:35.233052,0.0015,0.002,0.001,0.001,3145149.38,299888.35
1771525775,2026-02-20T02:29:35.227055,0.0015,0.002,0.001,0.001,3145149.38,299805.67
1771525955,2026-02-20T02:32:35.231308,0.0015,0.002,0.001,0.001,3145149.38,299805.67
1771526135,2026-02-20T02:35:35.117092,0.0015,0.002,0.001,0.001,3145149.38,299805.67
1771526315,2026-02-20T02:38:35.234616,0.0015,0.002,0.001,0.001,3145149.38,299805.67
1771526495,2026-02-20T02:41:35.251636,0.0015,0.002,0.001,0.001,3145149.38,299805.67
1771526675,2026-02-20T02:44:35.263474,0.0015,0.002,0.001,0.001,3145149.38,299805.67
1771526855,2026-02-20T02:47:35.281217,0.0015,0.002,0.001,0.001,3145149.38,299805.67
1771527035,2026-02-20T02:50:35.303615,0.0015,0.002,0.001,0.001,3145149.38,299805.67
1771527215,2026-02-20T02:53:35.515728,0.0015,0.002,0.001,0.001,3145149.38,299805.67
1771527395,2026-02-20T02:56:35.298593,0.0015,0.002,0.001,0.001,3145149.38,299855.77
1771527575,2026-02-20T02:59:35.286399,0.0015,0.002,0.001,0.001,3145049.38,299805.67
1771527756,2026-02-20T03:02:36.092256,0.0015,0.002,0.001,0.001,3145049.38,299805.67
1771527935,2026-02-20T03:05:35.333065,0.0015,0.002,0.001,0.001,3145049.38,299805.67
1771528115,2026-02-20T03:08:35.444962,0.0015,0.002,0.001,0.001,3145049.38,299805.67
1771528295,2026-02-20T03:11:35.667457,0.0015,0.002,0.001,0.001,3145149.38,299805.67
1771528475,2026-02-20T03:14:35.486335,0.0015,0.002,0.001,0.001,3145149.38,299805.67
1771528660,2026-02-20T03:17:40.301412,0.0015,0.002,0.001,0.001,3145149.38,299805.67
1771528835,2026-02-20T03:20:35.476942,0.0015,0.002,0.001,0.001,3145149.38,299805.67
1771529015,2026-02-20T03:23:35.536821,0.0015,0.002,0.001,0.001,3145149.38,299805.67
1771529200,2026-02-20T03:26:40.451165,0.0015,0.002,0.001,0.001,3145149.38,299805.67
1771529375,2026-02-20T03:29:35.470890,0.0015,0.002,0.001,0.001,3145149.38,299805.67
1771529555,2026-02-20T03:32:35.690686,0.0015,0.002,0.001,0.001,3145049.38,299805.67
1771529735,2026-02-20T03:35:35.643193,0.0015,0.002,0.001,0.001,3145149.38,299930.92
1771529915,2026-02-20T03:38:35.657846,0.0015,0.002,0.001,0.001,3145149.38,299805.67
1771530095,2026-02-20T03:41:35.766378,0.0015,0.002,0.001,0.001,3144816.05,299805.67
1771530275,2026-02-20T03:44:35.870752,0.0015,0.002,0.001,0.001,3144814.92,299805.67
1771530455,2026-02-20T03:47:35.888140,0.0015,0.002,0.001,0.001,3144814.92,299805.67
1771530640,2026-02-20T03:50:40.596820,0.0015,0.002,0.001,0.001,3144814.92,299805.67
1771530816,2026-02-20T03:53:36.405346,0.0015,0.002,0.001,0.001,3144814.92,299805.67
1771530995,2026-02-20T03:56:35.974398,0.0015,0.002,0.001,0.001,3144814.92,299805.67
1771531175,2026-02-20T03:59:35.897212,0.0015,0.002,0.001,0.001,3144814.92,299930.92
1771531355,2026-02-20T04:02:35.869665,0.0015,0.002,0.001,0.001,3144814.92,299805.67
1771531535,2026-02-20T04:05:35.884327,0.0015,0.002,0.001,0.001,3144814.92,299805.67
1771531715,2026-02-20T04:08:35.876123,0.0015,0.002,0.001,0.001,3144814.92,299805.67
1771531895,2026-02-20T04:11:35.915367,0.0015,0.002,0.001,0.001,3144814.92,299930.92
1771532076,2026-02-20T04:14:36.071242,0.0015,0.002,0.001,0.001,3144814.92,299930.92
1771532256,2026-02-20T04:17:36.296766,0.0015,0.002,0.001,0.001,3144814.92,299805.67
1771532436,2026-02-20T04:20:36.132764,0.0015,0.002,0.001,0.001,3144814.92,299805.67
1771532616,2026-02-20T04:23:36.113216,0.0015,0.002,0.001,0.001,3144614.92,299805.67
1771532796,2026-02-20T04:26:36.486592,0.0015,0.002,0.001,0.001,3144614.92,299805.67
1771532976,2026-02-20T04:29:36.136241,0.0015,0.002,0.001,0.001,3144614.92,299930.92
1771533156,2026-02-20T04:32:36.232122,0.0015,0.002,0.001,0.001,3144614.92,299930.92
1771533336,2026-02-20T04:35:36.305111,0.0015,0.002,0.001,0.001,3144614.92,300056.17
1771533516,2026-02-20T04:38:36.251583,0.0015,0.002,0.001,0.001,3144614.92,299805.67
1771533696,2026-02-20T04:41:36.324497,0.0015,0.002,0.001,0.001,3144614.92,299805.67
1771533876,2026-02-20T04:44:36.281327,0.0015,0.002,0.001,0.001,3144614.92,299805.67
1771534056,2026-02-20T04:47:36.292026,0.0015,0.002,0.001,0.001,3144614.92,299805.67
1771534236,2026-02-20T04:50:36.458342,0.0015,0.002,0.001,0.001,3144614.92,299805.67
1771534416,2026-02-20T04:53:36.306806,0.0015,0.002,0.001,0.001,3144614.92,299805.67
1771534596,2026-02-20T04:56:36.451393,0.0015,0.002,0.001,0.001,3144614.92,299805.67
1771534776,2026-02-20T04:59:36.452591,0.0015,0.002,0.001,0.001,3144814.92,299805.67
1771534956,2026-02-20T05:02:36.501083,0.0015,0.002,0.001,0.001,3144814.92,299805.67
1771535136,2026-02-20T05:05:36.469107,0.0015,0.002,0.001,0.001,3144814.92,299805.67
1771535316,2026-02-20T05:08:36.521784,0.0015,0.002,0.001,0.001,3144814.92,299855.77
1771535496,2026-02-20T05:11:36.527515,0.0015,0.002,0.001,0.001,3144814.92,299805.67
1771535676,2026-02-20T05:14:36.649682,0.0015,0.002,0.001,0.001,3144814.92,299805.67
1771535856,2026-02-20T05:17:36.476788,0.0015,0.002,0.001,0.001,3144814.92,299687.67
1771536036,2026-02-20T05:20:36.689099,0.0015,0.002,0.001,0.001,3144814.92,299687.67
1771536216,2026-02-20T05:23:36.687258,0.0015,0.002,0.001,0.001,3144814.92,299687.67
1771536396,2026-02-20T05:26:36.672864,0.0015,0.002,0.001,0.001,3144814.92,299687.67
1771536576,2026-02-20T05:29:36.672449,0.0015,0.002,0.001,0.001,3144814.92,299687.67
1771536756,2026-02-20T05:32:36.678483,0.0015,0.002,0.001,0.001,3144814.92,299863.02
1771536936,2026-02-20T05:35:36.706650,0.0015,0.002,0.001,0.001,3144814.92,299863.02
1771537116,2026-02-20T05:38:36.760092,0.0015,0.002,0.001,0.001,3144814.92,299863.02
1771537296,2026-02-20T05:41:36.835534,0.0015,0.002,0.001,0.001,3144814.92,299812.92
1771537476,2026-02-20T05:44:36.666963,0.0015,0.002,0.001,0.001,3144814.92,299988.27
1771537656,2026-02-20T05:47:36.912585,0.0015,0.002,0.001,0.001,3144814.92,300113.52
1771537836,2026-02-20T05:50:36.867965,0.0015,0.002,0.001,0.001,3144814.92,300113.52
1771538016,2026-02-20T05:53:36.905431,0.0015,0.002,0.001,0.001,3144814.92,300288.87
1771538196,2026-02-20T05:56:36.912258,0.0015,0.002,0.001,0.001,3144814.92,300414.12
1771538376,2026-02-20T05:59:36.818216,0.0015,0.002,0.001,0.001,3144714.92,300163.62
1771538556,2026-02-20T06:02:36.894458,0.0015,0.002,0.001,0.001,3144714.92,300113.52
1771538736,2026-02-20T06:05:36.927083,0.0015,0.002,0.001,0.001,3144714.92,300163.62
1771539097,2026-02-20T06:11:37.229243,0.0015,0.002,0.001,0.001,3144814.92,300113.52
1771539277,2026-02-20T06:14:37.178842,0.0015,0.002,0.001,0.001,3144814.92,300213.72
1771539457,2026-02-20T06:17:37.068283,0.0015,0.002,0.001,0.001,3144814.92,300113.52
1771539637,2026-02-20T06:20:37.178801,0.0015,0.002,0.001,0.001,3144814.92,300113.52
1771539817,2026-02-20T06:23:37.082980,0.0015,0.002,0.001,0.001,3144814.92,300364.02
1771539997,2026-02-20T06:26:37.096506,0.0015,0.002,0.001,0.001,3144814.92,300113.52
1771540181,2026-02-20T06:29:41.729042,0.0015,0.002,0.001,0.001,3144814.92,300213.72
1771540357,2026-02-20T06:32:37.236672,0.0015,0.002,0.001,0.001,3144814.92,300163.62
1771540537,2026-02-20T06:35:37.248871,0.0015,0.002,0.001,0.001,3144814.92,300038.37
1771540717,2026-02-20T06:38:37.286675,0.0015,0.002,0.001,0.001,3144814.92,337696.68
1771540897,2026-02-20T06:41:37.282661,0.0015,0.002,0.001,0.001,3144814.92,337596.48
1771541077,2026-02-20T06:44:37.293168,0.0015,0.002,0.001,0.001,3144814.92,337596.48
1771541257,2026-02-20T06:47:37.323996,0.0015,0.002,0.001,0.001,3144814.92,337646.58
1771541437,2026-02-20T06:50:37.344964,0.0015,0.002,0.001,0.001,3144814.92,337646.58
1771541617,2026-02-20T06:53:37.272524,0.0015,0.002,0.001,0.001,3144814.92,337596.48
1771541797,2026-02-20T06:56:37.331086,0.0015,0.002,0.001,0.001,3144814.92,337696.68
1771541977,2026-02-20T06:59:37.511124,0.0015,0.002,0.001,0.001,3144814.92,337746.77999999997
1771542157,2026-02-20T07:02:37.464612,0.0015,0.002,0.001,0.001,3144814.92,337696.68
1771542337,2026-02-20T07:05:37.686249,0.0015,0.002,0.001,0.001,3144814.92,337596.48
1771542517,2026-02-20T07:08:37.533633,0.0015,0.002,0.001,0.001,3144814.92,337596.48
1771542697,2026-02-20T07:11:37.521109,0.0015,0.002,0.001,0.001,3144814.92,337596.48
1771542877,2026-02-20T07:14:37.468565,0.0015,0.002,0.001,0.001,3144814.92,337646.58
1771543057,2026-02-20T07:17:37.698043,0.0015,0.002,0.001,0.001,3144814.92,337596.48
1771543237,2026-02-20T07:20:37.685636,0.0015,0.002,0.001,0.001,3144814.92,337471.23
1771543417,2026-02-20T07:23:37.713360,0.0015,0.002,0.001,0.001,3144814.92,337646.58
1771543597,2026-02-20T07:26:37.678141,0.0015,0.002,0.001,0.001,3144814.92,337696.68
1771543777,2026-02-20T07:29:37.780123,0.0015,0.002,0.001,0.001,3144814.92,337696.68
1771543957,2026-02-20T07:32:37.907666,0.0015,0.002,0.001,0.001,3144814.92,337596.48
1771544137,2026-02-20T07:35:37.630203,0.0015,0.002,0.001,0.001,3144814.92,337596.48
1771544317,2026-02-20T07:38:37.757457,0.0015,0.002,0.001,0.001,3144814.92,337596.48
1771544497,2026-02-20T07:41:37.905286,0.0015,0.002,0.001,0.001,3144814.92,337471.23
1771544677,2026-02-20T07:44:37.904393,0.0015,0.002,0.001,0.001,3144814.92,337471.23
1771544857,2026-02-20T07:47:37.890408,0.0015,0.002,0.001,0.001,3144814.92,337471.23
1771545037,2026-02-20T07:50:37.696376,0.0015,0.002,0.001,0.001,3144814.92,337471.23
1771545217,2026-02-20T07:53:37.884056,0.0015,0.002,0.001,0.001,3144814.92,337521.33
1771545397,2026-02-20T07:56:37.949682,0.0015,0.002,0.001,0.001,3144814.92,337396.08
1771545578,2026-02-20T07:59:38.098965,0.0015,0.002,0.001,0.001,3144814.92,337621.52999999997
1771545758,2026-02-20T08:02:38.246825,0.0015,0.002,0.001,0.001,3144814.92,337621.52999999997
1771545938,2026-02-20T08:05:38.238797,0.0015,0.002,0.001,0.001,3144814.92,337922.13
1771546118,2026-02-20T08:08:38.085546,0.0015,0.002,0.001,0.001,3144814.92,337947.18
1771546298,2026-02-20T08:11:38.115501,0.0015,0.002,0.001,0.001,3144814.92,338122.52999999997
1771546478,2026-02-20T08:14:38.237582,0.0015,0.002,0.001,0.001,3144814.92,338122.52999999997
1771546658,2026-02-20T08:17:38.141838,0.0015,0.002,0.001,0.001,3144814.92,338072.43
1771546838,2026-02-20T08:20:38.239146,0.0015,0.002,0.001,0.001,3144814.92,338197.68
1771547018,2026-02-20T08:23:38.268202,0.0015,0.002,0.001,0.001,3144814.92,338197.68
1771547198,2026-02-20T08:26:38.232994,0.0015,0.002,0.001,0.001,3144814.92,338197.68
1771547378,2026-02-20T08:29:38.249789,0.0015,0.002,0.001,0.001,3144814.92,338197.68
1771547558,2026-02-20T08:32:38.291513,0.0015,0.002,0.001,0.001,3144814.92,338072.43
1771547738,2026-02-20T08:35:38.266126,0.0015,0.002,0.001,0.001,3144814.92,338072.43
1771547918,2026-02-20T08:38:38.296181,0.0015,0.002,0.001,0.001,3144814.92,338122.52999999997
1771548098,2026-02-20T08:41:38.461010,0.0015,0.002,0.001,0.001,3144814.92,338072.43
1771548278,2026-02-20T08:44:38.372399,0.0015,0.002,0.001,0.001,3144814.92,338197.68
1771548458,2026-02-20T08:47:38.319008,0.0015,0.002,0.001,0.001,3144814.92,338197.68
1771548638,2026-02-20T08:50:38.460371,0.0015,0.002,0.001,0.001,3144814.92,338197.68
1771548818,2026-02-20T08:53:38.652167,0.0015,0.002,0.001,0.001,3144814.92,338197.68
1771548998,2026-02-20T08:56:38.550121,0.0015,0.002,0.001,0.001,3144814.92,338247.77999999997
1771549178,2026-02-20T08:59:38.691948,0.0015,0.002,0.001,0.001,3144814.92,338247.77999999997
1771549358,2026-02-20T09:02:38.684035,0.0015,0.002,0.001,0.001,3144814.92,338247.77999999997
1771549542,2026-02-20T09:05:42.251288,0.0015,0.002,0.001,0.001,3144814.92,338197.68
1771549718,2026-02-20T09:08:38.668334,0.0015,0.002,0.001,0.001,3144814.92,338197.68
1771549898,2026-02-20T09:11:38.659012,0.0015,0.002,0.001,0.001,3150814.92,338197.68
1771550078,2026-02-20T09:14:38.660564,0.0015,0.002,0.001,0.001,3150814.92,338272.83
1771550258,2026-02-20T09:17:38.666837,0.0015,0.002,0.001,0.001,3150814.92,338398.08
1771550438,2026-02-20T09:20:38.699628,0.0015,0.002,0.001,0.001,3150814.92,338398.08
1771550618,2026-02-20T09:23:38.700323,0.0015,0.002,0.001,0.001,3150814.92,338347.98
1771550798,2026-02-20T09:26:38.696992,0.0015,0.002,0.001,0.001,3150813.77,338473.23
1771550978,2026-02-20T09:29:38.765077,0.0015,0.002,0.001,0.001,3160813.77,338347.98
1771551158,2026-02-20T09:32:38.899376,0.0015,0.002,0.001,0.001,3160813.77,338347.98
1771551338,2026-02-20T09:35:38.943624,0.0015,0.002,0.001,0.001,3160803.77,338347.98
1771551518,2026-02-20T09:38:38.887234,0.0015,0.002,0.001,0.001,3160803.77,338222.73
1771551698,2026-02-20T09:41:38.885016,0.0015,0.002,0.001,0.001,3160803.77,338222.73
1771551878,2026-02-20T09:44:38.923000,0.0015,0.002,0.001,0.001,3160803.77,338347.98
1771552059,2026-02-20T09:47:39.139054,0.0015,0.002,0.001,0.001,3160803.77,338347.98
1771552239,2026-02-20T09:50:39.103793,0.0015,0.002,0.001,0.001,3160803.77,338347.98
1771552419,2026-02-20T09:53:39.237232,0.0015,0.002,0.001,0.001,3160803.77,338222.73
1771552599,2026-02-20T09:56:39.164538,0.0015,0.002,0.001,0.001,3160792.75,338222.73
1771552779,2026-02-20T09:59:39.102098,0.0015,0.002,0.001,0.001,3160792.75,338097.48
1771552959,2026-02-20T10:02:39.088746,0.0015,0.002,0.001,0.001,3160792.75,338097.48
1771553139,2026-02-20T10:05:39.179497,0.0015,0.002,0.001,0.001,3160792.75,338097.48
1771553319,2026-02-20T10:08:39.247781,0.0015,0.002,0.001,0.001,3160792.75,338222.73
1771553499,2026-02-20T10:11:39.326365,0.0015,0.002,0.001,0.001,3160792.75,338097.48
1771553679,2026-02-20T10:14:39.320285,0.0015,0.002,0.001,0.001,3160792.75,338097.48
1771553859,2026-02-20T10:17:39.250175,0.0015,0.002,0.001,0.001,3160792.75,338097.48
1771554039,2026-02-20T10:20:39.333316,0.0015,0.002,0.001,0.001,3160792.75,338347.98
1771554219,2026-02-20T10:23:39.268773,0.0015,0.002,0.001,0.001,3161042.75,338347.98
1771554399,2026-02-20T10:26:39.293870,0.0015,0.002,0.001,0.001,3161042.75,338347.98
1771554579,2026-02-20T10:29:39.291084,0.0015,0.002,0.001,0.001,3161042.75,338222.73
1771554759,2026-02-20T10:32:39.461015,0.0015,0.002,0.001,0.001,3161042.75,338222.73
1771554939,2026-02-20T10:35:39.479740,0.0015,0.002,0.001,0.001,3161042.75,338222.73
1771555119,2026-02-20T10:38:39.465096,0.0015,0.002,0.001,0.001,3161042.75,338222.73
1771555299,2026-02-20T10:41:39.663462,0.0015,0.002,0.001,0.001,3161042.75,338222.73
1771555479,2026-02-20T10:44:39.447649,0.0015,0.002,0.001,0.001,3161042.75,338097.48
1771555659,2026-02-20T10:47:39.465503,0.0015,0.002,0.001,0.001,3161042.75,337846.98
1771555839,2026-02-20T10:50:39.539870,0.0015,0.002,0.001,0.001,3161042.75,337846.98
1771556019,2026-02-20T10:53:39.698143,0.0015,0.002,0.001,0.001,3161042.75,337846.98
1771556199,2026-02-20T10:56:39.603496,0.0015,0.002,0.001,0.001,3161042.75,337846.98
1771556379,2026-02-20T10:59:39.668846,0.0015,0.002,0.001,0.001,3161042.75,337846.98
1771556559,2026-02-20T11:02:39.707688,0.0015,0.002,0.001,0.001,3161042.75,337972.23
1771556739,2026-02-20T11:05:39.697308,0.0015,0.002,0.001,0.001,3161042.75,337972.23
1771556919,2026-02-20T11:08:39.704400,0.0015,0.002,0.001,0.001,3161042.75,338222.73
1771557099,2026-02-20T11:11:39.754674,0.0015,0.002,0.001,0.001,3161042.75,338222.73
1771557279,2026-02-20T11:14:39.690194,0.0015,0.002,0.001,0.001,3161042.75,338222.73
1771557459,2026-02-20T11:17:39.668364,0.0015,0.002,0.001,0.001,3161000.75,338222.73
1771557639,2026-02-20T11:20:39.741297,0.0015,0.002,0.001,0.001,3161000.75,338097.48
1771557819,2026-02-20T11:23:39.896179,0.0015,0.002,0.001,0.001,3161000.75,338097.48
1771557999,2026-02-20T11:26:39.914334,0.0015,0.002,0.001,0.001,3160750.75,338097.48
1771558179,2026-02-20T11:29:39.920268,0.0015,0.002,0.001,0.001,3160750.75,337972.23
1771558363,2026-02-20T11:32:43.883602,0.0015,0.002,0.001,0.001,3160750.75,337972.23
1771558540,2026-02-20T11:35:40.165592,0.0015,0.002,0.001,0.001,3160749.51,337972.23
1771558720,2026-02-20T11:38:40.245889,0.0015,0.002,0.001,0.001,3159631.07,337972.23
1771558900,2026-02-20T11:41:40.244779,0.0015,0.002,0.001,0.001,3159631.07,337972.23
1771559080,2026-02-20T11:44:40.222851,0.0015,0.002,0.001,0.001,3159631.07,337972.23
1771559260,2026-02-20T11:47:40.083092,0.0015,0.002,0.001,0.001,3159631.07,338097.48
1771559440,2026-02-20T11:50:40.167173,0.0015,0.002,0.001,0.001,3159631.07,335051.44
1771559620,2026-02-20T11:53:40.242362,0.0015,0.002,0.001,0.001,3159631.07,335176.69
1771559800,2026-02-20T11:56:40.094365,0.0015,0.002,0.001,0.001,3159631.07,335051.44
1771559980,2026-02-20T11:59:40.158411,0.0015,0.002,0.001,0.001,3159599.03,335051.44
1771560160,2026-02-20T12:02:40.166665,0.0015,0.002,0.001,0.001,3159599.03,335051.44
1771560340,2026-02-20T12:05:40.235211,0.0015,0.002,0.001,0.001,3159599.03,335051.44
1771560520,2026-02-20T12:08:40.237454,0.0015,0.002,0.001,0.001,3159599.03,335051.44
1771560700,2026-02-20T12:11:40.235994,0.0015,0.002,0.001,0.001,3159499.03,335051.44
1771560880,2026-02-20T12:14:40.480166,0.0015,0.002,0.001,0.001,3159499.03,335301.94
1771561060,2026-02-20T12:17:40.296683,0.0015,0.002,0.001,0.001,3159599.03,335301.94
1771561240,2026-02-20T12:20:40.432022,0.0015,0.002,0.001,0.001,3159599.03,335427.19
1771561420,2026-02-20T12:23:40.310094,0.0015,0.002,0.001,0.001,3159599.03,335427.19
1771561600,2026-02-20T12:26:40.470688,0.0015,0.002,0.001,0.001,3159599.03,335301.94
1771561780,2026-02-20T12:29:40.468314,0.0015,0.002,0.001,0.001,3159599.03,335176.69
1771561960,2026-02-20T12:32:40.482554,0.0015,0.002,0.001,0.001,3159586.74,335301.94
1771562140,2026-02-20T12:35:40.696727,0.0015,0.002,0.001,0.001,3159586.74,335051.44
1771562320,2026-02-20T12:38:40.533552,0.0015,0.002,0.001,0.001,3159586.74,335051.44
1771562500,2026-02-20T12:41:40.686616,0.0015,0.002,0.001,0.001,3159586.74,335051.44
1771562680,2026-02-20T12:44:40.685860,0.0015,0.002,0.001,0.001,3159476.74,335051.44
1771562860,2026-02-20T12:47:40.899929,0.0015,0.002,0.001,0.001,3159476.74,335051.44
1771563040,2026-02-20T12:50:40.706474,0.0015,0.002,0.001,0.001,3159476.74,335051.44
1771563220,2026-02-20T12:53:40.717893,0.0015,0.002,0.001,0.001,3159476.74,335051.44
1771563400,2026-02-20T12:56:40.700632,0.0015,0.002,0.001,0.001,3159476.74,335051.44
1771563580,2026-02-20T12:59:40.716314,0.0015,0.002,0.001,0.001,3159476.74,335051.44
1771563760,2026-02-20T13:02:40.700606,0.0015,0.002,0.001,0.001,3159476.74,334926.19
1771563940,2026-02-20T13:05:40.735355,0.0015,0.002,0.001,0.001,3159476.74,334926.19
1771564120,2026-02-20T13:08:40.905554,0.0015,0.002,0.001,0.001,3159476.74,334926.19
1771564300,2026-02-20T13:11:40.906369,0.0015,0.002,0.001,0.001,3159476.74,334926.19
1771564480,2026-02-20T13:14:40.760492,0.0015,0.002,0.001,0.001,3159476.74,334926.19
1771564660,2026-02-20T13:17:40.888826,0.0015,0.002,0.001,0.001,3159476.74,334926.19
1771564841,2026-02-20T13:20:41.083243,0.0015,0.002,0.001,0.001,3159476.74,334926.19
1771565021,2026-02-20T13:23:41.035206,0.0015,0.002,0.001,0.001,3159476.74,334800.94
1771565201,2026-02-20T13:26:41.215556,0.0015,0.002,0.001,0.001,3159476.74,334675.69
1771565381,2026-02-20T13:29:41.104369,0.0015,0.002,0.001,0.001,3159476.74,334675.69
1771565561,2026-02-20T13:32:41.094711,0.0015,0.002,0.001,0.001,3159476.74,334926.19
1771565741,2026-02-20T13:35:41.181513,0.0015,0.002,0.001,0.001,3159476.74,334675.69
1771565921,2026-02-20T13:38:41.099222,0.0015,0.002,0.001,0.001,3159476.74,334675.69
1771566101,2026-02-20T13:41:41.241026,0.0015,0.002,0.001,0.001,3159476.74,334675.69
1771566281,2026-02-20T13:44:41.181445,0.0015,0.002,0.001,0.001,3159476.74,334675.69
1771566461,2026-02-20T13:47:41.260508,0.0015,0.002,0.001,0.001,3159476.74,334675.69
1771566641,2026-02-20T13:50:41.289280,0.0015,0.002,0.001,0.001,3159440.67,334675.69
1771566821,2026-02-20T13:53:41.849165,0.0015,0.002,0.001,0.001,3159440.67,334675.69
1771567001,2026-02-20T13:56:41.251732,0.0015,0.002,0.001,0.001,3159440.67,334800.94
1771567181,2026-02-20T13:59:41.288645,0.0015,0.002,0.001,0.001,3159440.67,334675.69
1771567361,2026-02-20T14:02:41.266543,0.0015,0.002,0.001,0.001,3159440.67,334675.69
1771567541,2026-02-20T14:05:41.483417,0.0015,0.002,0.001,0.001,3159440.67,334675.69
1771567721,2026-02-20T14:08:41.398641,0.0015,0.002,0.001,0.001,3159440.67,334675.69
1771567901,2026-02-20T14:11:41.496215,0.0015,0.002,0.001,0.001,3144094.32,334675.69
1771568081,2026-02-20T14:14:41.676955,0.0015,0.002,0.001,0.001,3144094.32,319329.35
1771568261,2026-02-20T14:17:41.696409,0.0015,0.002,0.001,0.001,3144094.32,319204.1
1771568441,2026-02-20T14:20:41.699014,0.0015,0.002,0.001,0.001,3144094.32,319204.1
1771568621,2026-02-20T14:23:41.683054,0.0015,0.002,0.001,0.001,3144094.32,319204.1
1771568801,2026-02-20T14:26:41.663071,0.0015,0.002,0.001,0.001,3144091.76,319204.1
1771568981,2026-02-20T14:29:41.534723,0.0015,0.002,0.001,0.001,3144089.34,319204.1
1771569161,2026-02-20T14:32:41.728752,0.0015,0.002,0.001,0.001,3144089.34,319204.1
1771569341,2026-02-20T14:35:41.676802,0.0015,0.002,0.001,0.001,3144089.34,319204.1
1771569521,2026-02-20T14:38:41.683245,0.0015,0.002,0.001,0.001,3144089.34,319204.1
1771569701,2026-02-20T14:41:41.610185,0.0015,0.002,0.001,0.001,3144089.34,319454.6
1771569881,2026-02-20T14:44:41.687815,0.0015,0.002,0.001,0.001,3144089.34,319454.6
1771570061,2026-02-20T14:47:41.690523,0.0015,0.002,0.001,0.001,3144089.34,319579.85
1771570241,2026-02-20T14:50:41.683615,0.0015,0.002,0.001,0.001,3144089.34,319329.35
1771570421,2026-02-20T14:53:41.907310,0.0015,0.002,0.001,0.001,3144049.3,319579.85
1771570601,2026-02-20T14:56:41.791938,0.0015,0.002,0.001,0.001,3144014.26,319329.35
1771570781,2026-02-20T14:59:41.893427,0.0015,0.002,0.001,0.001,3144014.26,319369.43
1771570962,2026-02-20T15:02:42.117548,0.0015,0.002,0.001,0.001,3144014.26,319494.68
1771571141,2026-02-20T15:05:41.902798,0.0015,0.002,0.001,0.001,3144014.26,319369.43
1771571321,2026-02-20T15:08:41.889092,0.0015,0.002,0.001,0.001,3144014.26,319745.18
1771571501,2026-02-20T15:11:41.910872,0.0015,0.002,0.001,0.001,3144014.26,319494.68
1771571681,2026-02-20T15:14:41.943735,0.0015,0.002,0.001,0.001,3144014.26,319369.43
1771571862,2026-02-20T15:17:42.105568,0.0015,0.002,0.001,0.001,3144014.26,319329.35
1771572042,2026-02-20T15:20:42.093210,0.0015,0.002,0.001,0.001,3143860.26,319369.43
1771572222,2026-02-20T15:23:42.228706,0.0015,0.002,0.001,0.001,3143788.18,319329.35
1771572402,2026-02-20T15:26:42.090649,0.0015,0.002,0.001,0.001,3143788.18,319369.43
1771572582,2026-02-20T15:29:42.217597,0.0015,0.002,0.001,0.001,3143788.18,319204.1
1771572762,2026-02-20T15:32:42.446640,0.0015,0.002,0.001,0.001,3143785.27,319204.1
1771572942,2026-02-20T15:35:42.228403,0.0015,0.002,0.001,0.001,3143751.23,319705.1
1771573122,2026-02-20T15:38:42.082684,0.0015,0.002,0.001,0.001,3143727.2,319579.85
1771573302,2026-02-20T15:41:42.247738,0.0015,0.002,0.001,0.001,3143627.2,319705.1
1771573482,2026-02-20T15:44:42.287619,0.0015,0.002,0.001,0.001,3143727.2,319955.6
1771573662,2026-02-20T15:47:42.299418,0.0015,0.002,0.001,0.001,3143727.2,319830.35
1771573842,2026-02-20T15:50:42.444654,0.0015,0.002,0.001,0.001,3143727.2,319955.6
1771574022,2026-02-20T15:53:42.325003,0.0015,0.002,0.001,0.001,3143707.18,320080.85
1771574202,2026-02-20T15:56:42.443632,0.0015,0.002,0.001,0.001,3143667.14,319830.35
1771574382,2026-02-20T15:59:42.289395,0.0015,0.002,0.001,0.001,3143667.14,319579.85
1771574562,2026-02-20T16:02:42.370464,0.0015,0.002,0.001,0.001,3143655.65,319329.35
1771574922,2026-02-20T16:08:42.670539,0.0015,0.002,0.001,0.001,3143655.65,319078.85
1771575102,2026-02-20T16:11:42.519955,0.0015,0.002,0.001,0.001,3143655.65,319204.1
1771575282,2026-02-20T16:14:42.623121,0.0015,0.002,0.001,0.001,3143655.65,319078.85
1771575462,2026-02-20T16:17:42.684538,0.0015,0.002,0.001,0.001,3143655.65,319078.85
1771575642,2026-02-20T16:20:42.540367,0.0015,0.002,0.001,0.001,3143655.65,319078.85
1771575822,2026-02-20T16:23:42.690800,0.0015,0.002,0.001,0.001,3143655.65,319078.85
1771576002,2026-02-20T16:26:42.694252,0.0015,0.002,0.001,0.001,3143634.62,319329.35
1771576182,2026-02-20T16:29:42.656077,0.0015,0.002,0.001,0.001,3143634.62,319329.35
1771576362,2026-02-20T16:32:42.652284,0.0015,0.002,0.001,0.001,3143599.58,319078.85
1771576542,2026-02-20T16:35:42.697867,0.0015,0.002,0.001,0.001,3143599.58,319078.85
1771576722,2026-02-20T16:38:42.888326,0.0015,0.002,0.001,0.001,3143599.58,319078.85
1771576902,2026-02-20T16:41:42.774719,0.0015,0.002,0.001,0.001,3143599.58,319018.85
1771577082,2026-02-20T16:44:42.916466,0.0015,0.002,0.001,0.001,3143573.65,319269.35
1771577262,2026-02-20T16:47:42.718270,0.0015,0.002,0.001,0.001,3143534.61,319018.85
1771577442,2026-02-20T16:50:42.917102,0.0015,0.002,0.001,0.001,3143534.61,319018.85
1771577622,2026-02-20T16:53:42.919055,0.0015,0.002,0.001,0.001,3143432.5,319018.85
1771577802,2026-02-20T16:56:42.785672,0.0015,0.002,0.001,0.001,3143432.5,319018.85
1771577982,2026-02-20T16:59:42.937539,0.0015,0.002,0.001,0.001,3143360.52,336343.18
1771578163,2026-02-20T17:02:43.223627,0.0015,0.002,0.001,0.001,3143360.52,336343.18
1771578342,2026-02-20T17:05:42.953853,0.0015,0.002,0.001,0.001,3143360.52,336343.18
1771578523,2026-02-20T17:08:43.243625,0.0015,0.002,0.001,0.001,3143330.19,334593.18
1771578703,2026-02-20T17:11:43.380337,0.0015,0.002,0.001,0.001,3143325.18,334362.18
1771578883,2026-02-20T17:14:43.234503,0.0015,0.002,0.001,0.001,3143232.5,334362.18
1771579063,2026-02-20T17:17:43.251069,0.0015,0.002,0.001,0.001,3143232.5,334362.18
1771579243,2026-02-20T17:20:43.245953,0.0015,0.002,0.001,0.001,3143232.5,334362.18
1771579423,2026-02-20T17:23:43.170283,0.0015,0.002,0.001,0.001,3143232.5,334362.18
1771579603,2026-02-20T17:26:43.159762,0.0015,0.002,0.001,0.001,3143225.49,334362.18
1771579783,2026-02-20T17:29:43.175140,0.0015,0.002,0.001,0.001,3143225.49,334362.18
1771579963,2026-02-20T17:32:43.133706,0.0015,0.002,0.001,0.001,3143225.49,334362.18
1771580143,2026-02-20T17:35:43.244698,0.0015,0.002,0.001,0.001,3143195.46,334402.26
1771580323,2026-02-20T17:38:43.246124,0.0015,0.002,0.001,0.001,3143178.44,334527.51
1771580503,2026-02-20T17:41:43.252063,0.0015,0.002,0.001,0.001,3143178.44,334402.26
1771580683,2026-02-20T17:44:43.493867,0.0015,0.002,0.001,0.001,3143178.44,334402.26
1771580863,2026-02-20T17:47:43.303995,0.0015,0.002,0.001,0.001,3143136.39,334402.26
1771581043,2026-02-20T17:50:43.408106,0.0015,0.002,0.001,0.001,3143136.39,334527.51
1771581223,2026-02-20T17:53:43.468203,0.0015,0.002,0.001,0.001,3143136.39,334612.68
1771581403,2026-02-20T17:56:43.488252,0.0015,0.002,0.001,0.001,3143087.33,334362.18
1771581583,2026-02-20T17:59:43.449355,0.0015,0.002,0.001,0.001,3143087.33,334362.18
1771581763,2026-02-20T18:02:43.311947,0.0015,0.002,0.001,0.001,3143016.05,334362.18
1771581943,2026-02-20T18:05:43.440145,0.0015,0.002,0.001,0.001,3143009.04,334362.18
1771582123,2026-02-20T18:08:43.510729,0.0015,0.002,0.001,0.001,3142970.54,334487.43
1771582303,2026-02-20T18:11:43.493179,0.0015,0.002,0.001,0.001,3142921.49,334362.18
1771582483,2026-02-20T18:14:43.540723,0.0015,0.002,0.001,0.001,3142866.43,334362.18
1771582663,2026-02-20T18:17:43.664194,0.0015,0.002,0.001,0.001,3142866.43,334362.18
1771582843,2026-02-20T18:20:43.676851,0.0015,0.002,0.001,0.001,3142866.43,334362.18
1771583023,2026-02-20T18:23:43.683670,0.0015,0.002,0.001,0.001,3142866.43,334362.18
1771583203,2026-02-20T18:26:43.654674,0.0015,0.002,0.001,0.001,3142866.43,334612.68
1771583383,2026-02-20T18:29:43.651339,0.0015,0.002,0.001,0.001,3142866.43,335011.37
1771583563,2026-02-20T18:32:43.713330,0.0015,0.002,0.001,0.001,3142831.09,334886.12
1771583743,2026-02-20T18:35:43.683111,0.0015,0.002,0.001,0.001,3142831.09,335011.37
1771583927,2026-02-20T18:38:47.673807,0.0015,0.002,0.001,0.001,3142698.05,334886.12
1771584103,2026-02-20T18:41:43.729610,0.0015,0.002,0.001,0.001,3142682.03,334886.12
1771584283,2026-02-20T18:44:43.881430,0.0015,0.002,0.001,0.001,3142682.03,335011.37
1771584463,2026-02-20T18:47:43.941726,0.0015,0.002,0.001,0.001,3142691.56,335261.87
1771584643,2026-02-20T18:50:43.921100,0.0015,0.002,0.001,0.001,3142676.34,335261.87
1771584823,2026-02-20T18:53:43.941507,0.0015,0.002,0.001,0.001,3142656.01,335076.18
1771585003,2026-02-20T18:56:43.912257,0.0015,0.002,0.001,0.001,3142639.3,335076.18
1771585183,2026-02-20T18:59:43.974490,0.0015,0.002,0.001,0.001,3142639.3,335076.18
1771585363,2026-02-20T19:02:43.908320,0.0015,0.002,0.001,0.001,3142639.3,335201.43
1771585544,2026-02-20T19:05:44.243766,0.0015,0.002,0.001,0.001,3142639.3,335076.18
1771585724,2026-02-20T19:08:44.248423,0.0015,0.002,0.001,0.001,3142639.3,335201.43
1771585904,2026-02-20T19:11:44.211496,0.0015,0.002,0.001,0.001,3142621.68,335076.18
1771586084,2026-02-20T19:14:44.171059,0.0015,0.002,0.001,0.001,3142621.68,335326.68
1771586264,2026-02-20T19:17:44.061842,0.0015,0.002,0.001,0.001,3142591.65,335326.68
1771586444,2026-02-20T19:20:44.246601,0.0015,0.002,0.001,0.001,3142591.65,335201.43
1771586624,2026-02-20T19:23:44.241122,0.0015,0.002,0.001,0.001,3142591.65,335076.18
1771586804,2026-02-20T19:26:44.101394,0.0015,0.002,0.001,0.001,3142546.6,335076.18
1771586984,2026-02-20T19:29:44.162417,0.0015,0.002,0.001,0.001,3142480.53,335076.18
1771587164,2026-02-20T19:32:44.151762,0.0015,0.002,0.001,0.001,3142480.53,335076.18
1771587344,2026-02-20T19:35:44.232661,0.0015,0.002,0.001,0.001,3142480.53,335076.18
1771587524,2026-02-20T19:38:44.159827,0.0015,0.002,0.001,0.001,3127109.15,319704.81
1771587704,2026-02-20T19:41:44.327742,0.0015,0.002,0.001,0.001,3127109.15,319830.06
1771587884,2026-02-20T19:44:44.299280,0.0015,0.002,0.001,0.001,3127109.15,319704.81
1771588064,2026-02-20T19:47:44.322432,0.0015,0.002,0.001,0.001,3127109.15,319704.81
1771588244,2026-02-20T19:50:44.310303,0.0015,0.002,0.001,0.001,3127109.15,319704.81
1771588424,2026-02-20T19:53:44.282632,0.0015,0.002,0.001,0.001,3127072.11,319830.06
1771588604,2026-02-20T19:56:44.304751,0.0015,0.002,0.001,0.001,3127056.09,319704.81
1771588784,2026-02-20T19:59:44.301776,0.0015,0.002,0.001,0.001,3127056.09,319704.81
1771588964,2026-02-20T20:02:44.456897,0.0015,0.002,0.001,0.001,3127056.09,319704.81
1771589144,2026-02-20T20:05:44.496607,0.0015,0.002,0.001,0.001,3127056.09,319704.81
1771589324,2026-02-20T20:08:44.483963,0.0015,0.002,0.001,0.001,3127026.66,319704.81
1771589504,2026-02-20T20:11:44.691445,0.0015,0.002,0.001,0.001,3126861.66,320080.56
1771589684,2026-02-20T20:14:44.744988,0.0015,0.002,0.001,0.001,3126861.66,319675.81
1771589864,2026-02-20T20:17:44.635294,0.0015,0.002,0.001,0.001,3126861.66,315050.06
1771590044,2026-02-20T20:20:44.637617,0.0015,0.002,0.001,0.001,3126861.66,314085.31
1771590224,2026-02-20T20:23:44.914576,0.0015,0.002,0.001,0.001,3126861.66,310585.81
1771590404,2026-02-20T20:26:44.707133,0.0015,0.002,0.001,0.001,3126820.61,310460.56
1771590584,2026-02-20T20:29:44.740175,0.0015,0.002,0.001,0.001,3126748.73,310335.31
1771590764,2026-02-20T20:32:44.697336,0.0015,0.002,0.001,0.001,3126748.73,310084.81
1771590944,2026-02-20T20:35:44.695475,0.0015,0.002,0.001,0.001,3126748.73,310084.81
1771591124,2026-02-20T20:38:44.659813,0.0015,0.002,0.001,0.001,3126727.5,310210.06
1771591304,2026-02-20T20:41:44.659041,0.0015,0.002,0.001,0.001,3126727.5,310158.27
1771591484,2026-02-20T20:44:44.663551,0.0015,0.002,0.001,0.001,3126727.5,310158.27
1771591664,2026-02-20T20:47:44.789627,0.0015,0.002,0.001,0.001,3126727.5,310033.02
1771591844,2026-02-20T20:50:44.868228,0.0015,0.002,0.001,0.001,3126727.5,310033.02
1771592025,2026-02-20T20:53:45.670217,0.0015,0.002,0.001,0.001,3126682.9,310033.02
1771592204,2026-02-20T20:56:44.867053,0.0015,0.002,0.001,0.001,3126682.9,310033.02
1771592384,2026-02-20T20:59:44.821201,0.0015,0.002,0.001,0.001,3126667.68,310033.02
1771592565,2026-02-20T21:02:45.070901,0.0015,0.002,0.001,0.001,3126584.28,310158.27
1771592745,2026-02-20T21:05:45.068695,0.0015,0.002,0.001,0.001,3126584.28,310033.02
1771592925,2026-02-20T21:08:45.033874,0.0015,0.002,0.001,0.001,3126584.28,310158.27
1771593104,2026-02-20T21:11:44.956859,0.0015,0.002,0.001,0.001,3126584.28,309165.08999999997
1771593285,2026-02-20T21:14:45.084651,0.0015,0.002,0.001,0.001,3126487.91,309130.02
1771593465,2026-02-20T21:17:45.082668,0.0015,0.002,0.001,0.001,3126462.38,309079.92
1771593645,2026-02-20T21:20:45.073071,0.0015,0.002,0.001,0.001,3126462.38,308954.67
1771593825,2026-02-20T21:23:45.075541,0.0015,0.002,0.001,0.001,3126462.38,308954.67
1771594005,2026-02-20T21:26:45.068233,0.0015,0.002,0.001,0.001,3126462.38,308954.67
1771594185,2026-02-20T21:29:45.094487,0.0015,0.002,0.001,0.001,3126462.38,308914.58999999997
1771594365,2026-02-20T21:32:45.319274,0.0015,0.002,0.001,0.001,3126462.38,308914.58999999997
1771594545,2026-02-20T21:35:45.445575,0.0015,0.002,0.001,0.001,3126424.34,305454.58999999997
1771594725,2026-02-20T21:38:45.445875,0.0015,0.002,0.001,0.001,3126424.34,321091.49
1771594905,2026-02-20T21:41:45.376094,0.0015,0.002,0.001,0.001,3126394.31,321216.74
1771595085,2026-02-20T21:44:45.475506,0.0015,0.002,0.001,0.001,3126394.31,321091.49
1771595265,2026-02-20T21:47:45.478110,0.0015,0.002,0.001,0.001,3126392.3,321216.74
1771595445,2026-02-20T21:50:45.344941,0.0015,0.002,0.001,0.001,3126372.28,321341.99
1771595625,2026-02-20T21:53:45.471510,0.0015,0.002,0.001,0.001,3126372.28,321216.74
1771595805,2026-02-20T21:56:45.661274,0.0015,0.002,0.001,0.001,3125330.02,320216.37
1771595985,2026-02-20T21:59:45.725862,0.0015,0.002,0.001,0.001,3109380.06,304597.01
1771596165,2026-02-20T22:02:45.711699,0.0015,0.002,0.001,0.001,3109356.79,304722.26
1771596345,2026-02-20T22:05:45.731073,0.0015,0.002,0.001,0.001,3109306.73,304972.76
1771596525,2026-02-20T22:08:45.708456,0.0015,0.002,0.001,0.001,3109216.73,305119.26
1771596705,2026-02-20T22:11:45.521646,0.0015,0.002,0.001,0.001,3109176.69,304994.01
1771596885,2026-02-20T22:14:45.714943,0.0015,0.002,0.001,0.001,3109168.68,304868.76
1771597065,2026-02-20T22:17:45.706412,0.0015,0.002,0.001,0.001,3109268.68,304994.01
1771597245,2026-02-20T22:20:45.683319,0.0015,0.002,0.001,0.001,3109223.62,304743.51
1771597425,2026-02-20T22:23:45.806081,0.0015,0.002,0.001,0.001,3108098.71,303929.36
1771597605,2026-02-20T22:26:45.785632,0.0015,0.002,0.001,0.001,3108059.44,303901.11
1771597785,2026-02-20T22:29:45.753705,0.0015,0.002,0.001,0.001,3107964.62,303650.61
1771597965,2026-02-20T22:32:45.767538,0.0015,0.002,0.001,0.001,3107943.11,303901.11
1771598145,2026-02-20T22:35:45.954388,0.0015,0.002,0.001,0.001,3107890.04,303775.86
1771598325,2026-02-20T22:38:45.914798,0.0015,0.002,0.001,0.001,3107835.78,304066.44
1771598505,2026-02-20T22:41:45.879025,0.0015,0.002,0.001,0.001,3107835.78,303690.69
1771598685,2026-02-20T22:44:45.943404,0.0015,0.002,0.001,0.001,3107835.78,303650.61
1771598865,2026-02-20T22:47:45.924174,0.0015,0.002,0.001,0.001,3107470.28,303650.61
1771599045,2026-02-20T22:50:45.907825,0.0015,0.002,0.001,0.001,3107470.28,303650.61
1771599225,2026-02-20T22:53:45.972147,0.0015,0.002,0.001,0.001,3107470.28,303650.61
1771599406,2026-02-20T22:56:46.223233,0.0015,0.002,0.001,0.001,3107470.28,297650.62
1771599586,2026-02-20T22:59:46.245381,0.0015,0.002,0.001,0.001,3107470.28,303525.36
1771599766,2026-02-20T23:02:46.246005,0.0015,0.002,0.001,0.001,3107470.28,303525.36
1771599946,2026-02-20T23:05:46.257613,0.0015,0.002,0.001,0.001,3107470.28,303525.36
1771600126,2026-02-20T23:08:46.251039,0.0015,0.002,0.001,0.001,3107470.28,303901.11
1771600306,2026-02-20T23:11:46.135366,0.0015,0.002,0.001,0.001,3107470.28,304026.36
1771600486,2026-02-20T23:14:46.244955,0.0015,0.002,0.001,0.001,3106419.22,303101.71
1771600666,2026-02-20T23:17:46.166824,0.0015,0.002,0.001,0.001,3106419.22,303226.96
1771600846,2026-02-20T23:20:46.243947,0.0015,0.002,0.001,0.001,3106418.2,302976.46
1771601026,2026-02-20T23:23:46.241347,0.0015,0.002,0.001,0.001,3106418.2,302976.46
1771601206,2026-02-20T23:26:46.255848,0.0015,0.002,0.001,0.001,3106418.2,302976.46
1771601386,2026-02-20T23:29:46.323284,0.0015,0.002,0.001,0.001,3106418.2,302725.96
1771601566,2026-02-20T23:32:46.252625,0.0015,0.002,0.001,0.001,3106418.2,302725.96
1771601746,2026-02-20T23:35:46.465410,0.0015,0.002,0.001,0.001,3106084.87,302725.96
1771601926,2026-02-20T23:38:46.293316,0.0015,0.002,0.001,0.001,3106084.87,303141.79
1771602106,2026-02-20T23:41:46.297709,0.0015,0.002,0.001,0.001,3106084.87,303101.71
1771602286,2026-02-20T23:44:46.348507,0.0015,0.002,0.001,0.001,3106084.87,302891.29
1771602466,2026-02-20T23:47:46.513962,0.0015,0.002,0.001,0.001,3106081.97,302725.96
1771602646,2026-02-20T23:50:46.669160,0.0015,0.002,0.001,0.001,3106081.97,302766.04
1771602826,2026-02-20T23:53:46.487456,0.0015,0.002,0.001,0.001,3105030.91,301716.14
1771603006,2026-02-20T23:56:46.488556,0.0015,0.002,0.001,0.001,3105030.91,301676.06
1771603186,2026-02-20T23:59:46.638587,0.0015,0.002,0.001,0.001,3105030.91,301801.31
1771603366,2026-02-21T00:02:46.691311,0.0015,0.002,0.001,0.001,3105030.91,301676.06
1771603546,2026-02-21T00:05:46.511782,0.0015,0.002,0.001,0.001,3105030.91,301540.79
1771603726,2026-02-21T00:08:46.501372,0.0015,0.002,0.001,0.001,3105030.91,301540.79
1771603906,2026-02-21T00:11:46.592277,0.0015,0.002,0.001,0.001,3104002.23,300513.38
1771604086,2026-02-21T00:14:46.726769,0.0015,0.002,0.001,0.001,3104002.23,300388.13
1771604266,2026-02-21T00:17:46.717406,0.0015,0.002,0.001,0.001,3104002.23,300388.13
1771604446,2026-02-21T00:20:46.687333,0.0015,0.002,0.001,0.001,3104002.23,300513.38
1771604626,2026-02-21T00:23:46.675138,0.0015,0.002,0.001,0.001,3104002.23,300513.38
1771604806,2026-02-21T00:26:46.678164,0.0015,0.002,0.001,0.001,3103872.2,300513.38
1771604986,2026-02-21T00:29:46.705499,0.0015,0.002,0.001,0.001,3103872.2,300388.13
1771605166,2026-02-21T00:32:46.694434,0.0015,0.002,0.001,0.001,3103972.2,300388.13
1771605346,2026-02-21T00:35:46.917843,0.0015,0.002,0.001,0.001,3103972.2,300388.13
1771605526,2026-02-21T00:38:46.925825,0.0015,0.002,0.001,0.001,3103972.2,300388.13
1771605706,2026-02-21T00:41:46.986519,0.0015,0.002,0.001,0.001,3102904.44,299321.79
1771605886,2026-02-21T00:44:46.903707,0.0015,0.002,0.001,0.001,3102904.44,299321.79
1771606066,2026-02-21T00:47:46.903140,0.0015,0.002,0.001,0.001,3102904.44,299321.79
1771606246,2026-02-21T00:50:46.883156,0.0015,0.002,0.001,0.001,3102904.44,299697.54
1771606426,2026-02-21T00:53:46.968403,0.0015,0.002,0.001,0.001,3102902.78,299447.04
1771606607,2026-02-21T00:56:47.246333,0.0015,0.002,0.001,0.001,3100859.45,299321.79
1771606787,2026-02-21T00:59:47.160212,0.0015,0.002,0.001,0.001,3099830.03,298669.17
1771606967,2026-02-21T01:02:47.096987,0.0015,0.002,0.001,0.001,3099830.03,298293.42
1771607147,2026-02-21T01:05:47.101040,0.0015,0.002,0.001,0.001,3099830.03,298418.67
1771607327,2026-02-21T01:08:47.116982,0.0015,0.002,0.001,0.001,3099830.03,298293.42
1771607507,2026-02-21T01:11:47.227689,0.0015,0.002,0.001,0.001,3099630.03,298418.67
1771607687,2026-02-21T01:14:47.063715,0.0015,0.002,0.001,0.001,3099630.03,298293.42
1771607867,2026-02-21T01:17:47.240148,0.0015,0.002,0.001,0.001,3099630.03,298418.67
1771608047,2026-02-21T01:20:47.279931,0.0015,0.002,0.001,0.001,3099630.03,298418.67
1771608227,2026-02-21T01:23:47.346348,0.0015,0.002,0.001,0.001,3099630.03,298293.42
1771608407,2026-02-21T01:26:47.304986,0.0015,0.002,0.001,0.001,3099628.52,298293.42
1771608587,2026-02-21T01:29:47.298784,0.0015,0.002,0.001,0.001,3099628.52,298293.42
1771608767,2026-02-21T01:32:47.265430,0.0015,0.002,0.001,0.001,3099528.52,298293.42
1771608947,2026-02-21T01:35:47.273689,0.0015,0.002,0.001,0.001,3098483.49,297249.69
1771609127,2026-02-21T01:38:47.436645,0.0015,0.002,0.001,0.001,3098482.15,297249.69
1771609307,2026-02-21T01:41:47.286569,0.0015,0.002,0.001,0.001,3098581.14,297374.94
1771609487,2026-02-21T01:44:47.335854,0.0015,0.002,0.001,0.001,3098528.88,297249.69
1771609667,2026-02-21T01:47:47.453873,0.0015,0.002,0.001,0.001,3098728.88,297249.69
1771609847,2026-02-21T01:50:47.697437,0.0015,0.002,0.001,0.001,3097697.85,296221.55
1771610027,2026-02-21T01:53:47.464759,0.0015,0.002,0.001,0.001,3097697.85,296221.55
1771610207,2026-02-21T01:56:47.677885,0.0015,0.002,0.001,0.001,3097697.85,296722.55
1771610387,2026-02-21T01:59:47.662969,0.0015,0.002,0.001,0.001,3097697.85,296472.05
1771610567,2026-02-21T02:02:47.720136,0.0015,0.002,0.001,0.001,3097697.85,296346.8
1771610747,2026-02-21T02:05:47.672742,0.0015,0.002,0.001,0.001,3096651.19,295823.48
1771610927,2026-02-21T02:08:47.527279,0.0015,0.002,0.001,0.001,3096651.19,295301.65
1771611107,2026-02-21T02:11:47.703586,0.0015,0.002,0.001,0.001,3096651.19,295301.65
1771611287,2026-02-21T02:14:47.685420,0.0015,0.002,0.001,0.001,3096651.19,295301.65
1771611467,2026-02-21T02:17:47.659353,0.0015,0.002,0.001,0.001,3096651.19,295176.4
1771611647,2026-02-21T02:20:47.679877,0.0015,0.002,0.001,0.001,3096651.19,295176.4
1771611827,2026-02-21T02:23:47.658968,0.0015,0.002,0.001,0.001,3096650.09,295176.4
1771612007,2026-02-21T02:26:47.726116,0.0015,0.002,0.001,0.001,3096650.09,295176.4
1771612187,2026-02-21T02:29:47.858968,0.0015,0.002,0.001,0.001,3096650.09,295176.4
1771612367,2026-02-21T02:32:47.871981,0.0015,0.002,0.001,0.001,3096650.09,295176.4
1771612547,2026-02-21T02:35:47.901811,0.0015,0.002,0.001,0.001,3096650.09,295176.4
