timestamp,datetime,midpoint,best_bid,best_ask,spread,bid_depth_top5,ask_depth_top5
1771007697,2026-02-14T02:34:57.634311,0.0245,0.025,0.024,0.001,214390.19999999998,287430.65
1771007947,2026-02-14T02:39:07.231336,0.0245,0.025,0.024,0.001,215452.54,262298.2
1771008127,2026-02-14T02:42:07.237981,0.0245,0.025,0.024,0.001,214483.15,262185.75
1771008307,2026-02-14T02:45:07.286527,0.0245,0.025,0.024,0.001,209052.65,264092.14
1771008487,2026-02-14T02:48:07.239742,0.0245,0.025,0.024,0.001,209034.93,263975.14
1771008847,2026-02-14T02:54:07.374464,0.0245,0.025,0.024,0.001,206824.97,288875.54
1771009027,2026-02-14T02:57:07.362110,0.0245,0.025,0.024,0.001,204797.31,287052.25
1771009207,2026-02-14T03:00:07.461103,0.0245,0.025,0.024,0.001,199896.96,285662.67
1771009387,2026-02-14T03:03:07.528842,0.0245,0.025,0.024,0.001,199896.96,290194.91000000003
1771009567,2026-02-14T03:06:07.461037,0.0245,0.025,0.024,0.001,201958.52,289758.43
1771009747,2026-02-14T03:09:07.454121,0.0245,0.025,0.024,0.001,202055.5,289771.43
1771009932,2026-02-14T03:12:12.485318,0.0245,,,0.001,201387.53,289771.43
1771010107,2026-02-14T03:15:07.651860,0.0245,0.025,0.024,0.001,201629.19,289771.43
1771010287,2026-02-14T03:18:07.666990,0.0245,0.025,0.024,0.001,201728.74,289885.06
1771010467,2026-02-14T03:21:07.686934,0.0245,0.025,0.024,0.001,203723.89,287508.06
1771010647,2026-02-14T03:24:07.621673,0.0245,0.025,0.024,0.001,203738.19,286670.31
1771010827,2026-02-14T03:27:07.645520,0.0245,0.025,0.024,0.001,203331.67,280049.27
1771011007,2026-02-14T03:30:07.660548,0.0245,0.025,0.024,0.001,206116.75,280128.79
1771011187,2026-02-14T03:33:07.592303,0.0245,0.025,0.024,0.001,208466.75,279134.61
1771011367,2026-02-14T03:36:07.876757,0.0245,0.025,0.024,0.001,211396.88,262906.7
1771011547,2026-02-14T03:39:07.891587,0.0245,0.025,0.024,0.001,214235.18,267042.98
1771011727,2026-02-14T03:42:07.848020,0.0245,0.025,0.024,0.001,214235.18,268015.98
1771011907,2026-02-14T03:45:07.942217,0.0245,0.025,0.024,0.001,213749.94,267873.26
1771012087,2026-02-14T03:48:07.830706,0.0245,0.025,0.024,0.001,213738.08,267909.44
1771012267,2026-02-14T03:51:07.879578,0.0245,0.025,0.024,0.001,213573.38,267968.35
1771012447,2026-02-14T03:54:07.858403,0.0245,0.025,0.024,0.001,103806.20999999999,267887.38
1771012628,2026-02-14T03:57:08.226524,0.0255,0.026,0.025,0.001,127167.3,381284.24
1771012808,2026-02-14T04:00:08.067993,0.0255,0.026,0.025,0.001,147059.17,381121.75
1771012988,2026-02-14T04:03:08.161534,0.026,0.027,0.025,0.002,141488.06,422273.43
1771013168,2026-02-14T04:06:08.090244,0.026,0.027,0.025,0.002,141686.89,422164.3
1771013348,2026-02-14T04:09:08.215801,0.026,0.027,0.025,0.002,140247.85,420044.79
1771013528,2026-02-14T04:12:08.112643,0.026,0.027,0.025,0.002,140185.69,420038.2
1771013708,2026-02-14T04:15:08.213027,0.026,0.027,0.025,0.002,149299.9,429997.62
1771013888,2026-02-14T04:18:08.064034,0.026,0.027,0.025,0.002,148990.31,428582.36
1771014068,2026-02-14T04:21:08.143790,0.026,0.027,0.025,0.002,148527.0,428244.76
1771014248,2026-02-14T04:24:08.082602,0.026,0.027,0.025,0.002,149805.28,428234.72
1771014428,2026-02-14T04:27:08.259189,0.026,0.027,0.025,0.002,148913.31,421550.94
1771014608,2026-02-14T04:30:08.301398,0.026,0.027,0.025,0.002,152502.7,434181.8
1771014788,2026-02-14T04:33:08.288973,0.026,0.027,0.025,0.002,155462.7,434144.33999999997
1771014968,2026-02-14T04:36:08.275738,0.026,0.027,0.025,0.002,154155.81,434125.68
1771015148,2026-02-14T04:39:08.326984,0.026,0.027,0.025,0.002,154888.04,434350.7
1771015328,2026-02-14T04:42:08.330763,0.026,0.027,0.025,0.002,154093.08000000002,436063.85
1771015508,2026-02-14T04:45:08.465627,0.0265,0.027,0.026,0.001,62512.71,435968.32999999996
1771015688,2026-02-14T04:48:08.437388,0.026,0.027,0.025,0.002,160520.27,433821.88
1771015868,2026-02-14T04:51:08.450812,0.026,0.027,0.025,0.002,161037.18,433821.0
1771016048,2026-02-14T04:54:08.490269,0.026,0.027,0.025,0.002,164559.12,412262.3
1771016228,2026-02-14T04:57:08.626616,0.0265,0.027,0.026,0.001,70223.65,412217.75
1771016408,2026-02-14T05:00:08.693808,0.0265,0.027,0.026,0.001,69696.21,412094.81
1771016588,2026-02-14T05:03:08.538273,0.0265,0.027,0.026,0.001,50001.52,411850.12
1771016768,2026-02-14T05:06:08.591414,0.0265,0.027,0.026,0.001,50144.92,394133.17
1771016948,2026-02-14T05:09:08.669429,0.0265,0.027,0.026,0.001,127608.12,389807.24
1771017128,2026-02-14T05:12:08.632421,0.0265,0.027,0.026,0.001,127547.8,390307.24
1771017308,2026-02-14T05:15:08.665789,0.0265,0.027,0.026,0.001,127547.8,387983.64
1771017668,2026-02-14T05:21:08.643256,0.027,0.028,0.026,0.002,142121.34,587232.48
1771017848,2026-02-14T05:24:08.649428,0.027,0.028,0.026,0.002,141982.88,587089.98
1771018028,2026-02-14T05:27:08.720071,0.027,0.028,0.026,0.002,63566.58,587296.26
1771018208,2026-02-14T05:30:08.896501,0.0275,0.028,0.027,0.001,51941.14,586909.19
1771018388,2026-02-14T05:33:08.735361,0.0275,0.028,0.027,0.001,51838.9,584974.0599999999
1771018568,2026-02-14T05:36:08.876891,0.0265,0.027,0.026,0.001,63601.94,378926.73
1771018748,2026-02-14T05:39:08.906762,0.0265,0.027,0.026,0.001,63451.44,496827.94
1771018932,2026-02-14T05:42:12.996206,0.0265,0.027,0.026,0.001,63451.44,527027.94
1771019108,2026-02-14T05:45:08.854962,0.0255,0.026,0.025,0.001,136645.64,626136.01
1771019288,2026-02-14T05:48:08.881236,0.0255,0.026,0.025,0.001,136595.34,628965.9299999999
1771019468,2026-02-14T05:51:08.880181,0.0255,0.026,0.025,0.001,136119.63,629277.57
1771019648,2026-02-14T05:54:08.836027,0.0255,0.026,0.025,0.001,147170.29,632820.34
1771019829,2026-02-14T05:57:09.092103,0.0255,0.026,0.025,0.001,146978.59,638370.81
1771020009,2026-02-14T06:00:09.086286,0.0255,0.026,0.025,0.001,146978.59,600324.03
1771020189,2026-02-14T06:03:09.085666,0.0255,0.026,0.025,0.001,147812.94,560993.71
1771020368,2026-02-14T06:06:08.931218,0.0265,0.027,0.026,0.001,134421.47,605419.0700000001
1771020549,2026-02-14T06:09:09.152016,0.0265,0.027,0.026,0.001,134419.47,605419.0700000001
1771020729,2026-02-14T06:12:09.242091,0.0265,0.027,0.026,0.001,139874.85,605364.4500000001
1771020909,2026-02-14T06:15:09.045849,0.0265,0.027,0.026,0.001,144620.06,600623.7000000001
1771021089,2026-02-14T06:18:09.258896,0.0265,0.027,0.026,0.001,144720.07,599105.17
1771021269,2026-02-14T06:21:09.088486,0.0265,0.027,0.026,0.001,144287.87,598843.6
1771021449,2026-02-14T06:24:09.233183,0.0265,0.027,0.026,0.001,138785.41,597552.68
1771021629,2026-02-14T06:27:09.241477,0.0265,0.027,0.026,0.001,144780.41,597552.68
1771021809,2026-02-14T06:30:09.243014,0.0265,0.027,0.026,0.001,144088.62,597352.68
1771021989,2026-02-14T06:33:09.274883,0.0265,0.027,0.026,0.001,144125.02000000002,552143.22
1771022173,2026-02-14T06:36:13.875067,0.0265,0.027,0.026,0.001,139193.82,532321.77
1771022349,2026-02-14T06:39:09.240147,0.0265,0.027,0.026,0.001,139193.82,520441.55
1771022529,2026-02-14T06:42:09.252407,0.0265,0.027,0.026,0.001,139137.74000000002,520274.35
1771022709,2026-02-14T06:45:09.276151,0.0265,0.027,0.026,0.001,138927.31,519936.11
1771022889,2026-02-14T06:48:09.329072,0.0265,0.027,0.026,0.001,132586.16,498876.11
1771023069,2026-02-14T06:51:09.637177,0.0265,0.027,0.026,0.001,127497.47,498551.72
1771023249,2026-02-14T06:54:09.437323,0.0265,0.027,0.026,0.001,118587.97,487629.55
1771023429,2026-02-14T06:57:09.428271,0.0265,0.027,0.026,0.001,109970.08,487629.55
1771023609,2026-02-14T07:00:09.487428,0.0265,0.027,0.026,0.001,104927.31,487546.86
1771023789,2026-02-14T07:03:09.471959,0.0265,0.027,0.026,0.001,104380.28,487449.82999999996
1771023969,2026-02-14T07:06:09.450660,0.0265,0.027,0.026,0.001,103880.28,487449.82999999996
1771024149,2026-02-14T07:09:09.447420,0.0265,0.027,0.026,0.001,102687.46,486739.11
1771024329,2026-02-14T07:12:09.674697,0.0265,0.027,0.026,0.001,98189.93000000001,482463.32999999996
1771024509,2026-02-14T07:15:09.628346,0.0265,0.027,0.026,0.001,98056.03,486184.35
1771024689,2026-02-14T07:18:09.662236,0.0265,0.027,0.026,0.001,97504.59,486037.89999999997
1771024869,2026-02-14T07:21:09.678614,0.0265,0.027,0.026,0.001,97352.89,478419.33999999997
1771025049,2026-02-14T07:24:09.859791,0.0265,0.027,0.026,0.001,97308.77,478412.16
1771025229,2026-02-14T07:27:09.633735,0.0265,0.027,0.026,0.001,97251.03,528378.04
1771025409,2026-02-14T07:30:09.669600,0.0265,0.027,0.026,0.001,117246.27,528278.26
1771025589,2026-02-14T07:33:09.681231,0.0265,0.027,0.026,0.001,114240.27,528275.24
1771025769,2026-02-14T07:36:09.832380,0.0265,0.027,0.026,0.001,114240.27,528275.1799999999
1771025949,2026-02-14T07:39:09.851817,0.0265,0.027,0.026,0.001,113976.05,527531.6
1771026129,2026-02-14T07:42:09.857757,0.0265,0.027,0.026,0.001,113883.63,527439.19
1771026309,2026-02-14T07:45:09.838113,0.0265,0.027,0.026,0.001,113834.76,527251.87
1771026489,2026-02-14T07:48:09.906245,0.0265,0.027,0.026,0.001,113237.93000000001,526993.88
1771026669,2026-02-14T07:51:09.873798,0.0265,0.027,0.026,0.001,119048.6,523836.83
1771026849,2026-02-14T07:54:09.887363,0.0265,0.027,0.026,0.001,118904.53,523778.19
1771027030,2026-02-14T07:57:10.049256,0.0265,0.027,0.026,0.001,119003.5,523340.38
1771027210,2026-02-14T08:00:10.062781,0.0265,0.027,0.026,0.001,118820.07,518336.23
1771027389,2026-02-14T08:03:09.931791,0.0265,0.027,0.026,0.001,118177.7,518092.39999999997
1771027570,2026-02-14T08:06:10.097640,0.0265,0.027,0.026,0.001,118008.61,518028.16
1771027750,2026-02-14T08:09:10.093539,0.0265,0.027,0.026,0.001,117850.57,517870.12
1771027930,2026-02-14T08:12:10.034920,0.0265,0.027,0.026,0.001,111761.11,517749.45999999996
1771028110,2026-02-14T08:15:10.089295,0.0265,0.027,0.026,0.001,111480.56,515433.61
1771028290,2026-02-14T08:18:10.036997,0.0265,0.027,0.026,0.001,111364.46,515190.47
1771028470,2026-02-14T08:21:10.043518,0.0265,0.027,0.026,0.001,108596.28,513706.01
1771028650,2026-02-14T08:24:10.075333,0.0265,0.027,0.026,0.001,108661.94,513494.02
1771028830,2026-02-14T08:27:10.252959,0.0265,0.027,0.026,0.001,108570.59,513402.68
1771029010,2026-02-14T08:30:10.226790,0.0265,0.027,0.026,0.001,108570.59,513402.68
1771029190,2026-02-14T08:33:10.245290,0.0265,0.027,0.026,0.001,108513.04000000001,512958.23
1771029370,2026-02-14T08:36:10.230593,0.0265,0.027,0.026,0.001,108149.87,512900.68
1771029550,2026-02-14T08:39:10.256832,0.0265,0.027,0.026,0.001,107956.93,513154.17
1771029730,2026-02-14T08:42:10.292871,0.0265,0.027,0.026,0.001,107956.93,513054.17
1771029910,2026-02-14T08:45:10.284092,0.0265,0.027,0.026,0.001,107839.26999999999,508333.29
1771030090,2026-02-14T08:48:10.285170,0.0265,0.027,0.026,0.001,105061.5,508333.33
1771030270,2026-02-14T08:51:10.467559,0.0265,0.027,0.026,0.001,105061.5,508292.55
1771030455,2026-02-14T08:54:15.152035,0.0265,0.027,0.026,0.001,104777.17,502590.25
1771030630,2026-02-14T08:57:10.440658,0.0265,0.027,0.026,0.001,104752.25,500195.04000000004
1771030810,2026-02-14T09:00:10.446680,0.0265,0.027,0.026,0.001,104934.19,500070.65
1771030990,2026-02-14T09:03:10.460545,0.0265,0.027,0.026,0.001,106452.73999999999,450144.35000000003
1771031170,2026-02-14T09:06:10.668627,0.0265,0.027,0.026,0.001,106330.76999999999,450144.35000000003
1771031350,2026-02-14T09:09:10.369366,0.0285,0.029,0.028,0.001,76874.95,563941.7100000001
1771031530,2026-02-14T09:12:10.509660,0.0285,0.029,0.028,0.001,65954.96,563800.68
1771031710,2026-02-14T09:15:10.600079,0.0275,0.028,0.027,0.001,71866.26000000001,515563.23000000004
1771031890,2026-02-14T09:18:10.670452,0.0275,0.028,0.027,0.001,71868.63,512407.79000000004
1771032070,2026-02-14T09:21:10.542194,0.0285,0.029,0.028,0.001,63784.08,563784.7100000001
1771032250,2026-02-14T09:24:10.629156,0.0285,0.029,0.028,0.001,69235.9,563187.5800000001
1771032430,2026-02-14T09:27:10.704860,0.0285,0.029,0.028,0.001,68969.34,562933.67
1771032610,2026-02-14T09:30:10.669280,0.0285,0.029,0.028,0.001,68949.29,562271.87
1771032790,2026-02-14T09:33:10.622521,0.0285,0.029,0.028,0.001,63771.04,561749.16
1771032970,2026-02-14T09:36:10.881514,0.0285,0.029,0.028,0.001,63852.92,560706.61
1771033150,2026-02-14T09:39:10.836389,0.0285,0.029,0.028,0.001,63664.71,561520.62
1771033330,2026-02-14T09:42:10.974023,0.0275,0.028,0.027,0.001,71313.43,503797.61000000004
1771033510,2026-02-14T09:45:10.872889,0.0275,0.028,0.027,0.001,71712.03,503237.59
1771033690,2026-02-14T09:48:10.859988,0.0285,0.029,0.028,0.001,62717.14,557536.65
1771033870,2026-02-14T09:51:10.869486,0.0285,0.029,0.028,0.001,62738.36,558193.5
1771034050,2026-02-14T09:54:10.896521,0.028,0.029,0.027,0.002,71549.02,558061.8
1771034410,2026-02-14T10:00:10.896481,0.0275,0.028,0.027,0.001,71327.12,506767.87000000005
1771034590,2026-02-14T10:03:10.905156,0.0275,0.028,0.027,0.001,69778.63,506713.65
1771034770,2026-02-14T10:06:10.859289,0.0265,0.027,0.026,0.001,94860.85,324170.83
1771034951,2026-02-14T10:09:11.092561,0.0265,0.027,0.026,0.001,94817.62,324127.61000000004
1771035131,2026-02-14T10:12:11.032635,0.027,0.028,0.026,0.002,94772.02,507133.28
1771035311,2026-02-14T10:15:11.063415,0.0265,0.027,0.026,0.001,94752.3,322718.34
1771035491,2026-02-14T10:18:11.066200,0.027,0.028,0.026,0.002,94662.43,504134.32
1771035671,2026-02-14T10:21:11.053737,0.0275,0.028,0.027,0.001,67975.44,503302.02
1771035851,2026-02-14T10:24:11.086627,0.0275,0.028,0.027,0.001,68562.17,503357.04000000004
1771036031,2026-02-14T10:27:11.257622,0.028,0.029,0.027,0.002,68564.09,554424.71
1771036211,2026-02-14T10:30:11.241552,0.028,0.029,0.027,0.002,68528.46,554188.99
1771036391,2026-02-14T10:33:11.270990,0.028,0.029,0.027,0.002,75972.45,554020.11
1771036571,2026-02-14T10:36:11.284426,0.0275,0.028,0.027,0.001,75971.28,502357.31
1771036751,2026-02-14T10:39:11.218900,0.0275,0.028,0.027,0.001,75779.15,502319.23000000004
1771036931,2026-02-14T10:42:11.286467,0.0285,0.029,0.028,0.001,67393.39,553790.46
1771037111,2026-02-14T10:45:11.268576,0.028,0.029,0.027,0.002,76132.58,553707.99
1771037291,2026-02-14T10:48:11.500457,0.028,0.029,0.027,0.002,74188.25,539004.0700000001
1771037471,2026-02-14T10:51:11.278700,0.0275,0.028,0.027,0.001,74226.15,488223.48000000004
1771037651,2026-02-14T10:54:11.258608,0.0275,0.028,0.027,0.001,74149.94,488146.04000000004
1771037831,2026-02-14T10:57:11.515256,0.0275,0.028,0.027,0.001,74009.86,488059.97000000003
1771038011,2026-02-14T11:00:11.444559,0.0275,0.028,0.027,0.001,74009.86,488059.97000000003
1771038191,2026-02-14T11:03:11.442081,0.0275,0.028,0.027,0.001,74009.86,487751.09
1771038371,2026-02-14T11:06:11.450040,0.0285,0.029,0.028,0.001,256892.37,498359.09
1771038551,2026-02-14T11:09:11.618309,0.0285,0.029,0.028,0.001,256316.43,498188.15
1771038731,2026-02-14T11:12:11.436460,0.0285,0.029,0.028,0.001,256158.66,463878.0
1771038911,2026-02-14T11:15:11.619427,0.0285,0.029,0.028,0.001,247748.59,463286.98000000004
1771039091,2026-02-14T11:18:11.684583,0.0285,0.029,0.028,0.001,86017.59999999999,463121.41000000003
1771039271,2026-02-14T11:21:11.635364,0.0285,0.029,0.028,0.001,86608.7,463263.77
1771039451,2026-02-14T11:24:11.557142,0.0275,0.028,0.027,0.001,98472.63,412254.8
1771039631,2026-02-14T11:27:11.537713,0.0275,0.028,0.027,0.001,98472.63,412454.77
1771039811,2026-02-14T11:30:11.640157,0.0275,0.028,0.027,0.001,98226.7,414279.38
1771039991,2026-02-14T11:33:11.842499,0.0275,0.028,0.027,0.001,98181.3,414224.72
1771040171,2026-02-14T11:36:11.915326,0.0285,0.029,0.028,0.001,94755.2,432846.9
1771040351,2026-02-14T11:39:11.864952,0.0285,0.029,0.028,0.001,91694.08,438219.07
1771040531,2026-02-14T11:42:11.730094,0.0285,0.029,0.028,0.001,92394.08,438219.07
1771040711,2026-02-14T11:45:11.829144,0.0285,0.029,0.028,0.001,93096.20999999999,435624.27
1771040891,2026-02-14T11:48:11.789549,0.0285,0.029,0.028,0.001,92688.39,435347.99
1771041071,2026-02-14T11:51:11.985385,0.0285,0.029,0.028,0.001,92575.70999999999,435239.52
1771041251,2026-02-14T11:54:11.908077,0.0285,0.029,0.028,0.001,93023.56999999999,435185.33
1771041431,2026-02-14T11:57:11.844847,0.0285,0.029,0.028,0.001,92812.31999999999,435094.77
1771041611,2026-02-14T12:00:11.866748,0.0285,0.029,0.028,0.001,92857.88,435040.33
1771041792,2026-02-14T12:03:12.058118,0.0285,0.029,0.028,0.001,92888.23999999999,428442.44
1771041972,2026-02-14T12:06:12.052646,0.0285,0.029,0.028,0.001,109553.19,406172.03
1771042152,2026-02-14T12:09:12.220732,0.0285,0.029,0.028,0.001,121458.19,406666.89
1771042332,2026-02-14T12:12:12.037119,0.0285,0.029,0.028,0.001,121422.81999999999,406397.53
1771042512,2026-02-14T12:15:12.218744,0.0285,0.029,0.028,0.001,121422.81999999999,408937.03
1771042692,2026-02-14T12:18:12.213472,0.0285,0.029,0.028,0.001,116318.26,408893.65
1771042872,2026-02-14T12:21:12.035152,0.0285,0.029,0.028,0.001,116317.23,414681.14
1771043052,2026-02-14T12:24:12.093691,0.0285,0.029,0.028,0.001,115639.59,414569.03
1771043232,2026-02-14T12:27:12.233042,0.0285,0.029,0.028,0.001,113530.06999999999,417008.47000000003
1771043412,2026-02-14T12:30:12.419243,0.0285,0.029,0.028,0.001,113525.06999999999,418839.57
1771043592,2026-02-14T12:33:12.236830,0.0285,0.029,0.028,0.001,113509.78,420893.75
1771043772,2026-02-14T12:36:12.250529,0.0285,0.029,0.028,0.001,113761.86,420845.83
1771043952,2026-02-14T12:39:12.406318,0.0285,0.029,0.028,0.001,113714.58,417911.63
1771044132,2026-02-14T12:42:12.222984,0.0285,0.029,0.028,0.001,113665.65,417841.11
1771044312,2026-02-14T12:45:12.250571,0.0285,0.029,0.028,0.001,113565.65,417814.86
1771044492,2026-02-14T12:48:12.276655,0.0285,0.029,0.028,0.001,113553.59,416796.3
1771044672,2026-02-14T12:51:12.449405,0.0285,0.029,0.028,0.001,113544.45999999999,413695.96
1771044852,2026-02-14T12:54:12.447275,0.0285,0.029,0.028,0.001,113213.47,413327.74
1771045032,2026-02-14T12:57:12.424241,0.0285,0.029,0.028,0.001,113166.72,413309.93
1771045212,2026-02-14T13:00:12.451723,0.0285,0.029,0.028,0.001,113117.39,412760.60000000003
1771045392,2026-02-14T13:03:12.442970,0.0285,0.029,0.028,0.001,113058.51,412540.14
1771045572,2026-02-14T13:06:12.504786,0.029,0.03,0.028,0.002,113439.25,444694.7
1771045752,2026-02-14T13:09:12.679311,0.0295,0.03,0.029,0.001,103035.45,444595.3
1771045932,2026-02-14T13:12:12.664233,0.0295,0.03,0.029,0.001,102814.51,444392.89999999997
1771046112,2026-02-14T13:15:12.567363,0.0295,0.03,0.029,0.001,105421.24,443988.18
1771046292,2026-02-14T13:18:12.701818,0.0295,0.03,0.029,0.001,105263.46,443830.39999999997
1771046472,2026-02-14T13:21:12.773420,0.0295,0.03,0.029,0.001,105309.73,443230.39999999997
1771046652,2026-02-14T13:24:12.674801,0.0295,0.03,0.029,0.001,105393.9,443185.52999999997
1771046832,2026-02-14T13:27:12.698472,0.0295,0.03,0.029,0.001,105383.68,443180.39
1771047012,2026-02-14T13:30:12.638993,0.0295,0.03,0.029,0.001,105317.11,443101.52999999997
1771047192,2026-02-14T13:33:12.855877,0.0295,0.03,0.029,0.001,105185.64,442954.72
1771047372,2026-02-14T13:36:12.873372,0.0295,0.03,0.029,0.001,104062.82,442948.92
1771047552,2026-02-14T13:39:12.876078,0.0295,0.03,0.029,0.001,103939.13,442928.45
1771047732,2026-02-14T13:42:12.767299,0.0295,0.03,0.029,0.001,103881.19,442875.67
1771047912,2026-02-14T13:45:12.851557,0.0295,0.03,0.029,0.001,103784.98,442821.2
1771048092,2026-02-14T13:48:12.873702,0.0295,0.03,0.029,0.001,104755.33,442744.8
1771048272,2026-02-14T13:51:12.852291,0.0295,0.03,0.029,0.001,104855.33,442744.8
1771048452,2026-02-14T13:54:12.879899,0.0295,0.03,0.029,0.001,104752.93,442648.58
1771048632,2026-02-14T13:57:12.855348,0.0295,0.03,0.029,0.001,104657.43,442487.88
1771048813,2026-02-14T14:00:13.088635,0.0295,0.03,0.029,0.001,104598.84,442426.21
1771048992,2026-02-14T14:03:12.962324,0.0295,0.03,0.029,0.001,104289.97,442303.02
1771049173,2026-02-14T14:06:13.075793,0.0295,0.03,0.029,0.001,104236.14,442200.46
1771049353,2026-02-14T14:09:13.070077,0.0295,0.03,0.029,0.001,103786.81,441673.89
1771049533,2026-02-14T14:12:13.537180,0.0295,0.03,0.029,0.001,103709.27,441701.93
1771049713,2026-02-14T14:15:13.042266,0.0295,0.03,0.029,0.001,103678.63,441619.92
1771049893,2026-02-14T14:18:13.157289,0.0295,0.03,0.029,0.001,103649.79,441784.64
1771050073,2026-02-14T14:21:13.091884,0.0295,0.03,0.029,0.001,103649.79,441777.44
1771050253,2026-02-14T14:24:13.273159,0.0295,0.03,0.029,0.001,102629.79,441777.44
1771050433,2026-02-14T14:27:13.223250,0.0295,0.03,0.029,0.001,102567.05,441718.69
1771050613,2026-02-14T14:30:13.242274,0.0295,0.03,0.029,0.001,102619.9,441749.74
1771050793,2026-02-14T14:33:13.304261,0.0295,0.03,0.029,0.001,102447.56,441681.67
1771050973,2026-02-14T14:36:13.235476,0.0295,0.03,0.029,0.001,102352.44,441562.75
1771051153,2026-02-14T14:39:13.361823,0.0295,0.03,0.029,0.001,102347.44,441562.75
1771051333,2026-02-14T14:42:13.461825,0.0295,0.03,0.029,0.001,102317.66,441525.77999999997
1771051513,2026-02-14T14:45:13.482450,0.0295,0.03,0.029,0.001,102317.66,441522.69
1771051693,2026-02-14T14:48:13.421105,0.0295,0.03,0.029,0.001,102258.4,441458.3
1771051873,2026-02-14T14:51:13.494265,0.0295,0.03,0.029,0.001,102253.25,449449.04
1771052053,2026-02-14T14:54:13.440980,0.0295,0.03,0.029,0.001,102134.84,449392.22
1771052233,2026-02-14T14:57:13.628779,0.0295,0.03,0.029,0.001,102752.63,449235.63
1771052413,2026-02-14T15:00:13.474679,0.0295,0.03,0.029,0.001,102501.92,449521.61
1771052593,2026-02-14T15:03:13.675449,0.0295,0.03,0.029,0.001,102124.22,449309.41
1771052773,2026-02-14T15:06:13.658886,0.0295,0.03,0.029,0.001,102029.23,449350.8
1771052953,2026-02-14T15:09:13.636233,0.0295,0.03,0.029,0.001,101578.65,449310.5
1771053133,2026-02-14T15:12:13.639421,0.0295,0.03,0.029,0.001,101405.97,449285.77
1771053313,2026-02-14T15:15:13.691465,0.0295,0.03,0.029,0.001,102066.47,449853.89
1771053493,2026-02-14T15:18:13.647622,0.0285,0.029,0.028,0.001,113387.34,427405.97
1771053677,2026-02-14T15:21:17.641598,0.0295,0.03,0.029,0.001,98015.22,450677.05
1771053853,2026-02-14T15:24:13.645089,0.0295,0.03,0.029,0.001,97955.15,450885.37
1771054033,2026-02-14T15:27:13.659819,0.029,0.03,0.028,0.002,111660.08,450810.5
1771054213,2026-02-14T15:30:13.662087,0.0285,0.029,0.028,0.001,111630.89,428955.62
1771054393,2026-02-14T15:33:13.675250,0.0285,0.029,0.028,0.001,111456.13,429094.25
1771054573,2026-02-14T15:36:13.883017,0.0285,0.029,0.028,0.001,110972.5,428715.12
1771054753,2026-02-14T15:39:13.950628,0.0285,0.029,0.028,0.001,110736.0,428846.52
1771054933,2026-02-14T15:42:13.790373,0.0285,0.029,0.028,0.001,110642.06,428389.38
1771055113,2026-02-14T15:45:13.799502,0.0285,0.029,0.028,0.001,110653.92,428388.82
1771055293,2026-02-14T15:48:13.866598,0.0295,0.03,0.029,0.001,118173.37,449299.22
1771055473,2026-02-14T15:51:13.859072,0.0295,0.03,0.029,0.001,119165.19,449293.48
1771055653,2026-02-14T15:54:13.870210,0.0295,0.03,0.029,0.001,119138.41,449290.25
1771055834,2026-02-14T15:57:14.205480,0.0295,0.03,0.029,0.001,108884.34,446454.96
1771056014,2026-02-14T16:00:14.079000,0.0295,0.03,0.029,0.001,98163.65,446249.3
1771056194,2026-02-14T16:03:14.030696,0.0285,0.029,0.028,0.001,110026.44,424946.62
1771056374,2026-02-14T16:06:14.052845,0.0285,0.029,0.028,0.001,109883.14,425295.16
1771056554,2026-02-14T16:09:14.073480,0.0285,0.029,0.028,0.001,101772.44,436731.96
1771056734,2026-02-14T16:12:14.050506,0.029,0.03,0.028,0.002,101669.09,451904.14
1771056914,2026-02-14T16:15:14.075371,0.029,0.03,0.028,0.002,101673.89,451796.04
1771057094,2026-02-14T16:18:14.153149,0.029,0.03,0.028,0.002,111716.05,465610.06
1771057274,2026-02-14T16:21:14.199012,0.029,0.03,0.028,0.002,111564.41,455509.94
1771057454,2026-02-14T16:24:14.248747,0.029,0.03,0.028,0.002,111504.43,455468.49
1771057634,2026-02-14T16:27:14.218844,0.029,0.03,0.028,0.002,111466.22,455803.7
1771057814,2026-02-14T16:30:14.244705,0.029,0.03,0.028,0.002,111407.81999999999,455745.3
1771057994,2026-02-14T16:33:14.216257,0.0285,0.029,0.028,0.001,111273.81,402657.46
1771058174,2026-02-14T16:36:14.234055,0.029,0.03,0.028,0.002,111219.37,422712.98
1771058354,2026-02-14T16:39:14.418861,0.029,0.03,0.028,0.002,103822.53,422801.05
1771058534,2026-02-14T16:42:14.478873,0.029,0.03,0.028,0.002,103822.53,427772.73000000004
1771058714,2026-02-14T16:45:14.394822,0.029,0.03,0.028,0.002,102324.54,427726.83
1771058894,2026-02-14T16:48:14.412310,0.029,0.03,0.028,0.002,102421.26,416750.49
1771059074,2026-02-14T16:51:14.451762,0.029,0.03,0.028,0.002,102389.43,416701.17
1771059254,2026-02-14T16:54:14.683141,0.0285,0.029,0.028,0.001,102389.43,391014.97000000003
1771059434,2026-02-14T16:57:14.436683,0.029,0.03,0.028,0.002,122489.43,416673.71
1771059614,2026-02-14T17:00:14.645154,0.029,0.03,0.028,0.002,122272.51,410760.51
1771059794,2026-02-14T17:03:14.671134,0.029,0.029,0.028,0.002,122267.51,389233.97000000003
1771059974,2026-02-14T17:06:14.495559,0.029,0.03,0.028,0.002,122155.15,416689.77999999997
1771060154,2026-02-14T17:09:14.636034,0.029,0.03,0.028,0.002,122123.06,418671.61
1771060334,2026-02-14T17:12:14.665433,0.029,0.03,0.028,0.002,122069.68,517181.75
1771060514,2026-02-14T17:15:14.656723,0.029,0.03,0.028,0.002,121884.26,517315.4
1771060694,2026-02-14T17:18:14.635206,0.029,0.03,0.028,0.002,123517.79,517315.4
1771060874,2026-02-14T17:21:14.645222,0.029,0.03,0.028,0.002,120684.73999999999,517295.4
1771061054,2026-02-14T17:24:14.860173,0.0285,0.029,0.028,0.001,120462.98,491689.85000000003
1771061234,2026-02-14T17:27:14.824697,0.029,0.03,0.028,0.002,120562.98,483518.06
1771061414,2026-02-14T17:30:14.901616,0.0285,0.029,0.028,0.001,120457.73999999999,453917.27
1771061595,2026-02-14T17:33:15.092608,0.0285,0.029,0.028,0.001,120274.93,453630.7
1771061774,2026-02-14T17:36:14.908341,0.0285,0.029,0.028,0.001,120097.48999999999,452561.68
1771061954,2026-02-14T17:39:14.842551,0.0285,0.029,0.028,0.001,119735.86,452715.78
1771062134,2026-02-14T17:42:14.895215,0.0285,0.029,0.028,0.001,119706.20999999999,453598.39
1771062315,2026-02-14T17:45:15.052034,0.0285,0.029,0.028,0.001,119607.92,455050.09
1771062494,2026-02-14T17:48:14.902633,0.0285,0.029,0.028,0.001,119456.31999999999,455050.09
1771062674,2026-02-14T17:51:14.985976,0.0285,0.029,0.028,0.001,117857.87,455473.82
1771062855,2026-02-14T17:54:15.082641,0.0285,0.029,0.028,0.001,117701.19,455347.87
1771063035,2026-02-14T17:57:15.049888,0.0285,0.029,0.028,0.001,103841.35,454378.96
1771063215,2026-02-14T18:00:15.043375,0.0285,0.029,0.028,0.001,111636.5,454179.95
1771063395,2026-02-14T18:03:15.004979,0.0295,0.03,0.029,0.001,100139.86,478576.69
1771063575,2026-02-14T18:06:15.256288,0.0295,0.03,0.029,0.001,79428.33,478319.73000000004
1771063755,2026-02-14T18:09:15.220526,0.029,0.03,0.028,0.002,88878.16,496308.43
1771063935,2026-02-14T18:12:15.233549,0.0285,0.029,0.028,0.001,88726.43000000001,476465.27
1771064115,2026-02-14T18:15:15.241726,0.0285,0.029,0.028,0.001,88716.06,480758.4
1771064295,2026-02-14T18:18:15.093942,0.0285,0.029,0.028,0.001,88662.3,485418.64
1771064475,2026-02-14T18:21:15.260600,0.0285,0.029,0.028,0.001,90772.94,481688.85000000003
1771064655,2026-02-14T18:24:15.253851,0.0285,0.029,0.028,0.001,90765.55,481688.85000000003
1771064835,2026-02-14T18:27:15.280375,0.0285,0.029,0.028,0.001,90694.89,482188.85000000003
1771065015,2026-02-14T18:30:15.280199,0.0285,0.029,0.028,0.001,90500.79,494367.04000000004
1771065195,2026-02-14T18:33:15.413816,0.0285,0.029,0.028,0.001,90923.04,494290.05
1771065375,2026-02-14T18:36:15.360061,0.0285,0.029,0.028,0.001,79558.34,494283.12
1771065555,2026-02-14T18:39:15.441371,0.0285,0.029,0.028,0.001,74515.01,494283.12
1771065735,2026-02-14T18:42:15.434759,0.0285,0.029,0.028,0.001,69515.01,495083.12
1771065915,2026-02-14T18:45:15.359161,0.0285,0.029,0.028,0.001,69452.56999999999,495083.12
1771066095,2026-02-14T18:48:15.378375,0.0265,0.027,0.026,0.001,78454.84,258944.39
1771066275,2026-02-14T18:51:15.417547,0.0265,0.027,0.026,0.001,78438.55,264369.0
1771066455,2026-02-14T18:54:15.434338,0.0265,0.027,0.026,0.001,73528.94,267159.52999999997
1771066635,2026-02-14T18:57:15.579044,0.0265,0.027,0.026,0.001,73317.91,267049.54
1771066815,2026-02-14T19:00:15.623150,0.0265,0.027,0.026,0.001,73243.51,263524.61
1771066995,2026-02-14T19:03:15.663006,0.0265,0.027,0.026,0.001,73119.76,263437.87
1771067175,2026-02-14T19:06:15.630687,0.0265,0.027,0.026,0.001,73075.65,263346.32
1771067355,2026-02-14T19:09:15.546016,0.0265,0.027,0.026,0.001,73081.05,255097.13
1771067535,2026-02-14T19:12:15.638440,0.0265,0.027,0.026,0.001,73212.54,256628.98
1771067715,2026-02-14T19:15:15.635529,0.0275,0.028,0.027,0.001,60000.18,444707.64
1771067895,2026-02-14T19:18:15.816136,0.0275,0.028,0.027,0.001,92155.84,445855.7
1771068075,2026-02-14T19:21:15.860390,0.0275,0.028,0.027,0.001,92135.84,442161.7
1771068255,2026-02-14T19:24:15.811165,0.0275,0.028,0.027,0.001,91988.11,442744.7
1771068435,2026-02-14T19:27:15.846795,0.0275,0.028,0.027,0.001,91445.06,441204.93
1771068615,2026-02-14T19:30:15.851529,0.0275,0.028,0.027,0.001,91759.27,441573.05
1771068800,2026-02-14T19:33:20.667811,0.0275,0.028,0.027,0.001,91759.27,441537.56
1771068975,2026-02-14T19:36:15.886724,0.0275,0.028,0.027,0.001,90965.98,441007.15
1771069155,2026-02-14T19:39:15.845072,0.0275,0.028,0.027,0.001,90965.98,469651.82
1771069335,2026-02-14T19:42:15.927797,0.0275,0.028,0.027,0.001,90688.23,465649.08
1771069516,2026-02-14T19:45:16.096189,0.0255,0.026,0.025,0.001,113295.68999999999,248593.40000000002
1771069696,2026-02-14T19:48:16.075808,0.0245,0.025,0.024,0.001,142778.25999999998,136133.38
1771069876,2026-02-14T19:51:16.175406,0.0245,0.025,0.024,0.001,142728.85,64175.07
1771070056,2026-02-14T19:54:16.248268,0.0245,0.025,0.024,0.001,142359.85,94199.07
1771070236,2026-02-14T19:57:16.096723,0.0245,0.025,0.024,0.001,142061.99,103911.91
1771070415,2026-02-14T20:00:15.926643,0.0245,0.025,0.024,0.001,148573.61,100911.94
1771070596,2026-02-14T20:03:16.104579,0.0245,0.025,0.024,0.001,149717.9,84509.41
1771070776,2026-02-14T20:06:16.171135,0.0245,0.025,0.024,0.001,153122.61,110772.64
1771070956,2026-02-14T20:09:16.206217,0.0245,0.025,0.024,0.001,152719.61,110961.07
1771071136,2026-02-14T20:12:16.260255,0.0245,0.025,0.024,0.001,163079.71,116442.88
1771071316,2026-02-14T20:15:16.448529,0.0245,0.025,0.024,0.001,159270.88999999998,114827.62
1771071496,2026-02-14T20:18:16.229683,0.0245,0.025,0.024,0.001,156270.34,106763.41
1771071676,2026-02-14T20:21:16.302698,0.0245,0.025,0.024,0.001,160861.43,107143.45
1771071856,2026-02-14T20:24:16.436681,0.0245,0.025,0.024,0.001,160819.47,106473.48999999999
1771072036,2026-02-14T20:27:16.501683,0.024,0.025,0.023,0.002,206024.41999999998,100820.17
1771072216,2026-02-14T20:30:16.441276,0.024,0.025,0.023,0.002,205524.41999999998,104516.97
1771072396,2026-02-14T20:33:16.481112,0.0235,0.024,0.023,0.001,205322.3,93538.81
1771072576,2026-02-14T20:36:16.444500,0.0235,0.024,0.023,0.001,204866.21,93395.37
1771072756,2026-02-14T20:39:16.666261,0.0235,0.024,0.023,0.001,204866.21,90026.62
1771072936,2026-02-14T20:42:16.445538,0.0235,0.024,0.023,0.001,203280.09,90353.78
1771073116,2026-02-14T20:45:16.793448,0.0235,0.024,0.023,0.001,202182.72,90758.47
1771073296,2026-02-14T20:48:16.647097,0.0235,0.024,0.023,0.001,202132.41,90691.35
1771073476,2026-02-14T20:51:16.661538,0.0235,0.024,0.023,0.001,201930.56,101549.84999999999
1771073661,2026-02-14T20:54:21.456286,0.0245,0.025,0.024,0.001,205893.16999999998,114564.91
1771073836,2026-02-14T20:57:16.554772,0.024,0.025,0.023,0.002,206149.1,144925.05
1771074016,2026-02-14T21:00:16.851304,0.0235,0.024,0.023,0.001,205829.13,116071.85
1771074196,2026-02-14T21:03:16.690820,0.0235,0.024,0.023,0.001,206131.62,114975.20000000001
1771074376,2026-02-14T21:06:16.621039,0.0235,0.024,0.023,0.001,206181.91999999998,114949.49
1771074556,2026-02-14T21:09:16.847501,0.0235,0.024,0.023,0.001,206181.71,115339.89
1771074736,2026-02-14T21:12:16.826433,0.0235,0.024,0.023,0.001,206047.77,115293.08
1771074916,2026-02-14T21:15:16.688967,0.0235,0.024,0.023,0.001,206036.47,96918.0
1771075096,2026-02-14T21:18:16.888297,0.0235,0.024,0.023,0.001,205925.91,96917.84
1771075276,2026-02-14T21:21:16.849041,0.0235,0.024,0.023,0.001,206109.81,96832.39
1771075456,2026-02-14T21:24:16.895104,0.0235,0.024,0.023,0.001,209090.81,92478.52
1771075636,2026-02-14T21:27:16.849276,0.0235,0.024,0.023,0.001,209090.81,92476.28
1771075816,2026-02-14T21:30:16.906471,0.024,0.025,0.023,0.002,238914.22,115341.37
1771075997,2026-02-14T21:33:17.100958,0.0245,0.025,0.024,0.001,183340.63,114442.82
1771076177,2026-02-14T21:36:17.051426,0.0245,0.025,0.024,0.001,186669.55,114377.54000000001
1771076356,2026-02-14T21:39:16.887762,0.0245,0.025,0.024,0.001,182295.02,112783.07
1771076537,2026-02-14T21:42:17.224313,0.0245,0.025,0.024,0.001,182288.88999999998,108787.95
1771076721,2026-02-14T21:45:21.655294,0.0245,0.025,0.024,0.001,182234.49,108787.95
1771076897,2026-02-14T21:48:17.038803,0.0245,0.025,0.024,0.001,183334.49,108796.05
1771077077,2026-02-14T21:51:17.049321,0.0245,0.025,0.024,0.001,182367.19999999998,108783.05
1771077257,2026-02-14T21:54:17.215178,0.0245,0.025,0.024,0.001,182205.78999999998,108114.27
1771077437,2026-02-14T21:57:17.050717,0.0245,0.025,0.024,0.001,183621.41999999998,88604.67
1771077617,2026-02-14T22:00:17.090211,0.0255,0.026,0.025,0.001,159768.38999999998,195630.77000000002
1771077797,2026-02-14T22:03:17.259365,0.0255,0.026,0.025,0.001,160929.58,195808.03
1771077977,2026-02-14T22:06:17.229726,0.0255,0.026,0.025,0.001,160890.34999999998,195768.81
1771078157,2026-02-14T22:09:17.243874,0.0255,0.026,0.025,0.001,160907.06999999998,195685.53
1771078337,2026-02-14T22:12:17.218671,0.0255,0.026,0.025,0.001,160732.88999999998,195511.35
1771078517,2026-02-14T22:15:17.227713,0.0255,0.026,0.025,0.001,160789.69999999998,195511.35
1771078697,2026-02-14T22:18:17.221617,0.0255,0.026,0.025,0.001,160789.69999999998,195400.08000000002
1771078877,2026-02-14T22:21:17.222389,0.0255,0.026,0.025,0.001,160665.69999999998,204065.28
1771079057,2026-02-14T22:24:17.441303,0.0255,0.026,0.025,0.001,160781.59999999998,202212.15
1771079237,2026-02-14T22:27:17.428830,0.0255,0.026,0.025,0.001,161201.59999999998,200787.87
1771079417,2026-02-14T22:30:17.584482,0.0255,0.026,0.025,0.001,161271.87,200903.14
1771079597,2026-02-14T22:33:17.449932,0.0255,0.026,0.025,0.001,161131.87,200690.97
1771079777,2026-02-14T22:36:17.446285,0.0255,0.026,0.025,0.001,159970.53,203107.63
1771079957,2026-02-14T22:39:17.427745,0.0245,0.025,0.024,0.001,186074.41,88000.11
1771080137,2026-02-14T22:42:17.433118,0.0245,0.025,0.024,0.001,186383.66,87949.18000000001
1771080317,2026-02-14T22:45:17.625173,0.0245,0.025,0.024,0.001,186713.19,87761.7
1771080497,2026-02-14T22:48:17.644528,0.0255,0.026,0.025,0.001,160876.15,198434.34
1771080677,2026-02-14T22:51:17.579279,0.025,0.026,0.024,0.002,190048.87,203181.81
1771080857,2026-02-14T22:54:17.591355,0.025,0.026,0.024,0.002,196408.97999999998,192204.88
1771081037,2026-02-14T22:57:17.663785,0.0255,0.026,0.025,0.001,187937.15999999997,199531.52000000002
1771081222,2026-02-14T23:00:22.449117,0.0265,0.027,0.026,0.001,118962.44,398854.41000000003
1771081397,2026-02-14T23:03:17.656999,0.0285,0.029,0.028,0.001,55200.61,583203.21
1771081577,2026-02-14T23:06:17.684426,0.0285,0.029,0.028,0.001,84642.90000000001,597790.87
1771081757,2026-02-14T23:09:17.675109,0.0285,0.029,0.028,0.001,1279141.24,596983.88
1771081937,2026-02-14T23:12:17.812367,0.0295,0.03,0.029,0.001,1268025.96,617826.71
1771082117,2026-02-14T23:15:17.925306,0.0295,0.03,0.029,0.001,1273420.5299999998,617702.01
1771082298,2026-02-14T23:18:18.079454,0.0295,0.03,0.029,0.001,1246341.7,617671.41
1771082478,2026-02-14T23:21:18.374639,0.0295,0.03,0.029,0.001,1246327.9,617552.6
1771082657,2026-02-14T23:24:17.913086,0.029,0.03,0.028,0.002,1243040.0,502135.03
1771082837,2026-02-14T23:27:17.987161,0.0295,0.03,0.029,0.001,1239944.1800000002,503509.46
1771083017,2026-02-14T23:30:17.939494,0.0285,0.029,0.028,0.001,1242795.3599999999,547344.43
1771083197,2026-02-14T23:33:17.887772,0.0285,0.029,0.028,0.001,1242743.89,473473.05
1771083378,2026-02-14T23:36:18.163172,0.0285,0.029,0.028,0.001,1242728.98,465568.73
1771083558,2026-02-14T23:39:18.233241,0.029,0.03,0.028,0.002,1242717.5999999999,494474.0
1771083738,2026-02-14T23:42:18.219741,0.0285,0.029,0.028,0.001,1242527.1199999999,471446.7
1771083918,2026-02-14T23:45:18.212442,0.0285,0.029,0.028,0.001,1242632.1199999999,444908.62
1771084098,2026-02-14T23:48:18.219210,0.0295,0.03,0.029,0.001,1244122.19,447828.63
1771084278,2026-02-14T23:51:18.222070,0.0295,0.03,0.029,0.001,1244074.5999999999,446653.5
1771084458,2026-02-14T23:54:18.213176,0.0295,0.03,0.029,0.001,1244016.23,446595.13
1771084638,2026-02-14T23:57:18.225919,0.0295,0.03,0.029,0.001,1247018.29,447410.82
1771084818,2026-02-15T00:00:18.230190,0.0295,0.03,0.029,0.001,1247556.71,448372.69
1771084998,2026-02-15T00:03:18.320693,0.0285,0.029,0.028,0.001,1240989.03,486807.27
1771085178,2026-02-15T00:06:18.312406,0.0285,0.029,0.028,0.001,1240868.1800000002,475501.78
1771085358,2026-02-15T00:09:18.270586,0.0285,0.029,0.028,0.001,1240843.4300000002,466560.74
1771085538,2026-02-15T00:12:18.278538,0.0285,0.029,0.028,0.001,1240668.2300000002,457390.69
1771085718,2026-02-15T00:15:18.441478,0.0285,0.029,0.028,0.001,1240344.9800000002,460860.65
1771085898,2026-02-15T00:18:18.227257,0.0285,0.029,0.028,0.001,1240644.24,460742.2
1771086078,2026-02-15T00:21:18.282944,0.0285,0.029,0.028,0.001,1240683.1,461804.34
1771086258,2026-02-15T00:24:18.303960,0.0285,0.029,0.028,0.001,1240683.1,460471.99
1771086438,2026-02-15T00:27:18.424820,0.0285,0.029,0.028,0.001,1240606.56,459953.48000000004
1771086618,2026-02-15T00:30:18.501518,0.0285,0.029,0.028,0.001,1240451.7200000002,459335.5
1771086802,2026-02-15T00:33:22.607400,0.0295,0.03,0.029,0.001,1239062.78,449801.36
1771086978,2026-02-15T00:36:18.541584,0.0295,0.03,0.029,0.001,1239053.29,430794.04000000004
1771087158,2026-02-15T00:39:18.531384,0.0295,0.03,0.029,0.001,41740.74,423275.61
1771087338,2026-02-15T00:42:18.703563,0.0295,0.03,0.029,0.001,1135336.19,423132.06
1771087518,2026-02-15T00:45:18.450236,0.0295,0.03,0.029,0.001,1145331.04,280920.88
1771087698,2026-02-15T00:48:18.678147,0.0295,0.03,0.029,0.001,43777.63,271470.02
1771087878,2026-02-15T00:51:18.485590,0.029,0.03,0.028,0.002,49254.84,275463.35
1771088058,2026-02-15T00:54:18.612212,0.0285,0.029,0.028,0.001,49248.659999999996,249645.16
1771088238,2026-02-15T00:57:18.671412,0.0285,0.029,0.028,0.001,1074970.19,250487.65000000002
1771088418,2026-02-15T01:00:18.603297,0.0295,0.03,0.029,0.001,1111321.39,279748.19
1771088598,2026-02-15T01:03:18.672049,0.0295,0.03,0.029,0.001,1131227.4,279653.19
1771088778,2026-02-15T01:06:18.658767,0.0295,0.03,0.029,0.001,1136008.39,279591.05
1771088958,2026-02-15T01:09:18.649565,0.0295,0.03,0.029,0.001,1136069.8499999999,272835.75
1771089138,2026-02-15T01:12:18.753763,0.0295,0.03,0.029,0.001,1135970.91,273164.81
1771089322,2026-02-15T01:15:22.650164,0.0295,0.03,0.029,0.001,1135928.76,264072.37
1771089498,2026-02-15T01:18:18.662568,0.0295,0.03,0.029,0.001,1135777.3699999999,255089.37
1771089678,2026-02-15T01:21:18.871510,0.0295,0.03,0.029,0.001,1120200.33,254663.32
1771089858,2026-02-15T01:24:18.847164,0.0295,0.03,0.029,0.001,1114388.27,257775.16
1771090038,2026-02-15T01:27:18.862358,0.0295,0.03,0.029,0.001,1114383.27,263253.07
1771090218,2026-02-15T01:30:18.820642,0.0295,0.03,0.029,0.001,1114084.6199999999,265902.92
1771090398,2026-02-15T01:33:18.889287,0.0295,0.03,0.029,0.001,1114020.34,264705.64
1771090578,2026-02-15T01:36:18.867337,0.0295,0.03,0.029,0.001,79020.34,250698.43
1771090758,2026-02-15T01:39:18.915209,0.0295,0.03,0.029,0.001,1088954.6400000001,250676.32
1771090938,2026-02-15T01:42:18.918395,0.0295,0.03,0.029,0.001,1088949.49,264196.84
1771091118,2026-02-15T01:45:18.942156,0.0295,0.03,0.029,0.001,1099495.9200000002,243190.25
1771091298,2026-02-15T01:48:18.979584,0.0305,0.031,0.03,0.001,1103818.4,295157.72
1771091479,2026-02-15T01:51:19.078032,0.0305,0.031,0.03,0.001,90454.24,284773.21
1771091659,2026-02-15T01:54:19.051934,0.0305,0.031,0.03,0.001,1079214.04,284372.11
1771091839,2026-02-15T01:57:19.091658,0.0305,0.031,0.03,0.001,1079779.91,283137.02
1771092019,2026-02-15T02:00:19.225970,0.0305,0.031,0.03,0.001,1079931.66,283002.66000000003
1771092199,2026-02-15T02:03:19.098510,0.0295,0.03,0.029,0.001,1079065.15,236079.03
1771092379,2026-02-15T02:06:19.061564,0.0295,0.03,0.029,0.001,1079006.56,239233.25
1771092559,2026-02-15T02:09:19.252713,0.0295,0.03,0.029,0.001,1082933.98,239150.67
1771092739,2026-02-15T02:12:19.281672,0.0295,0.03,0.029,0.001,1082355.03,238013.28
1771092919,2026-02-15T02:15:19.307550,0.0295,0.03,0.029,0.001,1079787.3599999999,237600.28
1771093099,2026-02-15T02:18:19.236135,0.0295,0.03,0.029,0.001,1079200.8499999999,226596.6
1771093279,2026-02-15T02:21:19.281687,0.0305,0.031,0.03,0.001,1078716.56,279265.71
1771093459,2026-02-15T02:24:19.444046,0.0305,0.031,0.03,0.001,1078668.1099999999,277861.93
1771093639,2026-02-15T02:27:19.299417,0.03,0.031,0.029,0.002,1077814.39,277702.51
1771093819,2026-02-15T02:30:19.480596,0.03,0.031,0.029,0.002,1077804.09,277659.51
1771093999,2026-02-15T02:33:19.381056,0.03,0.031,0.029,0.002,1077676.9,274006.05
1771094179,2026-02-15T02:36:19.451719,0.03,0.031,0.029,0.002,1077249.48,276757.4
1771094359,2026-02-15T02:39:19.495298,0.0305,0.031,0.03,0.001,101583.7,276131.65
1771094539,2026-02-15T02:42:19.535660,0.0305,0.031,0.03,0.001,91528.01,272823.44
1771094719,2026-02-15T02:45:19.460020,0.0305,0.031,0.03,0.001,888463.3600000001,270768.44
1771094899,2026-02-15T02:48:19.663638,0.0305,0.031,0.03,0.001,896369.15,274395.1
1771095079,2026-02-15T02:51:19.668527,0.0305,0.031,0.03,0.001,897460.6100000001,274391.96
1771095259,2026-02-15T02:54:19.674191,0.0305,0.031,0.03,0.001,897111.48,274069.37
1771095439,2026-02-15T02:57:19.668842,0.0305,0.031,0.03,0.001,887122.6799999999,273995.57
1771095619,2026-02-15T03:00:19.681744,0.0305,0.031,0.03,0.001,887254.01,276832.1
1771095799,2026-02-15T03:03:19.668003,0.0305,0.031,0.03,0.001,887200.25,276827.99
1771095979,2026-02-15T03:06:19.717852,0.0305,0.031,0.03,0.001,887020.35,267656.5
1771096159,2026-02-15T03:09:19.665338,0.0305,0.031,0.03,0.001,906952.6599999999,267896.5
1771096339,2026-02-15T03:12:19.894636,0.0305,0.031,0.03,0.001,896628.74,268094.46
1771096519,2026-02-15T03:15:19.704707,0.0305,0.031,0.03,0.001,896541.0900000001,277126.01
1771096699,2026-02-15T03:18:19.731445,0.0305,0.031,0.03,0.001,896272.5299999999,275092.24
1771096879,2026-02-15T03:21:19.876132,0.0305,0.031,0.03,0.001,896223.76,274690.77
1771097059,2026-02-15T03:24:19.857686,0.0305,0.031,0.03,0.001,896183.75,279851.31
1771097239,2026-02-15T03:27:19.873336,0.03,0.031,0.029,0.002,76604.36,278603.1
1771097419,2026-02-15T03:30:19.888437,0.0295,0.03,0.029,0.001,76576.39,233235.96
1771097599,2026-02-15T03:33:19.997269,0.0295,0.03,0.029,0.001,76515.59,231177.86000000002
1771097779,2026-02-15T03:36:19.901887,0.0295,0.03,0.029,0.001,73451.78,231204.86000000002
1771097959,2026-02-15T03:39:19.876520,0.0295,0.03,0.029,0.001,72166.37,216394.39
1771098140,2026-02-15T03:42:20.132201,0.0295,0.03,0.029,0.001,88902.69,217767.34
1771098319,2026-02-15T03:45:19.974397,0.0295,0.03,0.029,0.001,88351.15,217527.1
1771098500,2026-02-15T03:48:20.195006,0.0295,0.03,0.029,0.001,74573.75,217380.15
1771098680,2026-02-15T03:51:20.210004,0.0315,0.032,0.031,0.001,60698.13,296379.21
1771098860,2026-02-15T03:54:20.090182,0.0315,0.032,0.031,0.001,60875.96,294908.63
1771099040,2026-02-15T03:57:20.269063,0.0315,0.032,0.031,0.001,57311.03,294627.99
1771099220,2026-02-15T04:00:20.231228,0.0315,0.032,0.031,0.001,57359.63,294852.82
1771099400,2026-02-15T04:03:20.250382,0.031,0.032,0.03,0.002,97569.74,292740.8
1771099580,2026-02-15T04:06:20.311805,0.031,0.032,0.03,0.002,97770.77,290769.3
1771099760,2026-02-15T04:09:20.341011,0.0305,0.031,0.03,0.001,97670.39,124414.4
1771099940,2026-02-15T04:12:20.231281,0.0305,0.031,0.03,0.001,97539.92,124190.23
1771100121,2026-02-15T04:15:21.238802,0.0305,0.031,0.03,0.001,97532.7,124045.23
1771100300,2026-02-15T04:18:20.291804,0.0305,0.031,0.03,0.001,430630.16,124522.36
1771100480,2026-02-15T04:21:20.291851,0.0315,0.032,0.031,0.001,395759.68,297501.65
1771100660,2026-02-15T04:24:20.414219,0.0315,0.032,0.031,0.001,393292.74,305672.8
1771100840,2026-02-15T04:27:20.444232,0.0315,0.032,0.031,0.001,393256.97,305672.8
1771101020,2026-02-15T04:30:20.458253,0.0315,0.032,0.031,0.001,393293.17,305605.78
1771101200,2026-02-15T04:33:20.482368,0.0315,0.032,0.031,0.001,396799.96,301167.23
1771101380,2026-02-15T04:36:20.726780,0.0315,0.032,0.031,0.001,399388.61,300635.93
1771101560,2026-02-15T04:39:20.630000,0.0315,0.032,0.031,0.001,397298.16,302541.88
1771101740,2026-02-15T04:42:20.656603,0.0315,0.032,0.031,0.001,397298.16,302536.73
1771101920,2026-02-15T04:45:20.660291,0.0315,0.032,0.031,0.001,397379.14,299388.26
1771102100,2026-02-15T04:48:20.669787,0.0315,0.032,0.031,0.001,60251.799999999996,424875.89
1771102280,2026-02-15T04:51:20.699165,0.0305,0.031,0.03,0.001,95635.74,280074.21
1771102460,2026-02-15T04:54:20.679138,0.0305,0.031,0.03,0.001,94574.26,275907.24
1771102640,2026-02-15T04:57:20.709682,0.03,0.031,0.029,0.002,94846.59,276347.44
1771102824,2026-02-15T05:00:24.936699,0.0305,0.031,0.03,0.001,139897.48,276297.29
1771103000,2026-02-15T05:03:20.748430,0.0305,0.031,0.03,0.001,139744.94,274798.61
1771103180,2026-02-15T05:06:20.766813,0.03,0.031,0.029,0.002,94526.59,274584.9
1771103360,2026-02-15T05:09:20.900583,0.03,0.031,0.029,0.002,94516.44,274474.75
1771103540,2026-02-15T05:12:20.868035,0.0305,0.031,0.03,0.001,93992.83,363302.93
1771103720,2026-02-15T05:15:20.901019,0.03,0.031,0.029,0.002,94413.84999999999,363232.5
1771103900,2026-02-15T05:18:20.887380,0.03,0.031,0.029,0.002,94290.16,363232.5
1771104081,2026-02-15T05:21:21.145318,0.03,0.031,0.029,0.002,84210.15,364083.82
1771104260,2026-02-15T05:24:20.865810,0.0305,0.031,0.03,0.001,83844.3,363255.82
1771104441,2026-02-15T05:27:21.226395,0.03,0.031,0.029,0.002,83951.79,363101.27999999997
1771104620,2026-02-15T05:30:20.976591,0.03,0.031,0.029,0.002,83739.37,512082.32999999996
1771104801,2026-02-15T05:33:21.238050,0.03,0.031,0.029,0.002,83679.89,509788.32
1771104981,2026-02-15T05:36:21.026375,0.03,0.031,0.029,0.002,83508.44,509788.32
1771105160,2026-02-15T05:39:20.985659,0.0295,0.03,0.029,0.001,83414.28,351432.58999999997
1771105341,2026-02-15T05:42:21.094553,0.0295,0.03,0.029,0.001,83383.73999999999,355484.27
1771105521,2026-02-15T05:45:21.177879,0.0295,0.03,0.029,0.001,83378.73999999999,355251.27
1771105701,2026-02-15T05:48:21.076338,0.0295,0.03,0.029,0.001,83057.65,355030.02
1771105881,2026-02-15T05:51:21.101620,0.0295,0.03,0.029,0.001,82951.20999999999,353904.82
1771106061,2026-02-15T05:54:21.148476,0.0295,0.03,0.029,0.001,82663.99,354182.11
1771106241,2026-02-15T05:57:21.174788,0.0305,0.031,0.03,0.001,82077.31,510038.91
1771106421,2026-02-15T06:00:21.323804,0.03,0.031,0.029,0.002,82396.39,510765.94999999995
1771106601,2026-02-15T06:03:21.300456,0.03,0.031,0.029,0.002,82269.5,505427.69999999995
1771106781,2026-02-15T06:06:21.178591,0.0305,0.031,0.03,0.001,81828.91,505302.93
1771106961,2026-02-15T06:09:21.309881,0.0305,0.031,0.03,0.001,82677.05,505051.07
1771107141,2026-02-15T06:12:21.263331,0.0305,0.031,0.03,0.001,82725.69,501810.91
1771107321,2026-02-15T06:15:21.535959,0.0305,0.031,0.03,0.001,82808.76,501732.18
1771107501,2026-02-15T06:18:21.254410,0.0305,0.031,0.03,0.001,82675.3,501637.22
1771107681,2026-02-15T06:21:21.412257,0.0305,0.031,0.03,0.001,82540.79,504100.20999999996
1771107861,2026-02-15T06:24:21.449137,0.0305,0.031,0.03,0.001,82460.95999999999,503911.14
1771108041,2026-02-15T06:27:21.439450,0.0305,0.031,0.03,0.001,82321.01,500693.67
1771108221,2026-02-15T06:30:21.478960,0.0305,0.031,0.03,0.001,82164.58,500643.57
1771108401,2026-02-15T06:33:21.481868,0.0305,0.031,0.03,0.001,82019.13,500593.36
1771108581,2026-02-15T06:36:21.457383,0.03,0.031,0.029,0.002,80942.49,500824.05
1771108761,2026-02-15T06:39:21.612100,0.0305,0.031,0.03,0.001,87414.8,493678.69
1771108941,2026-02-15T06:42:21.650055,0.0305,0.031,0.03,0.001,87364.52,493491.15
1771109121,2026-02-15T06:45:21.636265,0.0305,0.031,0.03,0.001,87318.06999999999,493903.75
1771109301,2026-02-15T06:48:21.658447,0.0305,0.031,0.03,0.001,87220.65,493863.6
1771109481,2026-02-15T06:51:21.640753,0.0305,0.031,0.03,0.001,87627.72,493178.51
1771109661,2026-02-15T06:54:21.700369,0.0305,0.031,0.03,0.001,87582.22,493001.01
1771109841,2026-02-15T06:57:21.640447,0.0305,0.031,0.03,0.001,87470.38,492640.16
1771110021,2026-02-15T07:00:21.661499,0.0305,0.031,0.03,0.001,87480.68,491504.16
1771110201,2026-02-15T07:03:21.648262,0.0305,0.031,0.03,0.001,87837.73,489471.52
1771110381,2026-02-15T07:06:21.758508,0.0305,0.031,0.03,0.001,87902.35,497199.95999999996
1771110561,2026-02-15T07:09:21.847363,0.0305,0.031,0.03,0.001,88011.62,497199.95999999996
1771110741,2026-02-15T07:12:21.873222,0.0305,0.031,0.03,0.001,87956.44,491002.77999999997
1771110921,2026-02-15T07:15:21.870449,0.0305,0.031,0.03,0.001,87666.36,490877.02
1771111101,2026-02-15T07:18:21.884776,0.0305,0.031,0.03,0.001,88116.87,496386.5
1771111281,2026-02-15T07:21:21.846914,0.0305,0.031,0.03,0.001,88138.48,496386.5
1771111461,2026-02-15T07:24:21.859496,0.0305,0.031,0.03,0.001,87783.43,497280.02999999997
1771111641,2026-02-15T07:27:21.927652,0.0305,0.031,0.03,0.001,87727.98,492170.51
1771111821,2026-02-15T07:30:21.975941,0.0305,0.031,0.03,0.001,87727.98,492170.51
1771112001,2026-02-15T07:33:21.889254,0.0305,0.031,0.03,0.001,87604.94,492065.73
1771112182,2026-02-15T07:36:22.038492,0.0305,0.031,0.03,0.001,87403.24,491972.27999999997
1771112362,2026-02-15T07:39:22.087330,0.0305,0.031,0.03,0.001,87524.87,491972.27999999997
1771112542,2026-02-15T07:42:22.096826,0.0305,0.031,0.03,0.001,87333.2,491286.07
1771112722,2026-02-15T07:45:22.025115,0.0295,0.03,0.029,0.001,80847.14,346340.56
1771112902,2026-02-15T07:48:22.097210,0.0295,0.03,0.029,0.001,969697.87,346353.29
1771113082,2026-02-15T07:51:22.038076,0.0295,0.03,0.029,0.001,969725.88,343754.93
1771113262,2026-02-15T07:54:22.294701,0.0295,0.03,0.029,0.001,969698.1799999999,343777.47000000003
1771113442,2026-02-15T07:57:22.305239,0.0295,0.03,0.029,0.001,969502.8300000001,343809.45
1771113622,2026-02-15T08:00:22.247631,0.0295,0.03,0.029,0.001,969286.9400000001,343732.96
1771113802,2026-02-15T08:03:22.282297,0.0295,0.03,0.029,0.001,969329.17,343495.48000000004
1771113982,2026-02-15T08:06:22.450517,0.0295,0.03,0.029,0.001,966691.4700000001,343275.79
1771114162,2026-02-15T08:09:22.281241,0.0295,0.03,0.029,0.001,966491.4700000001,343149.37
1771114342,2026-02-15T08:12:22.300180,0.0295,0.03,0.029,0.001,965683.3300000001,341809.44
1771114522,2026-02-15T08:15:22.368841,0.0295,0.03,0.029,0.001,940601.03,342245.19
1771114702,2026-02-15T08:18:22.434301,0.0295,0.03,0.029,0.001,940539.0700000001,340891.17
1771114882,2026-02-15T08:21:22.449011,0.0295,0.03,0.029,0.001,940385.49,354708.92
1771115062,2026-02-15T08:24:22.445793,0.0295,0.03,0.029,0.001,940385.49,379566.82
1771115242,2026-02-15T08:27:22.409699,0.0295,0.03,0.029,0.001,940341.5900000001,380393.82
1771115422,2026-02-15T08:30:22.453059,0.0295,0.03,0.029,0.001,940341.5900000001,389201.82
1771115602,2026-02-15T08:33:22.459809,0.0295,0.03,0.029,0.001,1162364.1,488865.12
1771115782,2026-02-15T08:36:22.664891,0.0295,0.03,0.029,0.001,1162311.82,488780.93
1771115962,2026-02-15T08:39:22.440648,0.0295,0.03,0.029,0.001,1162260.87,480679.97
1771116142,2026-02-15T08:42:22.665057,0.0295,0.03,0.029,0.001,1162165.3900000001,480586.53
1771116322,2026-02-15T08:45:22.694511,0.0295,0.03,0.029,0.001,1162062.21,480483.35
1771116502,2026-02-15T08:48:22.622919,0.0295,0.03,0.029,0.001,1162734.34,470509.12
1771116682,2026-02-15T08:51:22.625625,0.0295,0.03,0.029,0.001,1162758.59,470498.83999999997
1771116862,2026-02-15T08:54:22.674562,0.0295,0.03,0.029,0.001,1162540.86,470441.39
1771117042,2026-02-15T08:57:22.699667,0.0295,0.03,0.029,0.001,1162540.86,470272.87
1771117222,2026-02-15T09:00:22.621162,0.0315,0.032,0.031,0.001,1124924.1,584787.27
1771117402,2026-02-15T09:03:22.727837,0.0305,0.031,0.03,0.001,1162725.57,418087.13
1771117582,2026-02-15T09:06:22.882920,0.0305,0.031,0.03,0.001,1162747.2,414686.17
1771117762,2026-02-15T09:09:22.857582,0.0305,0.031,0.03,0.001,1162656.6,414717.52999999997
1771117942,2026-02-15T09:12:22.693444,0.0305,0.031,0.03,0.001,1162742.07,414485.19
1771118122,2026-02-15T09:15:22.791001,0.0305,0.031,0.03,0.001,1162541.64,413914.18
1771118302,2026-02-15T09:18:22.827127,0.0305,0.031,0.03,0.001,1162392.38,413736.92
1771118482,2026-02-15T09:21:22.751257,0.0305,0.031,0.03,0.001,1162492.38,413780.92
1771118662,2026-02-15T09:24:22.864458,0.0305,0.031,0.03,0.001,1162275.31,407417.62
1771118843,2026-02-15T09:27:23.163983,0.03,0.031,0.029,0.002,1159931.56,407785.02999999997
1771119022,2026-02-15T09:30:22.837426,0.0305,0.031,0.03,0.001,1159929.6,409850.87
1771119202,2026-02-15T09:33:22.969671,0.0305,0.031,0.03,0.001,1159796.6300000001,410085.9
1771119383,2026-02-15T09:36:23.041543,0.0305,0.031,0.03,0.001,1159787.35,410019.64
1771119563,2026-02-15T09:39:23.065402,0.03,0.031,0.029,0.002,1159824.35,414229.69
1771119743,2026-02-15T09:42:23.050378,0.0305,0.031,0.03,0.001,1159366.74,409068.12
1771119927,2026-02-15T09:45:27.098338,0.0305,0.031,0.03,0.001,1159603.78,409926.68
1771120103,2026-02-15T09:48:23.169935,0.0305,0.031,0.03,0.001,67084.94,415599.06
1771120283,2026-02-15T09:51:23.271878,0.0305,0.031,0.03,0.001,68110.01999999999,416716.06
1771120463,2026-02-15T09:54:23.092987,0.0305,0.031,0.03,0.001,67993.05,409912.56
1771120643,2026-02-15T09:57:23.239604,0.0295,0.03,0.029,0.001,68358.89,263777.38
1771120823,2026-02-15T10:00:23.296807,0.0295,0.03,0.029,0.001,68282.84999999999,263638.41
1771121003,2026-02-15T10:03:23.221274,0.0295,0.03,0.029,0.001,71272.56999999999,263537.75
1771121183,2026-02-15T10:06:23.240857,0.0295,0.03,0.029,0.001,71298.26999999999,263083.43
1771121363,2026-02-15T10:09:23.244351,0.0305,0.031,0.03,0.001,70759.8,413412.33
1771121543,2026-02-15T10:12:23.245070,0.0305,0.031,0.03,0.001,71729.89,413246.52
1771121723,2026-02-15T10:15:23.218712,0.0305,0.031,0.03,0.001,71429.61,413455.51
1771121903,2026-02-15T10:18:23.428000,0.0295,0.03,0.029,0.001,71293.12999999999,264036.12
1771122083,2026-02-15T10:21:23.532199,0.0295,0.03,0.029,0.001,71231.05,263986.4
1771122263,2026-02-15T10:24:23.311516,0.0295,0.03,0.029,0.001,70760.42,264542.26
1771122443,2026-02-15T10:27:23.465086,0.0295,0.03,0.029,0.001,70680.59999999999,264483.24
1771122623,2026-02-15T10:30:23.432871,0.0295,0.03,0.029,0.001,70601.23999999999,264592.22
1771122803,2026-02-15T10:33:23.441129,0.0295,0.03,0.029,0.001,70466.43,264332.9
1771122983,2026-02-15T10:36:23.457737,0.0295,0.03,0.029,0.001,70366.65,263574.07
1771123163,2026-02-15T10:39:23.569121,0.0295,0.03,0.029,0.001,70266.95999999999,277551.65
1771123343,2026-02-15T10:42:23.440791,0.0295,0.03,0.029,0.001,70719.52,277042.75
1771123523,2026-02-15T10:45:23.638770,0.0305,0.031,0.03,0.001,70228.4,421572.45
1771123703,2026-02-15T10:48:23.630651,0.0305,0.031,0.03,0.001,70228.4,421572.45
1771123883,2026-02-15T10:51:23.650146,0.03,0.031,0.029,0.002,70611.23,421483.25
1771124063,2026-02-15T10:54:23.557370,0.03,0.031,0.029,0.002,75155.31,423219.33
1771124243,2026-02-15T10:57:23.714616,0.03,0.031,0.029,0.002,93330.95999999999,423070.14999999997
1771124423,2026-02-15T11:00:23.878236,0.0295,0.03,0.029,0.001,93551.34,284955.05
1771124603,2026-02-15T11:03:23.964714,0.0295,0.03,0.029,0.001,90737.42,290364.89
1771124783,2026-02-15T11:06:23.842062,0.0295,0.03,0.029,0.001,91043.64,279390.36
1771124963,2026-02-15T11:09:23.898403,0.0295,0.03,0.029,0.001,91043.64,276422.36
1771125143,2026-02-15T11:12:23.714820,0.0295,0.03,0.029,0.001,90882.92,280029.12
1771125323,2026-02-15T11:15:23.856764,0.0295,0.03,0.029,0.001,90978.26,276879.83
1771125503,2026-02-15T11:18:23.820176,0.0305,0.031,0.03,0.001,91007.54000000001,422758.27
1771125683,2026-02-15T11:21:23.842463,0.0305,0.031,0.03,0.001,91900.4,422096.72
1771125863,2026-02-15T11:24:23.861791,0.0305,0.031,0.03,0.001,91853.74,417322.39
1771126043,2026-02-15T11:27:23.840650,0.0305,0.031,0.03,0.001,91798.89,419918.22
1771126224,2026-02-15T11:30:24.055630,0.0305,0.031,0.03,0.001,91881.31,418443.39
1771126404,2026-02-15T11:33:24.068519,0.0305,0.031,0.03,0.001,91729.31,414447.6
1771126584,2026-02-15T11:36:24.081766,0.0305,0.031,0.03,0.001,91592.96,417182.62
1771126764,2026-02-15T11:39:24.096218,0.0305,0.031,0.03,0.001,91543.16,417079.82
1771126944,2026-02-15T11:42:24.225952,0.0305,0.031,0.03,0.001,141692.01,414198.64999999997
1771127128,2026-02-15T11:45:28.293500,0.0305,0.031,0.03,0.001,141678.66,415149.33999999997
1771127304,2026-02-15T11:48:24.047639,0.0305,0.031,0.03,0.001,141523.31,414969.99
1771127484,2026-02-15T11:51:24.091324,0.0305,0.031,0.03,0.001,141523.31,414969.99
1771127664,2026-02-15T11:54:24.228428,0.0305,0.031,0.03,0.001,141378.56,419424.02
1771127844,2026-02-15T11:57:24.157002,0.0305,0.031,0.03,0.001,141334.94,419478.54
1771128024,2026-02-15T12:00:24.230941,0.0305,0.031,0.03,0.001,141328.74,429478.54
1771128208,2026-02-15T12:03:28.452861,0.0305,0.031,0.03,0.001,141346.25,432414.27999999997
1771128384,2026-02-15T12:06:24.225445,0.0305,0.031,0.03,0.001,141280.36000000002,426667.86
1771128564,2026-02-15T12:09:24.370680,0.0305,0.031,0.03,0.001,138313.36000000002,423006.06
1771128744,2026-02-15T12:12:24.273596,0.0295,0.03,0.029,0.001,133447.2,272805.27
1771128924,2026-02-15T12:15:24.311361,0.03,0.031,0.029,0.002,133919.33000000002,415512.63
1771129104,2026-02-15T12:18:24.334223,0.0305,0.031,0.03,0.001,114529.86,414014.20999999996
1771129284,2026-02-15T12:21:24.568635,0.03,0.031,0.029,0.002,124761.88,413942.2
1771129464,2026-02-15T12:24:24.364132,0.0305,0.031,0.03,0.001,125351.28,417661.01
1771129644,2026-02-15T12:27:24.468890,0.0305,0.031,0.03,0.001,125791.52,417069.63
1771129824,2026-02-15T12:30:24.842783,0.0305,0.031,0.03,0.001,125418.76,417811.31
1771130004,2026-02-15T12:33:24.593571,0.0295,0.03,0.029,0.001,123857.74,272484.74
1771130184,2026-02-15T12:36:24.426342,0.0295,0.03,0.029,0.001,123798.66,268741.05
1771130364,2026-02-15T12:39:24.659763,0.031,0.032,0.03,0.002,124629.75,535461.1
1771130544,2026-02-15T12:42:24.625289,0.031,0.032,0.03,0.002,124643.8,536476.05
1771130724,2026-02-15T12:45:24.649432,0.0305,0.031,0.03,0.001,116889.84,363105.55
1771130904,2026-02-15T12:48:24.648848,0.0305,0.031,0.03,0.001,116698.70999999999,356373.2
1771131084,2026-02-15T12:51:24.659454,0.0305,0.031,0.03,0.001,117830.62,355774.32
1771131264,2026-02-15T12:54:24.887224,0.0305,0.031,0.03,0.001,117806.43000000001,357841.64
1771131444,2026-02-15T12:57:24.747535,0.0305,0.031,0.03,0.001,117855.43000000001,360878.89
1771131624,2026-02-15T13:00:24.819963,0.0305,0.031,0.03,0.001,117957.03,361831.89
1771131804,2026-02-15T13:03:24.768855,0.0305,0.031,0.03,0.001,117941.29000000001,362243.16000000003
1771131984,2026-02-15T13:06:24.894111,0.0305,0.031,0.03,0.001,117910.07,361995.45
1771132165,2026-02-15T13:09:25.048167,0.0305,0.031,0.03,0.001,117903.13,361750.78
1771132344,2026-02-15T13:12:24.888588,0.0305,0.031,0.03,0.001,118319.99,361444.03
1771132524,2026-02-15T13:15:24.818015,0.0305,0.031,0.03,0.001,117777.6,362533.22
1771132704,2026-02-15T13:18:24.997370,0.0305,0.031,0.03,0.001,117617.78,358084.42
1771132885,2026-02-15T13:21:25.031894,0.0305,0.031,0.03,0.001,118104.33,357815.31
1771133065,2026-02-15T13:24:25.050260,0.0305,0.031,0.03,0.001,118104.33,359014.46
1771133245,2026-02-15T13:27:25.084245,0.0305,0.031,0.03,0.001,118078.57,358809.31
1771133425,2026-02-15T13:30:25.119547,0.0305,0.031,0.03,0.001,118164.34,364016.16000000003
1771133605,2026-02-15T13:33:25.034395,0.0305,0.031,0.03,0.001,118231.67,359756.94
1771133785,2026-02-15T13:36:25.044727,0.0305,0.031,0.03,0.001,118337.84,360255.16000000003
1771133965,2026-02-15T13:39:25.218898,0.0305,0.031,0.03,0.001,118252.28,363540.85000000003
1771134145,2026-02-15T13:42:25.233835,0.0305,0.031,0.03,0.001,107052.4,359844.15
1771134325,2026-02-15T13:45:25.228794,0.03,0.031,0.029,0.002,107473.89,359064.69
1771134505,2026-02-15T13:48:25.221307,0.0305,0.031,0.03,0.001,107261.72,359912.61
1771134685,2026-02-15T13:51:25.383922,0.0315,0.032,0.031,0.001,72316.5,533111.17
1771134865,2026-02-15T13:54:25.335965,0.0315,0.032,0.031,0.001,71983.82,525288.46
1771135045,2026-02-15T13:57:25.315478,0.031,0.032,0.03,0.002,109830.53,517534.77999999997
1771135225,2026-02-15T14:00:25.249801,0.031,0.032,0.03,0.002,109718.15000000001,518074.21
1771135405,2026-02-15T14:03:25.251225,0.031,0.032,0.03,0.002,109607.58,518050.77999999997
1771135585,2026-02-15T14:06:25.287216,0.031,0.032,0.03,0.002,109309.86,525545.86
1771135765,2026-02-15T14:09:25.275700,0.031,0.032,0.03,0.002,109061.17,520351.14
1771135945,2026-02-15T14:12:25.624081,0.0305,0.031,0.03,0.001,109056.17,349200.5
1771136125,2026-02-15T14:15:25.447616,0.0315,0.032,0.031,0.001,82419.62000000001,520693.68
1771136305,2026-02-15T14:18:25.439496,0.0315,0.032,0.031,0.001,87720.05,526699.86
1771136485,2026-02-15T14:21:25.468305,0.0315,0.032,0.031,0.001,89440.65,531477.01
1771136665,2026-02-15T14:24:25.441642,0.0315,0.032,0.031,0.001,89342.8,527458.73
1771136845,2026-02-15T14:27:25.509690,0.0315,0.032,0.031,0.001,89242.8,527458.73
1771137025,2026-02-15T14:30:25.523972,0.0315,0.032,0.031,0.001,89066.34,527352.66
1771137205,2026-02-15T14:33:25.659494,0.0315,0.032,0.031,0.001,89589.1,526951.75
1771137385,2026-02-15T14:36:25.444384,0.0315,0.032,0.031,0.001,89586.41,530374.75
1771137565,2026-02-15T14:39:25.677776,0.0315,0.032,0.031,0.001,89450.72,528809.56
1771137745,2026-02-15T14:42:25.664499,0.0315,0.032,0.031,0.001,89480.72,527286.06
1771137925,2026-02-15T14:45:25.597288,0.0315,0.032,0.031,0.001,89469.13,525579.85
1771138105,2026-02-15T14:48:25.733676,0.0315,0.032,0.031,0.001,89469.13,525661.85
1771138285,2026-02-15T14:51:25.701933,0.0315,0.032,0.031,0.001,79124.6,565400.49
1771138465,2026-02-15T14:54:25.858746,0.0315,0.032,0.031,0.001,78980.53,565269.2000000001
1771138645,2026-02-15T14:57:25.745316,0.0315,0.032,0.031,0.001,79450.16,565124.2
1771138825,2026-02-15T15:00:25.862277,0.0315,0.032,0.031,0.001,79295.66,564838.12
1771139005,2026-02-15T15:03:25.871967,0.0315,0.032,0.031,0.001,79500.41,564752.77
1771139185,2026-02-15T15:06:25.800686,0.0315,0.032,0.031,0.001,79470.23,565148.4
1771139365,2026-02-15T15:09:25.844285,0.0315,0.032,0.031,0.001,81463.01000000001,565023.18
1771139545,2026-02-15T15:12:25.230198,0.0315,0.032,0.031,0.001,79307.94,564868.11
1771139724,2026-02-15T15:15:24.977734,0.0315,0.032,0.031,0.001,77194.64,567070.55
1771139905,2026-02-15T15:18:25.222776,0.0315,0.032,0.031,0.001,77320.03,716002.3
1771140085,2026-02-15T15:21:25.068438,0.0315,0.032,0.031,0.001,77259.22,716913.22
1771140265,2026-02-15T15:24:25.093284,0.0315,0.032,0.031,0.001,76945.02,713676.08
1771140445,2026-02-15T15:27:25.093201,0.0315,0.032,0.031,0.001,76848.63,713522.41
1771140625,2026-02-15T15:30:25.103021,0.0315,0.032,0.031,0.001,76673.68000000001,657248.8300000001
1771140985,2026-02-15T15:36:25.291256,0.0315,0.032,0.031,0.001,76607.13,657039.4
1771141165,2026-02-15T15:39:25.312798,0.0315,0.032,0.031,0.001,76341.21,647885.84
1771141345,2026-02-15T15:42:25.319896,0.0315,0.032,0.031,0.001,80305.07,647812.56
1771141525,2026-02-15T15:45:25.305336,0.0315,0.032,0.031,0.001,80039.63,647709.29
1771141705,2026-02-15T15:48:25.344147,0.0315,0.032,0.031,0.001,80033.43000000001,647450.23
1771141885,2026-02-15T15:51:25.102832,0.0315,,,0.001,79838.2,645099.77
1771142065,2026-02-15T15:54:25.335224,0.0315,0.032,0.031,0.001,79242.51000000001,643826.26
1771142245,2026-02-15T15:57:25.435127,0.0315,0.032,0.031,0.001,79193.89,642678.64
1771142425,2026-02-15T16:00:25.480108,0.0315,0.032,0.031,0.001,78988.43000000001,642182.72
1771142605,2026-02-15T16:03:25.586437,0.0315,0.032,0.031,0.001,79707.93000000001,641789.76
1771142785,2026-02-15T16:06:25.650375,0.0315,0.032,0.031,0.001,79600.02,641469.76
1771142965,2026-02-15T16:09:25.634679,0.0315,0.032,0.031,0.001,78650.35,654050.18
1771143145,2026-02-15T16:12:25.624067,0.0315,0.032,0.031,0.001,77634.08,648784.45
1771143325,2026-02-15T16:15:25.627595,0.0315,0.032,0.031,0.001,97524.52,653156.63
1771143505,2026-02-15T16:18:25.662222,0.0315,0.032,0.031,0.001,97428.61,652246.78
1771143685,2026-02-15T16:21:25.648115,0.031,0.032,0.03,0.002,135468.5,647646.84
1771143865,2026-02-15T16:24:25.638097,0.0305,0.031,0.03,0.001,125414.54000000001,482991.63
1771144045,2026-02-15T16:27:25.645945,0.0305,0.031,0.03,0.001,121788.54000000001,481985.93
1771144225,2026-02-15T16:30:25.663332,0.0305,0.031,0.03,0.001,120852.54000000001,486021.2
1771144405,2026-02-15T16:33:25.732380,0.0305,0.031,0.03,0.001,120240.53,486141.62
1771144585,2026-02-15T16:36:25.823563,0.0305,0.031,0.03,0.001,120238.46,488435.62
1771144765,2026-02-15T16:39:25.870120,0.0305,0.031,0.03,0.001,120183.72,488974.83
1771144945,2026-02-15T16:42:25.840853,0.0305,0.031,0.03,0.001,120178.72,514160.87
1771145125,2026-02-15T16:45:25.871409,0.0305,0.031,0.03,0.001,120110.79000000001,512219.18
1771145305,2026-02-15T16:48:25.893245,0.0305,0.031,0.03,0.001,120996.21,512350.98
1771145485,2026-02-15T16:51:25.852627,0.0305,0.031,0.03,0.001,128362.39,519018.03
1771145665,2026-02-15T16:54:25.917286,0.0305,0.031,0.03,0.001,128276.3,491767.87
1771145845,2026-02-15T16:57:25.884050,0.0315,0.032,0.031,0.001,90701.52,643777.67
1771146025,2026-02-15T17:00:25.946358,0.0315,0.032,0.031,0.001,101369.58,643660.14
1771146206,2026-02-15T17:03:26.066467,0.0315,0.032,0.031,0.001,101301.33,644898.49
1771146386,2026-02-15T17:06:26.106798,0.0305,0.031,0.03,0.001,139815.18,481120.45
1771146566,2026-02-15T17:09:26.085939,0.0305,0.031,0.03,0.001,139849.13,483017.2
1771146746,2026-02-15T17:12:26.053028,0.031,0.032,0.03,0.002,140275.86000000002,638846.38
1771146926,2026-02-15T17:15:26.081423,0.0305,0.031,0.03,0.001,139967.87,476383.52
1771147106,2026-02-15T17:18:26.223441,0.0305,0.031,0.03,0.001,139417.87,476055.52
1771147286,2026-02-15T17:21:26.093188,0.0315,0.032,0.031,0.001,101818.25,641370.36
1771147466,2026-02-15T17:24:26.236082,0.0315,0.032,0.031,0.001,104919.64,635721.64
1771147646,2026-02-15T17:27:26.244200,0.0315,0.032,0.031,0.001,104836.19,640131.29
1771147826,2026-02-15T17:30:26.228832,0.0315,0.032,0.031,0.001,107334.69,639707.84
1771148006,2026-02-15T17:33:26.274772,0.0315,0.032,0.031,0.001,106911.22,639129.29
1771148186,2026-02-15T17:36:26.279189,0.0315,0.032,0.031,0.001,106963.28,639541.85
1771148366,2026-02-15T17:39:26.375634,0.0315,0.032,0.031,0.001,106681.3,645144.14
1771148546,2026-02-15T17:42:26.324275,0.0315,0.032,0.031,0.001,107098.97,649455.81
1771148726,2026-02-15T17:45:26.439130,0.0315,0.032,0.031,0.001,106998.97,650655.81
1771148906,2026-02-15T17:48:26.340171,0.0315,0.032,0.031,0.001,106989.68000000001,653208.16
1771149086,2026-02-15T17:51:26.830219,0.0315,0.032,0.031,0.001,107077.18000000001,651230.87
1771149266,2026-02-15T17:54:26.426053,0.0315,0.032,0.031,0.001,107427.99,622656.77
1771149446,2026-02-15T17:57:26.606605,0.0315,0.032,0.031,0.001,106856.52,624188.89
1771149626,2026-02-15T18:00:26.499512,0.0315,0.032,0.031,0.001,106754.75,622924.42
1771149806,2026-02-15T18:03:26.644490,0.032,0.033,0.031,0.002,110097.52,686096.3300000001
1771149986,2026-02-15T18:06:26.582008,0.032,0.033,0.031,0.002,111020.86,686111.55
1771150166,2026-02-15T18:09:26.633598,0.0315,0.032,0.031,0.001,110951.82,621551.9600000001
1771150346,2026-02-15T18:12:26.630259,0.032,0.033,0.031,0.002,110952.05,680753.28
1771150526,2026-02-15T18:15:26.685704,0.032,0.033,0.031,0.002,116224.41,680654.39
1771150706,2026-02-15T18:18:26.643230,0.0315,0.032,0.031,0.001,114067.07,616152.31
1771150886,2026-02-15T18:21:26.735762,0.0315,0.032,0.031,0.001,113977.02,616105.3200000001
1771151066,2026-02-15T18:24:26.684813,0.0315,0.032,0.031,0.001,113934.44,616211.2000000001
1771151246,2026-02-15T18:27:26.829460,0.0315,0.032,0.031,0.001,113420.34,620819.9500000001
1771151426,2026-02-15T18:30:26.737051,0.0315,0.032,0.031,0.001,113236.74,620797.4500000001
1771151606,2026-02-15T18:33:26.917052,0.0315,0.032,0.031,0.001,115064.5,620188.9400000001
1771151796,2026-02-15T18:36:36.890454,0.0315,0.032,0.031,0.001,115386.5,620255.87
1771151966,2026-02-15T18:39:26.882702,0.0315,0.032,0.031,0.001,115386.5,620202.87
1771152146,2026-02-15T18:42:26.840421,0.0315,0.032,0.031,0.001,115809.59,621075.48
1771152326,2026-02-15T18:45:26.863842,0.0315,0.032,0.031,0.001,114631.11,622013.7100000001
1771152506,2026-02-15T18:48:26.926419,0.0315,0.032,0.031,0.001,114324.83,621694.05
1771152686,2026-02-15T18:51:26.953886,0.0315,0.032,0.031,0.001,114213.76,621947.14
1771152867,2026-02-15T18:54:27.056002,0.0315,0.032,0.031,0.001,114108.76,623276.97
1771153047,2026-02-15T18:57:27.105136,0.0315,0.032,0.031,0.001,114090.51,623276.97
1771153227,2026-02-15T19:00:27.058843,0.0315,0.032,0.031,0.001,114052.68,621573.1
1771153407,2026-02-15T19:03:27.311520,0.0315,0.032,0.031,0.001,113960.84999999999,620231.27
1771153587,2026-02-15T19:06:27.060465,0.0315,0.032,0.031,0.001,113906.56999999999,622022.78
1771153767,2026-02-15T19:09:27.232973,0.0315,0.032,0.031,0.001,112279.97,621765.84
1771153947,2026-02-15T19:12:27.230868,0.0315,0.032,0.031,0.001,112374.97,621704.74
1771154127,2026-02-15T19:15:27.236208,0.0315,0.032,0.031,0.001,114874.97,621265.54
1771154307,2026-02-15T19:18:27.475938,0.0315,0.032,0.031,0.001,116686.61,619736.58
1771154487,2026-02-15T19:21:27.253617,0.0315,0.032,0.031,0.001,117681.61,621039.07
1771154667,2026-02-15T19:24:27.279244,0.0315,0.032,0.031,0.001,117521.9,620532.67
1771154847,2026-02-15T19:27:27.506860,0.0315,0.032,0.031,0.001,119325.53,620908.17
1771155207,2026-02-15T19:33:27.451140,0.0315,0.032,0.031,0.001,119266.75,622250.07
1771155387,2026-02-15T19:36:27.442599,0.0315,0.032,0.031,0.001,118160.04,621502.72
1771155567,2026-02-15T19:39:27.502004,0.0315,0.032,0.031,0.001,118000.20999999999,622316.5
1771155747,2026-02-15T19:42:27.468641,0.0315,0.032,0.031,0.001,117941.81999999999,622253.79
1771155927,2026-02-15T19:45:27.508019,0.0315,0.032,0.031,0.001,107024.0,638206.85
1771156107,2026-02-15T19:48:27.661439,0.0315,0.032,0.031,0.001,107079.13,639718.22
1771156287,2026-02-15T19:51:27.634472,0.0315,0.032,0.031,0.001,106829.83,636978.79
1771156467,2026-02-15T19:54:27.689721,0.0315,0.032,0.031,0.001,106641.13,636800.41
1771156650,2026-02-15T19:57:30.736710,0.0325,0.033,0.032,0.001,106078.65,672004.1900000001
1771156827,2026-02-15T20:00:27.747294,0.0325,0.033,0.032,0.001,106506.59,672703.79
1771157007,2026-02-15T20:03:27.625898,0.0325,0.033,0.032,0.001,106401.61,672582.4400000001
1771157187,2026-02-15T20:06:27.886358,0.0325,0.033,0.032,0.001,105761.6,672343.26
1771157367,2026-02-15T20:09:27.699372,0.0325,0.033,0.032,0.001,105792.75,669618.91
1771157547,2026-02-15T20:12:27.887286,0.0315,0.032,0.031,0.001,105635.93,692969.56
1771157727,2026-02-15T20:15:27.876755,0.0315,0.032,0.031,0.001,105586.35,692620.98
1771157907,2026-02-15T20:18:27.842197,0.0315,0.032,0.031,0.001,105170.28,670081.66
1771158087,2026-02-15T20:21:27.846884,0.0315,0.032,0.031,0.001,105820.28,669785.1
1771158267,2026-02-15T20:24:27.802605,0.0315,0.032,0.031,0.001,104699.66,669034.48
1771158447,2026-02-15T20:27:27.908563,0.0315,0.032,0.031,0.001,104631.66,674932.73
1771158627,2026-02-15T20:30:27.880069,0.0315,0.032,0.031,0.001,104671.83,674767.9
1771158808,2026-02-15T20:33:28.076710,0.0315,0.032,0.031,0.001,104403.28,673834.02
1771158987,2026-02-15T20:36:27.904423,0.0315,0.032,0.031,0.001,119809.66,664846.64
1771159168,2026-02-15T20:39:28.194372,0.0315,0.032,0.031,0.001,119751.6,665633.0800000001
1771159348,2026-02-15T20:42:28.101015,0.0315,0.032,0.031,0.001,119151.6,666191.71
1771159528,2026-02-15T20:45:28.028309,0.0315,0.032,0.031,0.001,119018.96,665643.06
1771159708,2026-02-15T20:48:28.055816,0.0315,0.032,0.031,0.001,119018.96,665508.49
1771159888,2026-02-15T20:51:28.088048,0.0315,0.032,0.031,0.001,118464.87,665040.66
1771160068,2026-02-15T20:54:28.108400,0.0315,0.032,0.031,0.001,118360.96,664905.31
1771160284,2026-02-15T20:58:04.619276,0.0315,0.032,0.031,0.001,111842.2,663430.4400000001
1771160464,2026-02-15T21:01:04.625556,0.0305,0.031,0.03,0.001,149989.32,491565.57
1771160644,2026-02-15T21:04:04.709049,0.0315,0.032,0.031,0.001,114783.34,657758.65
1771160824,2026-02-15T21:07:04.918994,0.031,0.032,0.03,0.002,127849.89,658215.44
1771161004,2026-02-15T21:10:04.696175,0.0305,0.031,0.03,0.001,127900.02,496811.68
1771161184,2026-02-15T21:13:04.656382,0.0305,0.031,0.03,0.001,127840.61,499528.89
1771161364,2026-02-15T21:16:04.707014,0.0305,0.031,0.03,0.001,127835.61,500826.35
1771161544,2026-02-15T21:19:04.651189,0.0305,0.031,0.03,0.001,127474.39,497366.42
1771161724,2026-02-15T21:22:04.696023,0.0305,0.031,0.03,0.001,127123.82,505722.81
1771161905,2026-02-15T21:25:05.329759,0.0305,0.031,0.03,0.001,126944.86,505817.69
1771162084,2026-02-15T21:28:04.781099,0.0305,0.031,0.03,0.001,120479.67,517760.46
1771162264,2026-02-15T21:31:04.999941,0.0295,0.03,0.029,0.001,123221.88,371987.69
1771162445,2026-02-15T21:34:05.022855,0.0295,0.03,0.029,0.001,123164.36,377666.86
1771162624,2026-02-15T21:37:04.942947,0.0295,0.03,0.029,0.001,123126.56,375616.64
1771162804,2026-02-15T21:40:04.931651,0.03,0.031,0.029,0.002,122531.5,520219.96
1771162985,2026-02-15T21:43:05.073977,0.0305,0.031,0.03,0.001,118715.11,520182.76
1771163165,2026-02-15T21:46:05.032523,0.0305,0.031,0.03,0.001,118910.11,520703.76
1771163344,2026-02-15T21:49:04.998317,0.03,0.031,0.029,0.002,122206.03,520220.35000000003
1771163525,2026-02-15T21:52:05.175717,0.0295,0.03,0.029,0.001,122231.73,364635.48000000004
1771163705,2026-02-15T21:55:05.239974,0.0305,0.031,0.03,0.001,118844.13,509434.35000000003
1771163885,2026-02-15T21:58:05.123977,0.0305,0.031,0.029,0.002,122191.4,508115.47000000003
1771164065,2026-02-15T22:01:05.226590,0.0305,0.031,0.03,0.001,119550.13,507967.89
1771164245,2026-02-15T22:04:05.240811,0.0295,0.03,0.029,0.001,114265.70999999999,362731.66000000003
1771164425,2026-02-15T22:07:05.445035,0.0295,0.03,0.029,0.001,114214.17,363939.67
1771164605,2026-02-15T22:10:05.231677,0.0295,0.03,0.029,0.001,122526.64,364202.29000000004
1771164785,2026-02-15T22:13:05.323662,0.0295,0.03,0.029,0.001,122219.82,361014.92
1771164965,2026-02-15T22:16:05.252862,0.0295,0.03,0.029,0.001,1054625.82,365771.78
1771165145,2026-02-15T22:19:05.299694,0.0305,0.031,0.03,0.001,1052258.04,511819.14
1771165325,2026-02-15T22:22:05.235152,0.03,0.031,0.029,0.002,1053832.71,514808.67
1771165505,2026-02-15T22:25:05.715470,0.03,0.031,0.029,0.002,1053787.19,521396.15
1771165685,2026-02-15T22:28:05.454759,0.03,0.031,0.029,0.002,1053770.24,521129.42
1771165865,2026-02-15T22:31:05.314857,0.0295,0.03,0.029,0.001,1053607.87,376619.92000000004
1771166045,2026-02-15T22:34:05.473896,0.0295,0.03,0.029,0.001,1055025.84,375983.41000000003
1771166225,2026-02-15T22:37:05.458458,0.0295,0.03,0.029,0.001,1054525.84,376067.41000000003
1771166405,2026-02-15T22:40:05.443300,0.0295,0.03,0.029,0.001,1054525.84,374507.41000000003
1771166585,2026-02-15T22:43:05.489085,0.0295,0.03,0.029,0.001,1054416.57,376349.41000000003
1771166765,2026-02-15T22:46:05.478829,0.0295,0.03,0.029,0.001,1055295.6400000001,376517.83
1771166945,2026-02-15T22:49:05.446388,0.0295,0.03,0.029,0.001,1057816.34,386710.07
1771167125,2026-02-15T22:52:05.510233,0.0305,0.031,0.03,0.001,1049443.75,529158.79
1771167305,2026-02-15T22:55:05.660755,0.0295,0.03,0.029,0.001,1057846.3900000001,379720.88
1771167485,2026-02-15T22:58:05.673259,0.03,0.031,0.029,0.002,1057653.34,525863.02
1771167665,2026-02-15T23:01:05.663461,0.0305,0.031,0.03,0.001,1049382.33,525859.65
1771167845,2026-02-15T23:04:05.654392,0.0305,0.031,0.03,0.001,1049416.31,525401.65
1771168025,2026-02-15T23:07:05.710509,0.03,0.031,0.029,0.002,1055675.46,525489.15
1771168205,2026-02-15T23:10:05.684777,0.0295,0.03,0.029,0.001,1060583.73,380437.58
1771168385,2026-02-15T23:13:05.684498,0.0295,0.03,0.029,0.001,1059473.03,380326.88
1771168565,2026-02-15T23:16:05.735373,0.031,0.032,0.03,0.002,1060719.5,640154.33
1771168745,2026-02-15T23:19:05.679032,0.031,0.032,0.03,0.002,1069171.23,639754.33
1771168925,2026-02-15T23:22:05.750653,0.031,0.032,0.03,0.002,1068571.17,633611.62
1771169105,2026-02-15T23:25:05.711876,0.031,0.032,0.03,0.002,1068524.5,729252.45
1771169285,2026-02-15T23:28:05.890040,0.031,0.032,0.03,0.002,1069356.39,779456.09
1771169465,2026-02-15T23:31:05.890647,0.0305,0.031,0.03,0.001,1069694.27,563589.12
1771169645,2026-02-15T23:34:05.898582,0.0305,0.031,0.03,0.001,1069648.1199999999,563662.55
1771169825,2026-02-15T23:37:05.886748,0.031,0.032,0.03,0.002,1068337.78,777846.35
1771170005,2026-02-15T23:40:05.937659,0.031,0.032,0.03,0.002,1079773.3599999999,776364.93
1771170185,2026-02-15T23:43:05.925090,0.031,0.032,0.03,0.002,1079773.3599999999,691139.59
1771170365,2026-02-15T23:46:05.952436,0.031,0.032,0.03,0.002,1080031.0799999998,693422.51
1771170546,2026-02-15T23:49:06.022611,0.0305,0.031,0.03,0.001,1079957.01,474733.29
1771170725,2026-02-15T23:52:05.993686,0.0305,0.031,0.03,0.001,1078762.78,479853.29
1771170906,2026-02-15T23:55:06.215885,0.031,0.032,0.03,0.002,1077848.68,695487.41
1771171086,2026-02-15T23:58:06.079026,0.0305,0.031,0.03,0.001,1078296.68,468786.69
1771171266,2026-02-16T00:01:06.075825,0.0305,0.031,0.03,0.001,1077725.6199999999,471728.98
1771171446,2026-02-16T00:04:06.096657,0.0305,0.031,0.03,0.001,1095828.05,473710.04
1771171626,2026-02-16T00:07:06.081542,0.0305,0.031,0.03,0.001,1080094.3900000001,475153.42
1771171806,2026-02-16T00:10:06.243487,0.0305,0.031,0.03,0.001,1084187.68,474669.48
1771171986,2026-02-16T00:13:06.288953,0.0305,0.031,0.03,0.001,1089137.41,471866.45999999996
1771172166,2026-02-16T00:16:06.228156,0.0305,0.031,0.03,0.001,1089137.41,472672.7
1771172346,2026-02-16T00:19:06.252523,0.0305,0.031,0.03,0.001,1089086.19,473103.49
1771172526,2026-02-16T00:22:06.227271,0.0305,0.031,0.03,0.001,1089063.1300000001,473716.49
1771172706,2026-02-16T00:25:06.222995,0.0305,0.031,0.03,0.001,1089002.75,478209.36
1771172886,2026-02-16T00:28:06.281079,0.0305,0.031,0.03,0.001,1088917.61,478141.97
1771173066,2026-02-16T00:31:06.317852,0.0305,0.031,0.03,0.001,1088756.32,472898.91
1771173246,2026-02-16T00:34:06.336937,0.0305,0.031,0.03,0.001,1092356.32,472442.88
1771173426,2026-02-16T00:37:06.448011,0.0305,0.031,0.03,0.001,1092558.85,471925.13
1771173606,2026-02-16T00:40:06.428236,0.0305,0.031,0.03,0.001,1092553.85,474507.45
1771173786,2026-02-16T00:43:06.445787,0.0305,0.031,0.03,0.001,1092447.68,471801.83999999997
1771173966,2026-02-16T00:46:06.467612,0.0305,0.031,0.03,0.001,1092447.68,474406.29
1771174146,2026-02-16T00:49:06.448728,0.0305,0.031,0.03,0.001,1092180.16,472443.61
1771174326,2026-02-16T00:52:06.473534,0.0305,0.031,0.03,0.001,1091530.16,472382.31
1771174506,2026-02-16T00:55:06.668625,0.0305,0.031,0.03,0.001,1091435.81,472287.96
1771174686,2026-02-16T00:58:06.613880,0.0305,0.031,0.03,0.001,1091182.11,472264.26
1771174866,2026-02-16T01:01:06.533767,0.0305,0.031,0.03,0.001,1091432.07,473146.72
1771175046,2026-02-16T01:04:06.797663,0.0305,0.031,0.03,0.001,1091389.45,473663.01
1771175226,2026-02-16T01:07:06.663040,0.0305,0.031,0.03,0.001,1091354.76,470798.32
1771175406,2026-02-16T01:10:06.672087,0.0305,0.031,0.03,0.001,1091254.76,469860.82
1771175586,2026-02-16T01:13:06.744090,0.0305,0.031,0.03,0.001,1091106.91,469854.82
1771175766,2026-02-16T01:16:06.666551,0.0305,0.031,0.03,0.001,1091059.75,469748.33999999997
1771175951,2026-02-16T01:19:11.531045,0.0305,0.031,0.03,0.001,1090905.23,471219.82
1771176126,2026-02-16T01:22:06.725195,0.0305,0.031,0.03,0.001,1090905.23,472150.86
1771176306,2026-02-16T01:25:06.691067,0.0305,0.031,0.03,0.001,1092055.27,472916.76
1771176486,2026-02-16T01:28:06.777483,0.0305,0.031,0.03,0.001,1092004.56,472871.05
1771176666,2026-02-16T01:31:06.814214,0.0305,0.031,0.03,0.001,1091999.4,471261.8
1771176846,2026-02-16T01:34:06.874508,0.0305,0.031,0.03,0.001,1091999.4,472150.3
1771177026,2026-02-16T01:37:06.888575,0.0305,0.031,0.03,0.001,1092043.01,471121.49
1771177206,2026-02-16T01:40:06.982496,0.031,0.032,0.03,0.002,1092034.76,693251.63
1771177386,2026-02-16T01:43:06.913653,0.0315,0.032,0.031,0.001,1055649.04,698933.56
1771177567,2026-02-16T01:46:07.113418,0.0315,0.032,0.031,0.001,1056395.59,722711.01
1771177746,2026-02-16T01:49:06.971659,0.0315,0.032,0.031,0.001,1056453.86,722168.92
1771177926,2026-02-16T01:52:06.948645,0.0315,0.032,0.031,0.001,123077.84,718052.54
1771178107,2026-02-16T01:55:07.016246,0.0315,0.032,0.031,0.001,122826.91,719799.45
1771178287,2026-02-16T01:58:07.109115,0.0305,0.031,0.03,0.001,148228.13999999998,503103.19
1771178467,2026-02-16T02:01:07.104518,0.0305,0.031,0.03,0.001,146727.11,502688.92
1771178647,2026-02-16T02:04:07.218703,0.0305,0.031,0.03,0.001,146884.37,502596.12
1771178827,2026-02-16T02:07:07.089328,0.0305,0.031,0.03,0.001,146733.44,502434.61
1771179007,2026-02-16T02:10:07.234875,0.0305,0.031,0.03,0.001,146720.66,502321.83
1771179187,2026-02-16T02:13:07.154795,0.0305,0.031,0.03,0.001,146732.13,502228.67
1771179367,2026-02-16T02:16:07.228241,0.0305,0.031,0.03,0.001,146686.18,502192.72
1771179547,2026-02-16T02:19:07.276855,0.0305,0.031,0.03,0.001,146427.86,502124.68
1771179727,2026-02-16T02:22:07.243801,0.0305,0.031,0.03,0.001,146368.87,501765.69
1771179907,2026-02-16T02:25:07.265372,0.0305,0.031,0.03,0.001,145466.91999999998,501650.08999999997
1771180087,2026-02-16T02:28:07.234794,0.0305,0.031,0.03,0.001,145117.61,499575.02999999997
1771180267,2026-02-16T02:31:07.287771,0.0305,0.031,0.03,0.001,145127.38999999998,499477.52999999997
1771180447,2026-02-16T02:34:07.380650,0.0305,0.031,0.03,0.001,145036.74,499340.62
1771180627,2026-02-16T02:37:07.443276,0.0305,0.031,0.03,0.001,144987.91999999998,499162.33999999997
1771180807,2026-02-16T02:40:07.362424,0.0305,0.031,0.03,0.001,144982.91999999998,504162.33999999997
1771180987,2026-02-16T02:43:07.315014,0.0305,0.031,0.03,0.001,144841.72,490570.19
1771181167,2026-02-16T02:46:07.454753,0.0305,0.031,0.03,0.001,144849.54,490428.28
1771181347,2026-02-16T02:49:07.450955,0.0305,0.031,0.03,0.001,146694.69999999998,490381.03
1771181527,2026-02-16T02:52:07.649849,0.0305,0.031,0.03,0.001,146645.91,490293.76
1771181707,2026-02-16T02:55:07.487512,0.0305,0.031,0.03,0.001,146535.91,493164.72000000003
1771181887,2026-02-16T02:58:07.616232,0.0305,0.031,0.03,0.001,146535.91,491938.91
1771182067,2026-02-16T03:01:07.634743,0.0305,0.031,0.03,0.001,146962.09,491822.32
1771182247,2026-02-16T03:04:07.644695,0.0305,0.031,0.03,0.001,147062.09,500501.06
1771182427,2026-02-16T03:07:07.642490,0.0305,0.031,0.03,0.001,147020.81,498790.51
1771182607,2026-02-16T03:10:07.626806,0.0305,0.031,0.03,0.001,146977.49,487168.77
1771182787,2026-02-16T03:13:07.617010,0.031,0.032,0.03,0.002,147121.29,712831.28
1771182967,2026-02-16T03:16:07.695726,0.031,0.032,0.03,0.002,146289.29,712831.28
1771183147,2026-02-16T03:19:07.686065,0.031,0.032,0.03,0.002,147115.19999999998,712772.99
1771183327,2026-02-16T03:22:07.714368,0.031,0.032,0.03,0.002,147072.79,710680.84
1771183507,2026-02-16T03:25:07.873643,0.031,0.032,0.03,0.002,147874.54,709655.09
1771183687,2026-02-16T03:28:07.778711,0.031,0.032,0.03,0.002,147683.34,710971.65
1771183867,2026-02-16T03:31:07.758020,0.031,0.032,0.03,0.002,147537.04,710920.35
1771184047,2026-02-16T03:34:07.896764,0.03,0.031,0.029,0.002,123815.01999999999,507421.93
1771184227,2026-02-16T03:37:07.914998,0.03,0.031,0.029,0.002,122038.15,507158.38
1771184407,2026-02-16T03:40:07.902087,0.0305,0.031,0.03,0.001,116709.43000000001,505724.91
1771184587,2026-02-16T03:43:07.924291,0.0305,0.031,0.03,0.001,126663.43000000001,516369.79
1771184767,2026-02-16T03:46:07.946294,0.0305,0.031,0.03,0.001,146596.44,508760.57
1771184947,2026-02-16T03:49:07.908006,0.0305,0.031,0.03,0.001,146546.76,508203.95999999996
1771185128,2026-02-16T03:52:08.046153,0.031,0.032,0.03,0.002,146501.03,663636.0
1771185308,2026-02-16T03:55:08.117567,0.031,0.032,0.03,0.002,150122.16,662338.45
1771185488,2026-02-16T03:58:08.086197,0.0315,0.032,0.031,0.001,113272.22,641873.74
1771185668,2026-02-16T04:01:08.168640,0.0315,0.032,0.031,0.001,112625.55,635711.57
1771185848,2026-02-16T04:04:08.097730,0.0315,0.032,0.031,0.001,112425.87,619299.74
1771186028,2026-02-16T04:07:08.109057,0.0315,0.032,0.031,0.001,111631.46,622749.4299999999
1771186208,2026-02-16T04:10:08.238818,0.0305,0.031,0.03,0.001,149275.82,406164.43
1771186388,2026-02-16T04:13:08.149372,0.031,0.032,0.03,0.002,146096.05,619903.69
1771186568,2026-02-16T04:16:08.229107,0.0315,0.032,0.031,0.001,121585.95,620742.74
1771186748,2026-02-16T04:19:08.453071,0.0315,0.032,0.031,0.001,130891.67,609616.03
1771186928,2026-02-16T04:22:08.274095,0.032,0.033,0.031,0.002,130844.67,725830.1799999999
1771187108,2026-02-16T04:25:08.283808,0.0315,0.032,0.031,0.001,130879.62,614602.52
1771187288,2026-02-16T04:28:08.317722,0.0315,0.032,0.031,0.001,130673.44,614456.33
1771187468,2026-02-16T04:31:08.349504,0.0315,0.032,0.031,0.001,130513.54,615710.22
1771187648,2026-02-16T04:34:08.464279,0.0315,0.032,0.031,0.001,132500.38,609624.17
1771187828,2026-02-16T04:37:08.448324,0.0315,0.032,0.031,0.001,133724.38,609616.48
1771188008,2026-02-16T04:40:08.695503,0.0315,0.032,0.031,0.001,133684.36,609877.66
1771188188,2026-02-16T04:43:08.537753,0.0315,0.032,0.031,0.001,116755.62,619777.32
1771188368,2026-02-16T04:46:08.504562,0.0315,0.032,0.031,0.001,116648.5,623093.59
1771188548,2026-02-16T04:49:08.667524,0.0315,0.032,0.031,0.001,115648.5,628783.25
1771188728,2026-02-16T04:52:08.646207,0.0315,0.032,0.031,0.001,115296.75,632254.0599999999
1771188908,2026-02-16T04:55:08.644859,0.0315,0.032,0.031,0.001,113911.54000000001,633055.48
1771189088,2026-02-16T04:58:08.658400,0.0315,0.032,0.031,0.001,113911.54000000001,633055.48
1771189268,2026-02-16T05:01:08.666494,0.0315,0.032,0.031,0.001,118277.04000000001,632718.11
1771189448,2026-02-16T05:04:08.639051,0.0315,0.032,0.031,0.001,128430.37000000001,623175.6
1771189628,2026-02-16T05:07:08.670851,0.0315,0.032,0.031,0.001,128871.8,622835.72
1771189808,2026-02-16T05:10:08.647654,0.0315,0.032,0.031,0.001,128774.62,622843.49
1771189988,2026-02-16T05:13:08.726563,0.0315,0.032,0.031,0.001,127172.73999999999,622634.49
1771190168,2026-02-16T05:16:08.865636,0.0315,0.032,0.031,0.001,132579.1,622592.89
1771190348,2026-02-16T05:19:08.875816,0.0315,0.032,0.031,0.001,132453.31,622452.76
1771190528,2026-02-16T05:22:08.841308,0.0315,0.032,0.031,0.001,128877.70999999999,622250.53
1771190708,2026-02-16T05:25:08.899013,0.0315,0.032,0.031,0.001,129306.95999999999,622159.85
1771190888,2026-02-16T05:28:08.878465,0.0315,0.032,0.031,0.001,129247.55,625313.22
1771191068,2026-02-16T05:31:08.925371,0.0315,0.032,0.031,0.001,132343.41999999998,623949.78
1771191248,2026-02-16T05:34:08.938123,0.0315,0.032,0.031,0.001,132160.15,623886.51
1771191429,2026-02-16T05:37:09.044437,0.0315,0.032,0.031,0.001,132260.15,623903.07
1771191609,2026-02-16T05:40:09.035925,0.0315,0.032,0.031,0.001,132151.97,622209.24
1771191789,2026-02-16T05:43:09.062278,0.0315,0.032,0.031,0.001,130328.65,571440.8099999999
1771191969,2026-02-16T05:46:09.027799,0.0315,0.032,0.031,0.001,135460.25,571410.8099999999
1771192149,2026-02-16T05:49:09.073684,0.0315,0.032,0.031,0.001,135494.82,571362.72
1771192329,2026-02-16T05:52:09.152576,0.0315,0.032,0.031,0.001,135547.39,571718.17
1771192509,2026-02-16T05:55:09.228324,0.0315,0.033,0.03,0.003,144262.26,579420.79
1771192689,2026-02-16T05:58:09.165228,0.0315,0.032,0.031,0.001,108308.34,538202.18
1771192869,2026-02-16T06:01:09.081784,0.0315,0.032,0.031,0.001,108098.96,538163.48
1771193049,2026-02-16T06:04:09.248172,0.0315,0.032,0.031,0.001,108218.35,543416.57
1771193229,2026-02-16T06:07:09.237653,0.0325,0.033,0.032,0.001,112465.85,429618.51
1771193409,2026-02-16T06:10:09.271158,0.033,0.034,0.032,0.002,138011.22,579823.63
1771193589,2026-02-16T06:13:09.445229,0.033,0.034,0.032,0.002,150734.27,585378.28
1771193769,2026-02-16T06:16:09.293858,0.0325,0.033,0.032,0.001,151987.16999999998,444708.48
1771193949,2026-02-16T06:19:09.295673,0.0325,0.033,0.032,0.001,146580.22,446983.26
1771194129,2026-02-16T06:22:09.457105,0.033,0.034,0.032,0.002,146832.07,592864.58
1771194309,2026-02-16T06:25:09.525277,0.033,0.034,0.032,0.002,146824.83,590733.1
1771194489,2026-02-16T06:28:09.369487,0.033,0.034,0.032,0.002,146706.7,591142.89
1771194669,2026-02-16T06:31:09.462468,0.0335,0.034,0.033,0.001,113084.95999999999,590930.22
1771194849,2026-02-16T06:34:09.482995,0.0325,0.033,0.032,0.001,144181.19999999998,447674.34
1771195209,2026-02-16T06:40:09.669957,0.0335,0.034,0.033,0.001,113815.64,582457.62
1771195389,2026-02-16T06:43:09.791388,0.0335,0.034,0.033,0.001,114216.32999999999,595115.94
1771195569,2026-02-16T06:46:09.683960,0.0335,0.034,0.033,0.001,101750.77,594896.36
1771195749,2026-02-16T06:49:09.645961,0.0335,0.034,0.033,0.001,101761.1,599814.88
1771195929,2026-02-16T06:52:09.650336,0.0335,0.034,0.033,0.001,101761.1,599694.88
1771196109,2026-02-16T06:55:09.606741,0.0335,0.034,0.033,0.001,101647.59999999999,599581.38
1771196289,2026-02-16T06:58:09.654867,0.0335,0.034,0.033,0.001,101200.45999999999,599581.38
1771196469,2026-02-16T07:01:09.703549,0.0315,0.032,0.031,0.001,120467.92,391317.92
1771196649,2026-02-16T07:04:09.745668,0.0315,0.032,0.031,0.001,139432.92,404918.27999999997
1771196829,2026-02-16T07:07:09.768233,0.031,0.032,0.03,0.002,199183.61,405085.88
1771197009,2026-02-16T07:10:09.941312,0.0315,0.032,0.031,0.001,139710.55,405041.60000000003
1771197189,2026-02-16T07:13:09.850576,0.031,0.032,0.03,0.002,196017.56,401748.85000000003
1771197369,2026-02-16T07:16:09.891694,0.0315,0.032,0.031,0.001,139182.5,402354.58
1771197549,2026-02-16T07:19:09.859781,0.032,0.033,0.031,0.002,144025.44,467897.74
1771197729,2026-02-16T07:22:09.889893,0.0325,0.033,0.032,0.001,138680.63,469415.87
1771197909,2026-02-16T07:25:09.947841,0.0325,0.033,0.032,0.001,138612.88,471449.71
1771198090,2026-02-16T07:28:10.030491,0.0325,0.033,0.032,0.001,138846.5,471358.9
1771198270,2026-02-16T07:31:10.067944,0.0315,0.032,0.031,0.001,143974.83,405492.08
1771198450,2026-02-16T07:34:10.046535,0.0315,0.032,0.031,0.001,143809.65,445488.82
1771198630,2026-02-16T07:37:10.041240,0.0315,0.032,0.031,0.001,143653.54,460181.03
1771198810,2026-02-16T07:40:10.106294,0.0315,0.032,0.031,0.001,133185.71,461361.89
1771198990,2026-02-16T07:43:10.058204,0.0315,0.032,0.031,0.001,134883.86000000002,463894.41000000003
1771199170,2026-02-16T07:46:10.101955,0.0315,0.032,0.031,0.001,134906.26,463168.81
1771199350,2026-02-16T07:49:10.238255,0.0315,0.032,0.031,0.001,135495.12,460576.39
1771199530,2026-02-16T07:52:10.251966,0.0315,0.032,0.031,0.001,135489.96,460576.39
1771199710,2026-02-16T07:55:10.240352,0.031,0.032,0.03,0.002,194490.53,457298.26
1771199890,2026-02-16T07:58:10.242588,0.0305,0.031,0.03,0.001,194570.99,239561.06999999998
1771200070,2026-02-16T08:01:10.267046,0.0305,0.031,0.03,0.001,194565.99,239437.88
1771200250,2026-02-16T08:04:10.259172,0.031,0.032,0.03,0.002,194480.83,457207.19
1771200430,2026-02-16T08:07:10.368682,0.031,0.032,0.03,0.002,198754.83,459675.94
1771200610,2026-02-16T08:10:10.305885,0.031,0.032,0.03,0.002,198749.68,459640.79
1771200790,2026-02-16T08:13:10.437488,0.031,0.032,0.03,0.002,198749.68,459640.79
1771200970,2026-02-16T08:16:10.433695,0.031,0.032,0.03,0.002,198697.3,459561.46
1771201150,2026-02-16T08:19:10.481017,0.031,0.032,0.03,0.002,198697.3,458958.02
1771201330,2026-02-16T08:22:10.432531,0.0305,0.031,0.03,0.001,198697.3,241935.16
1771201510,2026-02-16T08:25:10.473525,0.0315,0.032,0.031,0.001,136094.77,457037.67
1771201690,2026-02-16T08:28:10.645934,0.0315,0.032,0.031,0.001,135953.25999999998,456576.16
1771201870,2026-02-16T08:31:10.671000,0.0315,0.032,0.031,0.001,135831.66999999998,457558.96
1771202050,2026-02-16T08:34:10.720975,0.031,0.032,0.03,0.002,184827.38,453836.8
1771202230,2026-02-16T08:37:10.730057,0.0315,0.032,0.031,0.001,124573.65,457623.81
1771202410,2026-02-16T08:40:10.760785,0.0315,0.032,0.031,0.001,124743.65,457633.81
1771202595,2026-02-16T08:43:15.509026,0.0305,0.031,0.03,0.001,185209.00999999998,240055.33
1771202770,2026-02-16T08:46:10.636301,0.0305,0.031,0.03,0.001,185209.00999999998,240188.33
1771202950,2026-02-16T08:49:10.733185,0.0305,0.031,0.03,0.001,185200.27,240183.69999999998
1771203130,2026-02-16T08:52:10.685130,0.0305,0.031,0.03,0.001,185415.59,239994.93
1771203310,2026-02-16T08:55:10.778685,0.0315,0.032,0.031,0.001,130032.18,453751.55
1771203490,2026-02-16T08:58:10.693421,0.0315,0.032,0.031,0.001,130090.04,458734.66
1771203670,2026-02-16T09:01:10.847396,0.0315,0.032,0.031,0.001,130142.45,458734.66
1771203850,2026-02-16T09:04:10.855383,0.0315,0.032,0.031,0.001,131168.31,458687.07
1771204030,2026-02-16T09:07:10.840814,0.031,0.032,0.03,0.002,191647.63,458687.07
1771204210,2026-02-16T09:10:10.956110,0.031,0.032,0.03,0.002,191509.75,458579.94
1771204390,2026-02-16T09:13:10.908761,0.031,0.032,0.03,0.002,191509.75,458579.94
1771204571,2026-02-16T09:16:11.046552,0.031,0.032,0.03,0.002,191462.27,458574.94
1771204750,2026-02-16T09:19:10.999348,0.031,0.032,0.03,0.002,191212.63999999998,458377.83
1771204931,2026-02-16T09:22:11.063145,0.03,0.031,0.029,0.002,180218.67,244444.25999999998
1771205111,2026-02-16T09:25:11.057194,0.0305,0.031,0.03,0.001,176944.77,246993.63
1771205291,2026-02-16T09:28:11.099853,0.0305,0.031,0.03,0.001,176934.77,247093.63
1771205471,2026-02-16T09:31:11.119506,0.0305,0.031,0.03,0.001,177679.3,247738.16
1771205651,2026-02-16T09:34:11.168088,0.0305,0.031,0.03,0.001,177544.69999999998,248049.99
1771205831,2026-02-16T09:37:11.229872,0.0305,0.031,0.03,0.001,177491.15,247994.19
1771206011,2026-02-16T09:40:11.232682,0.0305,0.031,0.03,0.001,177491.15,247994.19
1771206191,2026-02-16T09:43:11.243819,0.0305,0.031,0.03,0.001,177477.58,247775.62
1771206371,2026-02-16T09:46:11.256652,0.0295,0.03,0.029,0.001,180318.19,101689.98999999999
1771206551,2026-02-16T09:49:11.311983,0.0295,0.03,0.029,0.001,180297.13999999998,101538.93999999999
1771206731,2026-02-16T09:52:11.246858,0.0295,0.03,0.029,0.001,180195.59,101437.39
1771206911,2026-02-16T09:55:11.369249,0.0295,0.03,0.029,0.001,180133.94,99604.01999999999
1771207091,2026-02-16T09:58:11.424759,0.0295,0.03,0.029,0.001,180246.41,100839.56
1771207276,2026-02-16T10:01:16.231485,0.0295,0.03,0.029,0.001,180207.93,101091.73999999999
1771207451,2026-02-16T10:04:11.416635,0.0295,0.03,0.029,0.001,180171.38,100996.87999999999
1771207631,2026-02-16T10:07:11.652328,0.0305,0.031,0.03,0.001,175239.12,248723.46
1771207811,2026-02-16T10:10:11.436743,0.0305,0.031,0.03,0.001,175409.12,248723.46
1771207991,2026-02-16T10:13:11.433698,0.031,0.032,0.03,0.002,180100.03,459619.89
1771208171,2026-02-16T10:16:11.465746,0.031,0.032,0.03,0.002,180107.66,459739.52
1771208351,2026-02-16T10:19:11.664557,0.031,0.032,0.03,0.002,179916.67,459711.66
1771208531,2026-02-16T10:22:11.643743,0.0305,0.031,0.03,0.001,179971.02,242231.06
1771208711,2026-02-16T10:25:11.583990,0.031,0.032,0.03,0.002,179916.86,459906.66
1771208891,2026-02-16T10:28:11.841674,0.031,0.032,0.03,0.002,179790.5,459806.02
1771209071,2026-02-16T10:31:11.634512,0.031,0.032,0.03,0.002,179745.76,473761.28
1771209251,2026-02-16T10:34:11.649361,0.031,0.032,0.03,0.002,179550.81,473656.03
1771209431,2026-02-16T10:37:11.634851,0.0305,0.031,0.03,0.001,179515.59,311265.06
1771209611,2026-02-16T10:40:11.788223,0.0305,0.031,0.03,0.001,180315.59,311264.99
1771209791,2026-02-16T10:43:11.677956,0.0305,0.031,0.03,0.001,180521.1,311170.5
1771209976,2026-02-16T10:46:16.481572,0.0305,,,0.001,181425.52,312042.66000000003
1771210151,2026-02-16T10:49:11.829596,0.031,0.032,0.03,0.002,181771.95,524908.38
1771210331,2026-02-16T10:52:11.877867,0.031,0.032,0.03,0.002,181771.95,524878.41
1771210511,2026-02-16T10:55:11.889128,0.031,0.032,0.03,0.002,181771.95,535243.91
1771210691,2026-02-16T10:58:11.786369,0.0315,0.032,0.031,0.001,117571.21,535243.91
1771210871,2026-02-16T11:01:11.789625,0.031,0.032,0.03,0.002,177654.83,535137.14
1771211053,2026-02-16T11:04:13.692102,0.031,0.032,0.03,0.002,177573.39,533025.65
1771211231,2026-02-16T11:07:11.948737,0.031,0.032,0.03,0.002,177573.39,532894.92
1771211411,2026-02-16T11:10:11.938577,0.031,0.032,0.03,0.002,177872.43,532849.96
1771211592,2026-02-16T11:13:12.097052,0.0305,0.031,0.03,0.001,177804.59,305393.75
1771211772,2026-02-16T11:16:12.027935,0.0305,0.031,0.03,0.001,177799.43,306453.69
1771211952,2026-02-16T11:19:12.065594,0.0305,0.031,0.03,0.001,177596.53,310124.01
1771212132,2026-02-16T11:22:12.250327,0.0305,0.031,0.03,0.001,177606.83,310124.01
1771212312,2026-02-16T11:25:12.075223,0.0305,0.031,0.03,0.001,177648.18,310065.36
1771212492,2026-02-16T11:28:12.231854,0.0305,0.031,0.03,0.001,178048.33,310069.48
1771212672,2026-02-16T11:31:12.080431,0.0305,0.031,0.03,0.001,178004.84,309975.59
1771212852,2026-02-16T11:34:12.220591,0.0305,0.031,0.03,0.001,177741.4,310375.82
1771213032,2026-02-16T11:37:12.444885,0.0305,0.031,0.03,0.001,179551.1,310295.51
1771213212,2026-02-16T11:40:12.325190,0.0305,0.031,0.03,0.001,179551.1,310295.51
1771213392,2026-02-16T11:43:12.230494,0.031,0.032,0.03,0.002,179494.87,527858.06
1771213576,2026-02-16T11:46:16.894403,0.0295,,,0.001,180875.62,160038.78
1771213752,2026-02-16T11:49:12.236561,0.0295,0.03,0.029,0.001,180796.99,161960.15
1771213932,2026-02-16T11:52:12.235502,0.0295,0.03,0.029,0.001,121435.26,162027.0
1771214112,2026-02-16T11:55:12.453433,0.031,0.032,0.03,0.002,133913.54,487096.18
1771214292,2026-02-16T11:58:12.285527,0.0305,0.031,0.03,0.001,134958.34,259957.69
1771214472,2026-02-16T12:01:12.428081,0.0305,0.031,0.03,0.001,134894.61,277047.75
1771214652,2026-02-16T12:04:12.456225,0.0305,0.031,0.03,0.001,134994.61,277077.75
1771214868,2026-02-16T12:07:48.038510,0.0305,0.031,0.03,0.001,135065.93,269559.22000000003
1771215048,2026-02-16T12:10:48.044948,0.0305,0.031,0.03,0.001,135428.54,269468.2
1771215228,2026-02-16T12:13:48.092546,0.0305,0.031,0.03,0.001,135781.83,269138.3
1771215408,2026-02-16T12:16:48.210328,0.0305,0.031,0.03,0.001,135197.69999999998,269056.27
1771215588,2026-02-16T12:19:48.240510,0.0305,0.031,0.03,0.001,135510.36,310944.94
1771215768,2026-02-16T12:22:48.244953,0.0305,0.031,0.03,0.001,135276.27,310887.61
1771215948,2026-02-16T12:25:48.220009,0.0305,0.031,0.03,0.001,134776.27,311364.03
1771216128,2026-02-16T12:28:48.247127,0.0305,0.031,0.03,0.001,133779.94999999998,311723.23
1771216308,2026-02-16T12:31:48.279752,0.0305,0.031,0.03,0.001,135112.09,308605.5
1771216488,2026-02-16T12:34:48.297683,0.0305,0.031,0.03,0.001,136110.36,302780.65
1771216668,2026-02-16T12:37:48.305672,0.031,0.032,0.03,0.002,136088.55,522745.74
1771216848,2026-02-16T12:40:48.484845,0.0305,0.031,0.03,0.001,141087.96,298131.06
1771217028,2026-02-16T12:43:48.429625,0.0305,0.031,0.03,0.001,141014.87,298124.28
1771217208,2026-02-16T12:46:48.446699,0.0305,0.031,0.03,0.001,140970.33,298382.49
1771217388,2026-02-16T12:49:48.402891,0.0305,0.031,0.03,0.001,140959.33,298382.49
1771217568,2026-02-16T12:52:48.584253,0.0305,0.031,0.03,0.001,140925.33,298270.27
1771217748,2026-02-16T12:55:48.467813,0.0305,0.031,0.03,0.001,140632.86,298182.96
1771217928,2026-02-16T12:58:48.646598,0.0305,0.031,0.03,0.001,140622.56,298182.96
1771218108,2026-02-16T13:01:48.559115,0.0305,0.031,0.03,0.001,140622.56,298182.96
1771218288,2026-02-16T13:04:48.665482,0.0305,0.031,0.03,0.001,140622.56,298338.58
1771218468,2026-02-16T13:07:48.682168,0.0305,0.031,0.03,0.001,140524.22999999998,298240.25
1771218648,2026-02-16T13:10:48.676524,0.0305,0.031,0.03,0.001,140524.22999999998,298208.0
1771218828,2026-02-16T13:13:48.660227,0.0305,0.031,0.03,0.001,140504.37,298088.14
1771219008,2026-02-16T13:16:48.700519,0.0305,0.031,0.03,0.001,144484.66999999998,298208.14
1771219188,2026-02-16T13:19:48.793135,0.0305,0.031,0.03,0.001,144175.88,298187.44
1771219368,2026-02-16T13:22:48.946283,0.0315,0.032,0.031,0.001,95307.66,516988.96
1771219548,2026-02-16T13:25:48.798267,0.0315,0.032,0.031,0.001,95333.36,527118.37
1771219728,2026-02-16T13:28:48.767225,0.0315,0.032,0.031,0.001,95328.2,548957.37
1771219908,2026-02-16T13:31:48.787128,0.0315,0.032,0.031,0.001,95317.85,558073.78
1771220088,2026-02-16T13:34:48.906644,0.032,0.033,0.031,0.002,94285.49,558531.72
1771220268,2026-02-16T13:37:48.911139,0.0325,0.033,0.032,0.001,82382.8,558488.64
1771220448,2026-02-16T13:40:48.893504,0.0325,0.033,0.032,0.001,83372.8,666307.9400000001
1771220629,2026-02-16T13:43:49.010470,0.0325,0.033,0.032,0.001,83362.8,666307.9400000001
1771220808,2026-02-16T13:46:48.974497,0.0325,0.033,0.032,0.001,83362.8,666004.84
1771220989,2026-02-16T13:49:49.076122,0.032,0.033,0.031,0.002,95333.43,665924.17
1771221169,2026-02-16T13:52:49.072395,0.0315,0.032,0.031,0.001,94269.65,616858.17
1771221349,2026-02-16T13:55:49.033941,0.0315,0.032,0.031,0.001,94369.65,616801.62
1771221529,2026-02-16T13:58:49.101882,0.0315,0.032,0.031,0.001,94218.3,619250.27
1771221709,2026-02-16T14:01:49.158713,0.0315,0.032,0.031,0.001,94210.2,619094.02
1771221889,2026-02-16T14:04:49.238677,0.0315,0.032,0.031,0.001,94821.52,618647.03
1771222069,2026-02-16T14:07:49.091422,0.0315,0.032,0.031,0.001,94770.89,618984.1
1771222249,2026-02-16T14:10:49.292542,0.0315,0.032,0.031,0.001,94770.89,618567.29
1771222429,2026-02-16T14:13:49.202233,0.0315,0.032,0.031,0.001,94722.99,618927.39
1771222609,2026-02-16T14:16:49.448292,0.0315,0.032,0.031,0.001,93002.95,618851.86
1771222789,2026-02-16T14:19:49.217169,0.0305,0.031,0.03,0.001,144270.91,387825.1
1771222969,2026-02-16T14:22:49.470462,0.0305,0.031,0.03,0.001,143858.91999999998,387825.1
1771223149,2026-02-16T14:25:49.427363,0.0305,0.031,0.03,0.001,143829.81,388605.63
1771223329,2026-02-16T14:28:49.423560,0.0305,0.031,0.03,0.001,144680.74,388434.56
1771223509,2026-02-16T14:31:49.479335,0.0305,0.031,0.03,0.001,144780.74,388734.56
1771223689,2026-02-16T14:34:49.453777,0.0305,0.031,0.03,0.001,145990.0,388493.37
1771223869,2026-02-16T14:37:49.449464,0.0305,0.031,0.03,0.001,146128.07,388326.06
1771224049,2026-02-16T14:40:49.456234,0.0305,0.031,0.03,0.001,146838.07,388326.06
1771224229,2026-02-16T14:43:49.661199,0.0305,0.031,0.03,0.001,146838.07,388974.06
1771224409,2026-02-16T14:46:49.627892,0.031,0.032,0.03,0.002,146790.3,606289.01
1771224589,2026-02-16T14:49:49.574779,0.031,0.032,0.03,0.002,146782.31,606331.51
1771224769,2026-02-16T14:52:49.643503,0.031,0.032,0.03,0.002,146832.08,614806.24
1771224949,2026-02-16T14:55:49.675783,0.031,0.032,0.03,0.002,146832.08,615234.24
1771225129,2026-02-16T14:58:49.724700,0.0315,0.032,0.031,0.001,86556.34,614836.24
1771225309,2026-02-16T15:01:49.663797,0.0315,0.032,0.031,0.001,86556.34,615264.24
1771225489,2026-02-16T15:04:49.685896,0.0315,0.032,0.031,0.001,86613.03,614069.43
1771225669,2026-02-16T15:07:49.744231,0.0315,0.032,0.031,0.001,86464.48,613509.53
1771225849,2026-02-16T15:10:49.686250,0.0315,0.032,0.031,0.001,85416.21,621694.61
1771226029,2026-02-16T15:13:49.759155,0.0315,0.032,0.031,0.001,85408.98,620773.61
1771226209,2026-02-16T15:16:49.863732,0.0315,0.032,0.031,0.001,85469.12,619610.53
1771226389,2026-02-16T15:19:49.820660,0.0315,0.032,0.031,0.001,95454.66,638013.46
1771226569,2026-02-16T15:22:49.839703,0.0315,0.032,0.031,0.001,95389.49,637799.28
1771226749,2026-02-16T15:25:49.896358,0.0315,0.032,0.031,0.001,95389.49,636399.62
1771226929,2026-02-16T15:28:49.954315,0.0315,0.032,0.031,0.001,95398.77,636164.62
1771227109,2026-02-16T15:31:49.914502,0.0315,0.032,0.031,0.001,95391.55,634655.65
1771227290,2026-02-16T15:34:50.009327,0.0315,0.032,0.031,0.001,95391.55,625632.08
1771227470,2026-02-16T15:37:50.051943,0.0315,0.032,0.031,0.001,95390.55,625154.93
1771227650,2026-02-16T15:40:50.208299,0.0315,0.032,0.031,0.001,285352.52,623164.4
1771227834,2026-02-16T15:43:54.680728,0.0305,,,0.001,343097.72000000003,406194.45
1771228010,2026-02-16T15:46:50.086644,0.0305,0.031,0.03,0.001,343948.25,405023.1
1771228190,2026-02-16T15:49:50.074220,0.0305,0.031,0.03,0.001,343863.14,404976.99
1771228370,2026-02-16T15:52:50.236358,0.0315,0.032,0.031,0.001,284033.08999999997,623532.68
1771228550,2026-02-16T15:55:50.077816,0.031,0.032,0.03,0.002,339541.32,623484.62
1771228730,2026-02-16T15:58:50.231576,0.031,0.032,0.03,0.002,339541.32,623453.37
1771228910,2026-02-16T16:01:50.229415,0.031,0.032,0.03,0.002,339279.92,623412.28
1771229090,2026-02-16T16:04:50.227006,0.031,0.032,0.03,0.002,339279.92,623202.28
1771229270,2026-02-16T16:07:50.419407,0.0305,0.031,0.03,0.001,146172.66999999998,405867.42
1771229450,2026-02-16T16:10:50.532297,0.0305,0.031,0.03,0.001,147069.24,406939.12
1771229630,2026-02-16T16:13:50.311551,0.0305,0.031,0.03,0.001,147025.28,406895.16000000003
1771229810,2026-02-16T16:16:50.439217,0.0305,0.031,0.03,0.001,148422.63999999998,407865.16000000003
1771229990,2026-02-16T16:19:50.429077,0.0315,0.032,0.031,0.001,88847.81999999999,624845.14
1771230170,2026-02-16T16:22:50.444153,0.0315,0.032,0.031,0.001,88490.06,626209.91
1771230350,2026-02-16T16:25:50.477738,0.0305,0.031,0.03,0.001,148666.55,410273.35
1771230530,2026-02-16T16:28:50.545386,0.0305,0.031,0.03,0.001,146272.34,406305.82
1771230710,2026-02-16T16:31:50.502583,0.0305,0.031,0.03,0.001,146747.01,406275.58999999997
1771230890,2026-02-16T16:34:50.672794,0.0305,0.031,0.03,0.001,155386.94,403054.02
1771231070,2026-02-16T16:37:50.619212,0.0305,0.031,0.03,0.001,155264.15,403031.33
1771231250,2026-02-16T16:40:50.619640,0.0305,0.031,0.03,0.001,157567.13999999998,404031.33
1771231430,2026-02-16T16:43:50.695380,0.0305,0.031,0.03,0.001,157130.03,405555.62
1771231610,2026-02-16T16:46:50.631681,0.031,0.032,0.03,0.002,157082.8,624529.33
1771231790,2026-02-16T16:49:50.691005,0.0305,0.031,0.03,0.001,156779.16999999998,400857.73
1771231970,2026-02-16T16:52:50.704495,0.0305,0.031,0.03,0.001,156819.94,400751.02999999997
1771232150,2026-02-16T16:55:50.784885,0.0305,0.031,0.03,0.001,157043.21,400050.5
1771232330,2026-02-16T16:58:50.775704,0.0315,0.032,0.031,0.001,103909.67,615152.92
1771232510,2026-02-16T17:01:50.834703,0.0315,0.032,0.031,0.001,103977.67,615070.64
1771232690,2026-02-16T17:04:50.854321,0.0315,0.032,0.031,0.001,103871.28,612815.16
1771232870,2026-02-16T17:07:50.842196,0.0315,0.032,0.031,0.001,103719.58,611285.96
1771233050,2026-02-16T17:10:50.802588,0.0315,0.032,0.031,0.001,104089.58,620242.5599999999
1771233230,2026-02-16T17:13:50.873869,0.0315,0.032,0.031,0.001,104099.58,620203.6799999999
1771233410,2026-02-16T17:16:50.893662,0.0315,0.032,0.031,0.001,103891.91,620203.6799999999
1771233590,2026-02-16T17:19:50.903093,0.0315,0.032,0.031,0.001,103732.59,620983.88
1771233770,2026-02-16T17:22:50.972428,0.0315,0.032,0.031,0.001,103721.31,626384.89
1771233951,2026-02-16T17:25:51.055994,0.0315,0.032,0.031,0.001,103770.23,626510.82
1771234131,2026-02-16T17:28:51.065321,0.0315,0.032,0.031,0.001,103773.23,627720.02
1771234311,2026-02-16T17:31:51.020763,0.0315,0.032,0.031,0.001,105464.11,615784.85
1771234491,2026-02-16T17:34:51.119783,0.0315,0.032,0.031,0.001,106289.81,615784.85
1771234671,2026-02-16T17:37:51.219981,0.0315,0.032,0.031,0.001,106306.72,616570.66
1771234851,2026-02-16T17:40:51.085416,0.0315,0.032,0.031,0.001,106306.72,610856.66
1771235031,2026-02-16T17:43:51.096158,0.0315,0.032,0.031,0.001,107468.37,610856.66
1771235211,2026-02-16T17:46:51.221087,0.0315,0.032,0.031,0.001,112080.7,610598.3099999999
1771235391,2026-02-16T17:49:51.223432,0.0315,0.032,0.031,0.001,112438.21,603179.3099999999
1771235571,2026-02-16T17:52:51.234217,0.0315,0.032,0.031,0.001,113186.21,603135.82
1771235751,2026-02-16T17:55:51.311627,0.0315,0.032,0.031,0.001,113089.82,603742.05
1771235931,2026-02-16T17:58:51.390396,0.0315,0.032,0.031,0.001,112388.61,614071.23
1771236111,2026-02-16T18:01:51.278025,0.0315,0.032,0.031,0.001,111536.9,598638.86
1771236291,2026-02-16T18:04:51.434804,0.0315,0.032,0.031,0.001,111576.9,599428.86
1771236471,2026-02-16T18:07:51.436176,0.0315,0.032,0.031,0.001,111576.9,599300.4
1771236651,2026-02-16T18:10:51.431584,0.0315,0.032,0.031,0.001,111636.47,600379.96
1771236831,2026-02-16T18:13:51.450597,0.0315,0.032,0.031,0.001,111176.03,600294.52
1771237011,2026-02-16T18:16:51.450286,0.0315,0.032,0.031,0.001,111176.03,600294.52
1771237191,2026-02-16T18:19:51.631347,0.0315,0.032,0.031,0.001,111126.22,600249.71
1771237371,2026-02-16T18:22:51.639482,0.0315,0.032,0.031,0.001,111226.22,600249.71
1771237551,2026-02-16T18:25:51.810051,0.0315,0.032,0.031,0.001,109226.22,600349.71
1771237731,2026-02-16T18:28:51.661597,0.0315,0.032,0.031,0.001,109126.22,600349.71
1771237911,2026-02-16T18:31:51.646655,0.0315,0.032,0.031,0.001,114034.46,600039.96
1771238091,2026-02-16T18:34:51.818350,0.032,0.033,0.031,0.002,114034.46,673678.3099999999
1771238271,2026-02-16T18:37:51.655493,0.032,0.033,0.031,0.002,121534.45999999999,673544.0
1771238451,2026-02-16T18:40:51.658584,0.0315,0.032,0.031,0.001,127484.24,600762.22
1771238631,2026-02-16T18:43:51.690934,0.032,0.033,0.031,0.002,127820.76000000001,669710.82
1771238811,2026-02-16T18:46:51.807624,0.032,0.033,0.031,0.002,127883.04000000001,669403.97
1771238991,2026-02-16T18:49:51.853216,0.032,0.033,0.031,0.002,127876.25,662578.19
1771239171,2026-02-16T18:52:51.837854,0.0315,0.032,0.031,0.001,127676.45999999999,584950.66
1771239351,2026-02-16T18:55:51.925514,0.0315,0.032,0.031,0.001,148048.46,584577.66
1771239531,2026-02-16T18:58:51.973419,0.0315,0.032,0.031,0.001,147913.98,585739.34
1771239711,2026-02-16T19:01:51.857035,0.0315,0.032,0.031,0.001,147844.86,585528.35
1771239891,2026-02-16T19:04:51.980018,0.0315,0.032,0.031,0.001,147836.6,585548.17
1771240071,2026-02-16T19:07:51.922769,0.0315,0.032,0.031,0.001,147834.48,585546.04
1771240252,2026-02-16T19:10:52.040371,0.0315,0.032,0.031,0.001,147834.48,588041.04
1771240432,2026-02-16T19:13:52.077526,0.0315,0.032,0.031,0.001,147781.18,568966.91
1771240612,2026-02-16T19:16:52.029787,0.0315,0.032,0.031,0.001,147485.64,568582.58
1771240792,2026-02-16T19:19:52.049140,0.0315,0.032,0.031,0.001,128605.03,589683.14
1771240972,2026-02-16T19:22:52.222449,0.0315,0.032,0.031,0.001,129004.47,589566.13
1771241152,2026-02-16T19:25:52.228036,0.0315,0.032,0.031,0.001,129396.03,589009.31
1771241332,2026-02-16T19:28:52.221546,0.0315,0.032,0.031,0.001,130571.01000000001,584009.93
1771241512,2026-02-16T19:31:52.216546,0.0315,0.032,0.031,0.001,130571.01000000001,580341.2
1771241692,2026-02-16T19:34:52.240015,0.0315,0.032,0.031,0.001,130571.01000000001,585609.95
1771241872,2026-02-16T19:37:52.294083,0.0315,0.032,0.031,0.001,130525.43000000001,585564.37
1771242052,2026-02-16T19:40:52.240842,0.0315,0.032,0.031,0.001,130124.89,585632.62
1771242232,2026-02-16T19:43:52.259376,0.0315,0.032,0.031,0.001,130119.74,593388.63
1771242412,2026-02-16T19:46:52.362610,0.0315,0.032,0.031,0.001,130119.74,588026.28
1771242592,2026-02-16T19:49:52.356542,0.0315,0.032,0.031,0.001,129955.23,581797.25
1771242772,2026-02-16T19:52:52.409137,0.0315,0.032,0.031,0.001,129894.86,580971.12
1771242952,2026-02-16T19:55:52.415868,0.0315,0.032,0.031,0.001,129120.49,586179.1
1771243132,2026-02-16T19:58:52.503716,0.0315,0.032,0.031,0.001,129094.55,585801.24
1771243312,2026-02-16T20:01:52.483937,0.0315,0.032,0.031,0.001,128894.55,585801.24
1771243492,2026-02-16T20:04:52.481866,0.0315,0.032,0.031,0.001,129216.55,586104.24
1771243672,2026-02-16T20:07:52.618510,0.0315,0.032,0.031,0.001,141823.19,588295.36
1771243852,2026-02-16T20:10:52.683863,0.0315,0.032,0.031,0.001,141218.98,586054.52
1771244032,2026-02-16T20:13:52.559350,0.0315,0.032,0.031,0.001,141299.08,585873.48
1771244212,2026-02-16T20:16:52.646735,0.0315,0.032,0.031,0.001,145702.11,583162.78
1771244392,2026-02-16T20:19:52.654403,0.0315,0.032,0.031,0.001,146164.26,583124.53
1771244572,2026-02-16T20:22:52.653955,0.0315,0.032,0.031,0.001,145546.67,582908.86
1771244752,2026-02-16T20:25:52.691212,0.0315,0.032,0.031,0.001,145438.84,582810.3200000001
1771244932,2026-02-16T20:28:52.878896,0.0315,0.032,0.031,0.001,145380.33000000002,585533.89
1771245112,2026-02-16T20:31:52.780474,0.0315,0.032,0.031,0.001,145367.96,586195.52
1771245472,2026-02-16T20:37:52.843317,0.0315,0.032,0.031,0.001,142576.44,586047.92
1771245652,2026-02-16T20:40:52.881414,0.0315,0.032,0.031,0.001,142469.22,585940.6900000001
1771245832,2026-02-16T20:43:52.841803,0.0315,0.032,0.031,0.001,142421.97,582732.71
1771246012,2026-02-16T20:46:52.849713,0.0315,0.032,0.031,0.001,140341.03,582732.71
1771246192,2026-02-16T20:49:52.887212,0.0315,0.032,0.031,0.001,140253.47,585871.8
1771246373,2026-02-16T20:52:53.102233,0.0315,0.032,0.031,0.001,139471.79,585266.26
1771246553,2026-02-16T20:55:53.057282,0.0315,0.032,0.031,0.001,139466.79,585194.26
1771246733,2026-02-16T20:58:53.028504,0.0315,0.032,0.031,0.001,139323.08,584106.79
1771246913,2026-02-16T21:01:53.050891,0.0315,0.032,0.031,0.001,140548.79,588044.29
1771247093,2026-02-16T21:04:53.073238,0.0315,0.032,0.031,0.001,132718.03,587887.85
1771247273,2026-02-16T21:07:53.238574,0.0315,0.032,0.031,0.001,132674.55,587844.38
1771247453,2026-02-16T21:10:53.230503,0.0315,0.032,0.031,0.001,132645.55,584605.15
1771247633,2026-02-16T21:13:53.219914,0.0315,0.032,0.031,0.001,132573.66,584884.26
1771247813,2026-02-16T21:16:53.205658,0.0315,0.032,0.031,0.001,132528.83,586685.43
1771247993,2026-02-16T21:19:53.443183,0.0315,0.032,0.031,0.001,132528.83,582067.68
1771248173,2026-02-16T21:22:53.304342,0.0315,0.032,0.031,0.001,132628.83,595276.43
1771248353,2026-02-16T21:25:53.275718,0.0315,0.032,0.031,0.001,132628.83,595276.43
1771248533,2026-02-16T21:28:53.253054,0.0315,0.032,0.031,0.001,132672.73,594332.43
1771248713,2026-02-16T21:31:53.299261,0.0315,0.032,0.031,0.001,132218.22,593981.33
1771248893,2026-02-16T21:34:53.449859,0.0315,0.032,0.031,0.001,130767.66,592665.54
1771249073,2026-02-16T21:37:53.438805,0.0315,0.032,0.031,0.001,130961.66,578498.54
1771249253,2026-02-16T21:40:53.464592,0.0315,0.032,0.031,0.001,147746.4,638366.75
1771249438,2026-02-16T21:43:58.225249,0.0305,0.031,0.03,0.001,143450.9,443947.42
1771249613,2026-02-16T21:46:53.422655,0.0305,0.031,0.03,0.001,142806.58,448153.19
1771249793,2026-02-16T21:49:53.437959,0.0305,0.031,0.03,0.001,144710.46,448614.81
1771249973,2026-02-16T21:52:53.482546,0.0305,0.031,0.03,0.001,129597.65,448501.95
1771250153,2026-02-16T21:55:53.653724,0.0305,0.031,0.03,0.001,109094.55,448527.41
1771250333,2026-02-16T21:58:53.632106,0.0305,0.031,0.03,0.001,109144.6,448411.65
1771250513,2026-02-16T22:01:53.605311,0.0305,0.031,0.03,0.001,109231.7,438247.06
1771250693,2026-02-16T22:04:53.663190,0.0305,0.031,0.03,0.001,109130.54,446745.89999999997
1771250873,2026-02-16T22:07:53.659823,0.0305,0.031,0.03,0.001,109030.54,446423.31
1771251053,2026-02-16T22:10:53.623477,0.0305,0.031,0.03,0.001,111410.54,446420.20999999996
1771251233,2026-02-16T22:13:53.656839,0.0305,0.031,0.03,0.001,111313.62,448657.25
1771251413,2026-02-16T22:16:53.670661,0.0305,0.031,0.03,0.001,111751.65,447194.02999999997
1771251593,2026-02-16T22:19:53.739813,0.0305,0.031,0.03,0.001,111462.92,447066.24
1771251774,2026-02-16T22:22:54.315494,0.0305,0.031,0.03,0.001,111392.12,436936.83
1771251953,2026-02-16T22:25:53.823836,0.03,0.031,0.029,0.002,107967.43,437971.83999999997
1771252133,2026-02-16T22:28:53.882797,0.0295,0.03,0.029,0.001,107920.67,237402.62
1771252313,2026-02-16T22:31:53.879450,0.0295,0.03,0.029,0.001,107920.67,247835.95
1771252493,2026-02-16T22:34:53.852520,0.0295,0.03,0.029,0.001,107970.95,248486.27
1771252674,2026-02-16T22:37:54.078980,0.0305,0.031,0.03,0.001,103790.13,450641.08
1771252853,2026-02-16T22:40:53.936521,0.03,0.031,0.029,0.002,108604.71,463256.16
1771253033,2026-02-16T22:43:53.939884,0.03,0.031,0.029,0.002,107834.87,462359.55
1771253214,2026-02-16T22:46:54.037527,0.03,0.031,0.029,0.002,107786.12,462331.92
1771253394,2026-02-16T22:49:54.091291,0.0305,0.031,0.03,0.001,106395.06,458163.79
1771253574,2026-02-16T22:52:54.065172,0.0305,0.031,0.03,0.001,107364.16,457861.55
1771253754,2026-02-16T22:55:54.210792,0.0305,0.031,0.03,0.001,110364.16,457748.55
1771253934,2026-02-16T22:58:54.061776,0.0305,0.031,0.03,0.001,105708.48999999999,535817.1799999999
1771254114,2026-02-16T23:01:54.062798,0.0305,0.031,0.03,0.001,105691.92,536913.97
1771254294,2026-02-16T23:04:54.227668,0.0295,0.03,0.029,0.001,109945.14,385259.91
1771254474,2026-02-16T23:07:54.213356,0.0295,0.03,0.029,0.001,109945.14,384905.19
1771254654,2026-02-16T23:10:54.234358,0.0295,0.03,0.029,0.001,109940.14,384171.0
1771254834,2026-02-16T23:13:54.250248,0.0295,0.03,0.029,0.001,109940.14,384171.0
1771255014,2026-02-16T23:16:54.226047,0.0295,0.03,0.029,0.001,109940.14,383437.66
1771255194,2026-02-16T23:19:54.231423,0.0295,0.03,0.029,0.001,109898.33,383385.55
1771255374,2026-02-16T23:22:54.260555,0.0295,0.03,0.029,0.001,112802.67,383330.68
1771255554,2026-02-16T23:25:54.271628,0.0295,0.03,0.029,0.001,113467.88,375393.15
1771255734,2026-02-16T23:28:54.253878,0.0295,0.03,0.029,0.001,113414.34,375339.61
1771255914,2026-02-16T23:31:54.448956,0.0295,0.03,0.029,0.001,113405.06999999999,375249.46
1771256094,2026-02-16T23:34:54.430207,0.0295,0.03,0.029,0.001,113299.72,375049.46
1771256274,2026-02-16T23:37:54.466946,0.0295,0.03,0.029,0.001,110646.92,376036.57
1771256454,2026-02-16T23:40:54.446898,0.0295,0.03,0.029,0.001,101497.59,374956.93
1771256634,2026-02-16T23:43:54.670547,0.029,0.03,0.028,0.002,113529.39,372062.61
1771256814,2026-02-16T23:46:54.632784,0.029,0.03,0.028,0.002,113381.7,370330.27
1771256994,2026-02-16T23:49:54.639119,0.029,0.03,0.028,0.002,113324.34,369421.27
1771257174,2026-02-16T23:52:54.540085,0.0295,0.03,0.029,0.001,129395.25,369464.08
1771257354,2026-02-16T23:55:54.637645,0.0295,0.03,0.029,0.001,131578.92,369423.74
1771257534,2026-02-16T23:58:54.667454,0.0295,0.03,0.029,0.001,131539.68,369051.16
1771257714,2026-02-17T00:01:54.658199,0.0295,0.03,0.029,0.001,131452.82,368963.07
1771257894,2026-02-17T00:04:54.644266,0.0295,0.03,0.029,0.001,130842.52,368821.37
1771258074,2026-02-17T00:07:54.669939,0.0295,0.03,0.029,0.001,130940.67,368362.23
1771258254,2026-02-17T00:10:54.666204,0.0295,0.03,0.029,0.001,130873.13,291871.07
1771258434,2026-02-17T00:13:54.710379,0.0295,0.03,0.029,0.001,130826.93000000001,291658.2
1771258614,2026-02-17T00:16:54.699059,0.0295,0.03,0.029,0.001,129707.28,291457.93
1771258794,2026-02-17T00:19:54.934624,0.0295,0.03,0.029,0.001,129548.05,291102.7
1771258975,2026-02-17T00:22:55.110237,0.0295,0.03,0.029,0.001,129448.05,291877.85
1771259154,2026-02-17T00:25:54.842050,0.0295,0.03,0.029,0.001,129409.05,291580.08
1771259334,2026-02-17T00:28:54.866764,0.0295,0.03,0.029,0.001,129409.05,291238.6
1771259514,2026-02-17T00:31:54.867687,0.0295,0.03,0.029,0.001,128358.14,290263.7
1771259694,2026-02-17T00:34:54.917207,0.0295,0.03,0.029,0.001,128346.96,290148.7
1771259874,2026-02-17T00:37:54.927279,0.0295,0.03,0.029,0.001,128075.52,290306.79
1771260054,2026-02-17T00:40:54.957010,0.0295,0.03,0.029,0.001,126896.49,290580.63
1771260235,2026-02-17T00:43:55.038803,0.0295,0.03,0.029,0.001,125186.71,290810.63
1771260415,2026-02-17T00:46:55.058889,0.0295,0.03,0.029,0.001,125145.06,290738.98
1771260595,2026-02-17T00:49:55.049897,0.0295,0.03,0.029,0.001,124496.09,289960.01
1771260775,2026-02-17T00:52:55.052119,0.0295,0.03,0.029,0.001,124331.22,289936.3
1771260955,2026-02-17T00:55:55.074443,0.0295,0.03,0.029,0.001,124268.28,289443.01
1771261135,2026-02-17T00:58:55.221458,0.0295,0.03,0.029,0.001,124268.28,248856.5
1771261315,2026-02-17T01:01:55.078538,0.0295,0.03,0.029,0.001,124251.72,248277.69
1771261495,2026-02-17T01:04:55.265421,0.0295,0.03,0.029,0.001,119321.42,247251.15000000002
1771261675,2026-02-17T01:07:55.137143,0.0295,0.03,0.029,0.001,124222.22,247529.9
1771261855,2026-02-17T01:10:55.217231,0.0295,0.03,0.029,0.001,126014.71,247382.99
1771262035,2026-02-17T01:13:55.222261,0.0295,0.03,0.029,0.001,126014.71,241147.06
1771262215,2026-02-17T01:16:55.281143,0.0305,0.031,0.03,0.001,118137.34999999999,391811.16
1771262395,2026-02-17T01:19:55.278112,0.0305,0.031,0.03,0.001,124934.45999999999,390807.62
1771262575,2026-02-17T01:22:55.440955,0.0305,0.031,0.03,0.001,126190.98,390506.38
1771262755,2026-02-17T01:25:55.410045,0.0305,0.031,0.03,0.001,126401.25,400412.46
1771262935,2026-02-17T01:28:55.450297,0.0305,0.031,0.03,0.001,126201.25,398845.38
1771263115,2026-02-17T01:31:55.418118,0.0305,0.031,0.03,0.001,136130.29,405822.85
1771263295,2026-02-17T01:34:55.442001,0.0305,0.031,0.03,0.001,128276.31,406269.27999999997
1771263475,2026-02-17T01:37:55.823201,0.03,0.031,0.029,0.002,133160.54,406247.48
1771263655,2026-02-17T01:40:55.682281,0.0305,0.031,0.03,0.001,128246.27,406246.47
1771263835,2026-02-17T01:43:55.671495,0.0295,0.03,0.029,0.001,127663.24,198725.16
1771264015,2026-02-17T01:46:55.660841,0.0295,0.03,0.029,0.001,85906.11,246711.86
1771264195,2026-02-17T01:49:55.687252,0.0295,0.03,0.029,0.001,85961.01,253886.79
1771264375,2026-02-17T01:52:55.640384,0.029,0.03,0.028,0.002,88457.99,253918.87
1771264555,2026-02-17T01:55:55.640649,0.029,0.03,0.028,0.002,88748.45,253786.85
1771264735,2026-02-17T01:58:55.683057,0.0295,0.03,0.029,0.001,83821.7,254078.62
1771264915,2026-02-17T02:01:55.684043,0.029,0.03,0.028,0.002,88609.24,255581.78999999998
1771265095,2026-02-17T02:04:55.735680,0.029,0.03,0.028,0.002,88566.7,255439.25
1771265275,2026-02-17T02:07:55.878337,0.029,0.03,0.028,0.002,98666.66,255439.22
1771265455,2026-02-17T02:10:55.854570,0.029,0.03,0.028,0.002,98525.34,250431.15
1771265635,2026-02-17T02:13:55.879131,0.029,0.03,0.028,0.002,98525.34,245419.15
1771265815,2026-02-17T02:16:55.889962,0.029,0.03,0.028,0.002,98525.34,243349.15
1771265995,2026-02-17T02:19:55.883114,0.029,0.03,0.028,0.002,98525.34,243349.15
1771266175,2026-02-17T02:22:55.891059,0.029,0.03,0.028,0.002,98199.40000000001,218736.43
1771266355,2026-02-17T02:25:55.854942,0.0295,0.031,0.028,0.003,98168.3,391198.43
1771266535,2026-02-17T02:28:55.900164,0.0295,0.03,0.029,0.001,98757.41,169855.82
1771266716,2026-02-17T02:31:56.069557,0.03,0.031,0.029,0.002,98739.87,377807.49
1771266895,2026-02-17T02:34:55.925122,0.03,0.031,0.029,0.002,98725.8,377430.52
1771267076,2026-02-17T02:37:56.101826,0.0295,0.03,0.029,0.001,98644.23,174250.61000000002
1771267256,2026-02-17T02:40:56.014511,0.0295,0.03,0.029,0.001,98741.77,173696.14
1771267436,2026-02-17T02:43:56.114347,0.0295,0.03,0.029,0.001,98684.76,173615.79
1771267616,2026-02-17T02:46:56.108717,0.0295,0.03,0.029,0.001,93584.17,173530.65
1771267796,2026-02-17T02:49:56.237026,0.0295,0.03,0.029,0.001,93574.9,173512.13
1771267976,2026-02-17T02:52:56.232482,0.0295,0.03,0.029,0.001,93230.9,173478.79
1771268156,2026-02-17T02:55:56.231218,0.0295,0.03,0.029,0.001,92992.86,175529.55
1771268336,2026-02-17T02:58:56.245008,0.0295,0.03,0.029,0.001,92932.68,175469.37
1771268516,2026-02-17T03:01:56.272439,0.0295,0.03,0.029,0.001,93798.4,175499.37
1771268696,2026-02-17T03:04:56.243082,0.0295,0.03,0.029,0.001,93751.75,175452.72
1771268876,2026-02-17T03:07:56.275950,0.0295,0.03,0.029,0.001,91124.44,185391.19
1771269056,2026-02-17T03:10:56.285847,0.0295,0.03,0.029,0.001,90937.12,185029.28
1771269236,2026-02-17T03:13:56.443813,0.0295,0.03,0.029,0.001,90937.12,184529.28
1771269416,2026-02-17T03:16:56.292318,0.0295,0.03,0.029,0.001,89394.38,184481.54
1771269596,2026-02-17T03:19:56.452695,0.0295,0.03,0.029,0.001,89630.28,187427.5
1771269776,2026-02-17T03:22:56.436082,0.0295,0.03,0.029,0.001,89562.53,187344.95
1771269956,2026-02-17T03:25:56.447761,0.0295,0.03,0.029,0.001,89557.36,187337.75
1771270136,2026-02-17T03:28:56.459227,0.0295,0.03,0.029,0.001,89552.36,185794.9
1771270316,2026-02-17T03:31:56.475127,0.0295,0.03,0.029,0.001,89500.12,185642.66
1771270496,2026-02-17T03:34:56.661174,0.0295,0.03,0.029,0.001,89441.81,185814.35
1771270676,2026-02-17T03:37:56.731673,0.0295,0.03,0.029,0.001,89100.3,183186.41
1771270856,2026-02-17T03:40:56.592433,0.0295,0.03,0.029,0.001,89044.17,183126.42
1771271036,2026-02-17T03:43:56.670404,0.0295,0.03,0.029,0.001,89317.98,182914.91
1771271216,2026-02-17T03:46:56.692053,0.0295,0.03,0.029,0.001,89317.98,182944.91
1771271396,2026-02-17T03:49:56.671309,0.0295,0.03,0.029,0.001,89307.68,182881.57
1771271576,2026-02-17T03:52:56.680541,0.0295,0.03,0.029,0.001,89210.91,181996.57
1771271756,2026-02-17T03:55:56.706306,0.0295,0.03,0.029,0.001,89210.91,181996.57
1771271936,2026-02-17T03:58:56.743286,0.0295,0.03,0.029,0.001,89645.68,280004.56
1771272116,2026-02-17T04:01:56.688358,0.0295,0.03,0.029,0.001,89358.69,280676.70999999996
1771272296,2026-02-17T04:04:56.719853,0.0295,0.03,0.029,0.001,89028.54,281706.70999999996
1771272476,2026-02-17T04:07:56.751222,0.0295,0.03,0.029,0.001,88107.36,281551.22
1771272656,2026-02-17T04:10:56.835357,0.0295,0.03,0.029,0.001,96031.16,276540.16
1771272836,2026-02-17T04:13:56.792707,0.0295,0.03,0.029,0.001,101031.16,276389.06
1771273016,2026-02-17T04:16:56.902305,0.0295,0.03,0.029,0.001,100987.15,276375.04
1771273196,2026-02-17T04:19:56.872704,0.0295,0.03,0.029,0.001,100947.29,276138.14
1771273376,2026-02-17T04:22:56.914253,0.0295,0.03,0.029,0.001,100929.78,276138.14
1771273556,2026-02-17T04:25:56.905015,0.0295,0.03,0.029,0.001,100929.78,275938.14
1771273736,2026-02-17T04:28:56.912947,0.0295,0.03,0.029,0.001,100929.78,275919.62
1771273916,2026-02-17T04:31:56.940508,0.0295,0.03,0.029,0.001,100929.78,275249.27999999997
1771274096,2026-02-17T04:34:56.974414,0.0295,0.03,0.029,0.001,100499.42,275110.07999999996
1771274276,2026-02-17T04:37:56.947313,0.0295,0.03,0.029,0.001,100499.42,275110.07999999996
1771274457,2026-02-17T04:40:57.075768,0.0295,0.03,0.029,0.001,100399.53,274983.45999999996
1771274637,2026-02-17T04:43:57.067529,0.0295,0.03,0.029,0.001,99819.81,274876.37
1771274817,2026-02-17T04:46:57.076729,0.0295,0.03,0.029,0.001,99697.35,273159.13
1771274997,2026-02-17T04:49:57.118582,0.0335,0.034,0.033,0.001,28834.87,371516.42
1771275177,2026-02-17T04:52:57.227456,0.0335,0.034,0.033,0.001,29326.050000000003,384911.46
1771275357,2026-02-17T04:55:57.096729,0.0325,0.033,0.032,0.001,76243.26,289897.6
1771275537,2026-02-17T04:58:57.249164,0.0325,0.033,0.032,0.001,79730.7,289842.45
1771275717,2026-02-17T05:01:57.245021,0.032,0.033,0.031,0.002,92169.95999999999,289664.88
1771275897,2026-02-17T05:04:57.249595,0.0315,0.032,0.031,0.001,88024.54,229705.0
1771276077,2026-02-17T05:07:57.251983,0.0325,0.033,0.032,0.001,77607.16,291001.42
1771276257,2026-02-17T05:10:57.280506,0.0325,0.033,0.032,0.001,81520.72,287411.07
1771276437,2026-02-17T05:13:57.315228,0.0335,0.034,0.032,0.002,91519.35,349802.93
1771276617,2026-02-17T05:16:57.372741,0.0335,0.034,0.033,0.001,68861.72,357116.04
1771276977,2026-02-17T05:22:57.443159,0.0305,0.031,0.03,0.001,118880.08,156766.19
1771277157,2026-02-17T05:25:57.458655,0.0325,0.033,0.032,0.001,92827.25,296571.63
1771277337,2026-02-17T05:28:57.472019,0.0325,0.033,0.032,0.001,117394.81,302347.03
1771277517,2026-02-17T05:31:57.460652,0.0325,0.033,0.032,0.001,118641.69,292606.44
1771277697,2026-02-17T05:34:57.504965,0.0325,0.033,0.032,0.001,112405.2,296811.13
1771277877,2026-02-17T05:37:57.548020,0.0325,0.033,0.032,0.001,112385.04,306746.29
1771278057,2026-02-17T05:40:57.689448,0.0325,0.033,0.032,0.001,112626.43,356782.37
1771278237,2026-02-17T05:43:57.572998,0.0325,0.033,0.032,0.001,106429.05,354866.86
1771278417,2026-02-17T05:46:57.650071,0.0325,0.033,0.032,0.001,92145.42,358177.74
1771278597,2026-02-17T05:49:57.740503,0.032,0.033,0.031,0.002,109887.73999999999,358126.42
1771278777,2026-02-17T05:52:57.749842,0.032,0.033,0.031,0.002,99799.25,358066.63
1771278957,2026-02-17T05:55:57.728314,0.0315,0.032,0.031,0.001,100429.25,296951.75
1771279137,2026-02-17T05:58:57.708272,0.0325,0.033,0.032,0.001,84815.75,357095.16000000003
1771279317,2026-02-17T06:01:57.694993,0.0325,0.033,0.032,0.001,85315.75,356755.16000000003
1771279497,2026-02-17T06:04:57.746965,0.0325,0.033,0.032,0.001,85247.95,356187.36
1771279677,2026-02-17T06:07:57.871933,0.0315,0.032,0.031,0.001,95432.59999999999,297140.88
1771279857,2026-02-17T06:10:57.889257,0.0315,0.032,0.031,0.001,93683.56,296475.84
1771280037,2026-02-17T06:13:57.868684,0.0315,0.032,0.031,0.001,93592.79,296355.07
1771280217,2026-02-17T06:16:57.890197,0.0325,0.033,0.032,0.001,339001.18,360137.36
1771280397,2026-02-17T06:19:57.898919,0.0325,0.033,0.032,0.001,439172.4,358921.24
1771280577,2026-02-17T06:22:57.966681,0.0325,0.033,0.032,0.001,439228.0,358596.84
1771280757,2026-02-17T06:25:57.979588,0.0325,0.033,0.032,0.001,438978.6,358547.44
1771280938,2026-02-17T06:28:58.065695,0.0325,0.033,0.032,0.001,438930.41000000003,358499.25
1771281118,2026-02-17T06:31:58.219629,0.0325,0.033,0.032,0.001,440789.57,356772.89
1771281298,2026-02-17T06:34:58.086118,0.0325,0.033,0.032,0.001,440790.61,356765.67
1771281478,2026-02-17T06:37:58.075070,0.0325,0.033,0.032,0.001,440790.61,352324.8
1771281658,2026-02-17T06:40:58.243017,0.0325,0.033,0.032,0.001,440742.21,352276.4
1771281838,2026-02-17T06:43:58.221923,0.0325,0.033,0.032,0.001,440742.21,352064.57
1771282018,2026-02-17T06:46:58.207096,0.0325,0.033,0.032,0.001,443035.85000000003,350564.8
1771282198,2026-02-17T06:49:58.234719,0.0325,0.033,0.032,0.001,463177.59,350056.54
1771282378,2026-02-17T06:52:58.270942,0.0325,0.033,0.032,0.001,463097.7,344136.7
1771282558,2026-02-17T06:55:58.254962,0.0325,0.033,0.032,0.001,458099.17000000004,307574.16
1771282738,2026-02-17T06:58:58.275789,0.033,0.034,0.032,0.002,455166.04000000004,375014.45
1771282918,2026-02-17T07:01:58.280967,0.0335,0.034,0.033,0.001,417395.62,377151.32
1771283098,2026-02-17T07:04:58.300572,0.0335,0.034,0.033,0.001,416487.62,377151.32
1771283278,2026-02-17T07:07:58.446491,0.0335,0.034,0.033,0.001,416381.85,377070.6
1771283458,2026-02-17T07:10:58.319658,0.0335,0.034,0.033,0.001,419027.25,376890.95
1771283638,2026-02-17T07:13:58.356414,0.0335,0.034,0.033,0.001,416862.22000000003,376330.38
1771283818,2026-02-17T07:16:58.483221,0.0335,0.034,0.033,0.001,416455.74,411278.1
1771283998,2026-02-17T07:19:58.480402,0.0335,0.034,0.033,0.001,416288.43,410165.74
1771284178,2026-02-17T07:22:58.473054,0.0335,0.034,0.033,0.001,413200.02,410019.35
1771284358,2026-02-17T07:25:58.478053,0.0335,0.034,0.033,0.001,413200.02,403834.33999999997
1771284538,2026-02-17T07:28:58.694086,0.0335,0.034,0.033,0.001,416261.97,403786.99
1771284718,2026-02-17T07:31:58.699265,0.0335,0.034,0.033,0.001,416180.95,403159.49
1771284898,2026-02-17T07:34:58.623718,0.0335,0.034,0.033,0.001,421159.32,403088.0
1771285078,2026-02-17T07:37:58.685820,0.0335,0.034,0.033,0.001,421065.57,399397.27
1771285258,2026-02-17T07:40:58.654047,0.0335,0.034,0.033,0.001,421017.88,399300.83999999997
1771285438,2026-02-17T07:43:58.735976,0.0335,0.034,0.033,0.001,421017.88,399300.83999999997
1771285618,2026-02-17T07:46:58.675891,0.0335,0.034,0.033,0.001,421017.88,399300.83999999997
1771285798,2026-02-17T07:49:58.743854,0.0335,0.034,0.033,0.001,415648.57,399378.97
1771285978,2026-02-17T07:52:58.735038,0.0335,0.034,0.033,0.001,414416.77,399182.54
1771286158,2026-02-17T07:55:58.708983,0.0335,0.034,0.033,0.001,414309.39,398965.68
1771286338,2026-02-17T07:58:58.778207,0.0335,0.034,0.033,0.001,411776.63,398451.3
1771286518,2026-02-17T08:01:58.841515,0.0335,0.034,0.033,0.001,411415.36,398570.02999999997
1771286698,2026-02-17T08:04:58.857718,0.033,0.034,0.032,0.002,438676.96,398570.02999999997
1771286878,2026-02-17T08:07:58.905927,0.033,0.034,0.032,0.002,438622.09,397543.04
1771287059,2026-02-17T08:10:59.042371,0.033,0.034,0.032,0.002,438622.09,397598.51
1771287238,2026-02-17T08:13:58.927156,0.033,0.034,0.032,0.002,438576.17,392566.7
1771287418,2026-02-17T08:16:58.928939,0.033,0.034,0.032,0.002,438530.87,394521.4
1771287598,2026-02-17T08:19:58.906218,0.033,0.034,0.032,0.002,438530.87,394264.33
1771287779,2026-02-17T08:22:59.049729,0.033,0.034,0.032,0.002,438523.64,404257.1
1771287958,2026-02-17T08:25:58.888877,0.0335,0.034,0.033,0.001,408641.86,404159.38
1771288139,2026-02-17T08:28:59.073649,0.034,0.035,0.033,0.002,408512.94,502707.57
1771288319,2026-02-17T08:31:59.114282,0.0335,0.034,0.033,0.001,408608.38,375931.52
1771288499,2026-02-17T08:34:59.108098,0.0335,0.034,0.033,0.001,418812.23,425916.81
1771288679,2026-02-17T08:37:59.238392,0.0335,0.034,0.033,0.001,418919.46,425916.81
1771288859,2026-02-17T08:40:59.109507,0.0335,0.034,0.033,0.001,426780.9,433811.83
1771289039,2026-02-17T08:43:59.253989,0.0335,0.034,0.033,0.001,419832.73,433296.58999999997
1771289219,2026-02-17T08:46:59.229777,0.0335,0.034,0.033,0.001,419675.55,433269.73
1771289399,2026-02-17T08:49:59.224349,0.0335,0.034,0.033,0.001,419644.33,432545.64
1771289579,2026-02-17T08:52:59.274324,0.0335,0.034,0.033,0.001,418022.2,432473.26
1771289759,2026-02-17T08:55:59.245042,0.0335,0.034,0.033,0.001,417910.55,432324.95
1771289939,2026-02-17T08:58:59.230831,0.0335,0.034,0.033,0.001,417815.05,432265.91
1771290119,2026-02-17T09:01:59.303381,0.0335,0.034,0.033,0.001,417727.4,432171.36
1771290299,2026-02-17T09:04:59.316771,0.0325,0.033,0.032,0.001,438680.87,310691.85
1771290479,2026-02-17T09:07:59.421366,0.0335,0.034,0.033,0.001,399292.14,403012.27999999997
1771290659,2026-02-17T09:10:59.463044,0.0335,0.034,0.033,0.001,399266.14,402919.23
1771290839,2026-02-17T09:13:59.421956,0.0335,0.034,0.033,0.001,399161.71,402237.81
1771291019,2026-02-17T09:16:59.492591,0.0325,0.033,0.032,0.001,438760.41,300047.31
1771291199,2026-02-17T09:19:59.455928,0.0325,0.033,0.032,0.001,438744.25,300090.5
1771291379,2026-02-17T09:22:59.509957,0.0325,0.033,0.032,0.001,438798.99,300618.29
1771291559,2026-02-17T09:25:59.663304,0.0325,0.033,0.032,0.001,438843.6,300607.95
1771291739,2026-02-17T09:28:59.717291,0.0325,0.033,0.032,0.001,438800.42,300498.84
1771291919,2026-02-17T09:31:59.693484,0.0325,0.033,0.032,0.001,437668.88,300351.64
1771292099,2026-02-17T09:34:59.661320,0.0325,0.033,0.032,0.001,437668.88,300451.64
1771292279,2026-02-17T09:37:59.635848,0.0325,0.033,0.032,0.001,437589.70999999996,300314.71
1771292459,2026-02-17T09:40:59.720698,0.0325,0.033,0.032,0.001,436630.25,300378.35
1771292639,2026-02-17T09:43:59.647883,0.0325,0.033,0.032,0.001,436630.25,300258.35
1771292819,2026-02-17T09:46:59.672591,0.0325,0.033,0.032,0.001,436511.52,300084.2
1771292999,2026-02-17T09:49:59.820460,0.0325,0.033,0.032,0.001,436104.72,299495.55
1771293179,2026-02-17T09:52:59.773463,0.0325,0.033,0.032,0.001,435885.76,301569.4
1771293359,2026-02-17T09:55:59.906173,0.033,0.034,0.032,0.002,455794.95999999996,391756.48
1771293539,2026-02-17T09:58:59.899719,0.033,0.034,0.032,0.002,455812.72,391626.44
1771293719,2026-02-17T10:01:59.796711,0.0335,0.034,0.033,0.001,416828.66000000003,391626.44
1771293899,2026-02-17T10:04:59.900990,0.0335,0.034,0.033,0.001,416804.85,391626.44
1771294079,2026-02-17T10:07:59.930287,0.0335,0.034,0.033,0.001,417278.52,391610.46
1771294259,2026-02-17T10:10:59.896794,0.0335,0.034,0.033,0.001,417227.6,391559.28
1771294439,2026-02-17T10:13:59.983197,0.034,0.035,0.033,0.002,417246.21,502551.03
1771294619,2026-02-17T10:16:59.993639,0.034,0.035,0.033,0.002,416930.61,502444.42
1771294799,2026-02-17T10:19:59.963879,0.034,0.035,0.033,0.002,416847.84,492571.14
1771294980,2026-02-17T10:23:00.238366,0.034,0.035,0.033,0.002,416309.03,492527.1
1771295160,2026-02-17T10:26:00.119144,0.034,0.035,0.033,0.002,416258.62,492376.69
1771295340,2026-02-17T10:29:00.096890,0.034,0.035,0.033,0.002,416158.62,492376.69
1771295520,2026-02-17T10:32:00.215197,0.034,0.035,0.033,0.002,416132.66000000003,492376.69
1771295700,2026-02-17T10:35:00.165584,0.0345,0.035,0.034,0.001,399413.85,492243.23
1771295880,2026-02-17T10:38:00.241879,0.033,0.034,0.032,0.002,455719.95,365050.12
1771296060,2026-02-17T10:41:00.236803,0.0345,0.035,0.034,0.001,417582.83,491671.68
1771296240,2026-02-17T10:44:00.230008,0.034,0.035,0.033,0.002,416865.72,490599.1
1771296420,2026-02-17T10:47:00.232990,0.0335,0.034,0.033,0.001,425059.43,370156.20999999996
1771296600,2026-02-17T10:50:00.239254,0.0335,0.034,0.033,0.001,426008.58999999997,380838.02
1771296780,2026-02-17T10:53:00.253890,0.0335,0.034,0.033,0.001,435964.85,375734.33999999997
1771296960,2026-02-17T10:56:00.448762,0.0335,0.034,0.033,0.001,436721.69,375622.98
1771297140,2026-02-17T10:59:00.458606,0.0335,0.034,0.033,0.001,436821.69,375652.98
1771297320,2026-02-17T11:02:00.562016,0.0335,0.034,0.033,0.001,436309.88,375574.58
1771297505,2026-02-17T11:05:05.016240,0.0335,,,0.001,436766.02,375530.72
1771297680,2026-02-17T11:08:00.434951,0.0335,0.034,0.033,0.001,436758.88,375523.58
1771297860,2026-02-17T11:11:00.459986,0.0335,0.034,0.033,0.001,436458.88,375229.45999999996
1771298040,2026-02-17T11:14:00.473413,0.0335,0.034,0.033,0.001,436458.88,375229.45999999996
1771298220,2026-02-17T11:17:00.728989,0.0335,0.034,0.033,0.001,436605.63,375185.52
1771298400,2026-02-17T11:20:00.633339,0.0335,0.034,0.033,0.001,436035.02,375049.09
1771298580,2026-02-17T11:23:00.695090,0.033,0.034,0.032,0.002,455511.63,374855.02999999997
1771298760,2026-02-17T11:26:00.700779,0.033,0.034,0.032,0.002,455511.63,374845.73
1771298940,2026-02-17T11:29:00.643725,0.034,0.035,0.033,0.002,415744.54,487325.99
1771299120,2026-02-17T11:32:00.691961,0.033,0.034,0.032,0.002,455426.8,359949.12
1771299300,2026-02-17T11:35:00.648723,0.033,0.034,0.032,0.002,460378.36,360654.41
1771299480,2026-02-17T11:38:00.676692,0.033,0.034,0.032,0.002,460382.45,403152.69
1771299660,2026-02-17T11:41:00.710087,0.033,0.034,0.032,0.002,432212.52,403102.5
1771299840,2026-02-17T11:44:00.780006,0.033,0.034,0.032,0.002,432082.3,403005.33999999997
1771300020,2026-02-17T11:47:00.744019,0.0325,0.033,0.032,0.001,432089.52999999997,301008.91000000003
1771300200,2026-02-17T11:50:00.896586,0.0325,0.033,0.032,0.001,432189.52999999997,301008.91000000003
1771300380,2026-02-17T11:53:00.849021,0.0325,0.033,0.032,0.001,432195.72,301008.91000000003
1771300560,2026-02-17T11:56:00.826833,0.0325,0.033,0.032,0.001,432066.76,300498.92
1771300740,2026-02-17T11:59:00.837767,0.0325,0.033,0.032,0.001,432061.58999999997,300498.92
1771300920,2026-02-17T12:02:00.872207,0.0325,0.033,0.032,0.001,432061.58999999997,300498.92
1771301100,2026-02-17T12:05:00.908153,0.0325,0.033,0.032,0.001,432052.17,300453.02
1771301280,2026-02-17T12:08:00.907622,0.0335,0.034,0.033,0.001,392312.1,402932.39
1771301460,2026-02-17T12:11:00.964621,0.033,0.034,0.032,0.002,432191.01,402903.13
1771301640,2026-02-17T12:14:00.979591,0.033,0.034,0.032,0.002,432196.17,406789.83
1771301820,2026-02-17T12:17:00.962223,0.033,0.034,0.032,0.002,431947.12,406740.77
1771302001,2026-02-17T12:20:01.088803,0.033,0.034,0.032,0.002,427859.85,402653.5
1771302181,2026-02-17T12:23:01.169796,0.033,0.034,0.032,0.002,428221.74,403913.66
1771302361,2026-02-17T12:26:01.064096,0.033,0.034,0.032,0.002,415804.7,405413.66
1771302541,2026-02-17T12:29:01.012811,0.033,0.034,0.032,0.002,415810.72,405235.92
1771302721,2026-02-17T12:32:01.242681,0.0335,0.034,0.033,0.001,375983.04,405192.3
1771302901,2026-02-17T12:35:01.168476,0.033,0.034,0.032,0.002,415616.64,405141.83999999997
1771303081,2026-02-17T12:38:01.144044,0.033,0.034,0.032,0.002,415423.69,405096.83
1771303261,2026-02-17T12:41:01.207931,0.033,0.034,0.032,0.002,415382.52999999997,404909.61
1771303441,2026-02-17T12:44:01.234048,0.033,0.034,0.032,0.002,415382.52999999997,404868.46
1771303626,2026-02-17T12:47:06.104542,0.033,0.034,0.032,0.002,415328.51,404844.44
1771303801,2026-02-17T12:50:01.448486,0.033,0.034,0.032,0.002,415142.12,404658.04
1771303981,2026-02-17T12:53:01.278454,0.033,0.034,0.032,0.002,415097.23,404526.95
1771304161,2026-02-17T12:56:01.378813,0.033,0.034,0.032,0.002,415188.97,404518.69
1771304341,2026-02-17T12:59:01.375206,0.0335,0.034,0.033,0.001,376074.95,402018.69
1771304521,2026-02-17T13:02:01.438764,0.0335,0.034,0.033,0.001,375951.69,401954.77
1771304701,2026-02-17T13:05:01.439000,0.0335,0.034,0.033,0.001,376097.22,401740.68
1771304881,2026-02-17T13:08:01.514769,0.0335,0.034,0.033,0.001,376092.22,401740.68
1771305061,2026-02-17T13:11:01.699412,0.0325,0.033,0.032,0.001,414985.49,306247.09
1771305241,2026-02-17T13:14:01.485210,0.0325,0.033,0.032,0.001,414747.28,306109.93
1771305421,2026-02-17T13:17:01.508643,0.0325,0.033,0.032,0.001,414715.18,306077.89
1771305601,2026-02-17T13:20:01.545402,0.0325,0.033,0.032,0.001,414664.11,306077.89
1771305781,2026-02-17T13:23:01.604650,0.0325,0.033,0.032,0.001,412567.33,306026.82
1771305961,2026-02-17T13:26:01.555205,0.0335,0.034,0.033,0.001,396010.81,401710.21
1771306141,2026-02-17T13:29:01.645713,0.0335,0.034,0.033,0.001,397010.81,411592.55
1771306321,2026-02-17T13:32:01.672260,0.0335,0.034,0.033,0.001,396921.14,411502.87
1771306501,2026-02-17T13:35:01.740282,0.0335,0.034,0.033,0.001,396921.14,411502.87
1771306681,2026-02-17T13:38:01.683165,0.0335,0.034,0.033,0.001,396879.14,411460.87
1771306861,2026-02-17T13:41:01.833097,0.0335,0.034,0.033,0.001,396879.14,411426.98
1771307041,2026-02-17T13:44:01.954744,0.0335,0.034,0.033,0.001,396750.27,411298.11
1771307221,2026-02-17T13:47:01.908736,0.0335,0.034,0.033,0.001,396750.27,411298.11
1771307401,2026-02-17T13:50:01.908775,0.0335,0.034,0.033,0.001,396638.73,411290.88
1771307582,2026-02-17T13:53:02.010796,0.0335,0.034,0.033,0.001,391422.73,411016.57
1771307761,2026-02-17T13:56:01.864726,0.0335,0.034,0.033,0.001,391422.73,410972.03
1771307941,2026-02-17T13:59:01.880496,0.0335,0.034,0.033,0.001,391280.19,410760.49
1771308121,2026-02-17T14:02:01.995291,0.0335,0.034,0.033,0.001,391275.02,410703.44
1771308301,2026-02-17T14:05:01.926060,0.0335,0.034,0.033,0.001,391170.97000000003,410155.97
1771308481,2026-02-17T14:08:01.903691,0.0335,0.034,0.033,0.001,390962.77,410047.77
1771308666,2026-02-17T14:11:06.817306,0.0335,0.034,0.033,0.001,390954.49,409997.77
1771308842,2026-02-17T14:14:02.062652,0.0335,0.034,0.033,0.001,388962.76,409997.77
1771309022,2026-02-17T14:17:02.021633,0.0335,0.034,0.033,0.001,389062.76,409997.77
1771309202,2026-02-17T14:20:02.102742,0.0335,0.034,0.033,0.001,390003.67,409943.86
1771309382,2026-02-17T14:23:02.212215,0.0335,0.034,0.033,0.001,390003.67,409943.86
1771309562,2026-02-17T14:26:02.222837,0.0335,0.034,0.033,0.001,389847.19,409887.38
1771309742,2026-02-17T14:29:02.237894,0.0335,0.034,0.033,0.001,389890.54,409837.97
1771309922,2026-02-17T14:32:02.447575,0.0335,0.034,0.033,0.001,389897.77,409837.97
1771310102,2026-02-17T14:35:02.256170,0.0335,0.034,0.033,0.001,389897.77,409837.97
1771310282,2026-02-17T14:38:02.235146,0.0335,0.034,0.033,0.001,389756.15,409737.52
1771310462,2026-02-17T14:41:02.285687,0.0335,0.034,0.033,0.001,389747.87,407399.6
1771310642,2026-02-17T14:44:02.285470,0.0335,0.034,0.033,0.001,372976.13,407351.96
1771310822,2026-02-17T14:47:02.243106,0.0335,0.034,0.033,0.001,373031.44,390716.0
1771311002,2026-02-17T14:50:02.500663,0.0335,0.034,0.033,0.001,372927.57,390631.9
1771311182,2026-02-17T14:53:02.318345,0.0335,0.034,0.033,0.001,372968.27,390572.6
1771311362,2026-02-17T14:56:02.420429,0.0335,0.034,0.033,0.001,372968.27,390672.6
1771311542,2026-02-17T14:59:02.445155,0.0335,0.034,0.033,0.001,372882.37,390586.69
1771311722,2026-02-17T15:02:02.442958,0.0335,0.034,0.033,0.001,372744.72,370547.67
1771311902,2026-02-17T15:05:02.516450,0.0335,0.034,0.033,0.001,372665.32,375468.27
1771312082,2026-02-17T15:08:02.486603,0.0335,0.034,0.033,0.001,372670.16,375473.11
1771312262,2026-02-17T15:11:02.480234,0.0335,0.034,0.033,0.001,372660.16,375473.11
1771312442,2026-02-17T15:14:02.677365,0.0335,0.034,0.033,0.001,372660.16,375473.11
1771312622,2026-02-17T15:17:02.459993,0.0335,0.034,0.033,0.001,372188.92,375427.6
1771312802,2026-02-17T15:20:02.660984,0.0335,0.034,0.033,0.001,372188.92,375427.6
1771312982,2026-02-17T15:23:02.735620,0.0335,0.034,0.033,0.001,372923.43,375377.11
1771313162,2026-02-17T15:26:02.662066,0.0335,0.034,0.033,0.001,372777.11,375318.97
1771313342,2026-02-17T15:29:02.720986,0.0335,0.034,0.033,0.001,372676.12,372186.21
1771313522,2026-02-17T15:32:02.695417,0.0335,0.034,0.033,0.001,372676.12,372134.81
1771313702,2026-02-17T15:35:02.684875,0.0335,0.034,0.033,0.001,372326.32,370949.84
1771313882,2026-02-17T15:38:02.828978,0.0335,0.034,0.033,0.001,372366.13,367941.75
1771314062,2026-02-17T15:41:02.700323,0.0335,0.034,0.033,0.001,372466.13,367794.69
1771314242,2026-02-17T15:44:02.936032,0.0335,0.034,0.033,0.001,372417.87,367736.43
1771314422,2026-02-17T15:47:02.977214,0.0335,0.034,0.033,0.001,372409.58999999997,367736.43
1771314602,2026-02-17T15:50:02.803416,0.0335,0.034,0.033,0.001,372370.18,368138.75
1771314782,2026-02-17T15:53:02.837976,0.0335,0.034,0.033,0.001,372370.18,367888.97
1771314962,2026-02-17T15:56:02.870710,0.0335,0.034,0.033,0.001,372256.94,367800.03
1771315142,2026-02-17T15:59:02.971315,0.0335,0.034,0.033,0.001,372012.37,367756.27
1771315322,2026-02-17T16:02:02.872037,0.0335,0.034,0.033,0.001,372012.37,367749.27
1771315503,2026-02-17T16:05:03.239201,0.0335,0.034,0.033,0.001,371900.33,367627.93
1771315682,2026-02-17T16:08:02.949806,0.0335,0.034,0.033,0.001,371807.91,367535.51
1771315863,2026-02-17T16:11:03.230346,0.0335,0.034,0.033,0.001,371764.77999999997,367492.38
1771316043,2026-02-17T16:14:03.085666,0.0335,0.034,0.033,0.001,371713.52,365651.12
1771316223,2026-02-17T16:17:03.211451,0.0335,0.034,0.033,0.001,380691.61,370651.12
1771316403,2026-02-17T16:20:03.256345,0.034,0.035,0.033,0.002,382147.77,485266.5
1771316583,2026-02-17T16:23:03.256591,0.034,0.035,0.033,0.002,423127.05,485062.86
1771316763,2026-02-17T16:26:03.128475,0.034,0.035,0.033,0.002,423014.64,485010.8
1771316943,2026-02-17T16:29:03.247533,0.034,0.035,0.033,0.002,422931.22,468570.73
1771317123,2026-02-17T16:32:03.242855,0.034,0.035,0.033,0.002,422923.98,468570.73
1771317303,2026-02-17T16:35:03.281643,0.0335,0.034,0.033,0.001,422452.12,341323.52999999997
1771317483,2026-02-17T16:38:03.280801,0.0335,0.034,0.033,0.001,422446.89,341268.3
1771317663,2026-02-17T16:41:03.335087,0.0335,0.034,0.033,0.001,422032.78,341328.3
1771317848,2026-02-17T16:44:08.138003,0.034,0.035,0.033,0.002,420707.16,468406.17
1771318023,2026-02-17T16:47:03.363323,0.0335,0.034,0.033,0.001,420552.19,344444.32
1771318203,2026-02-17T16:50:03.324039,0.0335,0.034,0.033,0.001,420637.72,344039.09
1771318383,2026-02-17T16:53:03.261745,0.0335,0.034,0.033,0.001,420644.95,344039.09
1771318563,2026-02-17T16:56:03.416634,0.0335,0.034,0.033,0.001,420644.95,344139.09
1771318748,2026-02-17T16:59:08.268503,0.0335,0.034,0.033,0.001,,
1771318923,2026-02-17T17:02:03.452281,0.0335,0.034,0.033,0.001,420488.59,344012.73
1771319103,2026-02-17T17:05:03.474311,0.0335,0.034,0.033,0.001,420397.71,343932.48
1771319283,2026-02-17T17:08:03.479972,0.0335,0.034,0.033,0.001,420317.4,343621.83
1771319463,2026-02-17T17:11:03.494241,0.0335,0.034,0.033,0.001,420417.4,343621.83
1771319643,2026-02-17T17:14:03.466846,0.0335,0.034,0.033,0.001,419216.76,343566.24
1771319823,2026-02-17T17:17:03.709315,0.0335,0.034,0.033,0.001,419286.82,344015.47
1771320003,2026-02-17T17:20:03.723853,0.0335,0.034,0.033,0.001,420131.29,343940.72
1771320183,2026-02-17T17:23:03.669840,0.0335,0.034,0.033,0.001,419926.37,343745.8
1771320363,2026-02-17T17:26:03.672439,0.0335,0.034,0.033,0.001,419926.37,343743.73
1771320543,2026-02-17T17:29:03.675512,0.0335,0.034,0.033,0.001,415878.3,341849.85
1771320723,2026-02-17T17:32:03.651133,0.0335,0.034,0.033,0.001,417793.44,341605.42
1771320903,2026-02-17T17:35:03.994345,0.0335,0.034,0.033,0.001,418037.87,341545.42
1771321083,2026-02-17T17:38:03.712715,0.0335,0.034,0.033,0.001,417809.79,341446.61
1771321263,2026-02-17T17:41:03.775828,0.0335,0.034,0.033,0.001,427831.62,341299.20999999996
1771321443,2026-02-17T17:44:03.818793,0.0335,0.034,0.033,0.001,427867.08999999997,341110.98
1771321623,2026-02-17T17:47:03.924223,0.034,0.035,0.033,0.002,427926.54,468206.27
1771321803,2026-02-17T17:50:03.958510,0.034,0.035,0.033,0.002,427834.45,468127.19
1771321984,2026-02-17T17:53:04.237181,0.034,0.035,0.033,0.002,454641.61,469046.08999999997
1771322163,2026-02-17T17:56:03.900229,0.034,0.035,0.033,0.002,454376.59,468924.61
1771322343,2026-02-17T17:59:03.948783,0.034,0.035,0.033,0.002,454346.68,469439.61
1771322523,2026-02-17T18:02:03.924161,0.034,0.035,0.033,0.002,454265.51,480084.57999999996
1771322703,2026-02-17T18:05:03.963551,0.034,0.035,0.033,0.002,454257.23,540084.58
1771322884,2026-02-17T18:08:04.231049,0.0335,0.034,0.033,0.001,454157.23,414157.70999999996
1771323064,2026-02-17T18:11:04.135951,0.0335,0.034,0.033,0.001,453965.22,414012.99
1771323244,2026-02-17T18:14:04.089323,0.0335,0.034,0.033,0.001,453911.37,413959.14
1771323424,2026-02-17T18:17:04.103235,0.0335,0.034,0.033,0.001,453919.64,413959.14
1771323604,2026-02-17T18:20:04.070248,0.0335,0.034,0.033,0.001,453965.46,413904.95999999996
1771323784,2026-02-17T18:23:04.223177,0.0345,0.035,0.034,0.001,437366.34,538514.66
1771323964,2026-02-17T18:26:04.252989,0.0345,0.035,0.034,0.001,437253.55,538514.66
1771324144,2026-02-17T18:29:04.184722,0.0345,0.035,0.034,0.001,410648.44,513401.58999999997
1771324324,2026-02-17T18:32:04.234021,0.0345,0.035,0.034,0.001,410548.44,513293.73
1771324504,2026-02-17T18:35:04.226183,0.0345,0.035,0.034,0.001,410493.24,513247.86
1771324684,2026-02-17T18:38:04.238768,0.0345,0.035,0.034,0.001,415446.63,498961.11
1771324864,2026-02-17T18:41:04.261792,0.0345,0.035,0.034,0.001,415444.64,498924.73
1771325044,2026-02-17T18:44:04.312708,0.0345,0.035,0.034,0.001,415348.12,498740.5
1771325224,2026-02-17T18:47:04.350947,0.0365,0.036,0.035,0.001,420144.08,237394.33000000002
1771325404,2026-02-17T18:50:04.315937,0.0385,0.039,0.038,0.001,19777.51,323096.25
1771325584,2026-02-17T18:53:04.439392,0.0375,0.038,0.037,0.001,81448.61,258219.03
1771325764,2026-02-17T18:56:04.415676,0.0375,0.038,0.037,0.001,83474.15,322051.45
1771325944,2026-02-17T18:59:04.466194,0.0365,0.037,0.036,0.001,150286.16,324438.0
1771326124,2026-02-17T19:02:04.442208,0.0365,0.037,0.036,0.001,679621.66,319873.41
1771326304,2026-02-17T19:05:04.530510,0.037,0.038,0.036,0.002,817076.9,325560.63
1771326484,2026-02-17T19:08:04.525432,0.037,0.038,0.036,0.002,819927.11,307412.0
1771326664,2026-02-17T19:11:04.671119,0.0375,0.038,0.037,0.001,90895.84999999999,336698.76
1771326844,2026-02-17T19:14:04.674919,0.0375,0.038,0.037,0.001,102940.5,336566.16
1771327024,2026-02-17T19:17:04.677380,0.0365,0.037,0.036,0.001,268274.11,327123.93
1771327204,2026-02-17T19:20:04.738065,0.0365,0.037,0.036,0.001,268874.11,327552.83999999997
1771327384,2026-02-17T19:23:04.680529,0.0365,0.037,0.036,0.001,268819.7,327098.43
1771327564,2026-02-17T19:26:04.680649,0.0365,0.037,0.036,0.001,272407.74,327248.44
1771327744,2026-02-17T19:29:04.678308,0.0365,0.037,0.036,0.001,271162.92,326648.36
1771327924,2026-02-17T19:32:04.715336,0.0365,0.037,0.036,0.001,271441.96,326475.4
1771328104,2026-02-17T19:35:04.931604,0.0365,0.037,0.036,0.001,271090.53,347417.29
1771328284,2026-02-17T19:38:04.899867,0.0365,0.037,0.036,0.001,268246.73,348417.29
1771328464,2026-02-17T19:41:04.784883,0.0365,0.037,0.036,0.001,268208.97,415116.45
1771328644,2026-02-17T19:44:04.880200,0.0365,0.037,0.036,0.001,269956.1,407459.19
1771328824,2026-02-17T19:47:04.964044,0.0365,0.037,0.036,0.001,270237.44,368310.41
1771329004,2026-02-17T19:50:04.943452,0.0365,0.037,0.036,0.001,270008.18,364925.62
1771329184,2026-02-17T19:53:04.929170,0.0365,0.037,0.036,0.001,270120.35,364537.79
1771329364,2026-02-17T19:56:04.984128,0.0365,0.037,0.036,0.001,267157.05,364545.55
1771329544,2026-02-17T19:59:04.976883,0.0365,0.037,0.036,0.001,266688.86,371145.55
1771329725,2026-02-17T20:02:05.044582,0.0365,0.037,0.036,0.001,269306.04,376145.55
1771329905,2026-02-17T20:05:05.157384,0.0365,0.037,0.036,0.001,270043.18,365673.77
1771330085,2026-02-17T20:08:05.229243,0.0365,0.037,0.036,0.001,270041.52999999997,389788.19
1771330265,2026-02-17T20:11:05.134288,0.0365,0.037,0.036,0.001,268965.92,365139.0
1771330445,2026-02-17T20:14:05.237944,0.0365,0.037,0.036,0.001,268909.12,364947.2
1771330625,2026-02-17T20:17:05.168419,0.0365,0.037,0.036,0.001,268769.12,365025.44
1771330805,2026-02-17T20:20:05.245437,0.0365,0.037,0.036,0.001,268330.52,364299.23
1771330985,2026-02-17T20:23:05.246635,0.0365,0.037,0.036,0.001,268788.21,364246.92
1771331165,2026-02-17T20:26:05.312051,0.0365,0.037,0.036,0.001,269134.75,363392.96
1771331345,2026-02-17T20:29:05.262429,0.0365,0.037,0.036,0.001,269005.77999999997,363367.53
1771331525,2026-02-17T20:32:05.314276,0.0365,0.037,0.036,0.001,278903.04,363486.79
1771331705,2026-02-17T20:35:05.456955,0.0365,0.037,0.036,0.001,278831.08,362674.73
1771331885,2026-02-17T20:38:05.435856,0.0365,0.037,0.036,0.001,278831.08,312647.7
1771332065,2026-02-17T20:41:05.482653,0.0365,0.037,0.036,0.001,278724.31,312540.94
1771332245,2026-02-17T20:44:05.396612,0.0365,0.037,0.036,0.001,278662.08,312488.04
1771332425,2026-02-17T20:47:05.575342,0.0365,0.037,0.036,0.001,278565.97,312791.93
1771332605,2026-02-17T20:50:05.504894,0.0365,0.037,0.036,0.001,278560.77999999997,312782.6
1771332785,2026-02-17T20:53:05.472007,0.0365,0.037,0.036,0.001,278460.66,312520.2
1771332965,2026-02-17T20:56:05.711422,0.0365,0.037,0.036,0.001,278292.17,312271.02999999997
1771333145,2026-02-17T20:59:05.631257,0.0365,0.037,0.036,0.001,278124.71,312054.93
1771333325,2026-02-17T21:02:05.699086,0.0365,0.037,0.036,0.001,278070.33,311993.71
1771333505,2026-02-17T21:05:05.736301,0.0365,0.037,0.036,0.001,278057.87,311993.71
1771333685,2026-02-17T21:08:05.684560,0.0365,0.037,0.036,0.001,277552.87,311988.52999999997
1771333865,2026-02-17T21:11:05.678059,0.0365,0.037,0.036,0.001,277455.11,311885.42
1771334045,2026-02-17T21:14:05.687772,0.0365,0.037,0.036,0.001,277508.16,311838.47
1771334225,2026-02-17T21:17:05.713473,0.0365,0.037,0.036,0.001,273463.91,310435.95
1771334405,2026-02-17T21:20:05.766771,0.0365,0.037,0.036,0.001,273363.91,313381.89
1771334585,2026-02-17T21:23:05.826090,0.0365,0.037,0.036,0.001,273170.54,310143.64
1771334765,2026-02-17T21:26:05.752524,0.0365,0.037,0.036,0.001,273886.77,369864.72
1771334945,2026-02-17T21:29:05.896166,0.0365,0.037,0.036,0.001,275378.46,357262.82
1771335125,2026-02-17T21:32:05.863097,0.0365,0.037,0.036,0.001,274812.46,357262.82
1771335305,2026-02-17T21:35:05.944512,0.0365,0.037,0.036,0.001,274483.63,413634.32
1771335485,2026-02-17T21:38:05.934956,0.0365,0.037,0.036,0.001,274442.23,413492.92
1771335667,2026-02-17T21:41:07.061835,0.0365,0.037,0.036,0.001,271812.23,418786.16000000003
1771335845,2026-02-17T21:44:05.941320,0.0365,0.037,0.036,0.001,271838.52999999997,418449.44
1771336025,2026-02-17T21:47:05.999620,0.0365,0.037,0.036,0.001,272233.71,411307.29
1771336206,2026-02-17T21:50:06.041117,0.0365,0.037,0.036,0.001,272109.46,411368.61
1771336386,2026-02-17T21:53:06.329318,0.0365,0.037,0.036,0.001,278147.57,354962.14
1771336566,2026-02-17T21:56:06.164421,0.0365,0.037,0.036,0.001,278434.32,355822.75
1771336746,2026-02-17T21:59:06.085747,0.0365,0.037,0.036,0.001,279015.05,354422.11
1771336926,2026-02-17T22:02:06.388221,0.0365,0.037,0.036,0.001,282757.05,354683.8
1771337106,2026-02-17T22:05:06.242420,0.0365,0.037,0.036,0.001,286429.02999999997,357813.8
1771337286,2026-02-17T22:08:06.241222,0.0365,0.037,0.036,0.001,285421.55,365813.8
1771337466,2026-02-17T22:11:06.290462,0.0365,0.037,0.036,0.001,287617.88,365698.54
1771337646,2026-02-17T22:14:06.305799,0.0365,0.037,0.036,0.001,287564.83999999997,365698.54
1771337826,2026-02-17T22:17:06.419132,0.0365,0.037,0.036,0.001,287479.93,365560.59
1771338006,2026-02-17T22:20:06.227333,0.0365,0.037,0.036,0.001,287449.22,365529.88
1771338186,2026-02-17T22:23:06.310627,0.0365,0.037,0.036,0.001,283414.99,365468.41
1771338366,2026-02-17T22:26:06.452107,0.0365,0.037,0.036,0.001,284368.99,366560.79
1771338546,2026-02-17T22:29:06.449310,0.0365,0.037,0.036,0.001,282190.3,366385.83
1771338726,2026-02-17T22:32:06.479994,0.0365,0.037,0.036,0.001,282099.55,366347.09
1771338906,2026-02-17T22:35:06.465518,0.0365,0.037,0.036,0.001,282004.36,366190.5
1771339086,2026-02-17T22:38:06.512556,0.0365,0.037,0.036,0.001,282870.25,366109.66
1771339266,2026-02-17T22:41:06.519328,0.0365,0.037,0.036,0.001,282865.25,365001.02
1771339446,2026-02-17T22:44:06.697673,0.0365,0.037,0.036,0.001,280309.08,365001.02
1771339626,2026-02-17T22:47:06.618766,0.0365,0.037,0.036,0.001,280179.79,364927.16
1771339806,2026-02-17T22:50:06.647430,0.037,0.038,0.036,0.002,280179.79,366084.75
1771339987,2026-02-17T22:53:07.482068,0.0365,0.037,0.036,0.001,281172.65,364927.83
1771340166,2026-02-17T22:56:06.674130,0.0365,0.037,0.036,0.001,281212.77999999997,364878.34
1771340346,2026-02-17T22:59:06.657032,0.0365,0.037,0.036,0.001,280505.42,364642.11
1771340526,2026-02-17T23:02:06.696012,0.0365,0.037,0.036,0.001,280605.42,364600.46
1771340706,2026-02-17T23:05:06.758869,0.0365,0.037,0.036,0.001,280554.43,364540.14
1771340886,2026-02-17T23:08:06.727085,0.0365,0.037,0.036,0.001,280474.3,364460.01
1771341066,2026-02-17T23:11:06.861171,0.0365,0.037,0.036,0.001,279931.4,364043.22
1771341246,2026-02-17T23:14:06.751382,0.038,0.039,0.037,0.002,118012.14,402165.38
1771341426,2026-02-17T23:17:06.893135,0.0385,0.039,0.038,0.001,63378.869999999995,402130.23
1771341606,2026-02-17T23:20:06.941272,0.0385,0.039,0.038,0.001,63257.53,401721.41
1771341786,2026-02-17T23:23:06.889187,0.0385,0.039,0.038,0.001,62264.71,339716.12
1771341966,2026-02-17T23:26:06.930742,0.0385,0.039,0.038,0.001,62223.67,338273.55
1771342146,2026-02-17T23:29:06.926831,0.0385,0.039,0.038,0.001,61355.56,357044.21
1771342326,2026-02-17T23:32:06.969511,0.0385,0.039,0.038,0.001,61206.0,345174.9
1771342507,2026-02-17T23:35:07.107933,0.0385,0.039,0.038,0.001,60810.74,344899.97
1771342687,2026-02-17T23:38:07.077178,0.0375,0.038,0.037,0.001,115876.78,282095.54
1771342867,2026-02-17T23:41:07.221460,0.038,0.039,0.037,0.002,116606.64,346484.38
1771343047,2026-02-17T23:44:07.247931,0.0375,0.038,0.037,0.001,116598.85,282833.56
1771343227,2026-02-17T23:47:07.088943,0.0375,0.038,0.037,0.001,116513.65,282812.52999999997
1771343407,2026-02-17T23:50:07.219511,0.0375,0.038,0.037,0.001,116490.38,282412.52999999997
1771343587,2026-02-17T23:53:07.111711,0.0375,0.038,0.037,0.001,116156.3,282322.52999999997
1771343767,2026-02-17T23:56:07.225429,0.0375,0.038,0.037,0.001,115851.82,282813.19
1771343947,2026-02-17T23:59:07.233158,0.0375,0.038,0.037,0.001,116202.66,295914.97
1771344127,2026-02-18T00:02:07.227943,0.0375,0.038,0.037,0.001,117018.81,296969.08
1771344307,2026-02-18T00:05:07.230713,0.0375,0.038,0.037,0.001,117069.39,284540.43
1771344487,2026-02-18T00:08:07.282008,0.038,0.039,0.037,0.002,116961.79,345361.87
1771344667,2026-02-18T00:11:07.299236,0.038,0.039,0.037,0.002,116944.35,344220.02
1771344847,2026-02-18T00:14:07.311443,0.0365,0.037,0.036,0.001,290196.04,295353.68
1771345027,2026-02-18T00:17:07.292390,0.0365,0.037,0.036,0.001,289567.38,295534.45
1771345207,2026-02-18T00:20:07.510527,0.0365,0.037,0.036,0.001,289529.57,295216.91
1771345388,2026-02-18T00:23:08.058078,0.0365,0.037,0.036,0.001,289368.19,289532.71
1771345567,2026-02-18T00:26:07.709728,0.0365,0.037,0.036,0.001,289406.64,289481.16
1771345747,2026-02-18T00:29:07.461479,0.0365,0.037,0.036,0.001,289406.64,289581.16
1771345927,2026-02-18T00:32:07.454453,0.0365,0.037,0.036,0.001,288012.13,289157.02999999997
1771346107,2026-02-18T00:35:07.471556,0.0365,0.037,0.036,0.001,287498.77999999997,311225.05
1771346287,2026-02-18T00:38:07.693227,0.0365,0.037,0.036,0.001,289915.43,311951.04
1771346467,2026-02-18T00:41:07.671295,0.0365,0.037,0.036,0.001,289574.58,311805.69
1771346647,2026-02-18T00:44:07.724597,0.0365,0.037,0.036,0.001,286809.38,311756.06
1771346827,2026-02-18T00:47:07.665637,0.0365,0.037,0.036,0.001,286916.77999999997,312253.49
1771347007,2026-02-18T00:50:07.674954,0.0365,0.037,0.036,0.001,286664.68,312173.79
1771347187,2026-02-18T00:53:07.644558,0.0365,0.037,0.036,0.001,286416.44,312158.49
1771347367,2026-02-18T00:56:07.689239,0.0365,0.037,0.036,0.001,286220.35,312244.8
1771347547,2026-02-18T00:59:07.763370,0.0365,0.037,0.036,0.001,286220.35,312440.88
1771347727,2026-02-18T01:02:07.837640,0.0365,0.037,0.036,0.001,285823.47,312440.88
1771347907,2026-02-18T01:05:07.688973,0.0365,0.037,0.036,0.001,285693.49,312814.24
1771348087,2026-02-18T01:08:07.779625,0.036,0.037,0.035,0.002,545043.1,318540.58999999997
1771348267,2026-02-18T01:11:07.870110,0.036,0.037,0.035,0.002,545043.1,312787.38
1771348447,2026-02-18T01:14:07.811393,0.0365,0.037,0.036,0.001,528429.92,310436.3
1771348627,2026-02-18T01:17:07.770162,0.0365,0.037,0.036,0.001,269658.74,319172.75
1771348807,2026-02-18T01:20:07.892982,0.036,0.037,0.035,0.002,531226.35,318856.04
1771348987,2026-02-18T01:23:07.858972,0.036,0.037,0.035,0.002,531236.35,318495.67
1771349167,2026-02-18T01:26:07.960600,0.036,0.037,0.035,0.002,528951.35,318482.2
1771349347,2026-02-18T01:29:07.918353,0.0345,0.035,0.034,0.001,561042.42,78477.66
1771349528,2026-02-18T01:32:08.024179,0.0345,0.035,0.034,0.001,563996.12,78849.54000000001
1771349708,2026-02-18T01:35:08.087588,0.0345,0.035,0.034,0.001,571694.71,84420.83
1771349888,2026-02-18T01:38:08.246365,0.0345,0.035,0.034,0.001,571550.59,84282.58
1771350068,2026-02-18T01:41:08.062599,0.035,0.036,0.034,0.002,566953.92,272237.98
1771350248,2026-02-18T01:44:08.058597,0.0355,0.036,0.035,0.001,530859.04,269593.54
1771350428,2026-02-18T01:47:08.229882,0.0355,0.036,0.035,0.001,530815.34,268403.58999999997
1771350608,2026-02-18T01:50:08.096995,0.0355,0.036,0.035,0.001,530833.04,270067.72
1771350788,2026-02-18T01:53:08.050993,0.0355,0.036,0.035,0.001,531568.39,279260.96
1771350968,2026-02-18T01:56:08.077264,0.0355,0.036,0.035,0.001,530681.36,280034.26
1771351148,2026-02-18T01:59:08.084972,0.0355,0.036,0.035,0.001,530795.35,279982.51
1771351508,2026-02-18T02:05:08.224929,0.0355,0.036,0.035,0.001,526980.26,268834.58
1771351688,2026-02-18T02:08:08.401950,0.0345,0.035,0.034,0.001,563259.58,87692.11
1771351868,2026-02-18T02:11:08.259854,0.0345,0.035,0.034,0.001,563254.4,87852.1
1771352048,2026-02-18T02:14:08.288624,0.0345,0.035,0.034,0.001,564531.53,88609.1
1771352228,2026-02-18T02:17:08.328745,0.0345,0.035,0.034,0.001,562633.42,87249.74
1771352408,2026-02-18T02:20:08.458214,0.0345,0.035,0.034,0.001,592271.9,86446.41
1771352588,2026-02-18T02:23:08.474543,0.0345,0.035,0.034,0.001,592315.08,84379.2
1771352768,2026-02-18T02:26:08.479191,0.035,0.036,0.034,0.002,591272.66,272049.88
1771352948,2026-02-18T02:29:08.432555,0.035,0.036,0.034,0.002,592260.24,272044.70999999996
1771353128,2026-02-18T02:32:08.469503,0.0355,0.036,0.035,0.001,557980.49,268116.38
1771353308,2026-02-18T02:35:08.455947,0.0355,0.036,0.035,0.001,557825.2999999999,268057.71
1771353488,2026-02-18T02:38:08.656829,0.0355,0.036,0.035,0.001,558102.92,265988.83
1771353668,2026-02-18T02:41:08.462323,0.0365,0.037,0.036,0.001,294722.54,319192.79
1771353848,2026-02-18T02:44:08.674092,0.036,0.037,0.035,0.002,558284.19,312238.4
1771354028,2026-02-18T02:47:08.653048,0.036,0.037,0.035,0.002,558151.65,312670.87
1771354208,2026-02-18T02:50:08.641112,0.036,0.037,0.035,0.002,557874.13,312608.06
1771354388,2026-02-18T02:53:08.641161,0.0365,0.037,0.036,0.001,295624.35,312608.06
1771354568,2026-02-18T02:56:08.887471,0.0365,0.037,0.036,0.001,306724.97,312335.58999999997
1771354748,2026-02-18T02:59:08.682152,0.0365,0.037,0.036,0.001,311732.13,312335.58999999997
1771354933,2026-02-18T03:02:13.620051,0.0365,0.037,0.036,0.001,313870.69,312225.61
1771355108,2026-02-18T03:05:08.699520,0.0365,0.037,0.036,0.001,313812.89999999997,312218.98
1771355289,2026-02-18T03:08:09.095795,0.0365,0.037,0.036,0.001,313515.52,312171.13
1771355468,2026-02-18T03:11:08.834825,0.0365,0.037,0.036,0.001,314515.52,312161.8
1771355648,2026-02-18T03:14:08.895795,0.0365,0.037,0.036,0.001,314332.31,312154.54
1771355828,2026-02-18T03:17:08.899094,0.0365,0.037,0.036,0.001,314139.75,310920.81
1771356008,2026-02-18T03:20:08.875086,0.0365,0.037,0.036,0.001,314503.70999999996,309959.45
1771356188,2026-02-18T03:23:08.881509,0.0365,0.037,0.036,0.001,314418.27,309874.01
1771356368,2026-02-18T03:26:08.914530,0.0365,0.037,0.036,0.001,314247.33999999997,309739.18
1771356548,2026-02-18T03:29:08.858842,0.0365,0.037,0.036,0.001,314247.33999999997,334729.85
1771356728,2026-02-18T03:32:08.926341,0.0365,0.037,0.036,0.001,314188.52,334694.07
1771356908,2026-02-18T03:35:08.921780,0.0365,0.037,0.036,0.001,313977.3,334679.56
1771357089,2026-02-18T03:38:09.168285,0.0365,0.037,0.036,0.001,313931.88,335238.58
1771357269,2026-02-18T03:41:09.066222,0.0365,0.037,0.036,0.001,313884.86,335121.75
1771357449,2026-02-18T03:44:09.061537,0.0365,0.037,0.036,0.001,313876.56,335121.75
1771357629,2026-02-18T03:47:09.071466,0.0365,0.037,0.036,0.001,313819.02,335065.27
1771357809,2026-02-18T03:50:09.073421,0.0375,0.038,0.037,0.001,150400.32,321685.16
1771357989,2026-02-18T03:53:09.213917,0.0385,0.039,0.038,0.001,71563.05,395550.7
1771358169,2026-02-18T03:56:09.215729,0.0385,0.039,0.038,0.001,86744.45,395336.29
1771358349,2026-02-18T03:59:09.212506,0.038,0.039,0.037,0.002,163206.13,395254.91
1771358529,2026-02-18T04:02:09.244201,0.038,0.039,0.037,0.002,163063.12,395202.96
1771358709,2026-02-18T04:05:09.738037,0.0375,0.038,0.037,0.001,162083.41,333266.16
1771358889,2026-02-18T04:08:09.237644,0.0375,0.038,0.037,0.001,162360.41,333134.83999999997
1771359069,2026-02-18T04:11:09.242256,0.0375,0.038,0.037,0.001,162256.29,331211.95
1771359249,2026-02-18T04:14:09.231954,0.0375,0.038,0.037,0.001,162202.03,332211.95
1771359429,2026-02-18T04:17:09.459227,0.0375,0.038,0.037,0.001,161313.51,333185.1
1771359609,2026-02-18T04:20:09.315659,0.037,0.038,0.036,0.002,322153.23,333900.88
1771359789,2026-02-18T04:23:09.395110,0.0365,0.037,0.036,0.001,323121.66,323665.61
1771359969,2026-02-18T04:26:09.462224,0.0365,0.037,0.036,0.001,323080.79,324077.61
1771360149,2026-02-18T04:29:09.462567,0.0365,0.037,0.036,0.001,322468.52,324077.61
1771360329,2026-02-18T04:32:09.445106,0.0365,0.037,0.036,0.001,318348.12,328824.35
1771360509,2026-02-18T04:35:09.463529,0.0365,0.037,0.036,0.001,305369.38,328911.72
1771360689,2026-02-18T04:38:09.650697,0.0365,0.037,0.036,0.001,307934.47,328916.89
1771360869,2026-02-18T04:41:09.496445,0.0365,0.037,0.036,0.001,307644.79,332858.64
1771361049,2026-02-18T04:44:09.654239,0.0365,0.037,0.036,0.001,307379.51,347930.57
1771361229,2026-02-18T04:47:09.656517,0.0365,0.037,0.036,0.001,308497.55,347885.01
1771361409,2026-02-18T04:50:09.687064,0.0365,0.037,0.036,0.001,308369.87,349755.08
1771361589,2026-02-18T04:53:09.645177,0.0365,0.037,0.036,0.001,318364.73,349699.88
1771361769,2026-02-18T04:56:09.630866,0.0365,0.037,0.036,0.001,317160.86,349323.58
1771361949,2026-02-18T04:59:09.669729,0.0365,0.037,0.036,0.001,317204.94,349228.66
1771362129,2026-02-18T05:02:09.807255,0.0365,0.037,0.036,0.001,318431.52,350079.87
1771362309,2026-02-18T05:05:09.680074,0.0365,0.037,0.036,0.001,317868.89999999997,348611.01
1771362489,2026-02-18T05:08:09.790088,0.0355,0.036,0.035,0.001,575703.8,297603.33
1771362669,2026-02-18T05:11:09.851638,0.0355,0.036,0.035,0.001,575659.86,298021.25
1771362849,2026-02-18T05:14:09.888143,0.0355,0.036,0.035,0.001,580334.89,297946.69
1771363029,2026-02-18T05:17:09.860035,0.0355,0.036,0.035,0.001,580125.92,297990.12
1771363209,2026-02-18T05:20:09.863976,0.0355,0.036,0.035,0.001,579967.59,297954.07
1771363389,2026-02-18T05:23:09.868472,0.036,0.037,0.035,0.002,578924.12,346391.08
1771363569,2026-02-18T05:26:09.885844,0.0365,0.037,0.036,0.001,316413.51,346396.57
1771363749,2026-02-18T05:29:09.912454,0.0365,0.037,0.036,0.001,317772.7,346396.57
1771363930,2026-02-18T05:32:10.010347,0.0365,0.037,0.036,0.001,317672.7,346396.57
1771364109,2026-02-18T05:35:09.962005,0.0365,0.037,0.036,0.001,317269.35,346396.57
1771364290,2026-02-18T05:38:10.092066,0.0365,0.037,0.036,0.001,330186.51,346798.33999999997
1771364470,2026-02-18T05:41:10.090565,0.0365,0.037,0.036,0.001,331123.42,347069.83999999997
1771364650,2026-02-18T05:44:10.056078,0.0365,0.037,0.036,0.001,330772.27999999997,346976.35
1771364830,2026-02-18T05:47:10.179818,0.036,0.037,0.035,0.002,572776.7999999999,365168.07
1771365010,2026-02-18T05:50:10.071206,0.0365,0.037,0.036,0.001,310801.24,363162.89
1771365190,2026-02-18T05:53:10.091101,0.036,0.037,0.035,0.002,572734.25,354623.04
1771365370,2026-02-18T05:56:10.216086,0.036,0.037,0.035,0.002,572734.25,358673.58999999997
1771365550,2026-02-18T05:59:10.228968,0.0355,0.036,0.035,0.001,569284.25,307552.54
1771365730,2026-02-18T06:02:10.376554,0.0355,0.036,0.035,0.001,569284.25,307414.47
1771365910,2026-02-18T06:05:10.251863,0.0355,0.036,0.035,0.001,569210.0599999999,307448.3
1771366090,2026-02-18T06:08:10.238011,0.0355,0.036,0.035,0.001,569099.87,307443.25
1771366270,2026-02-18T06:11:10.459016,0.0355,0.036,0.035,0.001,569099.87,325295.32
1771366450,2026-02-18T06:14:10.288136,0.0355,0.036,0.035,0.001,569055.09,324299.29
1771366630,2026-02-18T06:17:10.236701,0.0355,0.036,0.035,0.001,568950.57,324163.52999999997
1771366810,2026-02-18T06:20:10.358311,0.035,0.036,0.034,0.002,604977.05,340119.02
1771366990,2026-02-18T06:23:10.435523,0.035,0.036,0.034,0.002,604756.0,338187.45999999996
1771367170,2026-02-18T06:26:10.461181,0.0345,0.035,0.034,0.001,604944.6,156937.13
1771367350,2026-02-18T06:29:10.456316,0.0345,0.035,0.034,0.001,604744.6,156794.88999999998
1771367530,2026-02-18T06:32:10.419431,0.0345,0.035,0.034,0.001,604580.71,156631.0
1771367710,2026-02-18T06:35:10.447701,0.0345,0.035,0.034,0.001,594279.71,160914.76
1771367890,2026-02-18T06:38:10.642988,0.0345,0.035,0.034,0.001,596519.52,200725.33
1771368070,2026-02-18T06:41:10.573745,0.0345,0.035,0.034,0.001,596622.8,201923.88999999998
1771368250,2026-02-18T06:44:10.674130,0.0345,0.035,0.034,0.001,591443.5,193951.34999999998
1771368430,2026-02-18T06:47:10.868119,0.0345,0.035,0.034,0.001,590083.82,200785.91
1771368610,2026-02-18T06:50:10.664823,0.0345,0.035,0.034,0.001,590192.77,195827.54
1771368790,2026-02-18T06:53:10.660666,0.0345,0.035,0.034,0.001,590242.45,195429.68
1771368970,2026-02-18T06:56:10.694945,0.0345,0.035,0.034,0.001,591920.88,196383.11
1771369150,2026-02-18T06:59:10.732481,0.0345,0.035,0.034,0.001,591681.02,196213.12
1771369330,2026-02-18T07:02:10.704273,0.0345,0.035,0.034,0.001,591490.1699999999,195139.65
1771369510,2026-02-18T07:05:10.853114,0.0335,0.034,0.033,0.001,521185.11,122651.74
1771369690,2026-02-18T07:08:10.800215,0.0335,0.034,0.033,0.001,521125.11,124426.16
1771369870,2026-02-18T07:11:10.875532,0.0335,0.034,0.033,0.001,520237.33999999997,124596.45
1771370050,2026-02-18T07:14:10.865281,0.0345,0.035,0.034,0.001,501248.11,168842.16999999998
1771370230,2026-02-18T07:17:10.893037,0.0355,0.036,0.035,0.001,533065.44,355670.17
1771370411,2026-02-18T07:20:11.109743,0.0355,0.036,0.035,0.001,495164.38,355418.72
1771370591,2026-02-18T07:23:11.045004,0.0355,0.036,0.035,0.001,494488.57,325356.39
1771370770,2026-02-18T07:26:10.943620,0.0365,0.037,0.036,0.001,232241.21,356486.29
1771370951,2026-02-18T07:29:11.153830,0.0355,0.036,0.035,0.001,494308.12,302911.05
1771371131,2026-02-18T07:32:11.063824,0.0365,0.037,0.036,0.001,237963.56,354729.02
1771371311,2026-02-18T07:35:11.075528,0.036,0.037,0.035,0.002,495285.27999999997,353499.02
1771371491,2026-02-18T07:38:11.025877,0.036,0.037,0.035,0.002,495137.31,357058.02999999997
1771371671,2026-02-18T07:41:11.103067,0.036,0.037,0.035,0.002,495522.58999999997,355158.02999999997
1771371851,2026-02-18T07:44:11.280869,0.036,0.037,0.035,0.002,490696.87,355113.93
1771372031,2026-02-18T07:47:11.194350,0.0365,0.037,0.036,0.001,227897.3,354943.83999999997
1771372211,2026-02-18T07:50:11.242454,0.036,0.037,0.035,0.002,484067.38,355432.95
1771372391,2026-02-18T07:53:11.246572,0.0365,0.037,0.036,0.001,215402.78,362191.74
1771372571,2026-02-18T07:56:11.250635,0.0355,0.036,0.035,0.001,486487.97,313511.57
1771372751,2026-02-18T07:59:11.311211,0.0365,0.037,0.036,0.001,225047.93,366516.43
1771372931,2026-02-18T08:02:11.593611,0.0365,0.037,0.036,0.001,224822.4,366631.0
1771373111,2026-02-18T08:05:11.466601,0.0365,0.037,0.036,0.001,225179.49,366618.57
1771373291,2026-02-18T08:08:11.425755,0.0365,0.037,0.036,0.001,225189.25,366528.33
1771373471,2026-02-18T08:11:11.451781,0.0365,0.037,0.036,0.001,225279.11000000002,367447.49
1771373651,2026-02-18T08:14:11.438686,0.036,0.037,0.035,0.002,486687.97,367447.99
1771373831,2026-02-18T08:17:11.634554,0.0355,0.036,0.035,0.001,486632.79,314899.95
1771374011,2026-02-18T08:20:11.594137,0.0355,0.036,0.035,0.001,460931.08999999997,315384.69
1771374191,2026-02-18T08:23:11.677829,0.0355,0.036,0.035,0.001,464412.85,315162.13
1771374371,2026-02-18T08:26:11.662871,0.0355,0.036,0.035,0.001,464420.85,314830.11
1771374551,2026-02-18T08:29:11.656653,0.0355,0.036,0.035,0.001,464420.85,314930.11
1771374731,2026-02-18T08:32:11.660977,0.0365,0.037,0.036,0.001,203555.63,366637.06
1771374911,2026-02-18T08:35:11.693671,0.0365,0.037,0.036,0.001,202469.88999999998,365723.3
1771375091,2026-02-18T08:38:11.625512,0.0365,0.037,0.036,0.001,202171.84,363313.31
1771375271,2026-02-18T08:41:11.672419,0.0355,0.036,0.035,0.001,463837.3,310650.35
1771375451,2026-02-18T08:44:11.706700,0.0365,0.037,0.036,0.001,202945.0,363313.31
1771375631,2026-02-18T08:47:11.758543,0.036,0.037,0.035,0.002,458275.56,363313.31
1771375811,2026-02-18T08:50:11.869822,0.036,0.037,0.035,0.002,458168.31,367211.25
1771375991,2026-02-18T08:53:11.863329,0.0355,0.036,0.035,0.001,447890.20999999996,314326.35
1771376171,2026-02-18T08:56:11.827612,0.0355,0.036,0.035,0.001,447890.20999999996,314326.35
1771376351,2026-02-18T08:59:11.872812,0.0365,0.037,0.036,0.001,190042.21,367023.0
1771376531,2026-02-18T09:02:11.925986,0.0365,0.037,0.036,0.001,189988.19,366968.98
1771376711,2026-02-18T09:05:11.862708,0.0355,0.036,0.035,0.001,447845.88,319912.58999999997
1771376891,2026-02-18T09:08:11.904353,0.0355,0.036,0.035,0.001,447748.64999999997,319861.52
1771377072,2026-02-18T09:11:12.222292,0.0365,0.037,0.036,0.001,185868.72999999998,363453.18
1771377252,2026-02-18T09:14:12.080145,0.036,0.037,0.035,0.002,452590.8,363453.18
1771377432,2026-02-18T09:17:12.242688,0.0365,0.037,0.036,0.001,191142.15,366382.07
1771377612,2026-02-18T09:20:12.049453,0.0365,0.037,0.036,0.001,191732.78,366376.89
1771377792,2026-02-18T09:23:12.239893,0.0365,0.037,0.036,0.001,191692.45,366327.24
1771377972,2026-02-18T09:26:12.074240,0.0365,0.037,0.036,0.001,193639.48,336050.91
1771378152,2026-02-18T09:29:12.083064,0.037,0.038,0.036,0.002,193725.14,341669.57
1771378332,2026-02-18T09:32:12.254123,0.037,0.038,0.036,0.002,193530.67,341575.08999999997
1771378512,2026-02-18T09:35:12.241811,0.0375,0.038,0.037,0.001,177766.88,338526.26
1771378692,2026-02-18T09:38:12.246398,0.0365,0.037,0.036,0.001,196891.94999999998,332499.41
1771378872,2026-02-18T09:41:12.272045,0.0365,0.037,0.036,0.001,196905.56999999998,332142.75
1771379052,2026-02-18T09:44:12.243458,0.0365,0.037,0.036,0.001,196904.68,332041.87
1771379232,2026-02-18T09:47:12.274687,0.0365,0.037,0.036,0.001,208464.15,331947.77
1771379412,2026-02-18T09:50:12.318747,0.0365,0.037,0.036,0.001,208758.24,333947.43
1771379592,2026-02-18T09:53:12.464462,0.0365,0.037,0.036,0.001,208757.86,333973.43
1771379772,2026-02-18T09:56:12.423193,0.0365,0.037,0.036,0.001,208479.27,333973.43
1771379952,2026-02-18T09:59:12.882268,0.0365,0.037,0.036,0.001,208619.22999999998,333884.76
1771380132,2026-02-18T10:02:12.426968,0.0365,0.037,0.036,0.001,209070.34999999998,333565.08999999997
1771380312,2026-02-18T10:05:12.366497,0.0365,0.037,0.036,0.001,209780.24,332721.2
1771380492,2026-02-18T10:08:12.507643,0.0365,0.037,0.036,0.001,209780.24,332721.2
1771380672,2026-02-18T10:11:12.632362,0.0365,0.037,0.036,0.001,209780.24,332577.51
1771380852,2026-02-18T10:14:12.574599,0.0365,0.037,0.036,0.001,209040.83,332266.2
1771381032,2026-02-18T10:17:12.633490,0.0365,0.037,0.036,0.001,209029.83,332266.2
1771381212,2026-02-18T10:20:12.515724,0.0365,0.037,0.036,0.001,210129.12,332212.95
1771381392,2026-02-18T10:23:12.657868,0.0365,0.037,0.036,0.001,209987.27,332171.1
1771381752,2026-02-18T10:29:12.719891,0.0365,0.037,0.036,0.001,210018.97999999998,342926.05
1771381932,2026-02-18T10:32:12.639857,0.0365,0.037,0.036,0.001,209719.25,342690.94
1771382112,2026-02-18T10:35:12.671676,0.0365,0.037,0.036,0.001,207462.25,352690.94
1771382292,2026-02-18T10:38:12.702082,0.0365,0.037,0.036,0.001,207313.33,352413.73
1771382472,2026-02-18T10:41:12.749754,0.0365,0.037,0.036,0.001,207313.33,352386.7
1771382652,2026-02-18T10:44:12.850696,0.0365,0.037,0.036,0.001,207305.03,352116.42
1771382832,2026-02-18T10:47:12.798298,0.0365,0.037,0.036,0.001,207715.03,352036.27999999997
1771383012,2026-02-18T10:50:12.854544,0.0365,0.037,0.036,0.001,232619.12,358223.14
1771383192,2026-02-18T10:53:12.873474,0.0365,0.037,0.036,0.001,232461.44999999998,358100.27
1771383372,2026-02-18T10:56:12.823517,0.0365,0.037,0.036,0.001,232298.40999999997,358042.23
1771383552,2026-02-18T10:59:12.857424,0.0375,0.038,0.037,0.001,216791.50999999998,352810.26
1771383732,2026-02-18T11:02:12.900956,0.0375,0.038,0.037,0.001,216658.09,352659.83
1771383913,2026-02-18T11:05:13.064329,0.0375,0.038,0.037,0.001,217209.34999999998,352610.07
1771384093,2026-02-18T11:08:13.082026,0.037,0.038,0.036,0.002,232203.15999999997,353056.49
1771384273,2026-02-18T11:11:13.079390,0.0375,0.038,0.037,0.001,215967.25,350918.64
1771384453,2026-02-18T11:14:13.100476,0.037,0.038,0.036,0.002,231931.68,340026.83
1771384633,2026-02-18T11:17:13.105480,0.0365,0.037,0.036,0.001,225996.06,333947.35
1771384813,2026-02-18T11:20:13.201273,0.037,0.038,0.036,0.002,225902.97,319768.85
1771384993,2026-02-18T11:23:13.088414,0.037,0.038,0.036,0.002,225822.84,319606.33999999997
1771385173,2026-02-18T11:26:13.117705,0.037,0.038,0.036,0.002,225822.84,319906.33999999997
1771385353,2026-02-18T11:29:13.234932,0.0375,0.038,0.037,0.001,210353.19999999998,319756.33999999997
1771385533,2026-02-18T11:32:13.244982,0.0375,0.038,0.037,0.001,210343.84999999998,319747.02
1771385713,2026-02-18T11:35:13.223974,0.038,0.039,0.037,0.002,210778.94,369162.89
1771385893,2026-02-18T11:38:13.285834,0.037,0.038,0.036,0.002,226814.84,306699.79000000004
1771386073,2026-02-18T11:41:13.249726,0.0375,0.038,0.037,0.001,205811.09999999998,306548.21
1771386253,2026-02-18T11:44:13.300278,0.038,0.039,0.037,0.002,205960.53,368627.69
1771386433,2026-02-18T11:47:13.277238,0.0385,0.039,0.038,0.001,132600.72999999998,368146.87
1771386613,2026-02-18T11:50:13.313460,0.0385,0.039,0.038,0.001,133449.25999999998,367971.02
1771386793,2026-02-18T11:53:13.425860,0.038,0.039,0.037,0.002,207166.56,367772.51
1771386978,2026-02-18T11:56:18.227895,0.0375,0.038,0.037,0.001,207156.9,305177.12
1771387153,2026-02-18T11:59:13.438720,0.0365,0.037,0.036,0.001,221544.22999999998,300256.65
1771387333,2026-02-18T12:02:13.447334,0.0365,0.037,0.036,0.001,221495.25,300470.95
1771387513,2026-02-18T12:05:13.672841,0.036,0.037,0.035,0.002,476637.94,300562.64
1771387693,2026-02-18T12:08:13.649388,0.036,0.037,0.035,0.002,476886.13,300475.12
1771388053,2026-02-18T12:14:13.701441,0.036,0.037,0.035,0.002,477848.27,300411.32
1771388233,2026-02-18T12:17:13.687308,0.037,0.039,0.035,0.004,477556.01,359470.94
1771388413,2026-02-18T12:20:13.661360,0.037,0.038,0.036,0.002,211515.65,295821.73
1771388593,2026-02-18T12:23:13.677684,0.037,0.038,0.036,0.002,211508.38,296513.75
1771388773,2026-02-18T12:26:13.867149,0.037,0.038,0.036,0.002,211412.12,296505.97000000003
1771388953,2026-02-18T12:29:13.759044,0.0375,0.038,0.037,0.001,192553.18,296415.38
1771389133,2026-02-18T12:32:13.842267,0.0375,0.038,0.037,0.001,192587.47,296466.14
1771389313,2026-02-18T12:35:13.859461,0.0375,0.038,0.037,0.001,192547.82,296791.36
1771389493,2026-02-18T12:38:13.804868,0.0375,0.038,0.037,0.001,197542.78,297109.36
1771389673,2026-02-18T12:41:13.996789,0.0375,0.038,0.037,0.001,197542.78,297642.72000000003
1771389853,2026-02-18T12:44:13.878719,0.0375,0.038,0.037,0.001,197540.54,297640.48
1771390033,2026-02-18T12:47:13.865072,0.0375,0.038,0.037,0.001,197589.54,297566.48
1771390213,2026-02-18T12:50:13.896748,0.0375,0.038,0.037,0.001,197489.94,297501.44
1771390393,2026-02-18T12:53:13.963617,0.0375,0.038,0.037,0.001,197379.46,297356.33
1771390573,2026-02-18T12:56:13.898251,0.0375,0.038,0.037,0.001,197973.23,297356.33
1771390754,2026-02-18T12:59:14.094552,0.0375,0.038,0.037,0.001,198256.71,297793.02
1771390934,2026-02-18T13:02:14.030085,0.0375,0.038,0.037,0.001,198245.47,297793.02
1771391114,2026-02-18T13:05:14.163276,0.0375,0.038,0.037,0.001,198240.47,302804.02
1771391294,2026-02-18T13:08:14.236497,0.0375,0.038,0.037,0.001,198069.1,302342.21
1771391474,2026-02-18T13:11:14.231639,0.0365,0.037,0.036,0.001,216973.99,294385.48
1771391654,2026-02-18T13:14:14.123498,0.0365,0.037,0.036,0.001,216945.99,294379.25
1771391834,2026-02-18T13:17:14.143063,0.0365,0.037,0.036,0.001,216724.17,294879.25
1771392014,2026-02-18T13:20:14.237965,0.0365,0.037,0.036,0.001,216618.98,295258.42
1771392194,2026-02-18T13:23:14.247370,0.0365,0.037,0.036,0.001,216606.71,295258.42
1771392374,2026-02-18T13:26:14.232833,0.0365,0.037,0.036,0.001,216596.71,295248.05
1771392554,2026-02-18T13:29:14.262188,0.0365,0.037,0.036,0.001,216347.33000000002,295129.18
1771392734,2026-02-18T13:32:14.428877,0.0365,0.037,0.036,0.001,215879.35,295070.98
1771392914,2026-02-18T13:35:14.286011,0.0375,0.038,0.037,0.001,196289.31,296540.14
1771393094,2026-02-18T13:38:14.339861,0.0375,0.038,0.037,0.001,196254.51,293781.99
1771393274,2026-02-18T13:41:14.436924,0.0375,0.038,0.037,0.001,196348.6,294092.93
1771393454,2026-02-18T13:44:14.461849,0.0375,0.038,0.037,0.001,196477.06,302957.78
1771393634,2026-02-18T13:47:14.433777,0.0375,0.038,0.037,0.001,202190.67,301913.39
1771393814,2026-02-18T13:50:14.458064,0.0375,0.038,0.037,0.001,202200.36000000002,302269.47000000003
1771393994,2026-02-18T13:53:14.477891,0.0375,0.038,0.037,0.001,202148.27,302315.38
1771394174,2026-02-18T13:56:14.559042,0.036,0.037,0.035,0.002,485247.51,295441.28
1771394354,2026-02-18T13:59:14.666403,0.0365,0.037,0.036,0.001,218245.62,297171.03
1771394534,2026-02-18T14:02:14.639077,0.0365,0.037,0.036,0.001,219054.62,297656.51
1771394714,2026-02-18T14:05:14.674324,0.0365,0.037,0.036,0.001,209692.8,297752.81
1771394894,2026-02-18T14:08:14.660248,0.0365,0.037,0.036,0.001,209692.8,297952.81
1771395074,2026-02-18T14:11:14.691809,0.0365,0.037,0.036,0.001,208935.34,297729.11
1771395254,2026-02-18T14:14:14.697129,0.0365,0.037,0.036,0.001,218823.34,298190.11
1771395434,2026-02-18T14:17:14.696089,0.0365,0.037,0.036,0.001,218934.23,298268.18
1771395614,2026-02-18T14:20:14.719996,0.0365,0.037,0.036,0.001,218895.0,318066.94
1771395794,2026-02-18T14:23:14.678321,0.0365,0.037,0.036,0.001,219295.4,317943.35000000003
1771395974,2026-02-18T14:26:14.692126,0.0365,0.037,0.036,0.001,219198.13,317846.08
1771396154,2026-02-18T14:29:14.881827,0.0365,0.037,0.036,0.001,218571.31,318722.60000000003
1771396334,2026-02-18T14:32:14.818423,0.0365,0.037,0.036,0.001,215445.51,318722.60000000003
1771396514,2026-02-18T14:35:14.824699,0.0365,0.037,0.036,0.001,216588.14,320113.99
1771396694,2026-02-18T14:38:14.842553,0.037,0.038,0.036,0.002,216543.12,326835.2
1771396874,2026-02-18T14:41:14.855060,0.037,0.038,0.036,0.002,217243.5,326681.58
1771397054,2026-02-18T14:44:14.875995,0.0365,0.037,0.036,0.001,217715.18,344893.38
1771397234,2026-02-18T14:47:14.937133,0.0365,0.037,0.036,0.001,217613.14,344850.79000000004
1771397414,2026-02-18T14:50:14.942749,0.0365,0.037,0.036,0.001,218702.12,338656.23000000004
1771397594,2026-02-18T14:53:14.947402,0.0365,0.037,0.036,0.001,218439.75,338330.45999999996
1771397774,2026-02-18T14:56:14.969239,0.0365,0.037,0.036,0.001,218169.46,335700.36
1771397955,2026-02-18T14:59:15.137299,0.0365,0.037,0.036,0.001,218169.46,335700.36
1771398135,2026-02-18T15:02:15.098856,0.0365,0.037,0.036,0.001,218060.78,335807.27
1771398315,2026-02-18T15:05:15.228774,0.0365,0.037,0.036,0.001,218660.78,335807.27
1771398495,2026-02-18T15:08:15.246865,0.0365,0.037,0.036,0.001,218660.78,336267.78
1771398675,2026-02-18T15:11:15.241651,0.0365,0.037,0.036,0.001,218592.66,336224.2
1771398855,2026-02-18T15:14:15.222505,0.0365,0.037,0.036,0.001,218592.66,336224.2
1771399035,2026-02-18T15:17:15.234445,0.0365,0.037,0.036,0.001,218585.38999999998,336224.2
1771399215,2026-02-18T15:20:15.307544,0.0365,0.037,0.036,0.001,218570.86,336224.2
1771399395,2026-02-18T15:23:15.233797,0.0365,0.037,0.036,0.001,218467.34,334572.34
1771399575,2026-02-18T15:26:15.264577,0.0365,0.037,0.036,0.001,218405.66,334521.19
1771399755,2026-02-18T15:29:15.253871,0.0365,0.037,0.036,0.001,218323.74,333152.21
1771399935,2026-02-18T15:32:15.462482,0.0365,0.037,0.036,0.001,218224.77,333489.15
1771400115,2026-02-18T15:35:15.329877,0.0365,0.037,0.036,0.001,216728.43,351415.41
1771400295,2026-02-18T15:38:15.428478,0.0365,0.037,0.036,0.001,216559.72,348076.13
1771400475,2026-02-18T15:41:15.380649,0.0365,0.037,0.036,0.001,216436.61,347997.87
1771400655,2026-02-18T15:44:15.375719,0.0365,0.037,0.036,0.001,214898.03,348428.16
1771400835,2026-02-18T15:47:15.421410,0.0365,0.037,0.036,0.001,214783.47,348382.2
1771401015,2026-02-18T15:50:15.454547,0.0365,0.037,0.036,0.001,214775.24,348238.36
1771401195,2026-02-18T15:53:15.664070,0.0365,0.037,0.036,0.001,214684.59,348019.04
1771401375,2026-02-18T15:56:15.480536,0.0365,0.037,0.036,0.001,214550.62,377772.07
1771401555,2026-02-18T15:59:15.715189,0.0365,0.037,0.036,0.001,214953.54,377575.43
1771401735,2026-02-18T16:02:15.706544,0.0365,0.037,0.036,0.001,214790.61,377301.1
1771401915,2026-02-18T16:05:15.724603,0.0365,0.037,0.036,0.001,212740.41999999998,378542.27999999997
1771402275,2026-02-18T16:11:15.670835,0.0365,0.037,0.036,0.001,212418.82,379023.22
1771402455,2026-02-18T16:14:15.699108,0.0365,0.037,0.036,0.001,212512.82,378964.02
1771402635,2026-02-18T16:17:15.754866,0.0365,0.037,0.036,0.001,211423.83,378737.52999999997
1771402815,2026-02-18T16:20:15.689034,0.0365,0.037,0.036,0.001,211360.84,378746.41
1771402995,2026-02-18T16:23:15.717890,0.0365,0.037,0.036,0.001,211247.19,379026.39999999997
1771403175,2026-02-18T16:26:15.879404,0.0365,0.037,0.036,0.001,211074.63999999998,378842.58999999997
1771403355,2026-02-18T16:29:15.885686,0.0365,0.037,0.036,0.001,210844.57,375535.45999999996
1771403535,2026-02-18T16:32:15.819234,0.037,0.038,0.036,0.002,211761.86,370213.58
1771403715,2026-02-18T16:35:15.889006,0.036,0.037,0.035,0.002,462626.27,364492.58
1771403895,2026-02-18T16:38:15.872375,0.0375,0.038,0.037,0.001,186603.1,330593.56
1771404075,2026-02-18T16:41:15.930450,0.037,0.038,0.036,0.002,217166.09,333111.49
1771404255,2026-02-18T16:44:15.898336,0.0375,0.038,0.037,0.001,201579.95,331835.85
1771404436,2026-02-18T16:47:16.093572,0.0375,0.038,0.037,0.001,201474.37,332238.39999999997
1771404615,2026-02-18T16:50:15.978709,0.0375,0.038,0.037,0.001,201546.72,322232.6
1771404796,2026-02-18T16:53:16.072862,0.037,0.038,0.036,0.002,217260.9,322232.6
1771404976,2026-02-18T16:56:16.071113,0.037,0.038,0.036,0.002,217259.75,322225.34
1771405156,2026-02-18T16:59:16.052623,0.0375,0.038,0.037,0.001,213213.98,322505.35
1771405336,2026-02-18T17:02:16.239481,0.0375,0.038,0.037,0.001,213313.98,322496.02
1771405516,2026-02-18T17:05:16.215987,0.0375,0.038,0.037,0.001,212869.7,222286.02
1771405696,2026-02-18T17:08:16.160090,0.0375,0.038,0.037,0.001,212706.69,222114.00999999998
1771405876,2026-02-18T17:11:16.096030,0.0375,0.038,0.037,0.001,212706.69,220406.63999999998
1771406056,2026-02-18T17:14:16.245718,0.0375,0.038,0.037,0.001,207720.07,219489.34
1771406236,2026-02-18T17:17:16.233703,0.0375,0.038,0.037,0.001,207620.07,219489.34
1771406416,2026-02-18T17:20:16.236535,0.0375,0.038,0.037,0.001,208054.04,214428.35
1771406596,2026-02-18T17:23:16.247365,0.038,0.039,0.037,0.002,222825.97,275662.99
1771406776,2026-02-18T17:26:16.234016,0.0375,0.038,0.037,0.001,223412.47,239594.16999999998
1771406956,2026-02-18T17:29:16.260372,0.0375,0.038,0.037,0.001,223920.04,239497.15
1771407136,2026-02-18T17:32:16.396726,0.0375,0.038,0.037,0.001,223779.27,239402.66999999998
1771407316,2026-02-18T17:35:16.447054,0.0375,0.038,0.037,0.001,223739.22,236020.81
1771407496,2026-02-18T17:38:16.472780,0.0375,0.038,0.037,0.001,210573.85,235840.77
1771407676,2026-02-18T17:41:16.456946,0.0375,0.038,0.037,0.001,210147.45,235603.33
1771407856,2026-02-18T17:44:16.436606,0.0375,0.038,0.037,0.001,210101.15,235457.03
1771408036,2026-02-18T17:47:16.456854,0.0375,0.038,0.037,0.001,209724.17,235337.03
1771408216,2026-02-18T17:50:16.454276,0.0375,0.038,0.037,0.001,209865.31,285421.19
1771408396,2026-02-18T17:53:16.441882,0.0375,0.038,0.037,0.001,208528.37,285089.45
1771408576,2026-02-18T17:56:16.657773,0.0375,0.038,0.037,0.001,218202.67,284693.35
1771408756,2026-02-18T17:59:16.614643,0.0375,0.038,0.037,0.001,217966.5,274378.87
1771408936,2026-02-18T18:02:16.645931,0.0375,0.038,0.037,0.001,217863.89,276265.1
1771409116,2026-02-18T18:05:16.632662,0.0375,0.038,0.037,0.001,217902.73,276335.1
1771409296,2026-02-18T18:08:16.653227,0.0375,0.038,0.037,0.001,217841.24,276265.13
1771409476,2026-02-18T18:11:16.646046,0.0375,0.038,0.037,0.001,214110.94,276059.97
1771409656,2026-02-18T18:14:16.692124,0.0375,0.038,0.037,0.001,214167.43,275422.08999999997
1771409836,2026-02-18T18:17:16.653145,0.0375,0.038,0.037,0.001,213978.16,275281.15
1771410016,2026-02-18T18:20:16.707885,0.0375,0.038,0.037,0.001,214778.16,275896.32
1771410196,2026-02-18T18:23:16.862165,0.0375,0.038,0.037,0.001,213830.57,274994.76
1771410376,2026-02-18T18:26:16.862454,0.0375,0.038,0.037,0.001,214651.22,272728.73
1771410556,2026-02-18T18:29:16.761508,0.0375,0.038,0.037,0.001,213769.98,271861.0
1771410736,2026-02-18T18:32:16.887739,0.0375,0.038,0.037,0.001,215935.37,271626.39
1771410916,2026-02-18T18:35:16.895064,0.0375,0.038,0.037,0.001,216177.43,271626.39
1771411096,2026-02-18T18:38:16.851850,0.0375,0.038,0.037,0.001,216052.86000000002,271462.58
1771411276,2026-02-18T18:41:16.906407,0.0375,0.038,0.037,0.001,216255.5,271292.67
1771411457,2026-02-18T18:44:17.020143,0.0375,0.038,0.037,0.001,216186.92,271132.4
1771411636,2026-02-18T18:47:16.963454,0.0375,0.038,0.037,0.001,215973.67,271110.94
1771411816,2026-02-18T18:50:16.921460,0.0375,0.038,0.037,0.001,215911.28,270099.58999999997
1771411997,2026-02-18T18:53:17.097314,0.0375,0.038,0.037,0.001,215783.52000000002,269276.13
1771412176,2026-02-18T18:56:16.970189,0.0375,0.038,0.037,0.001,219235.99,269393.08
1771412357,2026-02-18T18:59:17.219833,0.0375,0.038,0.037,0.001,218791.2,266948.92
1771412537,2026-02-18T19:02:17.209524,0.0375,0.038,0.037,0.001,218840.17,266643.77
1771412717,2026-02-18T19:05:17.156953,0.0375,0.038,0.037,0.001,218428.52000000002,266258.96
1771412897,2026-02-18T19:08:17.225385,0.0375,0.038,0.037,0.001,218316.96,324606.98
1771413077,2026-02-18T19:11:17.249116,0.0375,0.038,0.037,0.001,218216.96,324583.68
1771413257,2026-02-18T19:14:17.233564,0.0375,0.038,0.037,0.001,215840.47,324348.68
1771413437,2026-02-18T19:17:17.287935,0.0375,0.038,0.037,0.001,216247.55000000002,323065.45
1771413617,2026-02-18T19:20:17.382366,0.0375,0.038,0.037,0.001,216185.87,322995.47
1771413797,2026-02-18T19:23:17.297762,0.0375,0.038,0.037,0.001,216525.84,322945.47
1771413977,2026-02-18T19:26:17.375289,0.0375,0.038,0.037,0.001,216427.65,324640.02
1771414157,2026-02-18T19:29:17.267002,0.0375,0.038,0.037,0.001,216165.69,324469.81
1771414337,2026-02-18T19:32:17.373500,0.0375,0.038,0.037,0.001,216107.73,324177.62
1771414517,2026-02-18T19:35:17.453227,0.0375,0.038,0.037,0.001,215836.97,332494.32
1771414697,2026-02-18T19:38:17.451936,0.0375,0.038,0.037,0.001,215625.73,328085.82
1771414877,2026-02-18T19:41:17.413480,0.0375,0.038,0.037,0.001,215577.44,328054.5
1771415057,2026-02-18T19:44:17.446956,0.0375,0.038,0.037,0.001,215365.61,327884.5
1771415237,2026-02-18T19:47:17.435161,0.0375,0.038,0.037,0.001,215294.49,327726.69
1771415422,2026-02-18T19:50:22.318096,0.0375,,,0.001,215384.49,325451.72000000003
1771415597,2026-02-18T19:53:17.509532,0.0375,0.038,0.037,0.001,215206.73,325286.98000000004
1771415777,2026-02-18T19:56:17.668659,0.0375,0.038,0.037,0.001,214958.75,325078.54000000004
1771415957,2026-02-18T19:59:17.681826,0.0375,0.038,0.037,0.001,214899.0,325048.32
1771416137,2026-02-18T20:02:17.889534,0.0365,0.037,0.036,0.001,228203.87,326221.57
1771416317,2026-02-18T20:05:17.671099,0.0365,0.037,0.036,0.001,228177.57,331375.88
1771416497,2026-02-18T20:08:17.698080,0.0355,0.036,0.035,0.001,455242.88,251697.03
1771416677,2026-02-18T20:11:17.664923,0.0355,0.036,0.035,0.001,455246.11,273627.94
1771416857,2026-02-18T20:14:17.678217,0.0355,0.036,0.035,0.001,455188.19,276862.07
1771417037,2026-02-18T20:17:17.666106,0.0355,0.036,0.035,0.001,505091.61,308331.63
1771417217,2026-02-18T20:20:17.706722,0.0355,0.036,0.035,0.001,505088.52999999997,308331.55
1771417397,2026-02-18T20:23:17.704136,0.0355,0.036,0.035,0.001,504848.69,309288.71
1771417577,2026-02-18T20:26:17.819602,0.0355,0.036,0.035,0.001,504774.82,309233.76
1771417757,2026-02-18T20:29:17.851480,0.0355,0.036,0.035,0.001,501248.12,309113.74
1771417937,2026-02-18T20:32:17.895769,0.0355,0.036,0.035,0.001,501088.38,308931.22
1771418117,2026-02-18T20:35:17.891733,0.0355,0.036,0.035,0.001,478874.45,284865.22
1771418297,2026-02-18T20:38:17.917440,0.0355,0.036,0.035,0.001,483779.3,286883.49
1771418477,2026-02-18T20:41:17.882538,0.0355,0.036,0.035,0.001,483614.29,286383.49
1771418657,2026-02-18T20:44:17.950054,0.0355,0.036,0.035,0.001,480603.70999999996,386265.69
1771418837,2026-02-18T20:47:17.927567,0.0355,0.036,0.035,0.001,480565.04,384422.83999999997
1771419017,2026-02-18T20:50:17.959973,0.0355,0.036,0.035,0.001,480530.82,395937.45
1771419197,2026-02-18T20:53:17.953008,0.035,0.036,0.034,0.002,479743.79,399871.05
1771419378,2026-02-18T20:56:18.214796,0.0345,0.035,0.034,0.001,479422.48,308236.82
1771419558,2026-02-18T20:59:18.059473,0.0345,0.035,0.034,0.001,479317.92,307703.41000000003
1771419738,2026-02-18T21:02:18.243457,0.0345,0.035,0.034,0.001,479204.14999999997,307169.93
1771419918,2026-02-18T21:05:18.062151,0.0345,0.035,0.034,0.001,479207.38,307158.46
1771420098,2026-02-18T21:08:18.176380,0.0345,0.035,0.034,0.001,479305.08,307571.1
1771420278,2026-02-18T21:11:18.240162,0.0345,0.035,0.034,0.001,479146.99,295290.92
1771420458,2026-02-18T21:14:18.244580,0.0345,0.035,0.034,0.001,479078.42,296080.81
1771420638,2026-02-18T21:17:18.242792,0.0345,0.035,0.034,0.001,474958.48,296204.65
1771420818,2026-02-18T21:20:18.261870,0.0345,0.035,0.034,0.001,474951.23,296204.65
1771420998,2026-02-18T21:23:18.248145,0.0345,0.035,0.034,0.001,474906.52,296152.7
1771421178,2026-02-18T21:26:18.440635,0.0345,0.035,0.034,0.001,474647.01,295695.22000000003
1771421358,2026-02-18T21:29:18.274200,0.0335,0.034,0.033,0.001,464213.45,124877.90000000001
1771421538,2026-02-18T21:32:18.318819,0.0335,0.034,0.033,0.001,463563.6,131244.73
1771421718,2026-02-18T21:35:18.407884,0.0335,0.034,0.033,0.001,465539.76999999996,132817.16
1771421898,2026-02-18T21:38:18.409146,0.0335,0.034,0.033,0.001,466305.26,126008.66
1771422078,2026-02-18T21:41:18.436120,0.0335,0.034,0.033,0.001,466143.52999999997,125808.17
1771422258,2026-02-18T21:44:18.449680,0.0335,0.034,0.033,0.001,466037.2,125752.03
1771422438,2026-02-18T21:47:18.399705,0.0335,0.034,0.033,0.001,465796.43,125649.08
1771422618,2026-02-18T21:50:18.459925,0.036,0.037,0.035,0.002,452508.22,452216.91000000003
1771422798,2026-02-18T21:53:18.601615,0.0355,0.036,0.035,0.001,456735.16,349296.67
1771422978,2026-02-18T21:56:18.663632,0.0365,0.037,0.036,0.001,196715.7,448981.68
1771423158,2026-02-18T21:59:18.536245,0.0365,0.037,0.036,0.001,200498.53,448169.88
1771423338,2026-02-18T22:02:18.686518,0.0355,0.036,0.035,0.001,464897.1,343885.28
1771423518,2026-02-18T22:05:18.633437,0.0355,0.036,0.035,0.001,465628.02999999997,343765.54
1771423698,2026-02-18T22:08:18.683165,0.0355,0.036,0.035,0.001,467613.51,342198.01
1771423878,2026-02-18T22:11:18.690876,0.0365,0.037,0.036,0.001,198797.01,448469.67
1771424058,2026-02-18T22:14:18.709622,0.0365,0.037,0.036,0.001,197749.15,431321.81
1771424238,2026-02-18T22:17:18.883166,0.0365,0.037,0.036,0.001,201541.51,431131.81
1771424418,2026-02-18T22:20:18.994315,0.0365,0.037,0.036,0.001,201959.69,431128.52
1771424598,2026-02-18T22:23:18.895009,0.0365,0.037,0.036,0.001,204526.32,430776.62
1771424778,2026-02-18T22:26:18.890019,0.0365,0.037,0.036,0.001,209026.32,430776.62
1771424958,2026-02-18T22:29:18.923752,0.0365,0.037,0.036,0.001,208973.41,430395.09
1771425139,2026-02-18T22:32:19.158891,0.0365,0.037,0.036,0.001,208160.84,430691.39999999997
1771425318,2026-02-18T22:35:18.941248,0.0365,0.037,0.036,0.001,206642.3,424212.63999999996
1771425498,2026-02-18T22:38:18.859593,0.0365,0.037,0.036,0.001,205685.29,425721.87
1771425683,2026-02-18T22:41:23.744148,0.0365,0.037,0.036,0.001,205521.3,426012.47
1771425858,2026-02-18T22:44:18.965746,0.0365,0.037,0.036,0.001,199246.26,427907.83999999997
1771426039,2026-02-18T22:47:19.112589,0.0365,0.037,0.036,0.001,206453.54,428031.70999999996
1771426219,2026-02-18T22:50:19.076872,0.0365,0.037,0.036,0.001,206434.86,428026.52999999997
1771426399,2026-02-18T22:53:19.131196,0.0365,0.037,0.036,0.001,195558.32,421829.11
1771426579,2026-02-18T22:56:19.067558,0.0365,0.037,0.036,0.001,196843.24,421629.01
1771426759,2026-02-18T22:59:19.113975,0.0365,0.037,0.036,0.001,206396.23,421345.99
1771426939,2026-02-18T23:02:19.293940,0.037,0.038,0.036,0.002,209969.38,437092.57999999996
1771427119,2026-02-18T23:05:19.241625,0.0365,0.037,0.036,0.001,212524.03,500685.27
1771427299,2026-02-18T23:08:19.241288,0.037,0.038,0.036,0.002,212615.46,512869.23
1771427479,2026-02-18T23:11:19.301853,0.0365,0.037,0.036,0.001,212725.61,500690.0
1771427659,2026-02-18T23:14:19.231998,0.0365,0.037,0.036,0.001,212760.9,500074.76
1771427839,2026-02-18T23:17:19.333635,0.0365,0.037,0.036,0.001,213093.55,500543.04
1771428019,2026-02-18T23:20:19.471412,0.036,0.037,0.035,0.002,452254.72,495976.92
1771428199,2026-02-18T23:23:19.587682,0.0355,0.036,0.035,0.001,456754.72,412659.02
1771428379,2026-02-18T23:26:19.302302,0.0355,0.036,0.035,0.001,456697.72,412493.02
1771428559,2026-02-18T23:29:19.447238,0.0355,0.036,0.035,0.001,457829.85,410069.47000000003
1771428739,2026-02-18T23:32:19.471441,0.0365,0.037,0.036,0.001,201199.05,507716.10000000003
1771428919,2026-02-18T23:35:19.438048,0.0365,0.037,0.036,0.001,200143.72999999998,507659.78
1771429099,2026-02-18T23:38:19.469073,0.0365,0.037,0.036,0.001,200012.16,514459.78
1771429279,2026-02-18T23:41:19.491019,0.0365,0.037,0.036,0.001,199956.18,510565.28
1771429459,2026-02-18T23:44:19.660339,0.0365,0.037,0.036,0.001,201210.69,510565.28
1771429639,2026-02-18T23:47:19.516407,0.0365,0.037,0.036,0.001,200876.16999999998,514809.51
1771429819,2026-02-18T23:50:19.677376,0.0365,0.037,0.036,0.001,200776.16999999998,514825.51
1771429999,2026-02-18T23:53:19.693729,0.0365,0.037,0.036,0.001,200666.41,514730.75
1771430179,2026-02-18T23:56:19.710736,0.0335,0.034,0.033,0.001,461969.7,185892.53999999998
1771430359,2026-02-18T23:59:19.678584,0.0335,0.034,0.033,0.001,463203.77999999997,185604.3
1771430539,2026-02-19T00:02:19.692152,0.0335,0.034,0.033,0.001,463079.93,196754.76
1771430719,2026-02-19T00:05:19.677229,0.0335,0.034,0.033,0.001,462934.13,199232.75
1771430899,2026-02-19T00:08:19.713900,0.0335,0.034,0.033,0.001,457976.89,191818.73
1771431079,2026-02-19T00:11:19.920306,0.0335,0.034,0.033,0.001,452740.22,191793.57
1771431259,2026-02-19T00:14:19.900537,0.0335,0.034,0.033,0.001,452641.42,191723.57
1771431439,2026-02-19T00:17:19.940864,0.0335,0.034,0.033,0.001,452608.74,191922.07
1771431619,2026-02-19T00:20:19.914499,0.0335,0.034,0.033,0.001,452796.94,192076.85
1771431799,2026-02-19T00:23:19.887667,0.0335,0.034,0.033,0.001,452708.57,186076.85
1771431979,2026-02-19T00:26:19.939231,0.0345,0.035,0.034,0.001,454370.61,338308.88
1771432159,2026-02-19T00:29:19.885044,0.0345,0.035,0.034,0.001,454343.91,338282.18
1771432339,2026-02-19T00:32:19.886227,0.0345,0.035,0.034,0.001,454147.74,338180.31
1771432519,2026-02-19T00:35:19.950166,0.0345,0.035,0.034,0.001,454169.29,336369.83
1771432699,2026-02-19T00:38:19.985706,0.0345,0.035,0.034,0.001,454086.05,336281.59
1771432880,2026-02-19T00:41:20.081017,0.0345,0.035,0.034,0.001,454370.04,336081.59
1771433060,2026-02-19T00:44:20.111255,0.0355,0.036,0.035,0.001,456475.52,415065.29
1771433240,2026-02-19T00:47:20.115573,0.0355,0.036,0.035,0.001,456572.68,415091.2
1771433420,2026-02-19T00:50:20.171980,0.0355,0.036,0.035,0.001,456511.58,415057.22000000003
1771433600,2026-02-19T00:53:20.237165,0.0355,0.036,0.035,0.001,456717.68,415057.22000000003
1771433780,2026-02-19T00:56:20.238061,0.0355,0.036,0.035,0.001,456717.68,415057.22000000003
1771433960,2026-02-19T00:59:20.242412,0.036,0.037,0.035,0.002,456631.23,518339.94
1771434140,2026-02-19T01:02:20.245669,0.0365,0.037,0.036,0.001,190034.34,518211.17
1771434320,2026-02-19T01:05:20.458519,0.0365,0.037,0.036,0.001,190305.31,518003.74
1771434500,2026-02-19T01:08:20.241062,0.0365,0.037,0.036,0.001,190259.94,517958.37
1771434680,2026-02-19T01:11:20.268288,0.0365,0.037,0.036,0.001,189932.12,517872.73
1771434860,2026-02-19T01:14:20.476005,0.0365,0.037,0.036,0.001,189820.87,517658.4
1771435040,2026-02-19T01:17:20.377575,0.0355,0.036,0.035,0.001,456453.32,411725.58
1771435220,2026-02-19T01:20:20.450481,0.0355,0.036,0.035,0.001,456335.69,414759.16
1771435400,2026-02-19T01:23:20.447330,0.0355,0.036,0.035,0.001,456335.69,414759.16
1771435580,2026-02-19T01:26:20.472191,0.0355,0.036,0.035,0.001,456186.8,414510.27
1771435760,2026-02-19T01:29:20.487126,0.0355,0.036,0.035,0.001,456186.47000000003,414510.27
1771435940,2026-02-19T01:32:20.465784,0.0355,0.036,0.035,0.001,456104.9,414466.58
1771436120,2026-02-19T01:35:20.476291,0.036,0.037,0.035,0.002,456091.93,516858.53
1771436300,2026-02-19T01:38:20.659657,0.036,0.037,0.035,0.002,456042.47000000003,516840.92
1771436480,2026-02-19T01:41:20.684587,0.0365,0.037,0.036,0.001,189716.92,512691.45
1771436660,2026-02-19T01:44:20.689297,0.0365,0.037,0.036,0.001,192707.92,512219.45
1771436840,2026-02-19T01:47:20.690813,0.0365,0.037,0.036,0.001,192457.92,520573.31
1771437020,2026-02-19T01:50:20.684467,0.036,0.037,0.035,0.002,456913.47000000003,502024.97
1771437200,2026-02-19T01:53:20.687287,0.036,0.037,0.035,0.002,456916.79,501976.92
1771437380,2026-02-19T01:56:20.680508,0.0355,0.036,0.035,0.001,462006.91,414810.12
1771437560,2026-02-19T01:59:20.724706,0.036,0.037,0.035,0.002,460970.68,516230.47
1771437740,2026-02-19T02:02:20.708321,0.0365,0.037,0.036,0.001,194380.47,522500.13
1771437920,2026-02-19T02:05:20.761207,0.036,0.037,0.035,0.002,461138.98,522848.54
1771438100,2026-02-19T02:08:20.834084,0.036,0.037,0.035,0.002,460797.36,522871.44
1771438280,2026-02-19T02:11:20.901112,0.0355,0.036,0.035,0.001,466250.36,422524.27
1771438460,2026-02-19T02:14:20.890850,0.0355,0.036,0.035,0.001,466048.17,422322.08
1771438640,2026-02-19T02:17:20.895809,0.036,0.037,0.035,0.002,465998.64,526373.34
1771438820,2026-02-19T02:20:20.956271,0.036,0.037,0.035,0.002,465891.89,522891.91
1771439000,2026-02-19T02:23:20.909233,0.036,0.037,0.035,0.002,465886.89,520891.91
1771439180,2026-02-19T02:26:20.979097,0.036,0.037,0.035,0.002,463498.3,505479.51
1771439361,2026-02-19T02:29:21.099670,0.036,0.037,0.035,0.002,463333.96,506454.0
1771439541,2026-02-19T02:32:21.227958,0.0355,0.036,0.035,0.001,458340.37,431321.47
1771439721,2026-02-19T02:35:21.153726,0.0355,0.036,0.035,0.001,457899.87,431387.25
1771439901,2026-02-19T02:38:21.101846,0.0355,0.036,0.035,0.001,458552.64,431504.84
1771440081,2026-02-19T02:41:21.139807,0.036,0.037,0.035,0.002,457552.64,534528.51
1771440261,2026-02-19T02:44:21.230168,0.036,0.037,0.035,0.002,457652.87,530679.31
1771440441,2026-02-19T02:47:21.226531,0.036,0.037,0.035,0.002,458560.48,530586.92
1771440621,2026-02-19T02:50:21.235067,0.036,0.037,0.035,0.002,458506.82,532038.27
1771440801,2026-02-19T02:53:21.241130,0.0365,0.037,0.036,0.001,192005.28,527911.27
1771440981,2026-02-19T02:56:21.171070,0.0365,0.037,0.036,0.001,191960.79,527830.43
1771441161,2026-02-19T02:59:21.228207,0.0365,0.037,0.036,0.001,191885.26,527738.24
1771441341,2026-02-19T03:02:21.233720,0.0365,0.037,0.036,0.001,191845.26,527448.24
1771441521,2026-02-19T03:05:21.238609,0.036,0.037,0.035,0.002,452613.49,528288.11
1771441701,2026-02-19T03:08:21.301788,0.0365,0.037,0.036,0.001,185823.61,523151.91
1771441881,2026-02-19T03:11:21.273278,0.0365,0.037,0.036,0.001,195856.25,428032.25
1771442061,2026-02-19T03:14:21.272249,0.036,0.037,0.035,0.002,452397.51,417805.39
1771442241,2026-02-19T03:17:21.310140,0.036,0.037,0.035,0.002,457313.2,414253.15
1771442421,2026-02-19T03:20:21.482769,0.036,0.037,0.035,0.002,467901.98,407381.43
1771442601,2026-02-19T03:23:21.356100,0.036,0.037,0.035,0.002,466771.8,402920.49
1771442781,2026-02-19T03:26:21.480313,0.036,0.037,0.035,0.002,461771.8,394672.54
1771442961,2026-02-19T03:29:21.456131,0.036,0.037,0.035,0.002,461729.25,403325.99
1771443141,2026-02-19T03:32:21.481062,0.036,0.037,0.035,0.002,462588.72,399893.23
1771443321,2026-02-19T03:35:21.596719,0.036,0.037,0.035,0.002,462583.53,403386.5
1771443501,2026-02-19T03:38:21.635426,0.0365,0.037,0.036,0.001,196910.03,396085.36
1771443681,2026-02-19T03:41:21.689096,0.0365,0.037,0.036,0.001,200005.59,396028.86
1771443861,2026-02-19T03:44:21.686190,0.0365,0.037,0.036,0.001,200077.98,397525.23
1771444041,2026-02-19T03:47:21.638303,0.0365,0.037,0.036,0.001,189991.88,489063.9
1771444221,2026-02-19T03:50:21.694029,0.037,0.038,0.036,0.002,190381.55,490928.74
1771444401,2026-02-19T03:53:21.660599,0.0365,0.037,0.036,0.001,194580.88999999998,476312.58
1771444581,2026-02-19T03:56:21.690991,0.037,0.038,0.036,0.002,194483.09,488241.19
1771444761,2026-02-19T03:59:21.671298,0.0375,0.038,0.037,0.001,150082.91,488181.4
1771444941,2026-02-19T04:02:21.735336,0.0375,0.038,0.037,0.001,149879.47,475994.94
1771445121,2026-02-19T04:05:21.833717,0.0375,0.038,0.037,0.001,149803.42,470823.46
1771445301,2026-02-19T04:08:21.890340,0.0375,0.038,0.037,0.001,149498.68,465598.15
1771445481,2026-02-19T04:11:21.884741,0.0365,0.037,0.036,0.001,195473.3,461935.02999999997
1771445661,2026-02-19T04:14:21.908763,0.0365,0.037,0.036,0.001,195098.59,461487.33
1771445841,2026-02-19T04:17:21.873514,0.0365,0.037,0.036,0.001,194885.76,456595.05
1771446021,2026-02-19T04:20:21.907083,0.0365,0.037,0.036,0.001,195660.57,462781.05
1771446201,2026-02-19T04:23:21.902111,0.0365,0.037,0.036,0.001,197986.97,456476.21
1771446381,2026-02-19T04:26:21.924623,0.037,0.038,0.036,0.002,198526.06,464812.47
1771446562,2026-02-19T04:29:22.015654,0.037,0.038,0.036,0.002,203531.26,460468.11
1771446742,2026-02-19T04:32:22.113497,0.0355,0.036,0.035,0.001,459622.57,352739.27
1771446922,2026-02-19T04:35:22.051784,0.0365,0.037,0.036,0.001,207055.06,439313.22
1771447102,2026-02-19T04:38:22.113397,0.0365,0.037,0.036,0.001,201267.49,433650.08
1771447282,2026-02-19T04:41:22.100110,0.0375,0.038,0.037,0.001,154315.57,458375.93
1771447462,2026-02-19T04:44:22.230771,0.0365,0.037,0.036,0.001,205731.79,443186.15
1771447642,2026-02-19T04:47:22.242573,0.0365,0.037,0.036,0.001,205729.71,443186.13
1771447822,2026-02-19T04:50:22.247022,0.0365,0.037,0.036,0.001,205829.71,438099.13
1771448002,2026-02-19T04:53:22.242127,0.0365,0.037,0.036,0.001,205829.71,434970.32
1771448182,2026-02-19T04:56:22.309221,0.0365,0.037,0.036,0.001,205660.8,443064.56
1771448362,2026-02-19T04:59:22.467523,0.0365,0.037,0.036,0.001,205505.55,439596.72000000003
1771448542,2026-02-19T05:02:22.264091,0.0365,0.037,0.036,0.001,194872.74,442398.48
1771448722,2026-02-19T05:05:22.455764,0.0365,0.037,0.036,0.001,194255.0,439451.52
1771448902,2026-02-19T05:08:22.445933,0.0365,0.037,0.036,0.001,194321.30000000002,442379.52
1771449082,2026-02-19T05:11:22.458250,0.0365,0.037,0.036,0.001,194121.30000000002,442379.52
1771449262,2026-02-19T05:14:22.401891,0.0365,0.037,0.036,0.001,194021.30000000002,442379.52
1771449442,2026-02-19T05:17:22.460385,0.0365,0.037,0.036,0.001,194219.44,442760.24
1771449622,2026-02-19T05:20:22.534020,0.0365,0.037,0.036,0.001,210347.57,442330.79
1771449802,2026-02-19T05:23:22.674161,0.0365,0.037,0.036,0.001,203579.23,443862.89
1771449982,2026-02-19T05:26:22.683160,0.0365,0.037,0.036,0.001,204025.66,441655.09
1771450162,2026-02-19T05:29:22.698811,0.0365,0.037,0.036,0.001,205235.46000000002,427082.29
1771450342,2026-02-19T05:32:22.509319,0.0365,0.037,0.036,0.001,205210.53,435237.59
1771450522,2026-02-19T05:35:22.638875,0.0365,0.037,0.036,0.001,205587.26,435340.23
1771450702,2026-02-19T05:38:22.636462,0.0365,0.037,0.036,0.001,205386.26,435439.23
1771450882,2026-02-19T05:41:22.667180,0.037,0.038,0.036,0.002,207074.15,440272.19
1771451062,2026-02-19T05:44:22.704044,0.0365,0.037,0.036,0.001,206939.02000000002,424643.33
1771451242,2026-02-19T05:47:22.709843,0.0375,0.038,0.037,0.001,163576.55000000002,431609.19
1771451422,2026-02-19T05:50:22.746679,0.0375,0.038,0.037,0.001,163524.43,430263.89
1771451602,2026-02-19T05:53:22.761291,0.0375,0.038,0.037,0.001,163624.43,390789.04
1771451782,2026-02-19T05:56:22.801258,0.0375,0.038,0.037,0.001,163608.51,390470.64
1771451962,2026-02-19T05:59:22.899004,0.0375,0.038,0.037,0.001,163248.78,390064.25
1771452142,2026-02-19T06:02:22.880825,0.0375,0.038,0.037,0.001,159608.2,381986.4
1771452322,2026-02-19T06:05:22.946286,0.0375,0.038,0.037,0.001,153721.92,392173.02
1771452502,2026-02-19T06:08:22.909818,0.0375,0.038,0.037,0.001,153804.47,385364.41
1771452683,2026-02-19T06:11:23.071671,0.0375,0.038,0.037,0.001,153754.28,388251.57
1771452863,2026-02-19T06:14:23.006437,0.0375,0.038,0.037,0.001,153754.28,390977.49
1771453043,2026-02-19T06:17:23.097863,0.0375,0.038,0.037,0.001,153129.97,387523.54
1771453223,2026-02-19T06:20:23.127249,0.0375,0.038,0.037,0.001,158929.97,384035.85
1771453403,2026-02-19T06:23:23.226973,0.0375,0.038,0.037,0.001,158918.47,387592.25
1771453583,2026-02-19T06:26:23.150378,0.0375,0.038,0.037,0.001,158922.46,387936.17
1771453763,2026-02-19T06:29:23.101251,0.037,0.038,0.036,0.002,198868.77000000002,379207.32
1771453943,2026-02-19T06:32:23.101058,0.037,0.038,0.036,0.002,195334.02,299274.75
1771454123,2026-02-19T06:35:23.138477,0.037,0.038,0.036,0.002,195365.37,299223.58
1771454303,2026-02-19T06:38:23.230366,0.037,0.038,0.036,0.002,197865.37,299223.58
1771454483,2026-02-19T06:41:23.229744,0.0365,0.037,0.036,0.001,198319.62,296645.51
1771454663,2026-02-19T06:44:23.217607,0.0365,0.037,0.036,0.001,198219.62,296645.51
1771454843,2026-02-19T06:47:23.239335,0.0365,0.037,0.036,0.001,177168.32,296805.54000000004
1771455023,2026-02-19T06:50:23.259203,0.0365,0.037,0.036,0.001,177519.34,296956.56
1771455203,2026-02-19T06:53:23.252488,0.0365,0.037,0.036,0.001,177486.31,295913.68
1771455383,2026-02-19T06:56:23.286397,0.0365,0.037,0.036,0.001,177180.66,296091.9
1771455563,2026-02-19T06:59:23.306364,0.0365,0.037,0.036,0.001,177297.28,296059.52
1771455743,2026-02-19T07:02:23.307390,0.0365,0.037,0.036,0.001,177397.28,296099.52
1771455923,2026-02-19T07:05:23.457301,0.0365,0.037,0.036,0.001,177303.88,293110.17
1771456103,2026-02-19T07:08:23.454822,0.036,0.037,0.035,0.002,441839.72,293903.82
1771456283,2026-02-19T07:11:23.458970,0.036,0.037,0.035,0.002,442514.09,331521.2
1771456468,2026-02-19T07:14:28.265525,0.036,0.037,0.035,0.002,407570.1,329878.88
1771456643,2026-02-19T07:17:23.458400,0.0375,0.038,0.037,0.001,99483.15000000001,316081.29
1771456823,2026-02-19T07:20:23.477662,0.0375,0.038,0.037,0.001,99417.82,316006.62
1771457003,2026-02-19T07:23:23.487216,0.0375,0.038,0.037,0.001,103218.16,371561.62
1771457183,2026-02-19T07:26:23.679485,0.0375,0.038,0.037,0.001,103015.82,370339.49
1771457363,2026-02-19T07:29:23.683536,0.0375,0.038,0.037,0.001,102943.05,370743.07
1771457543,2026-02-19T07:32:23.672227,0.0375,0.038,0.037,0.001,102662.05,374772.56
1771457723,2026-02-19T07:35:23.674480,0.0365,0.037,0.036,0.001,140897.95,394612.33
1771457903,2026-02-19T07:38:23.662681,0.0365,0.037,0.036,0.001,141356.73,393850.11
1771458083,2026-02-19T07:41:23.683933,0.0365,0.037,0.036,0.001,140938.33000000002,385762.97
1771458263,2026-02-19T07:44:23.783045,0.0365,0.037,0.036,0.001,140871.76,385762.97
1771458443,2026-02-19T07:47:23.721033,0.036,0.037,0.035,0.002,406927.43,391742.96
1771458623,2026-02-19T07:50:23.734579,0.0355,0.036,0.035,0.001,406185.01,284964.36
1771458803,2026-02-19T07:53:23.877714,0.0355,0.036,0.035,0.001,405738.58,284936.58
1771458983,2026-02-19T07:56:23.884505,0.0355,0.036,0.035,0.001,404962.17,282766.81
1771459163,2026-02-19T07:59:23.868145,0.0355,0.036,0.035,0.001,404959.55,281266.81
1771459343,2026-02-19T08:02:23.895155,0.0355,0.036,0.035,0.001,404813.45,281283.76
1771459523,2026-02-19T08:05:23.870593,0.0355,0.036,0.035,0.001,405587.4,278686.33
1771459703,2026-02-19T08:08:23.914844,0.0355,0.036,0.035,0.001,402749.56,278633.83
1771459883,2026-02-19T08:11:23.948040,0.0355,0.036,0.035,0.001,402870.76,301730.2
1771460063,2026-02-19T08:14:23.901098,0.0355,0.036,0.035,0.001,402835.52,301740.68
1771460244,2026-02-19T08:17:24.058984,0.0355,0.036,0.035,0.001,402906.75,301704.58
1771460424,2026-02-19T08:20:24.048359,0.0355,0.036,0.035,0.001,402900.53,300205.8
1771460604,2026-02-19T08:23:24.086283,0.0355,0.036,0.035,0.001,405092.87,300205.8
1771460784,2026-02-19T08:26:24.110575,0.0355,0.036,0.035,0.001,404975.4,300223.61
1771460964,2026-02-19T08:29:24.111213,0.0355,0.036,0.035,0.001,405195.73,287856.29
1771461144,2026-02-19T08:32:24.104210,0.0355,0.036,0.035,0.001,410064.08,289106.3
1771461324,2026-02-19T08:35:24.243032,0.0355,0.036,0.035,0.001,411522.25,289309.68
1771461504,2026-02-19T08:38:24.241347,0.0355,0.036,0.035,0.001,408323.14,291279.67
1771461684,2026-02-19T08:41:24.247273,0.0355,0.036,0.035,0.001,407918.49,291221.44
1771461864,2026-02-19T08:44:24.254372,0.0355,0.036,0.035,0.001,407888.4,291221.44
1771462044,2026-02-19T08:47:24.284275,0.0355,0.036,0.035,0.001,407790.85000000003,290923.76
1771462224,2026-02-19T08:50:24.300150,0.0355,0.036,0.035,0.001,407138.53,290238.08999999997
1771462404,2026-02-19T08:53:24.294372,0.0355,0.036,0.035,0.001,407134.66000000003,290234.22
1771462584,2026-02-19T08:56:24.326487,0.0355,0.036,0.035,0.001,407108.8,290113.35
1771462764,2026-02-19T08:59:24.459457,0.0355,0.036,0.035,0.001,405308.8,290112.96
1771462944,2026-02-19T09:02:24.458992,0.0355,0.036,0.035,0.001,405269.39,290088.08999999997
1771463124,2026-02-19T09:05:24.508524,0.0355,0.036,0.035,0.001,405269.39,290283.01
1771463304,2026-02-19T09:08:24.477590,0.0355,0.036,0.035,0.001,404353.33,290227.78
1771463484,2026-02-19T09:11:24.671311,0.0355,0.036,0.035,0.001,404367.53,290027.78
1771463664,2026-02-19T09:14:24.529974,0.0355,0.036,0.035,0.001,404021.10000000003,288987.95
1771463844,2026-02-19T09:17:24.695847,0.0355,0.036,0.035,0.001,404213.84,287713.05
1771464024,2026-02-19T09:20:24.672992,0.0355,0.036,0.035,0.001,404152.8,287623.01
1771464204,2026-02-19T09:23:24.674675,0.0355,0.036,0.035,0.001,403886.32,284330.42
1771464384,2026-02-19T09:26:24.693645,0.0355,0.036,0.035,0.001,403637.48000000004,284876.14
1771464564,2026-02-19T09:29:24.739282,0.0355,0.036,0.035,0.001,388848.8,284801.88
1771464744,2026-02-19T09:32:24.731202,0.0355,0.036,0.035,0.001,388689.58,284792.87
1771464924,2026-02-19T09:35:24.734397,0.0355,0.036,0.035,0.001,388672.99,284733.65
1771465104,2026-02-19T09:38:24.705393,0.0355,0.036,0.035,0.001,388672.99,284632.7
1771465284,2026-02-19T09:41:24.906620,0.0355,0.036,0.035,0.001,398672.99,284549.36
1771465464,2026-02-19T09:44:24.850353,0.0355,0.036,0.035,0.001,398616.64,284558.35
1771465644,2026-02-19T09:47:24.898560,0.0355,0.036,0.035,0.001,398465.10000000003,284341.44
1771465824,2026-02-19T09:50:24.959368,0.0355,0.036,0.035,0.001,398321.32,284355.23
1771466004,2026-02-19T09:53:24.901800,0.0355,0.036,0.035,0.001,397806.32,284050.8
1771466184,2026-02-19T09:56:24.907506,0.0355,0.036,0.035,0.001,397765.31,284050.8
1771466364,2026-02-19T09:59:24.925470,0.0355,0.036,0.035,0.001,397765.31,284050.8
1771466545,2026-02-19T10:02:25.002347,0.0355,0.036,0.035,0.001,397765.31,283397.62
1771466725,2026-02-19T10:05:25.093884,0.0355,0.036,0.035,0.001,394595.72000000003,289417.17
1771466905,2026-02-19T10:08:25.094241,0.0355,0.036,0.035,0.001,394348.87,289180.67
1771467085,2026-02-19T10:11:25.079028,0.0355,0.036,0.035,0.001,393988.42000000004,288916.72
1771467265,2026-02-19T10:14:25.237317,0.0355,0.036,0.035,0.001,393888.42000000004,288916.7
1771467445,2026-02-19T10:17:25.242248,0.0355,0.036,0.035,0.001,394566.66000000003,545822.76
1771467625,2026-02-19T10:20:25.247750,0.0355,0.036,0.035,0.001,394398.78,548915.98
1771467805,2026-02-19T10:23:25.250365,0.0355,0.036,0.035,0.001,397491.17000000004,523422.13
1771467985,2026-02-19T10:26:25.233890,0.0355,0.036,0.035,0.001,396666.47000000003,521257.84
1771468165,2026-02-19T10:29:25.261602,0.0355,0.036,0.035,0.001,399751.72000000003,521779.69
1771468345,2026-02-19T10:32:25.268456,0.0355,0.036,0.035,0.001,394622.65,521764.31
1771468525,2026-02-19T10:35:25.242624,0.0355,0.036,0.035,0.001,394617.46,521855.31
1771468705,2026-02-19T10:38:25.302772,0.0355,0.036,0.035,0.001,394617.46,521855.31
1771468885,2026-02-19T10:41:25.450885,0.0355,0.036,0.035,0.001,394517.46,533908.1
1771469065,2026-02-19T10:44:25.463503,0.0355,0.036,0.035,0.001,394517.46,534838.81
1771469245,2026-02-19T10:47:25.465484,0.0355,0.036,0.035,0.001,394074.59,537423.53
1771469425,2026-02-19T10:50:25.420092,0.0365,0.037,0.036,0.001,129813.36,740344.0
1771469605,2026-02-19T10:53:25.444913,0.0365,0.037,0.036,0.001,129762.71,790302.53
1771469785,2026-02-19T10:56:25.493186,0.0365,0.037,0.036,0.001,129675.21,790221.29
1771469965,2026-02-19T10:59:25.468784,0.0365,0.037,0.036,0.001,130585.46,790175.04
1771470145,2026-02-19T11:02:25.496955,0.0365,0.037,0.036,0.001,119921.04000000001,786221.79
1771470325,2026-02-19T11:05:25.849810,0.0365,0.037,0.036,0.001,119704.38,786023.87
1771470505,2026-02-19T11:08:25.675399,0.0365,0.037,0.036,0.001,119403.08,785982.69
1771470685,2026-02-19T11:11:25.681798,0.0365,0.037,0.036,0.001,119223.87,785813.59
1771470865,2026-02-19T11:14:25.663638,0.0365,0.037,0.036,0.001,119438.04000000001,785785.32
1771471045,2026-02-19T11:17:25.683608,0.0365,0.037,0.036,0.001,118996.92,785558.84
1771471225,2026-02-19T11:20:25.643240,0.0355,0.036,0.035,0.001,384124.44,524785.43
1771471405,2026-02-19T11:23:25.716618,0.0355,0.036,0.035,0.001,384152.58,532574.2
1771471585,2026-02-19T11:26:25.775784,0.0355,0.036,0.035,0.001,383953.23,533720.37
1771471765,2026-02-19T11:29:25.740016,0.0355,0.036,0.035,0.001,383668.46,534127.3099999999
1771471945,2026-02-19T11:32:25.908948,0.0355,0.036,0.035,0.001,383563.5,534044.29
1771472125,2026-02-19T11:35:25.815624,0.0355,0.036,0.035,0.001,384211.4,533758.66
1771472305,2026-02-19T11:38:25.912646,0.0355,0.036,0.035,0.001,384380.76,534290.61
1771472485,2026-02-19T11:41:25.903110,0.0355,0.036,0.035,0.001,384301.5,534230.22
1771472665,2026-02-19T11:44:25.832164,0.0355,0.036,0.035,0.001,384462.56,534378.86
1771472845,2026-02-19T11:47:25.922889,0.0355,0.036,0.035,0.001,384388.92000000004,534333.22
1771473025,2026-02-19T11:50:25.912417,0.0355,0.036,0.035,0.001,383645.88,534122.86
1771473205,2026-02-19T11:53:25.938542,0.0355,0.036,0.035,0.001,383504.09,533394.01
1771473385,2026-02-19T11:56:25.982799,0.0355,0.036,0.035,0.001,378644.5,533406.85
1771473566,2026-02-19T11:59:26.071846,0.0355,0.036,0.035,0.001,378546.54000000004,533277.8099999999
1771473746,2026-02-19T12:02:26.155244,0.0355,0.036,0.035,0.001,379634.33,533158.54
1771473926,2026-02-19T12:05:26.251182,0.0355,0.036,0.035,0.001,378823.71,533355.35
1771474106,2026-02-19T12:08:26.108051,0.0355,0.036,0.035,0.001,378792.01,533286.97
1771474290,2026-02-19T12:11:30.930892,0.0365,0.037,0.036,0.001,,
1771474466,2026-02-19T12:14:26.090496,0.0365,0.037,0.036,0.001,114094.18,786330.89
1771474646,2026-02-19T12:17:26.220792,0.0365,0.037,0.036,0.001,114018.91,786261.86
1771474826,2026-02-19T12:20:26.248033,0.0365,0.037,0.036,0.001,113898.86,784438.8099999999
1771475006,2026-02-19T12:23:26.239473,0.0365,0.037,0.036,0.001,113829.51,784374.6599999999
1771475186,2026-02-19T12:26:26.263859,0.0345,0.036,0.033,0.003,330622.84,526324.62
1771475366,2026-02-19T12:29:26.334276,0.0345,0.035,0.034,0.001,323271.05,418319.41000000003
1771475546,2026-02-19T12:32:26.301464,0.0345,0.035,0.034,0.001,392081.87,418183.92
1771475726,2026-02-19T12:35:26.276207,0.0345,0.035,0.034,0.001,390530.42000000004,418265.27
1771475906,2026-02-19T12:38:26.276297,0.0345,0.035,0.034,0.001,391529.12,418762.96
1771476086,2026-02-19T12:41:26.312197,0.034,0.035,0.033,0.002,398032.29000000004,420863.91000000003
1771476266,2026-02-19T12:44:26.469809,0.0345,0.035,0.034,0.001,390617.8,416382.87
1771476626,2026-02-19T12:50:26.478532,0.0345,0.035,0.034,0.001,390619.47000000003,417476.11
1771476806,2026-02-19T12:53:26.473957,0.0345,0.035,0.034,0.001,390462.42,417424.06
1771476986,2026-02-19T12:56:26.458789,0.0345,0.035,0.034,0.001,390509.48000000004,417425.53
1771477166,2026-02-19T12:59:26.469782,0.0345,0.035,0.034,0.001,390609.48000000004,417425.53
1771477346,2026-02-19T13:02:26.670718,0.0345,0.035,0.034,0.001,390609.48000000004,417425.59
1771477526,2026-02-19T13:05:26.534629,0.0345,0.035,0.034,0.001,390609.48000000004,409582.59
1771477706,2026-02-19T13:08:26.665640,0.0345,0.035,0.034,0.001,390601.19,600270.64
1771477886,2026-02-19T13:11:26.649152,0.0355,0.036,0.035,0.001,374648.3,601512.94
1771478066,2026-02-19T13:14:26.655438,0.0355,0.036,0.035,0.001,374805.54000000004,601487.76
1771478246,2026-02-19T13:17:26.657609,0.0355,0.036,0.035,0.001,374853.16000000003,601438.51
1771478426,2026-02-19T13:20:26.696295,0.0355,0.036,0.035,0.001,374890.85000000003,601232.15
1771478606,2026-02-19T13:23:26.729631,0.0365,0.037,0.036,0.001,108653.49,854331.3099999999
1771478786,2026-02-19T13:26:26.719484,0.036,0.037,0.035,0.002,374847.64,854354.84
1771478966,2026-02-19T13:29:26.737533,0.0355,0.036,0.035,0.001,374349.13,594169.75
1771479146,2026-02-19T13:32:26.774722,0.0335,0.034,0.033,0.001,390514.07,257322.48
1771479326,2026-02-19T13:35:26.932405,0.0345,0.035,0.034,0.001,384274.19,410763.31
1771479506,2026-02-19T13:38:26.881268,0.0345,0.035,0.034,0.001,384196.8,418604.31
1771479686,2026-02-19T13:41:26.853026,0.0345,0.035,0.034,0.001,384391.45,508333.61
1771479866,2026-02-19T13:44:26.898213,0.0345,0.035,0.034,0.001,384340.0,508385.79
1771480046,2026-02-19T13:47:26.936827,0.0335,0.034,0.033,0.001,390720.32,349861.79
1771480226,2026-02-19T13:50:26.933325,0.0335,0.034,0.033,0.001,390728.71,349854.52
1771480406,2026-02-19T13:53:26.963081,0.0335,0.034,0.033,0.001,390728.71,349854.52
1771480587,2026-02-19T13:56:27.007802,0.0335,0.034,0.033,0.001,390832.47000000003,349844.89
1771480767,2026-02-19T13:59:27.238208,0.0335,0.034,0.033,0.001,390785.58,429785.09
1771480947,2026-02-19T14:02:27.169486,0.0335,0.034,0.033,0.001,390784.54000000004,429785.09
1771481127,2026-02-19T14:05:27.052892,0.0345,0.035,0.034,0.001,327979.24,571459.9
1771481307,2026-02-19T14:08:27.244377,0.0345,0.035,0.034,0.001,328062.34,572283.9
1771481487,2026-02-19T14:11:27.120481,0.0345,0.035,0.034,0.001,328103.16000000003,573163.51
1771481667,2026-02-19T14:14:27.168829,0.0345,0.035,0.034,0.001,328134.26,573163.51
1771481847,2026-02-19T14:17:27.250463,0.0345,0.035,0.034,0.001,328134.26,572887.49
1771482027,2026-02-19T14:20:27.260407,0.0345,0.035,0.034,0.001,328367.2,573064.4
1771482207,2026-02-19T14:23:27.260722,0.0345,0.035,0.034,0.001,330257.16000000003,572683.93
1771482387,2026-02-19T14:26:27.283460,0.0345,0.035,0.034,0.001,329515.16000000003,572660.59
1771482567,2026-02-19T14:29:27.280131,0.0345,0.035,0.034,0.001,329411.71,573408.99
1771482747,2026-02-19T14:32:27.253942,0.0345,0.035,0.034,0.001,329411.71,572807.6900000001
1771482927,2026-02-19T14:35:27.504136,0.0345,0.035,0.034,0.001,329929.69,572807.6900000001
1771483107,2026-02-19T14:38:27.401288,0.0345,0.035,0.034,0.001,330256.8,576648.1900000001
1771483287,2026-02-19T14:41:27.455319,0.0345,0.035,0.034,0.001,326479.58,576687.08
1771483467,2026-02-19T14:44:27.486115,0.0345,0.035,0.034,0.001,327704.32,576697.64
1771483647,2026-02-19T14:47:27.515922,0.0345,0.035,0.034,0.001,337645.46,584656.22
1771483827,2026-02-19T14:50:27.458025,0.0345,0.035,0.034,0.001,338651.76,579577.47
1771484007,2026-02-19T14:53:27.484086,0.0345,0.035,0.034,0.001,339241.0,579541.2
1771484187,2026-02-19T14:56:27.540735,0.0345,0.035,0.034,0.001,339446.0,579541.2
1771484367,2026-02-19T14:59:27.535294,0.0345,0.035,0.034,0.001,339364.44,579459.65
1771484547,2026-02-19T15:02:27.669686,0.0345,0.035,0.034,0.001,339221.49,579421.7
1771484727,2026-02-19T15:05:27.676262,0.0345,0.035,0.034,0.001,339216.49,579321.7
1771484907,2026-02-19T15:08:27.673014,0.0345,0.035,0.034,0.001,339216.49,579321.7
1771485087,2026-02-19T15:11:27.709143,0.0345,0.035,0.034,0.001,339216.49,579321.7
1771485267,2026-02-19T15:14:27.741668,0.0345,0.035,0.034,0.001,339193.76,579321.7
1771485447,2026-02-19T15:17:27.724322,0.0345,0.035,0.034,0.001,339293.76,579321.7
1771485627,2026-02-19T15:20:27.930536,0.0345,0.035,0.034,0.001,339241.62,579579.56
1771485807,2026-02-19T15:23:27.885693,0.0345,0.035,0.034,0.001,339198.09,579529.82
1771485987,2026-02-19T15:26:27.879153,0.0345,0.035,0.034,0.001,339041.37,579978.58
1771486167,2026-02-19T15:29:27.953044,0.0345,0.035,0.034,0.001,339000.25,579539.44
1771486347,2026-02-19T15:32:27.918134,0.0345,0.035,0.034,0.001,338945.99,579444.06
1771486527,2026-02-19T15:35:27.887126,0.0345,0.035,0.034,0.001,338919.53,579392.6
1771486707,2026-02-19T15:38:27.901185,0.0345,0.035,0.034,0.001,338919.53,579392.6
1771486888,2026-02-19T15:41:28.179107,0.0345,0.035,0.034,0.001,338919.53,579377.6
1771487067,2026-02-19T15:44:27.982089,0.0345,0.035,0.034,0.001,338899.53,579377.6
1771487248,2026-02-19T15:47:28.126646,0.0345,0.035,0.034,0.001,338633.93,578670.0
1771487428,2026-02-19T15:50:28.309773,0.0345,0.035,0.034,0.001,338733.93,578712.0
1771487608,2026-02-19T15:53:28.133433,0.0345,0.035,0.034,0.001,337810.93,577712.0
1771487788,2026-02-19T15:56:28.160977,0.0345,0.035,0.034,0.001,337559.14,577545.66
1771487968,2026-02-19T15:59:28.123634,0.0345,0.035,0.034,0.001,337549.82,577545.66
1771488148,2026-02-19T16:02:28.163681,0.0345,0.035,0.034,0.001,335797.66000000003,578540.12
1771488328,2026-02-19T16:05:28.240272,0.0345,0.035,0.034,0.001,335877.79000000004,578482.96
1771488508,2026-02-19T16:08:28.249245,0.0345,0.035,0.034,0.001,335834.04000000004,578541.31
1771488688,2026-02-19T16:11:28.188248,0.0345,0.035,0.034,0.001,335856.81,578532.0
1771488868,2026-02-19T16:14:28.249637,0.0345,0.035,0.034,0.001,335781.10000000003,578446.26
1771489048,2026-02-19T16:17:28.280392,0.0345,0.035,0.034,0.001,336773.85000000003,578417.68
1771489228,2026-02-19T16:20:28.455441,0.0345,0.035,0.034,0.001,336763.85000000003,578417.68
1771489408,2026-02-19T16:23:28.345314,0.0345,0.035,0.034,0.001,336277.93,576451.4
1771489588,2026-02-19T16:26:28.454861,0.0345,0.035,0.034,0.001,336190.33,576239.55
1771489768,2026-02-19T16:29:28.376945,0.0345,0.035,0.034,0.001,336136.44,576185.65
1771489948,2026-02-19T16:32:28.471692,0.0345,0.035,0.034,0.001,336023.5,576150.05
1771490128,2026-02-19T16:35:28.465008,0.0345,0.035,0.034,0.001,335935.44,568238.0
1771490308,2026-02-19T16:38:28.444449,0.0345,0.035,0.034,0.001,336145.44,568386.14
1771490488,2026-02-19T16:41:28.482589,0.0345,0.035,0.034,0.001,336005.05,576099.08
1771490668,2026-02-19T16:44:28.502648,0.0345,0.035,0.034,0.001,335956.91000000003,626041.63
1771490848,2026-02-19T16:47:28.681353,0.0345,0.035,0.034,0.001,335837.5,622739.24
1771491028,2026-02-19T16:50:28.521784,0.0345,0.035,0.034,0.001,331845.73,622576.92
1771491208,2026-02-19T16:53:28.701099,0.0345,0.035,0.034,0.001,331759.19,622344.08
1771491388,2026-02-19T16:56:28.648701,0.0345,0.035,0.034,0.001,331707.83,622272.16
1771491568,2026-02-19T16:59:28.669993,0.0345,0.035,0.034,0.001,331834.72000000003,622272.16
1771491748,2026-02-19T17:02:28.695652,0.0345,0.035,0.034,0.001,342784.92000000004,622216.15
1771491928,2026-02-19T17:05:28.690858,0.0345,0.035,0.034,0.001,339640.81,622216.15
1771492108,2026-02-19T17:08:28.710151,0.0345,0.035,0.034,0.001,339590.34,622165.68
1771492288,2026-02-19T17:11:28.727330,0.0345,0.035,0.034,0.001,339358.94,622121.15
1771492468,2026-02-19T17:14:28.704206,0.0345,0.035,0.034,0.001,339403.55,617599.15
1771492648,2026-02-19T17:17:28.730773,0.0345,0.035,0.034,0.001,338530.17,617752.04
1771492828,2026-02-19T17:20:28.794017,0.0345,0.035,0.034,0.001,338417.64,617640.71
1771493008,2026-02-19T17:23:28.889453,0.0345,0.035,0.034,0.001,338420.65,617581.72
1771493188,2026-02-19T17:26:28.896662,0.0345,0.035,0.034,0.001,338350.65,617473.72
1771493368,2026-02-19T17:29:28.861790,0.0345,0.035,0.034,0.001,337916.78,617473.72
1771493548,2026-02-19T17:32:28.855688,0.0345,0.035,0.034,0.001,337727.68,617405.35
1771493728,2026-02-19T17:35:28.893979,0.0345,0.035,0.034,0.001,337646.37,617299.63
1771493908,2026-02-19T17:38:28.883222,0.0345,0.035,0.034,0.001,337603.05,617307.0
1771494088,2026-02-19T17:41:28.956161,0.0345,0.035,0.034,0.001,337613.05,617307.0
1771494268,2026-02-19T17:44:28.941791,0.0345,0.035,0.034,0.001,337603.05,617307.0
1771494448,2026-02-19T17:47:28.964522,0.0345,0.035,0.034,0.001,339418.24,617263.7
1771494629,2026-02-19T17:50:29.168129,0.0345,0.035,0.034,0.001,344325.69,624735.95
1771494809,2026-02-19T17:53:29.245489,0.0345,0.035,0.034,0.001,344440.76,624559.14
1771494989,2026-02-19T17:56:29.219211,0.0345,0.035,0.034,0.001,344292.31,624544.74
1771495169,2026-02-19T17:59:29.246627,0.0345,0.035,0.034,0.001,344287.05,622074.89
1771495349,2026-02-19T18:02:29.177431,0.0345,0.035,0.034,0.001,344292.22000000003,622074.89
1771495529,2026-02-19T18:05:29.240758,0.0345,0.035,0.034,0.001,344264.8,622146.81
1771495709,2026-02-19T18:08:29.260047,0.0345,0.035,0.034,0.001,344172.07,621900.6900000001
1771495889,2026-02-19T18:11:29.283820,0.0345,0.035,0.034,0.001,344214.26,621904.25
1771496069,2026-02-19T18:14:29.232891,0.0345,0.035,0.034,0.001,373150.33,622214.56
1771496249,2026-02-19T18:17:29.279707,0.0345,0.035,0.034,0.001,393814.87,622195.73
1771496429,2026-02-19T18:20:29.280511,0.0345,0.035,0.034,0.001,393759.0,621395.11
1771496609,2026-02-19T18:23:29.293207,0.0345,0.035,0.034,0.001,386312.05,621529.46
1771496789,2026-02-19T18:26:29.476147,0.0335,0.034,0.033,0.001,395280.49,428875.65
1771496969,2026-02-19T18:29:29.332514,0.0345,0.035,0.034,0.001,391669.02999999997,628819.28
1771497149,2026-02-19T18:32:29.462199,0.0345,0.035,0.034,0.001,391694.16,628919.28
1771497329,2026-02-19T18:35:29.680622,0.0345,0.035,0.034,0.001,391686.91,629019.28
1771497509,2026-02-19T18:38:29.457351,0.0345,0.035,0.034,0.001,392181.73,631583.46
1771497689,2026-02-19T18:41:29.476699,0.0345,0.035,0.034,0.001,392069.63999999996,631466.2
1771497869,2026-02-19T18:44:29.468309,0.0345,0.035,0.034,0.001,392026.95999999996,631429.74
1771498049,2026-02-19T18:47:29.811249,0.0345,0.035,0.034,0.001,388501.61,634676.17
1771498229,2026-02-19T18:50:29.612446,0.034,0.035,0.033,0.002,395593.83999999997,635018.88
1771498409,2026-02-19T18:53:29.702752,0.0335,0.034,0.033,0.001,395531.07999999996,431723.67000000004
1771498589,2026-02-19T18:56:29.669458,0.0335,0.034,0.033,0.001,395394.19999999995,431930.26
1771498769,2026-02-19T18:59:29.655442,0.0335,0.034,0.033,0.001,395484.8,431930.26
1771498949,2026-02-19T19:02:29.685871,0.0335,0.034,0.033,0.001,394326.69,428012.05000000005
1771499129,2026-02-19T19:05:29.663879,0.0335,0.034,0.033,0.001,394295.42,428048.24
1771499309,2026-02-19T19:08:29.696844,0.0335,0.034,0.033,0.001,393258.01999999996,428997.31
1771499489,2026-02-19T19:11:29.690484,0.0335,0.034,0.033,0.001,393249.77999999997,428989.07
1771499669,2026-02-19T19:14:29.750688,0.0335,0.034,0.033,0.001,393228.77999999997,429382.65
1771499849,2026-02-19T19:17:29.784427,0.0335,0.034,0.033,0.001,394228.77999999997,430382.65
1771500029,2026-02-19T19:20:29.826088,0.0335,0.034,0.033,0.001,394544.77999999997,430344.23000000004
1771500209,2026-02-19T19:23:29.891953,0.0335,0.034,0.033,0.001,393503.54,430303.92000000004
1771500389,2026-02-19T19:26:29.944223,0.0335,0.034,0.033,0.001,393503.54,430298.7
1771500569,2026-02-19T19:29:29.916567,0.0335,0.034,0.033,0.001,393463.88999999996,430259.05000000005
1771500749,2026-02-19T19:32:29.941410,0.0335,0.034,0.033,0.001,393463.88999999996,430259.05000000005
1771500929,2026-02-19T19:35:29.923688,0.0335,0.034,0.033,0.001,393463.88999999996,430259.05000000005
1771501109,2026-02-19T19:38:29.968072,0.0335,0.034,0.033,0.001,393463.88999999996,430259.05000000005
1771501290,2026-02-19T19:41:30.063687,0.0345,0.035,0.034,0.001,420448.88,621153.34
1771501470,2026-02-19T19:44:30.060584,0.0345,0.035,0.034,0.001,422530.63,624870.15
1771501650,2026-02-19T19:47:30.228551,0.0345,0.035,0.034,0.001,427233.36,624834.0
1771501830,2026-02-19T19:50:30.239296,0.0345,0.035,0.034,0.001,447350.94999999995,624691.14
1771502010,2026-02-19T19:53:30.227368,0.0345,0.035,0.034,0.001,446550.94999999995,624691.14
1771502190,2026-02-19T19:56:30.121309,0.0345,0.035,0.034,0.001,446957.94,624598.13
1771502370,2026-02-19T19:59:30.224117,0.0345,0.035,0.034,0.001,440119.99,626796.49
1771502550,2026-02-19T20:02:30.187952,0.0345,0.035,0.034,0.001,438707.67,626307.7000000001
1771502730,2026-02-19T20:05:30.252660,0.0345,0.035,0.034,0.001,449011.35,611913.49
1771502910,2026-02-19T20:08:30.295079,0.0345,0.035,0.034,0.001,448908.29,611818.72
1771503090,2026-02-19T20:11:30.278513,0.0345,0.035,0.034,0.001,448906.69,611666.5800000001
1771503270,2026-02-19T20:14:30.319284,0.0345,0.035,0.034,0.001,448792.56999999995,611566.18
1771503450,2026-02-19T20:17:30.460601,0.0345,0.035,0.034,0.001,448752.54,611255.4
1771503810,2026-02-19T20:23:30.488814,0.0345,0.035,0.034,0.001,449133.74,612944.4
1771503990,2026-02-19T20:26:30.453315,0.0345,0.035,0.034,0.001,455964.52999999997,614361.73
1771504170,2026-02-19T20:29:30.480827,0.0345,0.035,0.034,0.001,454487.31,614645.52
1771504350,2026-02-19T20:32:30.451065,0.0345,0.035,0.034,0.001,454622.45999999996,614151.22
1771504530,2026-02-19T20:35:30.488384,0.0345,0.035,0.034,0.001,454564.86,614081.98
1771504710,2026-02-19T20:38:30.668681,0.0345,0.035,0.034,0.001,454549.31,614007.9400000001
1771504890,2026-02-19T20:41:30.666415,0.0345,0.035,0.034,0.001,454501.92,613836.03
1771505070,2026-02-19T20:44:30.682724,0.0345,0.035,0.034,0.001,454215.31,613163.28
1771505250,2026-02-19T20:47:30.674341,0.0345,0.035,0.034,0.001,454077.01999999996,613042.23
1771505430,2026-02-19T20:50:30.732042,0.0345,0.035,0.034,0.001,454162.44,612983.09
1771505610,2026-02-19T20:53:30.704450,0.0345,0.035,0.034,0.001,449232.95999999996,612175.4
1771505790,2026-02-19T20:56:30.682127,0.0345,0.035,0.034,0.001,449943.01999999996,612109.34
1771505970,2026-02-19T20:59:30.721200,0.0345,0.035,0.034,0.001,449329.64999999997,611969.71
1771506150,2026-02-19T21:02:30.767979,0.0345,0.035,0.034,0.001,449136.44,611925.39
1771506330,2026-02-19T21:05:30.758216,0.0345,0.035,0.034,0.001,449137.47,611917.12
1771506510,2026-02-19T21:08:30.862593,0.0345,0.035,0.034,0.001,449066.44999999995,611873.72
1771506690,2026-02-19T21:11:30.888555,0.0345,0.035,0.034,0.001,448379.68,611697.05
1771506870,2026-02-19T21:14:30.905363,0.0345,0.035,0.034,0.001,448451.25,611697.05
1771507050,2026-02-19T21:17:30.900613,0.0345,0.035,0.034,0.001,448356.1,611654.29
1771507230,2026-02-19T21:20:30.907321,0.0345,0.035,0.034,0.001,451122.43,608431.2
1771507410,2026-02-19T21:23:30.897023,0.0355,0.036,0.035,0.001,432528.19999999995,815597.27
1771507590,2026-02-19T21:26:30.904357,0.0355,0.036,0.035,0.001,432375.48,810641.5499999999
1771507770,2026-02-19T21:29:30.951585,0.0355,0.036,0.035,0.001,432297.99,810425.17
1771507950,2026-02-19T21:32:30.996880,0.0355,0.036,0.035,0.001,432272.13999999996,805382.99
1771508131,2026-02-19T21:35:31.223864,0.0355,0.036,0.035,0.001,425725.22,785412.99
1771508310,2026-02-19T21:38:30.957860,0.0355,0.036,0.035,0.001,425673.06999999995,788120.39
1771508491,2026-02-19T21:41:31.093490,0.0345,0.035,0.034,0.001,442021.94999999995,582208.13
1771508671,2026-02-19T21:44:31.235791,0.0345,0.035,0.034,0.001,441675.29,586861.48
1771508851,2026-02-19T21:47:31.166369,0.0345,0.035,0.034,0.001,441558.27999999997,589790.92
1771509031,2026-02-19T21:50:31.093198,0.0345,0.035,0.034,0.001,441643.94,589731.7
1771509211,2026-02-19T21:53:31.108891,0.0345,0.035,0.034,0.001,441279.31,589731.7
1771509391,2026-02-19T21:56:31.247195,0.0345,0.035,0.034,0.001,441274.13,584731.7
1771509571,2026-02-19T21:59:31.245960,0.0345,0.035,0.034,0.001,436687.54,584731.7
1771509751,2026-02-19T22:02:31.215284,0.0345,0.035,0.034,0.001,436560.70999999996,584539.41
1771509931,2026-02-19T22:05:31.242109,0.0345,0.035,0.034,0.001,436804.87,583541.84
1771510111,2026-02-19T22:08:31.239249,0.0345,0.035,0.034,0.001,436843.38999999996,581448.76
1771510291,2026-02-19T22:11:31.288450,0.0345,0.035,0.034,0.001,438161.87,581458.76
1771510471,2026-02-19T22:14:31.325107,0.0345,0.035,0.034,0.001,437683.31999999995,578289.59
1771510651,2026-02-19T22:17:31.448365,0.0345,0.035,0.034,0.001,436976.23,578208.98
1771510831,2026-02-19T22:20:31.348849,0.0345,0.035,0.034,0.001,463948.47,580916.26
1771511011,2026-02-19T22:23:31.454882,0.0345,0.035,0.034,0.001,462561.74,581341.03
1771511191,2026-02-19T22:26:31.456843,0.0345,0.035,0.034,0.001,462631.44999999995,581341.03
1771511371,2026-02-19T22:29:31.440950,0.0345,0.035,0.034,0.001,472801.41,565633.27
1771511551,2026-02-19T22:32:31.665729,0.0345,0.035,0.034,0.001,471801.41,565633.27
1771511731,2026-02-19T22:35:31.653763,0.0345,0.035,0.034,0.001,471631.77999999997,565556.61
1771511911,2026-02-19T22:38:31.671714,0.0345,0.035,0.034,0.001,473095.25,568095.63
1771512091,2026-02-19T22:41:31.669613,0.0345,0.035,0.034,0.001,470648.38,564028.14
1771512271,2026-02-19T22:44:31.706785,0.0345,0.035,0.034,0.001,470553.14999999997,563945.41
1771512451,2026-02-19T22:47:31.661529,0.0345,0.035,0.034,0.001,470553.14999999997,563945.41
1771512631,2026-02-19T22:50:31.773314,0.0345,0.035,0.034,0.001,466230.43,570696.7
1771512811,2026-02-19T22:53:31.807891,0.0345,0.035,0.034,0.001,466279.89999999997,570133.92
1771512991,2026-02-19T22:56:31.826341,0.0345,0.035,0.034,0.001,465252.93,572274.41
1771513171,2026-02-19T22:59:31.757449,0.0345,0.035,0.034,0.001,464944.69,573296.21
1771513351,2026-02-19T23:02:31.925666,0.0345,0.035,0.034,0.001,464927.57999999996,572987.16
1771513531,2026-02-19T23:05:31.905096,0.0345,0.035,0.034,0.001,464715.11,573004.27
1771513711,2026-02-19T23:08:31.893676,0.0345,0.035,0.034,0.001,464652.98,572968.03
1771513891,2026-02-19T23:11:31.933242,0.0345,0.035,0.034,0.001,464265.94999999995,573395.15
1771514071,2026-02-19T23:14:31.941018,0.0345,0.035,0.034,0.001,464092.00999999995,572748.97
1771514251,2026-02-19T23:17:31.891675,0.0345,0.035,0.034,0.001,464030.77999999997,572691.82
1771514431,2026-02-19T23:20:31.948775,0.0345,0.035,0.034,0.001,464043.44999999995,570667.92
1771514611,2026-02-19T23:23:31.927997,0.0345,0.035,0.034,0.001,462992.83999999997,570660.51
1771514791,2026-02-19T23:26:31.911082,0.0345,0.035,0.034,0.001,462826.43,568300.8
1771514972,2026-02-19T23:29:32.098385,0.0345,0.035,0.034,0.001,462816.43,568249.04
1771515151,2026-02-19T23:32:31.993456,0.0345,0.035,0.034,0.001,462903.56,568282.88
1771515332,2026-02-19T23:35:32.095049,0.0345,0.035,0.034,0.001,465393.19999999995,568236.17
1771515512,2026-02-19T23:38:32.098047,0.0345,0.035,0.034,0.001,467892.19,568320.3
1771515692,2026-02-19T23:41:32.086388,0.0345,0.035,0.034,0.001,467751.29,568165.02
1771515872,2026-02-19T23:44:32.256112,0.0345,0.035,0.034,0.001,467812.69,567925.99
1771516052,2026-02-19T23:47:32.258696,0.0345,0.035,0.034,0.001,467776.08999999997,567783.13
1771516232,2026-02-19T23:50:32.286237,0.0345,0.035,0.034,0.001,467500.17,566467.13
1771516412,2026-02-19T23:53:32.275296,0.0345,0.035,0.034,0.001,467218.22,566305.64
1771516592,2026-02-19T23:56:32.240819,0.0345,0.035,0.034,0.001,467273.55,569297.36
1771516772,2026-02-19T23:59:32.340278,0.0345,0.035,0.034,0.001,467051.69999999995,569168.5599999999
1771516952,2026-02-20T00:02:32.306311,0.0345,0.035,0.034,0.001,467051.22,569068.09
1771517132,2026-02-20T00:05:32.476984,0.0345,0.035,0.034,0.001,467180.33999999997,572185.0599999999
1771517312,2026-02-20T00:08:32.442593,0.0345,0.035,0.034,0.001,466304.01999999996,567725.57
1771517497,2026-02-20T00:11:37.248386,0.0345,0.035,0.034,0.001,463125.54,572070.14
1771517672,2026-02-20T00:14:32.509718,0.0345,0.035,0.034,0.001,462963.6,572798.9
1771517852,2026-02-20T00:17:32.470508,0.0345,0.035,0.034,0.001,462969.81,572541.76
1771518032,2026-02-20T00:20:32.530428,0.0345,0.035,0.034,0.001,462869.81,572541.76
1771518212,2026-02-20T00:23:32.527401,0.0355,0.036,0.035,0.001,447067.33999999997,777290.92
1771518392,2026-02-20T00:26:32.698482,0.0355,0.036,0.035,0.001,447023.42,777237.69
1771518572,2026-02-20T00:29:32.705223,0.0355,0.036,0.035,0.001,446991.39999999997,777190.19
1771518752,2026-02-20T00:32:32.701034,0.0355,0.036,0.035,0.001,421791.39999999997,774168.46
1771518932,2026-02-20T00:35:32.708471,0.0355,0.036,0.035,0.001,421791.39999999997,764563.96
1771519112,2026-02-20T00:38:32.732952,0.0355,0.036,0.035,0.001,421891.39999999997,764563.96
1771519292,2026-02-20T00:41:32.690595,0.0355,0.036,0.035,0.001,421840.73,772124.26
1771519472,2026-02-20T00:44:32.770852,0.0355,0.036,0.035,0.001,421779.02999999997,772132.58
1771519652,2026-02-20T00:47:32.881061,0.0355,0.036,0.035,0.001,421695.14999999997,770200.03
1771519833,2026-02-20T00:50:33.062029,0.0355,0.036,0.035,0.001,421645.32999999996,770150.21
1771520012,2026-02-20T00:53:32.767517,0.0355,0.036,0.035,0.001,421593.63999999996,770098.53
1771520192,2026-02-20T00:56:32.915819,0.0355,0.036,0.035,0.001,421527.94,770052.38
1771520372,2026-02-20T00:59:32.861275,0.0355,0.036,0.035,0.001,420715.05,770007.27
1771520552,2026-02-20T01:02:32.924865,0.0355,0.036,0.035,0.001,420531.48,769956.87
1771520732,2026-02-20T01:05:32.973651,0.0355,0.036,0.035,0.001,420490.85,769875.82
1771520912,2026-02-20T01:08:32.925379,0.0355,0.036,0.035,0.001,421373.31999999995,769837.29
1771521093,2026-02-20T01:11:33.080031,0.0355,0.036,0.035,0.001,421442.01999999996,769784.89
1771521273,2026-02-20T01:14:33.092581,0.0355,0.036,0.035,0.001,421410.83999999997,769632.23
1771521453,2026-02-20T01:17:33.232772,0.0355,0.036,0.035,0.001,421276.25,769632.23
1771521633,2026-02-20T01:20:33.063434,0.0355,0.036,0.035,0.001,421164.1,761871.86
1771521813,2026-02-20T01:23:33.246563,0.0355,0.036,0.035,0.001,419900.74,761866.69
1771521993,2026-02-20T01:26:33.240659,0.0355,0.036,0.035,0.001,419785.85,769272.06
1771522173,2026-02-20T01:29:33.107859,0.0355,0.036,0.035,0.001,419585.85,769251.06
1771522353,2026-02-20T01:32:33.235805,0.0355,0.036,0.035,0.001,419484.32999999996,769143.0
1771522533,2026-02-20T01:35:33.245118,0.0355,0.036,0.035,0.001,419584.32999999996,769132.76
1771522713,2026-02-20T01:38:33.257534,0.0355,0.036,0.035,0.001,419518.92,712623.35
1771522893,2026-02-20T01:41:33.234114,0.0355,0.036,0.035,0.001,419518.92,705004.14
1771523073,2026-02-20T01:44:33.251756,0.0355,0.036,0.035,0.001,421507.70999999996,712569.55
1771523253,2026-02-20T01:47:33.252403,0.0355,0.036,0.035,0.001,421624.54,712569.55
1771523433,2026-02-20T01:50:33.291763,0.0355,0.036,0.035,0.001,421624.54,712569.55
1771523613,2026-02-20T01:53:33.313599,0.0355,0.036,0.035,0.001,422172.49,712500.9299999999
1771523793,2026-02-20T01:56:33.505748,0.0355,0.036,0.035,0.001,422110.44,712448.21
1771523973,2026-02-20T01:59:33.431741,0.0335,0.034,0.033,0.001,494282.94999999995,321657.17
1771524153,2026-02-20T02:02:33.471836,0.0335,0.034,0.033,0.001,494334.75,335293.04
1771524333,2026-02-20T02:05:33.484700,0.0335,0.034,0.033,0.001,494951.89999999997,336250.09
1771524513,2026-02-20T02:08:33.409791,0.0335,0.034,0.033,0.001,494878.88,336535.21
1771524693,2026-02-20T02:11:33.454464,0.0335,0.034,0.033,0.001,495259.95,338479.77999999997
1771524873,2026-02-20T02:14:33.566341,0.0335,0.034,0.033,0.001,495259.58999999997,338521.76
1771525053,2026-02-20T02:17:33.681150,0.0335,0.034,0.033,0.001,495461.58999999997,335811.73
1771525233,2026-02-20T02:20:33.655207,0.0335,0.034,0.033,0.001,495461.58999999997,335916.73
1771525413,2026-02-20T02:23:33.613590,0.0345,0.035,0.034,0.001,489833.88999999996,540492.29
1771525593,2026-02-20T02:26:33.681185,0.0335,0.034,0.033,0.001,495298.0,338297.12
1771525773,2026-02-20T02:29:33.707286,0.0335,0.034,0.033,0.001,495155.45999999996,338154.58
1771525953,2026-02-20T02:32:33.715744,0.0335,0.034,0.033,0.001,489420.97,344251.44
1771526133,2026-02-20T02:35:33.685289,0.0335,0.034,0.033,0.001,489379.57999999996,344194.87
1771526313,2026-02-20T02:38:33.766855,0.0335,0.034,0.033,0.001,489659.36,344086.71
1771526493,2026-02-20T02:41:33.832303,0.0335,0.034,0.033,0.001,489459.36,343739.65
1771526673,2026-02-20T02:44:33.850529,0.0335,0.034,0.033,0.001,489906.41,343739.65
1771526853,2026-02-20T02:47:33.902404,0.0335,0.034,0.033,0.001,490761.67,363965.29000000004
1771527033,2026-02-20T02:50:33.900612,0.0335,0.034,0.033,0.001,489955.69,364783.3
1771527213,2026-02-20T02:53:33.927698,0.0335,0.034,0.033,0.001,490236.24,364037.97000000003
1771527393,2026-02-20T02:56:33.912291,0.0335,0.034,0.033,0.001,489847.44999999995,363524.15
1771527573,2026-02-20T02:59:33.878692,0.0335,0.034,0.033,0.001,489886.26,363433.16000000003
1771527753,2026-02-20T03:02:33.919026,0.0335,0.034,0.033,0.001,489758.92,365144.38
1771527933,2026-02-20T03:05:33.957565,0.0335,0.034,0.033,0.001,479753.74,373202.11
1771528113,2026-02-20T03:08:33.964717,0.0345,0.035,0.034,0.001,474933.32,566503.47
1771528294,2026-02-20T03:11:34.172106,0.0345,0.035,0.034,0.001,474891.18,566413.39
1771528474,2026-02-20T03:14:34.100380,0.0345,0.035,0.034,0.001,474851.54,566230.89
1771528658,2026-02-20T03:17:38.932058,0.0345,0.035,0.034,0.001,472939.91,558402.85
1771528834,2026-02-20T03:20:34.114290,0.0345,0.035,0.034,0.001,472897.05,548764.87
1771529014,2026-02-20T03:23:34.155810,0.0345,0.035,0.034,0.001,482891.88,548610.7
1771529198,2026-02-20T03:26:38.958379,0.0345,0.035,0.034,0.001,482835.85,548570.21
1771529374,2026-02-20T03:29:34.103111,0.0345,0.035,0.034,0.001,482737.97,549052.22
1771529554,2026-02-20T03:32:34.243183,0.0345,0.035,0.034,0.001,482734.32,549048.57
1771529734,2026-02-20T03:35:34.252256,0.0345,0.035,0.034,0.001,482811.57,549032.04
1771529914,2026-02-20T03:38:34.252225,0.0345,0.035,0.034,0.001,487220.14999999997,546996.62
1771530094,2026-02-20T03:41:34.311133,0.0345,0.035,0.034,0.001,486744.11,546952.58
1771530274,2026-02-20T03:44:34.457009,0.0335,0.034,0.033,0.001,489169.72,352247.45
1771530454,2026-02-20T03:47:34.442542,0.0335,0.034,0.033,0.001,489004.18999999994,354125.73
1771530639,2026-02-20T03:50:39.161113,0.0335,0.034,0.033,0.001,491123.07999999996,352335.73
1771530814,2026-02-20T03:53:34.363172,0.0335,0.034,0.033,0.001,491503.57999999996,352262.14
1771530994,2026-02-20T03:56:34.484545,0.0335,0.034,0.033,0.001,491516.22,352217.17
1771531174,2026-02-20T03:59:34.483507,0.0335,0.034,0.033,0.001,501463.22,352124.43
1771531354,2026-02-20T04:02:34.459171,0.0335,0.034,0.033,0.001,501067.89999999997,336290.60000000003
1771531534,2026-02-20T04:05:34.483727,0.0335,0.034,0.033,0.001,504147.73,339052.12
1771531714,2026-02-20T04:08:34.485638,0.0335,0.034,0.033,0.001,503899.27999999997,339148.47000000003
1771531894,2026-02-20T04:11:34.573539,0.0335,0.034,0.033,0.001,503925.07999999996,339148.47000000003
1771532074,2026-02-20T04:14:34.645811,0.0335,0.034,0.033,0.001,503927.72,339124.3
1771532254,2026-02-20T04:17:34.909852,0.0335,0.034,0.033,0.001,504609.91,336278.67
1771532434,2026-02-20T04:20:34.693314,0.0335,0.034,0.033,0.001,504839.11,337884.55
1771532614,2026-02-20T04:23:34.682793,0.0335,0.034,0.033,0.001,504784.98,337871.5
1771532794,2026-02-20T04:26:34.942405,0.0345,0.035,0.034,0.001,498776.57999999996,539571.98
1771532974,2026-02-20T04:29:34.711765,0.0345,0.035,0.034,0.001,499764.26999999996,511246.58999999997
1771533154,2026-02-20T04:32:34.727173,0.0345,0.035,0.034,0.001,498871.58999999997,511241.42
1771533334,2026-02-20T04:35:34.936173,0.0345,0.035,0.034,0.001,497513.83999999997,511341.45
1771533514,2026-02-20T04:38:34.810699,0.0345,0.035,0.034,0.001,496875.33999999997,511158.14999999997
1771533694,2026-02-20T04:41:34.924622,0.0345,0.035,0.034,0.001,495962.8,510101.0
1771533874,2026-02-20T04:44:34.893381,0.0345,0.035,0.034,0.001,496520.38,509563.82999999996
1771534054,2026-02-20T04:47:34.906893,0.0345,0.035,0.034,0.001,496365.27999999997,499500.35
1771534234,2026-02-20T04:50:34.982855,0.0345,0.035,0.034,0.001,496254.53,494155.76999999996
1771534414,2026-02-20T04:53:34.914762,0.0345,0.035,0.034,0.001,495094.54,496126.93
1771534595,2026-02-20T04:56:35.028441,0.0345,0.035,0.034,0.001,495640.97000000003,495590.77999999997
1771534774,2026-02-20T04:59:34.963465,0.0345,0.035,0.034,0.001,495505.17000000004,495579.85
1771534955,2026-02-20T05:02:35.081900,0.0345,0.035,0.034,0.001,497463.07,494043.91
1771535135,2026-02-20T05:05:35.036344,0.0345,0.035,0.034,0.001,497652.89,494308.72
1771535315,2026-02-20T05:08:35.110877,0.0355,0.036,0.035,0.001,392284.65,703508.8
1771535495,2026-02-20T05:11:35.158361,0.035,0.036,0.034,0.002,508578.69,703301.26
1771535675,2026-02-20T05:14:35.166535,0.035,0.036,0.034,0.002,508086.02,703285.79
1771535855,2026-02-20T05:17:35.104961,0.035,0.036,0.034,0.002,508095.53,685314.97
1771536035,2026-02-20T05:20:35.238143,0.035,0.036,0.034,0.002,508085.17,685314.97
1771536215,2026-02-20T05:23:35.249182,0.0355,0.036,0.035,0.001,395871.59,684920.62
1771536395,2026-02-20T05:26:35.241157,0.035,0.036,0.034,0.002,512422.16000000003,679103.95
1771536575,2026-02-20T05:29:35.246673,0.035,0.036,0.034,0.002,512320.63,679017.96
1771536755,2026-02-20T05:32:35.252709,0.035,0.036,0.034,0.002,512129.32,661090.5
1771536935,2026-02-20T05:35:35.278142,0.035,0.036,0.034,0.002,512112.74,661069.8
1771537115,2026-02-20T05:38:35.289599,0.0355,0.036,0.035,0.001,395961.25,681389.48
1771537295,2026-02-20T05:41:35.453616,0.0355,0.036,0.035,0.001,399386.26,681389.48
1771537475,2026-02-20T05:44:35.284644,0.0355,0.036,0.035,0.001,399342.69,681389.48
1771537655,2026-02-20T05:47:35.442319,0.0355,0.036,0.035,0.001,396024.71,679584.86
1771537835,2026-02-20T05:50:35.470436,0.0355,0.036,0.035,0.001,393287.53,679106.1
1771538015,2026-02-20T05:53:35.484642,0.0355,0.036,0.035,0.001,393161.95,679050.52
1771538195,2026-02-20T05:56:35.472412,0.0355,0.036,0.035,0.001,393158.95,679096.95
1771538375,2026-02-20T05:59:35.456234,0.0355,0.036,0.035,0.001,363169.62,679007.62
1771538555,2026-02-20T06:02:35.504401,0.0355,0.036,0.035,0.001,364871.55,676545.36
1771538735,2026-02-20T06:05:35.536238,0.0355,0.036,0.035,0.001,361801.36,672313.71
1771538915,2026-02-20T06:08:35.697702,0.035,0.036,0.034,0.002,478586.01,674506.78
1771539095,2026-02-20T06:11:35.672996,0.035,0.036,0.034,0.002,478435.94,681991.7
1771539275,2026-02-20T06:14:35.705274,0.0345,0.035,0.034,0.001,476118.21,473891.32999999996
1771539455,2026-02-20T06:17:35.681451,0.0345,0.035,0.034,0.001,476123.21,473891.32999999996
1771539635,2026-02-20T06:20:35.696812,0.0345,0.035,0.034,0.001,474665.60000000003,475323.36
1771539815,2026-02-20T06:23:35.691188,0.0345,0.035,0.034,0.001,484584.42000000004,471975.86
1771539995,2026-02-20T06:26:35.697496,0.035,0.036,0.034,0.002,484583.28,679286.0399999999
1771540180,2026-02-20T06:29:40.333664,0.0355,,,0.001,373135.56,680033.72
1771540355,2026-02-20T06:32:35.747523,0.0355,0.036,0.035,0.001,373081.67000000004,672498.72
1771540535,2026-02-20T06:35:35.817267,0.0355,0.036,0.035,0.001,372971.3,669944.82
1771540715,2026-02-20T06:38:35.888007,0.0355,0.036,0.035,0.001,373487.73000000004,676979.3099999999
1771540895,2026-02-20T06:41:35.909958,0.0355,0.036,0.035,0.001,373130.01,676979.3099999999
1771541075,2026-02-20T06:44:35.911030,0.0355,0.036,0.035,0.001,373038.71,676931.96
1771541255,2026-02-20T06:47:35.920151,0.0355,0.036,0.035,0.001,373025.22000000003,676840.6599999999
1771541435,2026-02-20T06:50:35.976616,0.0355,0.036,0.035,0.001,372264.07,676825.6699999999
1771541615,2026-02-20T06:53:35.880233,0.0355,0.036,0.035,0.001,372222.29000000004,676773.53
1771541795,2026-02-20T06:56:35.931008,0.0355,0.036,0.035,0.001,366886.67000000004,676489.47
1771541976,2026-02-20T06:59:36.094474,0.0355,0.036,0.035,0.001,366881.67000000004,676489.47
1771542155,2026-02-20T07:02:35.988883,0.0355,0.036,0.035,0.001,366824.4,676442.57
1771542336,2026-02-20T07:05:36.243728,0.0355,0.036,0.035,0.001,367338.87,676206.5399999999
1771542516,2026-02-20T07:08:36.160522,0.0355,0.036,0.035,0.001,366108.83,676129.37
1771542696,2026-02-20T07:11:36.123490,0.0355,0.036,0.035,0.001,366363.24,676082.78
1771542876,2026-02-20T07:14:36.116535,0.0355,0.036,0.035,0.001,364275.02,676007.5599999999
1771543056,2026-02-20T07:17:36.246959,0.0355,0.036,0.035,0.001,364175.02,676007.5599999999
1771543236,2026-02-20T07:20:36.248266,0.0355,0.036,0.035,0.001,369225.02,675997.2
1771543416,2026-02-20T07:23:36.261119,0.0355,0.036,0.035,0.001,367004.33,677288.02
1771543596,2026-02-20T07:26:36.245654,0.0355,0.036,0.035,0.001,367103.61000000004,669599.09
1771543776,2026-02-20T07:29:36.329117,0.0355,0.036,0.035,0.001,369335.76,666930.2899999999
1771543956,2026-02-20T07:32:36.487852,0.0355,0.036,0.035,0.001,369535.76,666930.2899999999
1771544136,2026-02-20T07:35:36.264149,0.0355,0.036,0.035,0.001,369374.37,674403.9
1771544316,2026-02-20T07:38:36.338185,0.0355,0.036,0.035,0.001,367965.54000000004,675707.33
1771544496,2026-02-20T07:41:36.475861,0.0355,0.036,0.035,0.001,368173.22000000003,675915.01
1771544676,2026-02-20T07:44:36.399191,0.0355,0.036,0.035,0.001,372215.54000000004,675707.33
1771544856,2026-02-20T07:47:36.429145,0.0355,0.036,0.035,0.001,372201.02,675707.33
1771545036,2026-02-20T07:50:36.367557,0.0355,0.036,0.035,0.001,372051.51,675657.82
1771545216,2026-02-20T07:53:36.476483,0.0355,0.036,0.035,0.001,372151.51,675657.82
1771545396,2026-02-20T07:56:36.544052,0.0355,0.036,0.035,0.001,372514.93,675820.24
1771545576,2026-02-20T07:59:36.694651,0.0355,0.036,0.035,0.001,372661.36000000004,675957.35
1771545756,2026-02-20T08:02:36.632030,0.0355,0.036,0.035,0.001,375527.72000000003,668614.44
1771545936,2026-02-20T08:05:36.657596,0.0355,0.036,0.035,0.001,375081.47000000003,664222.37
1771546116,2026-02-20T08:08:36.655451,0.0365,0.037,0.036,0.001,378552.91000000003,916726.19
1771546296,2026-02-20T08:11:36.677336,0.0365,0.037,0.036,0.001,115226.97,919396.87
1771546476,2026-02-20T08:14:36.702376,0.0355,0.036,0.035,0.001,379597.43,675322.1699999999
1771546656,2026-02-20T08:17:36.728001,0.0355,0.036,0.035,0.001,379503.64,675228.38
1771546836,2026-02-20T08:20:36.703630,0.0355,0.036,0.035,0.001,379459.62,667348.38
1771547016,2026-02-20T08:23:36.886220,0.0355,0.036,0.035,0.001,379310.36000000004,667306.37
1771547196,2026-02-20T08:26:36.791115,0.0355,0.036,0.035,0.001,379408.84,675035.11
1771547376,2026-02-20T08:29:36.864863,0.0355,0.036,0.035,0.001,379378.88,675203.2999999999
1771547556,2026-02-20T08:32:36.921146,0.0355,0.036,0.035,0.001,379120.88,675203.2999999999
1771547736,2026-02-20T08:35:36.878690,0.0355,0.036,0.035,0.001,379439.38,675163.7899999999
1771547916,2026-02-20T08:38:36.914094,0.0355,0.036,0.035,0.001,379609.0,680163.7899999999
1771548097,2026-02-20T08:41:37.009870,0.0355,0.036,0.035,0.001,379867.0,680163.7899999999
1771548276,2026-02-20T08:44:36.934890,0.0355,0.036,0.035,0.001,379867.0,680172.7899999999
1771548456,2026-02-20T08:47:36.948932,0.0355,0.036,0.035,0.001,384632.39,680628.4299999999
1771548637,2026-02-20T08:50:37.025813,0.0355,0.036,0.035,0.001,384602.39,650624.5
1771548817,2026-02-20T08:53:37.239044,0.0355,0.036,0.035,0.001,384702.39,650624.5
1771548997,2026-02-20T08:56:37.138251,0.0355,0.036,0.035,0.001,385702.39,650624.5
1771549177,2026-02-20T08:59:37.257945,0.0355,0.036,0.035,0.001,385697.2,650624.5
1771549357,2026-02-20T09:02:37.239581,0.0355,0.036,0.035,0.001,385697.2,648143.57
1771549540,2026-02-20T09:05:40.880465,0.0355,0.036,0.035,0.001,385697.2,643103.25
1771549717,2026-02-20T09:08:37.239268,0.0355,0.036,0.035,0.001,385483.02,643165.69
1771549897,2026-02-20T09:11:37.288926,0.0355,0.036,0.035,0.001,385583.02,648202.69
1771550077,2026-02-20T09:14:37.240142,0.0355,0.036,0.035,0.001,385436.74,647323.07
1771550257,2026-02-20T09:17:37.283650,0.0355,0.036,0.035,0.001,385331.55,647317.89
1771550437,2026-02-20T09:20:37.282708,0.0355,0.036,0.035,0.001,385531.55,644075.89
1771550617,2026-02-20T09:23:37.292618,0.0355,0.036,0.035,0.001,385113.23000000004,644189.21
1771550797,2026-02-20T09:26:37.300006,0.0355,0.036,0.035,0.001,385165.48000000004,649701.65
1771550977,2026-02-20T09:29:37.364318,0.0355,0.036,0.035,0.001,385165.48000000004,649701.65
1771551157,2026-02-20T09:32:37.464386,0.0355,0.036,0.035,0.001,385165.48000000004,649701.65
1771551337,2026-02-20T09:35:37.485544,0.0355,0.036,0.035,0.001,385260.29000000004,649696.47
1771551517,2026-02-20T09:38:37.476613,0.0355,0.036,0.035,0.001,385260.29000000004,650142.88
1771551697,2026-02-20T09:41:37.476193,0.0355,0.036,0.035,0.001,375956.66000000003,656517.8
1771551877,2026-02-20T09:44:37.510772,0.0355,0.036,0.035,0.001,376756.66000000003,656617.8
1771552057,2026-02-20T09:47:37.679144,0.0355,0.036,0.035,0.001,377048.36,656632.62
1771552237,2026-02-20T09:50:37.656290,0.035,0.036,0.034,0.002,493931.82,661792.7
1771552417,2026-02-20T09:53:37.686332,0.035,0.036,0.034,0.002,493732.84,661544.15
1771552597,2026-02-20T09:56:37.684707,0.035,0.036,0.034,0.002,493732.84,661544.15
1771552777,2026-02-20T09:59:37.695461,0.035,0.036,0.034,0.002,493732.84,661544.15
1771552957,2026-02-20T10:02:37.723383,0.0355,0.036,0.035,0.001,383803.69,671504.73
1771553137,2026-02-20T10:05:37.720679,0.0355,0.036,0.035,0.001,383643.04000000004,663687.73
1771553317,2026-02-20T10:08:37.767185,0.0355,0.036,0.035,0.001,383540.76,663514.64
1771553497,2026-02-20T10:11:37.946982,0.0355,0.036,0.035,0.001,389601.67000000004,659876.82
1771553677,2026-02-20T10:14:37.899247,0.0355,0.036,0.035,0.001,388601.67000000004,659876.82
1771553857,2026-02-20T10:17:37.798640,0.0355,0.036,0.035,0.001,388968.71,659208.3
1771554037,2026-02-20T10:20:37.912232,0.0355,0.036,0.035,0.001,389068.71,654724.3
1771554217,2026-02-20T10:23:37.910437,0.0355,0.036,0.035,0.001,390068.71,657435.38
1771554397,2026-02-20T10:26:37.913412,0.0355,0.036,0.035,0.001,389114.65,657535.38
1771554577,2026-02-20T10:29:37.914341,0.0355,0.036,0.035,0.001,379068.15,657881.23
1771554757,2026-02-20T10:32:37.956076,0.0355,0.036,0.035,0.001,379425.67000000004,658002.69
1771554937,2026-02-20T10:35:37.955103,0.0355,0.036,0.035,0.001,379408.04000000004,658002.69
1771555117,2026-02-20T10:38:37.993980,0.0355,0.036,0.035,0.001,379364.71,657967.1799999999
1771555298,2026-02-20T10:41:38.182245,0.0355,0.036,0.035,0.001,386477.3,651608.75
1771555478,2026-02-20T10:44:38.091045,0.0355,0.036,0.035,0.001,386477.3,651608.75
1771555658,2026-02-20T10:47:38.089188,0.0355,0.036,0.035,0.001,386480.8,651566.03
1771555838,2026-02-20T10:50:38.142363,0.0355,0.036,0.035,0.001,386479.63,651372.12
1771556018,2026-02-20T10:53:38.227042,0.0355,0.036,0.035,0.001,388687.46,643493.32
1771556198,2026-02-20T10:56:38.245796,0.0355,0.036,0.035,0.001,388815.28,636676.59
1771556378,2026-02-20T10:59:38.258285,0.0355,0.036,0.035,0.001,398916.39,636743.51
1771556558,2026-02-20T11:02:38.273376,0.0355,0.036,0.035,0.001,398855.51,639509.51
1771556738,2026-02-20T11:05:38.272891,0.036,0.037,0.035,0.002,399663.28,889843.47
1771556918,2026-02-20T11:08:38.256538,0.0365,0.037,0.036,0.001,135000.31,888219.47
1771557098,2026-02-20T11:11:38.352477,0.0365,0.037,0.036,0.001,134999.2,838240.47
1771557278,2026-02-20T11:14:38.321229,0.0365,0.037,0.036,0.001,134945.79,838166.25
1771557458,2026-02-20T11:17:38.285027,0.0355,0.036,0.035,0.001,397290.22000000003,621768.12
1771557638,2026-02-20T11:20:38.380819,0.036,0.037,0.035,0.002,397134.79000000004,821813.44
1771557818,2026-02-20T11:23:38.464476,0.0355,0.036,0.035,0.001,397032.75,620395.23
1771557998,2026-02-20T11:26:38.462808,0.0355,0.036,0.035,0.001,396975.09,613126.83
1771558178,2026-02-20T11:29:38.471090,0.0365,0.037,0.036,0.001,131861.47,763847.01
1771558538,2026-02-20T11:35:38.662219,0.0365,0.037,0.036,0.001,142132.62,713826.54
1771558718,2026-02-20T11:38:38.658132,0.0365,0.037,0.036,0.001,142064.16,713787.21
1771558898,2026-02-20T11:41:38.734254,0.0355,0.036,0.035,0.001,404823.79000000004,572310.72
1771559078,2026-02-20T11:44:38.592783,0.0355,0.036,0.035,0.001,415700.81,572277.71
1771559258,2026-02-20T11:47:38.701216,0.0355,0.036,0.035,0.001,420133.65,572230.5599999999
1771559438,2026-02-20T11:50:38.675227,0.0355,0.036,0.035,0.001,420130.13,572936.63
1771559618,2026-02-20T11:53:38.663222,0.0355,0.036,0.035,0.001,420130.13,572918.54
1771559798,2026-02-20T11:56:38.691965,0.0355,0.036,0.035,0.001,420030.13,572885.37
1771559978,2026-02-20T11:59:38.738610,0.0355,0.036,0.035,0.001,418767.64,574062.17
1771560158,2026-02-20T12:02:38.753863,0.036,0.037,0.035,0.002,433747.94,647916.51
1771560338,2026-02-20T12:05:38.839363,0.0365,0.037,0.036,0.001,172259.29,648540.0700000001
1771560518,2026-02-20T12:08:38.799543,0.036,0.037,0.035,0.002,439658.85,650374.98
1771560698,2026-02-20T12:11:38.838020,0.036,0.037,0.035,0.002,433615.82,650271.95
1771560879,2026-02-20T12:14:39.093392,0.0355,0.036,0.035,0.001,432116.82,497502.22000000003
1771561058,2026-02-20T12:17:38.924415,0.036,0.037,0.035,0.002,428445.39,648035.8099999999
1771561238,2026-02-20T12:20:38.940778,0.0365,0.037,0.036,0.001,159773.41,647365.61
1771561418,2026-02-20T12:23:38.933564,0.0355,0.036,0.035,0.001,419776.38999999996,494908.33
1771561599,2026-02-20T12:26:39.094599,0.0355,0.036,0.035,0.001,417902.38999999996,495008.33
1771561779,2026-02-20T12:29:39.080872,0.0355,0.036,0.035,0.001,417802.38999999996,512808.33
1771561959,2026-02-20T12:32:39.107815,0.0355,0.036,0.035,0.001,417745.94999999995,512431.05
1771562139,2026-02-20T12:35:39.248392,0.0355,0.036,0.035,0.001,417992.44,512276.87
1771562319,2026-02-20T12:38:39.135268,0.0355,0.036,0.035,0.001,416215.94,512336.58999999997
1771562499,2026-02-20T12:41:39.248601,0.0355,0.036,0.035,0.001,416020.87,511757.91
1771562679,2026-02-20T12:44:39.238244,0.0355,0.036,0.035,0.001,415817.07999999996,511713.77999999997
1771562859,2026-02-20T12:47:39.464146,0.0355,0.036,0.035,0.001,415866.13999999996,511626.55
1771563039,2026-02-20T12:50:39.291810,0.0355,0.036,0.035,0.001,412995.54,492473.12
1771563219,2026-02-20T12:53:39.333932,0.0355,0.036,0.035,0.001,413218.57999999996,493035.12
1771563399,2026-02-20T12:56:39.292520,0.0355,0.036,0.035,0.001,413321.37,493009.27
1771563579,2026-02-20T12:59:39.314420,0.0355,0.036,0.035,0.001,413431.56,493109.27
1771563759,2026-02-20T13:02:39.317030,0.0355,0.036,0.035,0.001,413401.58999999997,493057.83999999997
1771563939,2026-02-20T13:05:39.336053,0.0355,0.036,0.035,0.001,413442.02999999997,493205.81
1771564119,2026-02-20T13:08:39.453671,0.0355,0.036,0.035,0.001,413275.33999999997,493765.22
1771564299,2026-02-20T13:11:39.454033,0.0365,0.037,0.036,0.001,146256.47999999998,642056.49
1771564479,2026-02-20T13:14:39.397000,0.0355,0.036,0.035,0.001,413156.1,488168.54
1771564659,2026-02-20T13:17:39.457032,0.0355,0.036,0.035,0.001,413206.72,488119.16
1771564839,2026-02-20T13:20:39.672211,0.0365,0.037,0.036,0.001,163931.1,652086.49
1771565019,2026-02-20T13:23:39.687946,0.0365,0.037,0.036,0.001,163873.4,652304.08
1771565199,2026-02-20T13:26:39.689337,0.0365,0.037,0.036,0.001,163951.63999999998,652574.5
1771565379,2026-02-20T13:29:39.694965,0.0365,0.037,0.036,0.001,164187.28,652465.2
1771565559,2026-02-20T13:32:39.676621,0.0365,0.037,0.036,0.001,162806.47,652412.64
1771565739,2026-02-20T13:35:39.709639,0.0365,0.037,0.036,0.001,163367.05,652368.22
1771565919,2026-02-20T13:38:39.707838,0.0365,0.037,0.036,0.001,163309.07,657873.54
1771566099,2026-02-20T13:41:39.744721,0.0365,0.037,0.036,0.001,163257.22999999998,657583.45
1771566279,2026-02-20T13:44:39.726120,0.0365,0.037,0.036,0.001,163173.88999999998,657557.91
1771566459,2026-02-20T13:47:39.832232,0.0365,0.037,0.036,0.001,163056.1,657413.27
1771566639,2026-02-20T13:50:39.908177,0.0365,0.037,0.036,0.001,163006.44999999998,657355.75
1771566820,2026-02-20T13:53:40.051364,0.0365,0.037,0.036,0.001,162988.86,657296.82
1771566999,2026-02-20T13:56:39.826021,0.0365,0.037,0.036,0.001,162757.65,657106.37
1771567179,2026-02-20T13:59:39.921182,0.0365,0.037,0.036,0.001,162663.31,658065.35
1771567359,2026-02-20T14:02:39.895632,0.0365,0.037,0.036,0.001,158653.25,658028.64
1771567539,2026-02-20T14:05:39.974878,0.0365,0.037,0.036,0.001,158653.25,657455.64
1771567719,2026-02-20T14:08:39.950007,0.0365,0.037,0.036,0.001,158772.87,657455.64
1771567900,2026-02-20T14:11:40.119636,0.0365,0.037,0.036,0.001,255131.07,657941.52
1771568080,2026-02-20T14:14:40.176552,0.0345,0.035,0.034,0.001,388540.85,297905.42
1771568260,2026-02-20T14:17:40.226129,0.0355,0.037,0.034,0.003,386282.57999999996,653203.24
1771568440,2026-02-20T14:20:40.243978,0.0345,0.035,0.034,0.001,387277.48,287363.08999999997
1771568620,2026-02-20T14:23:40.224623,0.0345,0.035,0.034,0.001,409436.18,283699.07
1771568800,2026-02-20T14:26:40.146976,0.036,0.037,0.035,0.002,398642.77999999997,636579.19
1771568980,2026-02-20T14:29:40.162131,0.0355,0.036,0.035,0.001,398496.58999999997,483128.61
1771569160,2026-02-20T14:32:40.238619,0.0355,0.036,0.035,0.001,398629.98,483083.13999999996
1771569340,2026-02-20T14:35:40.245319,0.0355,0.036,0.035,0.001,398729.93,620336.52
1771569520,2026-02-20T14:38:40.253144,0.0355,0.036,0.035,0.001,398629.69999999995,620406.72
1771569700,2026-02-20T14:41:40.241293,0.0355,0.036,0.035,0.001,399147.19,604347.87
1771569880,2026-02-20T14:44:40.276974,0.0355,0.036,0.035,0.001,398852.36,604296.03
1771570060,2026-02-20T14:47:40.300282,0.0355,0.036,0.035,0.001,398852.36,604312.03
1771570240,2026-02-20T14:50:40.304301,0.0355,0.036,0.035,0.001,399687.41,604317.78
1771570420,2026-02-20T14:53:40.504105,0.0355,0.036,0.035,0.001,398624.27999999997,604380.33
1771570600,2026-02-20T14:56:40.394126,0.035,0.036,0.034,0.002,418970.23,604715.3099999999
1771570780,2026-02-20T14:59:40.477109,0.035,0.036,0.034,0.002,419061.94,604692.52
1771570960,2026-02-20T15:02:40.660591,0.0345,0.035,0.034,0.001,420072.19999999995,494785.69
1771571140,2026-02-20T15:05:40.501257,0.0345,0.035,0.034,0.001,420041.16,494804.48
1771571320,2026-02-20T15:08:40.485814,0.0345,0.035,0.034,0.001,420041.16,495458.79
1771571500,2026-02-20T15:11:40.525772,0.0345,0.035,0.034,0.001,420484.38,417330.38
1771571680,2026-02-20T15:14:40.538828,0.0345,0.035,0.034,0.001,420884.38,417360.38
1771571860,2026-02-20T15:17:40.680316,0.0355,0.036,0.035,0.001,404398.95999999996,628024.8099999999
1771572040,2026-02-20T15:20:40.675652,0.0355,0.036,0.035,0.001,404375.57,577954.8099999999
1771572220,2026-02-20T15:23:40.697697,0.0365,0.037,0.036,0.001,137474.21,731314.89
1771572400,2026-02-20T15:26:40.688269,0.0365,0.037,0.036,0.001,137469.83,731269.99
1771572580,2026-02-20T15:29:40.694340,0.037,0.038,0.036,0.002,312590.98,669161.17
1771572760,2026-02-20T15:32:40.940045,0.0375,0.038,0.037,0.001,247354.34,632002.33
1771572940,2026-02-20T15:35:40.710537,0.0365,0.037,0.036,0.001,311083.3,507732.4
1771573120,2026-02-20T15:38:40.741160,0.0365,0.037,0.036,0.001,311056.47,504962.12
1771573300,2026-02-20T15:41:40.741158,0.0365,0.037,0.036,0.001,310844.93,508439.03
1771573480,2026-02-20T15:44:40.871248,0.037,0.038,0.036,0.002,310817.64,647781.48
1771573660,2026-02-20T15:47:40.905960,0.037,0.038,0.036,0.002,310801.02999999997,647512.1
1771573840,2026-02-20T15:50:40.931494,0.037,0.038,0.036,0.002,310814.45999999996,647583.61
1771574020,2026-02-20T15:53:40.902968,0.037,0.038,0.036,0.002,310899.33999999997,647583.61
1771574200,2026-02-20T15:56:40.978920,0.037,0.038,0.036,0.002,310654.01,648702.16
1771574380,2026-02-20T15:59:40.898802,0.037,0.038,0.036,0.002,310633.25,648692.83
1771574560,2026-02-20T16:02:40.969408,0.037,0.038,0.036,0.002,310671.99,648686.35
1771574741,2026-02-20T16:05:41.100977,0.037,0.038,0.036,0.002,310471.6,654295.83
1771574921,2026-02-20T16:08:41.243989,0.037,0.038,0.036,0.002,310265.79,654089.58
1771575101,2026-02-20T16:11:41.108118,0.037,0.038,0.036,0.002,310105.73,654423.02
1771575281,2026-02-20T16:14:41.219387,0.037,0.038,0.036,0.002,310199.5,654955.73
1771575461,2026-02-20T16:17:41.216651,0.0375,0.038,0.037,0.001,260762.16,654935.0
1771575641,2026-02-20T16:20:41.166531,0.0385,0.039,0.038,0.001,218054.55,729585.1
1771575821,2026-02-20T16:23:41.243708,0.0385,0.039,0.038,0.001,218050.59,731787.99
1771576001,2026-02-20T16:26:41.270115,0.0385,0.039,0.038,0.001,232953.16999999998,731649.7000000001
1771576181,2026-02-20T16:29:41.260453,0.0385,0.039,0.038,0.001,233037.57,731590.9
1771576361,2026-02-20T16:32:41.260295,0.0385,0.039,0.038,0.001,232989.03,731497.9299999999
1771576541,2026-02-20T16:35:41.267692,0.0385,0.039,0.038,0.001,176331.97999999998,675765.42
1771576721,2026-02-20T16:38:41.388388,0.0385,0.039,0.038,0.001,176215.47,675598.98
1771576901,2026-02-20T16:41:41.349376,0.0385,0.039,0.038,0.001,171158.27,675102.86
1771577081,2026-02-20T16:44:41.483307,0.0385,0.039,0.038,0.001,191188.33,675102.86
1771577261,2026-02-20T16:47:41.327685,0.0385,0.039,0.038,0.001,192575.87,676315.23
1771577441,2026-02-20T16:50:41.474690,0.0385,0.039,0.038,0.001,192575.87,676289.58
1771577621,2026-02-20T16:53:41.479614,0.0385,0.039,0.038,0.001,192575.87,651284.39
1771577801,2026-02-20T16:56:41.398078,0.0385,0.039,0.038,0.001,192531.37,651284.39
1771577981,2026-02-20T16:59:41.506162,0.0385,0.039,0.038,0.001,192513.63,650470.04
1771578161,2026-02-20T17:02:41.473716,0.0385,0.039,0.038,0.001,192608.43,650750.5
1771578341,2026-02-20T17:05:41.522241,0.0385,0.039,0.038,0.001,192408.43,650785.71
1771578521,2026-02-20T17:08:41.621461,0.0385,0.039,0.038,0.001,192408.43,651185.71
1771578701,2026-02-20T17:11:41.951850,0.0385,0.039,0.038,0.001,192408.43,650273.44
1771578881,2026-02-20T17:14:41.659218,0.0375,0.038,0.037,0.001,232940.76,532861.54
1771579061,2026-02-20T17:17:41.788583,0.0375,0.038,0.037,0.001,232931.41,532626.85
1771579241,2026-02-20T17:20:41.649667,0.0375,0.038,0.037,0.001,232926.21,532484.08
1771579421,2026-02-20T17:23:41.685810,0.0375,0.038,0.037,0.001,232815.03,532445.56
1771579601,2026-02-20T17:26:41.660124,0.0375,0.038,0.037,0.001,212917.9,532414.9
1771579781,2026-02-20T17:29:41.743095,0.0375,0.038,0.037,0.001,216737.22999999998,531216.64
1771579961,2026-02-20T17:32:41.751141,0.0375,0.038,0.037,0.001,216561.6,561041.01
1771580141,2026-02-20T17:35:41.765942,0.0375,0.038,0.037,0.001,216460.51,561667.4400000001
1771580321,2026-02-20T17:38:41.755482,0.0375,0.038,0.037,0.001,216760.51,561891.41
1771580501,2026-02-20T17:41:41.831602,0.0375,0.038,0.037,0.001,216820.11,561480.89
1771580682,2026-02-20T17:44:42.089608,0.0375,0.038,0.037,0.001,216820.11,561475.73
1771580861,2026-02-20T17:47:41.909474,0.0375,0.038,0.037,0.001,216570.26,561225.88
1771581041,2026-02-20T17:50:41.964835,0.0375,0.038,0.037,0.001,215789.44999999998,611218.62
1771581221,2026-02-20T17:53:41.963821,0.0375,0.038,0.037,0.001,215842.85,611221.74
1771581401,2026-02-20T17:56:41.974668,0.0375,0.038,0.037,0.001,226736.68,621164.19
1771581582,2026-02-20T17:59:42.016755,0.0375,0.038,0.037,0.001,226524.96,626126.05
1771581761,2026-02-20T18:02:41.944577,0.0375,0.038,0.037,0.001,225896.34,625725.36
1771581941,2026-02-20T18:05:41.997631,0.0375,0.038,0.037,0.001,225260.62,615989.78
1771582122,2026-02-20T18:08:42.095372,0.0375,0.038,0.037,0.001,232347.0,615759.95
1771582302,2026-02-20T18:11:42.071857,0.0375,0.038,0.037,0.001,232336.08,615684.03
1771582482,2026-02-20T18:14:42.165643,0.0375,0.038,0.037,0.001,232425.69,615780.03
1771582662,2026-02-20T18:17:42.246843,0.0375,0.038,0.037,0.001,232379.13,615714.8
1771582842,2026-02-20T18:20:42.230412,0.0375,0.038,0.037,0.001,232406.15,615641.82
1771583022,2026-02-20T18:23:42.160569,0.0375,0.038,0.037,0.001,232308.15,615543.82
1771583202,2026-02-20T18:26:42.170460,0.0375,0.038,0.037,0.001,232408.15,615771.73
1771583382,2026-02-20T18:29:42.243713,0.0375,0.038,0.037,0.001,232343.46,615771.73
1771583562,2026-02-20T18:32:42.259209,0.0375,0.038,0.037,0.001,236631.82,617947.09
1771583742,2026-02-20T18:35:42.250418,0.0375,0.038,0.037,0.001,236531.82,617851.59
1771584102,2026-02-20T18:41:42.314945,0.0375,0.038,0.037,0.001,234835.64,616740.86
1771584282,2026-02-20T18:44:42.466087,0.0375,0.038,0.037,0.001,234739.11000000002,618734.87
1771584462,2026-02-20T18:47:42.519509,0.0375,0.038,0.037,0.001,234739.11000000002,618692.87
1771584642,2026-02-20T18:50:42.485740,0.0375,0.038,0.037,0.001,234739.11000000002,618435.87
1771584822,2026-02-20T18:53:42.471418,0.0375,0.038,0.037,0.001,234739.11000000002,618455.46
1771585002,2026-02-20T18:56:42.448157,0.0375,0.038,0.037,0.001,234905.06,618502.95
1771585182,2026-02-20T18:59:42.509877,0.0375,0.038,0.037,0.001,234865.36000000002,618417.72
1771585362,2026-02-20T19:02:42.468970,0.0375,0.038,0.037,0.001,234672.61000000002,618163.11
1771585542,2026-02-20T19:05:42.675953,0.0375,0.038,0.037,0.001,233267.41,617453.92
1771585722,2026-02-20T19:08:42.682331,0.0375,0.038,0.037,0.001,233221.94,621415.58
1771585902,2026-02-20T19:11:42.709244,0.0375,0.038,0.037,0.001,232104.62,621330.44
1771586082,2026-02-20T19:14:42.673561,0.0375,0.038,0.037,0.001,231918.72,622007.85
1771586262,2026-02-20T19:17:42.654543,0.0375,0.038,0.037,0.001,232009.37,622017.85
1771586442,2026-02-20T19:20:42.673281,0.0375,0.038,0.037,0.001,231875.23,621927.47
1771586622,2026-02-20T19:23:42.732127,0.0375,0.038,0.037,0.001,232443.67,621870.22
1771586802,2026-02-20T19:26:42.697312,0.0375,0.038,0.037,0.001,230384.7,621863.12
1771586982,2026-02-20T19:29:42.766746,0.0375,0.038,0.037,0.001,230884.7,620922.36
1771587162,2026-02-20T19:32:42.750923,0.038,0.039,0.037,0.002,225577.74,718503.05
1771587342,2026-02-20T19:35:42.744751,0.0385,0.039,0.038,0.001,184792.8,723421.77
1771587522,2026-02-20T19:38:42.716375,0.0385,0.039,0.038,0.001,184892.8,723347.43
1771587702,2026-02-20T19:41:42.915125,0.038,0.039,0.037,0.002,232086.31,723179.24
1771587882,2026-02-20T19:44:42.903270,0.038,0.039,0.037,0.002,232051.33,723067.59
1771588062,2026-02-20T19:47:42.919894,0.038,0.039,0.037,0.002,232051.33,722890.46
1771588242,2026-02-20T19:50:42.921320,0.038,0.039,0.037,0.002,232014.76,720571.94
1771588422,2026-02-20T19:53:42.905214,0.038,0.039,0.037,0.002,232006.45,720547.73
1771588602,2026-02-20T19:56:42.917841,0.038,0.039,0.037,0.002,231951.59,720477.4
1771588782,2026-02-20T19:59:42.919533,0.038,0.039,0.037,0.002,231808.65,720428.23
1771588963,2026-02-20T20:02:43.099897,0.0375,0.038,0.037,0.001,231545.07,719919.53
1771589143,2026-02-20T20:05:43.103349,0.0375,0.038,0.037,0.001,231521.17,729919.53
1771589323,2026-02-20T20:08:43.104088,0.0375,0.038,0.037,0.001,231476.13,729855.81
1771589503,2026-02-20T20:11:43.185866,0.0375,0.038,0.037,0.001,230902.25,731617.3
1771589683,2026-02-20T20:14:43.237900,0.0375,0.038,0.037,0.001,230701.01,730296.54
1771589863,2026-02-20T20:17:43.188807,0.0375,0.038,0.037,0.001,237299.08000000002,729751.73
1771590043,2026-02-20T20:20:43.184263,0.0375,0.038,0.037,0.001,237444.66,729902.51
1771590223,2026-02-20T20:23:43.482886,0.0375,0.038,0.037,0.001,237355.28,729841.36
1771590403,2026-02-20T20:26:43.291250,0.0375,0.038,0.037,0.001,237316.04,729750.02
1771590583,2026-02-20T20:29:43.243670,0.0375,0.038,0.037,0.001,237070.76,729504.74
1771590763,2026-02-20T20:32:43.274377,0.037,0.038,0.036,0.002,279698.97000000003,729833.17
1771590943,2026-02-20T20:35:43.308651,0.037,0.038,0.036,0.002,279640.06,727456.73
1771591123,2026-02-20T20:38:43.261337,0.037,0.038,0.036,0.002,279632.79,734156.73
1771591303,2026-02-20T20:41:43.242797,0.037,0.038,0.036,0.002,279569.91,730705.39
1771591483,2026-02-20T20:44:43.279892,0.037,0.038,0.036,0.002,279723.72000000003,730650.9
1771591663,2026-02-20T20:47:43.440085,0.037,0.038,0.036,0.002,279578.49,730605.6799999999
1771591843,2026-02-20T20:50:43.453179,0.037,0.038,0.036,0.002,279519.33,730605.6799999999
1771592024,2026-02-20T20:53:44.333135,0.037,0.038,0.036,0.002,279030.87,730109.97
1771592203,2026-02-20T20:56:43.455178,0.0365,0.037,0.036,0.001,279130.87,586893.99
1771592383,2026-02-20T20:59:43.444285,0.0365,0.037,0.036,0.001,279130.87,587494.01
1771592563,2026-02-20T21:02:43.667090,0.0365,0.037,0.036,0.001,279130.87,587494.01
1771592743,2026-02-20T21:05:43.661252,0.0365,0.037,0.036,0.001,279130.87,587171.01
1771592923,2026-02-20T21:08:43.665433,0.0365,0.037,0.036,0.001,278847.34,586217.79
1771593103,2026-02-20T21:11:43.596182,0.0365,0.037,0.036,0.001,278753.18,586456.63
1771593283,2026-02-20T21:14:43.744169,0.0365,0.037,0.036,0.001,278598.97,590729.35
1771593463,2026-02-20T21:17:43.658010,0.0365,0.037,0.036,0.001,278670.94,592182.14
1771593643,2026-02-20T21:20:43.661536,0.0365,0.037,0.036,0.001,278664.71,592182.14
1771593823,2026-02-20T21:23:43.653753,0.0365,0.037,0.036,0.001,278564.71,592182.14
1771594003,2026-02-20T21:26:43.663974,0.0365,0.037,0.036,0.001,278564.71,592182.14
1771594183,2026-02-20T21:29:43.684743,0.0365,0.037,0.036,0.001,278334.33,591964.43
1771594363,2026-02-20T21:32:43.903038,0.037,0.038,0.036,0.002,278334.33,610707.1
1771594543,2026-02-20T21:35:43.925604,0.037,0.038,0.036,0.002,278318.76,611171.92
1771594723,2026-02-20T21:38:43.936887,0.037,0.038,0.036,0.002,298296.65,616095.78
1771594903,2026-02-20T21:41:43.901483,0.0365,0.037,0.036,0.001,298296.65,484775.75
1771595083,2026-02-20T21:44:43.985481,0.0365,0.037,0.036,0.001,298093.8,484740.75
1771595263,2026-02-20T21:47:43.967817,0.0365,0.037,0.036,0.001,298015.6,484612.55
1771595443,2026-02-20T21:50:43.955404,0.0365,0.037,0.036,0.001,297961.53,484749.63
1771595623,2026-02-20T21:53:43.974562,0.0365,0.037,0.036,0.001,297658.82,484894.86
1771595804,2026-02-20T21:56:44.172149,0.0365,0.037,0.036,0.001,297388.82,484677.58
1771595984,2026-02-20T21:59:44.227776,0.0365,0.037,0.036,0.001,297279.77,484518.53
1771596164,2026-02-20T22:02:44.245433,0.0375,0.038,0.037,0.001,233319.05000000002,626230.18
1771596344,2026-02-20T22:05:44.241366,0.0375,0.038,0.037,0.001,233116.11000000002,625542.23
1771596524,2026-02-20T22:08:44.252731,0.0405,0.041,0.04,0.001,926857.0499999999,766284.79
1771596704,2026-02-20T22:11:44.099018,0.0405,0.041,0.04,0.001,926145.52,764434.72
1771596884,2026-02-20T22:14:44.247126,0.0405,0.041,0.04,0.001,601458.96,764448.28
1771597064,2026-02-20T22:17:44.250357,0.0405,0.041,0.04,0.001,500419.13,764323.78
1771597244,2026-02-20T22:20:44.255403,0.0405,0.041,0.04,0.001,500288.87,764019.87
1771597424,2026-02-20T22:23:44.336452,0.0405,0.041,0.04,0.001,489777.47000000003,763903.54
1771597604,2026-02-20T22:26:44.340822,0.0405,0.041,0.04,0.001,474340.69,763383.48
1771597784,2026-02-20T22:29:44.311852,0.0405,0.041,0.04,0.001,471508.44,762886.5
1771597964,2026-02-20T22:32:44.312608,0.0405,0.041,0.04,0.001,477658.44,762843.5
1771598144,2026-02-20T22:35:44.497773,0.0405,0.041,0.04,0.001,477658.44,762884.0
1771598324,2026-02-20T22:38:44.400476,0.0405,0.041,0.04,0.001,376370.19,779144.0
1771598504,2026-02-20T22:41:44.412153,0.0405,0.041,0.04,0.001,375632.81,780581.74
1771598684,2026-02-20T22:44:44.481890,0.0405,0.041,0.04,0.001,365955.25,780140.29
1771598864,2026-02-20T22:47:44.494034,0.0405,0.041,0.04,0.001,365710.20999999996,779869.5700000001
1771599044,2026-02-20T22:50:44.529385,0.0405,0.041,0.04,0.001,365437.06,779697.74
1771599224,2026-02-20T22:53:44.538179,0.0405,0.041,0.04,0.001,486421.06,778522.62
1771599404,2026-02-20T22:56:44.687428,0.0405,0.041,0.04,0.001,487276.18,804688.77
1771599584,2026-02-20T22:59:44.693658,0.0405,0.041,0.04,0.001,486196.36,804285.03
1771599764,2026-02-20T23:02:44.702463,0.0405,0.041,0.04,0.001,486122.11,804308.3
1771599944,2026-02-20T23:05:44.692157,0.0405,0.041,0.04,0.001,461099.87,777350.53
1771600124,2026-02-20T23:08:44.746291,0.0405,0.041,0.04,0.001,460824.37,777143.78
1771600304,2026-02-20T23:11:44.660775,0.0405,0.041,0.04,0.001,334160.42,776838.69
1771600484,2026-02-20T23:14:44.699795,0.0405,0.041,0.04,0.001,324006.0,776661.39
1771600664,2026-02-20T23:17:44.741593,0.0405,0.041,0.04,0.001,323729.27,761774.82
1771600844,2026-02-20T23:20:44.773656,0.0405,0.041,0.04,0.001,323702.27,754696.61
1771601024,2026-02-20T23:23:44.747251,0.0405,0.041,0.04,0.001,326347.83999999997,758949.61
1771601204,2026-02-20T23:26:44.784869,0.0405,0.041,0.04,0.001,326347.83999999997,759049.61
1771601384,2026-02-20T23:29:44.901307,0.0405,0.041,0.04,0.001,326347.83999999997,759049.61
1771601564,2026-02-20T23:32:44.814157,0.0405,0.041,0.04,0.001,313670.65,758919.61
1771601744,2026-02-20T23:35:44.921376,0.0405,0.041,0.04,0.001,323363.64,757087.61
1771601924,2026-02-20T23:38:44.879533,0.0405,0.041,0.04,0.001,323263.23,756637.61
1771602104,2026-02-20T23:41:44.903604,0.0405,0.041,0.04,0.001,323263.23,756626.62
1771602284,2026-02-20T23:44:44.920808,0.0405,0.041,0.04,0.001,323263.23,756637.61
1771602465,2026-02-20T23:47:45.042303,0.0405,0.041,0.04,0.001,322357.79,755948.6699999999
1771602645,2026-02-20T23:50:45.160650,0.0405,0.041,0.04,0.001,319754.05,735011.8
1771602825,2026-02-20T23:53:45.083492,0.0405,0.041,0.04,0.001,311908.66,734539.62
1771603005,2026-02-20T23:56:45.072304,0.0405,0.041,0.04,0.001,311698.66,733568.82
1771603185,2026-02-20T23:59:45.236553,0.0405,0.041,0.04,0.001,310368.45,733538.82
1771603365,2026-02-21T00:02:45.240148,0.0405,0.041,0.04,0.001,310243.65,733458.82
1771603545,2026-02-21T00:05:45.111347,0.0405,0.041,0.04,0.001,309948.87,732696.17
1771603725,2026-02-21T00:08:45.135671,0.0405,0.041,0.04,0.001,309708.74,732204.14
1771603905,2026-02-21T00:11:45.159948,0.0405,0.041,0.04,0.001,309429.83,732219.67
1771604085,2026-02-21T00:14:45.270933,0.0405,0.041,0.04,0.001,309380.87,731667.44
1771604265,2026-02-21T00:17:45.262375,0.0405,0.041,0.04,0.001,308726.32,732762.9
1771604445,2026-02-21T00:20:45.238457,0.0405,0.041,0.04,0.001,308463.49,731910.36
1771604625,2026-02-21T00:23:45.279592,0.0405,0.041,0.04,0.001,308579.11,730081.98
1771604805,2026-02-21T00:26:45.265215,0.0405,0.041,0.04,0.001,308223.9,729845.91
1771604985,2026-02-21T00:29:45.275339,0.0405,0.041,0.04,0.001,297565.45,722510.56
1771605165,2026-02-21T00:32:45.307534,0.0405,0.041,0.04,0.001,297192.56,724744.22
1771605345,2026-02-21T00:35:45.373605,0.0405,0.041,0.04,0.001,297179.41,724122.22
1771605525,2026-02-21T00:38:45.469730,0.0405,0.041,0.04,0.001,277025.64,729219.55
1771605705,2026-02-21T00:41:45.469695,0.0405,0.041,0.04,0.001,277136.04,741709.55
1771605885,2026-02-21T00:44:45.465690,0.0405,0.041,0.04,0.001,264189.7,729700.7
1771606065,2026-02-21T00:47:45.468986,0.0405,0.041,0.04,0.001,264110.72,735710.7
1771606245,2026-02-21T00:50:45.506897,0.0405,0.041,0.04,0.001,258730.07,735346.77
1771606425,2026-02-21T00:53:45.541640,0.0405,0.041,0.04,0.001,258539.01,735216.77
1771606605,2026-02-21T00:56:45.690482,0.0405,0.041,0.04,0.001,258597.14,734829.1799999999
1771606785,2026-02-21T00:59:45.689321,0.0405,0.041,0.04,0.001,258497.14,734829.1799999999
1771606965,2026-02-21T01:02:45.697282,0.0405,0.041,0.04,0.001,258079.55000000002,734651.24
1771607145,2026-02-21T01:05:45.660282,0.0405,0.041,0.04,0.001,255672.25,744586.1799999999
1771607325,2026-02-21T01:08:45.695621,0.0405,0.041,0.04,0.001,274918.23,744129.47
1771607505,2026-02-21T01:11:45.710897,0.0405,0.041,0.04,0.001,274706.75,744561.27
1771607685,2026-02-21T01:14:45.693876,0.0405,0.041,0.04,0.001,111872.24,744421.27
1771607865,2026-02-21T01:17:45.728888,0.041,0.042,0.04,0.002,113628.54,717718.81
1771608045,2026-02-21T01:20:45.760141,0.041,0.042,0.04,0.002,113616.49,636039.91
1771608225,2026-02-21T01:23:45.914010,0.0395,0.04,0.039,0.001,245575.31999999998,373009.69
1771608405,2026-02-21T01:26:45.893102,0.0395,0.04,0.039,0.001,245444.49,399866.39
1771608585,2026-02-21T01:29:45.899216,0.0395,0.04,0.039,0.001,245354.49,399855.43
1771608765,2026-02-21T01:32:45.892054,0.0395,0.04,0.039,0.001,245354.49,399855.43
1771608945,2026-02-21T01:35:45.892734,0.0395,0.04,0.039,0.001,248354.49,396850.57
1771609125,2026-02-21T01:38:45.950990,0.0395,0.04,0.039,0.001,248454.49,396866.57
1771609305,2026-02-21T01:41:45.917381,0.0395,0.04,0.039,0.001,248402.9,398349.32
1771609485,2026-02-21T01:44:45.964111,0.0395,0.04,0.039,0.001,248342.9,398262.27999999997
1771609665,2026-02-21T01:47:45.975555,0.039,0.04,0.038,0.002,267368.82,398159.98
1771609846,2026-02-21T01:50:46.231294,0.039,0.04,0.038,0.002,264275.89,398287.19
1771610026,2026-02-21T01:53:46.089032,0.039,0.04,0.038,0.002,263990.45,395670.4
1771610206,2026-02-21T01:56:46.260288,0.039,0.04,0.038,0.002,263611.57,395529.1
1771610386,2026-02-21T01:59:46.185103,0.0395,0.04,0.039,0.001,241430.97999999998,395521.77
1771610566,2026-02-21T02:02:46.267001,0.0385,0.039,0.038,0.001,262362.42,233350.78
1771610746,2026-02-21T02:05:46.245865,0.0385,0.039,0.038,0.001,262362.42,233297.78
1771610926,2026-02-21T02:08:46.150435,0.039,0.04,0.038,0.002,261669.75999999998,392838.18
1771611106,2026-02-21T02:11:46.256282,0.039,0.04,0.038,0.002,260669.75999999998,392171.6
1771611286,2026-02-21T02:14:46.245867,0.0385,0.039,0.038,0.001,260669.75999999998,232634.6
1771611466,2026-02-21T02:17:46.252494,0.0385,0.039,0.038,0.001,260569.75999999998,232832.6
1771611646,2026-02-21T02:20:46.267805,0.0385,0.039,0.038,0.001,257366.99,232799.35
1771611826,2026-02-21T02:23:46.242704,0.0385,0.039,0.038,0.001,252452.62999999998,232799.35
1771612006,2026-02-21T02:26:46.321985,0.039,0.04,0.038,0.002,252412.62999999998,391425.27
1771612186,2026-02-21T02:29:46.396193,0.0385,0.039,0.038,0.001,282327.63,231620.94999999998
1771612366,2026-02-21T02:32:46.433519,0.0385,0.039,0.038,0.001,282291.11,231294.33
1771612546,2026-02-21T02:35:46.467931,0.0385,0.039,0.038,0.001,301478.64999999997,231402.81
