bucket,datetime,trade_count,size_sum,amount_sum,vwap,avg_trade_size,max_trade_size,midpoint,midpoint_return,abs_midpoint_return,spread,spread_pct,bid_depth_top5,ask_depth_top5,total_depth,depth_change,depth_imbalance,depth_drop,abs_depth_imbalance,market_file,market_stem
1770982080,2026-02-13 11:28:00,2,504.347825,115.999999,0.22999999851247502,57.9999995,,,0.0,0.0,,0.0,,,,0.0,,-0.0,,1308327_YES.csv,1308327_YES
1770982140,2026-02-13 11:29:00,3,18.3,4.3238,0.23627322403080475,1.4412666666666667,,,0.0,0.0,,0.0,,,,0.0,,-0.0,,1308327_YES.csv,1308327_YES
1770982200,2026-02-13 11:30:00,4,135.220335,31.911997000000003,0.23599998476385964,7.977999250000001,,,0.0,0.0,,0.0,,,,0.0,,-0.0,,1308327_YES.csv,1308327_YES
1770982260,2026-02-13 11:31:00,2,55.685651,13.259998,0.23812234860578138,6.629999,,,0.0,0.0,,0.0,,,,0.0,,-0.0,,1308327_YES.csv,1308327_YES
1770982320,2026-02-13 11:32:00,1,84.74,19.57494,0.230999999997274,19.57494,,,0.0,0.0,,0.0,,,,0.0,,-0.0,,1308327_YES.csv,1308327_YES
1770982380,2026-02-13 11:33:00,2,57.45825,13.75725,0.2394303690028946,6.878625,,,0.0,0.0,,0.0,,,,0.0,,-0.0,,1308327_YES.csv,1308327_YES
1770982440,2026-02-13 11:34:00,6,374.16344399999997,87.288789,0.23329053225137275,14.548131499999998,,,0.0,0.0,,0.0,,,,0.0,,-0.0,,1308327_YES.csv,1308327_YES
1770982560,2026-02-13 11:36:00,5,11912.287226999999,3010.597848,0.2527304614663777,602.1195696,,,0.0,0.0,,0.0,,,,0.0,,-0.0,,1308327_YES.csv,1308327_YES
1770982620,2026-02-13 11:37:00,3,256.36,59.8564,0.23348572320083677,19.952133333333332,,,0.0,0.0,,0.0,,,,0.0,,-0.0,,1308327_YES.csv,1308327_YES
1770982680,2026-02-13 11:38:00,3,454.487254,114.84595800000001,0.25269346277364974,38.281986,,,0.0,0.0,,0.0,,,,0.0,,-0.0,,1308327_YES.csv,1308327_YES
1770982740,2026-02-13 11:39:00,5,330.508461,80.35799800000001,0.2431344654736596,16.071599600000003,,,0.0,0.0,,0.0,,,,0.0,,-0.0,,1308327_YES.csv,1308327_YES
1770982800,2026-02-13 11:40:00,6,517.3547249999999,131.685098,0.2545354118486991,21.947516333333336,,,0.0,0.0,,0.0,,,,0.0,,-0.0,,1308327_YES.csv,1308327_YES
1770982860,2026-02-13 11:41:00,2,38.609843,9.961339,0.25799998719865297,4.9806695,,,0.0,0.0,,0.0,,,,0.0,,-0.0,,1308327_YES.csv,1308327_YES
1770982920,2026-02-13 11:42:00,3,1452.60652,402.67039800000003,0.2772054182984961,134.223466,,,0.0,0.0,,0.0,,,,0.0,,-0.0,,1308327_YES.csv,1308327_YES
1770982980,2026-02-13 11:43:00,1,2.02,0.5454,0.2699999998663366,0.5454,,,0.0,0.0,,0.0,,,,0.0,,-0.0,,1308327_YES.csv,1308327_YES
1770983040,2026-02-13 11:44:00,2,130.043025,33.881699,0.2605422243887318,16.9408495,,,0.0,0.0,,0.0,,,,0.0,,-0.0,,1308327_YES.csv,1308327_YES
1770983100,2026-02-13 11:45:00,5,312.928351,79.604479,0.2543856405000057,15.9208958,,,0.0,0.0,,0.0,,,,0.0,,-0.0,,1308327_YES.csv,1308327_YES
1770983160,2026-02-13 11:46:00,3,568.856152,143.382519,0.25205408871054624,47.794173,,,0.0,0.0,,0.0,,,,0.0,,-0.0,,1308327_YES.csv,1308327_YES
1770983220,2026-02-13 11:47:00,4,202.478499,52.860838,0.2610688950224731,13.2152095,,,0.0,0.0,,0.0,,,,0.0,,-0.0,,1308327_YES.csv,1308327_YES
1770983340,2026-02-13 11:49:00,5,407.849275,107.658197,0.26396564515098386,21.5316394,,,0.0,0.0,,0.0,,,,0.0,,-0.0,,1308327_YES.csv,1308327_YES
1770983400,2026-02-13 11:50:00,4,444.168135,116.494719,0.262276173863165,29.12367975,,,0.0,0.0,,0.0,,,,0.0,,-0.0,,1308327_YES.csv,1308327_YES
1770983460,2026-02-13 11:51:00,3,313.108824,81.84039899999999,0.26138004657364305,27.280132999999996,,,0.0,0.0,,0.0,,,,0.0,,-0.0,,1308327_YES.csv,1308327_YES
1770983520,2026-02-13 11:52:00,2,55.04,14.3104,0.2599999999952762,7.1552,,,0.0,0.0,,0.0,,,,0.0,,-0.0,,1308327_YES.csv,1308327_YES
1770983580,2026-02-13 11:53:00,4,2296.679388,604.241739,0.2630936395201091,151.06043475,,,0.0,0.0,,0.0,,,,0.0,,-0.0,,1308327_YES.csv,1308327_YES
1770983640,2026-02-13 11:54:00,3,22.369999999999997,5.82655,0.26046267321142325,1.9421833333333334,,,0.0,0.0,,0.0,,,,0.0,,-0.0,,1308327_YES.csv,1308327_YES
1770983700,2026-02-13 11:55:00,2,1810.0,454.73339999999996,0.25123392265179484,227.36669999999998,,,0.0,0.0,,0.0,,,,0.0,,-0.0,,1308327_YES.csv,1308327_YES
1770983760,2026-02-13 11:56:00,3,135.14741,35.003178000000005,0.25899999119288336,11.667726000000002,,,0.0,0.0,,0.0,,,,0.0,,-0.0,,1308327_YES.csv,1308327_YES
1770983820,2026-02-13 11:57:00,1,129.343628,33.499999,0.2589999949571617,33.499999,,,0.0,0.0,,0.0,,,,0.0,,-0.0,,1308327_YES.csv,1308327_YES
1770983880,2026-02-13 11:58:00,1,7.722006,1.999999,0.2589999282234435,1.999999,,,0.0,0.0,,0.0,,,,0.0,,-0.0,,1308327_YES.csv,1308327_YES
1770983940,2026-02-13 11:59:00,1,2.02,0.5353,0.26499999986881184,0.5353,,,0.0,0.0,,0.0,,,,0.0,,-0.0,,1308327_YES.csv,1308327_YES
1770984000,2026-02-13 12:00:00,3,1713.851002,438.30309900000003,0.25574165927391646,146.101033,,,0.0,0.0,,0.0,,,,0.0,,-0.0,,1308327_YES.csv,1308327_YES
1770984060,2026-02-13 12:01:00,4,1178.785172,305.305359,0.2589999995348949,76.32633975,,,0.0,0.0,,0.0,,,,0.0,,-0.0,,1308327_YES.csv,1308327_YES
1770984120,2026-02-13 12:02:00,3,46.561936,12.001679,0.25775730201042846,4.000559666666667,,,0.0,0.0,,0.0,,,,0.0,,-0.0,,1308327_YES.csv,1308327_YES
1770984180,2026-02-13 12:03:00,4,112.93384400000001,29.313338,0.25956203173019093,7.3283345,,,0.0,0.0,,0.0,,,,0.0,,-0.0,,1308327_YES.csv,1308327_YES
1770984240,2026-02-13 12:04:00,1,40.0,10.27,0.2567499999935813,10.27,,,0.0,0.0,,0.0,,,,0.0,,-0.0,,1308327_YES.csv,1308327_YES
1770984300,2026-02-13 12:05:00,1,11.41,3.03506,0.2659999999766871,3.03506,,,0.0,0.0,,0.0,,,,0.0,,-0.0,,1308327_YES.csv,1308327_YES
1770984360,2026-02-13 12:06:00,6,6134.986714,1619.882138,0.26404004010362,269.9803563333333,,,0.0,0.0,,0.0,,,,0.0,,-0.0,,1308327_YES.csv,1308327_YES
1770984420,2026-02-13 12:07:00,5,165.60000000000002,44.47881,0.268591847824465,8.895762000000001,,,0.0,0.0,,0.0,,,,0.0,,-0.0,,1308327_YES.csv,1308327_YES
1770984480,2026-02-13 12:08:00,5,142.59,38.10824,0.26725745143230767,7.621648,,,0.0,0.0,,0.0,,,,0.0,,-0.0,,1308327_YES.csv,1308327_YES
1770984540,2026-02-13 12:09:00,2,46.094812000000005,12.254199999999999,0.26584770537157526,6.1270999999999995,,,0.0,0.0,,0.0,,,,0.0,,-0.0,,1308327_YES.csv,1308327_YES
1770984600,2026-02-13 12:10:00,4,807.468565,210.269849,0.2604062351328062,52.56746225,,,0.0,0.0,,0.0,,,,0.0,,-0.0,,1308327_YES.csv,1308327_YES
1770984720,2026-02-13 12:12:00,5,104.848478,27.639996,0.26361847617603357,5.5279992,,,0.0,0.0,,0.0,,,,0.0,,-0.0,,1308327_YES.csv,1308327_YES
1770984780,2026-02-13 12:13:00,1,3.787877,0.999999,0.26399986053823815,0.999999,,,0.0,0.0,,0.0,,,,0.0,,-0.0,,1308327_YES.csv,1308327_YES
1770984840,2026-02-13 12:14:00,6,641.621326,168.293787,0.2622945656262955,28.0489645,,,0.0,0.0,,0.0,,,,0.0,,-0.0,,1308327_YES.csv,1308327_YES
1770984900,2026-02-13 12:15:00,5,4512.55228,1155.175409,0.2559915846558887,231.0350818,,,0.0,0.0,,0.0,,,,0.0,,-0.0,,1308327_YES.csv,1308327_YES
1770984960,2026-02-13 12:16:00,4,427.02,111.23819999999999,0.260498805675939,27.809549999999998,,,0.0,0.0,,0.0,,,,0.0,,-0.0,,1308327_YES.csv,1308327_YES
1770985020,2026-02-13 12:17:00,1,578.679806,149.999999,0.25921070243764616,149.999999,,,0.0,0.0,,0.0,,,,0.0,,-0.0,,1308327_YES.csv,1308327_YES
1770985080,2026-02-13 12:18:00,2,800.6923059999999,206.179999,0.2575021608859353,103.0899995,,,0.0,0.0,,0.0,,,,0.0,,-0.0,,1308327_YES.csv,1308327_YES
1770985140,2026-02-13 12:19:00,1,37.735848,9.999999,0.26499998091297705,9.999999,,,0.0,0.0,,0.0,,,,0.0,,-0.0,,1308327_YES.csv,1308327_YES
1770985260,2026-02-13 12:21:00,2,344.52829799999995,90.99999799999999,0.2641292414236925,45.499998999999995,,,0.0,0.0,,0.0,,,,0.0,,-0.0,,1308327_YES.csv,1308327_YES
1770985320,2026-02-13 12:22:00,1,7.0,1.82,0.25999999996285716,1.82,,,0.0,0.0,,0.0,,,,0.0,,-0.0,,1308327_YES.csv,1308327_YES
1770985380,2026-02-13 12:23:00,10,6997.054089,1790.573708,0.2559039397472555,179.0573708,,,0.0,0.0,,0.0,,,,0.0,,-0.0,,1308327_YES.csv,1308327_YES
1770985440,2026-02-13 12:24:00,2,42.72,10.83272,0.25357490636110547,5.41636,,,0.0,0.0,,0.0,,,,0.0,,-0.0,,1308327_YES.csv,1308327_YES
1770985500,2026-02-13 12:25:00,4,42.940115,11.035539,0.256998356891755,2.75888475,,,0.0,0.0,,0.0,,,,0.0,,-0.0,,1308327_YES.csv,1308327_YES
1770985560,2026-02-13 12:26:00,2,206.850392,52.499999,0.25380662077617033,26.2499995,,,0.0,0.0,,0.0,,,,0.0,,-0.0,,1308327_YES.csv,1308327_YES
1770985620,2026-02-13 12:27:00,6,190.660978,48.125048,0.2524116287694045,8.020841333333333,,,0.0,0.0,,0.0,,,,0.0,,-0.0,,1308327_YES.csv,1308327_YES
1770985740,2026-02-13 12:29:00,4,1144.087781,289.58171899999996,0.25311145159389375,72.39542974999999,,,0.0,0.0,,0.0,,,,0.0,,-0.0,,1308327_YES.csv,1308327_YES
1770985800,2026-02-13 12:30:00,5,486.94000000000005,121.15562000000001,0.24881016141567994,24.231124,,,0.0,0.0,,0.0,,,,0.0,,-0.0,,1308327_YES.csv,1308327_YES
1770985860,2026-02-13 12:31:00,1,100.0,25.4,0.25399999999746,25.4,,,0.0,0.0,,0.0,,,,0.0,,-0.0,,1308327_YES.csv,1308327_YES
1770985920,2026-02-13 12:32:00,1,39.0625,10.0,0.2559999999934464,10.0,,,0.0,0.0,,0.0,,,,0.0,,-0.0,,1308327_YES.csv,1308327_YES
1770985980,2026-02-13 12:33:00,6,4472.611049,1127.806308,0.2521583691593093,187.967718,,,0.0,0.0,,0.0,,,,0.0,,-0.0,,1308327_YES.csv,1308327_YES
1770986040,2026-02-13 12:34:00,8,3201.197706,790.342029,0.24688947749725554,98.792753625,,,0.0,0.0,,0.0,,,,0.0,,-0.0,,1308327_YES.csv,1308327_YES
1770986100,2026-02-13 12:35:00,3,3149.8399999999997,774.47846,0.24587866685284146,258.1594866666667,,,0.0,0.0,,0.0,,,,0.0,,-0.0,,1308327_YES.csv,1308327_YES
1770986160,2026-02-13 12:36:00,3,146.14326400000002,34.944239,0.23910947411001363,11.648079666666668,,,0.0,0.0,,0.0,,,,0.0,,-0.0,,1308327_YES.csv,1308327_YES
1770986220,2026-02-13 12:37:00,4,537.866665,128.803199,0.23947049962607458,32.20079975,,,0.0,0.0,,0.0,,,,0.0,,-0.0,,1308327_YES.csv,1308327_YES
1770986280,2026-02-13 12:38:00,5,532.602033,122.593079,0.23017763997113735,24.5186158,,,0.0,0.0,,0.0,,,,0.0,,-0.0,,1308327_YES.csv,1308327_YES
1770986340,2026-02-13 12:39:00,6,2028.98,462.03974999999997,0.2277202091690269,77.006625,,,0.0,0.0,,0.0,,,,0.0,,-0.0,,1308327_YES.csv,1308327_YES
1770986400,2026-02-13 12:40:00,4,1857.424672,428.155928,0.2305105205363448,107.038982,,,0.0,0.0,,0.0,,,,0.0,,-0.0,,1308327_YES.csv,1308327_YES
1770986460,2026-02-13 12:41:00,8,4487.869003,1034.570399,0.23052597977084252,129.321299875,,,0.0,0.0,,0.0,,,,0.0,,-0.0,,1308327_YES.csv,1308327_YES
1770986520,2026-02-13 12:42:00,4,654.10915,148.82573799999997,0.22752431761545064,37.20643449999999,,,0.0,0.0,,0.0,,,,0.0,,-0.0,,1308327_YES.csv,1308327_YES
1770986580,2026-02-13 12:43:00,3,311.01000000000005,71.01028000000001,0.2283215330689421,23.670093333333337,,,0.0,0.0,,0.0,,,,0.0,,-0.0,,1308327_YES.csv,1308327_YES
1770986640,2026-02-13 12:44:00,4,34.793625,7.838978,0.22529926099320496,1.9597445,,,0.0,0.0,,0.0,,,,0.0,,-0.0,,1308327_YES.csv,1308327_YES
1770986760,2026-02-13 12:46:00,1,399.57,89.60368,0.2242502690386559,89.60368,,,0.0,0.0,,0.0,,,,0.0,,-0.0,,1308327_YES.csv,1308327_YES
1770986820,2026-02-13 12:47:00,1,35.242289,7.999999000000001,0.226999982883433,7.999999000000001,,,0.0,0.0,,0.0,,,,0.0,,-0.0,,1308327_YES.csv,1308327_YES
1770986880,2026-02-13 12:48:00,2,304.12,68.15873,0.22411788109882905,34.079365,,,0.0,0.0,,0.0,,,,0.0,,-0.0,,1308327_YES.csv,1308327_YES
1770986940,2026-02-13 12:49:00,1,2.0,0.454,0.2269999998865,0.454,,,0.0,0.0,,0.0,,,,0.0,,-0.0,,1308327_YES.csv,1308327_YES
1770987060,2026-02-13 12:51:00,1,200.0,45.4,0.226999999998865,45.4,,,0.0,0.0,,0.0,,,,0.0,,-0.0,,1308327_YES.csv,1308327_YES
1770987120,2026-02-13 12:52:00,6,440.708706,100.249998,0.22747451238181923,16.708333,,,0.0,0.0,,0.0,,,,0.0,,-0.0,,1308327_YES.csv,1308327_YES
1770987180,2026-02-13 12:53:00,4,3341.119129,768.452399,0.22999850329484314,192.11309975,,,0.0,0.0,,0.0,,,,0.0,,-0.0,,1308327_YES.csv,1308327_YES
1770987240,2026-02-13 12:54:00,2,10.0,2.3049999999999997,0.23049999997695,1.1524999999999999,,,0.0,0.0,,0.0,,,,0.0,,-0.0,,1308327_YES.csv,1308327_YES
1770987300,2026-02-13 12:55:00,3,464.66999999999996,106.87410000000001,0.22999999999950504,35.624700000000004,,,0.0,0.0,,0.0,,,,0.0,,-0.0,,1308327_YES.csv,1308327_YES
1770987360,2026-02-13 12:56:00,10,503.81,115.12258,0.22850395982567137,11.512258,,,0.0,0.0,,0.0,,,,0.0,,-0.0,,1308327_YES.csv,1308327_YES
1770987420,2026-02-13 12:57:00,6,1250.8100000000002,285.25280000000004,0.22805446070927796,47.54213333333334,,,0.0,0.0,,0.0,,,,0.0,,-0.0,,1308327_YES.csv,1308327_YES
1770987480,2026-02-13 12:58:00,1,2666.73,585.88416,0.2197013420930428,585.88416,,,0.0,0.0,,0.0,,,,0.0,,-0.0,,1308327_YES.csv,1308327_YES
1770987540,2026-02-13 12:59:00,4,822.3528560000001,180.02977900000002,0.21892035479205665,45.007444750000005,,,0.0,0.0,,0.0,,,,0.0,,-0.0,,1308327_YES.csv,1308327_YES
1770987600,2026-02-13 13:00:00,2,88.62,19.762259999999998,0.2229999999974836,9.881129999999999,,,0.0,0.0,,0.0,,,,0.0,,-0.0,,1308327_YES.csv,1308327_YES
1770987660,2026-02-13 13:01:00,4,1031.6100000000001,228.90581,0.22189180988918106,57.2264525,,,0.0,0.0,,0.0,,,,0.0,,-0.0,,1308327_YES.csv,1308327_YES
1770987720,2026-02-13 13:02:00,3,394.91328699999997,88.399229,0.22384465630748995,29.466409666666667,,,0.0,0.0,,0.0,,,,0.0,,-0.0,,1308327_YES.csv,1308327_YES
1770987780,2026-02-13 13:03:00,2,137.336855,30.999997999999998,0.22572235253074838,15.499998999999999,,,0.0,0.0,,0.0,,,,0.0,,-0.0,,1308327_YES.csv,1308327_YES
1770987840,2026-02-13 13:04:00,5,509.57444300000003,113.01791899999999,0.22178882899701893,22.6035838,,,0.0,0.0,,0.0,,,,0.0,,-0.0,,1308327_YES.csv,1308327_YES
1770987900,2026-02-13 13:05:00,6,145.918645,33.008889,0.22621433333467283,5.501481500000001,,,0.0,0.0,,0.0,,,,0.0,,-0.0,,1308327_YES.csv,1308327_YES
1770987960,2026-02-13 13:06:00,2,1012.658226,238.999999,0.23601249944298974,119.4999995,,,0.0,0.0,,0.0,,,,0.0,,-0.0,,1308327_YES.csv,1308327_YES
1770988020,2026-02-13 13:07:00,3,26.070636999999998,6.095519,0.2338078275481413,2.031839666666667,,,0.0,0.0,,0.0,,,,0.0,,-0.0,,1308327_YES.csv,1308327_YES
1770988080,2026-02-13 13:08:00,18,2494.1200000000003,580.67569,0.23281786361512963,32.25976055555556,,,0.0,0.0,,0.0,,,,0.0,,-0.0,,1308327_YES.csv,1308327_YES
1770988140,2026-02-13 13:09:00,3,4.14,0.9522,0.22999999994444448,0.3174,,,0.0,0.0,,0.0,,,,0.0,,-0.0,,1308327_YES.csv,1308327_YES
1770988200,2026-02-13 13:10:00,6,10453.94,2480.04687,0.23723561355811898,413.34114500000004,,,0.0,0.0,,0.0,,,,0.0,,-0.0,,1308327_YES.csv,1308327_YES
1770988260,2026-02-13 13:11:00,6,6230.507078,1526.502056,0.2450044654294436,254.41700933333334,,,0.0,0.0,,0.0,,,,0.0,,-0.0,,1308327_YES.csv,1308327_YES
1770988320,2026-02-13 13:12:00,4,128.594304,33.158958000000005,0.25785712872431843,8.289739500000001,,,0.0,0.0,,0.0,,,,0.0,,-0.0,,1308327_YES.csv,1308327_YES
1770988380,2026-02-13 13:13:00,7,1629.2397330000001,414.708497,0.2545411142386775,59.244071000000005,,,0.0,0.0,,0.0,,,,0.0,,-0.0,,1308327_YES.csv,1308327_YES
1770988440,2026-02-13 13:14:00,2,450.0,117.57085,0.26126855555497497,58.785425,,,0.0,0.0,,0.0,,,,0.0,,-0.0,,1308327_YES.csv,1308327_YES
1770988500,2026-02-13 13:15:00,5,2899.69,755.1239199999999,0.2604153961284618,151.02478399999998,,,0.0,0.0,,0.0,,,,0.0,,-0.0,,1308327_YES.csv,1308327_YES
1770988560,2026-02-13 13:16:00,9,1970.957087,510.72098900000003,0.259123342851219,56.746776555555556,,,0.0,0.0,,0.0,,,,0.0,,-0.0,,1308327_YES.csv,1308327_YES
1770988620,2026-02-13 13:17:00,6,224.57694500000002,58.572949,0.2608146130037488,9.762158166666667,,,0.0,0.0,,0.0,,,,0.0,,-0.0,,1308327_YES.csv,1308327_YES
1770988680,2026-02-13 13:18:00,5,1376.887534,341.67711800000006,0.24815179857656539,68.33542360000001,,,0.0,0.0,,0.0,,,,0.0,,-0.0,,1308327_YES.csv,1308327_YES
1770988740,2026-02-13 13:19:00,2,45.15,10.91394,0.24172624584182217,5.45697,,,0.0,0.0,,0.0,,,,0.0,,-0.0,,1308327_YES.csv,1308327_YES
1770988800,2026-02-13 13:20:00,3,201.71,47.07672000000001,0.2333881314747242,15.692240000000004,,,0.0,0.0,,0.0,,,,0.0,,-0.0,,1308327_YES.csv,1308327_YES
1770988860,2026-02-13 13:21:00,2,919.26,219.7092,0.23900659225873094,109.8546,,,0.0,0.0,,0.0,,,,0.0,,-0.0,,1308327_YES.csv,1308327_YES
1770988920,2026-02-13 13:22:00,3,260.262693,62.999997,0.24206311044264012,20.999999,,,0.0,0.0,,0.0,,,,0.0,,-0.0,,1308327_YES.csv,1308327_YES
1770988980,2026-02-13 13:23:00,1,204.918031,49.999999,0.2439999972464892,49.999999,,,0.0,0.0,,0.0,,,,0.0,,-0.0,,1308327_YES.csv,1308327_YES
1770989040,2026-02-13 13:24:00,9,1652.0781350000002,408.79748700000005,0.2474444025008251,45.421943000000006,,,0.0,0.0,,0.0,,,,0.0,,-0.0,,1308327_YES.csv,1308327_YES
1770989100,2026-02-13 13:25:00,4,1704.01,429.87649,0.2522734549678392,107.4691225,,,0.0,0.0,,0.0,,,,0.0,,-0.0,,1308327_YES.csv,1308327_YES
1770989160,2026-02-13 13:26:00,1,46.53,11.72556,0.25199999999458417,11.72556,,,0.0,0.0,,0.0,,,,0.0,,-0.0,,1308327_YES.csv,1308327_YES
1770989280,2026-02-13 13:28:00,2,210.0,53.97,0.2569999999987762,26.985,,,0.0,0.0,,0.0,,,,0.0,,-0.0,,1308327_YES.csv,1308327_YES
1770989340,2026-02-13 13:29:00,2,24.93,6.312290000000001,0.2532005615622463,3.1561450000000004,,,0.0,0.0,,0.0,,,,0.0,,-0.0,,1308327_YES.csv,1308327_YES
1770989400,2026-02-13 13:30:00,4,124.979843,31.951899,0.25565641812931655,7.98797475,,,0.0,0.0,,0.0,,,,0.0,,-0.0,,1308327_YES.csv,1308327_YES
1770989460,2026-02-13 13:31:00,8,571.674414,147.366997,0.2577813409010504,18.420874625,,,0.0,0.0,,0.0,,,,0.0,,-0.0,,1308327_YES.csv,1308327_YES
1770989520,2026-02-13 13:32:00,5,1214.4099999999999,313.98278,0.25854759101106006,62.796555999999995,,,0.0,0.0,,0.0,,,,0.0,,-0.0,,1308327_YES.csv,1308327_YES
1770989580,2026-02-13 13:33:00,3,230.0,60.24,0.26191304347712213,20.080000000000002,,,0.0,0.0,,0.0,,,,0.0,,-0.0,,1308327_YES.csv,1308327_YES
1770989640,2026-02-13 13:34:00,3,26.287877,6.934999,0.2638097781626181,2.3116663333333336,,,0.0,0.0,,0.0,,,,0.0,,-0.0,,1308327_YES.csv,1308327_YES
1770989700,2026-02-13 13:35:00,9,2868.770753,752.074249,0.26215906175607123,83.56380544444444,,,0.0,0.0,,0.0,,,,0.0,,-0.0,,1308327_YES.csv,1308327_YES
1770989760,2026-02-13 13:36:00,8,2713.849698,721.394189,0.2658195070756399,90.174273625,,,0.0,0.0,,0.0,,,,0.0,,-0.0,,1308327_YES.csv,1308327_YES
1770989820,2026-02-13 13:37:00,8,4000.563659,1062.4849550000001,0.2655838140731695,132.81061937500002,,,0.0,0.0,,0.0,,,,0.0,,-0.0,,1308327_YES.csv,1308327_YES
1770989880,2026-02-13 13:38:00,5,189.737471,50.345279000000005,0.26534178375200684,10.069055800000001,,,0.0,0.0,,0.0,,,,0.0,,-0.0,,1308327_YES.csv,1308327_YES
1770989940,2026-02-13 13:39:00,5,1956.607415,514.474158,0.2629419443346723,102.8948316,,,0.0,0.0,,0.0,,,,0.0,,-0.0,,1308327_YES.csv,1308327_YES
1770990060,2026-02-13 13:41:00,3,329.57,88.00024,0.26701532299582176,29.333413333333336,,,0.0,0.0,,0.0,,,,0.0,,-0.0,,1308327_YES.csv,1308327_YES
1770990120,2026-02-13 13:42:00,3,322.12,86.03586,0.26709257419512267,28.67862,,,0.0,0.0,,0.0,,,,0.0,,-0.0,,1308327_YES.csv,1308327_YES
1770990180,2026-02-13 13:43:00,2,25.261191,6.769998,0.26799995296072937,3.384999,,,0.0,0.0,,0.0,,,,0.0,,-0.0,,1308327_YES.csv,1308327_YES
1770990240,2026-02-13 13:44:00,3,446.68,127.60400000000001,0.28567206948982343,42.53466666666667,,,0.0,0.0,,0.0,,,,0.0,,-0.0,,1308327_YES.csv,1308327_YES
1770990300,2026-02-13 13:45:00,6,802.186665,237.800799,0.2964407280438943,39.633466500000004,,,0.0,0.0,,0.0,,,,0.0,,-0.0,,1308327_YES.csv,1308327_YES
1770990420,2026-02-13 13:47:00,5,2570.461427,722.0990590000001,0.2809219587638337,144.41981180000002,,,0.0,0.0,,0.0,,,,0.0,,-0.0,,1308327_YES.csv,1308327_YES
1770990480,2026-02-13 13:48:00,1,5.0,1.4,0.27999999994400004,1.4,,,0.0,0.0,,0.0,,,,0.0,,-0.0,,1308327_YES.csv,1308327_YES
1770990540,2026-02-13 13:49:00,3,1703.8,462.61302,0.2715183824390941,154.20434,,,0.0,0.0,,0.0,,,,0.0,,-0.0,,1308327_YES.csv,1308327_YES
1770990600,2026-02-13 13:50:00,3,658.886923,186.279998,0.2827192216102265,62.09333266666667,,,0.0,0.0,,0.0,,,,0.0,,-0.0,,1308327_YES.csv,1308327_YES
1770990660,2026-02-13 13:51:00,2,4867.391497,1374.5623289999999,0.28240225382464595,687.2811644999999,,,0.0,0.0,,0.0,,,,0.0,,-0.0,,1308327_YES.csv,1308327_YES
1770990720,2026-02-13 13:52:00,1,1.25,0.35125,0.2809999997752,0.35125,,,0.0,0.0,,0.0,,,,0.0,,-0.0,,1308327_YES.csv,1308327_YES
1770990900,2026-02-13 13:55:00,2,98.233343,27.999998,0.28503558104212096,13.999999,,,0.0,0.0,,0.0,,,,0.0,,-0.0,,1308327_YES.csv,1308327_YES
1770990960,2026-02-13 13:56:00,3,53.222277000000005,15.143108,0.2845257447312048,5.047702666666667,,,0.0,0.0,,0.0,,,,0.0,,-0.0,,1308327_YES.csv,1308327_YES
1770991020,2026-02-13 13:57:00,2,79.925852,22.839999000000002,0.28576484864639573,11.419999500000001,,,0.0,0.0,,0.0,,,,0.0,,-0.0,,1308327_YES.csv,1308327_YES
1770991080,2026-02-13 13:58:00,5,461.11,129.92127,0.2817576500178227,25.984254,,,0.0,0.0,,0.0,,,,0.0,,-0.0,,1308327_YES.csv,1308327_YES
1770991140,2026-02-13 13:59:00,1,100.0,28.2,0.28199999999717995,28.2,,,0.0,0.0,,0.0,,,,0.0,,-0.0,,1308327_YES.csv,1308327_YES
1770991200,2026-02-13 14:00:00,5,284.664124,80.424079,0.2825227073563983,16.0848158,,,0.0,0.0,,0.0,,,,0.0,,-0.0,,1308327_YES.csv,1308327_YES
1770991260,2026-02-13 14:01:00,6,4163.782938,1163.2345090000001,0.2793696324521805,193.87241816666668,,,0.0,0.0,,0.0,,,,0.0,,-0.0,,1308327_YES.csv,1308327_YES
1770991320,2026-02-13 14:02:00,1,1400.0,375.067,0.26790499999980866,375.067,,,0.0,0.0,,0.0,,,,0.0,,-0.0,,1308327_YES.csv,1308327_YES
1770991380,2026-02-13 14:03:00,4,45.198893999999996,12.007578,0.2656608809882459,3.0018945,,,0.0,0.0,,0.0,,,,0.0,,-0.0,,1308327_YES.csv,1308327_YES
1770991440,2026-02-13 14:04:00,2,793.05,215.49139,0.27172484710891903,107.745695,,,0.0,0.0,,0.0,,,,0.0,,-0.0,,1308327_YES.csv,1308327_YES
1770991500,2026-02-13 14:05:00,2,608.736058,163.749999,0.26899999901062377,81.8749995,,,0.0,0.0,,0.0,,,,0.0,,-0.0,,1308327_YES.csv,1308327_YES
1770991560,2026-02-13 14:06:00,2,300.91811,81.03499900000001,0.2692925294517192,40.51749950000001,,,0.0,0.0,,0.0,,,,0.0,,-0.0,,1308327_YES.csv,1308327_YES
1770991620,2026-02-13 14:07:00,4,577.635477,155.70999700000002,0.2695644627099842,38.927499250000004,,,0.0,0.0,,0.0,,,,0.0,,-0.0,,1308327_YES.csv,1308327_YES
1770991680,2026-02-13 14:08:00,1,3.703702,0.999999,0.26999985412703287,0.999999,,,0.0,0.0,,0.0,,,,0.0,,-0.0,,1308327_YES.csv,1308327_YES
1770991740,2026-02-13 14:09:00,1,500.22,135.0594,0.2699999999994602,135.0594,,,0.0,0.0,,0.0,,,,0.0,,-0.0,,1308327_YES.csv,1308327_YES
1770991860,2026-02-13 14:11:00,3,527.52,141.84788,0.26889573854968746,47.282626666666665,,,0.0,0.0,,0.0,,,,0.0,,-0.0,,1308327_YES.csv,1308327_YES
1770991920,2026-02-13 14:12:00,3,1941.223047,522.0889990000001,0.26894848575313207,174.02966633333335,,,0.0,0.0,,0.0,,,,0.0,,-0.0,,1308327_YES.csv,1308327_YES
1770992040,2026-02-13 14:14:00,5,4886.146115,1257.877087,0.2574374685886246,251.57541740000002,,,0.0,0.0,,0.0,,,,0.0,,-0.0,,1308327_YES.csv,1308327_YES
1770992100,2026-02-13 14:15:00,3,515.644961,133.828279,0.2595357060024494,44.60942633333334,,,0.0,0.0,,0.0,,,,0.0,,-0.0,,1308327_YES.csv,1308327_YES
1770992160,2026-02-13 14:16:00,3,102.70169700000001,27.060339000000003,0.2634848282958412,9.020113,,,0.0,0.0,,0.0,,,,0.0,,-0.0,,1308327_YES.csv,1308327_YES
1770992220,2026-02-13 14:17:00,5,219.75471199999998,58.214997,0.2649089817911849,11.642999399999999,,,0.0,0.0,,0.0,,,,0.0,,-0.0,,1308327_YES.csv,1308327_YES
1770992280,2026-02-13 14:18:00,1,57.54,14.6727,0.2549999999955683,14.6727,,,0.0,0.0,,0.0,,,,0.0,,-0.0,,1308327_YES.csv,1308327_YES
1770992340,2026-02-13 14:19:00,4,269.95000000000005,68.83225000000002,0.2549814780505465,17.208062500000004,,,0.0,0.0,,0.0,,,,0.0,,-0.0,,1308327_YES.csv,1308327_YES
1770992400,2026-02-13 14:20:00,7,150.47463,38.342717,0.25481183771473764,5.477531,,,0.0,0.0,,0.0,,,,0.0,,-0.0,,1308327_YES.csv,1308327_YES
1770992460,2026-02-13 14:21:00,2,20.210107,5.282799000000001,0.26139391541759804,2.6413995000000003,,,0.0,0.0,,0.0,,,,0.0,,-0.0,,1308327_YES.csv,1308327_YES
1770992520,2026-02-13 14:22:00,12,6046.921567,1517.198737,0.2509043188652539,126.43322808333333,,,0.0,0.0,,0.0,,,,0.0,,-0.0,,1308327_YES.csv,1308327_YES
1770992580,2026-02-13 14:23:00,1,19.305018,4.999999,0.25899996569498146,4.999999,,,0.0,0.0,,0.0,,,,0.0,,-0.0,,1308327_YES.csv,1308327_YES
1770992640,2026-02-13 14:24:00,2,314.15999999999997,77.59752,0.24699999999921382,38.79876,,,0.0,0.0,,0.0,,,,0.0,,-0.0,,1308327_YES.csv,1308327_YES
1770992700,2026-02-13 14:25:00,1,19.53125,5.0,0.2559999999868928,5.0,,,0.0,0.0,,0.0,,,,0.0,,-0.0,,1308327_YES.csv,1308327_YES
1770992760,2026-02-13 14:26:00,1,3.875969,1.0,0.25799999941743595,1.0,,,0.0,0.0,,0.0,,,,0.0,,-0.0,,1308327_YES.csv,1308327_YES
1770992880,2026-02-13 14:28:00,2,43.085685,10.971369000000001,0.25464070026379665,5.4856845000000005,,,0.0,0.0,,0.0,,,,0.0,,-0.0,,1308327_YES.csv,1308327_YES
1770992940,2026-02-13 14:29:00,5,1263.72206,311.141208,0.2462101579517839,62.228241600000004,,,0.0,0.0,,0.0,,,,0.0,,-0.0,,1308327_YES.csv,1308327_YES
1770993000,2026-02-13 14:30:00,5,546.734837,135.891349,0.24855074124305604,27.1782698,,,0.0,0.0,,0.0,,,,0.0,,-0.0,,1308327_YES.csv,1308327_YES
1770993060,2026-02-13 14:31:00,1,50.0,12.35,0.24699999999506,12.35,,,0.0,0.0,,0.0,,,,0.0,,-0.0,,1308327_YES.csv,1308327_YES
1770993120,2026-02-13 14:32:00,2,936.56,235.31376,0.25125326727572045,117.65688,,,0.0,0.0,,0.0,,,,0.0,,-0.0,,1308327_YES.csv,1308327_YES
1770993180,2026-02-13 14:33:00,5,495.64,122.69808,0.24755483818850868,24.539616000000002,,,0.0,0.0,,0.0,,,,0.0,,-0.0,,1308327_YES.csv,1308327_YES
1770993240,2026-02-13 14:34:00,5,238.60844500000002,59.055919,0.24750137825068388,11.8111838,,,0.0,0.0,,0.0,,,,0.0,,-0.0,,1308327_YES.csv,1308327_YES
1770993300,2026-02-13 14:35:00,1,4396.05,1071.5708100000002,0.24375764834334374,1071.5708100000002,,,0.0,0.0,,0.0,,,,0.0,,-0.0,,1308327_YES.csv,1308327_YES
1770993360,2026-02-13 14:36:00,3,20.146063,4.948849,0.24564844256440332,1.6496163333333334,,,0.0,0.0,,0.0,,,,0.0,,-0.0,,1308327_YES.csv,1308327_YES
1770993420,2026-02-13 14:37:00,3,119.92,29.39264,0.2451020680433197,9.797546666666667,,,0.0,0.0,,0.0,,,,0.0,,-0.0,,1308327_YES.csv,1308327_YES
1770993480,2026-02-13 14:38:00,2,59.149794,14.609998000000001,0.24699998109465934,7.3049990000000005,,,0.0,0.0,,0.0,,,,0.0,,-0.0,,1308327_YES.csv,1308327_YES
1770993540,2026-02-13 14:39:00,2,228.0,55.632,0.24399999999892982,27.816,,,0.0,0.0,,0.0,,,,0.0,,-0.0,,1308327_YES.csv,1308327_YES
1770993660,2026-02-13 14:41:00,3,1407.601631,343.592329,0.24409770593662788,114.53077633333334,,,0.0,0.0,,0.0,,,,0.0,,-0.0,,1308327_YES.csv,1308327_YES
1770993720,2026-02-13 14:42:00,2,605.31,148.5934,0.24548314086956194,74.2967,,,0.0,0.0,,0.0,,,,0.0,,-0.0,,1308327_YES.csv,1308327_YES
1770993780,2026-02-13 14:43:00,2,93.20764799999999,22.999997999999998,0.2467608452018147,11.499998999999999,,,0.0,0.0,,0.0,,,,0.0,,-0.0,,1308327_YES.csv,1308327_YES
1770993840,2026-02-13 14:44:00,2,591.99,144.44556,0.24399999999958782,72.22278,,,0.0,0.0,,0.0,,,,0.0,,-0.0,,1308327_YES.csv,1308327_YES
1770993900,2026-02-13 14:45:00,5,1271.107559,312.21423899999996,0.24562377651611017,62.442847799999996,,,0.0,0.0,,0.0,,,,0.0,,-0.0,,1308327_YES.csv,1308327_YES
1770993960,2026-02-13 14:46:00,6,2043.5086150000002,503.30064600000003,0.24629240234436384,83.883441,,,0.0,0.0,,0.0,,,,0.0,,-0.0,,1308327_YES.csv,1308327_YES
1770994020,2026-02-13 14:47:00,4,4281.510962,1036.389318,0.24206158227740104,259.0973295,,,0.0,0.0,,0.0,,,,0.0,,-0.0,,1308327_YES.csv,1308327_YES
1770994080,2026-02-13 14:48:00,2,44.897956,10.999998000000001,0.24499997282181396,5.499999000000001,,,0.0,0.0,,0.0,,,,0.0,,-0.0,,1308327_YES.csv,1308327_YES
1770994140,2026-02-13 14:49:00,5,1017.91,249.96581999999998,0.24556770244889473,49.99316399999999,,,0.0,0.0,,0.0,,,,0.0,,-0.0,,1308327_YES.csv,1308327_YES
1770994200,2026-02-13 14:50:00,1,1037.64,251.30418000000003,0.2421882155658589,251.30418000000003,,,0.0,0.0,,0.0,,,,0.0,,-0.0,,1308327_YES.csv,1308327_YES
1770994260,2026-02-13 14:51:00,6,8442.12,2033.82654,0.24091419453878396,338.97109,,,0.0,0.0,,0.0,,,,0.0,,-0.0,,1308327_YES.csv,1308327_YES
1770994320,2026-02-13 14:52:00,3,165.35,39.35725,0.2380238887194556,13.119083333333334,,,0.0,0.0,,0.0,,,,0.0,,-0.0,,1308327_YES.csv,1308327_YES
1770994380,2026-02-13 14:53:00,5,362.0,85.09,0.23505524861813523,17.018,,,0.0,0.0,,0.0,,,,0.0,,-0.0,,1308327_YES.csv,1308327_YES
1770994440,2026-02-13 14:54:00,6,403.791832,95.941218,0.23760069024814348,15.990203000000001,,,0.0,0.0,,0.0,,,,0.0,,-0.0,,1308327_YES.csv,1308327_YES
1770994500,2026-02-13 14:55:00,5,425.0,104.125,0.24499999999942354,20.825,,,0.0,0.0,,0.0,,,,0.0,,-0.0,,1308327_YES.csv,1308327_YES
1770994560,2026-02-13 14:56:00,1,4.098359,0.999999,0.2439998545164052,0.999999,,,0.0,0.0,,0.0,,,,0.0,,-0.0,,1308327_YES.csv,1308327_YES
1770994620,2026-02-13 14:57:00,7,9269.483661,2143.6142370000002,0.23125497766598505,306.2306052857143,,,0.0,0.0,,0.0,,,,0.0,,-0.0,,1308327_YES.csv,1308327_YES
1770994680,2026-02-13 14:58:00,3,310.0,72.76,0.2347096774185977,24.253333333333334,,,0.0,0.0,,0.0,,,,0.0,,-0.0,,1308327_YES.csv,1308327_YES
1770994740,2026-02-13 14:59:00,4,11738.86,2632.9318200000002,0.2242919516886457,658.2329550000001,,,0.0,0.0,,0.0,,,,0.0,,-0.0,,1308327_YES.csv,1308327_YES
1770994800,2026-02-13 15:00:00,8,844.4818519999999,186.00844800000002,0.22026340478395476,23.251056000000002,,,0.0,0.0,,0.0,,,,0.0,,-0.0,,1308327_YES.csv,1308327_YES
1770994920,2026-02-13 15:02:00,2,7102.34,1539.65991,0.2167820619682785,769.829955,,,0.0,0.0,,0.0,,,,0.0,,-0.0,,1308327_YES.csv,1308327_YES
1770994980,2026-02-13 15:03:00,6,3600.194775,762.8921080000001,0.21190300960863656,127.14868466666668,,,0.0,0.0,,0.0,,,,0.0,,-0.0,,1308327_YES.csv,1308327_YES
1770995040,2026-02-13 15:04:00,3,60.0,12.93,0.21549999999640834,4.31,,,0.0,0.0,,0.0,,,,0.0,,-0.0,,1308327_YES.csv,1308327_YES
1770995100,2026-02-13 15:05:00,11,777.2128,169.285993,0.21781163794495173,15.389635727272726,,,0.0,0.0,,0.0,,,,0.0,,-0.0,,1308327_YES.csv,1308327_YES
1770995160,2026-02-13 15:06:00,5,438.680549,96.27999799999999,0.2194763324228914,19.2559996,,,0.0,0.0,,0.0,,,,0.0,,-0.0,,1308327_YES.csv,1308327_YES
1770995220,2026-02-13 15:07:00,6,259.528867,56.571699,0.21797844553369863,9.4286165,,,0.0,0.0,,0.0,,,,0.0,,-0.0,,1308327_YES.csv,1308327_YES
1770995280,2026-02-13 15:08:00,13,1814.840903,396.95405600000004,0.21872664173680534,30.534927384615386,,,0.0,0.0,,0.0,,,,0.0,,-0.0,,1308327_YES.csv,1308327_YES
1770995340,2026-02-13 15:09:00,5,269.384389,59.154998,0.21959326677902039,11.8309996,,,0.0,0.0,,0.0,,,,0.0,,-0.0,,1308327_YES.csv,1308327_YES
1770995400,2026-02-13 15:10:00,3,12.642418,2.761668,0.21844460448796704,0.9205559999999999,,,0.0,0.0,,0.0,,,,0.0,,-0.0,,1308327_YES.csv,1308327_YES
1770995460,2026-02-13 15:11:00,11,23327.702134000003,4907.329997000001,0.21036491158927223,446.1209088181819,,,0.0,0.0,,0.0,,,,0.0,,-0.0,,1308327_YES.csv,1308327_YES
1770995520,2026-02-13 15:12:00,3,30.54,6.43832,0.21081597903697394,2.146106666666667,,,0.0,0.0,,0.0,,,,0.0,,-0.0,,1308327_YES.csv,1308327_YES
1770995580,2026-02-13 15:13:00,4,129.939621,27.502139,0.2116532185343864,6.87553475,,,0.0,0.0,,0.0,,,,0.0,,-0.0,,1308327_YES.csv,1308327_YES
1770995640,2026-02-13 15:14:00,9,6145.536317,1316.039178,0.21414553752767054,146.22657533333333,,,0.0,0.0,,0.0,,,,0.0,,-0.0,,1308327_YES.csv,1308327_YES
1770995700,2026-02-13 15:15:00,6,829.461161,168.847859,0.20356330945771245,28.141309833333334,,,0.0,0.0,,0.0,,,,0.0,,-0.0,,1308327_YES.csv,1308327_YES
1770995760,2026-02-13 15:16:00,3,1081.94,232.67999,0.21505812706784558,77.55999666666666,,,0.0,0.0,,0.0,,,,0.0,,-0.0,,1308327_YES.csv,1308327_YES
1770995820,2026-02-13 15:17:00,3,60.0,12.61,0.2101666666631639,4.203333333333333,,,0.0,0.0,,0.0,,,,0.0,,-0.0,,1308327_YES.csv,1308327_YES
1770995880,2026-02-13 15:18:00,6,355.036266,74.202579,0.20899999832634278,12.3670965,,,0.0,0.0,,0.0,,,,0.0,,-0.0,,1308327_YES.csv,1308327_YES
1770995940,2026-02-13 15:19:00,4,132.924527,28.144999,0.2117366872389793,7.03624975,,,0.0,0.0,,0.0,,,,0.0,,-0.0,,1308327_YES.csv,1308327_YES
1770996000,2026-02-13 15:20:00,6,105.178169,22.000998000000003,0.20917837046384424,3.6668330000000005,,,0.0,0.0,,0.0,,,,0.0,,-0.0,,1308327_YES.csv,1308327_YES
1770996060,2026-02-13 15:21:00,2,105.0,21.93,0.20885714285515372,10.965,,,0.0,0.0,,0.0,,,,0.0,,-0.0,,1308327_YES.csv,1308327_YES
1770996120,2026-02-13 15:22:00,10,254.595738,52.232338,0.2051579433737215,5.2232338,,,0.0,0.0,,0.0,,,,0.0,,-0.0,,1308327_YES.csv,1308327_YES
1770996180,2026-02-13 15:23:00,6,1182.35,236.95313000000002,0.20040861842922958,39.49218833333334,,,0.0,0.0,,0.0,,,,0.0,,-0.0,,1308327_YES.csv,1308327_YES
1770996240,2026-02-13 15:24:00,10,908.050248,179.05197800000002,0.19718289642469525,17.905197800000003,,,0.0,0.0,,0.0,,,,0.0,,-0.0,,1308327_YES.csv,1308327_YES
1770996300,2026-02-13 15:25:00,2,722.11,142.97778,0.19799999999972578,71.48889,,,0.0,0.0,,0.0,,,,0.0,,-0.0,,1308327_YES.csv,1308327_YES
1770996360,2026-02-13 15:26:00,11,5935.04,1180.68666,0.19893491198034063,107.33515090909091,,,0.0,0.0,,0.0,,,,0.0,,-0.0,,1308327_YES.csv,1308327_YES
1770996420,2026-02-13 15:27:00,5,68.40828099999999,13.480058999999999,0.1970530292933826,2.6960118,,,0.0,0.0,,0.0,,,,0.0,,-0.0,,1308327_YES.csv,1308327_YES
1770996480,2026-02-13 15:28:00,3,111.21,22.00837,0.1978991997104766,7.336123333333333,,,0.0,0.0,,0.0,,,,0.0,,-0.0,,1308327_YES.csv,1308327_YES
1770996540,2026-02-13 15:29:00,4,345.865124,68.113229,0.19693581189123618,17.02830725,,,0.0,0.0,,0.0,,,,0.0,,-0.0,,1308327_YES.csv,1308327_YES
1770996600,2026-02-13 15:30:00,4,3151.02,627.31624,0.19908354754961916,156.82906,,,0.0,0.0,,0.0,,,,0.0,,-0.0,,1308327_YES.csv,1308327_YES
1770996660,2026-02-13 15:31:00,2,168.815124,33.266629,0.19705953004425686,16.6333145,,,0.0,0.0,,0.0,,,,0.0,,-0.0,,1308327_YES.csv,1308327_YES
1770996720,2026-02-13 15:32:00,3,130.375124,26.019999,0.19957794249001387,8.673333,,,0.0,0.0,,0.0,,,,0.0,,-0.0,,1308327_YES.csv,1308327_YES
1770996780,2026-02-13 15:33:00,3,579.919595,115.195998,0.1986413271650208,38.398666,,,0.0,0.0,,0.0,,,,0.0,,-0.0,,1308327_YES.csv,1308327_YES
1770996840,2026-02-13 15:34:00,5,569.6119180000001,112.229999,0.19702888133707017,22.445999800000003,,,0.0,0.0,,0.0,,,,0.0,,-0.0,,1308327_YES.csv,1308327_YES
1770996900,2026-02-13 15:35:00,2,26.930504,5.266599,0.19556258582477468,2.6332995,,,0.0,0.0,,0.0,,,,0.0,,-0.0,,1308327_YES.csv,1308327_YES
1770996960,2026-02-13 15:36:00,8,480.380248,93.874448,0.19541696060701602,11.734306,,,0.0,0.0,,0.0,,,,0.0,,-0.0,,1308327_YES.csv,1308327_YES
1770997020,2026-02-13 15:37:00,20,9496.080531,1896.8904969999999,0.19975509799094396,94.84452485,,,0.0,0.0,,0.0,,,,0.0,,-0.0,,1308327_YES.csv,1308327_YES
1770997080,2026-02-13 15:38:00,3,40.884173000000004,8.501757999999999,0.20794741279937473,2.833919333333333,,,0.0,0.0,,0.0,,,,0.0,,-0.0,,1308327_YES.csv,1308327_YES
1770997140,2026-02-13 15:39:00,4,735.349371,151.933298,0.20661375937968043,37.9833245,,,0.0,0.0,,0.0,,,,0.0,,-0.0,,1308327_YES.csv,1308327_YES
1770997200,2026-02-13 15:40:00,3,103.75953200000001,21.361118,0.20587137960292773,7.120372666666667,,,0.0,0.0,,0.0,,,,0.0,,-0.0,,1308327_YES.csv,1308327_YES
1770997260,2026-02-13 15:41:00,2,825.0,167.33685000000003,0.20283254545429963,83.66842500000001,,,0.0,0.0,,0.0,,,,0.0,,-0.0,,1308327_YES.csv,1308327_YES
1770997320,2026-02-13 15:42:00,2,5.270494,1.064319,0.20193913507881053,0.5321595,,,0.0,0.0,,0.0,,,,0.0,,-0.0,,1308327_YES.csv,1308327_YES
1770997500,2026-02-13 15:45:00,5,3045.63,595.1087000000001,0.19539756963249136,119.02174000000002,,,0.0,0.0,,0.0,,,,0.0,,-0.0,,1308327_YES.csv,1308327_YES
1770997560,2026-02-13 15:46:00,3,133.917783,27.130118000000003,0.20258786691381694,9.043372666666668,,,0.0,0.0,,0.0,,,,0.0,,-0.0,,1308327_YES.csv,1308327_YES
1770997620,2026-02-13 15:47:00,4,223.02,46.37806,0.20795471258089876,11.594515,,,0.0,0.0,,0.0,,,,0.0,,-0.0,,1308327_YES.csv,1308327_YES
1770997680,2026-02-13 15:48:00,7,7591.439765,1627.061828,0.21432849082216035,232.43740400000002,,,0.0,0.0,,0.0,,,,0.0,,-0.0,,1308327_YES.csv,1308327_YES
1770997740,2026-02-13 15:49:00,2,200.48,42.3008,0.21099760574515664,21.1504,,,0.0,0.0,,0.0,,,,0.0,,-0.0,,1308327_YES.csv,1308327_YES
1770997800,2026-02-13 15:50:00,7,3833.9525669999994,814.928856,0.21255580025014625,116.418408,,,0.0,0.0,,0.0,,,,0.0,,-0.0,,1308327_YES.csv,1308327_YES
1770997860,2026-02-13 15:51:00,5,1094.160274,238.407789,0.2178911030357716,47.6815578,,,0.0,0.0,,0.0,,,,0.0,,-0.0,,1308327_YES.csv,1308327_YES
1770997920,2026-02-13 15:52:00,11,2190.01,476.47322,0.21756668691000605,43.31574727272727,,,0.0,0.0,,0.0,,,,0.0,,-0.0,,1308327_YES.csv,1308327_YES
1770997980,2026-02-13 15:53:00,13,2945.877558,643.8877170000001,0.21857246417156803,49.52982438461539,,,0.0,0.0,,0.0,,,,0.0,,-0.0,,1308327_YES.csv,1308327_YES
1770998040,2026-02-13 15:54:00,2,434.95,96.12395000000001,0.22099999999949194,48.061975000000004,,,0.0,0.0,,0.0,,,,0.0,,-0.0,,1308327_YES.csv,1308327_YES
1770998100,2026-02-13 15:55:00,3,5015.043961,1112.418099,0.22181622088472416,370.806033,,,0.0,0.0,,0.0,,,,0.0,,-0.0,,1308327_YES.csv,1308327_YES
1770998160,2026-02-13 15:56:00,1,200.0,42.383,0.21191499999894042,42.383,,,0.0,0.0,,0.0,,,,0.0,,-0.0,,1308327_YES.csv,1308327_YES
1770998220,2026-02-13 15:57:00,3,1006.586209,222.244349,0.2207901787374669,74.08144966666667,,,0.0,0.0,,0.0,,,,0.0,,-0.0,,1308327_YES.csv,1308327_YES
1770998280,2026-02-13 15:58:00,2,2000.06,443.43733,0.22171201363947995,221.718665,,,0.0,0.0,,0.0,,,,0.0,,-0.0,,1308327_YES.csv,1308327_YES
1770998340,2026-02-13 15:59:00,9,3045.631,753.519688,0.24741004015251766,83.72440977777778,,,0.0,0.0,,0.0,,,,0.0,,-0.0,,1308327_YES.csv,1308327_YES
1770998400,2026-02-13 16:00:00,3,748.4291479999999,185.868999,0.24834548399997863,61.956333,,,0.0,0.0,,0.0,,,,0.0,,-0.0,,1308327_YES.csv,1308327_YES
1770998460,2026-02-13 16:01:00,6,2667.49008,638.704439,0.2394402302706072,106.45073983333333,,,0.0,0.0,,0.0,,,,0.0,,-0.0,,1308327_YES.csv,1308327_YES
1770998520,2026-02-13 16:02:00,1,2059.0,485.43474,0.235762379795903,485.43474,,,0.0,0.0,,0.0,,,,0.0,,-0.0,,1308327_YES.csv,1308327_YES
1770998580,2026-02-13 16:03:00,3,819.573606,205.118479,0.25027462756011415,68.37282633333334,,,0.0,0.0,,0.0,,,,0.0,,-0.0,,1308327_YES.csv,1308327_YES
1770998640,2026-02-13 16:04:00,1,395.612647,99.999999,0.2527725029977296,99.999999,,,0.0,0.0,,0.0,,,,0.0,,-0.0,,1308327_YES.csv,1308327_YES
1770998700,2026-02-13 16:05:00,2,81.82048999999999,19.620348999999997,0.23979750059869107,9.810174499999999,,,0.0,0.0,,0.0,,,,0.0,,-0.0,,1308327_YES.csv,1308327_YES
1770998760,2026-02-13 16:06:00,4,252.141802,60.252699,0.23896354559947594,15.06317475,,,0.0,0.0,,0.0,,,,0.0,,-0.0,,1308327_YES.csv,1308327_YES
1770998820,2026-02-13 16:07:00,2,788.0,192.95161,0.2448624492382679,96.475805,,,0.0,0.0,,0.0,,,,0.0,,-0.0,,1308327_YES.csv,1308327_YES
1770998880,2026-02-13 16:08:00,2,13.4,3.2446099999999998,0.24213507460879585,1.6223049999999999,,,0.0,0.0,,0.0,,,,0.0,,-0.0,,1308327_YES.csv,1308327_YES
1770998940,2026-02-13 16:09:00,6,5559.811345,1341.669119,0.2413155835235914,223.61151983333332,,,0.0,0.0,,0.0,,,,0.0,,-0.0,,1308327_YES.csv,1308327_YES
1770999000,2026-02-13 16:10:00,2,20.0,4.75,0.237499999988125,2.375,,,0.0,0.0,,0.0,,,,0.0,,-0.0,,1308327_YES.csv,1308327_YES
1770999060,2026-02-13 16:11:00,4,63.333330000000004,15.169998,0.23952629681339152,3.7924995,,,0.0,0.0,,0.0,,,,0.0,,-0.0,,1308327_YES.csv,1308327_YES
1770999120,2026-02-13 16:12:00,3,3049.786949,677.057859,0.22200169071540546,225.685953,,,0.0,0.0,,0.0,,,,0.0,,-0.0,,1308327_YES.csv,1308327_YES
1770999180,2026-02-13 16:13:00,3,6.504777,1.459679,0.22440108243151127,0.48655966666666667,,,0.0,0.0,,0.0,,,,0.0,,-0.0,,1308327_YES.csv,1308327_YES
1770999240,2026-02-13 16:14:00,4,61.01315099999999,13.492298000000002,0.22113753803305225,3.3730745000000004,,,0.0,0.0,,0.0,,,,0.0,,-0.0,,1308327_YES.csv,1308327_YES
1770999300,2026-02-13 16:15:00,4,531.67,116.81619,0.21971559425918388,29.2040475,,,0.0,0.0,,0.0,,,,0.0,,-0.0,,1308327_YES.csv,1308327_YES
1770999360,2026-02-13 16:16:00,1,200.0,44.0,0.21999999999890002,44.0,,,0.0,0.0,,0.0,,,,0.0,,-0.0,,1308327_YES.csv,1308327_YES
1770999420,2026-02-13 16:17:00,3,277.620269,61.631659,0.22199985333123487,20.543886333333333,,,0.0,0.0,,0.0,,,,0.0,,-0.0,,1308327_YES.csv,1308327_YES
1770999480,2026-02-13 16:18:00,2,58.55,12.8639,0.21970794192622195,6.43195,,,0.0,0.0,,0.0,,,,0.0,,-0.0,,1308327_YES.csv,1308327_YES
1770999540,2026-02-13 16:19:00,4,987.227271,216.74599899999998,0.21955025490759608,54.186499749999996,,,0.0,0.0,,0.0,,,,0.0,,-0.0,,1308327_YES.csv,1308327_YES
1770999600,2026-02-13 16:20:00,5,656.3636329999999,143.850338,0.21916256594274297,28.770067599999997,,,0.0,0.0,,0.0,,,,0.0,,-0.0,,1308327_YES.csv,1308327_YES
1770999660,2026-02-13 16:21:00,3,2970.0,651.97096,0.21951884175076783,217.32365333333334,,,0.0,0.0,,0.0,,,,0.0,,-0.0,,1308327_YES.csv,1308327_YES
1770999780,2026-02-13 16:23:00,3,606.846209,132.455599,0.21826880853066635,44.15186633333334,,,0.0,0.0,,0.0,,,,0.0,,-0.0,,1308327_YES.csv,1308327_YES
1770999840,2026-02-13 16:24:00,4,301.516209,64.163399,0.21280248651503575,16.04084975,,,0.0,0.0,,0.0,,,,0.0,,-0.0,,1308327_YES.csv,1308327_YES
1770999900,2026-02-13 16:25:00,4,1150.0,251.10046999999997,0.21834823478241877,62.77511749999999,,,0.0,0.0,,0.0,,,,0.0,,-0.0,,1308327_YES.csv,1308327_YES
1770999960,2026-02-13 16:26:00,11,885.0,187.844,0.21225310734439293,17.076727272727272,,,0.0,0.0,,0.0,,,,0.0,,-0.0,,1308327_YES.csv,1308327_YES
1771000020,2026-02-13 16:27:00,18,10419.980719,2294.0187889999997,0.22015576140336038,127.44548827777777,,,0.0,0.0,,0.0,,,,0.0,,-0.0,,1308327_YES.csv,1308327_YES
1771000080,2026-02-13 16:28:00,8,551.212351,121.765559,0.22090499020726603,15.220694875,,,0.0,0.0,,0.0,,,,0.0,,-0.0,,1308327_YES.csv,1308327_YES
1771000140,2026-02-13 16:29:00,4,753.888172,166.323218,0.22062054317490915,41.5808045,,,0.0,0.0,,0.0,,,,0.0,,-0.0,,1308327_YES.csv,1308327_YES
1771000200,2026-02-13 16:30:00,6,7182.222216,1624.579996,0.22619461597563215,270.76333266666666,,,0.0,0.0,,0.0,,,,0.0,,-0.0,,1308327_YES.csv,1308327_YES
1771000260,2026-02-13 16:31:00,2,3.11,0.70286,0.22599999992733122,0.35143,,,0.0,0.0,,0.0,,,,0.0,,-0.0,,1308327_YES.csv,1308327_YES
1771000320,2026-02-13 16:32:00,4,126.050414,29.999996,0.23799997991091082,7.499999,,,0.0,0.0,,0.0,,,,0.0,,-0.0,,1308327_YES.csv,1308327_YES
1771000380,2026-02-13 16:33:00,5,1482.24,353.3292,0.23837516191693758,70.66584,,,0.0,0.0,,0.0,,,,0.0,,-0.0,,1308327_YES.csv,1308327_YES
1771000560,2026-02-13 16:36:00,2,23.0,5.255,0.22847826085963138,2.6275,,,0.0,0.0,,0.0,,,,0.0,,-0.0,,1308327_YES.csv,1308327_YES
1771000620,2026-02-13 16:37:00,3,916.974091,208.404279,0.2272739012423991,69.468093,,,0.0,0.0,,0.0,,,,0.0,,-0.0,,1308327_YES.csv,1308327_YES
1771000680,2026-02-13 16:38:00,2,106.84,23.665640000000003,0.2215054286763244,11.832820000000002,,,0.0,0.0,,0.0,,,,0.0,,-0.0,,1308327_YES.csv,1308327_YES
1771000740,2026-02-13 16:39:00,2,193.214591,44.545999,0.23055194107866026,22.2729995,,,0.0,0.0,,0.0,,,,0.0,,-0.0,,1308327_YES.csv,1308327_YES
1771000860,2026-02-13 16:41:00,2,96.628157,21.999998,0.22767688718074505,10.999999,,,0.0,0.0,,0.0,,,,0.0,,-0.0,,1308327_YES.csv,1308327_YES
1771000920,2026-02-13 16:42:00,1,506.550217,115.999999,0.22899999863147036,115.999999,,,0.0,0.0,,0.0,,,,0.0,,-0.0,,1308327_YES.csv,1308327_YES
1771000980,2026-02-13 16:43:00,1,536.081303,122.999999,0.22944280711049259,122.999999,,,0.0,0.0,,0.0,,,,0.0,,-0.0,,1308327_YES.csv,1308327_YES
1771001040,2026-02-13 16:44:00,3,620.0,136.21846,0.21970719354803273,45.40615333333333,,,0.0,0.0,,0.0,,,,0.0,,-0.0,,1308327_YES.csv,1308327_YES
1771001160,2026-02-13 16:46:00,3,1448.64,319.14962,0.22030982162564863,106.38320666666668,,,0.0,0.0,,0.0,,,,0.0,,-0.0,,1308327_YES.csv,1308327_YES
1771001220,2026-02-13 16:47:00,1,44.247786,9.999999,0.2259999856212918,9.999999,,,0.0,0.0,,0.0,,,,0.0,,-0.0,,1308327_YES.csv,1308327_YES
1771001280,2026-02-13 16:48:00,3,13.274331,2.999997,0.22599986393092045,0.999999,,,0.0,0.0,,0.0,,,,0.0,,-0.0,,1308327_YES.csv,1308327_YES
1771001340,2026-02-13 16:49:00,2,110.16428400000001,24.719999,0.22439213601910768,12.3599995,,,0.0,0.0,,0.0,,,,0.0,,-0.0,,1308327_YES.csv,1308327_YES
1771001400,2026-02-13 16:50:00,3,559.01,123.50771999999999,0.22094009051676902,41.169239999999995,,,0.0,0.0,,0.0,,,,0.0,,-0.0,,1308327_YES.csv,1308327_YES
1771001460,2026-02-13 16:51:00,3,90.927497,20.352788,0.22383534872598726,6.784262666666667,,,0.0,0.0,,0.0,,,,0.0,,-0.0,,1308327_YES.csv,1308327_YES
1771001520,2026-02-13 16:52:00,3,197.678567,44.279996999999995,0.22399998984096237,14.759998999999999,,,0.0,0.0,,0.0,,,,0.0,,-0.0,,1308327_YES.csv,1308327_YES
1771001580,2026-02-13 16:53:00,1,1.95,0.43485,0.22299999988564104,0.43485,,,0.0,0.0,,0.0,,,,0.0,,-0.0,,1308327_YES.csv,1308327_YES
1771001640,2026-02-13 16:54:00,2,72.0524,16.349999,0.22691817343729115,8.1749995,,,0.0,0.0,,0.0,,,,0.0,,-0.0,,1308327_YES.csv,1308327_YES
1771001700,2026-02-13 16:55:00,1,66.96,15.066,0.22499999999663978,15.066,,,0.0,0.0,,0.0,,,,0.0,,-0.0,,1308327_YES.csv,1308327_YES
1771001760,2026-02-13 16:56:00,1,1.26,0.2835,0.22499999982142857,0.2835,,,0.0,0.0,,0.0,,,,0.0,,-0.0,,1308327_YES.csv,1308327_YES
1771001820,2026-02-13 16:57:00,2,35.614031999999995,8.119997999999999,0.22799996360344713,4.0599989999999995,,,0.0,0.0,,0.0,,,,0.0,,-0.0,,1308327_YES.csv,1308327_YES
1771001880,2026-02-13 16:58:00,2,535.0,119.06276,0.22254721495285504,59.53138,,,0.0,0.0,,0.0,,,,0.0,,-0.0,,1308327_YES.csv,1308327_YES
1771001940,2026-02-13 16:59:00,3,70.612221,15.752149000000001,0.2230796422587659,5.250716333333334,,,0.0,0.0,,0.0,,,,0.0,,-0.0,,1308327_YES.csv,1308327_YES
1771002060,2026-02-13 17:01:00,2,214.95,47.7189,0.22199999999896722,23.85945,,,0.0,0.0,,0.0,,,,0.0,,-0.0,,1308327_YES.csv,1308327_YES
1771002120,2026-02-13 17:02:00,6,782.863112,171.05991699999998,0.21850552718312455,28.509986166666664,,,0.0,0.0,,0.0,,,,0.0,,-0.0,,1308327_YES.csv,1308327_YES
1771002180,2026-02-13 17:03:00,5,2177.851657,477.222958,0.21912555727379407,95.4445916,,,0.0,0.0,,0.0,,,,0.0,,-0.0,,1308327_YES.csv,1308327_YES
1771002240,2026-02-13 17:04:00,2,1497.6345030000002,322.627949,0.21542502416544856,161.3139745,,,0.0,0.0,,0.0,,,,0.0,,-0.0,,1308327_YES.csv,1308327_YES
1771002300,2026-02-13 17:05:00,1,21.92,4.73472,0.215999999990146,4.73472,,,0.0,0.0,,0.0,,,,0.0,,-0.0,,1308327_YES.csv,1308327_YES
1771002360,2026-02-13 17:06:00,5,21.672871,4.830237,0.22287019563661542,0.9660474000000001,,,0.0,0.0,,0.0,,,,0.0,,-0.0,,1308327_YES.csv,1308327_YES
1771002420,2026-02-13 17:07:00,7,267.803261,58.383597,0.2180092833140743,8.340513857142858,,,0.0,0.0,,0.0,,,,0.0,,-0.0,,1308327_YES.csv,1308327_YES
1771002480,2026-02-13 17:08:00,3,595.389089,130.957669,0.21995308852524173,43.65255633333334,,,0.0,0.0,,0.0,,,,0.0,,-0.0,,1308327_YES.csv,1308327_YES
1771002540,2026-02-13 17:09:00,2,438.35616100000004,95.999998,0.21899999712740656,47.999999,,,0.0,0.0,,0.0,,,,0.0,,-0.0,,1308327_YES.csv,1308327_YES
1771002600,2026-02-13 17:10:00,3,527.831049,115.56300900000001,0.21893939210040875,38.521003,,,0.0,0.0,,0.0,,,,0.0,,-0.0,,1308327_YES.csv,1308327_YES
1771002660,2026-02-13 17:11:00,2,114.365385,24.999997999999998,0.21859759401659337,12.499998999999999,,,0.0,0.0,,0.0,,,,0.0,,-0.0,,1308327_YES.csv,1308327_YES
1771002720,2026-02-13 17:12:00,2,590.0,128.90572,0.21848427118607036,64.45286,,,0.0,0.0,,0.0,,,,0.0,,-0.0,,1308327_YES.csv,1308327_YES
1771002780,2026-02-13 17:13:00,2,7.736209,1.694229,0.2189999003104751,0.8471145,,,0.0,0.0,,0.0,,,,0.0,,-0.0,,1308327_YES.csv,1308327_YES
1771002840,2026-02-13 17:14:00,3,2311.111107,519.999997,0.22499999910206608,173.33333233333335,,,0.0,0.0,,0.0,,,,0.0,,-0.0,,1308327_YES.csv,1308327_YES
1771003020,2026-02-13 17:17:00,4,568.392521,125.93040900000001,0.221555358923835,31.482602250000003,,,0.0,0.0,,0.0,,,,0.0,,-0.0,,1308327_YES.csv,1308327_YES
1771003080,2026-02-13 17:18:00,2,19.090908,4.209999,0.22052376973266416,2.1049995,,,0.0,0.0,,0.0,,,,0.0,,-0.0,,1308327_YES.csv,1308327_YES
1771003140,2026-02-13 17:19:00,6,167.87329699999998,36.999996,0.22040429693699046,6.166666,,,0.0,0.0,,0.0,,,,0.0,,-0.0,,1308327_YES.csv,1308327_YES
1771003200,2026-02-13 17:20:00,1,68.181817,14.999999,0.2199999891434398,14.999999,,,0.0,0.0,,0.0,,,,0.0,,-0.0,,1308327_YES.csv,1308327_YES
1771003260,2026-02-13 17:21:00,2,168.05846,36.999999,0.2201614783318843,18.4999995,,,0.0,0.0,,0.0,,,,0.0,,-0.0,,1308327_YES.csv,1308327_YES
1771003320,2026-02-13 17:22:00,3,382.58,83.18815000000001,0.21743988185420707,27.729383333333335,,,0.0,0.0,,0.0,,,,0.0,,-0.0,,1308327_YES.csv,1308327_YES
1771003380,2026-02-13 17:23:00,3,76.935453,16.843629,0.2189319532541268,5.614543,,,0.0,0.0,,0.0,,,,0.0,,-0.0,,1308327_YES.csv,1308327_YES
1771003440,2026-02-13 17:24:00,1,44.44,9.64348,0.21699999999511704,9.64348,,,0.0,0.0,,0.0,,,,0.0,,-0.0,,1308327_YES.csv,1308327_YES
1771003500,2026-02-13 17:25:00,3,324.587154,70.659999,0.2176919145721408,23.553333,,,0.0,0.0,,0.0,,,,0.0,,-0.0,,1308327_YES.csv,1308327_YES
1771003560,2026-02-13 17:26:00,4,257.039455,55.356017,0.21535999988711707,13.83900425,,,0.0,0.0,,0.0,,,,0.0,,-0.0,,1308327_YES.csv,1308327_YES
1771003620,2026-02-13 17:27:00,2,19.608293,4.254999,0.21699997035861304,2.1274995,,,0.0,0.0,,0.0,,,,0.0,,-0.0,,1308327_YES.csv,1308327_YES
1771003680,2026-02-13 17:28:00,8,156.607127,31.005999000000003,0.1979858745496431,3.8757498750000003,,,0.0,0.0,,0.0,,,,0.0,,-0.0,,1308327_YES.csv,1308327_YES
1771003740,2026-02-13 17:29:00,3,37.025347000000004,7.175819000000001,0.19380828489753768,2.391939666666667,,,0.0,0.0,,0.0,,,,0.0,,-0.0,,1308327_YES.csv,1308327_YES
1771003800,2026-02-13 17:30:00,2,3665.388622,798.895459,0.21795655014716248,399.4477295,,,0.0,0.0,,0.0,,,,0.0,,-0.0,,1308327_YES.csv,1308327_YES
1771003860,2026-02-13 17:31:00,5,294.397061,62.784617000000004,0.2132650943814508,12.5569234,,,0.0,0.0,,0.0,,,,0.0,,-0.0,,1308327_YES.csv,1308327_YES
1771003920,2026-02-13 17:32:00,4,137.97,29.21203,0.21172740450669178,7.3030075,,,0.0,0.0,,0.0,,,,0.0,,-0.0,,1308327_YES.csv,1308327_YES
1771003980,2026-02-13 17:33:00,3,31.8,6.380120000000001,0.20063270439620653,2.1267066666666667,,,0.0,0.0,,0.0,,,,0.0,,-0.0,,1308327_YES.csv,1308327_YES
1771004040,2026-02-13 17:34:00,3,1603.03,341.08709,0.21277648577992128,113.69569666666666,,,0.0,0.0,,0.0,,,,0.0,,-0.0,,1308327_YES.csv,1308327_YES
1771004100,2026-02-13 17:35:00,1,23.3,5.0328,0.2159999999907296,5.0328,,,0.0,0.0,,0.0,,,,0.0,,-0.0,,1308327_YES.csv,1308327_YES
1771004160,2026-02-13 17:36:00,3,141.371161,28.839699,0.20399987377762285,9.613233,,,0.0,0.0,,0.0,,,,0.0,,-0.0,,1308327_YES.csv,1308327_YES
1771004220,2026-02-13 17:37:00,1,8000.0,1775.09805,0.22188725624997227,1775.09805,,,0.0,0.0,,0.0,,,,0.0,,-0.0,,1308327_YES.csv,1308327_YES
1771004280,2026-02-13 17:38:00,4,43.188727,9.052918,0.20961298534662495,2.2632295,,,0.0,0.0,,0.0,,,,0.0,,-0.0,,1308327_YES.csv,1308327_YES
1771004340,2026-02-13 17:39:00,4,137.511209,29.862499,0.2171641076894527,7.46562475,,,0.0,0.0,,0.0,,,,0.0,,-0.0,,1308327_YES.csv,1308327_YES
1771004400,2026-02-13 17:40:00,3,657.137836,142.608799,0.21701504796595367,47.53626633333334,,,0.0,0.0,,0.0,,,,0.0,,-0.0,,1308327_YES.csv,1308327_YES
1771004460,2026-02-13 17:41:00,2,123.25581199999999,26.399998999999998,0.21418867452502613,13.199999499999999,,,0.0,0.0,,0.0,,,,0.0,,-0.0,,1308327_YES.csv,1308327_YES
1771004520,2026-02-13 17:42:00,5,1245.607102,270.726897,0.21734533832144337,54.1453794,,,0.0,0.0,,0.0,,,,0.0,,-0.0,,1308327_YES.csv,1308327_YES
1771004580,2026-02-13 17:43:00,5,2176.62,444.89590999999996,0.2043976027050177,88.979182,,,0.0,0.0,,0.0,,,,0.0,,-0.0,,1308327_YES.csv,1308327_YES
1771004640,2026-02-13 17:44:00,1,23.923443,4.999999,0.2089999754546617,4.999999,,,0.0,0.0,,0.0,,,,0.0,,-0.0,,1308327_YES.csv,1308327_YES
1771004700,2026-02-13 17:45:00,1,1000.0,207.60945,0.2076094499997924,207.60945,,,0.0,0.0,,0.0,,,,0.0,,-0.0,,1308327_YES.csv,1308327_YES
1771004760,2026-02-13 17:46:00,2,25.90846,5.372129,0.20735037898017286,2.6860645,,,0.0,0.0,,0.0,,,,0.0,,-0.0,,1308327_YES.csv,1308327_YES
1771004940,2026-02-13 17:49:00,3,46.019999999999996,9.454,0.205432420682194,3.1513333333333335,,,0.0,0.0,,0.0,,,,0.0,,-0.0,,1308327_YES.csv,1308327_YES
1771005000,2026-02-13 17:50:00,2,348.85,72.09462,0.20666366633164204,36.04731,,,0.0,0.0,,0.0,,,,0.0,,-0.0,,1308327_YES.csv,1308327_YES
1771005060,2026-02-13 17:51:00,6,10255.575257,1961.511726,0.19126296447007862,326.918621,,,0.0,0.0,,0.0,,,,0.0,,-0.0,,1308327_YES.csv,1308327_YES
1771005120,2026-02-13 17:52:00,1,49.751242,9.999999,0.2009999870917594,9.999999,,,0.0,0.0,,0.0,,,,0.0,,-0.0,,1308327_YES.csv,1308327_YES
1771005180,2026-02-13 17:53:00,3,213.04,42.49064,0.19944911753567665,14.163546666666667,,,0.0,0.0,,0.0,,,,0.0,,-0.0,,1308327_YES.csv,1308327_YES
1771005240,2026-02-13 17:54:00,3,49.78,9.552980000000002,0.1919039774971494,3.184326666666667,,,0.0,0.0,,0.0,,,,0.0,,-0.0,,1308327_YES.csv,1308327_YES
1771005300,2026-02-13 17:55:00,2,737.531526,143.58017900000002,0.1946766666077475,71.79008950000001,,,0.0,0.0,,0.0,,,,0.0,,-0.0,,1308327_YES.csv,1308327_YES
1771005360,2026-02-13 17:56:00,1,400.0,77.2,0.1929999999995175,77.2,,,0.0,0.0,,0.0,,,,0.0,,-0.0,,1308327_YES.csv,1308327_YES
1771005420,2026-02-13 17:57:00,2,605.125601,120.0,0.19830593814159533,60.0,,,0.0,0.0,,0.0,,,,0.0,,-0.0,,1308327_YES.csv,1308327_YES
1771005480,2026-02-13 17:58:00,2,105.050504,20.799999,0.19799999245888433,10.3999995,,,0.0,0.0,,0.0,,,,0.0,,-0.0,,1308327_YES.csv,1308327_YES
1771005540,2026-02-13 17:59:00,1,14.747473,2.919999,0.19799995563999337,2.919999,,,0.0,0.0,,0.0,,,,0.0,,-0.0,,1308327_YES.csv,1308327_YES
1771005660,2026-02-13 18:01:00,2,516.6234479999999,100.729998,0.19497759613846452,50.364999,,,0.0,0.0,,0.0,,,,0.0,,-0.0,,1308327_YES.csv,1308327_YES
1771005720,2026-02-13 18:02:00,2,70.87,13.71691,0.19355030336964088,6.858455,,,0.0,0.0,,0.0,,,,0.0,,-0.0,,1308327_YES.csv,1308327_YES
1771005780,2026-02-13 18:03:00,3,15816.621346,2883.427489,0.18230363020791618,961.1424963333334,,,0.0,0.0,,0.0,,,,0.0,,-0.0,,1308327_YES.csv,1308327_YES
1771005840,2026-02-13 18:04:00,8,10623.680293,1935.564878,0.18219344187862768,241.94560975,,,0.0,0.0,,0.0,,,,0.0,,-0.0,,1308327_YES.csv,1308327_YES
1771005900,2026-02-13 18:05:00,5,645.985601,119.506159,0.18499817769129345,23.901231799999998,,,0.0,0.0,,0.0,,,,0.0,,-0.0,,1308327_YES.csv,1308327_YES
1771005960,2026-02-13 18:06:00,2,12.111004000000001,2.248059,0.1856211920840236,1.1240295,,,0.0,0.0,,0.0,,,,0.0,,-0.0,,1308327_YES.csv,1308327_YES
1771006020,2026-02-13 18:07:00,5,2415.302764,442.101469,0.18304184286513614,88.4202938,,,0.0,0.0,,0.0,,,,0.0,,-0.0,,1308327_YES.csv,1308327_YES
1771006080,2026-02-13 18:08:00,2,19.048125,3.549998,0.18636994453856373,1.774999,,,0.0,0.0,,0.0,,,,0.0,,-0.0,,1308327_YES.csv,1308327_YES
1771006140,2026-02-13 18:09:00,3,288.625956,54.191939,0.18775836986681899,18.063979666666665,,,0.0,0.0,,0.0,,,,0.0,,-0.0,,1308327_YES.csv,1308327_YES
1771006200,2026-02-13 18:10:00,3,228.76,41.71322,0.18234490295426498,13.904406666666667,,,0.0,0.0,,0.0,,,,0.0,,-0.0,,1308327_YES.csv,1308327_YES
1771006260,2026-02-13 18:11:00,2,69.759303,12.976139,0.18601302538550282,6.4880695,,,0.0,0.0,,0.0,,,,0.0,,-0.0,,1308327_YES.csv,1308327_YES
1771006320,2026-02-13 18:12:00,13,14495.96858,2616.863073,0.18052350614296236,201.29715946153846,,,0.0,0.0,,0.0,,,,0.0,,-0.0,,1308327_YES.csv,1308327_YES
1771006380,2026-02-13 18:13:00,2,306.84999999999997,55.94198,0.18231051002058887,27.97099,,,0.0,0.0,,0.0,,,,0.0,,-0.0,,1308327_YES.csv,1308327_YES
1771006500,2026-02-13 18:15:00,2,86.994061,19.829999,0.227946583615312,9.9149995,,,0.0,0.0,,0.0,,,,0.0,,-0.0,,1308327_YES.csv,1308327_YES
1771006560,2026-02-13 18:16:00,2,43.59,8.48159,0.19457650836901638,4.240795,,,0.0,0.0,,0.0,,,,0.0,,-0.0,,1308327_YES.csv,1308327_YES
1771006620,2026-02-13 18:17:00,8,2150.190279,472.628648,0.2198078247379985,59.078581,,,0.0,0.0,,0.0,,,,0.0,,-0.0,,1308327_YES.csv,1308327_YES
1771006680,2026-02-13 18:18:00,6,1406.8700000000001,295.29543,0.20989532081840545,49.215905,,,0.0,0.0,,0.0,,,,0.0,,-0.0,,1308327_YES.csv,1308327_YES
1771006740,2026-02-13 18:19:00,9,2675.09,550.75917,0.20588435155445017,61.195463333333336,,,0.0,0.0,,0.0,,,,0.0,,-0.0,,1308327_YES.csv,1308327_YES
1771006800,2026-02-13 18:20:00,8,1993.85,371.19311999999996,0.1861690297664387,46.399139999999996,,,0.0,0.0,,0.0,,,,0.0,,-0.0,,1308327_YES.csv,1308327_YES
1771006860,2026-02-13 18:21:00,2,83.596085,15.383699000000002,0.18402415615295825,7.691849500000001,,,0.0,0.0,,0.0,,,,0.0,,-0.0,,1308327_YES.csv,1308327_YES
1771006920,2026-02-13 18:22:00,6,471.29374099999995,65.878249,0.1397817184248585,10.979708166666667,,,0.0,0.0,,0.0,,,,0.0,,-0.0,,1308327_YES.csv,1308327_YES
1771006980,2026-02-13 18:23:00,12,9924.802813,1675.660757,0.16883567246343348,139.63839641666667,,,0.0,0.0,,0.0,,,,0.0,,-0.0,,1308327_YES.csv,1308327_YES
1771007040,2026-02-13 18:24:00,10,1166.427445,210.58204899999998,0.18053591751677228,21.0582049,,,0.0,0.0,,0.0,,,,0.0,,-0.0,,1308327_YES.csv,1308327_YES
1771007100,2026-02-13 18:25:00,2,22.25,4.09725,0.1841460674074541,2.048625,,,0.0,0.0,,0.0,,,,0.0,,-0.0,,1308327_YES.csv,1308327_YES
1771007160,2026-02-13 18:26:00,10,7946.971513,1498.389328,0.18854847101800748,149.8389328,,,0.0,0.0,,0.0,,,,0.0,,-0.0,,1308327_YES.csv,1308327_YES
1771007220,2026-02-13 18:27:00,8,8974.583828,1672.2768489999999,0.1863347516775586,209.03460612499998,,,0.0,0.0,,0.0,,,,0.0,,-0.0,,1308327_YES.csv,1308327_YES
1771007280,2026-02-13 18:28:00,8,695.909147,126.650849,0.1819933673034736,15.831356125,,,0.0,0.0,,0.0,,,,0.0,,-0.0,,1308327_YES.csv,1308327_YES
1771007340,2026-02-13 18:29:00,4,181.43,33.20169,0.18299999999899136,8.3004225,,,0.0,0.0,,0.0,,,,0.0,,-0.0,,1308327_YES.csv,1308327_YES
1771007400,2026-02-13 18:30:00,9,540.2162149999999,98.89199899999998,0.1830600345822958,10.987999888888886,,,0.0,0.0,,0.0,,,,0.0,,-0.0,,1308327_YES.csv,1308327_YES
1771007460,2026-02-13 18:31:00,3,1079.3700000000001,196.88637,0.18240859946062754,65.62879,,,0.0,0.0,,0.0,,,,0.0,,-0.0,,1308327_YES.csv,1308327_YES
1771007520,2026-02-13 18:32:00,7,21593.153477,3895.4547590000006,0.1804023096093432,556.4935370000001,,,0.0,0.0,,0.0,,,,0.0,,-0.0,,1308327_YES.csv,1308327_YES
1771007580,2026-02-13 18:33:00,3,17031.5,3178.5914900000002,0.1866301553004616,1059.5304966666667,,,0.0,0.0,,0.0,,,,0.0,,-0.0,,1308327_YES.csv,1308327_YES
1771007640,2026-02-13 18:34:00,2,2997.677197,572.799998,0.1910812807239728,286.399999,,0.184,0.0,0.0,0.008,0.043478260869565216,13248.12,7742.889999999999,20991.010000000002,0.0,0.26226608438564897,-0.0,0.26226608438564897,1308327_YES.csv,1308327_YES
1771007760,2026-02-13 18:36:00,2,63.96,11.5128,0.17999999999718574,5.7564,,0.184,0.0,0.0,0.008,0.043478260869565216,13248.12,7742.889999999999,20991.010000000002,0.0,0.26226608438564897,-0.0,0.26226608438564897,1308327_YES.csv,1308327_YES
1771007820,2026-02-13 18:37:00,1,71.805554,12.919999,0.1799303574737417,12.919999,,0.184,0.0,0.0,0.008,0.043478260869565216,13248.12,7742.889999999999,20991.010000000002,0.0,0.26226608438564897,-0.0,0.26226608438564897,1308327_YES.csv,1308327_YES
1771007880,2026-02-13 18:38:00,1,163.98,27.8766,0.1699999999989633,27.8766,,0.184,0.0,0.0,0.008,0.043478260869565216,13248.12,7742.889999999999,20991.010000000002,0.0,0.26226608438564897,-0.0,0.26226608438564897,1308327_YES.csv,1308327_YES
1771007940,2026-02-13 18:39:00,3,135.0,22.83124,0.16912029629504352,7.610413333333334,,0.171,-0.07065217391304335,0.07065217391304335,0.01,0.05847953216374269,2262.81,13240.16,15502.97,-5488.040000000003,-0.708080451681194,5488.040000000003,0.708080451681194,1308327_YES.csv,1308327_YES
1771008000,2026-02-13 18:40:00,1,4.02,0.6673199999999999,0.16599999995870646,0.6673199999999999,,0.171,0.0,0.0,0.01,0.05847953216374269,2262.81,13240.16,15502.97,0.0,-0.708080451681194,-0.0,0.708080451681194,1308327_YES.csv,1308327_YES
1771008060,2026-02-13 18:41:00,2,496.01101,85.241279,0.17185360260416022,42.6206395,,0.171,0.0,0.0,0.01,0.05847953216374269,2262.81,13240.16,15502.97,0.0,-0.708080451681194,-0.0,0.708080451681194,1308327_YES.csv,1308327_YES
1771008240,2026-02-13 18:44:00,4,510.747125,82.859999,0.16223292299459885,20.71499975,,0.171,0.0,0.0,0.01,0.05847953216374269,2262.81,13240.16,15502.97,0.0,-0.708080451681194,-0.0,0.708080451681194,1308327_YES.csv,1308327_YES
1771008300,2026-02-13 18:45:00,1,500.0,72.48602,0.14497203999971006,72.48602,,0.153,-0.10526315789473695,0.10526315789473695,0.006,0.0392156862745098,10606.67,12941.32,23547.989999999998,8045.019999999999,-0.09914434310529263,0.0,0.09914434310529263,1308327_YES.csv,1308327_YES
1771008360,2026-02-13 18:46:00,2,729.9916109999999,104.916219,0.14372249957247285,52.4581095,,0.153,0.0,0.0,0.006,0.0392156862745098,10606.67,12941.32,23547.989999999998,0.0,-0.09914434310529263,-0.0,0.09914434310529263,1308327_YES.csv,1308327_YES
1771008420,2026-02-13 18:47:00,1,175.0,25.2,0.14399999999917715,25.2,,0.153,0.0,0.0,0.006,0.0392156862745098,10606.67,12941.32,23547.989999999998,0.0,-0.09914434310529263,-0.0,0.09914434310529263,1308327_YES.csv,1308327_YES
1771008480,2026-02-13 18:48:00,2,107.93,16.11813,0.14933873806958825,8.059065,,0.1465,-0.042483660130719025,0.042483660130719025,0.007,0.04778156996587031,10858.38,19387.8,30246.18,6698.190000000002,-0.28199990874880726,0.0,0.28199990874880726,1308327_YES.csv,1308327_YES
1771008540,2026-02-13 18:49:00,1,14.084506,2.0,0.14200001049791877,2.0,,0.1465,0.0,0.0,0.007,0.04778156996587031,10858.38,19387.8,30246.18,0.0,-0.28199990874880726,-0.0,0.28199990874880726,1308327_YES.csv,1308327_YES
1771008600,2026-02-13 18:50:00,1,5.0,0.66,0.1319999999736,0.66,,0.1465,0.0,0.0,0.007,0.04778156996587031,10858.38,19387.8,30246.18,0.0,-0.28199990874880726,-0.0,0.28199990874880726,1308327_YES.csv,1308327_YES
1771008660,2026-02-13 18:51:00,4,240.2,34.48171,0.1435541631967379,8.6204275,,0.1405,-0.04095563139931724,0.04095563139931724,0.011,0.0782918149466192,17048.27,14564.23,31612.5,1366.3199999999997,0.0785777777777778,0.0,0.0785777777777778,1308327_YES.csv,1308327_YES
1771008720,2026-02-13 18:52:00,1,953.69,139.23874,0.14599999999984692,139.23874,,0.1405,0.0,0.0,0.011,0.0782918149466192,17048.27,14564.23,31612.5,0.0,0.0785777777777778,-0.0,0.0785777777777778,1308327_YES.csv,1308327_YES
1771008900,2026-02-13 18:55:00,1,30.48,4.358639999999999,0.14299999999530838,4.358639999999999,,0.1405,0.0,0.0,0.011,0.0782918149466192,17048.27,14564.23,31612.5,0.0,0.0785777777777778,-0.0,0.0785777777777778,1308327_YES.csv,1308327_YES
1771008960,2026-02-13 18:56:00,2,138.17646100000002,20.298959,0.1469060565956534,10.1494795,,0.1405,0.0,0.0,0.011,0.0782918149466192,17048.27,14564.23,31612.5,0.0,0.0785777777777778,-0.0,0.0785777777777778,1308327_YES.csv,1308327_YES
1771009020,2026-02-13 18:57:00,1,34.246574,4.999999,0.14599997651893581,4.999999,,0.145,0.032028469750889466,0.032028469750889466,0.004,0.027586206896551727,26530.14,15663.0,42193.14,10580.64,0.25755703415294523,0.0,0.25755703415294523,1308327_YES.csv,1308327_YES
1771009080,2026-02-13 18:58:00,1,68.18,9.74974,0.1429999999979026,9.74974,,0.145,0.0,0.0,0.004,0.027586206896551727,26530.14,15663.0,42193.14,0.0,0.25755703415294523,-0.0,0.25755703415294523,1308327_YES.csv,1308327_YES
1771009140,2026-02-13 18:59:00,2,1015.0,143.13,0.1410147783249842,71.565,,0.145,0.0,0.0,0.004,0.027586206896551727,26530.14,15663.0,42193.14,0.0,0.25755703415294523,-0.0,0.25755703415294523,1308327_YES.csv,1308327_YES
1771009320,2026-02-13 19:02:00,3,18.462252,2.6127990000000003,0.1415211427001689,0.8709330000000001,,0.145,0.0,0.0,0.004,0.027586206896551727,26530.14,15663.0,42193.14,0.0,0.25755703415294523,-0.0,0.25755703415294523,1308327_YES.csv,1308327_YES
1771009500,2026-02-13 19:05:00,1,15.33,2.1462000000000003,0.1399999999908676,2.1462000000000003,,0.145,0.0,0.0,0.004,0.027586206896551727,26530.14,15663.0,42193.14,0.0,0.25755703415294523,-0.0,0.25755703415294523,1308327_YES.csv,1308327_YES
1771009740,2026-02-13 19:09:00,1,10.349649,1.4799989999999998,0.1429999220125242,1.4799989999999998,,0.1415,-0.024137931034482807,0.024137931034482807,0.003,0.02120141342756184,19635.01,13239.45,32874.46,-9318.68,0.1945449446165807,9318.68,0.1945449446165807,1308327_YES.csv,1308327_YES
1771009800,2026-02-13 19:10:00,2,46.96,6.574400000000001,0.13999999999701876,3.2872000000000003,,0.1415,0.0,0.0,0.003,0.02120141342756184,19635.01,13239.45,32874.46,0.0,0.1945449446165807,-0.0,0.1945449446165807,1308327_YES.csv,1308327_YES
1771009860,2026-02-13 19:11:00,2,238.23000000000002,33.3522,0.13999999999941234,16.6761,,0.1415,0.0,0.0,0.003,0.02120141342756184,19635.01,13239.45,32874.46,0.0,0.1945449446165807,-0.0,0.1945449446165807,1308327_YES.csv,1308327_YES
1771009920,2026-02-13 19:12:00,1,699.300698,99.999999,0.14299999883577552,99.999999,,0.1415,0.0,0.0,0.003,0.02120141342756184,18377.54,12771.38,31148.92,-1725.5400000000009,0.17997927375973236,1725.5400000000009,0.17997927375973236,1308327_YES.csv,1308327_YES
1771010040,2026-02-13 19:14:00,1,2.02,0.28684,0.14199999992970297,0.28684,,0.1415,0.0,0.0,0.003,0.02120141342756184,18377.54,12771.38,31148.92,0.0,0.17997927375973236,-0.0,0.17997927375973236,1308327_YES.csv,1308327_YES
1771010100,2026-02-13 19:15:00,1,7.142856,0.999999,0.1399998823803811,0.999999,,0.141,-0.0035335689045936647,0.0035335689045936647,0.002,0.014184397163120569,23088.0,37334.73,60422.73,29273.810000000005,-0.23578428184228026,0.0,0.23578428184228026,1308327_YES.csv,1308327_YES
1771010160,2026-02-13 19:16:00,3,47.241427,6.613799,0.13999998348610426,2.2045996666666667,,0.141,0.0,0.0,0.002,0.014184397163120569,23088.0,37334.73,60422.73,0.0,-0.23578428184228026,-0.0,0.23578428184228026,1308327_YES.csv,1308327_YES
1771010220,2026-02-13 19:17:00,1,50.0,6.950000000000001,0.13899999999722004,6.950000000000001,,0.141,0.0,0.0,0.002,0.014184397163120569,23088.0,37334.73,60422.73,0.0,-0.23578428184228026,-0.0,0.23578428184228026,1308327_YES.csv,1308327_YES
1771010280,2026-02-13 19:18:00,2,88.847825,12.236499,0.1377242380425438,6.1182495,,0.1375,-0.024822695035460862,0.024822695035460862,0.003,0.021818181818181816,20836.84,23513.52,44350.36,-16072.370000000003,-0.0603530613956685,16072.370000000003,0.0603530613956685,1308327_YES.csv,1308327_YES
1771010340,2026-02-13 19:19:00,1,50.0,6.9,0.13799999999724002,6.9,,0.1375,0.0,0.0,0.003,0.021818181818181816,20836.84,23513.52,44350.36,0.0,-0.0603530613956685,-0.0,0.0603530613956685,1308327_YES.csv,1308327_YES
1771010400,2026-02-13 19:20:00,3,997.136665,137.04938900000002,0.13744293416375633,45.68312966666667,,0.1375,0.0,0.0,0.003,0.021818181818181816,20836.84,23513.52,44350.36,0.0,-0.0603530613956685,-0.0,0.0603530613956685,1308327_YES.csv,1308327_YES
1771010460,2026-02-13 19:21:00,7,5286.231876,720.083515,0.13621867747972086,102.86907357142857,,0.137,-0.0036363636363636598,0.0036363636363636598,0.002,0.014598540145985401,16420.36,22592.62,39012.979999999996,-5337.380000000005,-0.15821042124954307,5337.380000000005,0.15821042124954307,1308327_YES.csv,1308327_YES
1771010520,2026-02-13 19:22:00,3,734.215609,102.625598,0.13977583252368606,34.20853266666666,,0.137,0.0,0.0,0.002,0.014598540145985401,16420.36,22592.62,39012.979999999996,0.0,-0.15821042124954307,-0.0,0.15821042124954307,1308327_YES.csv,1308327_YES
1771010580,2026-02-13 19:23:00,1,50.0,6.950000000000001,0.13899999999722004,6.950000000000001,,0.137,0.0,0.0,0.002,0.014598540145985401,16420.36,22592.62,39012.979999999996,0.0,-0.15821042124954307,-0.0,0.15821042124954307,1308327_YES.csv,1308327_YES
1771010640,2026-02-13 19:24:00,2,457.553955,63.331809,0.13841385984711158,31.6659045,,0.138,0.007299270072992803,0.007299270072992803,0.002,0.014492753623188404,10729.72,29118.4,39848.12,835.1400000000067,-0.4614691985468825,0.0,0.4614691985468825,1308327_YES.csv,1308327_YES
1771010700,2026-02-13 19:25:00,2,250.0,34.5,0.137999999999448,17.25,,0.138,0.0,0.0,0.002,0.014492753623188404,10729.72,29118.4,39848.12,0.0,-0.4614691985468825,-0.0,0.4614691985468825,1308327_YES.csv,1308327_YES
1771010760,2026-02-13 19:26:00,3,14210.357245,1932.914769,0.1360215465153046,644.304923,,0.138,0.0,0.0,0.002,0.014492753623188404,10729.72,29118.4,39848.12,0.0,-0.4614691985468825,-0.0,0.4614691985468825,1308327_YES.csv,1308327_YES
1771010820,2026-02-13 19:27:00,3,155.869269,21.205519,0.1360468239564526,7.068506333333333,,0.1365,-0.010869565217391353,0.010869565217391353,0.001,0.007326007326007326,8000.9,24595.25,32596.15,-7251.970000000001,-0.5090892636093526,7251.970000000001,0.5090892636093526,1308327_YES.csv,1308327_YES
1771010880,2026-02-13 19:28:00,2,80.502699,10.998829,0.13662683532962502,5.4994145,,0.1365,0.0,0.0,0.001,0.007326007326007326,8000.9,24595.25,32596.15,0.0,-0.5090892636093526,-0.0,0.5090892636093526,1308327_YES.csv,1308327_YES
1771010940,2026-02-13 19:29:00,1,158.73,21.11109,0.13299999999916212,21.11109,,0.1365,0.0,0.0,0.001,0.007326007326007326,8000.9,24595.25,32596.15,0.0,-0.5090892636093526,-0.0,0.5090892636093526,1308327_YES.csv,1308327_YES
1771011000,2026-02-13 19:30:00,4,62.942065,8.574717,0.1362318983316446,2.14367925,,0.1345,-0.014652014652014711,0.014652014652014711,0.003,0.022304832713754646,12080.8,20506.51,32587.309999999998,-8.840000000003783,-0.25855800923733807,8.840000000003783,0.25855800923733807,1308327_YES.csv,1308327_YES
1771011060,2026-02-13 19:31:00,4,221.751819,30.379996,0.1369999855553067,7.594999,,0.1345,0.0,0.0,0.003,0.022304832713754646,12080.8,20506.51,32587.309999999998,0.0,-0.25855800923733807,-0.0,0.25855800923733807,1308327_YES.csv,1308327_YES
1771011120,2026-02-13 19:32:00,1,22.627736,3.099999,0.13699996322491118,3.099999,,0.1345,0.0,0.0,0.003,0.022304832713754646,12080.8,20506.51,32587.309999999998,0.0,-0.25855800923733807,-0.0,0.25855800923733807,1308327_YES.csv,1308327_YES
1771011180,2026-02-13 19:33:00,2,1020.92,135.04826,0.13228094267902257,67.52413,,0.135,0.0037174721189590088,0.0037174721189590088,0.004,0.029629629629629627,9530.94,24659.95,34190.89,1603.5800000000017,-0.44248658048971523,0.0,0.44248658048971523,1308327_YES.csv,1308327_YES
1771011240,2026-02-13 19:34:00,4,34.800159,4.754717,0.13662917459266122,1.18867925,,0.135,0.0,0.0,0.004,0.029629629629629627,9530.94,24659.95,34190.89,0.0,-0.44248658048971523,-0.0,0.44248658048971523,1308327_YES.csv,1308327_YES
1771011300,2026-02-13 19:35:00,1,24.77941,3.3699989999999995,0.13599996932388617,3.3699989999999995,,0.135,0.0,0.0,0.004,0.029629629629629627,9530.94,24659.95,34190.89,0.0,-0.44248658048971523,-0.0,0.44248658048971523,1308327_YES.csv,1308327_YES
1771011360,2026-02-13 19:36:00,1,52.794116,7.179999,0.13599998529881624,7.179999,,0.1345,-0.0037037037037036535,0.0037037037037036535,0.003,0.022304832713754646,10645.02,29094.74,39739.76,5548.870000000003,-0.46426349832007036,0.0,0.46426349832007036,1308327_YES.csv,1308327_YES
1771011420,2026-02-13 19:37:00,2,17.35294,2.359999,0.13599995158537978,1.1799995,,0.1345,0.0,0.0,0.003,0.022304832713754646,10645.02,29094.74,39739.76,0.0,-0.46426349832007036,-0.0,0.46426349832007036,1308327_YES.csv,1308327_YES
1771011480,2026-02-13 19:38:00,1,34.22,4.4486,0.12999999999620107,4.4486,,0.1345,0.0,0.0,0.003,0.022304832713754646,10645.02,29094.74,39739.76,0.0,-0.46426349832007036,-0.0,0.46426349832007036,1308327_YES.csv,1308327_YES
1771011540,2026-02-13 19:39:00,2,1002.02,132.27068,0.13200403185551984,66.13534,,0.131,-0.026022304832713727,0.026022304832713727,0.002,0.015267175572519083,10563.89,27673.56,38237.45,-1502.310000000005,-0.4474584471506338,1502.310000000005,0.4474584471506338,1308327_YES.csv,1308327_YES
1771011600,2026-02-13 19:40:00,2,285.328357,37.509999,0.13146256963120054,18.7549995,,0.131,0.0,0.0,0.002,0.015267175572519083,10563.89,27673.56,38237.45,0.0,-0.4474584471506338,-0.0,0.4474584471506338,1308327_YES.csv,1308327_YES
1771011660,2026-02-13 19:41:00,2,1276.969695,168.399999,0.13187470278992647,84.1999995,,0.131,0.0,0.0,0.002,0.015267175572519083,10563.89,27673.56,38237.45,0.0,-0.4474584471506338,-0.0,0.4474584471506338,1308327_YES.csv,1308327_YES
1771011720,2026-02-13 19:42:00,1,7.633586,0.999999,0.1309998996368155,0.999999,,0.129,-0.01526717557251911,0.01526717557251911,0.004,0.031007751937984496,3796.27,15173.66,18969.93,-19267.519999999997,-0.5997591978462756,19267.519999999997,0.5997591978462756,1308327_YES.csv,1308327_YES
1771011780,2026-02-13 19:43:00,2,54.126792,7.080299,0.1308095074222982,3.5401495,,0.129,0.0,0.0,0.004,0.031007751937984496,3796.27,15173.66,18969.93,0.0,-0.5997591978462756,-0.0,0.5997591978462756,1308327_YES.csv,1308327_YES
1771011840,2026-02-13 19:44:00,1,328.51,41.39226,0.12599999999961645,41.39226,,0.129,0.0,0.0,0.004,0.031007751937984496,3796.27,15173.66,18969.93,0.0,-0.5997591978462756,-0.0,0.5997591978462756,1308327_YES.csv,1308327_YES
1771011900,2026-02-13 19:45:00,4,97.965625,12.49988,0.12759455165903758,3.12497,,0.126,-0.023255813953488413,0.023255813953488413,0.004,0.031746031746031744,9441.91,14932.9,24374.809999999998,5404.879999999997,-0.22527314059063436,0.0,0.22527314059063436,1308327_YES.csv,1308327_YES
1771012020,2026-02-13 19:47:00,2,717.1117810000001,89.398759,0.12466502624627125,44.6993795,,0.126,0.0,0.0,0.004,0.031746031746031744,9441.91,14932.9,24374.809999999998,0.0,-0.22527314059063436,-0.0,0.22527314059063436,1308327_YES.csv,1308327_YES
1771012080,2026-02-13 19:48:00,3,164.84,21.06516,0.12779155544693163,7.021719999999999,,0.126,0.0,0.0,0.004,0.031746031746031744,15181.47,10816.41,25997.879999999997,1623.0699999999997,0.1679006134346339,0.0,0.1679006134346339,1308327_YES.csv,1308327_YES
1771012140,2026-02-13 19:49:00,4,111.681875,14.156320000000001,0.12675575154762797,3.5390800000000002,,0.126,0.0,0.0,0.004,0.031746031746031744,15181.47,10816.41,25997.879999999997,0.0,0.1679006134346339,-0.0,0.1679006134346339,1308327_YES.csv,1308327_YES
1771012200,2026-02-13 19:50:00,3,163.685,20.60944,0.12590915477822703,6.869813333333333,,0.126,0.0,0.0,0.004,0.031746031746031744,15181.47,10816.41,25997.879999999997,0.0,0.1679006134346339,-0.0,0.1679006134346339,1308327_YES.csv,1308327_YES
1771012260,2026-02-13 19:51:00,1,137.7,17.0748,0.12399999999909951,17.0748,,0.1255,-0.003968253968253954,0.003968253968253954,0.003,0.02390438247011952,16185.5,10159.19,26344.690000000002,346.81000000000495,0.2287485637523159,0.0,0.2287485637523159,1308327_YES.csv,1308327_YES
1771012320,2026-02-13 19:52:00,2,680.157477,86.379998,0.12699999767829204,43.189999,,0.1255,0.0,0.0,0.003,0.02390438247011952,16185.5,10159.19,26344.690000000002,0.0,0.2287485637523159,-0.0,0.2287485637523159,1308327_YES.csv,1308327_YES
1771012380,2026-02-13 19:53:00,2,161.5748,20.519997999999998,0.12699999009667964,10.259998999999999,,0.1255,0.0,0.0,0.003,0.02390438247011952,16185.5,10159.19,26344.690000000002,0.0,0.2287485637523159,-0.0,0.2287485637523159,1308327_YES.csv,1308327_YES
1771012440,2026-02-13 19:54:00,1,68.61,8.439029999999999,0.12299999999820724,8.439029999999999,,0.1255,0.0,0.0,0.003,0.02390438247011952,15608.02,9121.36,24729.38,-1615.3100000000013,0.2623058079094583,1615.3100000000013,0.2623058079094583,1308327_YES.csv,1308327_YES
1771012500,2026-02-13 19:55:00,2,514.488187,65.339999,0.12699999854393743,32.6699995,,0.1255,0.0,0.0,0.003,0.02390438247011952,15608.02,9121.36,24729.38,0.0,0.2623058079094583,-0.0,0.2623058079094583,1308327_YES.csv,1308327_YES
1771012560,2026-02-13 19:56:00,4,428.472437,54.415998,0.12699999650122887,13.6039995,,0.1255,0.0,0.0,0.003,0.02390438247011952,15608.02,9121.36,24729.38,0.0,0.2623058079094583,-0.0,0.2623058079094583,1308327_YES.csv,1308327_YES
1771012620,2026-02-13 19:57:00,4,644.97,79.84142,0.12379090500314155,19.960355,,0.1255,0.0,0.0,0.005,0.0398406374501992,15230.64,8493.98,23724.62,-1004.760000000002,0.2839522824812368,1004.760000000002,0.2839522824812368,1308327_YES.csv,1308327_YES
1771012680,2026-02-13 19:58:00,2,10405.69,1340.0481599999998,0.1287803269172799,670.0240799999999,,0.1255,0.0,0.0,0.005,0.0398406374501992,15230.64,8493.98,23724.62,0.0,0.2839522824812368,-0.0,0.2839522824812368,1308327_YES.csv,1308327_YES
1771012740,2026-02-13 19:59:00,1,96.0,12.768,0.1329999999986146,12.768,,0.1255,0.0,0.0,0.005,0.0398406374501992,15230.64,8493.98,23724.62,0.0,0.2839522824812368,-0.0,0.2839522824812368,1308327_YES.csv,1308327_YES
1771012800,2026-02-13 20:00:00,2,65354.992221,8189.0501589999985,0.1253010654688526,4094.5250794999993,,0.139,0.10756972111553798,0.10756972111553798,0.01,0.07194244604316546,33899.49,16875.13,50774.619999999995,27049.999999999996,0.33529271120098975,0.0,0.33529271120098975,1308327_YES.csv,1308327_YES
1771012860,2026-02-13 20:01:00,2,72.028984,9.459999,0.13133600495973488,4.7299995,,0.139,0.0,0.0,0.01,0.07194244604316546,33899.49,16875.13,50774.619999999995,0.0,0.33529271120098975,-0.0,0.33529271120098975,1308327_YES.csv,1308327_YES
1771012980,2026-02-13 20:03:00,4,308.8266,40.803348,0.13212381316851549,10.200837,,0.1305,-0.06115107913669071,0.06115107913669071,0.003,0.022988505747126436,2258.02,8560.720000000001,10818.740000000002,-39955.87999999999,-0.5825724622275792,39955.87999999999,0.5825724622275792,1308327_YES.csv,1308327_YES
1771013040,2026-02-13 20:04:00,1,23.076922,2.999999,0.12999996272769826,2.999999,,0.1305,0.0,0.0,0.003,0.022988505747126436,2258.02,8560.720000000001,10818.740000000002,0.0,-0.5825724622275792,-0.0,0.5825724622275792,1308327_YES.csv,1308327_YES
1771013100,2026-02-13 20:05:00,1,62.592179,8.259999,0.13196535304942866,8.259999,,0.1305,0.0,0.0,0.003,0.022988505747126436,2258.02,8560.720000000001,10818.740000000002,0.0,-0.5825724622275792,-0.0,0.5825724622275792,1308327_YES.csv,1308327_YES
1771013160,2026-02-13 20:06:00,1,132.0,17.028,0.12899999999902273,17.028,,0.128,-0.019157088122605415,0.019157088122605415,0.008,0.0625,7835.46,7670.33,15505.79,4687.049999999999,0.01064957025730389,0.0,0.01064957025730389,1308327_YES.csv,1308327_YES
1771013220,2026-02-13 20:07:00,2,31.64125,4.01664,0.12694315173620058,2.00832,,0.128,0.0,0.0,0.008,0.0625,7835.46,7670.33,15505.79,0.0,0.01064957025730389,-0.0,0.01064957025730389,1308327_YES.csv,1308327_YES
1771013280,2026-02-13 20:08:00,4,1887.5315420000002,247.83140800000004,0.1312992140715541,61.95785200000001,,0.128,0.0,0.0,0.008,0.0625,7835.46,7670.33,15505.79,0.0,0.01064957025730389,-0.0,0.01064957025730389,1308327_YES.csv,1308327_YES
1771013340,2026-02-13 20:09:00,1,150.375938,19.999998999999995,0.13299999498501544,19.999998999999995,,0.13,0.015625,0.015625,0.006,0.046153846153846156,4230.47,10164.72,14395.189999999999,-1110.6000000000022,-0.41223839351894626,1110.6000000000022,0.41223839351894626,1308327_YES.csv,1308327_YES
1771013400,2026-02-13 20:10:00,2,137.583983,17.698729,0.12863945798015863,8.8493645,,0.13,0.0,0.0,0.006,0.046153846153846156,4230.47,10164.72,14395.189999999999,0.0,-0.41223839351894626,-0.0,0.41223839351894626,1308327_YES.csv,1308327_YES
1771013460,2026-02-13 20:11:00,2,9.89,1.27602,0.12902123355621625,0.63801,,0.13,0.0,0.0,0.006,0.046153846153846156,4230.47,10164.72,14395.189999999999,0.0,-0.41223839351894626,-0.0,0.41223839351894626,1308327_YES.csv,1308327_YES
1771013640,2026-02-13 20:14:00,3,501.55302600000005,66.189998,0.1319700900376345,22.063332666666668,,0.13,0.0,0.0,0.006,0.046153846153846156,4230.47,10164.72,14395.189999999999,0.0,-0.41223839351894626,-0.0,0.41223839351894626,1308327_YES.csv,1308327_YES
1771013700,2026-02-13 20:15:00,3,83.95575600000001,10.776639,0.12836093096310916,3.5922129999999997,,0.13,0.0,0.0,0.004,0.030769230769230767,4519.32,8456.64,12975.96,-1419.2299999999996,-0.30343188480852284,1419.2299999999996,0.30343188480852284,1308327_YES.csv,1308327_YES
1771013820,2026-02-13 20:17:00,4,633.030302,83.03999999999999,0.1311785545455118,20.759999999999998,,0.13,0.0,0.0,0.004,0.030769230769230767,4519.32,8456.64,12975.96,0.0,-0.30343188480852284,-0.0,0.30343188480852284,1308327_YES.csv,1308327_YES
1771013880,2026-02-13 20:18:00,2,79.469695,10.349999,0.1302383128546015,5.1749995,,0.131,0.007692307692307665,0.007692307692307665,0.002,0.015267175572519083,3139.93,8286.77,11426.7,-1549.2599999999984,-0.4504222566445255,1549.2599999999984,0.4504222566445255,1308327_YES.csv,1308327_YES
1771013940,2026-02-13 20:19:00,1,8966.0,1211.07753,0.13507445126030163,1211.07753,,0.131,0.0,0.0,0.002,0.015267175572519083,3139.93,8286.77,11426.7,0.0,-0.4504222566445255,-0.0,0.4504222566445255,1308327_YES.csv,1308327_YES
1771014000,2026-02-13 20:20:00,5,51.873332000000005,7.530899,0.14517862472869145,1.5061798,,0.131,0.0,0.0,0.002,0.015267175572519083,3139.93,8286.77,11426.7,0.0,-0.4504222566445255,-0.0,0.4504222566445255,1308327_YES.csv,1308327_YES
1771014060,2026-02-13 20:21:00,5,371.396608,55.452199,0.14930723061383128,11.0904398,,0.1445,0.1030534351145036,0.1030534351145036,0.009,0.06228373702422145,2109.63,16981.8,19091.43,7664.73,-0.7789971730771345,0.0,0.7789971730771345,1308327_YES.csv,1308327_YES
1771014120,2026-02-13 20:22:00,1,12.987011,1.999999,0.1539999465501338,1.999999,,0.1445,0.0,0.0,0.009,0.06228373702422145,2109.63,16981.8,19091.43,0.0,-0.7789971730771345,-0.0,0.7789971730771345,1308327_YES.csv,1308327_YES
1771014180,2026-02-13 20:23:00,2,43.467531,6.550999,0.1507101703073333,3.2754995,,0.1445,0.0,0.0,0.009,0.06228373702422145,2109.63,16981.8,19091.43,0.0,-0.7789971730771345,-0.0,0.7789971730771345,1308327_YES.csv,1308327_YES
1771014240,2026-02-13 20:24:00,1,1235.23,173.48989999999998,0.14045149486319108,173.48989999999998,,0.15,0.03806228373702436,0.03806228373702436,0.016,0.10666666666666667,1654.48,12158.02,13812.5,-5278.93,-0.7604372850678733,5278.93,0.7604372850678733,1308327_YES.csv,1308327_YES
1771014480,2026-02-13 20:28:00,1,99.934209,15.189999,0.1519999923134229,15.189999,,0.15,0.0,0.0,0.016,0.10666666666666667,1654.48,12158.02,13812.5,0.0,-0.7604372850678733,-0.0,0.7604372850678733,1308327_YES.csv,1308327_YES
1771014540,2026-02-13 20:29:00,2,360.003332,55.000499000000005,0.15277774984551307,27.500249500000002,,0.15,0.0,0.0,0.016,0.10666666666666667,1654.48,12158.02,13812.5,0.0,-0.7604372850678733,-0.0,0.7604372850678733,1308327_YES.csv,1308327_YES
1771014600,2026-02-13 20:30:00,1,571.43,88.00021999999998,0.1539999999997305,88.00021999999998,,0.1535,0.023333333333333428,0.023333333333333428,0.001,0.006514657980456026,936.94,1500.76,2437.7,-11374.8,-0.2312917914427534,11374.8,0.2312917914427534,1308327_YES.csv,1308327_YES
1771014780,2026-02-13 20:33:00,4,1282.672364,193.399997,0.1507789537124924,48.34999925,,0.146,-0.04885993485342022,0.04885993485342022,0.006,0.04109589041095891,1329.15,1960.62,3289.77,852.0700000000002,-0.19194958918100652,0.0,0.19194958918100652,1308327_YES.csv,1308327_YES
1771014840,2026-02-13 20:34:00,2,80.536909,11.999998000000001,0.14899998210573243,5.999999000000001,,0.146,0.0,0.0,0.006,0.04109589041095891,1329.15,1960.62,3289.77,0.0,-0.19194958918100652,-0.0,0.19194958918100652,1308327_YES.csv,1308327_YES
1771014900,2026-02-13 20:35:00,1,19.7,2.9156,0.1479999999924873,2.9156,,0.146,0.0,0.0,0.006,0.04109589041095891,1329.15,1960.62,3289.77,0.0,-0.19194958918100652,-0.0,0.19194958918100652,1308327_YES.csv,1308327_YES
1771014960,2026-02-13 20:36:00,1,10.37,1.5140199999999997,0.14599999998592092,1.5140199999999997,,0.1465,0.003424657534246478,0.003424657534246478,0.001,0.006825938566552902,1910.65,14936.01,16846.66,13556.89,-0.7731716553904454,0.0,0.7731716553904454,1308327_YES.csv,1308327_YES
1771015080,2026-02-13 20:38:00,1,299.32,44.00004,0.14699999999950888,44.00004,,0.1465,0.0,0.0,0.001,0.006825938566552902,1910.65,14936.01,16846.66,0.0,-0.7731716553904454,-0.0,0.7731716553904454,1308327_YES.csv,1308327_YES
1771015140,2026-02-13 20:39:00,2,1062.423604,153.044469,0.14405221083534575,76.5222345,,0.1455,-0.0068259385665528916,0.0068259385665528916,0.003,0.02061855670103093,1313.39,24223.16,25536.55,8689.89,-0.8971364573523049,0.0,0.8971364573523049,1308327_YES.csv,1308327_YES
1771015200,2026-02-13 20:40:00,2,665.999725,97.23595999999999,0.1460000002250061,48.617979999999996,,0.1455,0.0,0.0,0.003,0.02061855670103093,1313.39,24223.16,25536.55,0.0,-0.8971364573523049,-0.0,0.8971364573523049,1308327_YES.csv,1308327_YES
1771015260,2026-02-13 20:41:00,2,75.34246300000001,10.999998000000001,0.14599997878824314,5.499999000000001,,0.1455,0.0,0.0,0.003,0.02061855670103093,1313.39,24223.16,25536.55,0.0,-0.8971364573523049,-0.0,0.8971364573523049,1308327_YES.csv,1308327_YES
1771015380,2026-02-13 20:43:00,1,8.493149,1.239999,0.14599991120537267,1.239999,,0.1455,0.0,0.0,0.003,0.02061855670103093,1313.39,24223.16,25536.55,0.0,-0.8971364573523049,-0.0,0.8971364573523049,1308327_YES.csv,1308327_YES
1771015440,2026-02-13 20:44:00,6,1115.131028,161.655646,0.14496560667833464,26.942607666666664,,0.1455,0.0,0.0,0.003,0.02061855670103093,1313.39,24223.16,25536.55,0.0,-0.8971364573523049,-0.0,0.8971364573523049,1308327_YES.csv,1308327_YES
1771015560,2026-02-13 20:46:00,1,100.0,14.0575,0.14057499999859424,14.0575,,0.1455,0.0,0.0,0.003,0.02061855670103093,1313.39,24223.16,25536.55,0.0,-0.8971364573523049,-0.0,0.8971364573523049,1308327_YES.csv,1308327_YES
1771015620,2026-02-13 20:47:00,2,206.944443,28.999999000000003,0.14013422433314562,14.499999500000001,,0.1455,0.0,0.0,0.003,0.02061855670103093,1313.39,24223.16,25536.55,0.0,-0.8971364573523049,-0.0,0.8971364573523049,1308327_YES.csv,1308327_YES
1771015680,2026-02-13 20:48:00,3,720.807947,104.44399800000001,0.14489851067063098,34.814666,,0.1425,-0.020618556701030966,0.020618556701030966,0.003,0.02105263157894737,7120.63,20471.22,27591.850000000002,2055.300000000003,-0.4838599079075886,0.0,0.4838599079075886,1308327_YES.csv,1308327_YES
1771015800,2026-02-13 20:50:00,1,199.98,28.01967,0.14011236123542298,28.01967,,0.1425,0.0,0.0,0.003,0.02105263157894737,7120.63,20471.22,27591.850000000002,0.0,-0.4838599079075886,-0.0,0.4838599079075886,1308327_YES.csv,1308327_YES
1771015920,2026-02-13 20:52:00,1,104.166665,14.999999,0.1439999927026174,14.999999,,0.1425,0.0,0.0,0.003,0.02105263157894737,7120.63,20471.22,27591.850000000002,0.0,-0.4838599079075886,-0.0,0.4838599079075886,1308327_YES.csv,1308327_YES
1771016040,2026-02-13 20:54:00,1,34.965033,4.999999,0.14299997943250903,4.999999,,0.1415,-0.007017543859649145,0.007017543859649145,0.003,0.02120141342756184,6788.53,27405.16,34193.69,6601.84,-0.6029366821773257,0.0,0.6029366821773257,1308327_YES.csv,1308327_YES
1771016160,2026-02-13 20:56:00,2,22.4,3.1179799999999998,0.13919553570807164,1.5589899999999999,,0.1415,0.0,0.0,0.003,0.02120141342756184,6788.53,27405.16,34193.69,0.0,-0.6029366821773257,-0.0,0.6029366821773257,1308327_YES.csv,1308327_YES
1771016220,2026-02-13 20:57:00,1,140.81,19.31299,0.13715638093787968,19.31299,,0.139,-0.01766784452296799,0.01766784452296799,0.002,0.014388489208633093,7794.519999999999,18487.99,26282.510000000002,-7911.18,-0.40686639137586184,7911.18,0.40686639137586184,1308327_YES.csv,1308327_YES
1771016280,2026-02-13 20:58:00,1,71.42857,9.999999,0.13999998879803968,9.999999,,0.139,0.0,0.0,0.002,0.014388489208633093,7794.519999999999,18487.99,26282.510000000002,0.0,-0.40686639137586184,-0.0,0.40686639137586184,1308327_YES.csv,1308327_YES
1771016340,2026-02-13 20:59:00,1,134.59,18.438830000000003,0.13699999999898213,18.438830000000003,,0.139,0.0,0.0,0.002,0.014388489208633093,7794.519999999999,18487.99,26282.510000000002,0.0,-0.40686639137586184,-0.0,0.40686639137586184,1308327_YES.csv,1308327_YES
1771016400,2026-02-13 21:00:00,3,219.499997,30.129997999999997,0.1372665075702153,10.043332666666666,,0.1385,-0.003597122302158251,0.003597122302158251,0.003,0.021660649819494584,16927.57,18801.68,35729.25,9446.739999999998,-0.052453102150199084,0.0,0.052453102150199084,1308327_YES.csv,1308327_YES
1771016460,2026-02-13 21:01:00,1,7.142856,0.999999,0.1399998823803811,0.999999,,0.1385,0.0,0.0,0.003,0.021660649819494584,16927.57,18801.68,35729.25,0.0,-0.052453102150199084,-0.0,0.052453102150199084,1308327_YES.csv,1308327_YES
1771016580,2026-02-13 21:03:00,1,7.194243,0.999999,0.13899989197765492,0.999999,,0.1385,0.0,0.0,0.003,0.021660649819494584,18150.03,20766.32,38916.35,3187.0999999999985,-0.06722855560709062,0.0,0.06722855560709062,1308327_YES.csv,1308327_YES
1771016640,2026-02-13 21:04:00,1,2.02,0.28078,0.13899999993118814,0.28078,,0.1385,0.0,0.0,0.003,0.021660649819494584,18150.03,20766.32,38916.35,0.0,-0.06722855560709062,-0.0,0.06722855560709062,1308327_YES.csv,1308327_YES
1771016700,2026-02-13 21:05:00,3,755.4572109999999,104.907898,0.13886676369267079,34.96929933333333,,0.1385,0.0,0.0,0.003,0.021660649819494584,18150.03,20766.32,38916.35,0.0,-0.06722855560709062,-0.0,0.06722855560709062,1308327_YES.csv,1308327_YES
1771016760,2026-02-13 21:06:00,1,36.231883,5.0,0.13800000402579132,5.0,,0.1355,-0.02166064981949456,0.02166064981949456,0.005,0.03690036900369004,23767.18,9745.54,33512.72,-5403.629999999997,0.4183975517355798,5403.629999999997,0.4183975517355798,1308327_YES.csv,1308327_YES
1771016820,2026-02-13 21:07:00,1,72.992699,9.999999,0.1369999895450228,9.999999,,0.1355,0.0,0.0,0.005,0.03690036900369004,23767.18,9745.54,33512.72,0.0,0.4183975517355798,-0.0,0.4183975517355798,1308327_YES.csv,1308327_YES
1771016880,2026-02-13 21:08:00,6,501.35466899999994,67.579028,0.1347928565912392,11.263171333333332,,0.1355,0.0,0.0,0.005,0.03690036900369004,23767.18,9745.54,33512.72,0.0,0.4183975517355798,-0.0,0.4183975517355798,1308327_YES.csv,1308327_YES
1771016940,2026-02-13 21:09:00,53,750.891835,102.456888,0.13644693313233794,1.9331488301886794,,0.135,-0.0036900369003689537,0.0036900369003689537,0.004,0.029629629629629627,14157.38,11829.69,25987.07,-7525.6500000000015,0.08957108285004807,7525.6500000000015,0.08957108285004807,1308327_YES.csv,1308327_YES
1771017000,2026-02-13 21:10:00,54,1480.4746730000002,200.80076200000002,0.13563268974603007,3.71853262962963,,0.135,0.0,0.0,0.004,0.029629629629629627,14157.38,11829.69,25987.07,0.0,0.08957108285004807,-0.0,0.08957108285004807,1308327_YES.csv,1308327_YES
1771017060,2026-02-13 21:11:00,23,133.15,17.5758,0.13199999999900866,0.7641652173913044,,0.135,0.0,0.0,0.004,0.029629629629629627,14157.38,11829.69,25987.07,0.0,0.08957108285004807,-0.0,0.08957108285004807,1308327_YES.csv,1308327_YES
1771017120,2026-02-13 21:12:00,8,182.827057,24.581839,0.13445405402913393,3.072729875,,0.134,-0.007407407407407418,0.007407407407407418,0.004,0.029850746268656716,16616.36,17938.420000000002,34554.78,8567.71,-0.03825982975437845,0.0,0.03825982975437845,1308327_YES.csv,1308327_YES
1771017180,2026-02-13 21:13:00,10,1.4000000000000001,0.18339999999999998,0.13099999990642855,0.01834,,0.134,0.0,0.0,0.004,0.029850746268656716,16616.36,17938.420000000002,34554.78,0.0,-0.03825982975437845,-0.0,0.03825982975437845,1308327_YES.csv,1308327_YES
1771017240,2026-02-13 21:14:00,1,0.13,0.01716,0.1319999989846154,0.01716,,0.134,0.0,0.0,0.004,0.029850746268656716,16616.36,17938.420000000002,34554.78,0.0,-0.03825982975437845,-0.0,0.03825982975437845,1308327_YES.csv,1308327_YES
1771017300,2026-02-13 21:15:00,3,586.6951839999999,79.19780899999999,0.13498970361390425,26.399269666666665,,0.1345,0.003731343283582156,0.003731343283582156,0.001,0.007434944237918215,16936.12,16410.96,33347.08,-1207.699999999997,0.015748305398853506,1207.699999999997,0.015748305398853506,1308327_YES.csv,1308327_YES
1771017360,2026-02-13 21:16:00,2,919.67,123.63996,0.1344394837277127,61.81998,,0.1345,0.0,0.0,0.001,0.007434944237918215,16936.12,16410.96,33347.08,0.0,0.015748305398853506,-0.0,0.015748305398853506,1308327_YES.csv,1308327_YES
1771017420,2026-02-13 21:17:00,1,100.0,13.6,0.13599999999864001,13.6,,0.1345,0.0,0.0,0.001,0.007434944237918215,16936.12,16410.96,33347.08,0.0,0.015748305398853506,-0.0,0.015748305398853506,1308327_YES.csv,1308327_YES
1771017480,2026-02-13 21:18:00,3,19.991763,2.6715590000000002,0.13363298673890678,0.8905196666666667,,0.134,-0.0037174721189591198,0.0037174721189591198,0.004,0.029850746268656716,16918.37,18811.76,35730.13,2383.0499999999956,-0.05299141089047254,0.0,0.05299141089047254,1308327_YES.csv,1308327_YES
1771017540,2026-02-13 21:19:00,2,12.35294,1.669999,0.1351904081024282,0.8349995,,0.134,0.0,0.0,0.004,0.029850746268656716,16918.37,18811.76,35730.13,0.0,-0.05299141089047254,-0.0,0.05299141089047254,1308327_YES.csv,1308327_YES
1771017600,2026-02-13 21:20:00,2,402.56,54.73792,0.13597456279775444,27.36896,,0.134,0.0,0.0,0.004,0.029850746268656716,16918.37,18811.76,35730.13,0.0,-0.05299141089047254,-0.0,0.05299141089047254,1308327_YES.csv,1308327_YES
1771017660,2026-02-13 21:21:00,2,347.35294,47.239999000000005,0.1359999975813189,23.619999500000002,,0.134,0.0,0.0,0.004,0.029850746268656716,16753.84,25748.13,42501.97,6771.840000000004,-0.21162054370656233,0.0,0.21162054370656233,1308327_YES.csv,1308327_YES
1771017720,2026-02-13 21:22:00,1,294.117646,40.0,0.13600000048913763,40.0,,0.134,0.0,0.0,0.004,0.029850746268656716,16753.84,25748.13,42501.97,0.0,-0.21162054370656233,-0.0,0.21162054370656233,1308327_YES.csv,1308327_YES
1771017780,2026-02-13 21:23:00,3,2615.754073,343.982009,0.13150395618245428,114.66066966666666,,0.134,0.0,0.0,0.004,0.029850746268656716,16753.84,25748.13,42501.97,0.0,-0.21162054370656233,-0.0,0.21162054370656233,1308327_YES.csv,1308327_YES
1771017960,2026-02-13 21:26:00,3,133.25,17.50231,0.13134941838550585,5.834103333333334,,0.134,0.0,0.0,0.004,0.029850746268656716,16753.84,25748.13,42501.97,0.0,-0.21162054370656233,-0.0,0.21162054370656233,1308327_YES.csv,1308327_YES
1771018020,2026-02-13 21:27:00,1,1000.0,134.0,0.133999999999866,134.0,,0.1325,-0.011194029850746245,0.011194029850746245,0.003,0.022641509433962263,12439.13,23753.4,36192.53,-6309.440000000002,-0.3126134039261694,6309.440000000002,0.3126134039261694,1308327_YES.csv,1308327_YES
1771018140,2026-02-13 21:29:00,1,7.462685,0.999999,0.1339998941220217,0.999999,,0.1325,0.0,0.0,0.003,0.022641509433962263,12439.13,23753.4,36192.53,0.0,-0.3126134039261694,-0.0,0.3126134039261694,1308327_YES.csv,1308327_YES
1771018200,2026-02-13 21:30:00,2,55.171939,7.377919,0.13372593266780555,3.6889595,,0.133,0.0037735849056603765,0.0037735849056603765,0.002,0.015037593984962405,13520.5,26273.96,39794.46,3601.9300000000003,-0.32048330345480247,0.0,0.32048330345480247,1308327_YES.csv,1308327_YES
1771018260,2026-02-13 21:31:00,1,2.02,0.27068,0.13399999993366338,0.27068,,0.133,0.0,0.0,0.002,0.015037593984962405,13520.5,26273.96,39794.46,0.0,-0.32048330345480247,-0.0,0.32048330345480247,1308327_YES.csv,1308327_YES
1771018320,2026-02-13 21:32:00,2,324.626864,43.499999,0.1339999976091504,21.7499995,,0.133,0.0,0.0,0.002,0.015037593984962405,13520.5,26273.96,39794.46,0.0,-0.32048330345480247,-0.0,0.32048330345480247,1308327_YES.csv,1308327_YES
1771018440,2026-02-13 21:34:00,1,373.134327,49.999999,0.13399999780740077,49.999999,,0.133,0.0,0.0,0.002,0.015037593984962405,13520.5,26273.96,39794.46,0.0,-0.32048330345480247,-0.0,0.32048330345480247,1308327_YES.csv,1308327_YES
1771018620,2026-02-13 21:37:00,3,277.744356,36.93999699999999,0.13299999154570397,12.31333233333333,,0.133,0.0,0.0,0.002,0.015037593984962405,13520.5,26273.96,39794.46,0.0,-0.32048330345480247,-0.0,0.32048330345480247,1308327_YES.csv,1308327_YES
1771018740,2026-02-13 21:39:00,2,44.132104,5.862279,0.13283479527436912,2.9311395,,0.1325,-0.003759398496240629,0.003759398496240629,0.001,0.007547169811320755,11508.84,24801.41,36310.25,-3484.209999999999,-0.3660831307964005,3484.209999999999,0.3660831307964005,1308327_YES.csv,1308327_YES
1771018800,2026-02-13 21:40:00,1,52.631577,6.999999000000001,0.1329999859184725,6.999999000000001,,0.1325,0.0,0.0,0.001,0.007547169811320755,11508.84,24801.41,36310.25,0.0,-0.3660831307964005,-0.0,0.3660831307964005,1308327_YES.csv,1308327_YES
1771018860,2026-02-13 21:41:00,1,120.67,15.92844,0.1319999999989061,15.92844,,0.1325,0.0,0.0,0.001,0.007547169811320755,11508.84,24801.41,36310.25,0.0,-0.3660831307964005,-0.0,0.3660831307964005,1308327_YES.csv,1308327_YES
1771018920,2026-02-13 21:42:00,1,1233.082705,163.999999,0.13299999937949575,163.999999,,0.1325,0.0,0.0,0.001,0.007547169811320755,11508.84,24801.41,36310.25,0.0,-0.3660831307964005,-0.0,0.3660831307964005,1308327_YES.csv,1308327_YES
1771018980,2026-02-13 21:43:00,3,296.838418,39.200568,0.1320602914676224,13.066856,,0.1325,0.0,0.0,0.001,0.007547169811320755,11508.84,24801.41,36310.25,0.0,-0.3660831307964005,-0.0,0.3660831307964005,1308327_YES.csv,1308327_YES
1771019100,2026-02-13 21:45:00,2,92.89398299999999,12.244299,0.13180938748065296,6.1221495,,0.132,-0.0037735849056603765,0.0037735849056603765,0.002,0.015151515151515152,36141.7,31550.51,67692.20999999999,31381.959999999992,0.06782449561035162,0.0,0.06782449561035162,1308327_YES.csv,1308327_YES
1771019220,2026-02-13 21:47:00,1,324.436089,43.149999,0.13299999741972904,43.149999,,0.132,0.0,0.0,0.002,0.015151515151515152,36141.7,31550.51,67692.20999999999,0.0,0.06782449561035162,-0.0,0.06782449561035162,1308327_YES.csv,1308327_YES
1771019280,2026-02-13 21:48:00,4,170.876763,22.550268000000003,0.13196801954791262,5.637567000000001,,0.132,0.0,0.0,0.002,0.015151515151515152,36329.37,28196.02,64525.39,-3166.8199999999924,0.12604883132050812,3166.8199999999924,0.12604883132050812,1308327_YES.csv,1308327_YES
1771019340,2026-02-13 21:49:00,3,108.947363,14.489997,0.13299997908042066,4.829999,,0.132,0.0,0.0,0.002,0.015151515151515152,36329.37,28196.02,64525.39,0.0,0.12604883132050812,-0.0,0.12604883132050812,1308327_YES.csv,1308327_YES
1771019400,2026-02-13 21:50:00,3,368.113983,48.498119,0.13174755983085884,16.166039666666666,,0.132,0.0,0.0,0.002,0.015151515151515152,36329.37,28196.02,64525.39,0.0,0.12604883132050812,-0.0,0.12604883132050812,1308327_YES.csv,1308327_YES
1771019460,2026-02-13 21:51:00,4,558.793004,74.244288,0.13286545727739124,18.561072,,0.132,0.0,0.0,0.002,0.015151515151515152,36015.29,27970.52,63985.81,-539.5800000000017,0.12572740737360363,539.5800000000017,0.12572740737360363,1308327_YES.csv,1308327_YES
1771019520,2026-02-13 21:52:00,1,7.518795,0.999999,0.1329999022272851,0.999999,,0.132,0.0,0.0,0.002,0.015151515151515152,36015.29,27970.52,63985.81,0.0,0.12572740737360363,-0.0,0.12572740737360363,1308327_YES.csv,1308327_YES
1771019580,2026-02-13 21:53:00,1,18.0,2.394,0.1329999999926111,2.394,,0.132,0.0,0.0,0.002,0.015151515151515152,36015.29,27970.52,63985.81,0.0,0.12572740737360363,-0.0,0.12572740737360363,1308327_YES.csv,1308327_YES
1771019640,2026-02-13 21:54:00,2,180.04593799999998,23.886768999999994,0.13267041325790604,11.943384499999997,,0.132,0.0,0.0,0.002,0.015151515151515152,35987.7,44765.32,80753.01999999999,16767.209999999992,-0.10869711126593165,0.0,0.10869711126593165,1308327_YES.csv,1308327_YES
1771019700,2026-02-13 21:55:00,2,305.263156,40.599999000000004,0.13299999754921946,20.299999500000002,,0.132,0.0,0.0,0.002,0.015151515151515152,35987.7,44765.32,80753.01999999999,0.0,-0.10869711126593165,-0.0,0.10869711126593165,1308327_YES.csv,1308327_YES
1771019820,2026-02-13 21:57:00,3,313.081124,41.374528,0.13215273878941305,13.791509333333332,,0.132,0.0,0.0,0.002,0.015151515151515152,35191.49,38000.66,73192.15,-7560.869999999995,-0.03838075531324064,7560.869999999995,0.03838075531324064,1308327_YES.csv,1308327_YES
1771019880,2026-02-13 21:58:00,2,314.36,41.18116,0.13099999999958328,20.59058,,0.132,0.0,0.0,0.002,0.015151515151515152,35191.49,38000.66,73192.15,0.0,-0.03838075531324064,-0.0,0.03838075531324064,1308327_YES.csv,1308327_YES
1771019940,2026-02-13 21:59:00,2,300.75187600000004,39.999998000000005,0.13299999498545764,19.999999000000003,,0.132,0.0,0.0,0.002,0.015151515151515152,35191.49,38000.66,73192.15,0.0,-0.03838075531324064,-0.0,0.03838075531324064,1308327_YES.csv,1308327_YES
1771020060,2026-02-13 22:01:00,1,778.496239,103.539999,0.13299999898890585,103.539999,,0.132,0.0,0.0,0.002,0.015151515151515152,35191.49,38000.66,73192.15,0.0,-0.03838075531324064,-0.0,0.03838075531324064,1308327_YES.csv,1308327_YES
1771020120,2026-02-13 22:02:00,1,16.76,2.2123200000000005,0.1319999999921241,2.2123200000000005,,0.132,0.0,0.0,0.002,0.015151515151515152,35191.49,38000.66,73192.15,0.0,-0.03838075531324064,-0.0,0.03838075531324064,1308327_YES.csv,1308327_YES
1771020180,2026-02-13 22:03:00,1,681.81818,89.999999,0.1319999988851397,89.999999,,0.1315,-0.0037878787878787845,0.0037878787878787845,0.001,0.0076045627376425855,45075.61,35908.82,80984.43,7792.279999999999,0.11319200493230615,0.0,0.11319200493230615,1308327_YES.csv,1308327_YES
1771020240,2026-02-13 22:04:00,3,16574.402684999997,2202.146459,0.13286430291649853,734.0488196666666,,0.1315,0.0,0.0,0.001,0.0076045627376425855,45075.61,35908.82,80984.43,0.0,0.11319200493230615,-0.0,0.11319200493230615,1308327_YES.csv,1308327_YES
1771020300,2026-02-13 22:05:00,8,38493.791475,5299.870286,0.13768117098680419,662.48378575,,0.1315,0.0,0.0,0.001,0.0076045627376425855,45075.61,35908.82,80984.43,0.0,0.11319200493230615,-0.0,0.11319200493230615,1308327_YES.csv,1308327_YES
1771020360,2026-02-13 22:06:00,4,36.992017,5.249997,0.14192243153051312,1.31249925,,0.1385,0.05323193916349811,0.05323193916349811,0.009,0.06498194945848375,14746.17,37635.21,52381.38,-28603.049999999996,-0.4369690145620448,28603.049999999996,0.4369690145620448,1308327_YES.csv,1308327_YES
1771020420,2026-02-13 22:07:00,2,1024.0,145.24,0.1418359374998615,72.62,,0.1385,0.0,0.0,0.009,0.06498194945848375,14746.17,37635.21,52381.38,0.0,-0.4369690145620448,-0.0,0.4369690145620448,1308327_YES.csv,1308327_YES
1771020480,2026-02-13 22:08:00,6,254.30724999999998,35.452297,0.13940733895655982,5.908716166666667,,0.1385,0.0,0.0,0.009,0.06498194945848375,14746.17,37635.21,52381.38,0.0,-0.4369690145620448,-0.0,0.4369690145620448,1308327_YES.csv,1308327_YES
1771020540,2026-02-13 22:09:00,1,540.0,75.60000000000001,0.13999999999974075,75.60000000000001,,0.138,-0.0036101083032491488,0.0036101083032491488,0.004,0.02898550724637681,7197.26,20928.13,28125.39,-24255.989999999998,-0.48820194137752404,24255.989999999998,0.48820194137752404,1308327_YES.csv,1308327_YES
1771020600,2026-02-13 22:10:00,3,290.42857,40.659999,0.13999999724496803,13.553333,,0.138,0.0,0.0,0.004,0.02898550724637681,7197.26,20928.13,28125.39,0.0,-0.48820194137752404,-0.0,0.48820194137752404,1308327_YES.csv,1308327_YES
1771020660,2026-02-13 22:11:00,10,11064.668388,1556.464392,0.1406697731391477,155.6464392,,0.138,0.0,0.0,0.004,0.02898550724637681,7197.26,20928.13,28125.39,0.0,-0.48820194137752404,-0.0,0.48820194137752404,1308327_YES.csv,1308327_YES
1771020720,2026-02-13 22:12:00,6,12495.301267,1785.044036,0.14285722271572157,297.50733933333333,,0.139,0.007246376811594235,0.007246376811594235,0.006,0.043165467625899276,8105.61,36755.58,44861.19,16735.800000000003,-0.6386359791169159,0.0,0.6386359791169159,1308327_YES.csv,1308327_YES
1771020900,2026-02-13 22:15:00,1,6.993005,0.999999,0.1429998977345218,0.999999,,0.1415,0.017985611510791255,0.017985611510791255,0.003,0.02120141342756184,27926.2,24557.68,52483.880000000005,7622.690000000002,0.06418199264231227,0.0,0.06418199264231227,1308327_YES.csv,1308327_YES
1771020960,2026-02-13 22:16:00,11,4785.741107,689.146717,0.14399999949680853,62.64970154545454,,0.1415,0.0,0.0,0.003,0.02120141342756184,27926.2,24557.68,52483.880000000005,0.0,0.06418199264231227,-0.0,0.06418199264231227,1308327_YES.csv,1308327_YES
1771021020,2026-02-13 22:17:00,5,49.193332,7.083838999999999,0.1439999835720825,1.4167678,,0.1415,0.0,0.0,0.003,0.02120141342756184,27926.2,24557.68,52483.880000000005,0.0,0.06418199264231227,-0.0,0.06418199264231227,1308327_YES.csv,1308327_YES
1771021080,2026-02-13 22:18:00,12,623.899437,89.487875,0.14343317158636343,7.457322916666667,,0.1425,0.007067137809187329,0.007067137809187329,0.003,0.02105263157894737,21380.4,25890.29,47270.69,-5213.190000000002,-0.09540563084651396,5213.190000000002,0.09540563084651396,1308327_YES.csv,1308327_YES
1771021140,2026-02-13 22:19:00,1,277.777776,39.999999,0.1439999973210816,39.999999,,0.1425,0.0,0.0,0.003,0.02105263157894737,21380.4,25890.29,47270.69,0.0,-0.09540563084651396,-0.0,0.09540563084651396,1308327_YES.csv,1308327_YES
1771021200,2026-02-13 22:20:00,1,173.61111,24.999999,0.14399999516077044,24.999999,,0.1425,0.0,0.0,0.003,0.02105263157894737,21380.4,25890.29,47270.69,0.0,-0.09540563084651396,-0.0,0.09540563084651396,1308327_YES.csv,1308327_YES
1771021260,2026-02-13 22:21:00,2,148.738887,21.388849,0.1438013247998568,10.6944245,,0.1425,0.0,0.0,0.003,0.02105263157894737,20806.13,25996.04,46802.17,-468.5200000000041,-0.11089037110886098,468.5200000000041,0.11089037110886098,1308327_YES.csv,1308327_YES
1771021320,2026-02-13 22:22:00,7,3832.504439,548.739146,0.14318030278473393,78.39130657142857,,0.1425,0.0,0.0,0.003,0.02105263157894737,20806.13,25996.04,46802.17,0.0,-0.11089037110886098,-0.0,0.11089037110886098,1308327_YES.csv,1308327_YES
1771021380,2026-02-13 22:23:00,1,700.0,100.8,0.1439999999997943,100.8,,0.1425,0.0,0.0,0.003,0.02105263157894737,20806.13,25996.04,46802.17,0.0,-0.11089037110886098,-0.0,0.11089037110886098,1308327_YES.csv,1308327_YES
1771021440,2026-02-13 22:24:00,4,1679.047776,240.38160900000003,0.14316543724117164,60.09540225000001,,0.1435,0.007017543859649145,0.007017543859649145,0.001,0.006968641114982579,20072.09,43441.8,63513.89,16711.72,-0.3679464444706505,0.0,0.3679464444706505,1308327_YES.csv,1308327_YES
1771021500,2026-02-13 22:25:00,1,1321.180554,190.249999,0.1439999994125375,190.249999,,0.1435,0.0,0.0,0.001,0.006968641114982579,20072.09,43441.8,63513.89,0.0,-0.3679464444706505,-0.0,0.3679464444706505,1308327_YES.csv,1308327_YES
1771021560,2026-02-13 22:26:00,2,1395.8333300000002,200.999998,0.1439999989109416,100.499999,,0.1435,0.0,0.0,0.001,0.006968641114982579,20072.09,43441.8,63513.89,0.0,-0.3679464444706505,-0.0,0.3679464444706505,1308327_YES.csv,1308327_YES
1771021620,2026-02-13 22:27:00,2,2006.944443,288.999999,0.1439999996052985,144.4999995,,0.1425,-0.006968641114982632,0.006968641114982632,0.003,0.02105263157894737,22879.83,45094.25,67974.08,4460.190000000002,-0.3268072182808506,0.0,0.3268072182808506,1308327_YES.csv,1308327_YES
1771021680,2026-02-13 22:28:00,1,2000.0,288.0,0.143999999999928,288.0,,0.1425,0.0,0.0,0.003,0.02105263157894737,22879.83,45094.25,67974.08,0.0,-0.3268072182808506,-0.0,0.3268072182808506,1308327_YES.csv,1308327_YES
1771021740,2026-02-13 22:29:00,3,320.83333,46.199998,0.14399999526188878,15.399999333333334,,0.1425,0.0,0.0,0.003,0.02105263157894737,22879.83,45094.25,67974.08,0.0,-0.3268072182808506,-0.0,0.3268072182808506,1308327_YES.csv,1308327_YES
1771021860,2026-02-13 22:31:00,2,273.187776,38.740308999999996,0.14180835455777566,19.370154499999998,,0.1425,0.0,0.0,0.003,0.02105263157894737,22879.83,45094.25,67974.08,0.0,-0.3268072182808506,-0.0,0.3268072182808506,1308327_YES.csv,1308327_YES
1771021980,2026-02-13 22:33:00,1,13.888887,1.999999,0.1439999475736248,1.999999,,0.1425,0.0,0.0,0.003,0.02105263157894737,26453.69,46996.93,73450.62,5476.539999999994,-0.27968776846267607,0.0,0.27968776846267607,1308327_YES.csv,1308327_YES
1771022040,2026-02-13 22:34:00,1,6.944443,0.999999,0.1439998859312402,0.999999,,0.1425,0.0,0.0,0.003,0.02105263157894737,26453.69,46996.93,73450.62,0.0,-0.27968776846267607,-0.0,0.27968776846267607,1308327_YES.csv,1308327_YES
1771022100,2026-02-13 22:35:00,2,726.944443,102.519999,0.14102865767399364,51.2599995,,0.1425,0.0,0.0,0.003,0.02105263157894737,26453.69,46996.93,73450.62,0.0,-0.27968776846267607,-0.0,0.27968776846267607,1308327_YES.csv,1308327_YES
1771022160,2026-02-13 22:36:00,1,1740.65,245.43165,0.140999999999919,245.43165,,0.142,-0.0035087719298245723,0.0035087719298245723,0.004,0.028169014084507046,25005.28,59959.73,84965.01000000001,11514.390000000014,-0.41139817437789983,0.0,0.41139817437789983,1308327_YES.csv,1308327_YES
1771022280,2026-02-13 22:38:00,2,125.86,17.86626,0.14195344032939808,8.93313,,0.142,0.0,0.0,0.004,0.028169014084507046,25005.28,59959.73,84965.01000000001,0.0,-0.41139817437789983,-0.0,0.41139817437789983,1308327_YES.csv,1308327_YES
1771022400,2026-02-13 22:40:00,2,298.611108,42.999998000000005,0.1439999948021224,21.499999000000003,,0.142,0.0,0.0,0.004,0.028169014084507046,25005.28,59959.73,84965.01000000001,0.0,-0.41139817437789983,-0.0,0.41139817437789983,1308327_YES.csv,1308327_YES
1771022580,2026-02-13 22:43:00,1,290.0,40.6,0.13999999999951726,40.6,,0.142,0.0,0.0,0.004,0.028169014084507046,25005.28,59959.73,84965.01000000001,0.0,-0.41139817437789983,-0.0,0.41139817437789983,1308327_YES.csv,1308327_YES
1771022640,2026-02-13 22:44:00,2,210.384612,29.999998000000005,0.14259597084912937,14.999999000000003,,0.142,0.0,0.0,0.004,0.028169014084507046,25005.28,59959.73,84965.01000000001,0.0,-0.41139817437789983,-0.0,0.41139817437789983,1308327_YES.csv,1308327_YES
1771022760,2026-02-13 22:46:00,3,115.877829,16.519398000000002,0.14255874607261962,5.5064660000000005,,0.142,0.0,0.0,0.004,0.028169014084507046,25005.28,59959.73,84965.01000000001,0.0,-0.41139817437789983,-0.0,0.41139817437789983,1308327_YES.csv,1308327_YES
1771022820,2026-02-13 22:47:00,2,13804.33,1933.59887,0.14007191004560593,966.799435,,0.142,0.0,0.0,0.004,0.028169014084507046,25005.28,59959.73,84965.01000000001,0.0,-0.41139817437789983,-0.0,0.41139817437789983,1308327_YES.csv,1308327_YES
1771022880,2026-02-13 22:48:00,1,100.0,13.900000000000002,0.13899999999861,13.900000000000002,,0.1395,-0.017605633802816767,0.017605633802816767,0.001,0.007168458781362006,15984.16,54989.47,70973.63,-13991.380000000005,-0.5495746800607493,13991.380000000005,0.5495746800607493,1308327_YES.csv,1308327_YES
1771022940,2026-02-13 22:49:00,2,67.785712,9.489998000000002,0.13999997521395066,4.744999000000001,,0.1395,0.0,0.0,0.001,0.007168458781362006,15984.16,54989.47,70973.63,0.0,-0.5495746800607493,-0.0,0.5495746800607493,1308327_YES.csv,1308327_YES
1771023000,2026-02-13 22:50:00,2,1260.64,171.18640000000002,0.135793247873988,85.59320000000001,,0.1395,0.0,0.0,0.001,0.007168458781362006,15984.16,54989.47,70973.63,0.0,-0.5495746800607493,-0.0,0.5495746800607493,1308327_YES.csv,1308327_YES
1771023060,2026-02-13 22:51:00,3,118.22571199999999,16.523838,0.13976518068979984,5.5079460000000005,,0.138,-0.010752688172043001,0.010752688172043001,0.004,0.02898550724637681,16284.52,62011.9,78296.42,7322.789999999994,-0.5840290015814261,0.0,0.5840290015814261,1308327_YES.csv,1308327_YES
1771023120,2026-02-13 22:52:00,3,4424.624869,616.8299979999999,0.13940842811817147,205.60999933333332,,0.138,0.0,0.0,0.004,0.02898550724637681,16284.52,62011.9,78296.42,0.0,-0.5840290015814261,-0.0,0.5840290015814261,1308327_YES.csv,1308327_YES
1771023180,2026-02-13 22:53:00,3,138.171797,19.137119,0.13850235297917915,6.379039666666666,,0.138,0.0,0.0,0.004,0.02898550724637681,16284.52,62011.9,78296.42,0.0,-0.5840290015814261,-0.0,0.5840290015814261,1308327_YES.csv,1308327_YES
1771023240,2026-02-13 22:54:00,2,14.394243,1.979199,0.13749934608318762,0.9895995,,0.1375,-0.0036231884057971175,0.0036231884057971175,0.003,0.021818181818181816,17905.8,52824.67,70730.47,-7565.949999999997,-0.493689212018526,7565.949999999997,0.493689212018526,1308327_YES.csv,1308327_YES
1771023300,2026-02-13 22:55:00,2,28.522732,3.9438390000000005,0.1382700296683266,1.9719195000000003,,0.1375,0.0,0.0,0.003,0.021818181818181816,17905.8,52824.67,70730.47,0.0,-0.493689212018526,-0.0,0.493689212018526,1308327_YES.csv,1308327_YES
1771023360,2026-02-13 22:56:00,1,200.0,27.800000000000004,0.13899999999930504,27.800000000000004,,0.1375,0.0,0.0,0.003,0.021818181818181816,17905.8,52824.67,70730.47,0.0,-0.493689212018526,-0.0,0.493689212018526,1308327_YES.csv,1308327_YES
1771023420,2026-02-13 22:57:00,4,253.525176,35.239998,0.1389999942248773,8.8099995,,0.1375,0.0,0.0,0.003,0.021818181818181816,17690.51,52379.95,70070.45999999999,-660.0100000000093,-0.4950651101762427,660.0100000000093,0.4950651101762427,1308327_YES.csv,1308327_YES
1771023480,2026-02-13 22:58:00,1,20.0,2.78,0.13899999999305002,2.78,,0.1375,0.0,0.0,0.003,0.021818181818181816,17690.51,52379.95,70070.45999999999,0.0,-0.4950651101762427,-0.0,0.4950651101762427,1308327_YES.csv,1308327_YES
1771023540,2026-02-13 22:59:00,2,14.384243000000001,1.9778390000000001,0.13750038843632575,0.9889195000000001,,0.1375,0.0,0.0,0.003,0.021818181818181816,17690.51,52379.95,70070.45999999999,0.0,-0.4950651101762427,-0.0,0.4950651101762427,1308327_YES.csv,1308327_YES
1771023600,2026-02-13 23:00:00,1,4040.87,561.68093,0.1389999999999656,561.68093,,0.1375,0.0,0.0,0.003,0.021818181818181816,17159.07,52093.62,69252.69,-817.7699999999895,-0.5044504408420813,817.7699999999895,0.5044504408420813,1308327_YES.csv,1308327_YES
1771023660,2026-02-13 23:01:00,2,21.58,2.97088,0.13766821130038612,1.48544,,0.1375,0.0,0.0,0.003,0.021818181818181816,17159.07,52093.62,69252.69,0.0,-0.5044504408420813,-0.0,0.5044504408420813,1308327_YES.csv,1308327_YES
1771023780,2026-02-13 23:03:00,2,235.714284,32.999999,0.13999999677516364,16.4999995,,0.138,0.0036363636363636598,0.0036363636363636598,0.004,0.02898550724637681,17054.1,42983.33,60037.43,-9215.260000000002,-0.4318844094425761,9215.260000000002,0.4318844094425761,1308327_YES.csv,1308327_YES
1771023840,2026-02-13 23:04:00,3,18.229999999999997,2.5122400000000003,0.13780800876918226,0.8374133333333335,,0.138,0.0,0.0,0.004,0.02898550724637681,17054.1,42983.33,60037.43,0.0,-0.4318844094425761,-0.0,0.4318844094425761,1308327_YES.csv,1308327_YES
1771023900,2026-02-13 23:05:00,4,414.83571299999994,57.274799,0.1380662204458321,14.31869975,,0.138,0.0,0.0,0.004,0.02898550724637681,17054.1,42983.33,60037.43,0.0,-0.4318844094425761,-0.0,0.4318844094425761,1308327_YES.csv,1308327_YES
1771023960,2026-02-13 23:06:00,3,228.90857,32.047199000000006,0.13999999650454328,10.682399666666669,,0.138,0.0,0.0,0.004,0.02898550724637681,15011.66,42700.43,57712.09,-2325.340000000004,-0.4797741686360692,2325.340000000004,0.4797741686360692,1308327_YES.csv,1308327_YES
1771024020,2026-02-13 23:07:00,1,100.0,13.900000000000002,0.13899999999861,13.900000000000002,,0.138,0.0,0.0,0.004,0.02898550724637681,15011.66,42700.43,57712.09,0.0,-0.4797741686360692,-0.0,0.4797741686360692,1308327_YES.csv,1308327_YES
1771024080,2026-02-13 23:08:00,3,1424.247551,197.97040800000002,0.1389999988842256,65.990136,,0.138,0.0,0.0,0.004,0.02898550724637681,15011.66,42700.43,57712.09,0.0,-0.4797741686360692,-0.0,0.4797741686360692,1308327_YES.csv,1308327_YES
1771024140,2026-02-13 23:09:00,1,694.44,94.44384,0.13599999999980417,94.44384,,0.1375,-0.0036231884057971175,0.0036231884057971175,0.003,0.021818181818181816,14987.05,49613.16,64600.21000000001,6888.12000000001,-0.5360061523019817,0.0,0.5360061523019817,1308327_YES.csv,1308327_YES
1771024200,2026-02-13 23:10:00,1,297.67,41.07846000000001,0.1379999999995364,41.07846000000001,,0.1375,0.0,0.0,0.003,0.021818181818181816,14987.05,49613.16,64600.21000000001,0.0,-0.5360061523019817,-0.0,0.5360061523019817,1308327_YES.csv,1308327_YES
1771024320,2026-02-13 23:12:00,1,175.827337,24.439999,0.13899999520473316,24.439999,,0.1355,-0.014545454545454528,0.014545454545454528,0.007,0.051660516605166046,16927.29,49954.54,66881.83,2281.6199999999953,-0.49381498682078523,0.0,0.49381498682078523,1308327_YES.csv,1308327_YES
1771024380,2026-02-13 23:13:00,2,31.618488,4.2743590000000005,0.13518543327767016,2.1371795000000002,,0.1355,0.0,0.0,0.007,0.051660516605166046,16927.29,49954.54,66881.83,0.0,-0.49381498682078523,-0.0,0.49381498682078523,1308327_YES.csv,1308327_YES
1771024500,2026-02-13 23:15:00,1,362.318839,49.999999,0.1379999978412991,49.999999,,0.135,-0.0036900369003689537,0.0036900369003689537,0.006,0.04444444444444444,16845.42,32185.24,49030.66,-17851.17,-0.3128617889296208,17851.17,0.3128617889296208,1308327_YES.csv,1308327_YES
1771024560,2026-02-13 23:16:00,3,55.211883,7.50536,0.13593740318300795,2.5017866666666664,,0.135,0.0,0.0,0.006,0.04444444444444444,16845.42,32185.24,49030.66,0.0,-0.3128617889296208,-0.0,0.3128617889296208,1308327_YES.csv,1308327_YES
1771024620,2026-02-13 23:17:00,1,36.231883,5.0,0.13800000402579132,5.0,,0.135,0.0,0.0,0.006,0.04444444444444444,16845.42,32185.24,49030.66,0.0,-0.3128617889296208,-0.0,0.3128617889296208,1308327_YES.csv,1308327_YES
1771024680,2026-02-13 23:18:00,9,840.710279,113.19027400000002,0.1346364815885228,12.576697111111113,,0.135,0.0,0.0,0.006,0.04444444444444444,16123.6,31896.95,48020.55,-1010.1100000000006,-0.32847083175848674,1010.1100000000006,0.32847083175848674,1308327_YES.csv,1308327_YES
1771024800,2026-02-13 23:20:00,1,396.0,54.648,0.13799999999965154,54.648,,0.135,0.0,0.0,0.006,0.04444444444444444,16123.6,31896.95,48020.55,0.0,-0.32847083175848674,-0.0,0.32847083175848674,1308327_YES.csv,1308327_YES
1771024860,2026-02-13 23:21:00,5,12703.700828000001,1771.6289179999999,0.13945770149868808,354.32578359999997,,0.137,0.014814814814814836,0.014814814814814836,0.004,0.029197080291970802,12591.31,27264.41,39855.72,-8164.830000000002,-0.36815543666003275,8164.830000000002,0.36815543666003275,1308327_YES.csv,1308327_YES
1771024920,2026-02-13 23:22:00,3,8174.91,1177.09864,0.14398918642527636,392.3662133333333,,0.137,0.0,0.0,0.004,0.029197080291970802,12591.31,27264.41,39855.72,0.0,-0.36815543666003275,-0.0,0.36815543666003275,1308327_YES.csv,1308327_YES
1771024980,2026-02-13 23:23:00,3,109.862066,15.929998000000001,0.14499998570803319,5.309999333333334,,0.137,0.0,0.0,0.004,0.029197080291970802,12591.31,27264.41,39855.72,0.0,-0.36815543666003275,-0.0,0.36815543666003275,1308327_YES.csv,1308327_YES
1771025040,2026-02-13 23:24:00,2,6390.42,926.6209,0.1450015648423507,463.31045,,0.1475,0.07664233576642321,0.07664233576642321,0.005,0.03389830508474576,9893.02,4969.21,14862.23,-24993.49,0.3312968511454876,24993.49,0.3312968511454876,1308327_YES.csv,1308327_YES
1771025100,2026-02-13 23:25:00,3,61.44,8.417280000000002,0.1369999999977702,2.8057600000000007,,0.1475,0.0,0.0,0.005,0.03389830508474576,9893.02,4969.21,14862.23,0.0,0.3312968511454876,-0.0,0.3312968511454876,1308327_YES.csv,1308327_YES
1771025160,2026-02-13 23:26:00,3,374.156605,55.365418,0.14797391589506223,18.45513933333333,,0.1475,0.0,0.0,0.005,0.03389830508474576,9893.02,4969.21,14862.23,0.0,0.3312968511454876,-0.0,0.3312968511454876,1308327_YES.csv,1308327_YES
1771025280,2026-02-13 23:28:00,2,804.376755,114.224479,0.14200370447037344,57.1122395,,0.1475,0.0,0.0,0.005,0.03389830508474576,9893.02,4969.21,14862.23,0.0,0.3312968511454876,-0.0,0.3312968511454876,1308327_YES.csv,1308327_YES
1771025340,2026-02-13 23:29:00,3,621.310343,85.783679,0.13806896982537742,28.59455966666667,,0.1475,0.0,0.0,0.005,0.03389830508474576,9893.02,4969.21,14862.23,0.0,0.3312968511454876,-0.0,0.3312968511454876,1308327_YES.csv,1308327_YES
1771025400,2026-02-13 23:30:00,2,754.45,102.16515000000001,0.1354167274171444,51.082575000000006,,0.141,-0.044067796610169574,0.044067796610169574,0.008,0.056737588652482275,4837.95,11016.88,15854.829999999998,992.5999999999985,-0.3897190950644063,0.0,0.3897190950644063,1308327_YES.csv,1308327_YES
1771025460,2026-02-13 23:31:00,1,71.811593,9.909999,0.1379999883843546,9.909999,,0.141,0.0,0.0,0.008,0.056737588652482275,4837.95,11016.88,15854.829999999998,0.0,-0.3897190950644063,-0.0,0.3897190950644063,1308327_YES.csv,1308327_YES
1771025520,2026-02-13 23:32:00,2,14.299268999999999,1.958999,0.13699994033702004,0.9794995,,0.141,0.0,0.0,0.008,0.056737588652482275,4837.95,11016.88,15854.829999999998,0.0,-0.3897190950644063,-0.0,0.3897190950644063,1308327_YES.csv,1308327_YES
1771025640,2026-02-13 23:34:00,2,58.0,7.732,0.13331034482528775,3.866,,0.141,0.0,0.0,0.008,0.056737588652482275,4837.95,11016.88,15854.829999999998,0.0,-0.3897190950644063,-0.0,0.3897190950644063,1308327_YES.csv,1308327_YES
1771025700,2026-02-13 23:35:00,1,613.18,81.55293999999999,0.1329999999997831,81.55293999999999,,0.141,0.0,0.0,0.008,0.056737588652482275,4837.95,11016.88,15854.829999999998,0.0,-0.3897190950644063,-0.0,0.3897190950644063,1308327_YES.csv,1308327_YES
1771025760,2026-02-13 23:36:00,1,100.0,13.3,0.13299999999867002,13.3,,0.1325,-0.06028368794326222,0.06028368794326222,0.001,0.007547169811320755,16216.42,29880.35,46096.77,30241.94,-0.296418382459335,0.0,0.296418382459335,1308327_YES.csv,1308327_YES
1771025820,2026-02-13 23:37:00,2,23.78,3.15896,0.1328410428876013,1.57948,,0.1325,0.0,0.0,0.001,0.007547169811320755,16216.42,29880.35,46096.77,0.0,-0.296418382459335,-0.0,0.296418382459335,1308327_YES.csv,1308327_YES
1771025880,2026-02-13 23:38:00,3,1403.5800000000002,184.69845000000004,0.1315909673833115,61.566150000000015,,0.1325,0.0,0.0,0.001,0.007547169811320755,16216.42,29880.35,46096.77,0.0,-0.296418382459335,-0.0,0.296418382459335,1308327_YES.csv,1308327_YES
1771025940,2026-02-13 23:39:00,40,3958.456323,519.1261010000001,0.13114357179680536,12.978152525000002,,0.132,-0.0037735849056603765,0.0037735849056603765,0.002,0.015151515151515152,40935.26,29393.96,70329.22,24232.450000000004,0.16410391015284972,0.0,0.16410391015284972,1308327_YES.csv,1308327_YES
1771026000,2026-02-13 23:40:00,44,359.590844,47.429957,0.13189979052933865,1.0779535681818182,,0.132,0.0,0.0,0.002,0.015151515151515152,40935.26,29393.96,70329.22,0.0,0.16410391015284972,-0.0,0.16410391015284972,1308327_YES.csv,1308327_YES
1771026060,2026-02-13 23:41:00,79,632.651397,83.509921,0.13199989978030188,1.0570876075949367,,0.132,0.0,0.0,0.002,0.015151515151515152,40935.26,29393.96,70329.22,0.0,0.16410391015284972,-0.0,0.16410391015284972,1308327_YES.csv,1308327_YES
1771026120,2026-02-13 23:42:00,22,2217.626134,288.291387,0.1299999953012233,13.104153954545454,,0.129,-0.022727272727272707,0.022727272727272707,0.002,0.015503875968992248,9955.29,42608.16,52563.450000000004,-17765.769999999997,-0.6212086535415768,17765.769999999997,0.6212086535415768,1308327_YES.csv,1308327_YES
1771026180,2026-02-13 23:43:00,3,122.303074,15.899397999999998,0.12999998675315383,5.299799333333333,,0.129,0.0,0.0,0.002,0.015503875968992248,9955.29,42608.16,52563.450000000004,0.0,-0.6212086535415768,-0.0,0.6212086535415768,1308327_YES.csv,1308327_YES
1771026300,2026-02-13 23:45:00,2,11.392306000000001,1.473599,0.1293503703175326,0.7367995,,0.129,0.0,0.0,0.002,0.015503875968992248,9789.96,32011.61,41801.57,-10761.880000000005,-0.5315984543164288,10761.880000000005,0.5315984543164288,1308327_YES.csv,1308327_YES
1771026360,2026-02-13 23:46:00,6,790.769223,102.539995,0.1296712011765667,17.08999916666667,,0.129,0.0,0.0,0.002,0.015503875968992248,9789.96,32011.61,41801.57,0.0,-0.5315984543164288,-0.0,0.5315984543164288,1308327_YES.csv,1308327_YES
1771026420,2026-02-13 23:47:00,2,59.370000000000005,7.6429,0.12873336701821234,3.82145,,0.129,0.0,0.0,0.002,0.015503875968992248,9789.96,32011.61,41801.57,0.0,-0.5315984543164288,-0.0,0.5315984543164288,1308327_YES.csv,1308327_YES
1771026540,2026-02-13 23:49:00,2,3406.03,437.97184000000004,0.12858719388844825,218.98592000000002,,0.129,0.0,0.0,0.002,0.015503875968992248,9789.96,32011.61,41801.57,0.0,-0.5315984543164288,-0.0,0.5315984543164288,1308327_YES.csv,1308327_YES
1771026600,2026-02-13 23:50:00,3,104.12153699999999,13.444479,0.12912294024118062,4.4814929999999995,,0.129,0.0,0.0,0.002,0.015503875968992248,9789.96,32011.61,41801.57,0.0,-0.5315984543164288,-0.0,0.5315984543164288,1308327_YES.csv,1308327_YES
1771026660,2026-02-13 23:51:00,2,510.0,64.95,0.1273529411762209,32.475,,0.1285,-0.003875968992248069,0.003875968992248069,0.003,0.023346303501945526,12989.62,35320.060000000005,48309.68000000001,6508.110000000008,-0.46223531184640426,0.0,0.46223531184640426,1308327_YES.csv,1308327_YES
1771026720,2026-02-13 23:52:00,3,4687.72846,609.4046989999999,0.12999999982931387,203.13489966666666,,0.1285,0.0,0.0,0.003,0.023346303501945526,12989.62,35320.060000000005,48309.68000000001,0.0,-0.46223531184640426,-0.0,0.46223531184640426,1308327_YES.csv,1308327_YES
1771026780,2026-02-13 23:53:00,13,21376.118663,2780.772697,0.13008782093884608,213.90559207692306,,0.1285,0.0,0.0,0.003,0.023346303501945526,12989.62,35320.060000000005,48309.68000000001,0.0,-0.46223531184640426,-0.0,0.46223531184640426,1308327_YES.csv,1308327_YES
1771026840,2026-02-13 23:54:00,2,18.09,2.3665,0.13081813155716873,1.18325,,0.131,0.01945525291828787,0.01945525291828787,0.002,0.015267175572519083,28041.83,9282.37,37324.200000000004,-10985.480000000003,0.5026084952925983,10985.480000000003,0.5026084952925983,1308327_YES.csv,1308327_YES
1771026900,2026-02-13 23:55:00,1,20.0,2.62,0.13099999999345,2.62,,0.131,0.0,0.0,0.002,0.015267175572519083,28041.83,9282.37,37324.200000000004,0.0,0.5026084952925983,-0.0,0.5026084952925983,1308327_YES.csv,1308327_YES
1771026960,2026-02-13 23:56:00,6,8208.351918,1093.717427,0.13324446099849424,182.28623783333333,,0.131,0.0,0.0,0.002,0.015267175572519083,28041.83,9282.37,37324.200000000004,0.0,0.5026084952925983,-0.0,0.5026084952925983,1308327_YES.csv,1308327_YES
1771027020,2026-02-13 23:57:00,3,218.571427,31.049999000000003,0.14205881997493636,10.349999666666667,,0.136,0.03816793893129766,0.03816793893129766,0.008,0.058823529411764705,23279.75,6092.89,29372.64,-7951.560000000005,0.5851316054668563,7951.560000000005,0.5851316054668563,1308327_YES.csv,1308327_YES
1771027080,2026-02-13 23:58:00,4,1399.517238,202.832998,0.14493068930663294,50.7082495,,0.136,0.0,0.0,0.008,0.058823529411764705,23279.75,6092.89,29372.64,0.0,0.5851316054668563,-0.0,0.5851316054668563,1308327_YES.csv,1308327_YES
1771027140,2026-02-13 23:59:00,1,140.0,18.65,0.13321428571333419,18.65,,0.136,0.0,0.0,0.008,0.058823529411764705,23279.75,6092.89,29372.64,0.0,0.5851316054668563,-0.0,0.5851316054668563,1308327_YES.csv,1308327_YES
1771027200,2026-02-14 00:00:00,3,310.42366,43.862039,0.14129734505372016,14.620679666666668,,0.138,0.014705882352941124,0.014705882352941124,0.01,0.07246376811594202,34530.99,8286.01,42817.0,13444.36,0.6129570030595324,0.0,0.6129570030595324,1308327_YES.csv,1308327_YES
1771027260,2026-02-14 00:01:00,5,959.1268660000001,148.129458,0.1544419859883745,29.6258916,,0.138,0.0,0.0,0.01,0.07246376811594202,34530.99,8286.01,42817.0,0.0,0.6129570030595324,-0.0,0.6129570030595324,1308327_YES.csv,1308327_YES
1771027320,2026-02-14 00:02:00,4,1465.60375,233.67795999999998,0.15944143156009294,58.419489999999996,,0.138,0.0,0.0,0.01,0.07246376811594202,34530.99,8286.01,42817.0,0.0,0.6129570030595324,-0.0,0.6129570030595324,1308327_YES.csv,1308327_YES
1771027380,2026-02-14 00:03:00,4,133.51,19.36431,0.14504014680439636,4.8410775,,0.1515,0.09782608695652151,0.09782608695652151,0.003,0.019801980198019802,26142.46,5229.93,31372.39,-11444.61,0.6665902725294438,11444.61,0.6665902725294438,1308327_YES.csv,1308327_YES
1771027440,2026-02-14 00:04:00,1,28.57,4.02837,0.14099999999506474,4.02837,,0.1515,0.0,0.0,0.003,0.019801980198019802,26142.46,5229.93,31372.39,0.0,0.6665902725294438,-0.0,0.6665902725294438,1308327_YES.csv,1308327_YES
1771027500,2026-02-14 00:05:00,1,911.242436,145.659999,0.15984769063129997,145.659999,,0.1515,0.0,0.0,0.003,0.019801980198019802,26142.46,5229.93,31372.39,0.0,0.6665902725294438,-0.0,0.6665902725294438,1308327_YES.csv,1308327_YES
1771027560,2026-02-14 00:06:00,1,164.9375,26.39,0.15999999999902995,26.39,,0.1525,0.0066006600660066805,0.0066006600660066805,0.015,0.09836065573770492,26147.97,2585.23,28733.2,-2639.1899999999987,0.8200527612657136,2639.1899999999987,0.8200527612657136,1308327_YES.csv,1308327_YES
1771027620,2026-02-14 00:07:00,1,6.666665,0.999999,0.14999988747747184,0.999999,,0.1525,0.0,0.0,0.015,0.09836065573770492,26147.97,2585.23,28733.2,0.0,0.8200527612657136,-0.0,0.8200527612657136,1308327_YES.csv,1308327_YES
1771027680,2026-02-14 00:08:00,4,2071.374507,341.627538,0.16492794366510716,85.4068845,,0.1525,0.0,0.0,0.015,0.09836065573770492,26147.97,2585.23,28733.2,0.0,0.8200527612657136,-0.0,0.8200527612657136,1308327_YES.csv,1308327_YES
1771027740,2026-02-14 00:09:00,3,1214.027221,209.13715900000003,0.17226727323919513,69.71238633333334,,0.153,0.003278688524590123,0.003278688524590123,0.034,0.22222222222222224,16695.5,1580.08,18275.58,-10457.619999999999,0.8270829161099127,10457.619999999999,0.8270829161099127,1308327_YES.csv,1308327_YES
1771027800,2026-02-14 00:10:00,4,1127.0,176.08568,0.15624283939648959,44.02142,,0.153,0.0,0.0,0.034,0.22222222222222224,16695.5,1580.08,18275.58,0.0,0.8270829161099127,-0.0,0.8270829161099127,1308327_YES.csv,1308327_YES
1771027920,2026-02-14 00:12:00,1,253.354429,39.999999,0.15788158572054056,39.999999,,0.1525,-0.0032679738562091387,0.0032679738562091387,0.011,0.0721311475409836,13552.99,1620.39,15173.38,-3102.2000000000025,0.7864167377341107,3102.2000000000025,0.7864167377341107,1308327_YES.csv,1308327_YES
1771027980,2026-02-14 00:13:00,2,2269.0699609999997,372.239998,0.1640495905361095,186.119999,,0.1525,0.0,0.0,0.011,0.0721311475409836,13552.99,1620.39,15173.38,0.0,0.7864167377341107,-0.0,0.7864167377341107,1308327_YES.csv,1308327_YES
1771028040,2026-02-14 00:14:00,2,4081.25,601.24805,0.14731958346091337,300.624025,,0.1525,0.0,0.0,0.011,0.0721311475409836,13552.99,1620.39,15173.38,0.0,0.7864167377341107,-0.0,0.7864167377341107,1308327_YES.csv,1308327_YES
1771028100,2026-02-14 00:15:00,8,2541.809997,421.33889800000003,0.165763333410886,52.667362250000004,,0.153,0.003278688524590123,0.003278688524590123,0.01,0.06535947712418301,13203.67,745.3,13948.97,-1224.4099999999999,0.8931390633143523,1224.4099999999999,0.8931390633143523,1308327_YES.csv,1308327_YES
1771028160,2026-02-14 00:16:00,2,405.86,64.9646,0.1600665254024539,32.4823,,0.153,0.0,0.0,0.01,0.06535947712418301,13203.67,745.3,13948.97,0.0,0.8931390633143523,-0.0,0.8931390633143523,1308327_YES.csv,1308327_YES
1771028220,2026-02-14 00:17:00,5,3213.734936,494.779298,0.15395771831004734,98.9558596,,0.153,0.0,0.0,0.01,0.06535947712418301,13203.67,745.3,13948.97,0.0,0.8931390633143523,-0.0,0.8931390633143523,1308327_YES.csv,1308327_YES
1771028280,2026-02-14 00:18:00,5,892.725787,139.211998,0.15594037948390085,27.8423996,,0.1485,-0.02941176470588236,0.02941176470588236,0.007,0.04713804713804714,18997.78,183.42,19181.199999999997,5232.229999999998,0.9808750234604718,0.0,0.9808750234604718,1308327_YES.csv,1308327_YES
1771028340,2026-02-14 00:19:00,39,1291.143891,211.94372900000002,0.16415190473904806,5.4344545897435905,,0.1485,0.0,0.0,0.007,0.04713804713804714,18997.78,183.42,19181.199999999997,0.0,0.9808750234604718,-0.0,0.9808750234604718,1308327_YES.csv,1308327_YES
1771028400,2026-02-14 00:20:00,1,6.289307,0.999999,0.1589998707076948,0.999999,,0.1485,0.0,0.0,0.007,0.04713804713804714,18997.78,183.42,19181.199999999997,0.0,0.9808750234604718,-0.0,0.9808750234604718,1308327_YES.csv,1308327_YES
1771028460,2026-02-14 00:21:00,2,1930.42,292.20124000000004,0.1513666663212402,146.10062000000002,,0.1555,0.047138047138047146,0.047138047138047146,0.007,0.04501607717041801,2787.78,14746.36,17534.14,-1647.0599999999977,-0.6820169110090373,1647.0599999999977,0.6820169110090373,1308327_YES.csv,1308327_YES
1771028520,2026-02-14 00:22:00,2,2930.859684,438.804459,0.149718685406657,219.4022295,,0.1555,0.0,0.0,0.007,0.04501607717041801,2787.78,14746.36,17534.14,0.0,-0.6820169110090373,-0.0,0.6820169110090373,1308327_YES.csv,1308327_YES
1771028580,2026-02-14 00:23:00,3,1156.8,173.697,0.1501530082986254,57.899,,0.1555,0.0,0.0,0.007,0.04501607717041801,2787.78,14746.36,17534.14,0.0,-0.6820169110090373,-0.0,0.6820169110090373,1308327_YES.csv,1308327_YES
1771028640,2026-02-14 00:24:00,2,19.407697,2.999998,0.15457774303903352,1.499999,,0.153,-0.016077170418006492,0.016077170418006492,0.002,0.013071895424836602,10187.59,1070.72,11258.31,-6275.83,0.809790279358092,6275.83,0.809790279358092,1308327_YES.csv,1308327_YES
1771028700,2026-02-14 00:25:00,4,1390.337875,216.93808,0.15603263343440454,54.23452,,0.153,0.0,0.0,0.002,0.013071895424836602,10187.59,1070.72,11258.31,0.0,0.809790279358092,-0.0,0.809790279358092,1308327_YES.csv,1308327_YES
1771028760,2026-02-14 00:26:00,1,32.89,5.059279999999999,0.15382426268915098,5.059279999999999,,0.153,0.0,0.0,0.002,0.013071895424836602,10187.59,1070.72,11258.31,0.0,0.809790279358092,-0.0,0.809790279358092,1308327_YES.csv,1308327_YES
1771028820,2026-02-14 00:27:00,2,211.548386,32.789999,0.15499999607581502,16.3949995,,0.1535,0.0032679738562091387,0.0032679738562091387,0.003,0.01954397394136808,17128.11,10574.24,27702.35,16444.04,0.23658173404061392,0.0,0.23658173404061392,1308327_YES.csv,1308327_YES
1771028880,2026-02-14 00:28:00,3,218.451611,33.859999,0.15499999677203113,11.286666333333335,,0.1535,0.0,0.0,0.003,0.01954397394136808,17128.11,10574.24,27702.35,0.0,0.23658173404061392,-0.0,0.23658173404061392,1308327_YES.csv,1308327_YES
1771029000,2026-02-14 00:30:00,1,62.45,9.55485,0.15299999999755004,9.55485,,0.1535,0.0,0.0,0.001,0.006514657980456026,17760.86,11970.0,29730.86,2028.510000000002,0.19477606769531727,0.0,0.19477606769531727,1308327_YES.csv,1308327_YES
1771029060,2026-02-14 00:31:00,2,16.329112000000002,2.499999,0.15310073198388854,1.2499995,,0.1535,0.0,0.0,0.001,0.006514657980456026,17760.86,11970.0,29730.86,0.0,0.19477606769531727,-0.0,0.19477606769531727,1308327_YES.csv,1308327_YES
1771029120,2026-02-14 00:32:00,4,988.438442,161.42999600000002,0.1633182089450105,40.357499000000004,,0.1535,0.0,0.0,0.001,0.006514657980456026,17760.86,11970.0,29730.86,0.0,0.19477606769531727,-0.0,0.19477606769531727,1308327_YES.csv,1308327_YES
1771029180,2026-02-14 00:33:00,5,4238.236946,706.989996,0.16681228657285957,141.39799920000002,,0.1625,0.05863192182410426,0.05863192182410426,0.005,0.030769230769230767,14150.69,12756.42,26907.11,-2823.75,0.05181790240572103,2823.75,0.05181790240572103,1308327_YES.csv,1308327_YES
1771029300,2026-02-14 00:35:00,2,2437.5758760000003,400.999998,0.16450769879535654,200.499999,,0.1625,0.0,0.0,0.005,0.030769230769230767,14150.69,12756.42,26907.11,0.0,0.05181790240572103,-0.0,0.05181790240572103,1308327_YES.csv,1308327_YES
1771029360,2026-02-14 00:36:00,2,1006.06,165.79372999999998,0.1647950718643373,82.89686499999999,,0.1605,-0.012307692307692353,0.012307692307692353,0.005,0.03115264797507788,11611.13,14471.66,26082.79,-824.3199999999997,-0.109671166313113,824.3199999999997,0.109671166313113,1308327_YES.csv,1308327_YES
1771029420,2026-02-14 00:37:00,3,599.1853619999999,97.26539799999999,0.16232939615744094,32.42179933333333,,0.1605,0.0,0.0,0.005,0.03115264797507788,11611.13,14471.66,26082.79,0.0,-0.109671166313113,-0.0,0.109671166313113,1308327_YES.csv,1308327_YES
1771029540,2026-02-14 00:39:00,4,756.59701,120.786728,0.15964473346232277,30.196682,,0.1615,0.006230529595015577,0.006230529595015577,0.005,0.030959752321981424,12116.18,13773.71,25889.89,-192.90000000000146,-0.06402228823683681,192.90000000000146,0.06402228823683681,1308327_YES.csv,1308327_YES
1771029660,2026-02-14 00:41:00,2,165.404906,27.107999,0.1638887240734934,13.5539995,,0.1615,0.0,0.0,0.005,0.030959752321981424,12116.18,13773.71,25889.89,0.0,-0.06402228823683681,-0.0,0.06402228823683681,1308327_YES.csv,1308327_YES
1771029720,2026-02-14 00:42:00,3,2395.720705,394.27999700000004,0.16457677899470974,131.42666566666668,,0.16,-0.009287925696594423,0.009287925696594423,0.008,0.05,2253.55,13498.59,15752.14,-10137.75,-0.7138737974649795,10137.75,0.7138737974649795,1308327_YES.csv,1308327_YES
1771029780,2026-02-14 00:43:00,2,641.768291,100.635739,0.1568100830332909,50.3178695,,0.16,0.0,0.0,0.008,0.05,2253.55,13498.59,15752.14,0.0,-0.7138737974649795,-0.0,0.7138737974649795,1308327_YES.csv,1308327_YES
1771029840,2026-02-14 00:44:00,1,12.5,2.0,0.1599999999872,2.0,,0.16,0.0,0.0,0.008,0.05,2253.55,13498.59,15752.14,0.0,-0.7138737974649795,-0.0,0.7138737974649795,1308327_YES.csv,1308327_YES
1771029900,2026-02-14 00:45:00,1,26.71,4.16676,0.15599999999415948,4.16676,,0.1565,-0.021874999999999978,0.021874999999999978,0.003,0.019169329073482427,2021.84,10225.69,12247.53,-3504.6099999999988,-0.669837101848291,3504.6099999999988,0.669837101848291,1308327_YES.csv,1308327_YES
1771029960,2026-02-14 00:46:00,2,109.054266,16.985439,0.15575217387501603,8.4927195,,0.1565,0.0,0.0,0.003,0.019169329073482427,2021.84,10225.69,12247.53,0.0,-0.669837101848291,-0.0,0.669837101848291,1308327_YES.csv,1308327_YES
1771030020,2026-02-14 00:47:00,4,1037.3894249999998,158.259979,0.15255599795597247,39.56499475,,0.1565,0.0,0.0,0.003,0.019169329073482427,2021.84,10225.69,12247.53,0.0,-0.669837101848291,-0.0,0.669837101848291,1308327_YES.csv,1308327_YES
1771030080,2026-02-14 00:48:00,3,262.85714,40.532228,0.15419869515374704,13.510742666666667,,0.1525,-0.025559105431309903,0.025559105431309903,0.003,0.019672131147540985,12653.42,5920.35,18573.77,6326.24,0.3625042196603059,0.0,0.3625042196603059,1308327_YES.csv,1308327_YES
1771030140,2026-02-14 00:49:00,4,151.949615,23.817868,0.15674845901941412,5.954467,,0.1525,0.0,0.0,0.003,0.019672131147540985,12653.42,5920.35,18573.77,0.0,0.3625042196603059,-0.0,0.3625042196603059,1308327_YES.csv,1308327_YES
1771030200,2026-02-14 00:50:00,1,3.01,0.4605299999999999,0.15299999994916944,0.4605299999999999,,0.1525,0.0,0.0,0.003,0.019672131147540985,12653.42,5920.35,18573.77,0.0,0.3625042196603059,-0.0,0.3625042196603059,1308327_YES.csv,1308327_YES
1771030260,2026-02-14 00:51:00,3,112.61000000000001,17.56716,0.15599999999861466,5.855720000000001,,0.1545,0.013114754098360715,0.013114754098360715,0.003,0.01941747572815534,15870.29,7527.719999999999,23398.010000000002,4824.240000000002,0.35655040749191924,0.0,0.35655040749191924,1308327_YES.csv,1308327_YES
1771030320,2026-02-14 00:52:00,3,60.56,9.64424,0.15925099075034263,3.2147466666666666,,0.1545,0.0,0.0,0.003,0.01941747572815534,15870.29,7527.719999999999,23398.010000000002,0.0,0.35655040749191924,-0.0,0.35655040749191924,1308327_YES.csv,1308327_YES
1771030440,2026-02-14 00:54:00,2,20.867923,3.3179990000000004,0.15899996371660943,1.6589995000000002,,0.157,0.016181229773462702,0.016181229773462702,0.004,0.025477707006369428,19605.09,9396.99,29002.08,5604.07,0.3519782029426855,0.0,0.3519782029426855,1308327_YES.csv,1308327_YES
1771030500,2026-02-14 00:55:00,1,5.0,0.775,0.154999999969,0.775,,0.157,0.0,0.0,0.004,0.025477707006369428,19605.09,9396.99,29002.08,0.0,0.3519782029426855,-0.0,0.3519782029426855,1308327_YES.csv,1308327_YES
1771030560,2026-02-14 00:56:00,1,8.21,1.27255,0.15499999998112057,1.27255,,0.157,0.0,0.0,0.004,0.025477707006369428,19605.09,9396.99,29002.08,0.0,0.3519782029426855,-0.0,0.3519782029426855,1308327_YES.csv,1308327_YES
1771030620,2026-02-14 00:57:00,2,325.786162,51.799999,0.1589999976728324,25.8999995,,0.1575,0.0031847133757962887,0.0031847133757962887,0.003,0.01904761904761905,9932.38,9001.63,18934.01,-10068.070000000003,0.04915757412191079,10068.070000000003,0.04915757412191079,1308327_YES.csv,1308327_YES
1771030680,2026-02-14 00:58:00,1,636.942674,99.999999,0.1569999987154935,99.999999,,0.1575,0.0,0.0,0.003,0.01904761904761905,9932.38,9001.63,18934.01,0.0,0.04915757412191079,-0.0,0.04915757412191079,1308327_YES.csv,1308327_YES
1771030740,2026-02-14 00:59:00,2,34.980000000000004,5.54244,0.1584459691206848,2.77122,,0.1575,0.0,0.0,0.003,0.01904761904761905,9932.38,9001.63,18934.01,0.0,0.04915757412191079,-0.0,0.04915757412191079,1308327_YES.csv,1308327_YES
1771030800,2026-02-14 01:00:00,2,157.743901,25.799999,0.16355623790384416,12.8999995,,0.1615,0.02539682539682553,0.02539682539682553,0.003,0.018575851393188854,8030.75,12300.18,20330.93,1396.920000000002,-0.20999678814495945,0.0,0.20999678814495945,1308327_YES.csv,1308327_YES
1771030860,2026-02-14 01:01:00,2,258.185184,42.058999,0.1629024498936279,21.0294995,,0.1615,0.0,0.0,0.003,0.018575851393188854,8030.75,12300.18,20330.93,0.0,-0.20999678814495945,-0.0,0.20999678814495945,1308327_YES.csv,1308327_YES
1771030920,2026-02-14 01:02:00,1,6.172838,0.999999,0.16199987750172612,0.999999,,0.1615,0.0,0.0,0.003,0.018575851393188854,8030.75,12300.18,20330.93,0.0,-0.20999678814495945,-0.0,0.20999678814495945,1308327_YES.csv,1308327_YES
1771031040,2026-02-14 01:04:00,3,163.72,25.7392,0.1572147569010676,8.579733333333333,,0.1615,0.0,0.0,0.003,0.018575851393188854,8030.75,12300.18,20330.93,0.0,-0.20999678814495945,-0.0,0.20999678814495945,1308327_YES.csv,1308327_YES
1771031100,2026-02-14 01:05:00,1,25.0,4.0,0.1599999999936,4.0,,0.1615,0.0,0.0,0.003,0.018575851393188854,8030.75,12300.18,20330.93,0.0,-0.20999678814495945,-0.0,0.20999678814495945,1308327_YES.csv,1308327_YES
1771031160,2026-02-14 01:06:00,3,278.92221900000004,44.79549800000001,0.1606021139529203,14.93183266666667,,0.159,-0.01547987616099078,0.01547987616099078,0.006,0.03773584905660377,8489.130000000001,10365.83,18854.96,-1475.9700000000012,-0.0995334914526469,1475.9700000000012,0.0995334914526469,1308327_YES.csv,1308327_YES
1771031280,2026-02-14 01:08:00,2,86.211179,13.479999000000001,0.15636022098530444,6.739999500000001,,0.159,0.0,0.0,0.006,0.03773584905660377,8489.130000000001,10365.83,18854.96,0.0,-0.0995334914526469,-0.0,0.0995334914526469,1308327_YES.csv,1308327_YES
1771031340,2026-02-14 01:09:00,1,0.14,0.02184,0.15599999888571428,0.02184,,0.158,-0.0062893081761006275,0.0062893081761006275,0.004,0.02531645569620253,7700.05,4420.94,12120.99,-6733.969999999999,0.27053153249033296,6733.969999999999,0.27053153249033296,1308327_YES.csv,1308327_YES
1771031400,2026-02-14 01:10:00,3,1087.08,168.65240000000003,0.15514258380233736,56.217466666666674,,0.158,0.0,0.0,0.004,0.02531645569620253,7700.05,4420.94,12120.99,0.0,0.27053153249033296,-0.0,0.27053153249033296,1308327_YES.csv,1308327_YES
1771031460,2026-02-14 01:11:00,2,1259.71875,201.0,0.15955942546686747,100.5,,0.158,0.0,0.0,0.004,0.02531645569620253,7700.05,4420.94,12120.99,0.0,0.27053153249033296,-0.0,0.27053153249033296,1308327_YES.csv,1308327_YES
1771031520,2026-02-14 01:12:00,3,1307.65,202.26386,0.1546773677970751,67.42128666666666,,0.1575,-0.0031645569620253333,0.0031645569620253333,0.005,0.031746031746031744,16185.82,5102.31,21288.13,9167.140000000001,0.5206427243726902,0.0,0.5206427243726902,1308327_YES.csv,1308327_YES
1771031580,2026-02-14 01:13:00,1,9.0,1.39512,0.15501333331610959,1.39512,,0.1575,0.0,0.0,0.005,0.031746031746031744,16185.82,5102.31,21288.13,0.0,0.5206427243726902,-0.0,0.5206427243726902,1308327_YES.csv,1308327_YES
1771031700,2026-02-14 01:15:00,2,146.25,22.5225,0.15399999999894703,11.26125,,0.156,-0.00952380952380949,0.00952380952380949,0.004,0.02564102564102564,15269.95,3382.32,18652.27,-2635.8600000000006,0.637328861312859,2635.8600000000006,0.637328861312859,1308327_YES.csv,1308327_YES
1771031760,2026-02-14 01:16:00,2,171.63,27.29417,0.15902913243512773,13.647085,,0.156,0.0,0.0,0.004,0.02564102564102564,15269.95,3382.32,18652.27,0.0,0.637328861312859,-0.0,0.637328861312859,1308327_YES.csv,1308327_YES
1771031820,2026-02-14 01:17:00,2,160.453601,25.760569,0.16054840053006633,12.8802845,,0.156,0.0,0.0,0.004,0.02564102564102564,15269.95,3382.32,18652.27,0.0,0.637328861312859,-0.0,0.637328861312859,1308327_YES.csv,1308327_YES
1771031880,2026-02-14 01:18:00,2,106.25,17.1,0.1609411764690735,8.55,,0.16,0.025641025641025772,0.025641025641025772,0.002,0.0125,2980.73,13791.89,16772.62,-1879.6500000000015,-0.644571927343492,1879.6500000000015,0.644571927343492,1308327_YES.csv,1308327_YES
1771031940,2026-02-14 01:19:00,1,117.64,18.82629,0.16003306698265865,18.82629,,0.16,0.0,0.0,0.002,0.0125,2980.73,13791.89,16772.62,0.0,-0.644571927343492,-0.0,0.644571927343492,1308327_YES.csv,1308327_YES
1771032060,2026-02-14 01:21:00,1,6.94,1.10346,0.15899999997708933,1.10346,,0.1595,-0.0031250000000000444,0.0031250000000000444,0.001,0.006269592476489028,9301.24,8458.72,17759.96,987.3400000000001,0.04743929603445055,0.0,0.04743929603445055,1308327_YES.csv,1308327_YES
1771032120,2026-02-14 01:22:00,4,1531.1417999999999,244.78877900000003,0.15987335660213844,61.19719475000001,,0.1595,0.0,0.0,0.001,0.006269592476489028,9301.24,8458.72,17759.96,0.0,0.04743929603445055,-0.0,0.04743929603445055,1308327_YES.csv,1308327_YES
1771032180,2026-02-14 01:23:00,2,1506.64596,242.369998,0.16086725377728364,121.184999,,0.1595,0.0,0.0,0.001,0.006269592476489028,9301.24,8458.72,17759.96,0.0,0.04743929603445055,-0.0,0.04743929603445055,1308327_YES.csv,1308327_YES
1771032240,2026-02-14 01:24:00,1,157.0,25.12,0.1599999999989809,25.12,,0.1585,-0.006269592476489061,0.006269592476489061,0.003,0.01892744479495268,18060.620000000003,6127.11,24187.730000000003,6427.770000000004,0.4933703989584802,0.0,0.4933703989584802,1308327_YES.csv,1308327_YES
1771032300,2026-02-14 01:25:00,1,6.329112,0.999999,0.15799989000700249,0.999999,,0.1585,0.0,0.0,0.003,0.01892744479495268,18060.620000000003,6127.11,24187.730000000003,0.0,0.4933703989584802,-0.0,0.4933703989584802,1308327_YES.csv,1308327_YES
1771032480,2026-02-14 01:28:00,4,557.1872020000001,88.52842799999999,0.15888453231171146,22.132106999999998,,0.1585,0.0,0.0,0.003,0.01892744479495268,18060.620000000003,6127.11,24187.730000000003,0.0,0.4933703989584802,-0.0,0.4933703989584802,1308327_YES.csv,1308327_YES
1771032540,2026-02-14 01:29:00,1,248.44,39.00508,0.15699999999936806,39.00508,,0.1585,0.0,0.0,0.003,0.01892744479495268,18060.620000000003,6127.11,24187.730000000003,0.0,0.4933703989584802,-0.0,0.4933703989584802,1308327_YES.csv,1308327_YES
1771032600,2026-02-14 01:30:00,1,156.3125,25.000000000000004,0.15993602558874095,25.000000000000004,,0.1585,0.0,0.0,0.003,0.01892744479495268,17231.010000000002,6740.31,23971.320000000003,-216.40999999999985,0.43763547439189826,216.40999999999985,0.43763547439189826,1308327_YES.csv,1308327_YES
1771032720,2026-02-14 01:32:00,5,441.409112,69.452269,0.15734217330756559,13.8904538,,0.1585,0.0,0.0,0.003,0.01892744479495268,17231.010000000002,6740.31,23971.320000000003,0.0,0.43763547439189826,-0.0,0.43763547439189826,1308327_YES.csv,1308327_YES
1771032780,2026-02-14 01:33:00,3,4096.329112,624.007989,0.15233346050536956,208.00266299999998,,0.156,-0.01577287066246058,0.01577287066246058,0.004,0.02564102564102564,16298.65,6038.57,22337.22,-1634.1000000000022,0.45932663061920864,1634.1000000000022,0.45932663061920864,1308327_YES.csv,1308327_YES
1771032840,2026-02-14 01:34:00,2,191.3,30.166079999999997,0.15768991113351963,15.083039999999999,,0.156,0.0,0.0,0.004,0.02564102564102564,16298.65,6038.57,22337.22,0.0,0.45932663061920864,-0.0,0.45932663061920864,1308327_YES.csv,1308327_YES
1771032900,2026-02-14 01:35:00,4,208.29,32.1027,0.15412501800300482,8.025675,,0.156,0.0,0.0,0.004,0.02564102564102564,16298.65,6038.57,22337.22,0.0,0.45932663061920864,-0.0,0.45932663061920864,1308327_YES.csv,1308327_YES
1771032960,2026-02-14 01:36:00,3,170.03,26.69331,0.1569917661579898,8.89777,,0.155,-0.0064102564102563875,0.0064102564102563875,0.004,0.025806451612903226,11819.17,8915.06,20734.23,-1602.9900000000016,0.14006355673685497,1602.9900000000016,0.14006355673685497,1308327_YES.csv,1308327_YES
1771033020,2026-02-14 01:37:00,5,2812.348056,433.424428,0.15411478926840408,86.6848856,,0.155,0.0,0.0,0.004,0.025806451612903226,11819.17,8915.06,20734.23,0.0,0.14006355673685497,-0.0,0.14006355673685497,1308327_YES.csv,1308327_YES
1771033080,2026-02-14 01:38:00,1,350.76,53.31552,0.15199999999956665,53.31552,,0.155,0.0,0.0,0.004,0.025806451612903226,11819.17,8915.06,20734.23,0.0,0.14006355673685497,-0.0,0.14006355673685497,1308327_YES.csv,1308327_YES
1771033140,2026-02-14 01:39:00,2,310.0,47.120000000000005,0.1519999999995097,23.560000000000002,,0.154,-0.006451612903225823,0.006451612903225823,0.004,0.025974025974025976,11417.89,11639.46,23057.35,2323.119999999999,-0.009609517138786536,0.0,0.009609517138786536,1308327_YES.csv,1308327_YES
1771033200,2026-02-14 01:40:00,1,128.205127,19.999999,0.1559999936651831,19.999999,,0.154,0.0,0.0,0.004,0.025974025974025976,11417.89,11639.46,23057.35,0.0,-0.009609517138786536,-0.0,0.009609517138786536,1308327_YES.csv,1308327_YES
1771033380,2026-02-14 01:43:00,2,382.97706900000003,59.614599,0.15566101426256498,29.8072995,,0.154,0.0,0.0,0.004,0.025974025974025976,11417.89,11639.46,23057.35,0.0,-0.009609517138786536,-0.0,0.009609517138786536,1308327_YES.csv,1308327_YES
1771033500,2026-02-14 01:45:00,1,2.0,0.308,0.15399999992299998,0.308,,0.1555,0.009740259740259827,0.009740259740259827,0.003,0.01929260450160772,13517.69,11966.07,25483.760000000002,2426.4100000000035,0.06088661955692569,0.0,0.06088661955692569,1308327_YES.csv,1308327_YES
1771033680,2026-02-14 01:48:00,1,17.79,2.79303,0.1569999999911748,2.79303,,0.1565,0.006430868167202508,0.006430868167202508,0.001,0.006389776357827476,12963.9,12727.63,25691.53,207.7699999999968,0.009196416095109962,0.0,0.009196416095109962,1308327_YES.csv,1308327_YES
1771033800,2026-02-14 01:50:00,1,12.5,1.9625,0.15699999998744,1.9625,,0.1565,0.0,0.0,0.001,0.006389776357827476,12963.9,12727.63,25691.53,0.0,0.009196416095109962,-0.0,0.009196416095109962,1308327_YES.csv,1308327_YES
1771033860,2026-02-14 01:51:00,3,1019.25,159.94673,0.1569259063035007,53.315576666666665,,0.155,-0.009584664536741228,0.009584664536741228,0.004,0.025806451612903226,13546.16,12049.46,25595.62,-95.90999999999985,0.05847484843109879,95.90999999999985,0.05847484843109879,1308327_YES.csv,1308327_YES
1771033920,2026-02-14 01:52:00,7,3690.84,566.6532400000001,0.15352961385479902,80.95046285714287,,0.155,0.0,0.0,0.004,0.025806451612903226,13546.16,12049.46,25595.62,0.0,0.05847484843109879,-0.0,0.05847484843109879,1308327_YES.csv,1308327_YES
1771033980,2026-02-14 01:53:00,12,712.214299,112.297417,0.1576736344068294,9.358118083333332,,0.155,0.0,0.0,0.004,0.025806451612903226,13546.16,12049.46,25595.62,0.0,0.05847484843109879,-0.0,0.05847484843109879,1308327_YES.csv,1308327_YES
1771034040,2026-02-14 01:54:00,4,4.16,0.6364799999999999,0.15299999996322114,0.15911999999999998,,0.155,0.0,0.0,0.004,0.025806451612903226,12065.7,8124.48,20190.18,-5405.439999999999,0.1952047975798136,5405.439999999999,0.1952047975798136,1308327_YES.csv,1308327_YES
1771034220,2026-02-14 01:57:00,15,28.57,4.342639999999999,0.15199999999467972,0.2895093333333333,,0.1535,-0.009677419354838679,0.009677419354838679,0.003,0.01954397394136808,1763.6,6975.92,8739.52,-11450.66,-0.5964080407161949,11450.66,0.5964080407161949,1308327_YES.csv,1308327_YES
1771034280,2026-02-14 01:58:00,1,4.36,0.68888,0.15799999996376146,0.68888,,0.1535,0.0,0.0,0.003,0.01954397394136808,1763.6,6975.92,8739.52,0.0,-0.5964080407161949,-0.0,0.5964080407161949,1308327_YES.csv,1308327_YES
1771034340,2026-02-14 01:59:00,1,13.56,2.054,0.15147492624251657,2.054,,0.1535,0.0,0.0,0.003,0.01954397394136808,1763.6,6975.92,8739.52,0.0,-0.5964080407161949,-0.0,0.5964080407161949,1308327_YES.csv,1308327_YES
1771034400,2026-02-14 02:00:00,4,222.11,34.576499999999996,0.15567286479602144,8.644124999999999,,0.153,-0.0032573289902280145,0.0032573289902280145,0.003,0.0196078431372549,3738.4,3029.17,6767.57,-1971.9500000000007,0.10479832495267874,1971.9500000000007,0.10479832495267874,1308327_YES.csv,1308327_YES
1771034460,2026-02-14 02:01:00,12,44.220511,6.889999,0.15581002670557537,0.5741665833333334,,0.153,0.0,0.0,0.003,0.0196078431372549,3738.4,3029.17,6767.57,0.0,0.10479832495267874,-0.0,0.10479832495267874,1308327_YES.csv,1308327_YES
1771034520,2026-02-14 02:02:00,5,24.610630999999998,3.8842790000000003,0.15782931367514186,0.7768558000000001,,0.153,0.0,0.0,0.003,0.0196078431372549,3738.4,3029.17,6767.57,0.0,0.10479832495267874,-0.0,0.10479832495267874,1308327_YES.csv,1308327_YES
1771034580,2026-02-14 02:03:00,1,60.0,9.48,0.1579999999973667,9.48,,0.154,0.006535947712418277,0.006535947712418277,0.008,0.05194805194805195,4309.4,1809.8,6119.2,-648.3699999999999,0.4084847692508824,648.3699999999999,0.4084847692508824,1308327_YES.csv,1308327_YES
1771034640,2026-02-14 02:04:00,2,156.873036,24.214499,0.15435730459022695,12.1072495,,0.154,0.0,0.0,0.008,0.05194805194805195,4309.4,1809.8,6119.2,0.0,0.4084847692508824,-0.0,0.4084847692508824,1308327_YES.csv,1308327_YES
1771034700,2026-02-14 02:05:00,2,211.847132,31.999999,0.15105231162557797,15.9999995,,0.154,0.0,0.0,0.008,0.05194805194805195,4309.4,1809.8,6119.2,0.0,0.4084847692508824,-0.0,0.4084847692508824,1308327_YES.csv,1308327_YES
1771034940,2026-02-14 02:09:00,3,181.01048,28.488018,0.15738325206276796,9.496006,,0.1545,0.0032467532467532756,0.0032467532467532756,0.003,0.01941747572815534,210.54,10921.47,11132.01,5012.81,-0.9621739470230442,0.0,0.9621739470230442,1308327_YES.csv,1308327_YES
1771035060,2026-02-14 02:11:00,2,132.911389,20.999997999999998,0.1579999889990014,10.499998999999999,,0.1545,0.0,0.0,0.003,0.01941747572815534,210.54,10921.47,11132.01,0.0,-0.9621739470230442,-0.0,0.9621739470230442,1308327_YES.csv,1308327_YES
1771035300,2026-02-14 02:15:00,2,316.11,47.4165,0.14999999999952549,23.70825,,0.154,-0.003236245954692518,0.003236245954692518,0.008,0.05194805194805195,4148.11,9974.91,14123.02,2991.01,-0.41257464763202206,0.0,0.41257464763202206,1308327_YES.csv,1308327_YES
1771035360,2026-02-14 02:16:00,2,2050.0,322.64776,0.15738915121943542,161.32388,,0.154,0.0,0.0,0.008,0.05194805194805195,4148.11,9974.91,14123.02,0.0,-0.41257464763202206,-0.0,0.41257464763202206,1308327_YES.csv,1308327_YES
1771035420,2026-02-14 02:17:00,1,316.708859,49.999999,0.15787369875827223,49.999999,,0.154,0.0,0.0,0.008,0.05194805194805195,4148.11,9974.91,14123.02,0.0,-0.41257464763202206,-0.0,0.41257464763202206,1308327_YES.csv,1308327_YES
1771035480,2026-02-14 02:18:00,2,2316.7,362.2799,0.15637756291269636,181.13995,,0.152,-0.012987012987012991,0.012987012987012991,0.01,0.06578947368421052,7010.0,8826.73,15836.73,1713.7099999999991,-0.11471623245455341,0.0,0.11471623245455341,1308327_YES.csv,1308327_YES
1771035540,2026-02-14 02:19:00,47,447.767769,66.668309,0.14889037044524547,1.418474659574468,,0.152,0.0,0.0,0.01,0.06578947368421052,7010.0,8826.73,15836.73,0.0,-0.11471623245455341,-0.0,0.11471623245455341,1308327_YES.csv,1308327_YES
1771035600,2026-02-14 02:20:00,31,322.17,46.71465,0.14499999999954993,1.506924193548387,,0.152,0.0,0.0,0.01,0.06578947368421052,7010.0,8826.73,15836.73,0.0,-0.11471623245455341,-0.0,0.11471623245455341,1308327_YES.csv,1308327_YES
1771035660,2026-02-14 02:21:00,15,328.971336,51.542749,0.15667854113539947,3.4361832666666667,,0.1515,-0.003289473684210509,0.003289473684210509,0.009,0.0594059405940594,10241.9,7127.04,17368.94,1532.2099999999991,0.17933506592803014,0.0,0.17933506592803014,1308327_YES.csv,1308327_YES
1771035840,2026-02-14 02:24:00,2,1573.375795,247.80203900000004,0.15749704538949164,123.90101950000002,,0.153,0.00990099009900991,0.00990099009900991,0.006,0.0392156862745098,2838.97,6459.56,9298.53,-8070.409999999998,-0.3893722986321494,8070.409999999998,0.3893722986321494,1308327_YES.csv,1308327_YES
1771035960,2026-02-14 02:26:00,3,71.670253,10.985109,0.15327292063342826,3.6617029999999997,,0.153,0.0,0.0,0.006,0.0392156862745098,2838.97,6459.56,9298.53,0.0,-0.3893722986321494,-0.0,0.3893722986321494,1308327_YES.csv,1308327_YES
1771036140,2026-02-14 02:29:00,2,358.822483,56.313499,0.15693971717999358,28.1567495,,0.153,0.0,0.0,0.006,0.0392156862745098,2838.97,6459.56,9298.53,0.0,-0.3893722986321494,-0.0,0.3893722986321494,1308327_YES.csv,1308327_YES
1771036200,2026-02-14 02:30:00,2,16.410255,2.509999,0.15295307719758447,1.2549995,,0.153,0.0,0.0,0.006,0.0392156862745098,6256.49,6135.18,12391.67,3093.1399999999994,0.009789640944279462,0.0,0.009789640944279462,1308327_YES.csv,1308327_YES
1771036380,2026-02-14 02:33:00,1,200.0,31.6,0.15799999999921002,31.6,,0.1555,0.016339869281045694,0.016339869281045694,0.005,0.03215434083601286,2599.6,5561.1900000000005,8160.790000000001,-4230.879999999999,-0.3629048168130782,4230.879999999999,0.3629048168130782,1308327_YES.csv,1308327_YES
1771036440,2026-02-14 02:34:00,3,747.240503,117.523998,0.15727733912710928,39.174666,,0.1555,0.0,0.0,0.005,0.03215434083601286,2599.6,5561.1900000000005,8160.790000000001,0.0,-0.3629048168130782,-0.0,0.3629048168130782,1308327_YES.csv,1308327_YES
1771036500,2026-02-14 02:35:00,3,425.029425,65.95497900000001,0.15517744212614182,21.984993000000003,,0.1555,0.0,0.0,0.005,0.03215434083601286,2599.6,5561.1900000000005,8160.790000000001,0.0,-0.3629048168130782,-0.0,0.3629048168130782,1308327_YES.csv,1308327_YES
1771036560,2026-02-14 02:36:00,3,3423.83727,541.5405880000001,0.1581677355827842,180.51352933333337,,0.155,-0.003215434083601254,0.003215434083601254,0.004,0.025806451612903226,3198.6,4147.2300000000005,7345.83,-814.960000000001,-0.12913857249623265,814.960000000001,0.12913857249623265,1308327_YES.csv,1308327_YES
1771036620,2026-02-14 02:37:00,1,6.289307,0.999999,0.1589998707076948,0.999999,,0.155,0.0,0.0,0.004,0.025806451612903226,3198.6,4147.2300000000005,7345.83,0.0,-0.12913857249623265,-0.0,0.12913857249623265,1308327_YES.csv,1308327_YES
1771036680,2026-02-14 02:38:00,1,7.2,1.1448,0.15899999997791667,1.1448,,0.155,0.0,0.0,0.004,0.025806451612903226,3198.6,4147.2300000000005,7345.83,0.0,-0.12913857249623265,-0.0,0.12913857249623265,1308327_YES.csv,1308327_YES
1771036740,2026-02-14 02:39:00,2,37.735846,5.999998,0.15899995987478321,2.999999,,0.1565,0.00967741935483879,0.00967741935483879,0.005,0.03194888178913738,3247.07,3608.61,6855.68,-490.14999999999964,-0.05273583364451082,490.14999999999964,0.05273583364451082,1308327_YES.csv,1308327_YES
1771036860,2026-02-14 02:41:00,1,31.446539,4.999999,0.1589999777031424,4.999999,,0.1565,0.0,0.0,0.005,0.03194888178913738,3247.07,3608.61,6855.68,0.0,-0.05273583364451082,-0.0,0.05273583364451082,1308327_YES.csv,1308327_YES
1771036920,2026-02-14 02:42:00,3,4415.015156,701.6396490000001,0.15892123225133514,233.87988300000004,,0.1575,0.006389776357827559,0.006389776357827559,0.003,0.01904761904761905,4013.44,9820.17,13833.61,6977.93,-0.41975521935344423,0.0,0.41975521935344423,1308327_YES.csv,1308327_YES
1771036980,2026-02-14 02:43:00,1,1722.41,275.5856,0.1599999999999071,275.5856,,0.1575,0.0,0.0,0.003,0.01904761904761905,4013.44,9820.17,13833.61,0.0,-0.41975521935344423,-0.0,0.41975521935344423,1308327_YES.csv,1308327_YES
1771037040,2026-02-14 02:44:00,4,269.732359,41.983049,0.15564706124059935,10.49576225,,0.1575,0.0,0.0,0.003,0.01904761904761905,4013.44,9820.17,13833.61,0.0,-0.41975521935344423,-0.0,0.41975521935344423,1308327_YES.csv,1308327_YES
1771037100,2026-02-14 02:45:00,3,3253.73,529.14314,0.16262662851553053,176.38104666666666,,0.1605,0.01904761904761898,0.01904761904761898,0.001,0.006230529595015576,3040.44,9309.55,12349.99,-1483.6200000000008,-0.5076206539438493,1483.6200000000008,0.5076206539438493,1308327_YES.csv,1308327_YES
1771037160,2026-02-14 02:46:00,1,6.097559,0.999999,0.163999889109068,0.999999,,0.1605,0.0,0.0,0.001,0.006230529595015576,3040.44,9309.55,12349.99,0.0,-0.5076206539438493,-0.0,0.5076206539438493,1308327_YES.csv,1308327_YES
1771037280,2026-02-14 02:48:00,1,3.11,0.4976,0.15999999994855305,0.4976,,0.161,0.0031152647975078995,0.0031152647975078995,0.002,0.012422360248447204,6639.03,7275.839999999999,13914.869999999999,1564.8799999999992,-0.045764710701573175,0.0,0.045764710701573175,1308327_YES.csv,1308327_YES
1771037340,2026-02-14 02:49:00,1,484.0,77.44,0.1599999999996694,77.44,,0.161,0.0,0.0,0.002,0.012422360248447204,6639.03,7275.839999999999,13914.869999999999,0.0,-0.045764710701573175,-0.0,0.045764710701573175,1308327_YES.csv,1308327_YES
1771037520,2026-02-14 02:52:00,1,125.0,20.0,0.15999999999872,20.0,,0.161,0.0,0.0,0.002,0.012422360248447204,6639.03,7275.839999999999,13914.869999999999,0.0,-0.045764710701573175,-0.0,0.045764710701573175,1308327_YES.csv,1308327_YES
1771037580,2026-02-14 02:53:00,3,30.95,4.7887,0.15472374797561472,1.5962333333333334,,0.161,0.0,0.0,0.002,0.012422360248447204,6639.03,7275.839999999999,13914.869999999999,0.0,-0.045764710701573175,-0.0,0.045764710701573175,1308327_YES.csv,1308327_YES
1771037640,2026-02-14 02:54:00,3,37.924515,5.882839000000001,0.1551196897269452,1.9609463333333335,,0.1545,-0.04037267080745344,0.04037267080745344,0.001,0.006472491909385114,4205.56,5812.860000000001,10018.420000000002,-3896.449999999997,-0.16043447968841393,3896.449999999997,0.16043447968841393,1308327_YES.csv,1308327_YES
1771037700,2026-02-14 02:55:00,1,6.451611,0.999999,0.1549998907009427,0.999999,,0.1545,0.0,0.0,0.001,0.006472491909385114,4205.56,5812.860000000001,10018.420000000002,0.0,-0.16043447968841393,-0.0,0.16043447968841393,1308327_YES.csv,1308327_YES
1771037760,2026-02-14 02:56:00,10,323.244021,49.779577,0.15399999308833623,4.9779577,,0.1545,0.0,0.0,0.001,0.006472491909385114,4205.56,5812.860000000001,10018.420000000002,0.0,-0.16043447968841393,-0.0,0.16043447968841393,1308327_YES.csv,1308327_YES
1771037820,2026-02-14 02:57:00,3,799.220778,123.079999,0.15399999898381767,41.02666633333333,,0.152,-0.016181229773462813,0.016181229773462813,0.005,0.03289473684210526,8442.98,15703.39,24146.37,14127.949999999997,-0.3006832911116661,0.0,0.3006832911116661,1308327_YES.csv,1308327_YES
1771037880,2026-02-14 02:58:00,1,7.0,1.078,0.153999999978,1.078,,0.152,0.0,0.0,0.005,0.03289473684210526,8442.98,15703.39,24146.37,0.0,-0.3006832911116661,-0.0,0.3006832911116661,1308327_YES.csv,1308327_YES
1771038060,2026-02-14 03:01:00,1,1.2,0.1788,0.14899999987583332,0.1788,,0.152,0.0,0.0,0.005,0.03289473684210526,8442.98,15703.39,24146.37,0.0,-0.3006832911116661,-0.0,0.3006832911116661,1308327_YES.csv,1308327_YES
1771038120,2026-02-14 03:02:00,5,15078.66,2301.65064,0.15264291654562456,460.33012799999995,,0.152,0.0,0.0,0.005,0.03289473684210526,8442.98,15703.39,24146.37,0.0,-0.3006832911116661,-0.0,0.3006832911116661,1308327_YES.csv,1308327_YES
1771038240,2026-02-14 03:04:00,1,6.09,0.8830499999999999,0.14499999997619045,0.8830499999999999,,0.152,0.0,0.0,0.005,0.03289473684210526,8442.98,15703.39,24146.37,0.0,-0.3006832911116661,-0.0,0.3006832911116661,1308327_YES.csv,1308327_YES
1771038360,2026-02-14 03:06:00,9,917.9074420000001,130.674835,0.14236166853069004,14.51942611111111,,0.1345,-0.11513157894736836,0.11513157894736836,0.001,0.007434944237918215,5313.8,6227.83,11541.630000000001,-12604.739999999998,-0.07919418660969028,12604.739999999998,0.07919418660969028,1308327_YES.csv,1308327_YES
1771038420,2026-02-14 03:07:00,1,7.142856,0.999999,0.1399998823803811,0.999999,,0.1345,0.0,0.0,0.001,0.007434944237918215,5313.8,6227.83,11541.630000000001,0.0,-0.07919418660969028,-0.0,0.07919418660969028,1308327_YES.csv,1308327_YES
1771038480,2026-02-14 03:08:00,1,114.676259,15.89,0.1385639899524577,15.89,,0.1345,0.0,0.0,0.001,0.007434944237918215,5313.8,6227.83,11541.630000000001,0.0,-0.07919418660969028,-0.0,0.07919418660969028,1308327_YES.csv,1308327_YES
1771038660,2026-02-14 03:11:00,1,17.753622,2.449999,0.13799995290324413,2.449999,,0.1345,0.0,0.0,0.001,0.007434944237918215,5313.8,6227.83,11541.630000000001,0.0,-0.07919418660969028,-0.0,0.07919418660969028,1308327_YES.csv,1308327_YES
1771038720,2026-02-14 03:12:00,1,20.22,2.6286,0.12999999999357073,2.6286,,0.132,-0.0185873605947956,0.0185873605947956,0.01,0.07575757575757576,1117.14,8346.51,9463.65,-2077.9800000000014,-0.7639092739059454,2077.9800000000014,0.7639092739059454,1308327_YES.csv,1308327_YES
1771038780,2026-02-14 03:13:00,2,151.084891,20.935999000000002,0.13857109642989665,10.467999500000001,,0.132,0.0,0.0,0.01,0.07575757575757576,1117.14,8346.51,9463.65,0.0,-0.7639092739059454,-0.0,0.7639092739059454,1308327_YES.csv,1308327_YES
1771038840,2026-02-14 03:14:00,2,966.978415,134.289998,0.13887590034764233,67.144999,,0.132,0.0,0.0,0.01,0.07575757575757576,1117.14,8346.51,9463.65,0.0,-0.7639092739059454,-0.0,0.7639092739059454,1308327_YES.csv,1308327_YES
1771038900,2026-02-14 03:15:00,1,199.59,25.9467,0.12999999999934866,25.9467,,0.1335,0.011363636363636465,0.011363636363636465,0.011,0.08239700374531835,1605.62,7545.05,9150.67,-312.97999999999956,-0.6490705052198363,312.97999999999956,0.6490705052198363,1308327_YES.csv,1308327_YES
1771038960,2026-02-14 03:16:00,2,6577.86,914.32254,0.13899999999997886,457.16127,,0.1335,0.0,0.0,0.011,0.08239700374531835,1605.62,7545.05,9150.67,0.0,-0.6490705052198363,-0.0,0.6490705052198363,1308327_YES.csv,1308327_YES
1771039020,2026-02-14 03:17:00,1,13.89189,1.999999,0.14396881920717988,1.999999,,0.1335,0.0,0.0,0.011,0.08239700374531835,1605.62,7545.05,9150.67,0.0,-0.6490705052198363,-0.0,0.6490705052198363,1308327_YES.csv,1308327_YES
1771039260,2026-02-14 03:21:00,1,13.3928,2.0,0.14933397048045707,2.0,,0.1445,0.08239700374531811,0.08239700374531811,0.007,0.04844290657439447,5030.0,3835.81,8865.81,-284.8600000000006,0.13469609657775208,284.8600000000006,0.13469609657775208,1308327_YES.csv,1308327_YES
1771039320,2026-02-14 03:22:00,4,1454.333332,217.409999,0.1494911752458208,54.35249975,,0.1445,0.0,0.0,0.007,0.04844290657439447,5030.0,3835.81,8865.81,0.0,0.13469609657775208,-0.0,0.13469609657775208,1308327_YES.csv,1308327_YES
1771039380,2026-02-14 03:23:00,1,66.666665,9.999999,0.1499999887477497,9.999999,,0.1445,0.0,0.0,0.007,0.04844290657439447,5030.0,3835.81,8865.81,0.0,0.13469609657775208,-0.0,0.13469609657775208,1308327_YES.csv,1308327_YES
1771039560,2026-02-14 03:26:00,1,6.666665,0.999999,0.14999988747747184,0.999999,,0.1445,0.0,0.0,0.007,0.04844290657439447,5030.0,3835.81,8865.81,0.0,0.13469609657775208,-0.0,0.13469609657775208,1308327_YES.csv,1308327_YES
1771039680,2026-02-14 03:28:00,1,100.0,15.0,0.1499999999985,15.0,,0.1445,0.0,0.0,0.007,0.04844290657439447,5030.0,3835.81,8865.81,0.0,0.13469609657775208,-0.0,0.13469609657775208,1308327_YES.csv,1308327_YES
1771039800,2026-02-14 03:30:00,1,10.0,1.47,0.1469999999853,1.47,,0.148,0.02422145328719716,0.02422145328719716,0.002,0.013513513513513514,7285.34,2215.25,9500.59,634.7800000000007,0.5336605410821854,0.0,0.5336605410821854,1308327_YES.csv,1308327_YES
1771039920,2026-02-14 03:32:00,1,161.812263,24.999999,0.1545000269840209,24.999999,,0.148,0.0,0.0,0.002,0.013513513513513514,7285.34,2215.25,9500.59,0.0,0.5336605410821854,-0.0,0.5336605410821854,1308327_YES.csv,1308327_YES
1771040160,2026-02-14 03:36:00,3,5537.238063,790.580999,0.14277533131229164,263.52699966666665,,0.1485,0.0033783783783782884,0.0033783783783782884,0.003,0.020202020202020204,3308.15,11160.95,14469.1,4968.51,-0.5427289879812843,0.0,0.5427289879812843,1308327_YES.csv,1308327_YES
1771040400,2026-02-14 03:40:00,1,104.575162,15.999999,0.15299999248241172,15.999999,,0.1485,0.0,0.0,0.003,0.020202020202020204,3308.15,11160.95,14469.1,0.0,-0.5427289879812843,-0.0,0.5427289879812843,1308327_YES.csv,1308327_YES
1771040520,2026-02-14 03:42:00,3,1039.149347,158.426998,0.1524583530338758,52.80899933333333,,0.152,0.023569023569023573,0.023569023569023573,0.002,0.013157894736842106,8639.92,27903.27,36543.19,22074.090000000004,-0.527139256315609,0.0,0.527139256315609,1308327_YES.csv,1308327_YES
1771040700,2026-02-14 03:45:00,1,104.58,15.721,0.15032510996222676,15.721,,0.1515,-0.003289473684210509,0.003289473684210509,0.003,0.019801980198019802,12854.16,31593.28,44447.44,7904.25,-0.4216017840397557,0.0,0.4216017840397557,1308327_YES.csv,1308327_YES
1771040880,2026-02-14 03:48:00,5,173.73928,25.780397,0.14838554067826001,5.1560794,,0.144,-0.04950495049504955,0.04950495049504955,0.008,0.05555555555555556,11647.22,37358.47,49005.69,4558.25,-0.5246584631294855,0.0,0.5246584631294855,1308327_YES.csv,1308327_YES
1771041000,2026-02-14 03:50:00,1,7955.04,1091.5056,0.13720931635791422,1091.5056,,0.144,0.0,0.0,0.008,0.05555555555555556,11647.22,37358.47,49005.69,0.0,-0.5246584631294855,-0.0,0.5246584631294855,1308327_YES.csv,1308327_YES
1771041120,2026-02-14 03:52:00,1,28.776977,3.999999,0.13899997209091836,3.999999,,0.144,0.0,0.0,0.008,0.05555555555555556,11647.22,37358.47,49005.69,0.0,-0.5246584631294855,-0.0,0.5246584631294855,1308327_YES.csv,1308327_YES
1771041180,2026-02-14 03:53:00,1,294.11,37.85275,0.1287026962696654,37.85275,,0.144,0.0,0.0,0.008,0.05555555555555556,11647.22,37358.47,49005.69,0.0,-0.5246584631294855,-0.0,0.5246584631294855,1308327_YES.csv,1308327_YES
1771041240,2026-02-14 03:54:00,1,251.940286,34.999998999999995,0.13892180387483197,34.999998999999995,,0.134,-0.06944444444444431,0.06944444444444431,0.008,0.05970149253731343,1014.84,3251.8,4266.64,-44739.05,-0.524290776817355,44739.05,0.524290776817355,1308327_YES.csv,1308327_YES
1771041300,2026-02-14 03:55:00,1,290.539567,39.999999,0.13767487648201227,39.999999,,0.134,0.0,0.0,0.008,0.05970149253731343,1014.84,3251.8,4266.64,0.0,-0.524290776817355,-0.0,0.524290776817355,1308327_YES.csv,1308327_YES
1771041360,2026-02-14 03:56:00,5,431.095283,53.430279,0.1239407646218111,10.6860558,,0.134,0.0,0.0,0.008,0.05970149253731343,1014.84,3251.8,4266.64,0.0,-0.524290776817355,-0.0,0.524290776817355,1308327_YES.csv,1308327_YES
1771041420,2026-02-14 03:57:00,2,409.0,49.489,0.12099999999970415,24.7445,,0.1215,-0.09328358208955234,0.09328358208955234,0.003,0.02469135802469136,3917.74,3003.75,6921.49,2654.8499999999995,0.1320510468121748,0.0,0.1320510468121748,1308327_YES.csv,1308327_YES
1771041480,2026-02-14 03:58:00,3,3479.6764729999995,414.043619,0.11898911356058152,138.01453966666665,,0.1215,0.0,0.0,0.003,0.02469135802469136,3917.74,3003.75,6921.49,0.0,0.1320510468121748,-0.0,0.1320510468121748,1308327_YES.csv,1308327_YES
1771041540,2026-02-14 03:59:00,4,2664.745512,368.8359469999999,0.1384131975601059,92.20898674999998,,0.1215,0.0,0.0,0.003,0.02469135802469136,3917.74,3003.75,6921.49,0.0,0.1320510468121748,-0.0,0.1320510468121748,1308327_YES.csv,1308327_YES
1771041600,2026-02-14 04:00:00,3,15385.732732,2239.042519,0.14552719444703363,746.3475063333334,,0.1295,0.0658436213991771,0.0658436213991771,0.017,0.1312741312741313,2172.89,4191.1,6363.99,-557.5,-0.31712966236590573,557.5,0.31712966236590573,1308327_YES.csv,1308327_YES
1771041660,2026-02-14 04:01:00,1,44.25,5.7525,0.12999999999706216,5.7525,,0.1295,0.0,0.0,0.017,0.1312741312741313,2172.89,4191.1,6363.99,0.0,-0.31712966236590573,-0.0,0.31712966236590573,1308327_YES.csv,1308327_YES
1771041780,2026-02-14 04:03:00,1,6.66,0.8924400000000001,0.13399999997987988,0.8924400000000001,,0.1355,0.04633204633204646,0.04633204633204646,0.003,0.02214022140221402,3279.15,551.07,3830.2200000000003,-2533.7699999999995,0.7122515155787396,2533.7699999999995,0.7122515155787396,1308327_YES.csv,1308327_YES
1771041840,2026-02-14 04:04:00,2,493.53,66.13302,0.1339999999997285,33.06651,,0.1355,0.0,0.0,0.003,0.02214022140221402,3279.15,551.07,3830.2200000000003,0.0,0.7122515155787396,-0.0,0.7122515155787396,1308327_YES.csv,1308327_YES
1771041900,2026-02-14 04:05:00,1,63.436114,8.769999,0.13824931016205927,8.769999,,0.1355,0.0,0.0,0.003,0.02214022140221402,3279.15,551.07,3830.2200000000003,0.0,0.7122515155787396,-0.0,0.7122515155787396,1308327_YES.csv,1308327_YES
1771041960,2026-02-14 04:06:00,2,989.18,138.28528,0.1397978932043311,69.14264,,0.1365,0.007380073800737907,0.007380073800737907,0.007,0.05128205128205128,6664.97,1567.26,8232.23,4402.009999999999,0.619238043640666,0.0,0.619238043640666,1308327_YES.csv,1308327_YES
1771042020,2026-02-14 04:07:00,4,2666.573818,410.114998,0.15379847924384227,102.5287495,,0.1365,0.0,0.0,0.007,0.05128205128205128,6664.97,1567.26,8232.23,0.0,0.619238043640666,-0.0,0.619238043640666,1308327_YES.csv,1308327_YES
1771042080,2026-02-14 04:08:00,2,4149.41,623.17945,0.1501850745045319,311.589725,,0.1365,0.0,0.0,0.007,0.05128205128205128,6664.97,1567.26,8232.23,0.0,0.619238043640666,-0.0,0.619238043640666,1308327_YES.csv,1308327_YES
1771042140,2026-02-14 04:09:00,3,814.415583,115.121069,0.14135420711842964,38.37368966666667,,0.1425,0.0439560439560438,0.0439560439560438,0.015,0.10526315789473685,3412.62,14176.829999999998,17589.449999999997,9357.219999999998,-0.6119696750040508,0.0,0.6119696750040508,1308327_YES.csv,1308327_YES
1771042200,2026-02-14 04:10:00,3,4254.78,651.98404,0.15323566435863822,217.32801333333336,,0.1425,0.0,0.0,0.015,0.10526315789473685,3412.62,14176.829999999998,17589.449999999997,0.0,-0.6119696750040508,-0.0,0.6119696750040508,1308327_YES.csv,1308327_YES
1771042320,2026-02-14 04:12:00,2,1700.0,254.0,0.14941176470579445,127.0,,0.1435,0.007017543859649145,0.007017543859649145,0.003,0.020905923344947737,8593.54,10404.68,18998.22,1408.770000000004,-0.09533208900623318,0.0,0.09533208900623318,1308327_YES.csv,1308327_YES
1771042380,2026-02-14 04:13:00,2,862.284767,128.455999,0.1489716668041881,64.2279995,,0.1435,0.0,0.0,0.003,0.020905923344947737,8593.54,10404.68,18998.22,0.0,-0.09533208900623318,-0.0,0.09533208900623318,1308327_YES.csv,1308327_YES
1771042500,2026-02-14 04:15:00,1,844.03,127.44853,0.15099999999982108,127.44853,,0.148,0.03135888501742157,0.03135888501742157,0.006,0.04054054054054054,2914.37,10048.71,12963.079999999998,-6035.140000000003,-0.5503584024784234,6035.140000000003,0.5503584024784234,1308327_YES.csv,1308327_YES
1771042620,2026-02-14 04:17:00,2,160.76,23.28353,0.14483410052161708,11.641765,,0.148,0.0,0.0,0.006,0.04054054054054054,2914.37,10048.71,12963.079999999998,0.0,-0.5503584024784234,-0.0,0.5503584024784234,1308327_YES.csv,1308327_YES
1771042680,2026-02-14 04:18:00,2,563.54,79.45913999999999,0.1409999999997498,39.729569999999995,,0.145,-0.020270270270270285,0.020270270270270285,0.008,0.055172413793103454,8366.6,7930.33,16296.93,3333.850000000002,0.026770072645584196,0.0,0.026770072645584196,1308327_YES.csv,1308327_YES
1771042740,2026-02-14 04:19:00,1,7.092197,0.999999,0.14099989042309452,0.999999,,0.145,0.0,0.0,0.008,0.055172413793103454,8366.6,7930.33,16296.93,0.0,0.026770072645584196,-0.0,0.026770072645584196,1308327_YES.csv,1308327_YES
1771042800,2026-02-14 04:20:00,4,438.120777,61.137367999999995,0.13954455303054586,15.284341999999999,,0.145,0.0,0.0,0.008,0.055172413793103454,8366.6,7930.33,16296.93,0.0,0.026770072645584196,-0.0,0.026770072645584196,1308327_YES.csv,1308327_YES
1771042860,2026-02-14 04:21:00,2,1442.03,195.92120999999997,0.13586486411507676,97.96060499999999,,0.1385,-0.04482758620689642,0.04482758620689642,0.003,0.021660649819494584,3036.93,7341.259999999999,10378.189999999999,-5918.740000000002,-0.41474765831036053,5918.740000000002,0.41474765831036053,1308327_YES.csv,1308327_YES
1771042920,2026-02-14 04:22:00,1,26.67,3.5951300000000006,0.13480052492932879,3.5951300000000006,,0.1385,0.0,0.0,0.003,0.021660649819494584,3036.93,7341.259999999999,10378.189999999999,0.0,-0.41474765831036053,-0.0,0.41474765831036053,1308327_YES.csv,1308327_YES
1771042980,2026-02-14 04:23:00,1,1576.14,188.15232000000003,0.11937538543522817,188.15232000000003,,0.1385,0.0,0.0,0.003,0.021660649819494584,3036.93,7341.259999999999,10378.189999999999,0.0,-0.41474765831036053,-0.0,0.41474765831036053,1308327_YES.csv,1308327_YES
1771043100,2026-02-14 04:25:00,2,44.84,5.8292,0.1299999999971008,2.9146,,0.1385,0.0,0.0,0.003,0.021660649819494584,3036.93,7341.259999999999,10378.189999999999,0.0,-0.41474765831036053,-0.0,0.41474765831036053,1308327_YES.csv,1308327_YES
1771043220,2026-02-14 04:27:00,1,106.076922,13.789999,0.12999999189145017,13.789999,,0.1255,-0.09386281588447665,0.09386281588447665,0.009,0.07171314741035856,1205.25,13983.34,15188.59,4810.4000000000015,-0.8412953407788346,0.0,0.8412953407788346,1308327_YES.csv,1308327_YES
1771043280,2026-02-14 04:28:00,1,10.0,1.23,0.1229999999877,1.23,,0.1255,0.0,0.0,0.009,0.07171314741035856,1205.25,13983.34,15188.59,0.0,-0.8412953407788346,-0.0,0.8412953407788346,1308327_YES.csv,1308327_YES
1771043340,2026-02-14 04:29:00,1,134.54,17.490199999999998,0.12999999999903375,17.490199999999998,,0.1255,0.0,0.0,0.009,0.07171314741035856,1205.25,13983.34,15188.59,0.0,-0.8412953407788346,-0.0,0.8412953407788346,1308327_YES.csv,1308327_YES
1771043400,2026-02-14 04:30:00,3,257.45,31.811519999999998,0.12356387648039006,10.60384,,0.125,-0.003984063745019917,0.003984063745019917,0.002,0.016,617.78,11794.97,12412.75,-2775.84,-0.9004604136875389,2775.84,0.9004604136875389,1308327_YES.csv,1308327_YES
1771043460,2026-02-14 04:31:00,2,50.0,6.38,0.127599999997448,3.19,,0.125,0.0,0.0,0.002,0.016,617.78,11794.97,12412.75,0.0,-0.9004604136875389,-0.0,0.9004604136875389,1308327_YES.csv,1308327_YES
1771043580,2026-02-14 04:33:00,1,200.0,25.40792,0.12703959999936482,25.40792,,0.124,-0.008000000000000007,0.008000000000000007,0.008,0.06451612903225806,1000.44,163.38,1163.8200000000002,-11248.93,0.7192349332370984,11248.93,0.7192349332370984,1308327_YES.csv,1308327_YES
1771043640,2026-02-14 04:34:00,1,10.0,1.2,0.119999999988,1.2,,0.124,0.0,0.0,0.008,0.06451612903225806,1000.44,163.38,1163.8200000000002,0.0,0.7192349332370984,-0.0,0.7192349332370984,1308327_YES.csv,1308327_YES
1771043700,2026-02-14 04:35:00,3,3996.15,479.78138000000007,0.12006090361970395,159.92712666666668,,0.124,0.0,0.0,0.008,0.06451612903225806,1000.44,163.38,1163.8200000000002,0.0,0.7192349332370984,-0.0,0.7192349332370984,1308327_YES.csv,1308327_YES
1771043760,2026-02-14 04:36:00,1,78.125,10.0,0.1279999999983616,10.0,,0.1205,-0.028225806451612878,0.028225806451612878,0.011,0.0912863070539419,907.79,8613.49,9521.279999999999,8357.46,-0.8093134536532904,0.0,0.8093134536532904,1308327_YES.csv,1308327_YES
1771043820,2026-02-14 04:37:00,5,392.648094,47.203269,0.12021774642787335,9.4406538,,0.1205,0.0,0.0,0.011,0.0912863070539419,907.79,8613.49,9521.279999999999,0.0,-0.8093134536532904,-0.0,0.8093134536532904,1308327_YES.csv,1308327_YES
1771043880,2026-02-14 04:38:00,6,623.8199999999999,56.84630000000001,0.09112612612598006,9.474383333333334,,0.1205,0.0,0.0,0.011,0.0912863070539419,907.79,8613.49,9521.279999999999,0.0,-0.8093134536532904,-0.0,0.8093134536532904,1308327_YES.csv,1308327_YES
1771043940,2026-02-14 04:39:00,7,18079.11,966.99948,0.05348711745212822,138.14278285714286,,0.082,-0.31950207468879666,0.31950207468879666,0.016,0.1951219512195122,779.3199999999999,7792.0,8571.32,-949.9599999999991,-0.8181563633139354,949.9599999999991,0.8181563633139354,1308327_YES.csv,1308327_YES
1771044000,2026-02-14 04:40:00,5,1747.569089,115.742969,0.06623084015875134,23.1485938,,0.082,0.0,0.0,0.016,0.1951219512195122,779.3199999999999,7792.0,8571.32,0.0,-0.8181563633139354,-0.0,0.8181563633139354,1308327_YES.csv,1308327_YES
1771044060,2026-02-14 04:41:00,1,1249.13,79.68868,0.06379534556045903,79.68868,,0.082,0.0,0.0,0.016,0.1951219512195122,779.3199999999999,7792.0,8571.32,0.0,-0.8181563633139354,-0.0,0.8181563633139354,1308327_YES.csv,1308327_YES
1771044120,2026-02-14 04:42:00,6,12372.080000000002,665.325,0.053776325403646394,110.8875,,0.0695,-0.15243902439024382,0.15243902439024382,0.027,0.3884892086330935,28685.41,9402.21,38087.619999999995,29516.299999999996,0.5062852443917473,0.0,0.5062852443917473,1308327_YES.csv,1308327_YES
1771044180,2026-02-14 04:43:00,5,12838.01,678.49414,0.05285041373234224,135.698828,,0.0695,0.0,0.0,0.027,0.3884892086330935,28685.41,9402.21,38087.619999999995,0.0,0.5062852443917473,-0.0,0.5062852443917473,1308327_YES.csv,1308327_YES
1771044240,2026-02-14 04:44:00,5,3372.136665,183.57453900000002,0.054438641501484177,36.714907800000006,,0.0695,0.0,0.0,0.027,0.3884892086330935,28685.41,9402.21,38087.619999999995,0.0,0.5062852443917473,-0.0,0.5062852443917473,1308327_YES.csv,1308327_YES
1771044300,2026-02-14 04:45:00,5,637.971763,32.088619,0.050297867179976904,6.4177238,,0.0505,-0.27338129496402874,0.27338129496402874,0.001,0.019801980198019802,1833.02,522.54,2355.56,-35732.06,0.5563347993683031,35732.06,0.5563347993683031,1308327_YES.csv,1308327_YES
1771044360,2026-02-14 04:46:00,2,185.729665,10.158059,0.05469271158134756,5.0790295,,0.0505,0.0,0.0,0.001,0.019801980198019802,1833.02,522.54,2355.56,0.0,0.5563347993683031,-0.0,0.5563347993683031,1308327_YES.csv,1308327_YES
1771044420,2026-02-14 04:47:00,5,1102.893332,61.824248999999995,0.05605641743053341,12.364849799999998,,0.0505,0.0,0.0,0.001,0.019801980198019802,1833.02,522.54,2355.56,0.0,0.5563347993683031,-0.0,0.5563347993683031,1308327_YES.csv,1308327_YES
1771044480,2026-02-14 04:48:00,5,3843.5,194.24554999999998,0.05053871471313888,38.849109999999996,,0.055,0.08910891089108897,0.08910891089108897,0.008,0.14545454545454545,1370.9,3758.98,5129.88,2774.32,-0.46552356000530226,0.0,0.46552356000530226,1308327_YES.csv,1308327_YES
1771044540,2026-02-14 04:49:00,2,14233.77,450.98381000000006,0.03168407315840908,225.49190500000003,,0.055,0.0,0.0,0.008,0.14545454545454545,1370.9,3758.98,5129.88,0.0,-0.46552356000530226,-0.0,0.46552356000530226,1308327_YES.csv,1308327_YES
1771044600,2026-02-14 04:50:00,24,10544.731023999999,415.142069,0.03936962147778732,17.297586208333332,,0.055,0.0,0.0,0.008,0.14545454545454545,1370.9,3758.98,5129.88,0.0,-0.46552356000530226,-0.0,0.46552356000530226,1308327_YES.csv,1308327_YES
1771044660,2026-02-14 04:51:00,17,14145.198661,381.509824,0.026970976735154733,22.441754352941174,,0.031,-0.4363636363636364,0.4363636363636364,0.002,0.06451612903225806,23169.89,3962.04,27131.93,22002.05,0.707942634379493,0.0,0.707942634379493,1308327_YES.csv,1308327_YES
1771044720,2026-02-14 04:52:00,3,954.3,24.8118,0.025999999999972753,8.2706,,0.031,0.0,0.0,0.002,0.06451612903225806,23169.89,3962.04,27131.93,0.0,0.707942634379493,-0.0,0.707942634379493,1308327_YES.csv,1308327_YES
1771044780,2026-02-14 04:53:00,3,4534.42,114.63442,0.025280944420670054,38.21147333333334,,0.031,0.0,0.0,0.002,0.06451612903225806,23169.89,3962.04,27131.93,0.0,0.707942634379493,-0.0,0.707942634379493,1308327_YES.csv,1308327_YES
1771044840,2026-02-14 04:54:00,9,2063.584468,71.841715,0.03481404135087004,7.982412777777777,,0.0325,0.048387096774193505,0.048387096774193505,0.001,0.030769230769230767,15685.45,2680.45,18365.9,-8766.029999999999,0.7081057830000163,8766.029999999999,0.7081057830000163,1308327_YES.csv,1308327_YES
1771044900,2026-02-14 04:55:00,2,2205.0,98.19355,0.044532222222202024,49.096775,,0.0325,0.0,0.0,0.001,0.030769230769230767,15685.45,2680.45,18365.9,0.0,0.7081057830000163,-0.0,0.7081057830000163,1308327_YES.csv,1308327_YES
1771044960,2026-02-14 04:56:00,7,6307.686059,190.084259,0.030135339207117293,27.15489414285714,,0.0325,0.0,0.0,0.001,0.030769230769230767,15685.45,2680.45,18365.9,0.0,0.7081057830000163,-0.0,0.7081057830000163,1308327_YES.csv,1308327_YES
1771045020,2026-02-14 04:57:00,3,2177.73,71.15123999999999,0.03267220454324793,23.717079999999996,,0.0295,-0.09230769230769242,0.09230769230769242,0.001,0.03389830508474576,4912.75,491.7,5404.45,-12961.45,0.818038838364681,12961.45,0.818038838364681,1308327_YES.csv,1308327_YES
1771045080,2026-02-14 04:58:00,5,2529.832431,86.000759,0.03399464642247915,17.2001518,,0.0295,0.0,0.0,0.001,0.03389830508474576,4912.75,491.7,5404.45,0.0,0.818038838364681,-0.0,0.818038838364681,1308327_YES.csv,1308327_YES
1771045140,2026-02-14 04:59:00,15,1687.683386,59.275107000000006,0.03512217249495686,3.9516738000000005,,0.0295,0.0,0.0,0.001,0.03389830508474576,4912.75,491.7,5404.45,0.0,0.818038838364681,-0.0,0.818038838364681,1308327_YES.csv,1308327_YES
1771045200,2026-02-14 05:00:00,15,706.468374,24.31024,0.03441093882564315,1.6206826666666667,,0.0355,0.20338983050847448,0.20338983050847448,0.001,0.028169014084507046,4366.56,1116.46,5483.02,78.57000000000062,0.5927572760996678,0.0,0.5927572760996678,1308327_YES.csv,1308327_YES
1771045260,2026-02-14 05:01:00,4,1903.183482,64.46378800000001,0.03387155710926142,16.115947000000002,,0.0355,0.0,0.0,0.001,0.028169014084507046,4366.56,1116.46,5483.02,0.0,0.5927572760996678,-0.0,0.5927572760996678,1308327_YES.csv,1308327_YES
1771045320,2026-02-14 05:02:00,6,11132.761669,391.33927800000004,0.03515203950603535,65.223213,,0.0355,0.0,0.0,0.001,0.028169014084507046,4366.56,1116.46,5483.02,0.0,0.5927572760996678,-0.0,0.5927572760996678,1308327_YES.csv,1308327_YES
1771045380,2026-02-14 05:03:00,3,1640.941218,54.800669,0.033395875732074275,18.266889666666668,,0.036,0.014084507042253502,0.014084507042253502,0.008,0.22222222222222224,6340.03,4714.76,11054.79,5571.77,0.14701952728183887,0.0,0.14701952728183887,1308327_YES.csv,1308327_YES
1771045440,2026-02-14 05:04:00,2,254.085849,8.519998999999999,0.03353196973974909,4.259999499999999,,0.036,0.0,0.0,0.008,0.22222222222222224,6340.03,4714.76,11054.79,0.0,0.14701952728183887,-0.0,0.14701952728183887,1308327_YES.csv,1308327_YES
1771045500,2026-02-14 05:05:00,2,144.86,4.870100000000001,0.03361935661995293,2.4350500000000004,,0.036,0.0,0.0,0.008,0.22222222222222224,6340.03,4714.76,11054.79,0.0,0.14701952728183887,-0.0,0.14701952728183887,1308327_YES.csv,1308327_YES
1771045560,2026-02-14 05:06:00,3,1155.63,42.55392,0.03682313543258929,14.18464,,0.0365,0.01388888888888884,0.01388888888888884,0.003,0.08219178082191782,2758.01,6755.68,9513.69,-1541.1000000000004,-0.4202018354602683,1541.1000000000004,0.4202018354602683,1308327_YES.csv,1308327_YES
1771045620,2026-02-14 05:07:00,3,953.335788,35.664639,0.03741036416432375,11.888213,,0.0365,0.0,0.0,0.003,0.08219178082191782,2758.01,6755.68,9513.69,0.0,-0.4202018354602683,-0.0,0.4202018354602683,1308327_YES.csv,1308327_YES
1771045680,2026-02-14 05:08:00,7,943.81849,39.952948,0.042331177470318115,5.707564,,0.0365,0.0,0.0,0.003,0.08219178082191782,2758.01,6755.68,9513.69,0.0,-0.4202018354602683,-0.0,0.4202018354602683,1308327_YES.csv,1308327_YES
1771045740,2026-02-14 05:09:00,2,790.6976709999999,33.999998,0.04299999765644555,16.999999,,0.0425,0.16438356164383583,0.16438356164383583,0.001,0.023529411764705882,3961.85,1759.28,5721.13,-3792.5600000000004,0.38498862986857485,3792.5600000000004,0.38498862986857485,1308327_YES.csv,1308327_YES
1771045800,2026-02-14 05:10:00,2,210.43,8.83806,0.04199999999980041,4.41903,,0.0425,0.0,0.0,0.001,0.023529411764705882,3961.85,1759.28,5721.13,0.0,0.38498862986857485,-0.0,0.38498862986857485,1308327_YES.csv,1308327_YES
1771045860,2026-02-14 05:11:00,5,630.0,26.6,0.04222222222215521,5.32,,0.0425,0.0,0.0,0.001,0.023529411764705882,3961.85,1759.28,5721.13,0.0,0.38498862986857485,-0.0,0.38498862986857485,1308327_YES.csv,1308327_YES
1771045920,2026-02-14 05:12:00,1,68.05,2.42218,0.03559412196861724,2.42218,,0.037,-0.12941176470588245,0.12941176470588245,0.004,0.10810810810810811,5267.07,2207.44,7474.51,1753.38,0.4093418832806431,0.0,0.4093418832806431,1308327_YES.csv,1308327_YES
1771045980,2026-02-14 05:13:00,1,1984.700951,80.859999,0.040741653778730465,80.859999,,0.037,0.0,0.0,0.004,0.10810810810810811,5267.07,2207.44,7474.51,0.0,0.4093418832806431,-0.0,0.4093418832806431,1308327_YES.csv,1308327_YES
1771046040,2026-02-14 05:14:00,2,92.756529,3.9999979999999997,0.043123627447905793,1.9999989999999999,,0.037,0.0,0.0,0.004,0.10810810810810811,5267.07,2207.44,7474.51,0.0,0.4093418832806431,-0.0,0.4093418832806431,1308327_YES.csv,1308327_YES
1771046100,2026-02-14 05:15:00,3,1062.36128,45.420799,0.0427545693306492,15.140266333333335,,0.0405,0.09459459459459474,0.09459459459459474,0.007,0.1728395061728395,3308.98,2529.99,5838.969999999999,-1635.5400000000009,0.13341222852660664,1635.5400000000009,0.13341222852660664,1308327_YES.csv,1308327_YES
1771046160,2026-02-14 05:16:00,1,14.0,0.546,0.03899999999721429,0.546,,0.0405,0.0,0.0,0.007,0.1728395061728395,3308.98,2529.99,5838.969999999999,0.0,0.13341222852660664,-0.0,0.13341222852660664,1308327_YES.csv,1308327_YES
1771046220,2026-02-14 05:17:00,6,35018.912855999995,1536.743,0.04388322979411557,256.1238333333333,,0.0405,0.0,0.0,0.007,0.1728395061728395,3308.98,2529.99,5838.969999999999,0.0,0.13341222852660664,-0.0,0.13341222852660664,1308327_YES.csv,1308327_YES
1771046280,2026-02-14 05:18:00,3,350.0,13.68073,0.039087799999888324,4.560243333333333,,0.0425,0.04938271604938271,0.04938271604938271,0.009,0.2117647058823529,2515.74,11974.28,14490.02,8651.050000000001,-0.6527623840408778,0.0,0.6527623840408778,1308327_YES.csv,1308327_YES
1771046340,2026-02-14 05:19:00,1,40.36,1.57404,0.038999999999033697,1.57404,,0.0425,0.0,0.0,0.009,0.2117647058823529,2515.74,11974.28,14490.02,0.0,-0.6527623840408778,-0.0,0.6527623840408778,1308327_YES.csv,1308327_YES
1771046400,2026-02-14 05:20:00,2,1078.0,40.43628,0.0375104638218576,20.21814,,0.0425,0.0,0.0,0.009,0.2117647058823529,2515.74,11974.28,14490.02,0.0,-0.6527623840408778,-0.0,0.6527623840408778,1308327_YES.csv,1308327_YES
1771046460,2026-02-14 05:21:00,1,1257.0,41.774,0.03323309466982236,41.774,,0.0375,-0.11764705882352955,0.11764705882352955,0.007,0.18666666666666668,12190.57,4181.650000000001,16372.220000000001,1882.2000000000007,0.48917739927755666,0.0,0.48917739927755666,1308327_YES.csv,1308327_YES
1771046520,2026-02-14 05:22:00,1,69.76,2.4416,0.03499999999949828,2.4416,,0.0375,0.0,0.0,0.007,0.18666666666666668,12190.57,4181.650000000001,16372.220000000001,0.0,0.48917739927755666,-0.0,0.48917739927755666,1308327_YES.csv,1308327_YES
1771046580,2026-02-14 05:23:00,4,545.674472,19.082599000000002,0.0349706647078865,4.7706497500000005,,0.0375,0.0,0.0,0.007,0.18666666666666668,12190.57,4181.650000000001,16372.220000000001,0.0,0.48917739927755666,-0.0,0.48917739927755666,1308327_YES.csv,1308327_YES
1771046820,2026-02-14 05:27:00,7,2384.266662,69.572407,0.02917979272570595,9.938915285714286,,0.0295,-0.21333333333333337,0.21333333333333337,0.001,0.03389830508474576,11583.45,10220.61,21804.06,5431.84,0.06250395568531733,0.0,0.06250395568531733,1308327_YES.csv,1308327_YES
1771046880,2026-02-14 05:28:00,1,33.333332,0.999999,0.029999971199098804,0.999999,,0.0295,0.0,0.0,0.001,0.03389830508474576,11583.45,10220.61,21804.06,0.0,0.06250395568531733,-0.0,0.06250395568531733,1308327_YES.csv,1308327_YES
1771046940,2026-02-14 05:29:00,2,724.137928,20.999997999999998,0.028999997359578894,10.499998999999999,,0.0295,0.0,0.0,0.001,0.03389830508474576,11583.45,10220.61,21804.06,0.0,0.06250395568531733,-0.0,0.06250395568531733,1308327_YES.csv,1308327_YES
1771047000,2026-02-14 05:30:00,4,473.67482399999994,13.736568,0.02899999599719279,3.434142,,0.0285,-0.03389830508474567,0.03389830508474567,0.001,0.03508771929824561,11081.15,1208.69,12289.84,-9514.220000000001,0.8033025653710707,9514.220000000001,0.8033025653710707,1308327_YES.csv,1308327_YES
1771047060,2026-02-14 05:31:00,8,3181.6827569999996,81.87503899999999,0.02573325037508574,10.234379874999998,,0.0285,0.0,0.0,0.001,0.03508771929824561,11081.15,1208.69,12289.84,0.0,0.8033025653710707,-0.0,0.8033025653710707,1308327_YES.csv,1308327_YES
1771047120,2026-02-14 05:32:00,2,78.108148,2.0,0.02560552325442915,1.0,,0.0285,0.0,0.0,0.001,0.03508771929824561,11081.15,1208.69,12289.84,0.0,0.8033025653710707,-0.0,0.8033025653710707,1308327_YES.csv,1308327_YES
1771047180,2026-02-14 05:33:00,2,2664.63,63.00049,0.023643241275515293,31.500245,,0.0265,-0.07017543859649134,0.07017543859649134,0.001,0.03773584905660377,11878.66,5560.24,17438.9,5149.060000000001,0.36231757737013226,0.0,0.36231757737013226,1308327_YES.csv,1308327_YES
1771047360,2026-02-14 05:36:00,1,241.66,6.0415,0.02499999999989655,6.0415,,0.0265,0.0,0.0,0.003,0.11320754716981132,10496.79,13209.26,23706.050000000003,6267.1500000000015,-0.11442100223360699,0.0,0.11442100223360699,1308327_YES.csv,1308327_YES
1771047420,2026-02-14 05:37:00,1,418.41,10.20018,0.024378432637784938,10.20018,,0.0265,0.0,0.0,0.003,0.11320754716981132,10496.79,13209.26,23706.050000000003,0.0,-0.11442100223360699,-0.0,0.11442100223360699,1308327_YES.csv,1308327_YES
1771047480,2026-02-14 05:38:00,1,178.571427,4.999999,0.027999994646243098,4.999999,,0.0265,0.0,0.0,0.003,0.11320754716981132,10496.79,13209.26,23706.050000000003,0.0,-0.11442100223360699,-0.0,0.11442100223360699,1308327_YES.csv,1308327_YES
1771047540,2026-02-14 05:39:00,4,973.571327,27.394478,0.02813813147557073,6.8486195,,0.026,-0.018867924528301883,0.018867924528301883,0.004,0.15384615384615385,16252.96,13625.35,29878.309999999998,6172.259999999995,0.08794372907972368,0.0,0.08794372907972368,1308327_YES.csv,1308327_YES
1771047600,2026-02-14 05:40:00,1,126.58,3.54424,0.027999999999778796,3.54424,,0.026,0.0,0.0,0.004,0.15384615384615385,16252.96,13625.35,29878.309999999998,0.0,0.08794372907972368,-0.0,0.08794372907972368,1308327_YES.csv,1308327_YES
1771047660,2026-02-14 05:41:00,4,443.69103300000006,12.561278999999999,0.02831086964962775,3.1403197499999997,,0.026,0.0,0.0,0.004,0.15384615384615385,16252.96,13625.35,29878.309999999998,0.0,0.08794372907972368,-0.0,0.08794372907972368,1308327_YES.csv,1308327_YES
1771047720,2026-02-14 05:42:00,3,262.5,8.2,0.031238095237976233,2.733333333333333,,0.0305,0.17307692307692313,0.17307692307692313,0.003,0.09836065573770492,1888.78,4181.98,6070.759999999999,-23807.55,-0.37774512581620756,23807.55,0.37774512581620756,1308327_YES.csv,1308327_YES
1771047780,2026-02-14 05:43:00,1,7001.7385,250.0,0.0357054180186769,250.0,,0.0305,0.0,0.0,0.003,0.09836065573770492,1888.78,4181.98,6070.759999999999,0.0,-0.37774512581620756,-0.0,0.37774512581620756,1308327_YES.csv,1308327_YES
1771047900,2026-02-14 05:45:00,2,166.00625,6.291999999999999,0.03790218741741401,3.1459999999999995,,0.036,0.180327868852459,0.180327868852459,0.004,0.11111111111111112,4672.81,4464.12,9136.93,3066.170000000001,0.022840275672463346,0.0,0.022840275672463346,1308327_YES.csv,1308327_YES
1771048080,2026-02-14 05:48:00,2,2614.520588,85.59330999999999,0.03273766915159102,42.796654999999994,,0.0325,-0.0972222222222221,0.0972222222222221,0.001,0.030769230769230767,4795.37,14326.0,19121.37,9984.439999999999,-0.49842819839791824,0.0,0.49842819839791824,1308327_YES.csv,1308327_YES
1771048140,2026-02-14 05:49:00,1,26.54,0.84928,0.03199999999879428,0.84928,,0.0325,0.0,0.0,0.001,0.030769230769230767,4795.37,14326.0,19121.37,0.0,-0.49842819839791824,-0.0,0.49842819839791824,1308327_YES.csv,1308327_YES
1771048200,2026-02-14 05:50:00,14,5511.1,181.20176,0.03287941790204625,12.942982857142857,,0.0325,0.0,0.0,0.001,0.030769230769230767,4795.37,14326.0,19121.37,0.0,-0.49842819839791824,-0.0,0.49842819839791824,1308327_YES.csv,1308327_YES
1771048260,2026-02-14 05:51:00,7,3713.461175,123.027159,0.03313005123850977,17.57530842857143,,0.032,-0.015384615384615441,0.015384615384615441,0.002,0.0625,6813.27,10105.63,16918.9,-2202.4699999999975,-0.19459657542748043,2202.4699999999975,0.19459657542748043,1308327_YES.csv,1308327_YES
1771048320,2026-02-14 05:52:00,1,908.823528,29.999999,0.03300970768878128,29.999999,,0.032,0.0,0.0,0.002,0.0625,6813.27,10105.63,16918.9,0.0,-0.19459657542748043,-0.0,0.19459657542748043,1308327_YES.csv,1308327_YES
1771048380,2026-02-14 05:53:00,1,500.0,17.0,0.033999999999932,17.0,,0.032,0.0,0.0,0.002,0.0625,6813.27,10105.63,16918.9,0.0,-0.19459657542748043,-0.0,0.19459657542748043,1308327_YES.csv,1308327_YES
1771048440,2026-02-14 05:54:00,2,1499.9999970000001,50.999998000000005,0.033999998734643995,25.499999000000003,,0.0325,0.015625,0.015625,0.001,0.030769230769230767,19494.47,7313.85,26808.32,9889.419999999998,0.4543596913197097,0.0,0.4543596913197097,1308327_YES.csv,1308327_YES
1771048500,2026-02-14 05:55:00,1,5.01,0.16032,0.03199999999361278,0.16032,,0.0325,0.0,0.0,0.001,0.030769230769230767,19494.47,7313.85,26808.32,0.0,0.4543596913197097,-0.0,0.4543596913197097,1308327_YES.csv,1308327_YES
1771048560,2026-02-14 05:56:00,2,894.107647,29.05302,0.032493872630939995,14.52651,,0.0325,0.0,0.0,0.001,0.030769230769230767,19494.47,7313.85,26808.32,0.0,0.4543596913197097,-0.0,0.4543596913197097,1308327_YES.csv,1308327_YES
1771048800,2026-02-14 06:00:00,1,205.882351,6.999999,0.03399999546326336,6.999999,,0.0325,0.0,0.0,0.003,0.09230769230769231,21299.47,6551.87,27851.34,1043.0200000000004,0.5295113269235879,0.0,0.5295113269235879,1308327_YES.csv,1308327_YES
1771048860,2026-02-14 06:01:00,1,147.058822,4.999999,0.033999993553368704,4.999999,,0.0325,0.0,0.0,0.003,0.09230769230769231,21299.47,6551.87,27851.34,0.0,0.5295113269235879,-0.0,0.5295113269235879,1308327_YES.csv,1308327_YES
1771048920,2026-02-14 06:02:00,3,7485.081111,245.64266999999998,0.03281763635653496,81.88089,,0.0325,0.0,0.0,0.003,0.09230769230769231,21299.47,6551.87,27851.34,0.0,0.5295113269235879,-0.0,0.5295113269235879,1308327_YES.csv,1308327_YES
1771048980,2026-02-14 06:03:00,4,1208.02,42.114999999999995,0.034862833396769176,10.528749999999999,,0.0315,-0.03076923076923077,0.03076923076923077,0.003,0.09523809523809523,29050.42,1015.38,30065.8,2214.459999999999,0.9324561461860319,0.0,0.9324561461860319,1308327_YES.csv,1308327_YES
1771049040,2026-02-14 06:04:00,2,52.631576,1.999998,0.0379999641272759,0.999999,,0.0315,0.0,0.0,0.003,0.09523809523809523,29050.42,1015.38,30065.8,0.0,0.9324561461860319,-0.0,0.9324561461860319,1308327_YES.csv,1308327_YES
1771049160,2026-02-14 06:06:00,1,1386.486485,49.999999,0.03606237748503109,49.999999,,0.0335,0.06349206349206349,0.06349206349206349,0.005,0.14925373134328357,20475.57,41562.47,62038.04,31972.24,-0.3399027435425104,0.0,0.3399027435425104,1308327_YES.csv,1308327_YES
1771049280,2026-02-14 06:08:00,2,166.666663,5.999998,0.035999988791783746,2.999999,,0.0335,0.0,0.0,0.005,0.14925373134328357,20475.57,41562.47,62038.04,0.0,-0.3399027435425104,-0.0,0.3399027435425104,1308327_YES.csv,1308327_YES
1771049340,2026-02-14 06:09:00,11,30306.683843,1169.729198,0.03859641008760957,106.339018,,0.0355,0.05970149253731338,0.05970149253731338,0.005,0.14084507042253522,4351.6,13312.94,17664.54,-44373.5,-0.5073067286212944,44373.5,0.5073067286212944,1308327_YES.csv,1308327_YES
1771049400,2026-02-14 06:10:00,4,250.165163,9.16,0.03661580969194892,2.29,,0.0355,0.0,0.0,0.005,0.14084507042253522,4351.6,13312.94,17664.54,0.0,-0.5073067286212944,-0.0,0.5073067286212944,1308327_YES.csv,1308327_YES
1771049460,2026-02-14 06:11:00,5,882.81189,31.281669,0.035434127422054255,6.2563338,,0.0355,0.0,0.0,0.005,0.14084507042253522,4351.6,13312.94,17664.54,0.0,-0.5073067286212944,-0.0,0.5073067286212944,1308327_YES.csv,1308327_YES
1771049520,2026-02-14 06:12:00,2,2050.0,71.75,0.03499999999998293,35.875,,0.0335,-0.0563380281690139,0.0563380281690139,0.003,0.08955223880597014,20030.6,25130.76,45161.36,27496.82,-0.11293194004786392,0.0,0.11293194004786392,1308327_YES.csv,1308327_YES
1771049580,2026-02-14 06:13:00,3,1609.142854,56.31999800000001,0.034999998825439894,18.773332666666672,,0.0335,0.0,0.0,0.003,0.08955223880597014,20030.6,25130.76,45161.36,0.0,-0.11293194004786392,-0.0,0.11293194004786392,1308327_YES.csv,1308327_YES
1771049640,2026-02-14 06:14:00,2,1556.39,51.53365000000001,0.03311101330641221,25.766825000000004,,0.0335,0.0,0.0,0.003,0.08955223880597014,20030.6,25130.76,45161.36,0.0,-0.11293194004786392,-0.0,0.11293194004786392,1308327_YES.csv,1308327_YES
1771049700,2026-02-14 06:15:00,1,15.0,0.495,0.0329999999978,0.495,,0.034,0.014925373134328401,0.014925373134328401,0.002,0.058823529411764705,5667.68,20864.98,26532.66,-18628.7,-0.5727770981122887,18628.7,0.5727770981122887,1308327_YES.csv,1308327_YES
1771049760,2026-02-14 06:16:00,1,1200.0,42.00000000000001,0.03499999999997084,42.00000000000001,,0.034,0.0,0.0,0.002,0.058823529411764705,5667.68,20864.98,26532.66,0.0,-0.5727770981122887,-0.0,0.5727770981122887,1308327_YES.csv,1308327_YES
1771049820,2026-02-14 06:17:00,2,1994.096387,71.439999,0.03582575018223737,35.7199995,,0.034,0.0,0.0,0.002,0.058823529411764705,5667.68,20864.98,26532.66,0.0,-0.5727770981122887,-0.0,0.5727770981122887,1308327_YES.csv,1308327_YES
1771050000,2026-02-14 06:20:00,2,102.777776,3.699999,0.03599999089262253,1.8499995,,0.034,0.0,0.0,0.002,0.058823529411764705,5667.68,20864.98,26532.66,0.0,-0.5727770981122887,-0.0,0.5727770981122887,1308327_YES.csv,1308327_YES
1771050060,2026-02-14 06:21:00,1,25.66,0.8981000000000001,0.03499999999863601,0.8981000000000001,,0.034,0.0,0.0,0.002,0.058823529411764705,6260.9800000000005,18128.36,24389.34,-2143.3199999999997,-0.48658061267750585,2143.3199999999997,0.48658061267750585,1308327_YES.csv,1308327_YES
1771050120,2026-02-14 06:22:00,1,28.571427,0.999999,0.0349999669237731,0.999999,,0.034,0.0,0.0,0.002,0.058823529411764705,6260.9800000000005,18128.36,24389.34,0.0,-0.48658061267750585,-0.0,0.48658061267750585,1308327_YES.csv,1308327_YES
1771050180,2026-02-14 06:23:00,2,905.3714269999999,31.687998999999998,0.03499999895619083,15.843999499999999,,0.034,0.0,0.0,0.002,0.058823529411764705,6260.9800000000005,18128.36,24389.34,0.0,-0.48658061267750585,-0.0,0.48658061267750585,1308327_YES.csv,1308327_YES
1771050240,2026-02-14 06:24:00,10,5769.5599999999995,193.42117000000002,0.03352442300625462,19.342117000000002,,0.0345,0.014705882352941124,0.014705882352941124,0.001,0.02898550724637681,4954.75,17153.06,22107.81,-2281.529999999999,-0.551764738343599,2281.529999999999,0.551764738343599,1308327_YES.csv,1308327_YES
1771050300,2026-02-14 06:25:00,5,944.042435,31.388499,0.03324903398009513,6.2776998,,0.0345,0.0,0.0,0.001,0.02898550724637681,4954.75,17153.06,22107.81,0.0,-0.551764738343599,-0.0,0.551764738343599,1308327_YES.csv,1308327_YES
1771050540,2026-02-14 06:29:00,1,150.0,5.250000000000001,0.034999999999766676,5.250000000000001,,0.0345,0.0,0.0,0.001,0.02898550724637681,4954.75,17153.06,22107.81,0.0,-0.551764738343599,-0.0,0.551764738343599,1308327_YES.csv,1308327_YES
1771050600,2026-02-14 06:30:00,1,1428.571427,49.99999900000001,0.0349999993384755,49.99999900000001,,0.0335,-0.02898550724637683,0.02898550724637683,0.003,0.08955223880597014,19613.27,33766.47,53379.740000000005,31271.930000000004,-0.26514179349693345,0.0,0.26514179349693345,1308327_YES.csv,1308327_YES
1771050720,2026-02-14 06:32:00,2,171.428568,5.999998,0.034999989033128925,2.999999,,0.0335,0.0,0.0,0.003,0.08955223880597014,19613.27,33766.47,53379.740000000005,0.0,-0.26514179349693345,-0.0,0.26514179349693345,1308327_YES.csv,1308327_YES
1771050780,2026-02-14 06:33:00,2,427.777776,15.366439000000002,0.03592154586348608,7.683219500000001,,0.034,0.014925373134328401,0.014925373134328401,0.002,0.058823529411764705,7475.809999999999,35619.05,43094.86,-10284.880000000005,-0.6530532875614402,10284.880000000005,0.6530532875614402,1308327_YES.csv,1308327_YES
1771050840,2026-02-14 06:34:00,3,1191.071081,43.73966,0.03672296363978572,14.579886666666667,,0.034,0.0,0.0,0.002,0.058823529411764705,7475.809999999999,35619.05,43094.86,0.0,-0.6530532875614402,-0.0,0.6530532875614402,1308327_YES.csv,1308327_YES
1771050900,2026-02-14 06:35:00,2,405.405404,14.999998999999999,0.03699999766150867,7.4999994999999995,,0.034,0.0,0.0,0.002,0.058823529411764705,7475.809999999999,35619.05,43094.86,0.0,-0.6530532875614402,-0.0,0.6530532875614402,1308327_YES.csv,1308327_YES
1771050960,2026-02-14 06:36:00,1,636.11111,22.90000000000001,0.036000000062825506,22.90000000000001,,0.0355,0.04411764705882337,0.04411764705882337,0.003,0.08450704225352114,8052.02,44303.97,52355.990000000005,9261.130000000005,-0.6924126542158785,0.0,0.6924126542158785,1308327_YES.csv,1308327_YES
1771051020,2026-02-14 06:37:00,1,171.388887,6.169999,0.035999994561864354,6.169999,,0.0355,0.0,0.0,0.003,0.08450704225352114,8052.02,44303.97,52355.990000000005,0.0,-0.6924126542158785,-0.0,0.6924126542158785,1308327_YES.csv,1308327_YES
1771051080,2026-02-14 06:38:00,3,689.0,24.506,0.035567489114607304,8.168666666666667,,0.0355,0.0,0.0,0.003,0.08450704225352114,8052.02,44303.97,52355.990000000005,0.0,-0.6924126542158785,-0.0,0.6924126542158785,1308327_YES.csv,1308327_YES
1771051140,2026-02-14 06:39:00,3,2989.166663,107.609999,0.03599999970960599,35.869999666666665,,0.035,-0.014084507042253391,0.014084507042253391,0.002,0.05714285714285714,7451.38,45072.72,52524.1,168.1099999999933,-0.7162681511915484,0.0,0.7162681511915484,1308327_YES.csv,1308327_YES
1771051200,2026-02-14 06:40:00,1,1500.0,53.99999999999999,0.035999999999975996,53.99999999999999,,0.035,0.0,0.0,0.002,0.05714285714285714,7451.38,45072.72,52524.1,0.0,-0.7162681511915484,-0.0,0.7162681511915484,1308327_YES.csv,1308327_YES
1771051260,2026-02-14 06:41:00,2,388.88777600000003,13.888849,0.03571428534684583,6.9444245,,0.035,0.0,0.0,0.002,0.05714285714285714,7451.38,45072.72,52524.1,0.0,-0.7162681511915484,-0.0,0.7162681511915484,1308327_YES.csv,1308327_YES
1771051380,2026-02-14 06:43:00,1,215.26,7.5341,0.03499999999983741,7.5341,,0.035,0.0,0.0,0.002,0.05714285714285714,7451.38,45072.72,52524.1,0.0,-0.7162681511915484,-0.0,0.7162681511915484,1308327_YES.csv,1308327_YES
1771051500,2026-02-14 06:45:00,1,63.9,2.2365000000000004,0.034999999999452275,2.2365000000000004,,0.035,0.0,0.0,0.002,0.05714285714285714,6168.41,41389.22,47557.630000000005,-4966.469999999994,-0.7405922036064454,4966.469999999994,0.7405922036064454,1308327_YES.csv,1308327_YES
1771051560,2026-02-14 06:46:00,2,11553.34,346.29347,0.02997345096742321,173.146735,,0.035,0.0,0.0,0.002,0.05714285714285714,6168.41,41389.22,47557.630000000005,0.0,-0.7405922036064454,-0.0,0.7405922036064454,1308327_YES.csv,1308327_YES
1771051620,2026-02-14 06:47:00,3,1745.524284,58.565729000000005,0.033551941692703736,19.52190966666667,,0.035,0.0,0.0,0.002,0.05714285714285714,6168.41,41389.22,47557.630000000005,0.0,-0.7405922036064454,-0.0,0.7405922036064454,1308327_YES.csv,1308327_YES
1771051800,2026-02-14 06:50:00,1,1351.92,36.801840000000006,0.027221906621673363,36.801840000000006,,0.035,0.0,0.0,0.002,0.05714285714285714,6168.41,41389.22,47557.630000000005,0.0,-0.7405922036064454,-0.0,0.7405922036064454,1308327_YES.csv,1308327_YES
1771051860,2026-02-14 06:51:00,1,1388.67,37.49409,0.026999999999980557,37.49409,,0.0285,-0.18571428571428572,0.18571428571428572,0.003,0.10526315789473684,16144.15,10560.62,26704.77,-20852.860000000004,0.20908362064155575,20852.860000000004,0.20908362064155575,1308327_YES.csv,1308327_YES
1771051920,2026-02-14 06:52:00,8,30205.840031,1043.872718,0.03455863888998443,130.48408975,,0.0285,0.0,0.0,0.003,0.10526315789473684,16144.15,10560.62,26704.77,0.0,0.20908362064155575,-0.0,0.20908362064155575,1308327_YES.csv,1308327_YES
1771051980,2026-02-14 06:53:00,2,92.303029,2.983999,0.03232828903120471,1.4919995,,0.0285,0.0,0.0,0.003,0.10526315789473684,16144.15,10560.62,26704.77,0.0,0.20908362064155575,-0.0,0.20908362064155575,1308327_YES.csv,1308327_YES
1771052040,2026-02-14 06:54:00,1,2037.838708,62.909999,0.03087094123445665,62.909999,,0.0265,-0.07017543859649134,0.07017543859649134,0.005,0.18867924528301888,6290.27,9826.57,16116.84,-10587.93,-0.21941646129141937,10587.93,0.21941646129141937,1308327_YES.csv,1308327_YES
1771052100,2026-02-14 06:55:00,1,1388.67,32.35746,0.02330104344443002,32.35746,,0.0265,0.0,0.0,0.005,0.18867924528301888,6290.27,9826.57,16116.84,0.0,-0.21941646129141937,-0.0,0.21941646129141937,1308327_YES.csv,1308327_YES
1771052160,2026-02-14 06:56:00,4,982.51,27.071460000000002,0.027553368413525,6.7678650000000005,,0.0265,0.0,0.0,0.005,0.18867924528301888,6290.27,9826.57,16116.84,0.0,-0.21941646129141937,-0.0,0.21941646129141937,1308327_YES.csv,1308327_YES
1771052220,2026-02-14 06:57:00,5,2197.731515,63.072748,0.028699023319948693,12.6145496,,0.026,-0.018867924528301883,0.018867924528301883,0.002,0.07692307692307693,6965.75,6293.02,13258.77,-2858.0699999999997,0.050738492333753396,2858.0699999999997,0.050738492333753396,1308327_YES.csv,1308327_YES
1771052280,2026-02-14 06:58:00,1,5.0,0.1,0.019999999996000002,0.1,,0.026,0.0,0.0,0.002,0.07692307692307693,6965.75,6293.02,13258.77,0.0,0.050738492333753396,-0.0,0.050738492333753396,1308327_YES.csv,1308327_YES
1771052400,2026-02-14 07:00:00,1,31.0,0.62,0.01999999999935484,0.62,,0.0225,-0.13461538461538458,0.13461538461538458,0.005,0.22222222222222224,12655.6,71903.4,84559.0,71300.23,-0.7006681725185965,0.0,0.7006681725185965,1308327_YES.csv,1308327_YES
1771052520,2026-02-14 07:02:00,1,45.454544,0.999999,0.0219999787035153,0.999999,,0.0225,0.0,0.0,0.005,0.22222222222222224,12655.6,71903.4,84559.0,0.0,-0.7006681725185965,-0.0,0.7006681725185965,1308327_YES.csv,1308327_YES
1771052640,2026-02-14 07:04:00,2,445.454544,8.599999,0.01930612026707868,4.2999995,,0.0225,0.0,0.0,0.005,0.22222222222222224,12655.6,71903.4,84559.0,0.0,-0.7006681725185965,-0.0,0.7006681725185965,1308327_YES.csv,1308327_YES
1771052700,2026-02-14 07:05:00,4,8760.102726000001,178.00092,0.0203195014450769,44.50023,,0.0225,0.0,0.0,0.005,0.22222222222222224,12655.6,71903.4,84559.0,0.0,-0.7006681725185965,-0.0,0.7006681725185965,1308327_YES.csv,1308327_YES
1771052760,2026-02-14 07:06:00,1,200.0,4.4,0.02199999999989,4.4,,0.02,-0.11111111111111105,0.11111111111111105,0.002,0.1,12836.5,39403.23,52239.73,-32319.269999999997,-0.5085541215469529,32319.269999999997,0.5085541215469529,1308327_YES.csv,1308327_YES
1771052820,2026-02-14 07:07:00,1,434.782607,9.999999,0.022999997789647002,9.999999,,0.02,0.0,0.0,0.002,0.1,12836.5,39403.23,52239.73,0.0,-0.5085541215469529,-0.0,0.5085541215469529,1308327_YES.csv,1308327_YES
1771052880,2026-02-14 07:08:00,2,143.468259,3.099789,0.02160609616081277,1.5498945,,0.02,0.0,0.0,0.002,0.1,12836.5,39403.23,52239.73,0.0,-0.5085541215469529,-0.0,0.5085541215469529,1308327_YES.csv,1308327_YES
1771052940,2026-02-14 07:09:00,2,959.53,20.32413,0.02118133878042252,10.162065,,0.021,0.050000000000000044,0.050000000000000044,0.004,0.19047619047619047,12969.47,41272.02,54241.49,2001.7599999999948,-0.5217878417425479,0.0,0.5217878417425479,1308327_YES.csv,1308327_YES
1771053000,2026-02-14 07:10:00,3,1798.5508639999998,41.359997,0.022996289861934617,13.786665666666666,,0.021,0.0,0.0,0.004,0.19047619047619047,12969.47,41272.02,54241.49,0.0,-0.5217878417425479,-0.0,0.5217878417425479,1308327_YES.csv,1308327_YES
1771053120,2026-02-14 07:12:00,1,434.782607,9.999999,0.022999997789647002,9.999999,,0.0215,0.023809523809523725,0.023809523809523725,0.003,0.13953488372093026,14466.49,42028.25,56494.74,2253.25,-0.487864179921883,0.0,0.487864179921883,1308327_YES.csv,1308327_YES
1771053180,2026-02-14 07:13:00,4,14431.184345999998,345.946039,0.023972116959053637,86.48650975,,0.0215,0.0,0.0,0.003,0.13953488372093026,14466.49,42028.25,56494.74,0.0,-0.487864179921883,-0.0,0.487864179921883,1308327_YES.csv,1308327_YES
1771053240,2026-02-14 07:14:00,2,7040.0,176.0,0.02499999999999645,88.0,,0.0215,0.0,0.0,0.003,0.13953488372093026,14466.49,42028.25,56494.74,0.0,-0.487864179921883,-0.0,0.487864179921883,1308327_YES.csv,1308327_YES
1771053300,2026-02-14 07:15:00,1,40.0,0.8799999999999999,0.021999999999449998,0.8799999999999999,,0.0245,0.13953488372093026,0.13953488372093026,0.001,0.04081632653061224,7231.87,23044.03,30275.899999999998,-26218.84,-0.5222688673169089,26218.84,0.5222688673169089,1308327_YES.csv,1308327_YES
1771053420,2026-02-14 07:17:00,2,1015.07,24.36168,0.023999999999976356,12.18084,,0.0245,0.0,0.0,0.001,0.04081632653061224,7231.87,23044.03,30275.899999999998,0.0,-0.5222688673169089,-0.0,0.5222688673169089,1308327_YES.csv,1308327_YES
1771053480,2026-02-14 07:18:00,2,4565.838653,109.999999,0.024091959300335704,54.9999995,,0.022,-0.10204081632653073,0.10204081632653073,0.004,0.18181818181818182,16118.75,15155.48,31274.23,998.3300000000017,0.030800758324025897,0.0,0.030800758324025897,1308327_YES.csv,1308327_YES
1771053540,2026-02-14 07:19:00,2,62.042,1.5,0.024177170303597933,0.75,,0.022,0.0,0.0,0.004,0.18181818181818182,16118.75,15155.48,31274.23,0.0,0.030800758324025897,-0.0,0.030800758324025897,1308327_YES.csv,1308327_YES
1771053600,2026-02-14 07:20:00,2,881.75,21.162000000000003,0.023999999999972786,10.581000000000001,,0.022,0.0,0.0,0.004,0.18181818181818182,16118.75,15155.48,31274.23,0.0,0.030800758324025897,-0.0,0.030800758324025897,1308327_YES.csv,1308327_YES
1771053660,2026-02-14 07:21:00,1,21.23,0.44583,0.020999999999010838,0.44583,,0.022,0.0,0.0,0.004,0.18181818181818182,16118.75,15155.48,31274.23,0.0,0.030800758324025897,-0.0,0.030800758324025897,1308327_YES.csv,1308327_YES
1771053780,2026-02-14 07:23:00,1,100.659583,2.34,0.023246668923481956,2.34,,0.022,0.0,0.0,0.004,0.18181818181818182,16118.75,15155.48,31274.23,0.0,0.030800758324025897,-0.0,0.030800758324025897,1308327_YES.csv,1308327_YES
1771053840,2026-02-14 07:24:00,1,454.54,9.0908,0.019999999999955997,9.0908,,0.022,0.0,0.0,0.004,0.18181818181818182,18114.99,11822.35,29937.340000000004,-1336.8899999999958,0.21019369122306794,1336.8899999999958,0.21019369122306794,1308327_YES.csv,1308327_YES
1771053960,2026-02-14 07:26:00,3,220.32999999999998,5.31992,0.02414523669030933,1.7733066666666666,,0.022,0.0,0.0,0.004,0.18181818181818182,18114.99,11822.35,29937.340000000004,0.0,0.21019369122306794,-0.0,0.21019369122306794,1308327_YES.csv,1308327_YES
1771054020,2026-02-14 07:27:00,1,176.33,3.87926,0.021999999999875234,3.87926,,0.0225,0.022727272727272707,0.022727272727272707,0.001,0.044444444444444446,9161.55,10827.55,19989.1,-9948.240000000005,-0.08334542325567434,9948.240000000005,0.08334542325567434,1308327_YES.csv,1308327_YES
1771054080,2026-02-14 07:28:00,6,2982.891424,71.805989,0.02407261237275792,11.967664833333332,,0.0225,0.0,0.0,0.001,0.044444444444444446,9161.55,10827.55,19989.1,0.0,-0.08334542325567434,-0.0,0.08334542325567434,1308327_YES.csv,1308327_YES
1771054140,2026-02-14 07:29:00,1,200.0,4.6,0.022999999999884998,4.6,,0.0225,0.0,0.0,0.001,0.044444444444444446,9161.55,10827.55,19989.1,0.0,-0.08334542325567434,-0.0,0.08334542325567434,1308327_YES.csv,1308327_YES
1771054200,2026-02-14 07:30:00,2,737.67,17.30414,0.023457833448529197,8.65207,,0.024,0.06666666666666665,0.06666666666666665,0.004,0.16666666666666666,9614.13,20702.71,30316.839999999997,10327.739999999998,-0.3657564574672031,0.0,0.3657564574672031,1308327_YES.csv,1308327_YES
1771054260,2026-02-14 07:31:00,2,599.99,14.79976,0.024666677777921853,7.39988,,0.024,0.0,0.0,0.004,0.16666666666666666,9614.13,20702.71,30316.839999999997,0.0,-0.3657564574672031,-0.0,0.3657564574672031,1308327_YES.csv,1308327_YES
1771054380,2026-02-14 07:33:00,1,38.461537,0.999999,0.025999974987323003,0.999999,,0.025,0.04166666666666674,0.04166666666666674,0.002,0.08,13917.75,20923.12,34840.869999999995,4524.029999999999,-0.20106759676207855,0.0,0.20106759676207855,1308327_YES.csv,1308327_YES
1771054440,2026-02-14 07:34:00,1,38.461537,0.999999,0.025999974987323003,0.999999,,0.025,0.0,0.0,0.002,0.08,13917.75,20923.12,34840.869999999995,0.0,-0.20106759676207855,-0.0,0.20106759676207855,1308327_YES.csv,1308327_YES
1771054500,2026-02-14 07:35:00,2,1988.076923,51.69,0.026000000000992916,25.845,,0.025,0.0,0.0,0.002,0.08,13917.75,20923.12,34840.869999999995,0.0,-0.20106759676207855,-0.0,0.20106759676207855,1308327_YES.csv,1308327_YES
1771054680,2026-02-14 07:38:00,1,65.0,1.56,0.023999999999630768,1.56,,0.025,0.0,0.0,0.002,0.08,13917.75,20923.12,34840.869999999995,0.0,-0.20106759676207855,-0.0,0.20106759676207855,1308327_YES.csv,1308327_YES
1771054740,2026-02-14 07:39:00,1,40.0,1.0,0.024999999999375,1.0,,0.0245,-0.020000000000000018,0.020000000000000018,0.001,0.04081632653061224,14216.58,38599.88,52816.46,17975.590000000004,-0.46166100492157175,0.0,0.46166100492157175,1308327_YES.csv,1308327_YES
1771054800,2026-02-14 07:40:00,2,4393.6,109.84,0.024999999999994305,54.92,,0.0245,0.0,0.0,0.001,0.04081632653061224,14216.58,38599.88,52816.46,0.0,-0.46166100492157175,-0.0,0.46166100492157175,1308327_YES.csv,1308327_YES
1771054980,2026-02-14 07:43:00,2,80.0,2.0,0.024999999999687498,1.0,,0.0245,0.0,0.0,0.001,0.04081632653061224,14216.58,38599.88,52816.46,0.0,-0.46166100492157175,-0.0,0.46166100492157175,1308327_YES.csv,1308327_YES
1771055160,2026-02-14 07:46:00,2,1562.79,39.06975,0.024999999999984004,19.534875,,0.0245,0.0,0.0,0.001,0.04081632653061224,14216.58,38599.88,52816.46,0.0,-0.46166100492157175,-0.0,0.46166100492157175,1308327_YES.csv,1308327_YES
1771055220,2026-02-14 07:47:00,1,40.0,1.0,0.024999999999375,1.0,,0.0245,0.0,0.0,0.001,0.04081632653061224,14216.58,38599.88,52816.46,0.0,-0.46166100492157175,-0.0,0.46166100492157175,1308327_YES.csv,1308327_YES
1771055280,2026-02-14 07:48:00,3,3200.8,80.0,0.02499375156210166,26.666666666666668,,0.024,-0.020408163265306145,0.020408163265306145,0.002,0.08333333333333333,20195.16,33858.61,54053.770000000004,1237.310000000005,-0.25277515333343076,0.0,0.25277515333343076,1308327_YES.csv,1308327_YES
1771055340,2026-02-14 07:49:00,1,16.55,0.38065,0.02299999999861027,0.38065,,0.024,0.0,0.0,0.002,0.08333333333333333,20195.16,33858.61,54053.770000000004,0.0,-0.25277515333343076,-0.0,0.25277515333343076,1308327_YES.csv,1308327_YES
1771055460,2026-02-14 07:51:00,1,40.0,1.0,0.024999999999375,1.0,,0.024,0.0,0.0,0.002,0.08333333333333333,20249.28,31239.76,51489.03999999999,-2564.7300000000105,-0.21345280471339145,2564.7300000000105,0.21345280471339145,1308327_YES.csv,1308327_YES
1771055640,2026-02-14 07:54:00,2,258.18,6.43098,0.02490890076681033,3.21549,,0.024,0.0,0.0,0.002,0.08333333333333333,21275.94,31136.62,52412.56,923.5200000000041,-0.18813582087957545,0.0,0.18813582087957545,1308327_YES.csv,1308327_YES
1771055820,2026-02-14 07:57:00,2,604.196,14.6,0.02416434402077438,7.3,,0.0235,-0.02083333333333337,0.02083333333333337,0.001,0.0425531914893617,32582.83,28998.52,61581.350000000006,9168.790000000008,0.058204472620363164,0.0,0.058204472620363164,1308327_YES.csv,1308327_YES
1771055940,2026-02-14 07:59:00,1,64.8,1.5552,0.023999999999629627,1.5552,,0.0235,0.0,0.0,0.001,0.0425531914893617,32582.83,28998.52,61581.350000000006,0.0,0.058204472620363164,-0.0,0.058204472620363164,1308327_YES.csv,1308327_YES
1771056120,2026-02-14 08:02:00,2,81.8,2.0414,0.024955990219743814,1.0207,,0.0235,0.0,0.0,0.001,0.0425531914893617,32582.83,28998.52,61581.350000000006,0.0,0.058204472620363164,-0.0,0.058204472620363164,1308327_YES.csv,1308327_YES
1771056180,2026-02-14 08:03:00,4,921.0,23.025,0.024999999999972853,5.75625,,0.024,0.02127659574468077,0.02127659574468077,0.002,0.08333333333333333,21865.94,43959.24,65825.18,4243.829999999987,-0.33563599826084795,0.0,0.33563599826084795,1308327_YES.csv,1308327_YES
1771056240,2026-02-14 08:04:00,1,41.0,0.943,0.022999999999439025,0.943,,0.024,0.0,0.0,0.002,0.08333333333333333,21865.94,43959.24,65825.18,0.0,-0.33563599826084795,-0.0,0.33563599826084795,1308327_YES.csv,1308327_YES
1771056300,2026-02-14 08:05:00,1,43.478259,0.999999,0.02299997798847,0.999999,,0.024,0.0,0.0,0.002,0.08333333333333333,21865.94,43959.24,65825.18,0.0,-0.33563599826084795,-0.0,0.33563599826084795,1308327_YES.csv,1308327_YES
1771056360,2026-02-14 08:06:00,1,84.13,1.93499,0.02299999999972661,1.93499,,0.0235,-0.02083333333333337,0.02083333333333337,0.001,0.0425531914893617,26755.38,32055.82,58811.2,-7013.979999999996,-0.09012637048725411,7013.979999999996,0.09012637048725411,1308327_YES.csv,1308327_YES
1771056420,2026-02-14 08:07:00,1,416.25,9.99,0.023999999999942342,9.99,,0.0235,0.0,0.0,0.001,0.0425531914893617,26755.38,32055.82,58811.2,0.0,-0.09012637048725411,-0.0,0.09012637048725411,1308327_YES.csv,1308327_YES
1771056600,2026-02-14 08:10:00,2,621.42,13.691849999999999,0.02203316597466764,6.845924999999999,,0.0235,0.0,0.0,0.001,0.0425531914893617,26755.38,32055.82,58811.2,0.0,-0.09012637048725411,-0.0,0.09012637048725411,1308327_YES.csv,1308327_YES
1771056660,2026-02-14 08:11:00,1,27.77,0.6109399999999999,0.021999999999207775,0.6109399999999999,,0.0235,0.0,0.0,0.001,0.0425531914893617,26755.38,32055.82,58811.2,0.0,-0.09012637048725411,-0.0,0.09012637048725411,1308327_YES.csv,1308327_YES
1771056840,2026-02-14 08:14:00,1,520.0,11.8955,0.02287596153841751,11.8955,,0.0235,0.0,0.0,0.001,0.0425531914893617,26755.38,32055.82,58811.2,0.0,-0.09012637048725411,-0.0,0.09012637048725411,1308327_YES.csv,1308327_YES
1771056900,2026-02-14 08:15:00,1,199.97,4.39934,0.021999999999889983,4.39934,,0.023,-0.021276595744680882,0.021276595744680882,0.002,0.08695652173913043,28309.44,36293.69,64603.130000000005,5791.930000000008,-0.12358921309230687,0.0,0.12358921309230687,1308327_YES.csv,1308327_YES
1771056960,2026-02-14 08:16:00,3,1372.05,29.604999999999997,0.02157720199699602,9.868333333333332,,0.023,0.0,0.0,0.002,0.08695652173913043,28309.44,36293.69,64603.130000000005,0.0,-0.12358921309230687,-0.0,0.12358921309230687,1308327_YES.csv,1308327_YES
1771057020,2026-02-14 08:17:00,2,222.086955,5.095999,0.022945962764796584,2.5479995,,0.023,0.0,0.0,0.002,0.08695652173913043,28309.44,36293.69,64603.130000000005,0.0,-0.12358921309230687,-0.0,0.12358921309230687,1308327_YES.csv,1308327_YES
1771057200,2026-02-14 08:20:00,3,1124.999998,26.999999,0.02399999915375644,8.999999666666666,,0.023,0.0,0.0,0.002,0.08695652173913043,28309.44,36293.69,64603.130000000005,0.0,-0.12358921309230687,-0.0,0.12358921309230687,1308327_YES.csv,1308327_YES
1771057260,2026-02-14 08:21:00,2,1069.9,25.6077,0.023934666791266535,12.80385,,0.0235,0.021739130434782705,0.021739130434782705,0.001,0.0425531914893617,17845.02,35630.72,53475.740000000005,-11127.39,-0.3325938079585247,11127.39,0.3325938079585247,1308327_YES.csv,1308327_YES
1771057380,2026-02-14 08:23:00,1,43.0,1.032,0.023999999999441864,1.032,,0.0235,0.0,0.0,0.001,0.0425531914893617,17845.02,35630.72,53475.740000000005,0.0,-0.3325938079585247,-0.0,0.3325938079585247,1308327_YES.csv,1308327_YES
1771057440,2026-02-14 08:24:00,2,125.0,2.875,0.022999999999816,1.4375,,0.0235,0.0,0.0,0.001,0.0425531914893617,15693.32,36996.75,52690.07,-785.6700000000055,-0.4043158416756706,785.6700000000055,0.4043158416756706,1308327_YES.csv,1308327_YES
1771057500,2026-02-14 08:25:00,2,416.21,9.98783,0.023997092813666188,4.993915,,0.0235,0.0,0.0,0.001,0.0425531914893617,15693.32,36996.75,52690.07,0.0,-0.4043158416756706,-0.0,0.4043158416756706,1308327_YES.csv,1308327_YES
1771057560,2026-02-14 08:26:00,1,31.0,0.713,0.022999999999258062,0.713,,0.0235,0.0,0.0,0.001,0.0425531914893617,15693.32,36996.75,52690.07,0.0,-0.4043158416756706,-0.0,0.4043158416756706,1308327_YES.csv,1308327_YES
1771057620,2026-02-14 08:27:00,3,1590.896665,38.181518999999994,0.02399999939655162,12.727172999999999,,0.0235,0.0,0.0,0.001,0.0425531914893617,14025.22,49168.2,63193.42,10503.349999999999,-0.5561177097235755,0.0,0.5561177097235755,1308327_YES.csv,1308327_YES
1771057680,2026-02-14 08:28:00,7,7613.990000000001,180.44663,0.023699352113671846,25.77809,,0.0235,0.0,0.0,0.001,0.0425531914893617,14025.22,49168.2,63193.42,0.0,-0.5561177097235755,-0.0,0.5561177097235755,1308327_YES.csv,1308327_YES
1771057740,2026-02-14 08:29:00,3,162.95,3.8091,0.023375882172302083,1.2697,,0.0235,0.0,0.0,0.001,0.0425531914893617,14025.22,49168.2,63193.42,0.0,-0.5561177097235755,-0.0,0.5561177097235755,1308327_YES.csv,1308327_YES
1771057800,2026-02-14 08:30:00,1,2.66,0.06118,0.022999999991353385,0.06118,,0.0235,0.0,0.0,0.001,0.0425531914893617,11035.0,41814.84,52849.84,-10343.580000000002,-0.5824017631841458,10343.580000000002,0.5824017631841458,1308327_YES.csv,1308327_YES
1771057860,2026-02-14 08:31:00,12,12238.2,253.69541999999998,0.020729798499777616,21.141285,,0.0235,0.0,0.0,0.001,0.0425531914893617,11035.0,41814.84,52849.84,0.0,-0.5824017631841458,-0.0,0.5824017631841458,1308327_YES.csv,1308327_YES
1771057920,2026-02-14 08:32:00,3,245.47,4.51846,0.018407381757369914,1.5061533333333335,,0.0235,0.0,0.0,0.001,0.0425531914893617,11035.0,41814.84,52849.84,0.0,-0.5824017631841458,-0.0,0.5824017631841458,1308327_YES.csv,1308327_YES
1771058040,2026-02-14 08:34:00,1,45.0,0.9,0.019999999999555557,0.9,,0.0235,0.0,0.0,0.001,0.0425531914893617,11035.0,41814.84,52849.84,0.0,-0.5824017631841458,-0.0,0.5824017631841458,1308327_YES.csv,1308327_YES
1771058100,2026-02-14 08:35:00,3,1057.545453,20.394589,0.019284834464680652,6.798196333333333,,0.0235,0.0,0.0,0.001,0.0425531914893617,11035.0,41814.84,52849.84,0.0,-0.5824017631841458,-0.0,0.5824017631841458,1308327_YES.csv,1308327_YES
1771058160,2026-02-14 08:36:00,1,50.0,1.0,0.0199999999996,1.0,,0.0195,-0.17021276595744683,0.17021276595744683,0.001,0.05128205128205128,13278.08,60545.78999999999,73823.87,20974.03,-0.6402767831055185,0.0,0.6402767831055185,1308327_YES.csv,1308327_YES
1771058220,2026-02-14 08:37:00,3,1454.479046,28.398289000000002,0.019524715105438843,9.466096333333335,,0.0195,0.0,0.0,0.001,0.05128205128205128,13278.08,60545.78999999999,73823.87,0.0,-0.6402767831055185,-0.0,0.6402767831055185,1308327_YES.csv,1308327_YES
1771058340,2026-02-14 08:39:00,1,45.454544,0.999999,0.0219999787035153,0.999999,,0.021,0.0769230769230771,0.0769230769230771,0.002,0.09523809523809523,11073.9,67139.3,78213.2,4389.330000000002,-0.7168278500304297,0.0,0.7168278500304297,1308327_YES.csv,1308327_YES
1771058400,2026-02-14 08:40:00,3,1894.56,41.196149999999996,0.021744441981240106,13.73205,,0.021,0.0,0.0,0.002,0.09523809523809523,11073.9,67139.3,78213.2,0.0,-0.7168278500304297,-0.0,0.7168278500304297,1308327_YES.csv,1308327_YES
1771058460,2026-02-14 08:41:00,1,111.81818,2.4599990000000003,0.021999991414437252,2.4599990000000003,,0.021,0.0,0.0,0.002,0.09523809523809523,11073.9,67139.3,78213.2,0.0,-0.7168278500304297,-0.0,0.7168278500304297,1308327_YES.csv,1308327_YES
1771058520,2026-02-14 08:42:00,1,45.454544,0.999999,0.0219999787035153,0.999999,,0.021,0.0,0.0,0.002,0.09523809523809523,13024.64,66834.23,79858.87,1645.6699999999983,-0.6738085575215377,0.0,0.6738085575215377,1308327_YES.csv,1308327_YES
1771058580,2026-02-14 08:43:00,3,2215.11,41.8911,0.01891152132398885,13.963700000000001,,0.021,0.0,0.0,0.002,0.09523809523809523,13024.64,66834.23,79858.87,0.0,-0.6738085575215377,-0.0,0.6738085575215377,1308327_YES.csv,1308327_YES
1771058760,2026-02-14 08:46:00,1,2323.730832,54.36,0.023393415128545536,54.36,,0.021,0.0,0.0,0.002,0.09523809523809523,13024.64,66834.23,79858.87,0.0,-0.6738085575215377,-0.0,0.6738085575215377,1308327_YES.csv,1308327_YES
1771058820,2026-02-14 08:47:00,4,97.643333,2.31482,0.023706892512326393,0.578705,,0.021,0.0,0.0,0.002,0.09523809523809523,13024.64,66834.23,79858.87,0.0,-0.6738085575215377,-0.0,0.6738085575215377,1308327_YES.csv,1308327_YES
1771058880,2026-02-14 08:48:00,16,1570.9199999999998,37.61853,0.023946814605438887,2.351158125,,0.0235,0.11904761904761907,0.11904761904761907,0.001,0.0425531914893617,3459.49,56829.62,60289.11,-19569.759999999995,-0.8852366538500901,19569.759999999995,0.8852366538500901,1308327_YES.csv,1308327_YES
1771058940,2026-02-14 08:49:00,5,231.3,5.37858,0.023253696497953943,1.0757160000000001,,0.0235,0.0,0.0,0.001,0.0425531914893617,3459.49,56829.62,60289.11,0.0,-0.8852366538500901,-0.0,0.8852366538500901,1308327_YES.csv,1308327_YES
1771059000,2026-02-14 08:50:00,2,600.4347789999999,13.809998,0.02299999680727515,6.904999,,0.0235,0.0,0.0,0.001,0.0425531914893617,3459.49,56829.62,60289.11,0.0,-0.8852366538500901,-0.0,0.8852366538500901,1308327_YES.csv,1308327_YES
1771059060,2026-02-14 08:51:00,17,49.176665,1.172729,0.023847265770790875,0.06898405882352941,,0.0235,0.0,0.0,0.001,0.0425531914893617,3555.27,50018.2,53573.469999999994,-6715.640000000007,-0.867274977708183,6715.640000000007,0.867274977708183,1308327_YES.csv,1308327_YES
1771059120,2026-02-14 08:52:00,12,507.48333,12.130448,0.023903145744661312,1.0108706666666667,,0.0235,0.0,0.0,0.001,0.0425531914893617,3555.27,50018.2,53573.469999999994,0.0,-0.867274977708183,-0.0,0.867274977708183,1308327_YES.csv,1308327_YES
1771059180,2026-02-14 08:53:00,6,30.249999999999996,0.6957499999999998,0.022999999999239667,0.11595833333333329,,0.0235,0.0,0.0,0.001,0.0425531914893617,3555.27,50018.2,53573.469999999994,0.0,-0.867274977708183,-0.0,0.867274977708183,1308327_YES.csv,1308327_YES
1771059240,2026-02-14 08:54:00,10,1124.25,26.857750000000003,0.023889481876785513,2.6857750000000005,,0.0235,0.0,0.0,0.001,0.0425531914893617,3940.12,49547.59,53487.71,-85.75999999999476,-0.8526719502480101,85.75999999999476,0.8526719502480101,1308327_YES.csv,1308327_YES
1771059300,2026-02-14 08:55:00,4,128.27,3.0752099999999998,0.023974506899321943,0.7688024999999999,,0.0235,0.0,0.0,0.001,0.0425531914893617,3940.12,49547.59,53487.71,0.0,-0.8526719502480101,-0.0,0.8526719502480101,1308327_YES.csv,1308327_YES
1771059360,2026-02-14 08:56:00,11,3269.096666,72.96617,0.02231997932604957,6.633288181818182,,0.0235,0.0,0.0,0.001,0.0425531914893617,3940.12,49547.59,53487.71,0.0,-0.8526719502480101,-0.0,0.8526719502480101,1308327_YES.csv,1308327_YES
1771059420,2026-02-14 08:57:00,3,200.959564,4.6217999999999995,0.022998656585346694,1.5405999999999997,,0.0215,-0.08510638297872353,0.08510638297872353,0.003,0.13953488372093026,11056.48,49002.85,60059.33,6571.620000000003,-0.6318147405240784,0.0,0.6318147405240784,1308327_YES.csv,1308327_YES
1771059480,2026-02-14 08:58:00,1,260.869564,6.0,0.023000000107245136,6.0,,0.0215,0.0,0.0,0.003,0.13953488372093026,11056.48,49002.85,60059.33,0.0,-0.6318147405240784,-0.0,0.6318147405240784,1308327_YES.csv,1308327_YES
1771059540,2026-02-14 08:59:00,2,188.540833,4.4032,0.02335409221394839,2.2016,,0.0215,0.0,0.0,0.003,0.13953488372093026,11056.48,49002.85,60059.33,0.0,-0.6318147405240784,-0.0,0.6318147405240784,1308327_YES.csv,1308327_YES
1771059600,2026-02-14 09:00:00,1,1739.565217,40.010000000000005,0.02300000000516048,40.010000000000005,,0.0225,0.04651162790697683,0.04651162790697683,0.003,0.13333333333333333,10007.12,47562.16,57569.280000000006,-2490.0499999999956,-0.6523451396300248,2490.0499999999956,0.6523451396300248,1308327_YES.csv,1308327_YES
1771059720,2026-02-14 09:02:00,4,85.039165,2.013439,0.023676608301319953,0.50335975,,0.0225,0.0,0.0,0.003,0.13333333333333333,10007.12,47562.16,57569.280000000006,0.0,-0.6523451396300248,-0.0,0.6523451396300248,1308327_YES.csv,1308327_YES
1771059780,2026-02-14 09:03:00,1,0.18,0.00378,0.020999999883333335,0.00378,,0.0225,0.0,0.0,0.003,0.13333333333333333,9565.45,44935.76,54501.21000000001,-3068.0699999999997,-0.6489821051679402,3068.0699999999997,0.6489821051679402,1308327_YES.csv,1308327_YES
1771059960,2026-02-14 09:06:00,2,115.217388,2.649998,0.022999983300931896,1.324999,,0.022,-0.022222222222222254,0.022222222222222254,0.002,0.09090909090909091,12455.87,42668.01,55123.880000000005,622.6699999999983,-0.5480771672821289,0.0,0.5480771672821289,1308327_YES.csv,1308327_YES
1771060140,2026-02-14 09:09:00,3,1430.3600000000001,31.46792,0.02199999999998462,10.489306666666666,,0.022,0.0,0.0,0.002,0.09090909090909091,12455.8,43584.96,56040.759999999995,916.8799999999901,-0.5554735517505474,0.0,0.5554735517505474,1308327_YES.csv,1308327_YES
1771060200,2026-02-14 09:10:00,4,1335.1399999999999,31.08558,0.02328263702681119,7.771395,,0.022,0.0,0.0,0.002,0.09090909090909091,12455.8,43584.96,56040.759999999995,0.0,-0.5554735517505474,-0.0,0.5554735517505474,1308327_YES.csv,1308327_YES
1771060380,2026-02-14 09:13:00,1,71.73,1.57806,0.021999999999693293,1.57806,,0.022,0.0,0.0,0.002,0.09090909090909091,12455.8,43584.96,56040.759999999995,0.0,-0.5554735517505474,-0.0,0.5554735517505474,1308327_YES.csv,1308327_YES
1771060440,2026-02-14 09:14:00,1,0.16,0.0035199999999999,0.021999999862499998,0.0035199999999999,,0.022,0.0,0.0,0.002,0.09090909090909091,12455.8,43584.96,56040.759999999995,0.0,-0.5554735517505474,-0.0,0.5554735517505474,1308327_YES.csv,1308327_YES
1771060500,2026-02-14 09:15:00,1,0.16,0.0035199999999999,0.021999999862499998,0.0035199999999999,,0.023,0.045454545454545414,0.045454545454545414,0.002,0.08695652173913043,7663.1,65486.86,73149.96,17109.20000000001,-0.7904824554927986,0.0,0.7904824554927986,1308327_YES.csv,1308327_YES
1771060560,2026-02-14 09:16:00,1,0.15,0.0032999999999999,0.021999999853333334,0.0032999999999999,,0.023,0.0,0.0,0.002,0.08695652173913043,7663.1,65486.86,73149.96,0.0,-0.7904824554927986,-0.0,0.7904824554927986,1308327_YES.csv,1308327_YES
1771060620,2026-02-14 09:17:00,1,0.15,0.0032999999999999,0.021999999853333334,0.0032999999999999,,0.023,0.0,0.0,0.002,0.08695652173913043,7663.1,65486.86,73149.96,0.0,-0.7904824554927986,-0.0,0.7904824554927986,1308327_YES.csv,1308327_YES
1771060680,2026-02-14 09:18:00,1,83.31,1.83282,0.021999999999735922,1.83282,,0.023,0.0,0.0,0.002,0.08695652173913043,12579.33,65409.58,77988.91,4838.949999999997,-0.6774072108457472,0.0,0.6774072108457472,1308327_YES.csv,1308327_YES
1771060740,2026-02-14 09:19:00,2,209.423333,5.02398,0.023989590500768175,2.51199,,0.023,0.0,0.0,0.002,0.08695652173913043,12579.33,65409.58,77988.91,0.0,-0.6774072108457472,-0.0,0.6774072108457472,1308327_YES.csv,1308327_YES
1771060800,2026-02-14 09:20:00,10,123.30666500000001,2.7960789999999998,0.022675813995758628,0.27960789999999996,,0.023,0.0,0.0,0.002,0.08695652173913043,12579.33,65409.58,77988.91,0.0,-0.6774072108457472,-0.0,0.6774072108457472,1308327_YES.csv,1308327_YES
1771060860,2026-02-14 09:21:00,5,4.62,0.10163999999999959,0.02199999999523809,0.02032799999999992,,0.023,0.0,0.0,0.002,0.08695652173913043,11988.2,63560.98,75549.18000000001,-2439.729999999996,-0.6826385144087599,2439.729999999996,0.6826385144087599,1308327_YES.csv,1308327_YES
1771060920,2026-02-14 09:22:00,8,3138.33,66.75689,0.021271469220884503,8.34461125,,0.023,0.0,0.0,0.002,0.08695652173913043,11988.2,63560.98,75549.18000000001,0.0,-0.6826385144087599,-0.0,0.6826385144087599,1308327_YES.csv,1308327_YES
1771060980,2026-02-14 09:23:00,2,50.21,1.0042,0.019999999999601673,0.5021,,0.023,0.0,0.0,0.002,0.08695652173913043,11988.2,63560.98,75549.18000000001,0.0,-0.6826385144087599,-0.0,0.6826385144087599,1308327_YES.csv,1308327_YES
1771061040,2026-02-14 09:24:00,1,238.095237,5.0,0.021000000096511803,5.0,,0.0215,-0.0652173913043479,0.0652173913043479,0.003,0.13953488372093026,18142.62,61907.37,80049.99,4500.809999999998,-0.5467177447492497,0.0,0.5467177447492497,1308327_YES.csv,1308327_YES
1771061100,2026-02-14 09:25:00,2,551.568094,11.58293,0.021000000047100262,5.791465,,0.0215,0.0,0.0,0.003,0.13953488372093026,18142.62,61907.37,80049.99,0.0,-0.5467177447492497,-0.0,0.5467177447492497,1308327_YES.csv,1308327_YES
1771061160,2026-02-14 09:26:00,1,50.0,1.0,0.0199999999996,1.0,,0.0215,0.0,0.0,0.003,0.13953488372093026,18142.62,61907.37,80049.99,0.0,-0.5467177447492497,-0.0,0.5467177447492497,1308327_YES.csv,1308327_YES
1771061220,2026-02-14 09:27:00,2,56.47,1.1229299999999998,0.019885425889500853,0.5614649999999999,,0.0195,-0.09302325581395343,0.09302325581395343,0.001,0.05128205128205128,15262.16,69862.76,85124.92,5074.929999999993,-0.6414173428885453,0.0,0.6414173428885453,1308327_YES.csv,1308327_YES
1771061280,2026-02-14 09:28:00,2,499.999997,10.999998000000001,0.02199999613195589,5.499999000000001,,0.0195,0.0,0.0,0.001,0.05128205128205128,15262.16,69862.76,85124.92,0.0,-0.6414173428885453,-0.0,0.6414173428885453,1308327_YES.csv,1308327_YES
1771061400,2026-02-14 09:30:00,1,10.46,0.19874,0.018999999998183553,0.19874,,0.0205,0.05128205128205132,0.05128205128205132,0.003,0.14634146341463414,16241.59,60469.81,76711.4,-8413.520000000004,-0.5765534197003315,8413.520000000004,0.5765534197003315,1308327_YES.csv,1308327_YES
1771061520,2026-02-14 09:32:00,1,50.35,0.88595,0.01759582919528103,0.88595,,0.0205,0.0,0.0,0.003,0.14634146341463414,16241.59,60469.81,76711.4,0.0,-0.5765534197003315,-0.0,0.5765534197003315,1308327_YES.csv,1308327_YES
1771061880,2026-02-14 09:38:00,2,556.485453,12.038799000000001,0.021633627501091792,6.0193995000000005,,0.0205,0.0,0.0,0.003,0.14634146341463414,16241.59,60469.81,76711.4,0.0,-0.5765534197003315,-0.0,0.5765534197003315,1308327_YES.csv,1308327_YES
1771061940,2026-02-14 09:39:00,1,990.454544,21.789999,0.021999999022648688,21.789999,,0.021,0.024390243902439046,0.024390243902439046,0.002,0.09523809523809523,16692.5,66907.83,83600.33,6888.930000000008,-0.6006594710810352,0.0,0.6006594710810352,1308327_YES.csv,1308327_YES
1771062060,2026-02-14 09:41:00,2,486.78,10.222380000000001,0.020999999999956862,5.111190000000001,,0.021,0.0,0.0,0.002,0.09523809523809523,16692.5,66907.83,83600.33,0.0,-0.6006594710810352,-0.0,0.6006594710810352,1308327_YES.csv,1308327_YES
1771062120,2026-02-14 09:42:00,3,682.608694,15.099999,0.022121017696821014,5.033333,,0.0215,0.023809523809523725,0.023809523809523725,0.001,0.04651162790697675,15141.78,61449.37,76591.15000000001,-7009.179999999993,-0.6046075819464781,7009.179999999993,0.6046075819464781,1308327_YES.csv,1308327_YES
1771062180,2026-02-14 09:43:00,1,45.454544,0.999999,0.0219999787035153,0.999999,,0.0215,0.0,0.0,0.001,0.04651162790697675,15141.78,61449.37,76591.15000000001,0.0,-0.6046075819464781,-0.0,0.6046075819464781,1308327_YES.csv,1308327_YES
1771062240,2026-02-14 09:44:00,2,321.090909,6.792000000000001,0.02115288788814275,3.3960000000000004,,0.0215,0.0,0.0,0.001,0.04651162790697675,15141.78,61449.37,76591.15000000001,0.0,-0.6046075819464781,-0.0,0.6046075819464781,1308327_YES.csv,1308327_YES
1771062300,2026-02-14 09:45:00,2,52.204544,1.141749,0.02187068236776723,0.5708745,,0.0215,0.0,0.0,0.001,0.04651162790697675,9778.48,61320.78,71099.26,-5491.890000000014,-0.7249344086000333,5491.890000000014,0.7249344086000333,1308327_YES.csv,1308327_YES
1771062420,2026-02-14 09:47:00,1,32.47,0.68187,0.02099999999935325,0.68187,,0.0215,0.0,0.0,0.001,0.04651162790697675,9778.48,61320.78,71099.26,0.0,-0.7249344086000333,-0.0,0.7249344086000333,1308327_YES.csv,1308327_YES
1771062480,2026-02-14 09:48:00,2,94.44,2.0662000000000003,0.021878441338184257,1.0331000000000001,,0.0215,0.0,0.0,0.001,0.04651162790697675,11301.88,61197.98,72499.86,1400.6000000000058,-0.6882233979486306,0.0,0.6882233979486306,1308327_YES.csv,1308327_YES
1771062540,2026-02-14 09:49:00,1,84.795216,1.9,0.022406924465851852,1.9,,0.0215,0.0,0.0,0.001,0.04651162790697675,11301.88,61197.98,72499.86,0.0,-0.6882233979486306,-0.0,0.6882233979486306,1308327_YES.csv,1308327_YES
1771062600,2026-02-14 09:50:00,1,43.478259,0.999999,0.02299997798847,0.999999,,0.0215,0.0,0.0,0.001,0.04651162790697675,11301.88,61197.98,72499.86,0.0,-0.6882233979486306,-0.0,0.6882233979486306,1308327_YES.csv,1308327_YES
1771062720,2026-02-14 09:52:00,1,43.478259,0.999999,0.02299997798847,0.999999,,0.0215,0.0,0.0,0.001,0.04651162790697675,11301.88,61197.98,72499.86,0.0,-0.6882233979486306,-0.0,0.6882233979486306,1308327_YES.csv,1308327_YES
1771062840,2026-02-14 09:54:00,1,87.24,1.83204,0.020999999999759288,1.83204,,0.0215,0.0,0.0,0.001,0.04651162790697675,12150.79,66507.31,78658.1,6158.240000000005,-0.6910479658166164,0.0,0.6910479658166164,1308327_YES.csv,1308327_YES
1771062900,2026-02-14 09:55:00,2,114.0,2.5519999999999996,0.02238596491208433,1.2759999999999998,,0.0215,0.0,0.0,0.001,0.04651162790697675,12150.79,66507.31,78658.1,0.0,-0.6910479658166164,-0.0,0.6910479658166164,1308327_YES.csv,1308327_YES
1771062960,2026-02-14 09:56:00,3,2703.53,59.437659999999994,0.02198520452888557,19.81255333333333,,0.0215,0.0,0.0,0.001,0.04651162790697675,12150.79,66507.31,78658.1,0.0,-0.6910479658166164,-0.0,0.6910479658166164,1308327_YES.csv,1308327_YES
1771063020,2026-02-14 09:57:00,11,3769.76,78.35519000000001,0.020785193221844155,7.123199090909091,,0.0195,-0.09302325581395343,0.09302325581395343,0.001,0.05128205128205128,16597.97,62072.05,78670.02,11.919999999998254,-0.5780356989867296,0.0,0.5780356989867296,1308327_YES.csv,1308327_YES
1771063080,2026-02-14 09:58:00,1,2383.181817,52.43000000000001,0.022000000010900467,52.43000000000001,,0.0195,0.0,0.0,0.001,0.05128205128205128,16597.97,62072.05,78670.02,0.0,-0.5780356989867296,-0.0,0.5780356989867296,1308327_YES.csv,1308327_YES
1771063140,2026-02-14 09:59:00,1,871.550868,19.999999,0.022947598051129475,19.999999,,0.0195,0.0,0.0,0.001,0.05128205128205128,16597.97,62072.05,78670.02,0.0,-0.5780356989867296,-0.0,0.5780356989867296,1308327_YES.csv,1308327_YES
1771063200,2026-02-14 10:00:00,1,76.81818,1.689999,0.02199998750267181,1.689999,,0.0215,0.10256410256410242,0.10256410256410242,0.001,0.04651162790697675,13154.63,64355.84,77510.47,-1159.550000000003,-0.660571533110301,1159.550000000003,0.660571533110301,1308327_YES.csv,1308327_YES
1771063260,2026-02-14 10:01:00,2,4543.53391,102.999998,0.022669578359100894,51.499999,,0.0215,0.0,0.0,0.001,0.04651162790697675,13154.63,64355.84,77510.47,0.0,-0.660571533110301,-0.0,0.660571533110301,1308327_YES.csv,1308327_YES
1771063320,2026-02-14 10:02:00,1,2451.739129,56.389999,0.02299999960557662,56.389999,,0.0215,0.0,0.0,0.001,0.04651162790697675,13154.63,64355.84,77510.47,0.0,-0.660571533110301,-0.0,0.660571533110301,1308327_YES.csv,1308327_YES
1771063380,2026-02-14 10:03:00,2,719.55,15.8301,0.021999999999969426,7.91505,,0.0225,0.04651162790697683,0.04651162790697683,0.001,0.044444444444444446,10331.87,57757.98,68089.85,-9420.619999999995,-0.696522462599051,9420.619999999995,0.696522462599051,1308327_YES.csv,1308327_YES
1771063440,2026-02-14 10:04:00,1,130.0,2.99,0.02299999999982308,2.99,,0.0225,0.0,0.0,0.001,0.044444444444444446,10331.87,57757.98,68089.85,0.0,-0.696522462599051,-0.0,0.696522462599051,1308327_YES.csv,1308327_YES
1771063560,2026-02-14 10:06:00,5,1014.5525,22.80822,0.022481064311583202,4.561643999999999,,0.0225,0.0,0.0,0.001,0.044444444444444446,11243.44,60343.23,71586.67,3496.8199999999924,-0.6858789492513062,0.0,0.6858789492513062,1308327_YES.csv,1308327_YES
1771063680,2026-02-14 10:08:00,5,270.08333300000004,6.358499999999999,0.023542733753128174,1.2716999999999998,,0.0225,0.0,0.0,0.001,0.044444444444444446,11243.44,60343.23,71586.67,0.0,-0.6858789492513062,-0.0,0.6858789492513062,1308327_YES.csv,1308327_YES
1771063740,2026-02-14 10:09:00,2,41.686665000000005,1.0004389999999999,0.023999017431017754,0.5002194999999999,,0.023,0.022222222222222143,0.022222222222222143,0.002,0.08695652173913043,10217.66,61577.12,71794.78,208.11000000000058,-0.7153648217878794,0.0,0.7153648217878794,1308327_YES.csv,1308327_YES
1771063800,2026-02-14 10:10:00,1,0.02,0.00046,0.022999998850000057,0.00046,,0.023,0.0,0.0,0.002,0.08695652173913043,10217.66,61577.12,71794.78,0.0,-0.7153648217878794,-0.0,0.7153648217878794,1308327_YES.csv,1308327_YES
1771063860,2026-02-14 10:11:00,4,211.813333,5.08004,0.02398357047701061,1.27001,,0.023,0.0,0.0,0.002,0.08695652173913043,10217.66,61577.12,71794.78,0.0,-0.7153648217878794,-0.0,0.7153648217878794,1308327_YES.csv,1308327_YES
1771063920,2026-02-14 10:12:00,3,5.61,0.1290299999999999,0.02299999999590018,0.043009999999999965,,0.0235,0.021739130434782705,0.021739130434782705,0.001,0.0425531914893617,11051.73,61193.22,72244.95,450.16999999999825,-0.6940483729312569,0.0,0.6940483729312569,1308327_YES.csv,1308327_YES
1771063980,2026-02-14 10:13:00,16,606.359998,14.196279,0.02341229475361365,0.8872674375,,0.0235,0.0,0.0,0.001,0.0425531914893617,11051.73,61193.22,72244.95,0.0,-0.6940483729312569,-0.0,0.6940483729312569,1308327_YES.csv,1308327_YES
1771064040,2026-02-14 10:14:00,10,2314.5,55.3535,0.023915964571171348,5.535349999999999,,0.0235,0.0,0.0,0.001,0.0425531914893617,11051.73,61193.22,72244.95,0.0,-0.6940483729312569,-0.0,0.6940483729312569,1308327_YES.csv,1308327_YES
1771064160,2026-02-14 10:16:00,3,101.66,2.43818,0.02398367106016148,0.8127266666666667,,0.0235,0.0,0.0,0.001,0.0425531914893617,11051.73,61193.22,72244.95,0.0,-0.6940483729312569,-0.0,0.6940483729312569,1308327_YES.csv,1308327_YES
1771064220,2026-02-14 10:17:00,3,50.66,1.1651799999999999,0.022999999999545995,0.3883933333333333,,0.0235,0.0,0.0,0.001,0.0425531914893617,11051.73,61193.22,72244.95,0.0,-0.6940483729312569,-0.0,0.6940483729312569,1308327_YES.csv,1308327_YES
1771064280,2026-02-14 10:18:00,3,16.13,0.37098999999999993,0.022999999998574085,0.1236633333333333,,0.0235,0.0,0.0,0.001,0.0425531914893617,13140.63,72170.06999999999,85310.7,13065.75,-0.6919347748875581,0.0,0.6919347748875581,1308327_YES.csv,1308327_YES
1771064340,2026-02-14 10:19:00,5,86.803333,2.0798099999999997,0.023960024668361984,0.41596199999999994,,0.0235,0.0,0.0,0.001,0.0425531914893617,13140.63,72170.06999999999,85310.7,0.0,-0.6919347748875581,-0.0,0.6919347748875581,1308327_YES.csv,1308327_YES
1771064400,2026-02-14 10:20:00,3,169.446665,4.0639389999999995,0.023983587991985616,1.3546463333333332,,0.0235,0.0,0.0,0.001,0.0425531914893617,13140.63,72170.06999999999,85310.7,0.0,-0.6919347748875581,-0.0,0.6919347748875581,1308327_YES.csv,1308327_YES
1771064460,2026-02-14 10:21:00,6,80.04,1.8409200000000001,0.02299999999971264,0.30682000000000004,,0.0235,0.0,0.0,0.001,0.0425531914893617,18414.47,69833.06,88247.53,2936.8300000000017,-0.5826632201490511,0.0,0.5826632201490511,1308327_YES.csv,1308327_YES
1771064520,2026-02-14 10:22:00,9,274.486665,6.578609,0.023966953002893688,0.7309565555555556,,0.0235,0.0,0.0,0.001,0.0425531914893617,18414.47,69833.06,88247.53,0.0,-0.5826632201490511,-0.0,0.5826632201490511,1308327_YES.csv,1308327_YES
1771064580,2026-02-14 10:23:00,4,21.119999999999997,0.48575999999999997,0.022999999998910985,0.12143999999999999,,0.0235,0.0,0.0,0.001,0.0425531914893617,18414.47,69833.06,88247.53,0.0,-0.5826632201490511,-0.0,0.5826632201490511,1308327_YES.csv,1308327_YES
1771064640,2026-02-14 10:24:00,3,3068.7650000000003,72.31792000000002,0.023565805788314242,24.10597333333334,,0.0225,-0.042553191489361764,0.042553191489361764,0.001,0.044444444444444446,15735.7,66395.17,82130.87,-6116.6600000000035,-0.6168139945430994,6116.6600000000035,0.6168139945430994,1308327_YES.csv,1308327_YES
1771064700,2026-02-14 10:25:00,1,1.44,0.03168,0.021999999984722223,0.03168,,0.0225,0.0,0.0,0.001,0.044444444444444446,15735.7,66395.17,82130.87,0.0,-0.6168139945430994,-0.0,0.6168139945430994,1308327_YES.csv,1308327_YES
1771064880,2026-02-14 10:28:00,3,88.50825900000001,2.035659,0.022999650235770625,0.678553,,0.0225,0.0,0.0,0.001,0.044444444444444446,15735.7,66395.17,82130.87,0.0,-0.6168139945430994,-0.0,0.6168139945430994,1308327_YES.csv,1308327_YES
1771064940,2026-02-14 10:29:00,2,141.666665,3.3999989999999998,0.0239999932233599,1.6999994999999999,,0.0225,0.0,0.0,0.001,0.044444444444444446,15735.7,66395.17,82130.87,0.0,-0.6168139945430994,-0.0,0.6168139945430994,1308327_YES.csv,1308327_YES
1771065000,2026-02-14 10:30:00,2,208.343333,5.00022,0.02399990404289059,2.50011,,0.023,0.022222222222222143,0.022222222222222143,0.002,0.08695652173913043,17537.96,67232.59,84770.54999999999,2639.679999999993,-0.5862251690003192,0.0,0.5862251690003192,1308327_YES.csv,1308327_YES
1771065120,2026-02-14 10:32:00,3,1056.156665,23.318779,0.02207890152355183,7.772926333333333,,0.023,0.0,0.0,0.002,0.08695652173913043,17537.96,67232.59,84770.54999999999,0.0,-0.5862251690003192,-0.0,0.5862251690003192,1308327_YES.csv,1308327_YES
1771065180,2026-02-14 10:33:00,5,341.79333299999996,8.18612,0.02395049642462175,1.6372240000000002,,0.023,0.0,0.0,0.002,0.08695652173913043,16500.07,81879.72,98379.79000000001,13609.24000000002,-0.6645638296239501,0.0,0.6645638296239501,1308327_YES.csv,1308327_YES
1771065240,2026-02-14 10:34:00,2,695.652172,15.999998999999999,0.022999998625716903,7.9999994999999995,,0.023,0.0,0.0,0.002,0.08695652173913043,16500.07,81879.72,98379.79000000001,0.0,-0.6645638296239501,-0.0,0.6645638296239501,1308327_YES.csv,1308327_YES
1771065300,2026-02-14 10:35:00,1,2000.0,46.0,0.0229999999999885,46.0,,0.023,0.0,0.0,0.002,0.08695652173913043,16500.07,81879.72,98379.79000000001,0.0,-0.6645638296239501,-0.0,0.6645638296239501,1308327_YES.csv,1308327_YES
1771065360,2026-02-14 10:36:00,2,173.418259,3.858679,0.022250707752623364,1.9293395,,0.0225,-0.021739130434782594,0.021739130434782594,0.001,0.044444444444444446,13432.35,77436.35,90868.70000000001,-7511.0899999999965,-0.7043569457910149,7511.0899999999965,0.7043569457910149,1308327_YES.csv,1308327_YES
1771065600,2026-02-14 10:40:00,2,0.34,0.00782,0.022999999932352938,0.00391,,0.0225,0.0,0.0,0.001,0.044444444444444446,13432.35,77436.35,90868.70000000001,0.0,-0.7043569457910149,-0.0,0.7043569457910149,1308327_YES.csv,1308327_YES
1771065660,2026-02-14 10:41:00,7,8.38,0.1927399999999999,0.022999999997255365,0.027534285714285702,,0.0225,0.0,0.0,0.001,0.044444444444444446,13432.35,77436.35,90868.70000000001,0.0,-0.7043569457910149,-0.0,0.7043569457910149,1308327_YES.csv,1308327_YES
1771065720,2026-02-14 10:42:00,3,1.96,0.045079999999999995,0.022999999988265303,0.015026666666666666,,0.0235,0.04444444444444451,0.04444444444444451,0.001,0.0425531914893617,13367.32,61741.65,75108.97,-15759.73000000001,-0.6440552972567724,15759.73000000001,0.6440552972567724,1308327_YES.csv,1308327_YES
1771065780,2026-02-14 10:43:00,4,2536.943333,55.224129999999995,0.021767979316540006,13.806032499999999,,0.0235,0.0,0.0,0.001,0.0425531914893617,13367.32,61741.65,75108.97,0.0,-0.6440552972567724,-0.0,0.6440552972567724,1308327_YES.csv,1308327_YES
1771065840,2026-02-14 10:44:00,4,19.599999999999998,0.41159999999999997,0.020999999998928574,0.10289999999999999,,0.0235,0.0,0.0,0.001,0.0425531914893617,13367.32,61741.65,75108.97,0.0,-0.6440552972567724,-0.0,0.6440552972567724,1308327_YES.csv,1308327_YES
1771065960,2026-02-14 10:46:00,1,1400.0,29.4,0.020999999999985003,29.4,,0.0235,0.0,0.0,0.001,0.0425531914893617,13367.32,61741.65,75108.97,0.0,-0.6440552972567724,-0.0,0.6440552972567724,1308327_YES.csv,1308327_YES
1771066140,2026-02-14 10:49:00,1,130.434781,2.999999,0.02299999261682357,2.999999,,0.0235,0.0,0.0,0.001,0.0425531914893617,13367.32,61741.65,75108.97,0.0,-0.6440552972567724,-0.0,0.6440552972567724,1308327_YES.csv,1308327_YES
1771066200,2026-02-14 10:50:00,1,1300.0,29.9,0.022999999999982305,29.9,,0.0235,0.0,0.0,0.001,0.0425531914893617,13367.32,61741.65,75108.97,0.0,-0.6440552972567724,-0.0,0.6440552972567724,1308327_YES.csv,1308327_YES
1771066320,2026-02-14 10:52:00,1,43.478259,0.999999,0.02299997798847,0.999999,,0.0235,0.0,0.0,0.001,0.0425531914893617,13367.32,61741.65,75108.97,0.0,-0.6440552972567724,-0.0,0.6440552972567724,1308327_YES.csv,1308327_YES
1771066380,2026-02-14 10:53:00,1,340.74,7.15554,0.02099999999993837,7.15554,,0.0235,0.0,0.0,0.001,0.0425531914893617,13367.32,61741.65,75108.97,0.0,-0.6440552972567724,-0.0,0.6440552972567724,1308327_YES.csv,1308327_YES
1771066440,2026-02-14 10:54:00,1,43.478259,0.999999,0.02299997798847,0.999999,,0.022,-0.06382978723404265,0.06382978723404265,0.002,0.09090909090909091,23695.13,85735.65000000001,109430.78000000001,34321.81000000001,-0.5669384792834338,0.0,0.5669384792834338,1308327_YES.csv,1308327_YES
1771066560,2026-02-14 10:56:00,1,45.454544,0.999999,0.0219999787035153,0.999999,,0.022,0.0,0.0,0.002,0.09090909090909091,23695.13,85735.65000000001,109430.78000000001,0.0,-0.5669384792834338,-0.0,0.5669384792834338,1308327_YES.csv,1308327_YES
1771066620,2026-02-14 10:57:00,1,249.99,5.249790000000001,0.020999999999916,5.249790000000001,,0.0215,-0.022727272727272707,0.022727272727272707,0.001,0.04651162790697675,23930.86,84153.19,108084.05,-1346.7300000000105,-0.5571805460657702,1346.7300000000105,0.5571805460657702,1308327_YES.csv,1308327_YES
1771066680,2026-02-14 10:58:00,2,65.454544,1.419999,0.021694429648433648,0.7099995,,0.0215,0.0,0.0,0.001,0.04651162790697675,23930.86,84153.19,108084.05,0.0,-0.5571805460657702,-0.0,0.5571805460657702,1308327_YES.csv,1308327_YES
1771066860,2026-02-14 11:01:00,1,130.43,2.86946,0.021999999999831328,2.86946,,0.0215,0.0,0.0,0.001,0.04651162790697675,23930.86,84153.19,108084.05,0.0,-0.5571805460657702,-0.0,0.5571805460657702,1308327_YES.csv,1308327_YES
1771066920,2026-02-14 11:02:00,1,43.47,0.95634,0.021999999999493907,0.95634,,0.0215,0.0,0.0,0.001,0.04651162790697675,23930.86,84153.19,108084.05,0.0,-0.5571805460657702,-0.0,0.5571805460657702,1308327_YES.csv,1308327_YES
1771066980,2026-02-14 11:03:00,1,71.37,1.57014,0.021999999999691745,1.57014,,0.0225,0.04651162790697683,0.04651162790697683,0.001,0.044444444444444446,18495.75,86518.75,105014.5,-3069.550000000003,-0.6477486442348438,3069.550000000003,0.6477486442348438,1308327_YES.csv,1308327_YES
1771067100,2026-02-14 11:05:00,2,90.92999999999999,2.00046,0.021999999999758057,1.00023,,0.0225,0.0,0.0,0.001,0.044444444444444446,18495.75,86518.75,105014.5,0.0,-0.6477486442348438,-0.0,0.6477486442348438,1308327_YES.csv,1308327_YES
1771067160,2026-02-14 11:06:00,2,84.273333,2.02068,0.023977691732876186,1.01034,,0.023,0.022222222222222143,0.022222222222222143,0.002,0.08695652173913043,18131.52,88320.53,106452.05,1437.550000000003,-0.659348598735299,0.0,0.659348598735299,1308327_YES.csv,1308327_YES
1771067220,2026-02-14 11:07:00,1,0.02,0.0004399999999999,0.021999998900000053,0.0004399999999999,,0.023,0.0,0.0,0.002,0.08695652173913043,18131.52,88320.53,106452.05,0.0,-0.659348598735299,-0.0,0.659348598735299,1308327_YES.csv,1308327_YES
1771067340,2026-02-14 11:09:00,1,657.61,14.46742,0.021999999999966543,14.46742,,0.0225,-0.021739130434782594,0.021739130434782594,0.001,0.044444444444444446,23233.4,96997.1,120230.5,13778.449999999997,-0.6135190321923306,0.0,0.6135190321923306,1308327_YES.csv,1308327_YES
1771067400,2026-02-14 11:10:00,2,427.468259,9.447779,0.02210170884284977,4.7238895,,0.0225,0.0,0.0,0.001,0.044444444444444446,23233.4,96997.1,120230.5,0.0,-0.6135190321923306,-0.0,0.6135190321923306,1308327_YES.csv,1308327_YES
1771067520,2026-02-14 11:12:00,1,200.0,4.4,0.02199999999989,4.4,,0.0225,0.0,0.0,0.001,0.044444444444444446,21718.89,97132.39,118851.28,-1379.2200000000012,-0.6345198806441126,1379.2200000000012,0.6345198806441126,1308327_YES.csv,1308327_YES
1771067580,2026-02-14 11:13:00,1,90.909089,1.999999,0.0219999894617577,1.999999,,0.0225,0.0,0.0,0.001,0.044444444444444446,21718.89,97132.39,118851.28,0.0,-0.6345198806441126,-0.0,0.6345198806441126,1308327_YES.csv,1308327_YES
1771067760,2026-02-14 11:16:00,2,1664.782607,38.289999,0.022999999422733612,19.1449995,,0.0225,0.0,0.0,0.001,0.044444444444444446,21718.89,97132.39,118851.28,0.0,-0.6345198806441126,-0.0,0.6345198806441126,1308327_YES.csv,1308327_YES
1771067880,2026-02-14 11:18:00,1,1818.181817,40.0,0.022000000014287903,40.0,,0.022,-0.022222222222222254,0.022222222222222254,0.002,0.09090909090909091,21314.57,109266.59,130581.16,11729.880000000005,-0.6735429521379653,0.0,0.6735429521379653,1308327_YES.csv,1308327_YES
1771067940,2026-02-14 11:19:00,18,17853.14,358.78772,0.020096617177705414,19.93265111111111,,0.022,0.0,0.0,0.002,0.09090909090909091,21314.57,109266.59,130581.16,0.0,-0.6735429521379653,-0.0,0.6735429521379653,1308327_YES.csv,1308327_YES
1771068000,2026-02-14 11:20:00,3,228.159089,4.744999,0.02079688791174651,1.5816663333333334,,0.022,0.0,0.0,0.002,0.09090909090909091,21314.57,109266.59,130581.16,0.0,-0.6735429521379653,-0.0,0.6735429521379653,1308327_YES.csv,1308327_YES
1771068060,2026-02-14 11:21:00,1,1539.28,30.7856,0.019999999999987007,30.7856,,0.0205,-0.06818181818181812,0.06818181818181812,0.001,0.04878048780487805,12610.03,126980.28,139590.31,9009.149999999994,-0.8193280034982371,0.0,0.8193280034982371,1308327_YES.csv,1308327_YES
1771068180,2026-02-14 11:23:00,5,77.825238,1.6146000000000003,0.020746483293494735,0.32292000000000004,,0.0205,0.0,0.0,0.001,0.04878048780487805,12610.03,126980.28,139590.31,0.0,-0.8193280034982371,-0.0,0.8193280034982371,1308327_YES.csv,1308327_YES
1771068300,2026-02-14 11:25:00,4,48.949045999999996,1.026559,0.020971991976698127,0.25663975,,0.0205,0.0,0.0,0.001,0.04878048780487805,12610.03,126980.28,139590.31,0.0,-0.8193280034982371,-0.0,0.8193280034982371,1308327_YES.csv,1308327_YES
1771068360,2026-02-14 11:26:00,11,7280.05476,148.43973900000003,0.02038992066592362,13.49452172727273,,0.0205,0.0,0.0,0.001,0.04878048780487805,12610.03,126980.28,139590.31,0.0,-0.8193280034982371,-0.0,0.8193280034982371,1308327_YES.csv,1308327_YES
1771068420,2026-02-14 11:27:00,1,4.26,0.08094,0.018999999995539908,0.08094,,0.0195,-0.04878048780487809,0.04878048780487809,0.001,0.05128205128205128,11819.35,127360.66,139180.01,-410.29999999998836,-0.8301573623970856,410.29999999998836,0.8301573623970856,1308327_YES.csv,1308327_YES
1771068480,2026-02-14 11:28:00,2,0.32,0.0060799999999999,0.018999999940624998,0.00303999999999995,,0.0195,0.0,0.0,0.001,0.05128205128205128,11819.35,127360.66,139180.01,0.0,-0.8301573623970856,-0.0,0.8301573623970856,1308327_YES.csv,1308327_YES
1771068540,2026-02-14 11:29:00,2,100.0,2.0,0.0199999999998,1.0,,0.0195,0.0,0.0,0.001,0.05128205128205128,11819.35,127360.66,139180.01,0.0,-0.8301573623970856,-0.0,0.8301573623970856,1308327_YES.csv,1308327_YES
1771068660,2026-02-14 11:31:00,2,6000.0,112.97257,0.01882876166666353,56.486285,,0.0195,0.0,0.0,0.001,0.05128205128205128,11819.35,127360.66,139180.01,0.0,-0.8301573623970856,-0.0,0.8301573623970856,1308327_YES.csv,1308327_YES
1771068780,2026-02-14 11:33:00,1,1308.3345,25.0,0.019108263215546796,25.0,,0.018,-0.07692307692307698,0.07692307692307698,0.002,0.11111111111111112,43938.59,65473.05,109411.64,-29768.37000000001,-0.19682055766644213,29768.37000000001,0.19682055766644213,1308327_YES.csv,1308327_YES
1771068840,2026-02-14 11:34:00,2,760.24,15.02408,0.019762285593996946,7.51204,,0.018,0.0,0.0,0.002,0.11111111111111112,43938.59,65473.05,109411.64,0.0,-0.19682055766644213,-0.0,0.19682055766644213,1308327_YES.csv,1308327_YES
1771068900,2026-02-14 11:35:00,3,969.473684,18.21,0.01878338762620932,6.07,,0.018,0.0,0.0,0.002,0.11111111111111112,43938.59,65473.05,109411.64,0.0,-0.19682055766644213,-0.0,0.19682055766644213,1308327_YES.csv,1308327_YES
1771068960,2026-02-14 11:36:00,2,2502.0257890000003,47.830000000000005,0.019116509594050732,23.915000000000003,,0.0185,0.0277777777777779,0.0277777777777779,0.003,0.16216216216216217,49939.74,69501.09,119440.82999999999,10029.189999999988,-0.16377439774991517,0.0,0.16377439774991517,1308327_YES.csv,1308327_YES
1771069140,2026-02-14 11:39:00,2,939.47,16.420990000000003,0.017478993475025836,8.210495000000002,,0.0185,0.0,0.0,0.003,0.16216216216216217,50139.74,70409.85,120549.59,1108.7600000000093,-0.16814748187861947,0.0,0.16814748187861947,1308327_YES.csv,1308327_YES
1771069440,2026-02-14 11:44:00,2,9479.08,157.44089000000002,0.01660930069162654,78.72044500000001,,0.0185,0.0,0.0,0.003,0.16216216216216217,50139.74,70409.85,120549.59,0.0,-0.16814748187861947,-0.0,0.16814748187861947,1308327_YES.csv,1308327_YES
1771069560,2026-02-14 11:46:00,1,10.0,0.16,0.0159999999984,0.16,,0.0185,0.0,0.0,0.003,0.16216216216216217,50139.74,70409.85,120549.59,0.0,-0.16814748187861947,-0.0,0.16814748187861947,1308327_YES.csv,1308327_YES
1771069620,2026-02-14 11:47:00,1,3050.555554,54.909999,0.0179999996813636,54.909999,,0.0185,0.0,0.0,0.003,0.16216216216216217,50139.74,70409.85,120549.59,0.0,-0.16814748187861947,-0.0,0.16814748187861947,1308327_YES.csv,1308327_YES
1771069920,2026-02-14 11:52:00,1,277.777776,4.999999,0.0179999965151351,4.999999,,0.0185,0.0,0.0,0.003,0.16216216216216217,50139.74,70409.85,120549.59,0.0,-0.16814748187861947,-0.0,0.16814748187861947,1308327_YES.csv,1308327_YES
1771070040,2026-02-14 11:54:00,2,5582.483332999999,100.45554999999999,0.017994778310604913,50.227774999999994,,0.017,-0.08108108108108092,0.08108108108108092,0.002,0.11764705882352941,46673.64,53232.18,99905.82,-20643.76999999999,-0.0656472265579723,20643.76999999999,0.0656472265579723,1308327_YES.csv,1308327_YES
1771070100,2026-02-14 11:55:00,1,200.0,3.6,0.017999999999909998,3.6,,0.017,0.0,0.0,0.002,0.11764705882352941,46673.64,53232.18,99905.82,0.0,-0.0656472265579723,-0.0,0.0656472265579723,1308327_YES.csv,1308327_YES
1771070160,2026-02-14 11:56:00,2,1537.28263,27.999998999999995,0.018213956531845873,13.999999499999998,,0.017,0.0,0.0,0.002,0.11764705882352941,46673.64,53232.18,99905.82,0.0,-0.0656472265579723,-0.0,0.0656472265579723,1308327_YES.csv,1308327_YES
1771070520,2026-02-14 12:02:00,1,52.631577,0.999999,0.0189999817026383,0.999999,,0.017,0.0,0.0,0.002,0.11764705882352941,46673.64,53232.18,99905.82,0.0,-0.0656472265579723,-0.0,0.0656472265579723,1308327_YES.csv,1308327_YES
1771070640,2026-02-14 12:04:00,1,104.736842,1.99,0.01900000001891399,1.99,,0.017,0.0,0.0,0.002,0.11764705882352941,46673.64,53232.18,99905.82,0.0,-0.0656472265579723,-0.0,0.0656472265579723,1308327_YES.csv,1308327_YES
1771070700,2026-02-14 12:05:00,1,4.06,0.06902,0.01699999999581281,0.06902,,0.017,0.0,0.0,0.002,0.11764705882352941,46673.64,53232.18,99905.82,0.0,-0.0656472265579723,-0.0,0.0656472265579723,1308327_YES.csv,1308327_YES
1771070760,2026-02-14 12:06:00,1,500.0,9.5,0.018999999999962,9.5,,0.018,0.0588235294117645,0.0588235294117645,0.002,0.11111111111111112,49928.740000000005,65154.47,115083.21,15177.39,-0.13230192310416086,0.0,0.13230192310416086,1308327_YES.csv,1308327_YES
1771070820,2026-02-14 12:07:00,1,1052.631577,19.999999000000003,0.01899999908513185,19.999999000000003,,0.018,0.0,0.0,0.002,0.11111111111111112,49928.740000000005,65154.47,115083.21,0.0,-0.13230192310416086,-0.0,0.13230192310416086,1308327_YES.csv,1308327_YES
1771070880,2026-02-14 12:08:00,1,52.631577,0.999999,0.0189999817026383,0.999999,,0.018,0.0,0.0,0.002,0.11111111111111112,49928.740000000005,65154.47,115083.21,0.0,-0.13230192310416086,-0.0,0.13230192310416086,1308327_YES.csv,1308327_YES
1771071120,2026-02-14 12:12:00,3,1864.5287600000001,35.999999,0.019307827142328756,11.999999666666668,,0.0185,0.0277777777777779,0.0277777777777779,0.001,0.05405405405405406,21456.81,73088.51000000001,94545.32,-20537.89,-0.5461052963806141,20537.89,0.5461052963806141,1308327_YES.csv,1308327_YES
1771071180,2026-02-14 12:13:00,1,29.0,0.58,0.019999999999310344,0.58,,0.0185,0.0,0.0,0.001,0.05405405405405406,21456.81,73088.51000000001,94545.32,0.0,-0.5461052963806141,-0.0,0.5461052963806141,1308327_YES.csv,1308327_YES
1771071240,2026-02-14 12:14:00,1,250.0,5.0,0.019999999999920002,5.0,,0.0185,0.0,0.0,0.001,0.05405405405405406,21456.81,73088.51000000001,94545.32,0.0,-0.5461052963806141,-0.0,0.5461052963806141,1308327_YES.csv,1308327_YES
1771071360,2026-02-14 12:16:00,1,1000.0,20.0,0.01999999999998,20.0,,0.0185,0.0,0.0,0.001,0.05405405405405406,21456.81,73088.51000000001,94545.32,0.0,-0.5461052963806141,-0.0,0.5461052963806141,1308327_YES.csv,1308327_YES
1771071420,2026-02-14 12:17:00,3,3571.47,71.38593,0.019987828541183326,23.79531,,0.0185,0.0,0.0,0.001,0.05405405405405406,21456.81,73088.51000000001,94545.32,0.0,-0.5461052963806141,-0.0,0.5461052963806141,1308327_YES.csv,1308327_YES
1771071480,2026-02-14 12:18:00,3,323.07,6.4383300000000006,0.019928591326895322,2.14611,,0.0195,0.05405405405405417,0.05405405405405417,0.001,0.05128205128205128,16160.35,71416.58,87576.93000000001,-6968.389999999999,-0.6309450445454071,6968.389999999999,0.6309450445454071,1308327_YES.csv,1308327_YES
1771071540,2026-02-14 12:19:00,1,673.0,13.46,0.019999999999970285,13.46,,0.0195,0.0,0.0,0.001,0.05128205128205128,16160.35,71416.58,87576.93000000001,0.0,-0.6309450445454071,-0.0,0.6309450445454071,1308327_YES.csv,1308327_YES
1771071600,2026-02-14 12:20:00,2,634.61,12.06154,0.01900622429520649,6.03077,,0.0195,0.0,0.0,0.001,0.05128205128205128,16160.35,71416.58,87576.93000000001,0.0,-0.6309450445454071,-0.0,0.6309450445454071,1308327_YES.csv,1308327_YES
1771071900,2026-02-14 12:25:00,1,500.0,10.0,0.01999999999996,10.0,,0.0195,0.0,0.0,0.001,0.05128205128205128,16160.35,71416.58,87576.93000000001,0.0,-0.6309450445454071,-0.0,0.6309450445454071,1308327_YES.csv,1308327_YES
1771071960,2026-02-14 12:26:00,4,2350.0,47.0,0.01999999999999149,11.75,,0.0195,0.0,0.0,0.001,0.05128205128205128,16160.35,71416.58,87576.93000000001,0.0,-0.6309450445454071,-0.0,0.6309450445454071,1308327_YES.csv,1308327_YES
1771072020,2026-02-14 12:27:00,2,100.0,2.0,0.0199999999998,1.0,,0.0195,0.0,0.0,0.001,0.05128205128205128,15371.89,70941.13,86313.02,-1263.9100000000035,-0.6438106325094407,1263.9100000000035,0.6438106325094407,1308327_YES.csv,1308327_YES
1771072140,2026-02-14 12:29:00,2,1474.5,29.49,0.019999999999986435,14.745,,0.0195,0.0,0.0,0.001,0.05128205128205128,15371.89,70941.13,86313.02,0.0,-0.6438106325094407,-0.0,0.6438106325094407,1308327_YES.csv,1308327_YES
1771072200,2026-02-14 12:30:00,2,2132.79,42.455799999999996,0.01990622611695483,21.227899999999998,,0.0195,0.0,0.0,0.001,0.05128205128205128,15371.89,72211.41,87583.3,1270.2799999999988,-0.6489766884782829,0.0,0.6489766884782829,1308327_YES.csv,1308327_YES
1771072260,2026-02-14 12:31:00,1,7.92,0.16632,0.020999999997348483,0.16632,,0.0195,0.0,0.0,0.001,0.05128205128205128,15371.89,72211.41,87583.3,0.0,-0.6489766884782829,-0.0,0.6489766884782829,1308327_YES.csv,1308327_YES
1771072320,2026-02-14 12:32:00,16,1239.811425,26.015808,0.02098368144976483,1.625988,,0.0195,0.0,0.0,0.001,0.05128205128205128,15371.89,72211.41,87583.3,0.0,-0.6489766884782829,-0.0,0.6489766884782829,1308327_YES.csv,1308327_YES
1771072380,2026-02-14 12:33:00,2,0.27,0.0054,0.019999999925925924,0.0027,,0.0205,0.05128205128205132,0.05128205128205132,0.001,0.04878048780487805,13034.15,90330.83,103364.98,15781.679999999993,-0.7478033662851772,0.0,0.7478033662851772,1308327_YES.csv,1308327_YES
1771072500,2026-02-14 12:35:00,5,1089.089046,22.829399000000002,0.020961921418479627,4.5658798,,0.0205,0.0,0.0,0.001,0.04878048780487805,13034.15,90330.83,103364.98,0.0,-0.7478033662851772,-0.0,0.7478033662851772,1308327_YES.csv,1308327_YES
1771072560,2026-02-14 12:36:00,8,337.918095,7.0886000000000005,0.02097727261388303,0.8860750000000001,,0.0205,0.0,0.0,0.001,0.04878048780487805,12982.81,89052.31,102035.12,-1329.8600000000006,-0.745522718060213,1329.8600000000006,0.745522718060213,1308327_YES.csv,1308327_YES
1771072620,2026-02-14 12:37:00,8,1357.159046,27.490799,0.020256136582520883,3.436349875,,0.0205,0.0,0.0,0.001,0.04878048780487805,12982.81,89052.31,102035.12,0.0,-0.745522718060213,-0.0,0.745522718060213,1308327_YES.csv,1308327_YES
1771072680,2026-02-14 12:38:00,2,337.23,6.7446,0.019999999999940694,3.3723,,0.0205,0.0,0.0,0.001,0.04878048780487805,12982.81,89052.31,102035.12,0.0,-0.745522718060213,-0.0,0.745522718060213,1308327_YES.csv,1308327_YES
1771072740,2026-02-14 12:39:00,4,48.669046,1.0190789999999998,0.020938955737473477,0.25476974999999996,,0.0195,-0.04878048780487809,0.04878048780487809,0.003,0.15384615384615385,20030.23,88740.12,108770.34999999999,6735.229999999996,-0.6316968732747482,0.0,0.6316968732747482,1308327_YES.csv,1308327_YES
1771072860,2026-02-14 12:41:00,1,50.0,1.0,0.0199999999996,1.0,,0.0195,0.0,0.0,0.003,0.15384615384615385,20030.23,88740.12,108770.34999999999,0.0,-0.6316968732747482,-0.0,0.6316968732747482,1308327_YES.csv,1308327_YES
1771072920,2026-02-14 12:42:00,6,18998.76619,398.26164,0.02096250019696563,66.37694,,0.019,-0.02564102564102566,0.02564102564102566,0.002,0.10526315789473685,20708.28,67557.48,88265.76,-20504.589999999997,-0.5307743342378743,20504.589999999997,0.5307743342378743,1308327_YES.csv,1308327_YES
1771072980,2026-02-14 12:43:00,2,67.040476,1.4061499999999998,0.020974642244172333,0.7030749999999999,,0.019,0.0,0.0,0.002,0.10526315789473685,20708.28,67557.48,88265.76,0.0,-0.5307743342378743,-0.0,0.5307743342378743,1308327_YES.csv,1308327_YES
1771073040,2026-02-14 12:44:00,4,27948.653,417.4936399999999,0.014937880548303459,104.37340999999998,,0.019,0.0,0.0,0.002,0.10526315789473685,20708.28,67557.48,88265.76,0.0,-0.5307743342378743,-0.0,0.5307743342378743,1308327_YES.csv,1308327_YES
1771073100,2026-02-14 12:45:00,1,50.0,1.0,0.0199999999996,1.0,,0.017,-0.10526315789473673,0.10526315789473673,0.004,0.23529411764705882,34702.64,50205.16,84907.8,-3357.959999999992,-0.1825806345235656,3357.959999999992,0.1825806345235656,1308327_YES.csv,1308327_YES
1771073160,2026-02-14 12:46:00,3,1549.5,30.990000000000002,0.019999999999987094,10.33,,0.017,0.0,0.0,0.004,0.23529411764705882,34702.64,50205.16,84907.8,0.0,-0.1825806345235656,-0.0,0.1825806345235656,1308327_YES.csv,1308327_YES
1771073220,2026-02-14 12:47:00,2,1300.0,26.0,0.019999999999984617,13.0,,0.017,0.0,0.0,0.004,0.23529411764705882,34702.64,50205.16,84907.8,0.0,-0.1825806345235656,-0.0,0.1825806345235656,1308327_YES.csv,1308327_YES
1771073520,2026-02-14 12:52:00,2,109.167367,2.0399,0.01868598699445879,1.01995,,0.017,0.0,0.0,0.004,0.23529411764705882,34702.64,50205.16,84907.8,0.0,-0.1825806345235656,-0.0,0.1825806345235656,1308327_YES.csv,1308327_YES
1771073580,2026-02-14 12:53:00,1,300.0,4.8,0.015999999999946668,4.8,,0.017,0.0,0.0,0.004,0.23529411764705882,34702.64,50205.16,84907.8,0.0,-0.1825806345235656,-0.0,0.1825806345235656,1308327_YES.csv,1308327_YES
1771073640,2026-02-14 12:54:00,4,7112.112631,107.51442,0.01511708624120419,26.878605,,0.016,-0.05882352941176472,0.05882352941176472,0.004,0.25,89695.35,35382.22,125077.57,40169.770000000004,0.4342355707742004,0.0,0.4342355707742004,1308327_YES.csv,1308327_YES
1771073700,2026-02-14 12:55:00,1,183.159472,3.469999,0.018945233692205965,3.469999,,0.016,0.0,0.0,0.004,0.25,89695.35,35382.22,125077.57,0.0,0.4342355707742004,-0.0,0.4342355707742004,1308327_YES.csv,1308327_YES
1771073880,2026-02-14 12:58:00,2,39.16,0.65423,0.01670658835503814,0.327115,,0.016,0.0,0.0,0.004,0.25,89695.35,35382.22,125077.57,0.0,0.4342355707742004,-0.0,0.4342355707742004,1308327_YES.csv,1308327_YES
1771074000,2026-02-14 13:00:00,1,105.263156,1.999999,0.0189999908418193,1.999999,,0.017,0.0625,0.0625,0.004,0.23529411764705882,40935.76,55941.08,96876.84,-28200.73000000001,-0.15489068388275257,28200.73000000001,0.15489068388275257,1308327_YES.csv,1308327_YES
1771074060,2026-02-14 13:01:00,2,319.596312,5.999998,0.0187736772130875,2.999999,,0.017,0.0,0.0,0.004,0.23529411764705882,40935.76,55941.08,96876.84,0.0,-0.15489068388275257,-0.0,0.15489068388275257,1308327_YES.csv,1308327_YES
1771074180,2026-02-14 13:03:00,2,8347.06,110.24865,0.013208081647907932,55.124325,,0.016,-0.05882352941176472,0.05882352941176472,0.004,0.25,87033.67,44313.33,131347.0,34470.16,0.32524793105285993,0.0,0.32524793105285993,1308327_YES.csv,1308327_YES
1771074300,2026-02-14 13:05:00,1,220.0,3.08,0.013999999999936365,3.08,,0.016,0.0,0.0,0.004,0.25,87033.67,44313.33,131347.0,0.0,0.32524793105285993,-0.0,0.32524793105285993,1308327_YES.csv,1308327_YES
1771074360,2026-02-14 13:06:00,1,4010.0,68.10610999999999,0.016984067331666568,68.10610999999999,,0.015,-0.0625,0.0625,0.002,0.13333333333333333,84266.53,19147.89,103414.42,-27932.58,0.6296862661899569,27932.58,0.6296862661899569,1308327_YES.csv,1308327_YES
1771074480,2026-02-14 13:08:00,2,3169.7,57.0546,0.01799999999999432,28.5273,,0.015,0.0,0.0,0.002,0.13333333333333333,84266.53,19147.89,103414.42,0.0,0.6296862661899569,-0.0,0.6296862661899569,1308327_YES.csv,1308327_YES
1771074540,2026-02-14 13:09:00,2,55.4,0.83504,0.01507292418745356,0.41752,,0.017,0.13333333333333353,0.13333333333333353,0.004,0.23529411764705882,39790.51,60909.08,100699.59,-2714.8300000000017,-0.20971853013502836,2714.8300000000017,0.20971853013502836,1308327_YES.csv,1308327_YES
1771074600,2026-02-14 13:10:00,1,109.444443,1.97,0.018000000237398932,1.97,,0.017,0.0,0.0,0.004,0.23529411764705882,39790.51,60909.08,100699.59,0.0,-0.20971853013502836,-0.0,0.20971853013502836,1308327_YES.csv,1308327_YES
1771074660,2026-02-14 13:11:00,1,1709.61111,30.000000000000004,0.017547850399721832,30.000000000000004,,0.017,0.0,0.0,0.004,0.23529411764705882,39790.51,60909.08,100699.59,0.0,-0.20971853013502836,-0.0,0.20971853013502836,1308327_YES.csv,1308327_YES
1771074720,2026-02-14 13:12:00,1,6.45,0.09675,0.014999999997674419,0.09675,,0.016,-0.05882352941176472,0.05882352941176472,0.002,0.125,40428.75,40485.04,80913.79000000001,-19785.79999999999,-0.0006956786970428757,19785.79999999999,0.0006956786970428757,1308327_YES.csv,1308327_YES
1771074780,2026-02-14 13:13:00,2,1394.625,22.4605,0.016105046159350288,11.23025,,0.016,0.0,0.0,0.002,0.125,40428.75,40485.04,80913.79000000001,0.0,-0.0006956786970428757,-0.0,0.0006956786970428757,1308327_YES.csv,1308327_YES
1771074840,2026-02-14 13:14:00,1,25.66,0.35924,0.013999999999454404,0.35924,,0.016,0.0,0.0,0.002,0.125,40428.75,40485.04,80913.79000000001,0.0,-0.0006956786970428757,-0.0,0.0006956786970428757,1308327_YES.csv,1308327_YES
1771074900,2026-02-14 13:15:00,5,485.69666199999995,7.267388,0.014962812324176593,1.4534776,,0.0145,-0.09375,0.09375,0.001,0.06896551724137931,90701.53,43285.37,133986.9,53073.109999999986,0.3538865366688833,0.0,0.3538865366688833,1308327_YES.csv,1308327_YES
1771074960,2026-02-14 13:16:00,4,3482.003333,46.17471,0.013260960884894918,11.5436775,,0.0145,0.0,0.0,0.001,0.06896551724137931,90701.53,43285.37,133986.9,0.0,0.3538865366688833,-0.0,0.3538865366688833,1308327_YES.csv,1308327_YES
1771075080,2026-02-14 13:18:00,3,415.33333,6.169998,0.014855533024486922,2.056666,,0.014,-0.034482758620689724,0.034482758620689724,0.002,0.14285714285714285,80447.97,31168.8,111616.77,-22370.12999999999,0.4415032794803146,22370.12999999999,0.4415032794803146,1308327_YES.csv,1308327_YES
1771075140,2026-02-14 13:19:00,2,67.676665,1.013129,0.014970137786562436,0.5065645,,0.014,0.0,0.0,0.002,0.14285714285714285,80447.97,31168.8,111616.77,0.0,0.4415032794803146,-0.0,0.4415032794803146,1308327_YES.csv,1308327_YES
1771075320,2026-02-14 13:22:00,2,2523.9725,38.0,0.015055631549069859,19.0,,0.014,0.0,0.0,0.002,0.14285714285714285,80447.97,31168.8,111616.77,0.0,0.4415032794803146,-0.0,0.4415032794803146,1308327_YES.csv,1308327_YES
1771075380,2026-02-14 13:23:00,2,687.5,11.0,0.015999999999976727,5.5,,0.014,0.0,0.0,0.002,0.14285714285714285,80447.97,31168.8,111616.77,0.0,0.4415032794803146,-0.0,0.4415032794803146,1308327_YES.csv,1308327_YES
1771075440,2026-02-14 13:24:00,1,1.01,0.01616,0.015999999984158415,0.01616,,0.0145,0.03571428571428581,0.03571428571428581,0.003,0.20689655172413793,108486.36,30465.33,138951.69,27334.92,0.561497524787212,0.0,0.561497524787212,1308327_YES.csv,1308327_YES
1771075500,2026-02-14 13:25:00,4,532.67,8.36696,0.015707586310444166,2.09174,,0.0145,0.0,0.0,0.003,0.20689655172413793,108486.36,30465.33,138951.69,0.0,0.561497524787212,-0.0,0.561497524787212,1308327_YES.csv,1308327_YES
1771075560,2026-02-14 13:26:00,1,62.5,1.0,0.015999999999744,1.0,,0.0145,0.0,0.0,0.003,0.20689655172413793,108486.36,30465.33,138951.69,0.0,0.561497524787212,-0.0,0.561497524787212,1308327_YES.csv,1308327_YES
1771075620,2026-02-14 13:27:00,3,9963.825294,161.0,0.016158452727682224,53.666666666666664,,0.0145,0.0,0.0,0.003,0.20689655172413793,108525.62,29875.09,138400.71,-550.9800000000105,0.5682812609848605,550.9800000000105,0.5682812609848605,1308327_YES.csv,1308327_YES
1771075680,2026-02-14 13:28:00,2,647.058823,11.0,0.01700000001388282,5.5,,0.0145,0.0,0.0,0.003,0.20689655172413793,108525.62,29875.09,138400.71,0.0,0.5682812609848605,-0.0,0.5682812609848605,1308327_YES.csv,1308327_YES
1771075740,2026-02-14 13:29:00,1,913.04,12.78256,0.013999999999984667,12.78256,,0.0145,0.0,0.0,0.003,0.20689655172413793,108525.62,29875.09,138400.71,0.0,0.5682812609848605,-0.0,0.5682812609848605,1308327_YES.csv,1308327_YES
1771075860,2026-02-14 13:31:00,2,166.5,2.3675,0.01421921921913382,1.18375,,0.0145,0.0,0.0,0.003,0.20689655172413793,108525.62,29875.09,138400.71,0.0,0.5682812609848605,-0.0,0.5682812609848605,1308327_YES.csv,1308327_YES
1771075980,2026-02-14 13:33:00,1,62.5,0.9375,0.01499999999976,0.9375,,0.016,0.10344827586206895,0.10344827586206895,0.002,0.125,47283.22,56834.75,104117.97,-34282.73999999999,-0.09173757421509465,34282.73999999999,0.09173757421509465,1308327_YES.csv,1308327_YES
1771076040,2026-02-14 13:34:00,3,17037.556439,306.04717,0.01796309060490749,102.01572333333333,,0.016,0.0,0.0,0.002,0.125,47283.22,56834.75,104117.97,0.0,-0.09173757421509465,-0.0,0.09173757421509465,1308327_YES.csv,1308327_YES
1771076220,2026-02-14 13:37:00,3,1206.760287,21.999997,0.01823062727285596,7.333332333333334,,0.016,0.0,0.0,0.002,0.125,47283.22,56834.75,104117.97,0.0,-0.09173757421509465,-0.0,0.09173757421509465,1308327_YES.csv,1308327_YES
1771076280,2026-02-14 13:38:00,1,4215.107,82.0,0.019453835928715482,82.0,,0.016,0.0,0.0,0.002,0.125,47283.22,56834.75,104117.97,0.0,-0.09173757421509465,-0.0,0.09173757421509465,1308327_YES.csv,1308327_YES
1771076340,2026-02-14 13:39:00,2,100.0,2.0,0.0199999999998,1.0,,0.0185,0.15625,0.15625,0.003,0.16216216216216217,20924.07,69769.51,90693.57999999999,-13424.390000000014,-0.5385766004605839,13424.390000000014,0.5385766004605839,1308327_YES.csv,1308327_YES
1771076400,2026-02-14 13:40:00,4,1187.142656,22.639369000000002,0.01907047049952934,5.6598422500000005,,0.0185,0.0,0.0,0.003,0.16216216216216217,20924.07,69769.51,90693.57999999999,0.0,-0.5385766004605839,-0.0,0.5385766004605839,1308327_YES.csv,1308327_YES
1771076520,2026-02-14 13:42:00,1,180.0,3.6,0.01999999999988889,3.6,,0.0185,0.0,0.0,0.003,0.16216216216216217,22122.95,52319.37,74442.32,-16251.25999999998,-0.40563512797559237,16251.25999999998,0.40563512797559237,1308327_YES.csv,1308327_YES
1771076640,2026-02-14 13:44:00,2,2481.19,41.98634,0.016921856044874846,20.99317,,0.0185,0.0,0.0,0.003,0.16216216216216217,22122.95,52319.37,74442.32,0.0,-0.40563512797559237,-0.0,0.40563512797559237,1308327_YES.csv,1308327_YES
1771076700,2026-02-14 13:45:00,1,444.79,7.11664,0.01599999999996403,7.11664,,0.018,-0.027027027027027084,0.027027027027027084,0.004,0.22222222222222224,40729.72,52347.48,93077.20000000001,18634.880000000005,-0.1248185377299704,0.0,0.1248185377299704,1308327_YES.csv,1308327_YES
1771076880,2026-02-14 13:48:00,2,54.781577,1.034399,0.01888224210816561,0.5171995,,0.0175,-0.027777777777777568,0.027777777777777568,0.003,0.1714285714285714,40121.21,52157.310000000005,92278.52,-798.6800000000076,-0.13043230428923228,798.6800000000076,0.13043230428923228,1308327_YES.csv,1308327_YES
1771076940,2026-02-14 13:49:00,1,15.27,0.24432,0.015999999998952196,0.24432,,0.0175,0.0,0.0,0.003,0.1714285714285714,40121.21,52157.310000000005,92278.52,0.0,-0.13043230428923228,-0.0,0.13043230428923228,1308327_YES.csv,1308327_YES
1771077000,2026-02-14 13:50:00,1,20.06,0.34102,0.016999999999152544,0.34102,,0.0175,0.0,0.0,0.003,0.1714285714285714,40121.21,52157.310000000005,92278.52,0.0,-0.13043230428923228,-0.0,0.13043230428923228,1308327_YES.csv,1308327_YES
1771077180,2026-02-14 13:53:00,2,417.93,7.14817,0.01710374943168209,3.574085,,0.0175,0.0,0.0,0.003,0.1714285714285714,40121.21,52157.310000000005,92278.52,0.0,-0.13043230428923228,-0.0,0.13043230428923228,1308327_YES.csv,1308327_YES
1771077240,2026-02-14 13:54:00,1,55.555554,0.999999,0.017999982503675502,0.999999,,0.0175,0.0,0.0,0.001,0.05714285714285714,18731.37,51723.07,70454.44,-21824.08,-0.46826999121701907,21824.08,0.46826999121701907,1308327_YES.csv,1308327_YES
1771077300,2026-02-14 13:55:00,3,2237.3422219999998,38.119609999999994,0.017037898639353906,12.706536666666665,,0.0175,0.0,0.0,0.001,0.05714285714285714,18731.37,51723.07,70454.44,0.0,-0.46826999121701907,-0.0,0.46826999121701907,1308327_YES.csv,1308327_YES
1771077360,2026-02-14 13:56:00,1,238.054209,4.439998999999999,0.01865120981743005,4.439998999999999,,0.0175,0.0,0.0,0.001,0.05714285714285714,18731.37,51723.07,70454.44,0.0,-0.46826999121701907,-0.0,0.46826999121701907,1308327_YES.csv,1308327_YES
1771077420,2026-02-14 13:57:00,3,515.78947,9.799998,0.01899999625812636,3.2666660000000003,,0.0175,0.0,0.0,0.003,0.1714285714285714,30587.1,58645.34,89232.44,18778.0,-0.3144399054872869,0.0,0.3144399054872869,1308327_YES.csv,1308327_YES
1771077540,2026-02-14 13:59:00,1,999.98,15.2289,0.01522920458407637,15.2289,,0.0175,0.0,0.0,0.003,0.1714285714285714,30587.1,58645.34,89232.44,0.0,-0.3144399054872869,-0.0,0.3144399054872869,1308327_YES.csv,1308327_YES
1771077600,2026-02-14 14:00:00,1,325.0,4.875,0.014999999999953847,4.875,,0.016,-0.08571428571428574,0.08571428571428574,0.002,0.125,35564.21,54250.850000000006,89815.06,582.6199999999953,-0.2080568670777485,0.0,0.2080568670777485,1308327_YES.csv,1308327_YES
1771077660,2026-02-14 14:01:00,3,697.6452939999999,11.5984,0.016625067351179433,3.8661333333333334,,0.016,0.0,0.0,0.002,0.125,35564.21,54250.850000000006,89815.06,0.0,-0.2080568670777485,-0.0,0.2080568670777485,1308327_YES.csv,1308327_YES
1771077720,2026-02-14 14:02:00,1,117.647057,1.9999990000000003,0.0169999917633553,1.9999990000000003,,0.016,0.0,0.0,0.002,0.125,35564.21,54250.850000000006,89815.06,0.0,-0.2080568670777485,-0.0,0.2080568670777485,1308327_YES.csv,1308327_YES
1771077840,2026-02-14 14:04:00,1,58.823529,1.0,0.017000000118711,1.0,,0.016,0.0,0.0,0.002,0.125,35564.21,54250.850000000006,89815.06,0.0,-0.2080568670777485,-0.0,0.2080568670777485,1308327_YES.csv,1308327_YES
1771077960,2026-02-14 14:06:00,1,294.117647,5.0,0.017000000003342203,5.0,,0.016,0.0,0.0,0.002,0.125,39072.21,54489.45,93561.66,3746.600000000006,-0.1647815996424176,0.0,0.1647815996424176,1308327_YES.csv,1308327_YES
1771078020,2026-02-14 14:07:00,3,1339.557647,20.9941,0.015672412491542685,6.998033333333333,,0.016,0.0,0.0,0.002,0.125,39072.21,54489.45,93561.66,0.0,-0.1647815996424176,-0.0,0.1647815996424176,1308327_YES.csv,1308327_YES
1771078080,2026-02-14 14:08:00,1,619.257057,9.999999,0.016148381172156424,9.999999,,0.016,0.0,0.0,0.002,0.125,39072.21,54489.45,93561.66,0.0,-0.1647815996424176,-0.0,0.1647815996424176,1308327_YES.csv,1308327_YES
1771078260,2026-02-14 14:11:00,1,185.127057,2.9999990000000003,0.016205081248516766,2.9999990000000003,,0.016,0.0,0.0,0.002,0.125,39072.21,54489.45,93561.66,0.0,-0.1647815996424176,-0.0,0.1647815996424176,1308327_YES.csv,1308327_YES
1771078320,2026-02-14 14:12:00,1,58.823529,1.0,0.017000000118711,1.0,,0.016,0.0,0.0,0.002,0.125,42938.36,53914.4,96852.76000000001,3291.100000000006,-0.1133270750363748,0.0,0.1133270750363748,1308327_YES.csv,1308327_YES
1771078380,2026-02-14 14:13:00,4,394.341174,6.662399,0.016895012337674604,1.66559975,,0.016,0.0,0.0,0.002,0.125,42938.36,53914.4,96852.76000000001,0.0,-0.1133270750363748,-0.0,0.1133270750363748,1308327_YES.csv,1308327_YES
1771078500,2026-02-14 14:15:00,4,700.921175,11.81566,0.01685733064061468,2.953915,,0.0165,0.03125,0.03125,0.001,0.06060606060606061,36235.15,53369.49,89604.64,-7248.12000000001,-0.19122157066866177,7248.12000000001,0.19122157066866177,1308327_YES.csv,1308327_YES
1771078560,2026-02-14 14:16:00,1,55.555554,0.999999,0.017999982503675502,0.999999,,0.0165,0.0,0.0,0.001,0.06060606060606061,36235.15,53369.49,89604.64,0.0,-0.19122157066866177,-0.0,0.19122157066866177,1308327_YES.csv,1308327_YES
1771078620,2026-02-14 14:17:00,2,358.82,6.399940000000001,0.01783607379739748,3.1999700000000004,,0.0165,0.0,0.0,0.001,0.06060606060606061,36235.15,53369.49,89604.64,0.0,-0.19122157066866177,-0.0,0.19122157066866177,1308327_YES.csv,1308327_YES
1771078680,2026-02-14 14:18:00,2,258.83,4.14128,0.015999999999938185,2.07064,,0.017,0.030303030303030276,0.030303030303030276,0.002,0.11764705882352941,33539.83,52799.13,86338.95999999999,-3265.6800000000076,-0.2230661569238267,3265.6800000000076,0.2230661569238267,1308327_YES.csv,1308327_YES
1771078740,2026-02-14 14:19:00,1,392.948887,6.999999,0.01781401915507187,6.999999,,0.017,0.0,0.0,0.002,0.11764705882352941,33539.83,52799.13,86338.95999999999,0.0,-0.2230661569238267,-0.0,0.2230661569238267,1308327_YES.csv,1308327_YES
1771078800,2026-02-14 14:20:00,1,17.99,0.28784,0.015999999999110618,0.28784,,0.017,0.0,0.0,0.002,0.11764705882352941,33539.83,52799.13,86338.95999999999,0.0,-0.2230661569238267,-0.0,0.2230661569238267,1308327_YES.csv,1308327_YES
1771078860,2026-02-14 14:21:00,1,29.18,0.46688,0.01599999999945168,0.46688,,0.0165,-0.02941176470588236,0.02941176470588236,0.001,0.06060606060606061,38846.78,54035.06,92881.84,6542.880000000005,-0.16352260032746982,0.0,0.16352260032746982,1308327_YES.csv,1308327_YES
1771078920,2026-02-14 14:22:00,3,325.170554,5.735679000000001,0.01763898646241612,1.9118930000000003,,0.0165,0.0,0.0,0.001,0.06060606060606061,38846.78,54035.06,92881.84,0.0,-0.16352260032746982,-0.0,0.16352260032746982,1308327_YES.csv,1308327_YES
1771078980,2026-02-14 14:23:00,2,131.401111,2.34493,0.017845587317615257,1.172465,,0.0165,0.0,0.0,0.001,0.06060606060606061,38846.78,54035.06,92881.84,0.0,-0.16352260032746982,-0.0,0.16352260032746982,1308327_YES.csv,1308327_YES
1771079040,2026-02-14 14:24:00,1,27.69,0.44304,0.015999999999422174,0.44304,,0.017,0.030303030303030276,0.030303030303030276,0.002,0.11764705882352941,31517.870000000003,57806.18,89324.05,-3557.7899999999936,-0.29430271018835347,3557.7899999999936,0.29430271018835347,1308327_YES.csv,1308327_YES
1771079100,2026-02-14 14:25:00,2,80.35352800000001,1.34448,0.01673205935628946,0.67224,,0.017,0.0,0.0,0.002,0.11764705882352941,31517.870000000003,57806.18,89324.05,0.0,-0.29430271018835347,-0.0,0.29430271018835347,1308327_YES.csv,1308327_YES
1771079280,2026-02-14 14:28:00,1,66.666665,1.199999,0.017999985449729597,1.199999,,0.017,0.0,0.0,0.002,0.11764705882352941,31517.870000000003,57806.18,89324.05,0.0,-0.29430271018835347,-0.0,0.29430271018835347,1308327_YES.csv,1308327_YES
1771079340,2026-02-14 14:29:00,3,5441.153447,101.944348,0.018735797288750997,33.98144933333334,,0.017,0.0,0.0,0.002,0.11764705882352941,31517.870000000003,57806.18,89324.05,0.0,-0.29430271018835347,-0.0,0.29430271018835347,1308327_YES.csv,1308327_YES
1771079400,2026-02-14 14:30:00,2,10067.274000000001,183.45963,0.018223367120034847,91.729815,,0.0185,0.08823529411764697,0.08823529411764697,0.003,0.16216216216216217,27443.14,52268.09,79711.23,-9612.820000000007,-0.31143604232427474,9612.820000000007,0.31143604232427474,1308327_YES.csv,1308327_YES
1771079460,2026-02-14 14:31:00,1,5555.0,99.99,0.017999999999996758,99.99,,0.0185,0.0,0.0,0.003,0.16216216216216217,27443.14,52268.09,79711.23,0.0,-0.31143604232427474,-0.0,0.31143604232427474,1308327_YES.csv,1308327_YES
1771079520,2026-02-14 14:32:00,1,52.631577,0.999999,0.0189999817026383,0.999999,,0.0185,0.0,0.0,0.003,0.16216216216216217,27443.14,52268.09,79711.23,0.0,-0.31143604232427474,-0.0,0.31143604232427474,1308327_YES.csv,1308327_YES
1771079580,2026-02-14 14:33:00,1,2736.842104,52.0,0.019000000008762258,52.0,,0.0175,-0.054054054054053946,0.054054054054053946,0.003,0.1714285714285714,36320.04,61929.2,98249.23999999999,18538.009999999995,-0.2606550442527596,0.0,0.2606550442527596,1308327_YES.csv,1308327_YES
1771079640,2026-02-14 14:34:00,1,157.894735,2.999999,0.018999993888212868,2.999999,,0.0175,0.0,0.0,0.003,0.1714285714285714,36320.04,61929.2,98249.23999999999,0.0,-0.2606550442527596,-0.0,0.2606550442527596,1308327_YES.csv,1308327_YES
1771079700,2026-02-14 14:35:00,4,1226.755788,22.23293,0.018123354474836907,5.5582325,,0.0175,0.0,0.0,0.003,0.1714285714285714,36320.04,61929.2,98249.23999999999,0.0,-0.2606550442527596,-0.0,0.2606550442527596,1308327_YES.csv,1308327_YES
1771079760,2026-02-14 14:36:00,1,7401.6315,146.0,0.019725380816375437,146.0,,0.0185,0.05714285714285694,0.05714285714285694,0.003,0.16216216216216217,30820.95,60163.84,90984.79,-7264.449999999997,-0.3225032447731099,7264.449999999997,0.3225032447731099,1308327_YES.csv,1308327_YES
1771079880,2026-02-14 14:38:00,1,10.15,0.19285,0.018999999998128077,0.19285,,0.0185,0.0,0.0,0.003,0.16216216216216217,30820.95,60163.84,90984.79,0.0,-0.3225032447731099,-0.0,0.3225032447731099,1308327_YES.csv,1308327_YES
1771080000,2026-02-14 14:40:00,1,250.0,5.0,0.019999999999920002,5.0,,0.0185,0.0,0.0,0.003,0.16216216216216217,30820.95,60163.84,90984.79,0.0,-0.3225032447731099,-0.0,0.3225032447731099,1308327_YES.csv,1308327_YES
1771080060,2026-02-14 14:41:00,3,768.39,15.354410000000001,0.019982573953304987,5.1181366666666674,,0.0185,0.0,0.0,0.003,0.16216216216216217,30820.95,60163.84,90984.79,0.0,-0.3225032447731099,-0.0,0.3225032447731099,1308327_YES.csv,1308327_YES
1771080120,2026-02-14 14:42:00,1,100.0,2.0,0.0199999999998,2.0,,0.0195,0.05405405405405417,0.05405405405405417,0.001,0.05128205128205128,19520.64,81242.98999999999,100763.62999999999,9778.839999999997,-0.6125459156245164,0.0,0.6125459156245164,1308327_YES.csv,1308327_YES
1771080180,2026-02-14 14:43:00,2,5611.4035,112.12428,0.019981503736093757,56.06214,,0.0195,0.0,0.0,0.001,0.05128205128205128,19520.64,81242.98999999999,100763.62999999999,0.0,-0.6125459156245164,-0.0,0.6125459156245164,1308327_YES.csv,1308327_YES
1771080300,2026-02-14 14:45:00,1,58.82,1.05876,0.017999999999693983,1.05876,,0.0185,-0.05128205128205132,0.05128205128205132,0.001,0.05405405405405406,29093.4,69975.78,99069.18,-1694.449999999997,-0.41266496805565567,1694.449999999997,0.41266496805565567,1308327_YES.csv,1308327_YES
1771080360,2026-02-14 14:46:00,1,1087.274,21.72,0.019976565244804827,21.72,,0.0185,0.0,0.0,0.001,0.05405405405405406,29093.4,69975.78,99069.18,0.0,-0.41266496805565567,-0.0,0.41266496805565567,1308327_YES.csv,1308327_YES
1771080420,2026-02-14 14:47:00,1,154.3195,3.0000000000000004,0.019440187403280528,3.0000000000000004,,0.0185,0.0,0.0,0.001,0.05405405405405406,29093.4,69975.78,99069.18,0.0,-0.41266496805565567,-0.0,0.41266496805565567,1308327_YES.csv,1308327_YES
1771080480,2026-02-14 14:48:00,1,106.18,1.91124,0.017999999999830475,1.91124,,0.019,0.027027027027026973,0.027027027027026973,0.002,0.10526315789473685,31328.8,83782.5,115111.3,16042.12000000001,-0.4556781132695052,0.0,0.4556781132695052,1308327_YES.csv,1308327_YES
1771080540,2026-02-14 14:49:00,1,9.74,0.17532,0.01799999999815195,0.17532,,0.019,0.0,0.0,0.002,0.10526315789473685,31328.8,83782.5,115111.3,0.0,-0.4556781132695052,-0.0,0.4556781132695052,1308327_YES.csv,1308327_YES
1771080600,2026-02-14 14:50:00,1,263.157893,4.999999,0.0189999963253277,4.999999,,0.019,0.0,0.0,0.002,0.10526315789473685,31328.8,83782.5,115111.3,0.0,-0.4556781132695052,-0.0,0.4556781132695052,1308327_YES.csv,1308327_YES
1771080660,2026-02-14 14:51:00,1,1052.631577,19.999999000000003,0.01899999908513185,19.999999000000003,,0.0185,-0.02631578947368418,0.02631578947368418,0.001,0.05405405405405406,33441.14,76305.63,109746.77,-5364.529999999999,-0.3905763240230214,5364.529999999999,0.3905763240230214,1308327_YES.csv,1308327_YES
1771080720,2026-02-14 14:52:00,1,1052.631577,19.999999000000003,0.01899999908513185,19.999999000000003,,0.0185,0.0,0.0,0.001,0.05405405405405406,33441.14,76305.63,109746.77,0.0,-0.3905763240230214,-0.0,0.3905763240230214,1308327_YES.csv,1308327_YES
1771080780,2026-02-14 14:53:00,2,629.4736809999999,11.959999,0.018999998508247393,5.9799995,,0.0185,0.0,0.0,0.001,0.05405405405405406,33441.14,76305.63,109746.77,0.0,-0.3905763240230214,-0.0,0.3905763240230214,1308327_YES.csv,1308327_YES
1771080900,2026-02-14 14:55:00,2,1522.8065000000001,29.89,0.019628232477324172,14.945,,0.0185,0.0,0.0,0.001,0.05405405405405406,33441.14,76305.63,109746.77,0.0,-0.3905763240230214,-0.0,0.3905763240230214,1308327_YES.csv,1308327_YES
1771081020,2026-02-14 14:57:00,1,500.0,10.0,0.01999999999996,10.0,,0.019,0.027027027027026973,0.027027027027026973,0.002,0.10526315789473685,34986.82,86083.45999999999,121070.28,11323.509999999995,-0.4220411483313658,0.0,0.4220411483313658,1308327_YES.csv,1308327_YES
1771081200,2026-02-14 15:00:00,2,3002.37,52.662169999999996,0.017540199908732856,26.331084999999998,,0.019,0.0,0.0,0.002,0.10526315789473685,34986.82,86083.45999999999,121070.28,0.0,-0.4220411483313658,-0.0,0.4220411483313658,1308327_YES.csv,1308327_YES
1771081260,2026-02-14 15:01:00,3,894.7336809999999,16.999938999999998,0.018999998950504447,5.666646333333333,,0.019,0.0,0.0,0.002,0.10526315789473685,34986.82,86083.45999999999,121070.28,0.0,-0.4220411483313658,-0.0,0.4220411483313658,1308327_YES.csv,1308327_YES
1771081320,2026-02-14 15:02:00,1,3.86,0.06562,0.016999999995595854,0.06562,,0.019,0.0,0.0,0.002,0.10526315789473685,34986.82,86083.45999999999,121070.28,0.0,-0.4220411483313658,-0.0,0.4220411483313658,1308327_YES.csv,1308327_YES
1771081380,2026-02-14 15:03:00,1,315.789472,5.999999,0.018999996934606436,5.999999,,0.018,-0.052631578947368474,0.052631578947368474,0.002,0.11111111111111112,35375.71,77638.09,113013.79999999999,-8056.4800000000105,-0.37395769366218995,8056.4800000000105,0.37395769366218995,1308327_YES.csv,1308327_YES
1771081440,2026-02-14 15:04:00,2,141.26,2.54268,0.017999999999872576,1.27134,,0.018,0.0,0.0,0.002,0.11111111111111112,35375.71,77638.09,113013.79999999999,0.0,-0.37395769366218995,-0.0,0.37395769366218995,1308327_YES.csv,1308327_YES
1771081560,2026-02-14 15:06:00,2,687.974735,12.441439,0.01808415101171108,6.2207195,,0.0185,0.0277777777777779,0.0277777777777779,0.001,0.05405405405405406,33293.3,79213.48,112506.78,-507.0199999999895,-0.4081547796497242,507.0199999999895,0.4081547796497242,1308327_YES.csv,1308327_YES
1771081620,2026-02-14 15:07:00,2,110.52157700000001,2.042019,0.018476202162601447,1.0210095,,0.0185,0.0,0.0,0.001,0.05405405405405406,33293.3,79213.48,112506.78,0.0,-0.4081547796497242,-0.0,0.4081547796497242,1308327_YES.csv,1308327_YES
1771081680,2026-02-14 15:08:00,3,140.001577,2.572659,0.018375928722443053,0.8575529999999999,,0.0185,0.0,0.0,0.001,0.05405405405405406,33293.3,79213.48,112506.78,0.0,-0.4081547796497242,-0.0,0.4081547796497242,1308327_YES.csv,1308327_YES
1771081740,2026-02-14 15:09:00,2,266.565554,4.587169,0.01720840870528527,2.2935845,,0.0175,-0.054054054054053946,0.054054054054053946,0.001,0.05714285714285714,43897.37,86197.74,130095.11000000002,17588.330000000016,-0.3251495771055499,0.0,0.3251495771055499,1308327_YES.csv,1308327_YES
1771082040,2026-02-14 15:14:00,2,46.53,0.8375399999999997,0.017999999999613152,0.41876999999999986,,0.0175,0.0,0.0,0.001,0.05714285714285714,43897.37,86197.74,130095.11000000002,0.0,-0.3251495771055499,-0.0,0.3251495771055499,1308327_YES.csv,1308327_YES
1771082100,2026-02-14 15:15:00,1,125.0,2.25,0.017999999999856,2.25,,0.0175,0.0,0.0,0.001,0.05714285714285714,43241.69,90836.49,134078.18,3983.069999999978,-0.35497796882386085,0.0,0.35497796882386085,1308327_YES.csv,1308327_YES
1771082160,2026-02-14 15:16:00,9,1867.830058,34.737,0.018597516327141864,3.859666666666667,,0.0175,0.0,0.0,0.001,0.05714285714285714,43241.69,90836.49,134078.18,0.0,-0.35497796882386085,-0.0,0.35497796882386085,1308327_YES.csv,1308327_YES
1771082220,2026-02-14 15:17:00,1,43.47,0.7824599999999999,0.01799999999958592,0.7824599999999999,,0.0175,0.0,0.0,0.001,0.05714285714285714,43241.69,90836.49,134078.18,0.0,-0.35497796882386085,-0.0,0.35497796882386085,1308327_YES.csv,1308327_YES
1771082340,2026-02-14 15:19:00,1,210.526314,3.999999,0.018999995411409648,3.999999,,0.0175,0.0,0.0,0.001,0.05714285714285714,43241.69,90836.49,134078.18,0.0,-0.35497796882386085,-0.0,0.35497796882386085,1308327_YES.csv,1308327_YES
1771082400,2026-02-14 15:20:00,1,6.97,0.12546,0.017999999997417502,0.12546,,0.0175,0.0,0.0,0.001,0.05714285714285714,43241.69,90836.49,134078.18,0.0,-0.35497796882386085,-0.0,0.35497796882386085,1308327_YES.csv,1308327_YES
1771082460,2026-02-14 15:21:00,1,4.58,0.07786,0.016999999996288213,0.07786,,0.0175,0.0,0.0,0.001,0.05714285714285714,43999.1,94109.47,138108.57,4030.390000000014,-0.3628331681372126,0.0,0.3628331681372126,1308327_YES.csv,1308327_YES
1771082520,2026-02-14 15:22:00,2,145.466665,2.599599,0.017870754100137796,1.2997995,,0.0175,0.0,0.0,0.001,0.05714285714285714,43999.1,94109.47,138108.57,0.0,-0.3628331681372126,-0.0,0.3628331681372126,1308327_YES.csv,1308327_YES
1771082580,2026-02-14 15:23:00,1,111.111111,2.0,0.018000000017837997,2.0,,0.0175,0.0,0.0,0.001,0.05714285714285714,43999.1,94109.47,138108.57,0.0,-0.3628331681372126,-0.0,0.3628331681372126,1308327_YES.csv,1308327_YES
1771082640,2026-02-14 15:24:00,1,5378.393683,100.0,0.018592911916444643,100.0,,0.0175,0.0,0.0,0.001,0.05714285714285714,43759.41,93879.86,137639.27000000002,-469.29999999998836,-0.3641435325833971,469.29999999998836,0.3641435325833971,1308327_YES.csv,1308327_YES
1771082700,2026-02-14 15:25:00,2,2599.7857879999997,49.352459999999994,0.018983279402395463,24.676229999999997,,0.0175,0.0,0.0,0.001,0.05714285714285714,43759.41,93879.86,137639.27000000002,0.0,-0.3641435325833971,-0.0,0.3641435325833971,1308327_YES.csv,1308327_YES
1771082760,2026-02-14 15:26:00,1,16.41,0.29538,0.017999999998903105,0.29538,,0.0175,0.0,0.0,0.001,0.05714285714285714,43759.41,93879.86,137639.27000000002,0.0,-0.3641435325833971,-0.0,0.3641435325833971,1308327_YES.csv,1308327_YES
1771082880,2026-02-14 15:28:00,1,55.28,0.99504,0.017999999999674384,0.99504,,0.0175,0.0,0.0,0.001,0.05714285714285714,43759.41,93879.86,137639.27000000002,0.0,-0.3641435325833971,-0.0,0.3641435325833971,1308327_YES.csv,1308327_YES
1771083000,2026-02-14 15:30:00,1,105.263156,1.999999,0.0189999908418193,1.999999,,0.0185,0.05714285714285694,0.05714285714285694,0.001,0.05405405405405406,43578.22,91169.13,134747.35,-2891.920000000013,-0.35318624076837135,2891.920000000013,0.35318624076837135,1308327_YES.csv,1308327_YES
1771083120,2026-02-14 15:32:00,2,586.315788,11.14,0.01900000004772343,5.57,,0.0185,0.0,0.0,0.001,0.05405405405405406,43578.22,91169.13,134747.35,0.0,-0.35318624076837135,-0.0,0.35318624076837135,1308327_YES.csv,1308327_YES
1771083240,2026-02-14 15:34:00,1,3.57,0.06426,0.017999999994957983,0.06426,,0.0185,0.0,0.0,0.001,0.05405405405405406,43578.22,91169.13,134747.35,0.0,-0.35318624076837135,-0.0,0.35318624076837135,1308327_YES.csv,1308327_YES
1771083300,2026-02-14 15:35:00,1,52.631577,0.999999,0.0189999817026383,0.999999,,0.0185,0.0,0.0,0.001,0.05405405405405406,43578.22,91169.13,134747.35,0.0,-0.35318624076837135,-0.0,0.35318624076837135,1308327_YES.csv,1308327_YES
1771083360,2026-02-14 15:36:00,1,27000.0,441.86254,0.016365279259258594,441.86254,,0.0185,0.0,0.0,0.001,0.05405405405405406,33593.57,97511.81,131105.38,-3641.970000000001,-0.48753331098998376,3641.970000000001,0.48753331098998376,1308327_YES.csv,1308327_YES
1771083420,2026-02-14 15:37:00,3,323.877131,5.451038,0.016830573937568833,1.8170126666666666,,0.0185,0.0,0.0,0.001,0.05405405405405406,33593.57,97511.81,131105.38,0.0,-0.48753331098998376,-0.0,0.48753331098998376,1308327_YES.csv,1308327_YES
1771083480,2026-02-14 15:38:00,1,29.41,0.47056,0.015999999999455967,0.47056,,0.0185,0.0,0.0,0.001,0.05405405405405406,33593.57,97511.81,131105.38,0.0,-0.48753331098998376,-0.0,0.48753331098998376,1308327_YES.csv,1308327_YES
1771083540,2026-02-14 15:39:00,5,1752.28333,30.703198,0.0175218227979047,6.1406396,,0.017,-0.08108108108108092,0.08108108108108092,0.002,0.11764705882352941,18116.2,104874.28,122990.48,-8114.900000000009,-0.7054048410901397,8114.900000000009,0.7054048410901397,1308327_YES.csv,1308327_YES
1771083720,2026-02-14 15:42:00,1,30.45,0.4872,0.01599999999947455,0.4872,,0.017,0.0,0.0,0.002,0.11764705882352941,17630.27,104369.11,121999.38,-991.0999999999913,-0.7109777115260749,991.0999999999913,0.7109777115260749,1308327_YES.csv,1308327_YES
1771083780,2026-02-14 15:43:00,1,559.89,8.95824,0.015999999999971422,8.95824,,0.017,0.0,0.0,0.002,0.11764705882352941,17630.27,104369.11,121999.38,0.0,-0.7109777115260749,-0.0,0.7109777115260749,1308327_YES.csv,1308327_YES
1771083840,2026-02-14 15:44:00,1,55.555554,0.999999,0.017999982503675502,0.999999,,0.017,0.0,0.0,0.002,0.11764705882352941,17630.27,104369.11,121999.38,0.0,-0.7109777115260749,-0.0,0.7109777115260749,1308327_YES.csv,1308327_YES
1771083900,2026-02-14 15:45:00,1,166.666665,2.999999,0.017999994179891902,2.999999,,0.017,0.0,0.0,0.002,0.11764705882352941,32962.4,104022.28,136984.68,14985.299999999988,-0.5187432638452709,0.0,0.5187432638452709,1308327_YES.csv,1308327_YES
1771083960,2026-02-14 15:46:00,2,7379.527646,106.33956,0.014410076782844719,53.16978,,0.017,0.0,0.0,0.002,0.11764705882352941,32962.4,104022.28,136984.68,0.0,-0.5187432638452709,-0.0,0.5187432638452709,1308327_YES.csv,1308327_YES
1771084020,2026-02-14 15:47:00,1,312.5,5.0,0.0159999999999488,5.0,,0.017,0.0,0.0,0.002,0.11764705882352941,32962.4,104022.28,136984.68,0.0,-0.5187432638452709,-0.0,0.5187432638452709,1308327_YES.csv,1308327_YES
1771084080,2026-02-14 15:48:00,1,202.0,2.626,0.012999999999935643,2.626,,0.014,-0.17647058823529416,0.17647058823529416,0.002,0.14285714285714285,131858.06,27665.98,159524.04,22539.360000000015,0.6531434384435099,0.0,0.6531434384435099,1308327_YES.csv,1308327_YES
1771084140,2026-02-14 15:49:00,2,466.66666599999996,7.0,0.015000000021396431,3.5,,0.014,0.0,0.0,0.002,0.14285714285714285,131858.06,27665.98,159524.04,0.0,0.6531434384435099,-0.0,0.6531434384435099,1308327_YES.csv,1308327_YES
1771084200,2026-02-14 15:50:00,2,285.526665,4.2828990000000005,0.014999996585205093,2.1414495000000002,,0.014,0.0,0.0,0.002,0.14285714285714285,131858.06,27665.98,159524.04,0.0,0.6531434384435099,-0.0,0.6531434384435099,1308327_YES.csv,1308327_YES
1771084260,2026-02-14 15:51:00,3,2179.933333,32.699,0.015000000002286767,10.899666666666667,,0.0145,0.03571428571428581,0.03571428571428581,0.001,0.06896551724137931,126837.83,32904.9,159742.73,218.69000000000233,0.5880263220742502,0.0,0.5880263220742502,1308327_YES.csv,1308327_YES
1771084320,2026-02-14 15:52:00,3,352.19333,5.064038,0.014378574403966188,1.6880126666666666,,0.0145,0.0,0.0,0.001,0.06896551724137931,126837.83,32904.9,159742.73,0.0,0.5880263220742502,-0.0,0.5880263220742502,1308327_YES.csv,1308327_YES
1771084380,2026-02-14 15:53:00,2,126.58625,2.0,0.015799504290428062,1.0,,0.0145,0.0,0.0,0.001,0.06896551724137931,126837.83,32904.9,159742.73,0.0,0.5880263220742502,-0.0,0.5880263220742502,1308327_YES.csv,1308327_YES
1771084500,2026-02-14 15:55:00,3,1375.0,22.0,0.015999999999988364,7.333333333333333,,0.0145,0.0,0.0,0.001,0.06896551724137931,126837.83,32904.9,159742.73,0.0,0.5880263220742502,-0.0,0.5880263220742502,1308327_YES.csv,1308327_YES
1771084680,2026-02-14 15:58:00,1,100.0,1.6,0.01599999999984,1.6,,0.0145,0.0,0.0,0.001,0.06896551724137931,126837.83,32904.9,159742.73,0.0,0.5880263220742502,-0.0,0.5880263220742502,1308327_YES.csv,1308327_YES
1771084920,2026-02-14 16:02:00,1,625.0,10.0,0.0159999999999744,10.0,,0.0145,0.0,0.0,0.001,0.06896551724137931,126837.83,32904.9,159742.73,0.0,0.5880263220742502,-0.0,0.5880263220742502,1308327_YES.csv,1308327_YES
1771085040,2026-02-14 16:04:00,3,414.8,6.2391000000000005,0.01504122468655969,2.0797000000000003,,0.0145,0.0,0.0,0.001,0.06896551724137931,126837.83,32904.9,159742.73,0.0,0.5880263220742502,-0.0,0.5880263220742502,1308327_YES.csv,1308327_YES
1771085160,2026-02-14 16:06:00,5,1217.727643,20.330538000000004,0.016695472191053183,4.0661076000000005,,0.0155,0.06896551724137923,0.06896551724137923,0.003,0.1935483870967742,71119.8,107516.21,178636.01,18893.28,-0.20374620996069046,0.0,0.20374620996069046,1308327_YES.csv,1308327_YES
1771085220,2026-02-14 16:07:00,1,8301.934735,149.999999,0.018068077356426224,149.999999,,0.0155,0.0,0.0,0.003,0.1935483870967742,71119.8,107516.21,178636.01,0.0,-0.20374620996069046,-0.0,0.20374620996069046,1308327_YES.csv,1308327_YES
1771085280,2026-02-14 16:08:00,2,118.055554,1.9374989999999999,0.016411756451404122,0.9687494999999999,,0.0155,0.0,0.0,0.003,0.1935483870967742,71119.8,107516.21,178636.01,0.0,-0.20374620996069046,-0.0,0.20374620996069046,1308327_YES.csv,1308327_YES
1771085340,2026-02-14 16:09:00,3,2238.326664,40.289879,0.017999999574674207,13.429959666666667,,0.0165,0.06451612903225823,0.06451612903225823,0.003,0.18181818181818182,43494.12,109188.93,152683.05,-25952.96000000002,-0.4302691752620871,25952.96000000002,0.4302691752620871,1308327_YES.csv,1308327_YES
1771085460,2026-02-14 16:11:00,3,911.555554,16.107999,0.017670891180793877,5.369333,,0.0165,0.0,0.0,0.003,0.18181818181818182,43494.12,109188.93,152683.05,0.0,-0.4302691752620871,-0.0,0.4302691752620871,1308327_YES.csv,1308327_YES
1771085520,2026-02-14 16:12:00,1,117.647057,1.9999990000000003,0.0169999917633553,1.9999990000000003,,0.0165,0.0,0.0,0.001,0.06060606060606061,16343.59,79282.89,95626.48,-57056.56999999999,-0.6581785714584496,57056.56999999999,0.6581785714584496,1308327_YES.csv,1308327_YES
1771085580,2026-02-14 16:13:00,1,1.0,0.016,0.015999999984,0.016,,0.0165,0.0,0.0,0.001,0.06060606060606061,16343.59,79282.89,95626.48,0.0,-0.6581785714584496,-0.0,0.6581785714584496,1308327_YES.csv,1308327_YES
1771085640,2026-02-14 16:14:00,1,1091.68,17.46688,0.015999999999985342,17.46688,,0.0165,0.0,0.0,0.001,0.06060606060606061,16343.59,79282.89,95626.48,0.0,-0.6581785714584496,-0.0,0.6581785714584496,1308327_YES.csv,1308327_YES
1771085760,2026-02-14 16:16:00,1,34.86,0.55776,0.015999999999541024,0.55776,,0.0165,0.0,0.0,0.001,0.06060606060606061,16343.59,79282.89,95626.48,0.0,-0.6581785714584496,-0.0,0.6581785714584496,1308327_YES.csv,1308327_YES
1771085820,2026-02-14 16:17:00,3,165.257056,2.71661,0.01643869294139886,0.9055366666666668,,0.0165,0.0,0.0,0.001,0.06060606060606061,16343.59,79282.89,95626.48,0.0,-0.6581785714584496,-0.0,0.6581785714584496,1308327_YES.csv,1308327_YES
1771085880,2026-02-14 16:18:00,1,209.411763,3.559999,0.016999995363121023,3.559999,,0.016,-0.030303030303030276,0.030303030303030276,0.002,0.125,43477.55,82807.6,126285.15000000001,30658.670000000013,-0.3114384391197223,0.0,0.3114384391197223,1308327_YES.csv,1308327_YES
1771085940,2026-02-14 16:19:00,1,184.99,2.77485,0.014999999999918913,2.77485,,0.016,0.0,0.0,0.002,0.125,43477.55,82807.6,126285.15000000001,0.0,-0.3114384391197223,-0.0,0.3114384391197223,1308327_YES.csv,1308327_YES
1771086000,2026-02-14 16:20:00,1,210.96,3.58632,0.016999999999919416,3.58632,,0.016,0.0,0.0,0.002,0.125,43477.55,82807.6,126285.15000000001,0.0,-0.3114384391197223,-0.0,0.3114384391197223,1308327_YES.csv,1308327_YES
1771086180,2026-02-14 16:23:00,1,58.823528,1.0,0.017000000407711,1.0,,0.016,0.0,0.0,0.002,0.125,43477.55,82807.6,126285.15000000001,0.0,-0.3114384391197223,-0.0,0.3114384391197223,1308327_YES.csv,1308327_YES
1771086240,2026-02-14 16:24:00,1,58.823528,1.0,0.017000000407711,1.0,,0.016,0.0,0.0,0.002,0.125,43835.79,83919.17,127754.95999999999,1469.8099999999831,-0.3137520453217629,0.0,0.3137520453217629,1308327_YES.csv,1308327_YES
1771086360,2026-02-14 16:26:00,2,12.6,0.1889999999999999,0.014999999998809521,0.09449999999999995,,0.016,0.0,0.0,0.002,0.125,43835.79,83919.17,127754.95999999999,0.0,-0.3137520453217629,-0.0,0.3137520453217629,1308327_YES.csv,1308327_YES
1771086480,2026-02-14 16:28:00,2,358.823528,6.1000000000000005,0.017000000066837866,3.0500000000000003,,0.016,0.0,0.0,0.002,0.125,43835.79,83919.17,127754.95999999999,0.0,-0.3137520453217629,-0.0,0.3137520453217629,1308327_YES.csv,1308327_YES
1771086540,2026-02-14 16:29:00,2,469.54,7.196630000000001,0.015326979597019756,3.5983150000000004,,0.016,0.0,0.0,0.002,0.125,43835.79,83919.17,127754.95999999999,0.0,-0.3137520453217629,-0.0,0.3137520453217629,1308327_YES.csv,1308327_YES
1771086600,2026-02-14 16:30:00,2,1384.2058809999999,23.5,0.0169772432862413,11.75,,0.016,0.0,0.0,0.002,0.125,43258.72,87943.83,131202.55,3447.5899999999965,-0.34058110913240636,0.0,0.34058110913240636,1308327_YES.csv,1308327_YES
1771086780,2026-02-14 16:33:00,1,588.235293,10.0,0.0170000000322711,10.0,,0.016,0.0,0.0,0.002,0.125,43258.72,87943.83,131202.55,0.0,-0.34058110913240636,-0.0,0.34058110913240636,1308327_YES.csv,1308327_YES
1771086840,2026-02-14 16:34:00,1,514.94,7.724100000000001,0.01499999999997087,7.724100000000001,,0.016,0.0,0.0,0.002,0.125,43258.72,87943.83,131202.55,0.0,-0.34058110913240636,-0.0,0.34058110913240636,1308327_YES.csv,1308327_YES
1771086960,2026-02-14 16:36:00,1,200.0,3.2,0.015999999999920002,3.2,,0.016,0.0,0.0,0.002,0.125,37463.78,89070.33,126534.11,-4668.439999999988,-0.40784694340522093,4668.439999999988,0.40784694340522093,1308327_YES.csv,1308327_YES
1771087080,2026-02-14 16:38:00,1,592.563528,10.06,0.01697708266645635,10.06,,0.016,0.0,0.0,0.002,0.125,37463.78,89070.33,126534.11,0.0,-0.40784694340522093,-0.0,0.40784694340522093,1308327_YES.csv,1308327_YES
1771087200,2026-02-14 16:40:00,2,336.79999999999995,5.646699999999999,0.016765736341992937,2.8233499999999996,,0.016,0.0,0.0,0.002,0.125,37463.78,89070.33,126534.11,0.0,-0.40784694340522093,-0.0,0.40784694340522093,1308327_YES.csv,1308327_YES
1771087260,2026-02-14 16:41:00,2,1269.47,20.25311,0.015953988672425538,10.126555,,0.016,0.0,0.0,0.002,0.125,37463.78,89070.33,126534.11,0.0,-0.40784694340522093,-0.0,0.40784694340522093,1308327_YES.csv,1308327_YES
1771087320,2026-02-14 16:42:00,2,2890.0,45.07,0.015595155709337165,22.535,,0.0145,-0.09375,0.09375,0.003,0.20689655172413793,75061.44,75810.47,150871.91,24337.800000000003,-0.004964675001463154,0.0,0.004964675001463154,1308327_YES.csv,1308327_YES
1771087380,2026-02-14 16:43:00,3,2980.0,47.066,0.015793959731538316,15.688666666666668,,0.0145,0.0,0.0,0.003,0.20689655172413793,75061.44,75810.47,150871.91,0.0,-0.004964675001463154,-0.0,0.004964675001463154,1308327_YES.csv,1308327_YES
1771087560,2026-02-14 16:46:00,1,2441.390587,40.0,0.016384105113281287,40.0,,0.0145,0.0,0.0,0.003,0.20689655172413793,75061.44,75810.47,150871.91,0.0,-0.004964675001463154,-0.0,0.004964675001463154,1308327_YES.csv,1308327_YES
1771087620,2026-02-14 16:47:00,1,62.5,1.0,0.015999999999744,1.0,,0.0145,0.0,0.0,0.003,0.20689655172413793,75061.44,75810.47,150871.91,0.0,-0.004964675001463154,-0.0,0.004964675001463154,1308327_YES.csv,1308327_YES
1771087740,2026-02-14 16:49:00,1,62.5,1.0,0.015999999999744,1.0,,0.0145,0.0,0.0,0.003,0.20689655172413793,75061.44,75810.47,150871.91,0.0,-0.004964675001463154,-0.0,0.004964675001463154,1308327_YES.csv,1308327_YES
1771087800,2026-02-14 16:50:00,1,2499.445881,40.0,0.016003547147810396,40.0,,0.0145,0.0,0.0,0.003,0.20689655172413793,75061.44,75810.47,150871.91,0.0,-0.004964675001463154,-0.0,0.004964675001463154,1308327_YES.csv,1308327_YES
1771087920,2026-02-14 16:52:00,1,1045.44,16.727040000000002,0.015999999999984697,16.727040000000002,,0.0145,0.0,0.0,0.003,0.20689655172413793,75061.44,75810.47,150871.91,0.0,-0.004964675001463154,-0.0,0.004964675001463154,1308327_YES.csv,1308327_YES
1771087980,2026-02-14 16:53:00,1,1480.821665,25.499999,0.01722016877703007,25.499999,,0.0145,0.0,0.0,0.003,0.20689655172413793,75061.44,75810.47,150871.91,0.0,-0.004964675001463154,-0.0,0.004964675001463154,1308327_YES.csv,1308327_YES
1771088040,2026-02-14 16:54:00,5,1189.906665,19.946269,0.016762885347804315,3.9892538,,0.017,0.1724137931034484,0.1724137931034484,0.002,0.11764705882352941,13625.259999999998,81105.63,94730.89,-56141.020000000004,-0.7123375490296777,56141.020000000004,0.7123375490296777,1308327_YES.csv,1308327_YES
1771088340,2026-02-14 16:59:00,3,9484.944704,131.40619900000002,0.013854187146137899,43.802066333333336,,0.017,0.0,0.0,0.002,0.11764705882352941,13625.259999999998,81105.63,94730.89,0.0,-0.7123375490296777,-0.0,0.7123375490296777,1308327_YES.csv,1308327_YES
1771088640,2026-02-14 17:04:00,1,200.0,3.2,0.015999999999920002,3.2,,0.017,0.0,0.0,0.002,0.11764705882352941,13625.259999999998,81105.63,94730.89,0.0,-0.7123375490296777,-0.0,0.7123375490296777,1308327_YES.csv,1308327_YES
1771088700,2026-02-14 17:05:00,3,406.98,6.5047,0.01598284928002363,2.1682333333333332,,0.017,0.0,0.0,0.002,0.11764705882352941,13625.259999999998,81105.63,94730.89,0.0,-0.7123375490296777,-0.0,0.7123375490296777,1308327_YES.csv,1308327_YES
1771088760,2026-02-14 17:06:00,1,108.11,1.62165,0.014999999999861253,1.62165,,0.0155,-0.08823529411764708,0.08823529411764708,0.001,0.06451612903225806,33127.5,77739.61,110867.11,16136.220000000001,-0.40239264827954835,0.0,0.40239264827954835,1308327_YES.csv,1308327_YES
1771088820,2026-02-14 17:07:00,1,187.5,3.0,0.01599999999991467,3.0,,0.0155,0.0,0.0,0.001,0.06451612903225806,33127.5,77739.61,110867.11,0.0,-0.40239264827954835,-0.0,0.40239264827954835,1308327_YES.csv,1308327_YES
1771088880,2026-02-14 17:08:00,2,325.84,5.2001,0.015959059661134426,2.60005,,0.0155,0.0,0.0,0.001,0.06451612903225806,33127.5,77739.61,110867.11,0.0,-0.40239264827954835,-0.0,0.40239264827954835,1308327_YES.csv,1308327_YES
1771088940,2026-02-14 17:09:00,1,155.625,2.49,0.01599999999989719,2.49,,0.0155,0.0,0.0,0.001,0.06451612903225806,33207.79,83286.44,116494.23000000001,5627.12000000001,-0.42988094775166114,0.0,0.42988094775166114,1308327_YES.csv,1308327_YES
1771089060,2026-02-14 17:11:00,1,62.5,1.0,0.015999999999744,1.0,,0.0155,0.0,0.0,0.001,0.06451612903225806,33207.79,83286.44,116494.23000000001,0.0,-0.42988094775166114,-0.0,0.42988094775166114,1308327_YES.csv,1308327_YES
1771089180,2026-02-14 17:13:00,3,1210.96,19.1644,0.015825791107868283,6.388133333333333,,0.0155,0.0,0.0,0.001,0.06451612903225806,33207.79,83286.44,116494.23000000001,0.0,-0.42988094775166114,-0.0,0.42988094775166114,1308327_YES.csv,1308327_YES
1771089240,2026-02-14 17:14:00,1,312.5,5.0,0.0159999999999488,5.0,,0.0155,0.0,0.0,0.001,0.06451612903225806,33207.79,83286.44,116494.23000000001,0.0,-0.42988094775166114,-0.0,0.42988094775166114,1308327_YES.csv,1308327_YES
1771089300,2026-02-14 17:15:00,2,6353.434116,103.119999,0.016230592324911947,51.5599995,,0.0155,0.0,0.0,0.001,0.06451612903225806,33207.79,83286.44,116494.23000000001,0.0,-0.42988094775166114,-0.0,0.42988094775166114,1308327_YES.csv,1308327_YES
1771089360,2026-02-14 17:16:00,1,625.0,9.375,0.014999999999976,9.375,,0.0155,0.0,0.0,0.001,0.06451612903225806,33207.79,83286.44,116494.23000000001,0.0,-0.42988094775166114,-0.0,0.42988094775166114,1308327_YES.csv,1308327_YES
1771089480,2026-02-14 17:18:00,1,358.823529,6.1000000000000005,0.01700000001946082,6.1000000000000005,,0.016,0.032258064516129004,0.032258064516129004,0.002,0.125,38159.02,97244.38,135403.4,18909.169999999984,-0.4363654088449774,0.0,0.4363654088449774,1308327_YES.csv,1308327_YES
1771089540,2026-02-14 17:19:00,1,176.470588,3.0,0.017000000022570266,3.0,,0.016,0.0,0.0,0.002,0.125,38159.02,97244.38,135403.4,0.0,-0.4363654088449774,-0.0,0.4363654088449774,1308327_YES.csv,1308327_YES
1771089600,2026-02-14 17:20:00,1,58.823529,1.0,0.017000000118711,1.0,,0.016,0.0,0.0,0.002,0.125,38159.02,97244.38,135403.4,0.0,-0.4363654088449774,-0.0,0.4363654088449774,1308327_YES.csv,1308327_YES
1771089660,2026-02-14 17:21:00,1,58.823529,1.0,0.017000000118711,1.0,,0.016,0.0,0.0,0.002,0.125,38159.02,96664.56,134823.58,-579.820000000007,-0.4339414514879371,579.820000000007,0.4339414514879371,1308327_YES.csv,1308327_YES
1771089840,2026-02-14 17:24:00,2,1492.2605879999999,24.73685,0.01657676293196013,12.368425,,0.016,0.0,0.0,0.002,0.125,36583.46,104235.57,140819.03,5995.450000000012,-0.48041880419145067,0.0,0.48041880419145067,1308327_YES.csv,1308327_YES
1771089960,2026-02-14 17:26:00,2,1035.411763,17.469998999999998,0.01687251354897257,8.734999499999999,,0.016,0.0,0.0,0.002,0.125,36583.46,104235.57,140819.03,0.0,-0.48041880419145067,-0.0,0.48041880419145067,1308327_YES.csv,1308327_YES
1771090020,2026-02-14 17:27:00,1,312.5,5.0,0.0159999999999488,5.0,,0.0155,-0.03125,0.03125,0.001,0.06451612903225806,33175.73,107088.27,140264.0,-555.0299999999988,-0.526953031426453,555.0299999999988,0.526953031426453,1308327_YES.csv,1308327_YES
1771090140,2026-02-14 17:29:00,1,62.5,1.0,0.015999999999744,1.0,,0.0155,0.0,0.0,0.001,0.06451612903225806,33175.73,107088.27,140264.0,0.0,-0.526953031426453,-0.0,0.526953031426453,1308327_YES.csv,1308327_YES
1771090320,2026-02-14 17:32:00,1,2500.0,40.0,0.0159999999999936,40.0,,0.0155,0.0,0.0,0.001,0.06451612903225806,33175.73,107088.27,140264.0,0.0,-0.526953031426453,-0.0,0.526953031426453,1308327_YES.csv,1308327_YES
1771090380,2026-02-14 17:33:00,3,3481.02,55.63227,0.0159816002206204,18.54409,,0.0155,0.0,0.0,0.001,0.06451612903225806,32266.19,101888.71,134154.9,-6109.100000000006,-0.5189711296419289,6109.100000000006,0.5189711296419289,1308327_YES.csv,1308327_YES
1771090440,2026-02-14 17:34:00,1,513.48,7.18872,0.013999999999972736,7.18872,,0.0155,0.0,0.0,0.001,0.06451612903225806,32266.19,101888.71,134154.9,0.0,-0.5189711296419289,-0.0,0.5189711296419289,1308327_YES.csv,1308327_YES
1771090500,2026-02-14 17:35:00,1,4.18,0.0585199999999999,0.013999999996650718,0.0585199999999999,,0.0155,0.0,0.0,0.001,0.06451612903225806,32266.19,101888.71,134154.9,0.0,-0.5189711296419289,-0.0,0.5189711296419289,1308327_YES.csv,1308327_YES
1771090620,2026-02-14 17:37:00,1,1667.83,22.81198,0.013677641006569199,22.81198,,0.0155,0.0,0.0,0.001,0.06451612903225806,32266.19,101888.71,134154.9,0.0,-0.5189711296419289,-0.0,0.5189711296419289,1308327_YES.csv,1308327_YES
1771090680,2026-02-14 17:38:00,2,5125.0,82.0,0.015999999999996878,41.0,,0.0155,0.0,0.0,0.001,0.06451612903225806,32266.19,101888.71,134154.9,0.0,-0.5189711296419289,-0.0,0.5189711296419289,1308327_YES.csv,1308327_YES
1771090800,2026-02-14 17:40:00,2,129.98,1.68974,0.012999999999899987,0.84487,,0.0155,0.0,0.0,0.001,0.06451612903225806,32266.19,101888.71,134154.9,0.0,-0.5189711296419289,-0.0,0.5189711296419289,1308327_YES.csv,1308327_YES
1771090920,2026-02-14 17:42:00,2,769.3,10.1409,0.013181983621456934,5.07045,,0.014,-0.09677419354838712,0.09677419354838712,0.002,0.14285714285714285,46810.23,95111.26,141921.49,7766.5899999999965,-0.34033626619900903,0.0,0.34033626619900903,1308327_YES.csv,1308327_YES
1771090980,2026-02-14 17:43:00,1,204.91,2.66383,0.012999999999936559,2.66383,,0.014,0.0,0.0,0.002,0.14285714285714285,46810.23,95111.26,141921.49,0.0,-0.34033626619900903,-0.0,0.34033626619900903,1308327_YES.csv,1308327_YES
1771091040,2026-02-14 17:44:00,1,5.0,0.065,0.012999999997400001,0.065,,0.014,0.0,0.0,0.002,0.14285714285714285,46810.23,95111.26,141921.49,0.0,-0.34033626619900903,-0.0,0.34033626619900903,1308327_YES.csv,1308327_YES
1771091100,2026-02-14 17:45:00,1,327.333332,4.91,0.015000000061053875,4.91,,0.014,0.0,0.0,0.002,0.14285714285714285,45146.35,95627.42,140773.77,-1147.7200000000012,-0.3585971307012663,1147.7200000000012,0.3585971307012663,1308327_YES.csv,1308327_YES
1771091340,2026-02-14 17:49:00,1,426.0,6.39,0.014999999999964788,6.39,,0.014,0.0,0.0,0.002,0.14285714285714285,45146.35,95627.42,140773.77,0.0,-0.3585971307012663,-0.0,0.3585971307012663,1308327_YES.csv,1308327_YES
1771091460,2026-02-14 17:51:00,1,2434.8,30.292980000000004,0.012441670773774989,30.292980000000004,,0.014,0.0,0.0,0.002,0.14285714285714285,45592.5,94530.07,140122.57,-651.1999999999825,-0.3492483045379485,651.1999999999825,0.3492483045379485,1308327_YES.csv,1308327_YES
1771091520,2026-02-14 17:52:00,2,506.0,7.173360000000001,0.014176600790485818,3.5866800000000003,,0.014,0.0,0.0,0.002,0.14285714285714285,45592.5,94530.07,140122.57,0.0,-0.3492483045379485,-0.0,0.3492483045379485,1308327_YES.csv,1308327_YES
1771091580,2026-02-14 17:53:00,1,103.0,1.648,0.01599999999984466,1.648,,0.014,0.0,0.0,0.002,0.14285714285714285,45592.5,94530.07,140122.57,0.0,-0.3492483045379485,-0.0,0.3492483045379485,1308327_YES.csv,1308327_YES
1771091760,2026-02-14 17:56:00,2,1560.625,24.97,0.015999999999989748,12.485,,0.014,0.0,0.0,0.002,0.14285714285714285,45592.5,94530.07,140122.57,0.0,-0.3492483045379485,-0.0,0.3492483045379485,1308327_YES.csv,1308327_YES
1771091880,2026-02-14 17:58:00,3,1206.28,18.08164,0.014989587823710094,6.027213333333333,,0.014,0.0,0.0,0.002,0.14285714285714285,45592.5,94530.07,140122.57,0.0,-0.3492483045379485,-0.0,0.3492483045379485,1308327_YES.csv,1308327_YES
1771092060,2026-02-14 18:01:00,1,3.42,0.04446,0.01299999999619883,0.04446,,0.014,0.0,0.0,0.002,0.14285714285714285,45592.5,94530.07,140122.57,0.0,-0.3492483045379485,-0.0,0.3492483045379485,1308327_YES.csv,1308327_YES
1771092120,2026-02-14 18:02:00,1,100.0,1.5,0.01499999999985,1.5,,0.014,0.0,0.0,0.002,0.14285714285714285,45592.5,94530.07,140122.57,0.0,-0.3492483045379485,-0.0,0.3492483045379485,1308327_YES.csv,1308327_YES
1771092420,2026-02-14 18:07:00,2,287.888571,4.0304400000000005,0.014000000020792769,2.0152200000000002,,0.014,0.0,0.0,0.002,0.14285714285714285,45592.5,94530.07,140122.57,0.0,-0.3492483045379485,-0.0,0.3492483045379485,1308327_YES.csv,1308327_YES
1771092480,2026-02-14 18:08:00,1,70.5,0.9165,0.012999999999815602,0.9165,,0.014,0.0,0.0,0.002,0.14285714285714285,45592.5,94530.07,140122.57,0.0,-0.3492483045379485,-0.0,0.3492483045379485,1308327_YES.csv,1308327_YES
1771092660,2026-02-14 18:11:00,1,1966.68,29.23586,0.01486559074175004,29.23586,,0.014,0.0,0.0,0.002,0.14285714285714285,45592.5,94530.07,140122.57,0.0,-0.3492483045379485,-0.0,0.3492483045379485,1308327_YES.csv,1308327_YES
1771092720,2026-02-14 18:12:00,1,5.05,0.06565,0.012999999997425743,0.06565,,0.014,0.0,0.0,0.002,0.14285714285714285,48612.03,92253.96,140865.99,743.4199999999837,-0.30981168697994466,0.0,0.30981168697994466,1308327_YES.csv,1308327_YES
1771092840,2026-02-14 18:14:00,1,413.0,6.12,0.01481840193701012,6.12,,0.014,0.0,0.0,0.002,0.14285714285714285,48612.03,92253.96,140865.99,0.0,-0.30981168697994466,-0.0,0.30981168697994466,1308327_YES.csv,1308327_YES
1771092900,2026-02-14 18:15:00,2,134.0,1.9322499999999998,0.014419776119295341,0.9661249999999999,,0.0145,0.03571428571428581,0.03571428571428581,0.001,0.06896551724137931,41663.8,91886.73,133550.53,-7315.459999999992,-0.37605938366549346,7315.459999999992,0.37605938366549346,1308327_YES.csv,1308327_YES
1771092960,2026-02-14 18:16:00,1,666.666665,9.999999,0.0149999985374774,9.999999,,0.0145,0.0,0.0,0.001,0.06896551724137931,41663.8,91886.73,133550.53,0.0,-0.37605938366549346,-0.0,0.37605938366549346,1308327_YES.csv,1308327_YES
1771093140,2026-02-14 18:19:00,1,2000.0,25.46163,0.012730814999993635,25.46163,,0.0145,0.0,0.0,0.001,0.06896551724137931,41663.8,91886.73,133550.53,0.0,-0.37605938366549346,-0.0,0.37605938366549346,1308327_YES.csv,1308327_YES
1771093200,2026-02-14 18:20:00,3,1742.638571,24.390729999999998,0.013996436441774365,8.130243333333333,,0.0145,0.0,0.0,0.001,0.06896551724137931,41663.8,91886.73,133550.53,0.0,-0.37605938366549346,-0.0,0.37605938366549346,1308327_YES.csv,1308327_YES
1771093260,2026-02-14 18:21:00,1,59.34,0.77142,0.012999999999780923,0.77142,,0.0135,-0.06896551724137934,0.06896551724137934,0.001,0.07407407407407407,49715.93,53390.18,103106.11,-30444.42,-0.03563561849050459,30444.42,0.03563561849050459,1308327_YES.csv,1308327_YES
1771093380,2026-02-14 18:23:00,1,644.997332,9.17,0.014217113071695259,9.17,,0.0135,0.0,0.0,0.001,0.07407407407407407,49715.93,53390.18,103106.11,0.0,-0.03563561849050459,-0.0,0.03563561849050459,1308327_YES.csv,1308327_YES
1771093620,2026-02-14 18:27:00,2,80.846665,1.1843389999999998,0.014649200433751328,0.5921694999999999,,0.014,0.03703703703703698,0.03703703703703698,0.002,0.14285714285714285,50497.25,89836.45,140333.7,37227.59000000001,-0.28032610841159317,0.0,0.28032610841159317,1308327_YES.csv,1308327_YES
1771093800,2026-02-14 18:30:00,1,133.333332,2.0,0.015000000149887501,2.0,,0.014,0.0,0.0,0.002,0.14285714285714285,50463.87,89596.41,140060.28,-273.4200000000128,-0.27939784212911756,273.4200000000128,0.27939784212911756,1308327_YES.csv,1308327_YES
1771093860,2026-02-14 18:31:00,2,11.64,0.1513199999999999,0.012999999998883162,0.07565999999999995,,0.014,0.0,0.0,0.002,0.14285714285714285,50463.87,89596.41,140060.28,0.0,-0.27939784212911756,-0.0,0.27939784212911756,1308327_YES.csv,1308327_YES
1771093920,2026-02-14 18:32:00,1,714.285713,10.0,0.0140000000251804,10.0,,0.014,0.0,0.0,0.002,0.14285714285714285,50463.87,89596.41,140060.28,0.0,-0.27939784212911756,-0.0,0.27939784212911756,1308327_YES.csv,1308327_YES
1771093980,2026-02-14 18:33:00,1,25.36,0.32968,0.012999999999487382,0.32968,,0.0125,-0.1071428571428571,0.1071428571428571,0.001,0.08,58574.22,45011.93,103586.15,-36474.130000000005,0.13092763849221156,36474.130000000005,0.13092763849221156,1308327_YES.csv,1308327_YES
1771094040,2026-02-14 18:34:00,1,934.740713,13.0,0.013907600064046921,13.0,,0.0125,0.0,0.0,0.001,0.08,58574.22,45011.93,103586.15,0.0,0.13092763849221156,-0.0,0.13092763849221156,1308327_YES.csv,1308327_YES
1771094100,2026-02-14 18:35:00,1,2828.97,33.94764,0.011999999999995759,33.94764,,0.0125,0.0,0.0,0.001,0.08,58574.22,45011.93,103586.15,0.0,0.13092763849221156,-0.0,0.13092763849221156,1308327_YES.csv,1308327_YES
1771094400,2026-02-14 18:40:00,1,800.0,10.4,0.01299999999998375,10.4,,0.0125,0.0,0.0,0.001,0.08,58574.22,45011.93,103586.15,0.0,0.13092763849221156,-0.0,0.13092763849221156,1308327_YES.csv,1308327_YES
1771094460,2026-02-14 18:41:00,1,350.49,4.2058800000000005,0.011999999999965764,4.2058800000000005,,0.0125,0.0,0.0,0.001,0.08,58574.22,45011.93,103586.15,0.0,0.13092763849221156,-0.0,0.13092763849221156,1308327_YES.csv,1308327_YES
1771094520,2026-02-14 18:42:00,1,16.1,0.1932,0.011999999999254657,0.1932,,0.0125,0.0,0.0,0.001,0.08,54893.02,60269.13,115162.15,11576.0,-0.04668295963560945,0.0,0.04668295963560945,1308327_YES.csv,1308327_YES
1771094580,2026-02-14 18:43:00,1,7230.38,100.0,0.013830531728620886,100.0,,0.0125,0.0,0.0,0.001,0.08,54893.02,60269.13,115162.15,0.0,-0.04668295963560945,-0.0,0.04668295963560945,1308327_YES.csv,1308327_YES
1771094820,2026-02-14 18:47:00,1,714.285713,10.0,0.0140000000251804,10.0,,0.0125,0.0,0.0,0.001,0.08,54893.02,60269.13,115162.15,0.0,-0.04668295963560945,-0.0,0.04668295963560945,1308327_YES.csv,1308327_YES
1771094940,2026-02-14 18:49:00,2,900.0,11.9,0.01322222222220753,5.95,,0.0125,0.0,0.0,0.001,0.08,54893.02,60269.13,115162.15,0.0,-0.04668295963560945,-0.0,0.04668295963560945,1308327_YES.csv,1308327_YES
1771095000,2026-02-14 18:50:00,2,419.642856,5.8125,0.013851063867476273,2.90625,,0.0125,0.0,0.0,0.001,0.08,54893.02,60269.13,115162.15,0.0,-0.04668295963560945,-0.0,0.04668295963560945,1308327_YES.csv,1308327_YES
1771095060,2026-02-14 18:51:00,1,335.99,4.36787,0.012999999999961308,4.36787,,0.0135,0.07999999999999985,0.07999999999999985,0.001,0.07407407407407407,47673.17,62337.95,110011.12,-5151.029999999999,-0.13330270612643522,5151.029999999999,0.13330270612643522,1308327_YES.csv,1308327_YES
1771095180,2026-02-14 18:53:00,1,76.923075,0.999999,0.0129999873248306,0.999999,,0.0135,0.0,0.0,0.001,0.07407407407407407,47673.17,62337.95,110011.12,0.0,-0.13330270612643522,-0.0,0.13330270612643522,1308327_YES.csv,1308327_YES
1771095240,2026-02-14 18:54:00,1,115.384615,1.4999999999999998,0.013000000043220631,1.4999999999999998,,0.0125,-0.07407407407407396,0.07407407407407396,0.001,0.08,55712.58,53370.43,109083.01000000001,-928.109999999986,0.021471263031704033,928.109999999986,0.021471263031704033,1308327_YES.csv,1308327_YES
1771095300,2026-02-14 18:55:00,1,45.67,0.5480400000000001,0.011999999999737247,0.5480400000000001,,0.0125,0.0,0.0,0.001,0.08,55712.58,53370.43,109083.01000000001,0.0,0.021471263031704033,-0.0,0.021471263031704033,1308327_YES.csv,1308327_YES
1771095420,2026-02-14 18:57:00,1,2000.0,24.0,0.011999999999994,24.0,,0.0125,0.0,0.0,0.001,0.08,55740.52,55314.18,111054.7,1971.6899999999878,0.0038390090649022194,0.0,0.0038390090649022194,1308327_YES.csv,1308327_YES
1771095600,2026-02-14 19:00:00,1,150.0,1.95,0.012999999999913334,1.95,,0.0125,0.0,0.0,0.001,0.08,53835.43,55984.18,109819.61,-1235.0899999999965,-0.019566177661712696,1235.0899999999965,0.019566177661712696,1308327_YES.csv,1308327_YES
1771095720,2026-02-14 19:02:00,1,780.0,10.14,0.012999999999983332,10.14,,0.0125,0.0,0.0,0.001,0.08,53835.43,55984.18,109819.61,0.0,-0.019566177661712696,-0.0,0.019566177661712696,1308327_YES.csv,1308327_YES
1771095780,2026-02-14 19:03:00,1,5.0,0.06,0.0119999999976,0.06,,0.0125,0.0,0.0,0.001,0.08,53847.13,56342.5,110189.63,370.0200000000041,-0.022646141928237735,0.0,0.022646141928237735,1308327_YES.csv,1308327_YES
1771096080,2026-02-14 19:08:00,1,71.8,0.8616,0.01199999999983287,0.8616,,0.0125,0.0,0.0,0.001,0.08,53847.13,56342.5,110189.63,0.0,-0.022646141928237735,-0.0,0.022646141928237735,1308327_YES.csv,1308327_YES
1771096140,2026-02-14 19:09:00,2,181.53846099999998,2.36,0.013000000038487686,1.18,,0.0125,0.0,0.0,0.001,0.08,54769.12,55842.13,110611.25,421.61999999999534,-0.009700731164325462,0.0,0.009700731164325462,1308327_YES.csv,1308327_YES
1771096320,2026-02-14 19:12:00,1,2733.97,32.80764,0.011999999999995611,32.80764,,0.0125,0.0,0.0,0.001,0.08,51680.62,55238.56,106919.18,-3692.070000000007,-0.03327691065344866,3692.070000000007,0.03327691065344866,1308327_YES.csv,1308327_YES
1771096440,2026-02-14 19:14:00,1,76.923075,0.999999,0.0129999873248306,0.999999,,0.0125,0.0,0.0,0.001,0.08,51680.62,55238.56,106919.18,0.0,-0.03327691065344866,-0.0,0.03327691065344866,1308327_YES.csv,1308327_YES
1771096500,2026-02-14 19:15:00,1,263.15,3.1578,0.0119999999999544,3.1578,,0.0125,0.0,0.0,0.001,0.08,51422.54,56261.98,107684.52,765.3400000000111,-0.04494090701244712,0.0,0.04494090701244712,1308327_YES.csv,1308327_YES
1771096680,2026-02-14 19:18:00,1,300.0,3.9,0.012999999999956666,3.9,,0.0125,0.0,0.0,0.001,0.08,51307.16,61253.97,112561.13,4876.610000000001,-0.08836807164249326,0.0,0.08836807164249326,1308327_YES.csv,1308327_YES
1771096740,2026-02-14 19:19:00,1,2065.104284,27.999999,0.013558636828621434,27.999999,,0.0125,0.0,0.0,0.001,0.08,51307.16,61253.97,112561.13,0.0,-0.08836807164249326,-0.0,0.08836807164249326,1308327_YES.csv,1308327_YES
1771096860,2026-02-14 19:21:00,2,230.769227,2.999998,0.01299999154561015,1.499999,,0.0125,0.0,0.0,0.001,0.08,52800.13,54414.18,107214.31,-5346.820000000007,-0.01505442696968346,5346.820000000007,0.01505442696968346,1308327_YES.csv,1308327_YES
1771096920,2026-02-14 19:22:00,1,240.0,3.12,0.012999999999945833,3.12,,0.0125,0.0,0.0,0.001,0.08,52800.13,54414.18,107214.31,0.0,-0.01505442696968346,-0.0,0.01505442696968346,1308327_YES.csv,1308327_YES
1771097040,2026-02-14 19:24:00,2,21230.772407,309.919999,0.014597678928431276,154.9599995,,0.0125,0.0,0.0,0.001,0.08,52747.810000000005,54443.4,107191.21,-23.09999999999127,-0.015818367942669893,23.09999999999127,0.015818367942669893,1308327_YES.csv,1308327_YES
1771097160,2026-02-14 19:26:00,1,21.58,0.2589599999999999,0.01199999999944393,0.2589599999999999,,0.0125,0.0,0.0,0.001,0.08,52747.810000000005,54443.4,107191.21,0.0,-0.015818367942669893,-0.0,0.015818367942669893,1308327_YES.csv,1308327_YES
1771097220,2026-02-14 19:27:00,1,76.92,0.92304,0.011999999999843995,0.92304,,0.013,0.039999999999999813,0.039999999999999813,0.002,0.15384615384615385,54101.93,43129.15,97231.08,-9960.130000000005,0.11285259816099953,9960.130000000005,0.11285259816099953,1308327_YES.csv,1308327_YES
1771097280,2026-02-14 19:28:00,1,1348.356665,19.999999,0.014832869906854399,19.999999,,0.013,0.0,0.0,0.002,0.15384615384615385,54101.93,43129.15,97231.08,0.0,0.11285259816099953,-0.0,0.11285259816099953,1308327_YES.csv,1308327_YES
1771097340,2026-02-14 19:29:00,1,1483.333332,22.25,0.015000000013472986,22.25,,0.013,0.0,0.0,0.002,0.15384615384615385,54101.93,43129.15,97231.08,0.0,0.11285259816099953,-0.0,0.11285259816099953,1308327_YES.csv,1308327_YES
1771097400,2026-02-14 19:30:00,1,266.666665,3.9999990000000007,0.014999996343693651,3.9999990000000007,,0.0135,0.03846153846153855,0.03846153846153855,0.003,0.22222222222222224,54138.23,78501.27,132639.5,35408.42,-0.18367861760636914,0.0,0.18367861760636914,1308327_YES.csv,1308327_YES
1771097460,2026-02-14 19:31:00,1,7.09,0.08508,0.011999999998307476,0.08508,,0.0135,0.0,0.0,0.003,0.22222222222222224,54138.23,78501.27,132639.5,0.0,-0.18367861760636914,-0.0,0.18367861760636914,1308327_YES.csv,1308327_YES
1771097520,2026-02-14 19:32:00,2,736.537141,10.124158999999999,0.0137456191092286,5.062079499999999,,0.0135,0.0,0.0,0.003,0.22222222222222224,54138.23,78501.27,132639.5,0.0,-0.18367861760636914,-0.0,0.18367861760636914,1308327_YES.csv,1308327_YES
1771097640,2026-02-14 19:34:00,1,700.0,9.8,0.01399999999998,9.8,,0.0135,0.0,0.0,0.003,0.22222222222222224,54138.23,78501.27,132639.5,0.0,-0.18367861760636914,-0.0,0.18367861760636914,1308327_YES.csv,1308327_YES
1771097880,2026-02-14 19:38:00,1,216.46,2.5975200000000003,0.011999999999944564,2.5975200000000003,,0.0135,0.0,0.0,0.003,0.22222222222222224,54138.23,78501.27,132639.5,0.0,-0.18367861760636914,-0.0,0.18367861760636914,1308327_YES.csv,1308327_YES
1771098000,2026-02-14 19:40:00,1,288.0,3.744,0.01299999999995486,3.744,,0.0135,0.0,0.0,0.003,0.22222222222222224,54138.23,78501.27,132639.5,0.0,-0.18367861760636914,-0.0,0.18367861760636914,1308327_YES.csv,1308327_YES
1771098120,2026-02-14 19:42:00,1,7400.0,86.97112,0.011752854054052412,86.97112,,0.0135,0.0,0.0,0.001,0.07407407407407407,45403.12,59403.3,104806.42000000001,-27833.079999999987,-0.13358132068627093,27833.079999999987,0.13358132068627093,1308327_YES.csv,1308327_YES
1771098180,2026-02-14 19:43:00,1,2820.51,31.02561,0.0109999999999961,31.02561,,0.0135,0.0,0.0,0.001,0.07407407407407407,45403.12,59403.3,104806.42000000001,0.0,-0.13358132068627093,-0.0,0.13358132068627093,1308327_YES.csv,1308327_YES
1771098240,2026-02-14 19:44:00,1,1500.0,16.5,0.010999999999992667,16.5,,0.0135,0.0,0.0,0.001,0.07407407407407407,45403.12,59403.3,104806.42000000001,0.0,-0.13358132068627093,-0.0,0.13358132068627093,1308327_YES.csv,1308327_YES
1771098300,2026-02-14 19:45:00,1,71.73,0.8607600000000001,0.011999999999832705,0.8607600000000001,,0.0125,-0.07407407407407396,0.07407407407407396,0.001,0.08,47028.18,58819.4,105847.58,1041.159999999989,-0.11139810659818582,0.0,0.11139810659818582,1308327_YES.csv,1308327_YES
1771098360,2026-02-14 19:46:00,1,1538.461538,20.0,0.01300000000389155,20.0,,0.0125,0.0,0.0,0.001,0.08,47028.18,58819.4,105847.58,0.0,-0.11139810659818582,-0.0,0.11139810659818582,1308327_YES.csv,1308327_YES
1771098420,2026-02-14 19:47:00,1,3076.923075,39.999999,0.012999999683120775,39.999999,,0.0125,0.0,0.0,0.001,0.08,47028.18,58819.4,105847.58,0.0,-0.11139810659818582,-0.0,0.11139810659818582,1308327_YES.csv,1308327_YES
1771098480,2026-02-14 19:48:00,1,96.153845,1.25,0.013000000155864801,1.25,,0.0125,0.0,0.0,0.001,0.08,47336.16,55929.26,103265.42000000001,-2582.159999999989,-0.08321372246391869,2582.159999999989,0.08321372246391869,1308327_YES.csv,1308327_YES
1771098540,2026-02-14 19:49:00,1,2966.505713,40.0,0.013483877622313655,40.0,,0.0125,0.0,0.0,0.001,0.08,47336.16,55929.26,103265.42000000001,0.0,-0.08321372246391869,-0.0,0.08321372246391869,1308327_YES.csv,1308327_YES
1771098600,2026-02-14 19:50:00,1,71.42857,1.0,0.014000000279803998,1.0,,0.0125,0.0,0.0,0.001,0.08,47336.16,55929.26,103265.42000000001,0.0,-0.08321372246391869,-0.0,0.08321372246391869,1308327_YES.csv,1308327_YES
1771098660,2026-02-14 19:51:00,1,500.0,7.0,0.013999999999972,7.0,,0.0135,0.07999999999999985,0.07999999999999985,0.001,0.07407407407407407,40135.84,64441.69,104577.53,1312.109999999986,-0.23241943082801828,0.0,0.23241943082801828,1308327_YES.csv,1308327_YES
1771098720,2026-02-14 19:52:00,2,1787.142857,24.82,0.013888089529479664,12.41,,0.0135,0.0,0.0,0.001,0.07407407407407407,40135.84,64441.69,104577.53,0.0,-0.23241943082801828,-0.0,0.23241943082801828,1308327_YES.csv,1308327_YES
1771098840,2026-02-14 19:54:00,1,200.0,2.8000000000000003,0.013999999999930002,2.8000000000000003,,0.0135,0.0,0.0,0.001,0.07407407407407407,37313.47,61660.53,98974.0,-5603.529999999999,-0.24599450360700786,5603.529999999999,0.24599450360700786,1308327_YES.csv,1308327_YES
1771098900,2026-02-14 19:55:00,2,214.607141,2.9327490000000003,0.013665663622937564,1.4663745000000001,,0.0135,0.0,0.0,0.001,0.07407407407407407,37313.47,61660.53,98974.0,0.0,-0.24599450360700786,-0.0,0.24599450360700786,1308327_YES.csv,1308327_YES
1771099020,2026-02-14 19:57:00,1,2100.0,29.4,0.013999999999993334,29.4,,0.0135,0.0,0.0,0.001,0.07407407407407407,35024.77,62027.77,97052.54,-1921.4600000000064,-0.2782307397621948,1921.4600000000064,0.2782307397621948,1308327_YES.csv,1308327_YES
1771099080,2026-02-14 19:58:00,1,319.285713,4.47,0.014000000056331953,4.47,,0.0135,0.0,0.0,0.001,0.07407407407407407,35024.77,62027.77,97052.54,0.0,-0.2782307397621948,-0.0,0.2782307397621948,1308327_YES.csv,1308327_YES
1771099440,2026-02-14 20:04:00,2,30.14,0.36168,0.011999999999601857,0.18084,,0.0135,0.0,0.0,0.001,0.07407407407407407,35024.77,62027.77,97052.54,0.0,-0.2782307397621948,-0.0,0.2782307397621948,1308327_YES.csv,1308327_YES
1771099500,2026-02-14 20:05:00,1,2340.423333,34.99,0.014950286773604313,34.99,,0.0135,0.0,0.0,0.001,0.07407407407407407,35024.77,62027.77,97052.54,0.0,-0.2782307397621948,-0.0,0.2782307397621948,1308327_YES.csv,1308327_YES
1771099560,2026-02-14 20:06:00,1,80.0,0.96,0.011999999999849999,0.96,,0.013,-0.03703703703703709,0.03703703703703709,0.002,0.15384615384615385,45809.76,59622.93,105432.69,8380.150000000009,-0.13101410957076023,0.0,0.13101410957076023,1308327_YES.csv,1308327_YES
1771099680,2026-02-14 20:08:00,1,728.666665,10.929999,0.014999998661919017,10.929999,,0.013,0.0,0.0,0.002,0.15384615384615385,45809.76,59622.93,105432.69,0.0,-0.13101410957076023,-0.0,0.13101410957076023,1308327_YES.csv,1308327_YES
1771099860,2026-02-14 20:11:00,1,27.02,0.32424,0.011999999999555885,0.32424,,0.013,0.0,0.0,0.002,0.15384615384615385,45809.76,59622.93,105432.69,0.0,-0.13101410957076023,-0.0,0.13101410957076023,1308327_YES.csv,1308327_YES
1771099920,2026-02-14 20:12:00,1,418.99,5.027880000000001,0.011999999999971362,5.027880000000001,,0.0135,0.03846153846153855,0.03846153846153855,0.003,0.22222222222222224,47842.31,95729.33,143571.64,38138.95000000001,-0.3335409416511506,0.0,0.3335409416511506,1308327_YES.csv,1308327_YES
1771099980,2026-02-14 20:13:00,1,660.666665,9.909999,0.014999998524195196,9.909999,,0.0135,0.0,0.0,0.003,0.22222222222222224,47842.31,95729.33,143571.64,0.0,-0.3335409416511506,-0.0,0.3335409416511506,1308327_YES.csv,1308327_YES
1771100100,2026-02-14 20:15:00,1,666.666665,9.999999,0.0149999985374774,9.999999,,0.0135,0.0,0.0,0.003,0.22222222222222224,48489.58,98308.03,146797.61,3225.969999999972,-0.33936826355687943,0.0,0.33936826355687943,1308327_YES.csv,1308327_YES
1771100160,2026-02-14 20:16:00,1,69.37,0.8324400000000001,0.011999999999827014,0.8324400000000001,,0.0135,0.0,0.0,0.003,0.22222222222222224,48489.58,98308.03,146797.61,0.0,-0.33936826355687943,-0.0,0.33936826355687943,1308327_YES.csv,1308327_YES
1771100280,2026-02-14 20:18:00,1,3769.230768,48.99999999999999,0.013000000004241351,48.99999999999999,,0.0125,-0.07407407407407396,0.07407407407407396,0.001,0.08,48413.24,60956.41,109369.65,-37427.95999999999,-0.11468602121338055,37427.95999999999,0.11468602121338055,1308327_YES.csv,1308327_YES
1771100340,2026-02-14 20:19:00,1,2307.692306,30.0,0.013000000009527666,30.0,,0.0125,0.0,0.0,0.001,0.08,48413.24,60956.41,109369.65,0.0,-0.11468602121338055,-0.0,0.11468602121338055,1308327_YES.csv,1308327_YES
1771100700,2026-02-14 20:25:00,1,753.846152,9.799999,0.012999998705288856,9.799999,,0.0125,0.0,0.0,0.001,0.08,48413.24,60956.41,109369.65,0.0,-0.11468602121338055,-0.0,0.11468602121338055,1308327_YES.csv,1308327_YES
1771100760,2026-02-14 20:26:00,1,924.615383,12.02,0.01300000002269804,12.02,,0.0125,0.0,0.0,0.001,0.08,48413.24,60956.41,109369.65,0.0,-0.11468602121338055,-0.0,0.11468602121338055,1308327_YES.csv,1308327_YES
1771100880,2026-02-14 20:28:00,1,384.615383,5.0,0.0130000000545662,5.0,,0.0125,0.0,0.0,0.001,0.08,48413.24,60956.41,109369.65,0.0,-0.11468602121338055,-0.0,0.11468602121338055,1308327_YES.csv,1308327_YES
1771100940,2026-02-14 20:29:00,1,557.84,6.6940800000000005,0.01199999999997849,6.6940800000000005,,0.0125,0.0,0.0,0.001,0.08,48413.24,60956.41,109369.65,0.0,-0.11468602121338055,-0.0,0.11468602121338055,1308327_YES.csv,1308327_YES
1771101060,2026-02-14 20:31:00,2,77.923075,1.0119989999999999,0.012987154318371115,0.5059994999999999,,0.0125,0.0,0.0,0.001,0.08,48413.24,60956.41,109369.65,0.0,-0.11468602121338055,-0.0,0.11468602121338055,1308327_YES.csv,1308327_YES
1771101420,2026-02-14 20:37:00,1,1156.094614,15.000000000000002,0.012974716617775878,15.000000000000002,,0.0125,0.0,0.0,0.001,0.08,48413.24,60956.41,109369.65,0.0,-0.11468602121338055,-0.0,0.11468602121338055,1308327_YES.csv,1308327_YES
1771101840,2026-02-14 20:44:00,1,62.0,0.744,0.011999999999806452,0.744,,0.0125,0.0,0.0,0.001,0.08,48413.24,60956.41,109369.65,0.0,-0.11468602121338055,-0.0,0.11468602121338055,1308327_YES.csv,1308327_YES
1771101900,2026-02-14 20:45:00,1,27.0,0.324,0.011999999999555555,0.324,,0.013,0.039999999999999813,0.039999999999999813,0.002,0.15384615384615385,44894.51,69847.47,114741.98000000001,5372.330000000016,-0.2174701883303739,0.0,0.2174701883303739,1308327_YES.csv,1308327_YES
1771102080,2026-02-14 20:48:00,1,7.14,0.0856799999999999,0.011999999998319327,0.0856799999999999,,0.013,0.0,0.0,0.002,0.15384615384615385,45096.07,70037.31999999999,115133.38999999998,391.4099999999744,-0.21662916378993094,0.0,0.21662916378993094,1308327_YES.csv,1308327_YES
1771102260,2026-02-14 20:51:00,1,10.0,0.13,0.012999999998700001,0.13,,0.0125,-0.038461538461538325,0.038461538461538325,0.001,0.08,44906.87,63660.81,108567.68,-6565.709999999992,-0.17273962195747386,6565.709999999992,0.17273962195747386,1308327_YES.csv,1308327_YES
1771102320,2026-02-14 20:52:00,2,1267.712857,16.35028,0.012897463262050912,8.17514,,0.0125,0.0,0.0,0.001,0.08,44906.87,63660.81,108567.68,0.0,-0.17273962195747386,-0.0,0.17273962195747386,1308327_YES.csv,1308327_YES
1771102620,2026-02-14 20:57:00,1,416.666665,5.0,0.0120000000479712,5.0,,0.0115,-0.08000000000000007,0.08000000000000007,0.001,0.08695652173913043,62433.78,59924.11,122357.89,13790.210000000006,0.020510896354946937,0.0,0.020510896354946937,1308327_YES.csv,1308327_YES
1771102800,2026-02-14 21:00:00,1,1250.0,15.0,0.0119999999999904,15.0,,0.0115,0.0,0.0,0.001,0.08695652173913043,62433.78,59924.11,122357.89,0.0,0.020510896354946937,-0.0,0.020510896354946937,1308327_YES.csv,1308327_YES
1771102860,2026-02-14 21:01:00,1,83.333332,1.0,0.012000000191855998,1.0,,0.0115,0.0,0.0,0.001,0.08695652173913043,62433.78,59924.11,122357.89,0.0,0.020510896354946937,-0.0,0.020510896354946937,1308327_YES.csv,1308327_YES
1771103040,2026-02-14 21:04:00,1,100.0,1.1,0.010999999999889999,1.1,,0.0115,0.0,0.0,0.001,0.08695652173913043,62433.78,59924.11,122357.89,0.0,0.020510896354946937,-0.0,0.020510896354946937,1308327_YES.csv,1308327_YES
1771103160,2026-02-14 21:06:00,1,392.5,4.71,0.011999999999969427,4.71,,0.0115,0.0,0.0,0.001,0.08695652173913043,42766.49,64391.2,107157.69,-15200.199999999997,-0.20180268910238733,15200.199999999997,0.20180268910238733,1308327_YES.csv,1308327_YES
1771103580,2026-02-14 21:13:00,1,173.74,1.7374,0.009999999999942444,1.7374,,0.0115,0.0,0.0,0.001,0.08695652173913043,42766.49,64391.2,107157.69,0.0,-0.20180268910238733,-0.0,0.20180268910238733,1308327_YES.csv,1308327_YES
1771103700,2026-02-14 21:15:00,1,200.0,2.0,0.00999999999995,2.0,,0.0105,-0.08695652173913038,0.08695652173913038,0.001,0.09523809523809523,44398.35,86081.24,130479.59,23321.899999999994,-0.3194590816847295,0.0,0.3194590816847295,1308327_YES.csv,1308327_YES
1771103760,2026-02-14 21:16:00,1,99.090908,1.09,0.01100000012098989,1.09,,0.0105,0.0,0.0,0.001,0.09523809523809523,44398.35,86081.24,130479.59,0.0,-0.3194590816847295,-0.0,0.3194590816847295,1308327_YES.csv,1308327_YES
1771104000,2026-02-14 21:20:00,2,2156.09,19.41019,0.00900249525761494,9.705095,,0.0105,0.0,0.0,0.001,0.09523809523809523,44398.35,86081.24,130479.59,0.0,-0.3194590816847295,-0.0,0.3194590816847295,1308327_YES.csv,1308327_YES
1771104060,2026-02-14 21:21:00,1,2545.454544,28.000000000000004,0.01100000000628138,28.000000000000004,,0.0095,-0.09523809523809534,0.09523809523809534,0.001,0.10526315789473685,79351.19,57985.5,137336.69,6857.100000000006,0.15557161017933374,0.0,0.15557161017933374,1308327_YES.csv,1308327_YES
1771104120,2026-02-14 21:22:00,2,207.303633,2.269999,0.010950116826891482,1.1349995,,0.0095,0.0,0.0,0.001,0.10526315789473685,79351.19,57985.5,137336.69,0.0,0.15557161017933374,-0.0,0.15557161017933374,1308327_YES.csv,1308327_YES
1771104180,2026-02-14 21:23:00,1,154.64,1.23712,0.007999999999948269,1.23712,,0.0095,0.0,0.0,0.001,0.10526315789473685,79351.19,57985.5,137336.69,0.0,0.15557161017933374,-0.0,0.15557161017933374,1308327_YES.csv,1308327_YES
1771104300,2026-02-14 21:25:00,3,2922.222221,26.18499,0.008960642969524198,8.72833,,0.0095,0.0,0.0,0.001,0.10526315789473685,79351.19,57985.5,137336.69,0.0,0.15557161017933374,-0.0,0.15557161017933374,1308327_YES.csv,1308327_YES
1771104540,2026-02-14 21:29:00,3,4025.0,31.3,0.007776397515526019,10.433333333333334,,0.0095,0.0,0.0,0.001,0.10526315789473685,79351.19,57985.5,137336.69,0.0,0.15557161017933374,-0.0,0.15557161017933374,1308327_YES.csv,1308327_YES
1771104600,2026-02-14 21:30:00,1,0.28,0.00196,0.006999999975,0.00196,,0.0075,-0.21052631578947367,0.21052631578947367,0.001,0.13333333333333333,203477.83,98301.21,301779.04,164442.34999999998,0.34852195169021677,0.0,0.34852195169021677,1308327_YES.csv,1308327_YES
1771104660,2026-02-14 21:31:00,1,12994.0225,99.96,0.0076927679631147074,99.96,,0.0075,0.0,0.0,0.001,0.13333333333333333,203477.83,98301.21,301779.04,0.0,0.34852195169021677,-0.0,0.34852195169021677,1308327_YES.csv,1308327_YES
1771104840,2026-02-14 21:34:00,2,276.51,1.90906,0.006904126433015428,0.95453,,0.0075,0.0,0.0,0.001,0.13333333333333333,203477.83,98301.21,301779.04,0.0,0.34852195169021677,-0.0,0.34852195169021677,1308327_YES.csv,1308327_YES
1771104900,2026-02-14 21:35:00,4,11565.08,80.69048,0.006977079276580276,20.17262,,0.0075,0.0,0.0,0.001,0.13333333333333333,203477.83,98301.21,301779.04,0.0,0.34852195169021677,-0.0,0.34852195169021677,1308327_YES.csv,1308327_YES
1771104960,2026-02-14 21:36:00,1,2600.0,20.8,0.007999999999996923,20.8,,0.007,-0.06666666666666665,0.06666666666666665,0.002,0.2857142857142857,1235433.33,106808.56,1342241.8900000001,1040462.8500000001,0.8408505042261794,0.0,0.8408505042261794,1308327_YES.csv,1308327_YES
1771105140,2026-02-14 21:39:00,2,339.81,2.71848,0.007999999999976458,1.35924,,0.007,0.0,0.0,0.002,0.2857142857142857,164226.3,72917.28,237143.58,-1105098.31,0.3850368624779975,1105098.31,0.3850368624779975,1308327_YES.csv,1308327_YES
1771105320,2026-02-14 21:42:00,2,512.31,4.09848,0.007999999999984386,2.04924,,0.0075,0.0714285714285714,0.0714285714285714,0.001,0.13333333333333333,164799.79,72296.57,237096.36000000002,-47.21999999997206,0.39015031694286656,47.21999999997206,0.39015031694286656,1308327_YES.csv,1308327_YES
1771105380,2026-02-14 21:43:00,2,9250.0,73.36386,0.00793122810810725,36.68193,,0.0075,0.0,0.0,0.001,0.13333333333333333,164799.79,72296.57,237096.36000000002,0.0,0.39015031694286656,-0.0,0.39015031694286656,1308327_YES.csv,1308327_YES
1771105440,2026-02-14 21:44:00,8,2118.71,14.32676,0.00676202028592551,1.790845,,0.0075,0.0,0.0,0.001,0.13333333333333333,164799.79,72296.57,237096.36000000002,0.0,0.39015031694286656,-0.0,0.39015031694286656,1308327_YES.csv,1308327_YES
1771105500,2026-02-14 21:45:00,5,34.0,0.262,0.007705882352714534,0.0524,,0.007,-0.06666666666666665,0.06666666666666665,0.002,0.2857142857142857,1243115.61,63236.59,1306352.2000000002,1069255.84,0.903186001447389,0.0,0.903186001447389,1308327_YES.csv,1308327_YES
1771105560,2026-02-14 21:46:00,3,305.714285,2.14,0.007000000016332243,0.7133333333333334,,0.007,0.0,0.0,0.002,0.2857142857142857,1243115.61,63236.59,1306352.2000000002,0.0,0.903186001447389,-0.0,0.903186001447389,1308327_YES.csv,1308327_YES
1771105620,2026-02-14 21:47:00,2,585.714285,4.1,0.007000000008524633,2.05,,0.007,0.0,0.0,0.002,0.2857142857142857,1243115.61,63236.59,1306352.2000000002,0.0,0.903186001447389,-0.0,0.903186001447389,1308327_YES.csv,1308327_YES
1771105680,2026-02-14 21:48:00,2,265.05,2.0,0.007545746085615735,1.0,,0.007,0.0,0.0,0.002,0.2857142857142857,1241481.52,73196.94,1314678.46,8326.259999999776,0.888646627708497,0.0,0.888646627708497,1308327_YES.csv,1308327_YES
1771105800,2026-02-14 21:50:00,1,142.857142,1.0,0.007000000041951,1.0,,0.007,0.0,0.0,0.002,0.2857142857142857,1241481.52,73196.94,1314678.46,0.0,0.888646627708497,-0.0,0.888646627708497,1308327_YES.csv,1308327_YES
1771105860,2026-02-14 21:51:00,1,60.0,0.36,0.0059999999999,0.36,,0.0065,-0.07142857142857151,0.07142857142857151,0.001,0.15384615384615385,1242492.6900000002,63162.85,1305655.5400000003,-9022.919999999693,0.9032472990540827,9022.919999999693,0.9032472990540827,1308327_YES.csv,1308327_YES
1771105920,2026-02-14 21:52:00,1,122.5,0.735,0.00599999999995102,0.735,,0.0065,0.0,0.0,0.001,0.15384615384615385,1242492.6900000002,63162.85,1305655.5400000003,0.0,0.9032472990540827,-0.0,0.9032472990540827,1308327_YES.csv,1308327_YES
1771105980,2026-02-14 21:53:00,1,2.45,0.0147,0.00599999999755102,0.0147,,0.0065,0.0,0.0,0.001,0.15384615384615385,1242492.6900000002,63162.85,1305655.5400000003,0.0,0.9032472990540827,-0.0,0.9032472990540827,1308327_YES.csv,1308327_YES
1771106160,2026-02-14 21:56:00,1,416.66,2.49996,0.0059999999999856,2.49996,,0.0065,0.0,0.0,0.001,0.15384615384615385,1242492.6900000002,63162.85,1305655.5400000003,0.0,0.9032472990540827,-0.0,0.9032472990540827,1308327_YES.csv,1308327_YES
1771106280,2026-02-14 21:58:00,2,596.4833329999999,3.31575,0.005558830928800556,1.657875,,0.0065,0.0,0.0,0.001,0.15384615384615385,1242492.6900000002,63162.85,1305655.5400000003,0.0,0.9032472990540827,-0.0,0.9032472990540827,1308327_YES.csv,1308327_YES
1771106340,2026-02-14 21:59:00,2,3809.7517850000004,25.0,0.006562107300119901,12.5,,0.0065,0.0,0.0,0.001,0.15384615384615385,1242492.6900000002,63162.85,1305655.5400000003,0.0,0.9032472990540827,-0.0,0.9032472990540827,1308327_YES.csv,1308327_YES
1771106460,2026-02-14 22:01:00,1,50.0,0.3,0.00599999999988,0.3,,0.0065,0.0,0.0,0.001,0.15384615384615385,1242492.6900000002,63162.85,1305655.5400000003,0.0,0.9032472990540827,-0.0,0.9032472990540827,1308327_YES.csv,1308327_YES
1771106520,2026-02-14 22:02:00,2,5009.9,40.057399999999994,0.007995648615739237,20.028699999999997,,0.0065,0.0,0.0,0.001,0.15384615384615385,1242492.6900000002,63162.85,1305655.5400000003,0.0,0.9032472990540827,-0.0,0.9032472990540827,1308327_YES.csv,1308327_YES
1771106580,2026-02-14 22:03:00,1,416.66,2.49996,0.0059999999999856,2.49996,,0.0065,0.0,0.0,0.001,0.15384615384615385,1314037.6700000002,65278.09,1379315.7600000002,73660.21999999997,0.9053471411071239,0.0,0.9053471411071239,1308327_YES.csv,1308327_YES
1771106640,2026-02-14 22:04:00,1,1789.0,12.523,0.0069999999999960875,12.523,,0.0065,0.0,0.0,0.001,0.15384615384615385,1314037.6700000002,65278.09,1379315.7600000002,0.0,0.9053471411071239,-0.0,0.9053471411071239,1308327_YES.csv,1308327_YES
1771106700,2026-02-14 22:05:00,1,43.47,0.26082,0.005999999999861974,0.26082,,0.0065,0.0,0.0,0.001,0.15384615384615385,1314037.6700000002,65278.09,1379315.7600000002,0.0,0.9053471411071239,-0.0,0.9053471411071239,1308327_YES.csv,1308327_YES
1771106760,2026-02-14 22:06:00,3,7138.8,49.85679,0.006983917465119209,16.61893,,0.007,0.0769230769230771,0.0769230769230771,0.002,0.2857142857142857,1315999.21,63482.67,1379481.88,166.1199999996461,0.9079615746746889,0.0,0.9079615746746889,1308327_YES.csv,1308327_YES
1771106820,2026-02-14 22:07:00,2,4922.75,39.382,0.007999999999998373,19.691,,0.007,0.0,0.0,0.002,0.2857142857142857,1315999.21,63482.67,1379481.88,0.0,0.9079615746746889,-0.0,0.9079615746746889,1308327_YES.csv,1308327_YES
1771107060,2026-02-14 22:11:00,1,6000.0,53.80221,0.008967034999998505,53.80221,,0.007,0.0,0.0,0.002,0.2857142857142857,1315999.21,63482.67,1379481.88,0.0,0.9079615746746889,-0.0,0.9079615746746889,1308327_YES.csv,1308327_YES
1771107120,2026-02-14 22:12:00,1,100.19,0.70133,0.006999999999930132,0.70133,,0.0065,-0.07142857142857151,0.07142857142857151,0.001,0.15384615384615385,253073.24,66188.3,319261.54,-1060220.3399999999,0.5853662799471556,1060220.3399999999,0.5853662799471556,1308327_YES.csv,1308327_YES
1771107180,2026-02-14 22:13:00,2,1111.11111,10.0,0.0090000000089919,5.0,,0.0065,0.0,0.0,0.001,0.15384615384615385,253073.24,66188.3,319261.54,0.0,0.5853662799471556,-0.0,0.5853662799471556,1308327_YES.csv,1308327_YES
1771107300,2026-02-14 22:15:00,1,7.82,0.07038,0.008999999998849104,0.07038,,0.008,0.23076923076923084,0.23076923076923084,0.002,0.25,254447.62,65047.31,319494.93,233.39000000001397,0.5928116292800014,0.0,0.5928116292800014,1308327_YES.csv,1308327_YES
1771107360,2026-02-14 22:16:00,1,1111.11111,10.0,0.0090000000089919,10.0,,0.008,0.0,0.0,0.002,0.25,254447.62,65047.31,319494.93,0.0,0.5928116292800014,-0.0,0.5928116292800014,1308327_YES.csv,1308327_YES
1771107600,2026-02-14 22:20:00,2,1199.0,9.392,0.00783319432860064,4.696,,0.008,0.0,0.0,0.002,0.25,254447.62,65047.31,319494.93,0.0,0.5928116292800014,-0.0,0.5928116292800014,1308327_YES.csv,1308327_YES
1771107660,2026-02-14 22:21:00,2,1152.98,9.22086,0.007997415393148194,4.61043,,0.0075,-0.0625,0.0625,0.001,0.13333333333333333,251064.96,80868.04,331933.0,12438.070000000007,0.5127448009086171,0.0,0.5127448009086171,1308327_YES.csv,1308327_YES
1771107780,2026-02-14 22:23:00,3,2912.0,23.296,0.007999999999997252,7.765333333333333,,0.0075,0.0,0.0,0.001,0.13333333333333333,251064.96,80868.04,331933.0,0.0,0.5127448009086171,-0.0,0.5127448009086171,1308327_YES.csv,1308327_YES
1771107840,2026-02-14 22:24:00,1,1863.0,14.904,0.007999999999995705,14.904,,0.0075,0.0,0.0,0.001,0.13333333333333333,253592.11,59472.35,313064.45999999996,-18868.540000000037,0.620063229150955,18868.540000000037,0.620063229150955,1308327_YES.csv,1308327_YES
1771107900,2026-02-14 22:25:00,1,125.0,1.0,0.007999999999936,1.0,,0.0075,0.0,0.0,0.001,0.13333333333333333,253592.11,59472.35,313064.45999999996,0.0,0.620063229150955,-0.0,0.620063229150955,1308327_YES.csv,1308327_YES
1771107960,2026-02-14 22:26:00,2,1359.2,9.11122,0.006703369629188656,4.55561,,0.0075,0.0,0.0,0.001,0.13333333333333333,253592.11,59472.35,313064.45999999996,0.0,0.620063229150955,-0.0,0.620063229150955,1308327_YES.csv,1308327_YES
1771108080,2026-02-14 22:28:00,1,285.714285,2.0,0.0070000000174754995,2.0,,0.0075,0.0,0.0,0.001,0.13333333333333333,253592.11,59472.35,313064.45999999996,0.0,0.620063229150955,-0.0,0.620063229150955,1308327_YES.csv,1308327_YES
1771108140,2026-02-14 22:29:00,2,1836.0,12.852,0.006999999999996187,6.426,,0.0075,0.0,0.0,0.001,0.13333333333333333,253592.11,59472.35,313064.45999999996,0.0,0.620063229150955,-0.0,0.620063229150955,1308327_YES.csv,1308327_YES
1771108320,2026-02-14 22:32:00,1,300.0,2.1,0.006999999999976667,2.1,,0.0075,0.0,0.0,0.001,0.13333333333333333,253592.11,59472.35,313064.45999999996,0.0,0.620063229150955,-0.0,0.620063229150955,1308327_YES.csv,1308327_YES
1771108500,2026-02-14 22:35:00,1,250.0,2.0,0.007999999999968,2.0,,0.0075,0.0,0.0,0.001,0.13333333333333333,253592.11,59472.35,313064.45999999996,0.0,0.620063229150955,-0.0,0.620063229150955,1308327_YES.csv,1308327_YES
1771108620,2026-02-14 22:37:00,1,532.5,4.26,0.007999999999984976,4.26,,0.0075,0.0,0.0,0.001,0.13333333333333333,253592.11,59472.35,313064.45999999996,0.0,0.620063229150955,-0.0,0.620063229150955,1308327_YES.csv,1308327_YES
1771108680,2026-02-14 22:38:00,2,1125.0,9.0,0.00799999999999289,4.5,,0.0075,0.0,0.0,0.001,0.13333333333333333,253592.11,59472.35,313064.45999999996,0.0,0.620063229150955,-0.0,0.620063229150955,1308327_YES.csv,1308327_YES
1771108860,2026-02-14 22:41:00,1,406.25,3.25,0.007999999999980308,3.25,,0.0075,0.0,0.0,0.001,0.13333333333333333,253592.11,59472.35,313064.45999999996,0.0,0.620063229150955,-0.0,0.620063229150955,1308327_YES.csv,1308327_YES
1771108920,2026-02-14 22:42:00,1,125.0,1.0,0.007999999999936,1.0,,0.007,-0.06666666666666665,0.06666666666666665,0.002,0.2857142857142857,1323542.27,56858.12,1380400.3900000001,1067335.9300000002,0.9176208288379285,0.0,0.9176208288379285,1308327_YES.csv,1308327_YES
1771109100,2026-02-14 22:45:00,1,2100.00125,15.999999999999998,0.007619043083899272,15.999999999999998,,0.0065,-0.07142857142857151,0.07142857142857151,0.001,0.15384615384615385,1322742.27,49318.13,1372060.4,-8339.990000000224,0.9281108470151899,8339.990000000224,0.9281108470151899,1308327_YES.csv,1308327_YES
1771109220,2026-02-14 22:47:00,1,7.04,0.04224,0.005999999999147727,0.04224,,0.0065,0.0,0.0,0.001,0.15384615384615385,1322742.27,49318.13,1372060.4,0.0,0.9281108470151899,-0.0,0.9281108470151899,1308327_YES.csv,1308327_YES
1771109280,2026-02-14 22:48:00,1,401.25,3.21,0.007999999999980063,3.21,,0.007,0.0769230769230771,0.0769230769230771,0.002,0.2857142857142857,1322735.23,54093.35,1376828.58,4768.180000000168,0.921423260984312,0.0,0.921423260984312,1308327_YES.csv,1308327_YES
1771109520,2026-02-14 22:52:00,3,446.73,3.39934,0.007609383744078953,1.1331133333333334,,0.007,0.0,0.0,0.002,0.2857142857142857,1322735.23,54093.35,1376828.58,0.0,0.921423260984312,-0.0,0.921423260984312,1308327_YES.csv,1308327_YES
1771109760,2026-02-14 22:56:00,3,717.98,5.517110000000001,0.007684211259355854,1.8390366666666669,,0.007,0.0,0.0,0.002,0.2857142857142857,1322735.23,54093.35,1376828.58,0.0,0.921423260984312,-0.0,0.921423260984312,1308327_YES.csv,1308327_YES
1771109820,2026-02-14 22:57:00,1,125.0,1.0,0.007999999999936,1.0,,0.0075,0.0714285714285714,0.0714285714285714,0.001,0.13333333333333333,254900.95,52485.98,307386.93,-1069441.6500000001,0.6585022011183104,1069441.6500000001,0.6585022011183104,1308327_YES.csv,1308327_YES
1771109940,2026-02-14 22:59:00,1,515.0,3.21361,0.006240019417463583,3.21361,,0.0075,0.0,0.0,0.001,0.13333333333333333,254900.95,52485.98,307386.93,0.0,0.6585022011183104,-0.0,0.6585022011183104,1308327_YES.csv,1308327_YES
1771110000,2026-02-14 23:00:00,1,1302.07,9.999999999999998,0.0076800786439994015,9.999999999999998,,0.0065,-0.1333333333333333,0.1333333333333333,0.001,0.15384615384615385,1322135.52,45437.38,1367572.9,1060185.97,0.9335503357810031,0.0,0.9335503357810031,1308327_YES.csv,1308327_YES
1771110120,2026-02-14 23:02:00,1,271.87,2.17496,0.007999999999970574,2.17496,,0.0065,0.0,0.0,0.001,0.15384615384615385,1322135.52,45437.38,1367572.9,0.0,0.9335503357810031,-0.0,0.9335503357810031,1308327_YES.csv,1308327_YES
1771110360,2026-02-14 23:06:00,2,325.0,2.2,0.006769230769209942,1.1,,0.007,0.0769230769230771,0.0769230769230771,0.002,0.2857142857142857,1322974.81,52119.65,1375094.46,7521.560000000056,0.924194807678885,0.0,0.924194807678885,1308327_YES.csv,1308327_YES
1771110720,2026-02-14 23:12:00,1,125.0,1.0,0.007999999999936,1.0,,0.007,0.0,0.0,0.002,0.2857142857142857,1322974.81,51415.73,1374390.54,-703.9199999999255,0.9251803202894572,703.9199999999255,0.9251803202894572,1308327_YES.csv,1308327_YES
1771110780,2026-02-14 23:13:00,1,625.0,5.0,0.0079999999999872,5.0,,0.007,0.0,0.0,0.002,0.2857142857142857,1322974.81,51415.73,1374390.54,0.0,0.9251803202894572,-0.0,0.9251803202894572,1308327_YES.csv,1308327_YES
1771111140,2026-02-14 23:19:00,1,125.0,1.0,0.007999999999936,1.0,,0.007,0.0,0.0,0.002,0.2857142857142857,1322974.81,51415.73,1374390.54,0.0,0.9251803202894572,-0.0,0.9251803202894572,1308327_YES.csv,1308327_YES
1771111260,2026-02-14 23:21:00,1,2.66,0.01596,0.005999999997744361,0.01596,,0.007,0.0,0.0,0.002,0.2857142857142857,1321203.8,51899.67,1373103.47,-1287.0700000000652,0.9244053035566214,1287.0700000000652,0.9244053035566214,1308327_YES.csv,1308327_YES
1771111860,2026-02-14 23:31:00,1,125.0,1.0,0.007999999999936,1.0,,0.007,0.0,0.0,0.002,0.2857142857142857,1321203.8,51899.67,1373103.47,0.0,0.9244053035566214,-0.0,0.9244053035566214,1308327_YES.csv,1308327_YES
1771112100,2026-02-14 23:35:00,1,5000.0,40.0,0.007999999999998399,40.0,,0.007,0.0,0.0,0.002,0.2857142857142857,1321203.8,51899.67,1373103.47,0.0,0.9244053035566214,-0.0,0.9244053035566214,1308327_YES.csv,1308327_YES
1771112280,2026-02-14 23:38:00,1,2244.15,17.953200000000002,0.007999999999996435,17.953200000000002,,0.007,0.0,0.0,0.002,0.2857142857142857,1321203.8,51899.67,1373103.47,0.0,0.9244053035566214,-0.0,0.9244053035566214,1308327_YES.csv,1308327_YES
1771112580,2026-02-14 23:43:00,1,410.71,2.87497,0.0069999999999829565,2.87497,,0.007,0.0,0.0,0.002,0.2857142857142857,1321203.8,51899.67,1373103.47,0.0,0.9244053035566214,-0.0,0.9244053035566214,1308327_YES.csv,1308327_YES
1771112640,2026-02-14 23:44:00,3,2115.9,16.9272,0.007999999999996218,5.642399999999999,,0.007,0.0,0.0,0.002,0.2857142857142857,1321203.8,51899.67,1373103.47,0.0,0.9244053035566214,-0.0,0.9244053035566214,1308327_YES.csv,1308327_YES
1771112820,2026-02-14 23:47:00,2,1984.121427,13.3333,0.006720002021324514,6.66665,,0.007,0.0,0.0,0.002,0.2857142857142857,1321203.8,51899.67,1373103.47,0.0,0.9244053035566214,-0.0,0.9244053035566214,1308327_YES.csv,1308327_YES
1771112880,2026-02-14 23:48:00,2,1484.821427,10.3375,0.006962116664008134,5.16875,,0.0065,-0.07142857142857151,0.07142857142857151,0.001,0.15384615384615385,1334179.4,56900.95,1391080.3499999999,17976.87999999989,0.9181917133686779,0.0,0.9181917133686779,1308327_YES.csv,1308327_YES
1771113000,2026-02-14 23:50:00,1,428.571427,3.0000000000000004,0.007000000025650267,3.0000000000000004,,0.0065,0.0,0.0,0.001,0.15384615384615385,1334179.4,56900.95,1391080.3499999999,0.0,0.9181917133686779,-0.0,0.9181917133686779,1308327_YES.csv,1308327_YES
1771113060,2026-02-14 23:51:00,1,5150.0,30.9,0.005999999999998835,30.9,,0.0065,0.0,0.0,0.001,0.15384615384615385,1329060.31,56066.62,1385126.9300000002,-5953.419999999693,0.9190447910791828,5953.419999999693,0.9190447910791828,1308327_YES.csv,1308327_YES
1771113180,2026-02-14 23:53:00,2,2325.2200000000003,13.951319999999999,0.00599999999999742,6.9756599999999995,,0.0065,0.0,0.0,0.001,0.15384615384615385,1329060.31,56066.62,1385126.9300000002,0.0,0.9190447910791828,-0.0,0.9190447910791828,1308327_YES.csv,1308327_YES
1771113300,2026-02-14 23:55:00,2,251.34,1.50804,0.005999999999976129,0.75402,,0.0065,0.0,0.0,0.001,0.15384615384615385,1329060.31,56066.62,1385126.9300000002,0.0,0.9190447910791828,-0.0,0.9190447910791828,1308327_YES.csv,1308327_YES
1771113360,2026-02-14 23:56:00,3,584.673333,3.5080400000000003,0.006000000003410453,1.1693466666666668,,0.0065,0.0,0.0,0.001,0.15384615384615385,1329060.31,56066.62,1385126.9300000002,0.0,0.9190447910791828,-0.0,0.9190447910791828,1308327_YES.csv,1308327_YES
1771113540,2026-02-14 23:59:00,1,400.0,2.4,0.005999999999985,2.4,,0.0065,0.0,0.0,0.001,0.15384615384615385,1329060.31,56066.62,1385126.9300000002,0.0,0.9190447910791828,-0.0,0.9190447910791828,1308327_YES.csv,1308327_YES
1771113840,2026-02-15 00:04:00,3,1344.133333,7.554,0.005619978178157702,2.5180000000000002,,0.0065,0.0,0.0,0.001,0.15384615384615385,1329060.31,56066.62,1385126.9300000002,0.0,0.9190447910791828,-0.0,0.9190447910791828,1308327_YES.csv,1308327_YES
1771113960,2026-02-15 00:06:00,1,142.857141,1.0,0.007000000090951001,1.0,,0.006,-0.07692307692307687,0.07692307692307687,0.002,0.3333333333333333,1818257.45,70740.69,1888998.14,503871.20999999973,0.9251024249288039,0.0,0.9251024249288039,1308327_YES.csv,1308327_YES
1771114200,2026-02-15 00:10:00,2,2718.83714,19.0,0.0069882817622511,9.5,,0.006,0.0,0.0,0.002,0.3333333333333333,1818257.45,70740.69,1888998.14,0.0,0.9251024249288039,-0.0,0.9251024249288039,1308327_YES.csv,1308327_YES
1771114320,2026-02-15 00:12:00,1,16666.666666,100.0,0.006000000000239639,100.0,,0.005,-0.16666666666666663,0.16666666666666663,0.002,0.4,1794454.63,107481.42,1901936.0499999998,12937.909999999916,0.8869768307930228,0.0,0.8869768307930228,1308327_YES.csv,1308327_YES
1771114620,2026-02-15 00:17:00,1,500.0,3.0,0.005999999999988,3.0,,0.005,0.0,0.0,0.002,0.4,1794454.63,107481.42,1901936.0499999998,0.0,0.8869768307930228,-0.0,0.8869768307930228,1308327_YES.csv,1308327_YES
1771114740,2026-02-15 00:19:00,1,5.0,0.03,0.0059999999988,0.03,,0.005,0.0,0.0,0.002,0.4,1794454.63,107481.42,1901936.0499999998,0.0,0.8869768307930228,-0.0,0.8869768307930228,1308327_YES.csv,1308327_YES
1771114800,2026-02-15 00:20:00,1,16666.666665,100.0,0.00600000000059964,100.0,,0.005,0.0,0.0,0.002,0.4,1794454.63,107481.42,1901936.0499999998,0.0,0.8869768307930228,-0.0,0.8869768307930228,1308327_YES.csv,1308327_YES
1771114980,2026-02-15 00:23:00,1,707.83,3.53915,0.004999999999992936,3.53915,,0.005,0.0,0.0,0.002,0.4,1794454.63,107481.42,1901936.0499999998,0.0,0.8869768307930228,-0.0,0.8869768307930228,1308327_YES.csv,1308327_YES
1771115040,2026-02-15 00:24:00,2,521.966665,2.7765000000000004,0.005319305208877047,1.3882500000000002,,0.0055,0.09999999999999987,0.09999999999999987,0.001,0.18181818181818182,1793359.62,77570.4,1870930.02,-31006.029999999795,0.917078245395838,31006.029999999795,0.917078245395838,1308327_YES.csv,1308327_YES
1771115100,2026-02-15 00:25:00,2,1080.0,6.32,0.005851851851846434,3.16,,0.0055,0.0,0.0,0.001,0.18181818181818182,1793359.62,77570.4,1870930.02,0.0,0.917078245395838,-0.0,0.917078245395838,1308327_YES.csv,1308327_YES
1771115280,2026-02-15 00:28:00,1,166.666665,1.0,0.006000000059964001,1.0,,0.0055,0.0,0.0,0.001,0.18181818181818182,1793359.62,77570.4,1870930.02,0.0,0.917078245395838,-0.0,0.917078245395838,1308327_YES.csv,1308327_YES
1771115400,2026-02-15 00:30:00,1,81.62,0.32648,0.003999999999950992,0.32648,,0.005,-0.09090909090909083,0.09090909090909083,0.002,0.4,1790289.17,75944.81,1866233.98,-4696.040000000037,0.9186116951959046,4696.040000000037,0.9186116951959046,1308327_YES.csv,1308327_YES
1771115880,2026-02-15 00:38:00,1,2570.1,10.2804,0.003999999999998444,10.2804,,0.005,0.0,0.0,0.002,0.4,1790289.17,75944.81,1866233.98,0.0,0.9186116951959046,-0.0,0.9186116951959046,1308327_YES.csv,1308327_YES
1771116240,2026-02-15 00:44:00,1,333.333332,2.0,0.006000000023982,2.0,,0.005,0.0,0.0,0.002,0.4,1790289.17,75944.81,1866233.98,0.0,0.9186116951959046,-0.0,0.9186116951959046,1308327_YES.csv,1308327_YES
1771116480,2026-02-15 00:48:00,1,2166.666665,13.000000000000002,0.00600000000461253,13.000000000000002,,0.0055,0.09999999999999987,0.09999999999999987,0.001,0.18181818181818182,1792010.67,78233.81999999999,1870244.49,4010.5100000000093,0.9163384034351573,0.0,0.9163384034351573,1308327_YES.csv,1308327_YES
1771116660,2026-02-15 00:51:00,1,166.666665,1.0,0.006000000059964001,1.0,,0.005,-0.09090909090909083,0.09090909090909083,0.002,0.4,1787010.67,78358.38,1865369.0499999998,-4875.440000000177,0.9159861905074496,4875.440000000177,0.9159861905074496,1308327_YES.csv,1308327_YES
1771116720,2026-02-15 00:52:00,2,999.999997,6.0,0.006000000017994,3.0,,0.005,0.0,0.0,0.002,0.4,1787010.67,78358.38,1865369.0499999998,0.0,0.9159861905074496,-0.0,0.9159861905074496,1308327_YES.csv,1308327_YES
1771117020,2026-02-15 00:57:00,1,7400.0,37.0,0.004999999999999324,37.0,,0.0045,-0.10000000000000009,0.10000000000000009,0.001,0.22222222222222224,1786840.57,69994.84,1856835.4100000001,-8533.639999999665,0.9246084605850983,8533.639999999665,0.9246084605850983,1308327_YES.csv,1308327_YES
1771117080,2026-02-15 00:58:00,1,200.0,1.0,0.004999999999975,1.0,,0.0045,0.0,0.0,0.001,0.22222222222222224,1786840.57,69994.84,1856835.4100000001,0.0,0.9246084605850983,-0.0,0.9246084605850983,1308327_YES.csv,1308327_YES
1771117140,2026-02-15 00:59:00,2,2502.23,12.49492,0.0049935137857011576,6.24746,,0.0045,0.0,0.0,0.001,0.22222222222222224,1786840.57,69994.84,1856835.4100000001,0.0,0.9246084605850983,-0.0,0.9246084605850983,1308327_YES.csv,1308327_YES
1771117200,2026-02-15 01:00:00,1,6.66,0.02664,0.003999999999399399,0.02664,,0.0045,0.0,0.0,0.001,0.22222222222222224,1786343.43,103446.42,1889789.8499999999,32954.43999999971,0.8905207158351497,0.0,0.8905207158351497,1308327_YES.csv,1308327_YES
1771117260,2026-02-15 01:01:00,1,200.0,1.0,0.004999999999975,1.0,,0.0045,0.0,0.0,0.001,0.22222222222222224,1786343.43,103446.42,1889789.8499999999,0.0,0.8905207158351497,-0.0,0.8905207158351497,1308327_YES.csv,1308327_YES
1771117320,2026-02-15 01:02:00,1,400.0,2.0,0.0049999999999875006,2.0,,0.0045,0.0,0.0,0.001,0.22222222222222224,1786343.43,103446.42,1889789.8499999999,0.0,0.8905207158351497,-0.0,0.8905207158351497,1308327_YES.csv,1308327_YES
1771117380,2026-02-15 01:03:00,2,469.65999999999997,2.18164,0.0046451475535394865,1.09082,,0.0045,0.0,0.0,0.001,0.22222222222222224,1786330.71,96475.41,1882806.1199999999,-6983.729999999981,0.8975195491716376,6983.729999999981,0.8975195491716376,1308327_YES.csv,1308327_YES
1771117440,2026-02-15 01:04:00,1,400.0,2.0,0.0049999999999875006,2.0,,0.0045,0.0,0.0,0.001,0.22222222222222224,1786330.71,96475.41,1882806.1199999999,0.0,0.8975195491716376,-0.0,0.8975195491716376,1308327_YES.csv,1308327_YES
1771117500,2026-02-15 01:05:00,1,400.0,2.0,0.0049999999999875006,2.0,,0.0045,0.0,0.0,0.001,0.22222222222222224,1786330.71,96475.41,1882806.1199999999,0.0,0.8975195491716376,-0.0,0.8975195491716376,1308327_YES.csv,1308327_YES
1771117740,2026-02-15 01:09:00,1,5000.0,25.0,0.004999999999998999,25.0,,0.0045,0.0,0.0,0.001,0.22222222222222224,1816158.78,95670.83,1911829.61,29023.490000000224,0.8999169910335262,0.0,0.8999169910335262,1308327_YES.csv,1308327_YES
1771117920,2026-02-15 01:12:00,1,200.0,1.0,0.004999999999975,1.0,,0.0045,0.0,0.0,0.001,0.22222222222222224,1816153.76,90637.07,1906790.83,-5038.780000000028,0.9049323412154231,5038.780000000028,0.9049323412154231,1308327_YES.csv,1308327_YES
1771117980,2026-02-15 01:13:00,1,1000.0,5.0,0.004999999999995,5.0,,0.0045,0.0,0.0,0.001,0.22222222222222224,1816153.76,90637.07,1906790.83,0.0,0.9049323412154231,-0.0,0.9049323412154231,1308327_YES.csv,1308327_YES
1771118100,2026-02-15 01:15:00,1,200.0,1.0,0.004999999999975,1.0,,0.0045,0.0,0.0,0.001,0.22222222222222224,1816403.76,89437.06999999999,1905840.83,-950.0,0.9061442397579444,950.0,0.9061442397579444,1308327_YES.csv,1308327_YES
1771118280,2026-02-15 01:18:00,1,2926.0,14.63,0.004999999999998291,14.63,,0.0045,0.0,0.0,0.001,0.22222222222222224,1816173.76,86306.06999999999,1902479.83,-3361.0,0.9092699237710183,3361.0,0.9092699237710183,1308327_YES.csv,1308327_YES
1771118580,2026-02-15 01:23:00,1,406.09,1.62436,0.00399999999999015,1.62436,,0.0045,0.0,0.0,0.001,0.22222222222222224,1816173.76,86306.06999999999,1902479.83,0.0,0.9092699237710183,-0.0,0.9092699237710183,1308327_YES.csv,1308327_YES
1771118640,2026-02-15 01:24:00,2,400.0,2.0,0.0049999999999875006,1.0,,0.0045,0.0,0.0,0.001,0.22222222222222224,1814283.29,89452.59,1903735.8800000001,1256.0500000000466,0.9060241591916626,0.0,0.9060241591916626,1308327_YES.csv,1308327_YES
1771118760,2026-02-15 01:26:00,2,2926.0,14.63,0.004999999999998291,7.315,,0.0045,0.0,0.0,0.001,0.22222222222222224,1814283.29,89452.59,1903735.8800000001,0.0,0.9060241591916626,-0.0,0.9060241591916626,1308327_YES.csv,1308327_YES
1771118820,2026-02-15 01:27:00,2,5099.96,20.399839999999998,0.003999999999999215,10.199919999999999,,0.0045,0.0,0.0,0.001,0.22222222222222224,1814713.18,86044.95999999999,1900758.14,-2977.7400000002235,0.9094624842695663,2977.7400000002235,0.9094624842695663,1308327_YES.csv,1308327_YES
1771118880,2026-02-15 01:28:00,1,480.0,2.4,0.004999999999989583,2.4,,0.0045,0.0,0.0,0.001,0.22222222222222224,1814713.18,86044.95999999999,1900758.14,0.0,0.9094624842695663,-0.0,0.9094624842695663,1308327_YES.csv,1308327_YES
1771118940,2026-02-15 01:29:00,1,1400.0,7.0,0.004999999999996428,7.0,,0.0045,0.0,0.0,0.001,0.22222222222222224,1814713.18,86044.95999999999,1900758.14,0.0,0.9094624842695663,-0.0,0.9094624842695663,1308327_YES.csv,1308327_YES
1771119000,2026-02-15 01:30:00,1,490.0,2.45,0.0049999999999897965,2.45,,0.0045,0.0,0.0,0.001,0.22222222222222224,1811638.26,83674.95999999999,1895313.22,-5444.9199999999255,0.9117032909209593,5444.9199999999255,0.9117032909209593,1308327_YES.csv,1308327_YES
1771119120,2026-02-15 01:32:00,2,751.51,3.60604,0.0047983925696201005,1.80302,,0.0045,0.0,0.0,0.001,0.22222222222222224,1811638.26,83674.95999999999,1895313.22,0.0,0.9117032909209593,-0.0,0.9117032909209593,1308327_YES.csv,1308327_YES
1771119240,2026-02-15 01:34:00,1,100.0,0.4,0.00399999999996,0.4,,0.0045,0.0,0.0,0.001,0.22222222222222224,1811638.26,83674.95999999999,1895313.22,0.0,0.9117032909209593,-0.0,0.9117032909209593,1308327_YES.csv,1308327_YES
1771119360,2026-02-15 01:36:00,1,200.0,0.8,0.0039999999999800005,0.8,,0.0045,0.0,0.0,0.001,0.22222222222222224,1807303.59,87024.68,1894328.27,-984.9499999999534,0.9081208031594229,984.9499999999534,0.9081208031594229,1308327_YES.csv,1308327_YES
1771119420,2026-02-15 01:37:00,1,999.97,3.99988,0.003999999999996,3.99988,,0.0045,0.0,0.0,0.001,0.22222222222222224,1807303.59,87024.68,1894328.27,0.0,0.9081208031594229,-0.0,0.9081208031594229,1308327_YES.csv,1308327_YES
1771119480,2026-02-15 01:38:00,1,1000.0,5.0,0.004999999999995,5.0,,0.0045,0.0,0.0,0.001,0.22222222222222224,1807303.59,87024.68,1894328.27,0.0,0.9081208031594229,-0.0,0.9081208031594229,1308327_YES.csv,1308327_YES
1771119600,2026-02-15 01:40:00,1,200.0,0.8,0.0039999999999800005,0.8,,0.0045,0.0,0.0,0.001,0.22222222222222224,1807303.59,87024.68,1894328.27,0.0,0.9081208031594229,-0.0,0.9081208031594229,1308327_YES.csv,1308327_YES
1771119720,2026-02-15 01:42:00,1,220.0,1.1,0.0049999999999772735,1.1,,0.0045,0.0,0.0,0.001,0.22222222222222224,1805627.36,84134.93,1889762.29,-4565.979999999981,0.9109571288990004,4565.979999999981,0.9109571288990004,1308327_YES.csv,1308327_YES
1771119780,2026-02-15 01:43:00,1,200.0,0.8,0.0039999999999800005,0.8,,0.0045,0.0,0.0,0.001,0.22222222222222224,1805627.36,84134.93,1889762.29,0.0,0.9109571288990004,-0.0,0.9109571288990004,1308327_YES.csv,1308327_YES
1771119840,2026-02-15 01:44:00,2,1200.0,5.8,0.0048333333333293056,2.9,,0.0045,0.0,0.0,0.001,0.22222222222222224,1805627.36,84134.93,1889762.29,0.0,0.9109571288990004,-0.0,0.9109571288990004,1308327_YES.csv,1308327_YES
1771119900,2026-02-15 01:45:00,1,200.0,0.8,0.0039999999999800005,0.8,,0.0045,0.0,0.0,0.001,0.22222222222222224,1805627.36,84134.93,1889762.29,0.0,0.9109571288990004,-0.0,0.9109571288990004,1308327_YES.csv,1308327_YES
1771119960,2026-02-15 01:46:00,1,200.0,0.8,0.0039999999999800005,0.8,,0.0045,0.0,0.0,0.001,0.22222222222222224,1805627.36,84134.93,1889762.29,0.0,0.9109571288990004,-0.0,0.9109571288990004,1308327_YES.csv,1308327_YES
1771120140,2026-02-15 01:49:00,1,200.0,0.8,0.0039999999999800005,0.8,,0.0045,0.0,0.0,0.001,0.22222222222222224,1805627.36,84134.93,1889762.29,0.0,0.9109571288990004,-0.0,0.9109571288990004,1308327_YES.csv,1308327_YES
1771120200,2026-02-15 01:50:00,2,22000.0,110.0,0.004999999999999773,55.0,,0.0045,0.0,0.0,0.001,0.22222222222222224,1805627.36,84134.93,1889762.29,0.0,0.9109571288990004,-0.0,0.9109571288990004,1308327_YES.csv,1308327_YES
1771120380,2026-02-15 01:53:00,2,577.01,2.30804,0.003999999999993068,1.15402,,0.0045,0.0,0.0,0.001,0.22222222222222224,1805627.36,84134.93,1889762.29,0.0,0.9109571288990004,-0.0,0.9109571288990004,1308327_YES.csv,1308327_YES
1771120620,2026-02-15 01:57:00,1,200.0,1.0,0.004999999999975,1.0,,0.0045,0.0,0.0,0.001,0.22222222222222224,1747790.4500000002,74144.66,1821935.11,-67827.17999999993,0.9186088905219024,67827.17999999993,0.9186088905219024,1308327_YES.csv,1308327_YES
1771120680,2026-02-15 01:58:00,3,6764.0,33.052,0.004886457717326303,11.017333333333333,,0.0045,0.0,0.0,0.001,0.22222222222222224,1747790.4500000002,74144.66,1821935.11,0.0,0.9186088905219024,-0.0,0.9186088905219024,1308327_YES.csv,1308327_YES
1771120740,2026-02-15 01:59:00,1,5000.0,25.0,0.004999999999998999,25.0,,0.0045,0.0,0.0,0.001,0.22222222222222224,1747790.4500000002,74144.66,1821935.11,0.0,0.9186088905219024,-0.0,0.9186088905219024,1308327_YES.csv,1308327_YES
1771120800,2026-02-15 02:00:00,1,800.0,4.0,0.00499999999999375,4.0,,0.0045,0.0,0.0,0.001,0.22222222222222224,1747007.4800000002,73153.93,1820161.4100000001,-1773.6999999999534,0.9196181947402127,1773.6999999999534,0.9196181947402127,1308327_YES.csv,1308327_YES
1771120860,2026-02-15 02:01:00,1,26014.686666,151.0,0.005804413558335976,151.0,,0.0045,0.0,0.0,0.001,0.22222222222222224,1747007.4800000002,73153.93,1820161.4100000001,0.0,0.9196181947402127,-0.0,0.9196181947402127,1308327_YES.csv,1308327_YES
1771120920,2026-02-15 02:02:00,4,4333.333332,26.0,0.006000000001844768,6.5,,0.0045,0.0,0.0,0.001,0.22222222222222224,1747007.4800000002,73153.93,1820161.4100000001,0.0,0.9196181947402127,-0.0,0.9196181947402127,1308327_YES.csv,1308327_YES
1771121100,2026-02-15 02:05:00,2,836.666666,5.02,0.006000000004773705,2.51,,0.0045,0.0,0.0,0.001,0.22222222222222224,1747007.4800000002,73153.93,1820161.4100000001,0.0,0.9196181947402127,-0.0,0.9196181947402127,1308327_YES.csv,1308327_YES
1771121160,2026-02-15 02:06:00,1,2135.63,10.67815,0.004999999999997659,10.67815,,0.005,0.11111111111111116,0.11111111111111116,0.002,0.4,1753934.9600000002,45557.0,1799491.9600000002,-20669.449999999953,0.9493668201774016,20669.449999999953,0.9493668201774016,1308327_YES.csv,1308327_YES
1771121280,2026-02-15 02:08:00,1,833.333333,5.0,0.0060000000023928,5.0,,0.005,0.0,0.0,0.002,0.4,1753934.9600000002,45557.0,1799491.9600000002,0.0,0.9493668201774016,-0.0,0.9493668201774016,1308327_YES.csv,1308327_YES
1771121340,2026-02-15 02:09:00,1,833.333333,5.0,0.0060000000023928,5.0,,0.005,0.0,0.0,0.002,0.4,1747275.88,46016.29,1793292.17,-6199.79000000027,0.9486795394863069,6199.79000000027,0.9486795394863069,1308327_YES.csv,1308327_YES
1771121400,2026-02-15 02:10:00,2,3285.5,16.427500000000002,0.004999999999998479,8.213750000000001,,0.005,0.0,0.0,0.002,0.4,1747275.88,46016.29,1793292.17,0.0,0.9486795394863069,-0.0,0.9486795394863069,1308327_YES.csv,1308327_YES
1771121460,2026-02-15 02:11:00,4,11866.17,54.652680000000004,0.00460575569033609,13.663170000000001,,0.005,0.0,0.0,0.002,0.4,1747275.88,46016.29,1793292.17,0.0,0.9486795394863069,-0.0,0.9486795394863069,1308327_YES.csv,1308327_YES
1771121580,2026-02-15 02:13:00,2,3743.05,15.9722,0.004267161806546996,7.9861,,0.005,0.0,0.0,0.002,0.4,1747275.88,46016.29,1793292.17,0.0,0.9486795394863069,-0.0,0.9486795394863069,1308327_YES.csv,1308327_YES
1771121760,2026-02-15 02:16:00,2,6000.0,30.0,0.004999999999999167,15.0,,0.005,0.0,0.0,0.002,0.4,1747275.88,46016.29,1793292.17,0.0,0.9486795394863069,-0.0,0.9486795394863069,1308327_YES.csv,1308327_YES
1771121820,2026-02-15 02:17:00,3,4200.0,21.0,0.004999999999998809,7.0,,0.005,0.0,0.0,0.002,0.4,1747275.88,46016.29,1793292.17,0.0,0.9486795394863069,-0.0,0.9486795394863069,1308327_YES.csv,1308327_YES
1771122000,2026-02-15 02:20:00,1,100.0,0.4,0.00399999999996,0.4,,0.005,0.0,0.0,0.002,0.4,1747275.88,46016.29,1793292.17,0.0,0.9486795394863069,-0.0,0.9486795394863069,1308327_YES.csv,1308327_YES
1771122060,2026-02-15 02:21:00,2,5900.0,24.0,0.004067796610168802,12.0,,0.0045,-0.10000000000000009,0.10000000000000009,0.001,0.22222222222222224,1737275.74,51498.07,1788773.81,-4518.35999999987,0.942420813954113,4518.35999999987,0.942420813954113,1308327_YES.csv,1308327_YES
1771122120,2026-02-15 02:22:00,1,2918.0,14.59,0.004999999999998286,14.59,,0.0045,0.0,0.0,0.001,0.22222222222222224,1737275.74,51498.07,1788773.81,0.0,0.942420813954113,-0.0,0.942420813954113,1308327_YES.csv,1308327_YES
1771122300,2026-02-15 02:25:00,1,9590.0,47.95,0.004999999999999479,47.95,,0.0045,0.0,0.0,0.001,0.22222222222222224,1737275.74,51498.07,1788773.81,0.0,0.942420813954113,-0.0,0.942420813954113,1308327_YES.csv,1308327_YES
1771122480,2026-02-15 02:28:00,1,400.0,2.0,0.0049999999999875006,2.0,,0.0045,0.0,0.0,0.001,0.22222222222222224,1737275.74,51498.07,1788773.81,0.0,0.942420813954113,-0.0,0.942420813954113,1308327_YES.csv,1308327_YES
1771122960,2026-02-15 02:36:00,1,400.0,2.0,0.0049999999999875006,2.0,,0.0045,0.0,0.0,0.001,0.22222222222222224,1728051.56,62545.55,1790597.11,1823.3000000000466,0.9301400078770371,0.0,0.9301400078770371,1308327_YES.csv,1308327_YES
1771123080,2026-02-15 02:38:00,1,100.0,0.4,0.00399999999996,0.4,,0.0045,0.0,0.0,0.001,0.22222222222222224,1728051.56,62545.55,1790597.11,0.0,0.9301400078770371,-0.0,0.9301400078770371,1308327_YES.csv,1308327_YES
1771123140,2026-02-15 02:39:00,2,4759.99,23.03996,0.004840337899868521,11.51998,,0.0045,0.0,0.0,0.001,0.22222222222222224,1727951.56,68529.38,1796480.94,5883.829999999842,0.9237070892608525,0.0,0.9237070892608525,1308327_YES.csv,1308327_YES
1771123380,2026-02-15 02:43:00,1,2641.79,10.56716,0.003999999999998486,10.56716,,0.0045,0.0,0.0,0.001,0.22222222222222224,1727951.56,68529.38,1796480.94,0.0,0.9237070892608525,-0.0,0.9237070892608525,1308327_YES.csv,1308327_YES
1771123440,2026-02-15 02:44:00,1,200.0,1.0,0.004999999999975,1.0,,0.0045,0.0,0.0,0.001,0.22222222222222224,1727951.56,68529.38,1796480.94,0.0,0.9237070892608525,-0.0,0.9237070892608525,1308327_YES.csv,1308327_YES
1771123740,2026-02-15 02:49:00,3,881.0,3.524,0.0039999999999954594,1.1746666666666667,,0.0045,0.0,0.0,0.001,0.22222222222222224,1727951.56,68529.38,1796480.94,0.0,0.9237070892608525,-0.0,0.9237070892608525,1308327_YES.csv,1308327_YES
1771123800,2026-02-15 02:50:00,4,10760.0,43.04,0.003999999999999628,10.76,,0.0045,0.0,0.0,0.001,0.22222222222222224,1727951.56,68529.38,1796480.94,0.0,0.9237070892608525,-0.0,0.9237070892608525,1308327_YES.csv,1308327_YES
1771123860,2026-02-15 02:51:00,5,1300.0,5.2,0.0039999999999969236,1.04,,0.0035,-0.2222222222222221,0.2222222222222221,0.001,0.2857142857142857,1718402.36,162217.28,1880619.6400000001,84138.70000000019,0.8274852856476602,0.0,0.8274852856476602,1308327_YES.csv,1308327_YES
1771123920,2026-02-15 02:52:00,3,780.0,3.12,0.003999999999994872,1.04,,0.0035,0.0,0.0,0.001,0.2857142857142857,1718402.36,162217.28,1880619.6400000001,0.0,0.8274852856476602,-0.0,0.8274852856476602,1308327_YES.csv,1308327_YES
1771123980,2026-02-15 02:53:00,2,3605.26,12.06578,0.0033467156321587495,6.03289,,0.0035,0.0,0.0,0.001,0.2857142857142857,1718402.36,162217.28,1880619.6400000001,0.0,0.8274852856476602,-0.0,0.8274852856476602,1308327_YES.csv,1308327_YES
1771124040,2026-02-15 02:54:00,2,1169.6,3.5088,0.0029999999999974353,1.7544,,0.0035,0.0,0.0,0.001,0.2857142857142857,1662683.22,159937.28,1822620.5,-57999.14000000013,0.8244974420072637,57999.14000000013,0.8244974420072637,1308327_YES.csv,1308327_YES
1771124100,2026-02-15 02:55:00,1,2395.0,9.58,0.0039999999999983295,9.58,,0.0035,0.0,0.0,0.001,0.2857142857142857,1662683.22,159937.28,1822620.5,0.0,0.8244974420072637,-0.0,0.8244974420072637,1308327_YES.csv,1308327_YES
1771124160,2026-02-15 02:56:00,1,500.0,2.0,0.003999999999992,2.0,,0.0035,0.0,0.0,0.001,0.2857142857142857,1662683.22,159937.28,1822620.5,0.0,0.8244974420072637,-0.0,0.8244974420072637,1308327_YES.csv,1308327_YES
1771124460,2026-02-15 03:01:00,4,16715.0,57.269999999999996,0.0034262638348786464,14.317499999999999,,0.0035,0.0,0.0,0.001,0.2857142857142857,1662683.22,159937.28,1822620.5,0.0,0.8244974420072637,-0.0,0.8244974420072637,1308327_YES.csv,1308327_YES
1771124520,2026-02-15 03:02:00,4,5243.9400000000005,20.73182,0.003953481542503546,5.182955,,0.0035,0.0,0.0,0.001,0.2857142857142857,1662683.22,159937.28,1822620.5,0.0,0.8244974420072637,-0.0,0.8244974420072637,1308327_YES.csv,1308327_YES
1771124640,2026-02-15 03:04:00,2,4021.73,12.317689999999999,0.0030627839263195037,6.1588449999999995,,0.0035,0.0,0.0,0.001,0.2857142857142857,1662683.22,159937.28,1822620.5,0.0,0.8244974420072637,-0.0,0.8244974420072637,1308327_YES.csv,1308327_YES
1771124700,2026-02-15 03:05:00,1,500.0,2.0,0.003999999999992,2.0,,0.0035,0.0,0.0,0.001,0.2857142857142857,1662683.22,159937.28,1822620.5,0.0,0.8244974420072637,-0.0,0.8244974420072637,1308327_YES.csv,1308327_YES
1771124760,2026-02-15 03:06:00,1,2750.0,11.0,0.0039999999999985455,11.0,,0.0035,0.0,0.0,0.001,0.2857142857142857,1697083.11,99732.91,1796816.02,-25804.47999999998,0.8889892911796279,25804.47999999998,0.8889892911796279,1308327_YES.csv,1308327_YES
1771124820,2026-02-15 03:07:00,1,1250.0,5.0,0.0039999999999968,5.0,,0.0035,0.0,0.0,0.001,0.2857142857142857,1697083.11,99732.91,1796816.02,0.0,0.8889892911796279,-0.0,0.8889892911796279,1308327_YES.csv,1308327_YES
1771124880,2026-02-15 03:08:00,1,400.0,1.2,0.0029999999999925,1.2,,0.0035,0.0,0.0,0.001,0.2857142857142857,1697083.11,99732.91,1796816.02,0.0,0.8889892911796279,-0.0,0.8889892911796279,1308327_YES.csv,1308327_YES
1771125000,2026-02-15 03:10:00,2,4250.0,17.0,0.003999999999999058,8.5,,0.0035,0.0,0.0,0.001,0.2857142857142857,1697083.11,99732.91,1796816.02,0.0,0.8889892911796279,-0.0,0.8889892911796279,1308327_YES.csv,1308327_YES
1771125060,2026-02-15 03:11:00,1,14.59,0.04377,0.00299999999979438,0.04377,,0.0035,0.0,0.0,0.001,0.2857142857142857,1697083.11,99732.91,1796816.02,0.0,0.8889892911796279,-0.0,0.8889892911796279,1308327_YES.csv,1308327_YES
1771125120,2026-02-15 03:12:00,1,250.0,1.0,0.003999999999984,1.0,,0.0035,0.0,0.0,0.001,0.2857142857142857,1596668.52,121277.23,1717945.75,-78870.27000000002,0.8588113390658582,78870.27000000002,0.8588113390658582,1308327_YES.csv,1308327_YES
1771125360,2026-02-15 03:16:00,4,5847.5,18.39,0.0031449337323637204,4.5975,,0.0035,0.0,0.0,0.001,0.2857142857142857,1596668.52,121277.23,1717945.75,0.0,0.8588113390658582,-0.0,0.8588113390658582,1308327_YES.csv,1308327_YES
1771125420,2026-02-15 03:17:00,5,44585.88,138.52763,0.003106984318802206,27.705526,,0.0035,0.0,0.0,0.001,0.2857142857142857,1596668.52,121277.23,1717945.75,0.0,0.8588113390658582,-0.0,0.8588113390658582,1308327_YES.csv,1308327_YES
1771125480,2026-02-15 03:18:00,1,6.09,0.01827,0.0029999999995073893,0.01827,,0.0035,0.0,0.0,0.001,0.2857142857142857,1544786.14,135303.38,1680089.52,-37856.22999999998,0.8389331301822535,37856.22999999998,0.8389331301822535,1308327_YES.csv,1308327_YES
1771125600,2026-02-15 03:20:00,2,3110.0,12.440000000000001,0.003999999999998715,6.220000000000001,,0.0035,0.0,0.0,0.001,0.2857142857142857,1544786.14,135303.38,1680089.52,0.0,0.8389331301822535,-0.0,0.8389331301822535,1308327_YES.csv,1308327_YES
1771125660,2026-02-15 03:21:00,1,1832.5,7.33,0.003999999999997817,7.33,,0.0035,0.0,0.0,0.001,0.2857142857142857,1544786.14,132193.38,1676979.52,-3110.0,0.842343477158266,3110.0,0.842343477158266,1308327_YES.csv,1308327_YES
1771125720,2026-02-15 03:22:00,1,252.5,1.01,0.003999999999984159,1.01,,0.0035,0.0,0.0,0.001,0.2857142857142857,1544786.14,132193.38,1676979.52,0.0,0.842343477158266,-0.0,0.842343477158266,1308327_YES.csv,1308327_YES
1771125780,2026-02-15 03:23:00,1,4000.0,16.0,0.003999999999999,16.0,,0.0035,0.0,0.0,0.001,0.2857142857142857,1544786.14,132193.38,1676979.52,0.0,0.842343477158266,-0.0,0.842343477158266,1308327_YES.csv,1308327_YES
1771125840,2026-02-15 03:24:00,1,5.0,0.015,0.0029999999994,0.015,,0.0035,0.0,0.0,0.001,0.2857142857142857,1546752.93,126054.66,1672807.5899999999,-4171.930000000168,0.8492897082084617,4171.930000000168,0.8492897082084617,1308327_YES.csv,1308327_YES
1771125900,2026-02-15 03:25:00,1,15.52,0.04656,0.002999999999806701,0.04656,,0.0035,0.0,0.0,0.001,0.2857142857142857,1546752.93,126054.66,1672807.5899999999,0.0,0.8492897082084617,-0.0,0.8492897082084617,1308327_YES.csv,1308327_YES
1771126080,2026-02-15 03:28:00,1,500.0,2.0,0.003999999999992,2.0,,0.0035,0.0,0.0,0.001,0.2857142857142857,1546752.93,126054.66,1672807.5899999999,0.0,0.8492897082084617,-0.0,0.8492897082084617,1308327_YES.csv,1308327_YES
1771126260,2026-02-15 03:31:00,1,1000.0,4.0,0.003999999999996,4.0,,0.0035,0.0,0.0,0.001,0.2857142857142857,1546752.93,126054.66,1672807.5899999999,0.0,0.8492897082084617,-0.0,0.8492897082084617,1308327_YES.csv,1308327_YES
1771126320,2026-02-15 03:32:00,1,1967.41,5.90223,0.0029999999999984752,5.90223,,0.0035,0.0,0.0,0.001,0.2857142857142857,1546752.93,126054.66,1672807.5899999999,0.0,0.8492897082084617,-0.0,0.8492897082084617,1308327_YES.csv,1308327_YES
1771126380,2026-02-15 03:33:00,1,3500.0,10.5,0.0029999999999991427,10.5,,0.0035,0.0,0.0,0.001,0.2857142857142857,1445427.28,145639.52,1591066.8,-81740.7899999998,0.8169284658569961,81740.7899999998,0.8169284658569961,1308327_YES.csv,1308327_YES
1771126440,2026-02-15 03:34:00,1,89662.59,358.65036,0.003999999999999955,358.65036,,0.0035,0.0,0.0,0.001,0.2857142857142857,1445427.28,145639.52,1591066.8,0.0,0.8169284658569961,-0.0,0.8169284658569961,1308327_YES.csv,1308327_YES
1771126500,2026-02-15 03:35:00,1,300.0,1.5,0.004999999999983334,1.5,,0.0035,0.0,0.0,0.001,0.2857142857142857,1445427.28,145639.52,1591066.8,0.0,0.8169284658569961,-0.0,0.8169284658569961,1308327_YES.csv,1308327_YES
1771126680,2026-02-15 03:38:00,1,200.0,1.0,0.004999999999975,1.0,,0.0035,0.0,0.0,0.001,0.2857142857142857,1445427.28,145639.52,1591066.8,0.0,0.8169284658569961,-0.0,0.8169284658569961,1308327_YES.csv,1308327_YES
1771126860,2026-02-15 03:41:00,1,2064.0,10.32,0.0049999999999975776,10.32,,0.0035,0.0,0.0,0.001,0.2857142857142857,1445427.28,145639.52,1591066.8,0.0,0.8169284658569961,-0.0,0.8169284658569961,1308327_YES.csv,1308327_YES
1771126920,2026-02-15 03:42:00,1,200.0,0.6,0.002999999999985,0.6,,0.004,0.1428571428571428,0.1428571428571428,0.002,0.5,1523482.25,73667.51000000001,1597149.76,6082.959999999963,0.9077512806313166,0.0,0.9077512806313166,1308327_YES.csv,1308327_YES
1771126980,2026-02-15 03:43:00,3,5520.0,21.56,0.0039057971014485673,7.1866666666666665,,0.004,0.0,0.0,0.002,0.5,1523482.25,73667.51000000001,1597149.76,0.0,0.9077512806313166,-0.0,0.9077512806313166,1308327_YES.csv,1308327_YES
1771127040,2026-02-15 03:44:00,1,1344.82,4.03446,0.0029999999999977696,4.03446,,0.004,0.0,0.0,0.002,0.5,1523482.25,73667.51000000001,1597149.76,0.0,0.9077512806313166,-0.0,0.9077512806313166,1308327_YES.csv,1308327_YES
1771127100,2026-02-15 03:45:00,1,0.05,0.00015,0.002999999940000001,0.00015,,0.004,0.0,0.0,0.002,0.5,1523482.25,73667.51000000001,1597149.76,0.0,0.9077512806313166,-0.0,0.9077512806313166,1308327_YES.csv,1308327_YES
1771127220,2026-02-15 03:47:00,1,250.0,1.0,0.003999999999984,1.0,,0.004,0.0,0.0,0.002,0.5,1523482.25,73667.51000000001,1597149.76,0.0,0.9077512806313166,-0.0,0.9077512806313166,1308327_YES.csv,1308327_YES
1771127280,2026-02-15 03:48:00,1,500.0,2.0,0.003999999999992,2.0,,0.0035,-0.125,0.125,0.001,0.2857142857142857,1529213.48,110086.65,1639300.13,42150.36999999988,0.8656906712988549,0.0,0.8656906712988549,1308327_YES.csv,1308327_YES
1771127340,2026-02-15 03:49:00,1,250.0,1.0,0.003999999999984,1.0,,0.0035,0.0,0.0,0.001,0.2857142857142857,1529213.48,110086.65,1639300.13,0.0,0.8656906712988549,-0.0,0.8656906712988549,1308327_YES.csv,1308327_YES
1771127520,2026-02-15 03:52:00,1,56.0,0.168,0.0029999999999464288,0.168,,0.0035,0.0,0.0,0.001,0.2857142857142857,1529213.48,110086.65,1639300.13,0.0,0.8656906712988549,-0.0,0.8656906712988549,1308327_YES.csv,1308327_YES
1771127580,2026-02-15 03:53:00,1,2750.0,8.25,0.002999999999998909,8.25,,0.0035,0.0,0.0,0.001,0.2857142857142857,1529213.48,110086.65,1639300.13,0.0,0.8656906712988549,-0.0,0.8656906712988549,1308327_YES.csv,1308327_YES
1771127640,2026-02-15 03:54:00,2,750.0,3.0,0.003999999999994667,1.5,,0.0035,0.0,0.0,0.001,0.2857142857142857,1485941.34,54865.49,1540806.83,-98493.29999999981,0.9287834283548704,98493.29999999981,0.9287834283548704,1308327_YES.csv,1308327_YES
1771127700,2026-02-15 03:55:00,1,250.0,1.0,0.003999999999984,1.0,,0.0035,0.0,0.0,0.001,0.2857142857142857,1485941.34,54865.49,1540806.83,0.0,0.9287834283548704,-0.0,0.9287834283548704,1308327_YES.csv,1308327_YES
1771128060,2026-02-15 04:01:00,1,250.0,1.0,0.003999999999984,1.0,,0.0035,0.0,0.0,0.001,0.2857142857142857,1485941.34,54865.49,1540806.83,0.0,0.9287834283548704,-0.0,0.9287834283548704,1308327_YES.csv,1308327_YES
1771128240,2026-02-15 04:04:00,2,3158.33,12.633320000000001,0.003999999999998734,6.316660000000001,,0.0035,0.0,0.0,0.001,0.2857142857142857,1485941.34,54865.49,1540806.83,0.0,0.9287834283548704,-0.0,0.9287834283548704,1308327_YES.csv,1308327_YES
1771128360,2026-02-15 04:06:00,1,2.63,0.00789,0.0029999999988593153,0.00789,,0.0035,0.0,0.0,0.001,0.2857142857142857,1497027.52,53357.35,1550384.87,9578.040000000037,0.9311688974364152,0.0,0.9311688974364152,1308327_YES.csv,1308327_YES
1771129140,2026-02-15 04:19:00,3,25239.219999999998,76.71766,0.0030396208757638692,25.57255333333333,,0.0035,0.0,0.0,0.001,0.2857142857142857,1497027.52,53357.35,1550384.87,0.0,0.9311688974364152,-0.0,0.9311688974364152,1308327_YES.csv,1308327_YES
1771129200,2026-02-15 04:20:00,1,2000.0,8.0,0.003999999999998,8.0,,0.0035,0.0,0.0,0.001,0.2857142857142857,1497027.52,53357.35,1550384.87,0.0,0.9311688974364152,-0.0,0.9311688974364152,1308327_YES.csv,1308327_YES
1771129380,2026-02-15 04:23:00,1,100.88,0.20176,0.0019999999999801743,0.20176,,0.0035,0.0,0.0,0.001,0.2857142857142857,1497027.52,53357.35,1550384.87,0.0,0.9311688974364152,-0.0,0.9311688974364152,1308327_YES.csv,1308327_YES
1771129620,2026-02-15 04:27:00,1,2000.0,6.0,0.0029999999999985,6.0,,0.0035,0.0,0.0,0.001,0.2857142857142857,1528720.4,103685.3,1632405.7,82020.82999999984,0.8729662607769624,0.0,0.8729662607769624,1308327_YES.csv,1308327_YES
1771129740,2026-02-15 04:29:00,1,8982.91,17.96582,0.0019999999999997776,17.96582,,0.0035,0.0,0.0,0.001,0.2857142857142857,1528720.4,103685.3,1632405.7,0.0,0.8729662607769624,-0.0,0.8729662607769624,1308327_YES.csv,1308327_YES
1771129860,2026-02-15 04:31:00,1,333.333332,1.0,0.003000000011991,1.0,,0.0035,0.0,0.0,0.001,0.2857142857142857,1528720.4,103685.3,1632405.7,0.0,0.8729662607769624,-0.0,0.8729662607769624,1308327_YES.csv,1308327_YES
1771129980,2026-02-15 04:33:00,1,333.333332,1.0,0.003000000011991,1.0,,0.0025,-0.2857142857142857,0.2857142857142857,0.001,0.4,1515887.53,128481.65,1644369.18,11963.479999999981,0.8437313815380559,0.0,0.8437313815380559,1308327_YES.csv,1308327_YES
1771130100,2026-02-15 04:35:00,2,3338.0933320000004,10.00952,0.002998574037473018,5.00476,,0.0025,0.0,0.0,0.001,0.4,1515887.53,128481.65,1644369.18,0.0,0.8437313815380559,-0.0,0.8437313815380559,1308327_YES.csv,1308327_YES
1771130160,2026-02-15 04:36:00,1,8333.333332,25.000000000000004,0.0030000000004796403,25.000000000000004,,0.0025,0.0,0.0,0.001,0.4,1516782.77,126301.78,1643084.55,-1284.6299999998882,0.8462625919037459,1284.6299999998882,0.8462625919037459,1308327_YES.csv,1308327_YES
1771130220,2026-02-15 04:37:00,2,14999.999996999999,45.0,0.0030000000005998002,22.5,,0.0025,0.0,0.0,0.001,0.4,1516782.77,126301.78,1643084.55,0.0,0.8462625919037459,-0.0,0.8462625919037459,1308327_YES.csv,1308327_YES
1771130280,2026-02-15 04:38:00,1,800.0,1.6,0.0019999999999975003,1.6,,0.0025,0.0,0.0,0.001,0.4,1516782.77,126301.78,1643084.55,0.0,0.8462625919037459,-0.0,0.8462625919037459,1308327_YES.csv,1308327_YES
1771130400,2026-02-15 04:40:00,1,1265.07,2.53014,0.001999999999998419,2.53014,,0.0025,0.0,0.0,0.001,0.4,1516782.77,126301.78,1643084.55,0.0,0.8462625919037459,-0.0,0.8462625919037459,1308327_YES.csv,1308327_YES
1771130580,2026-02-15 04:43:00,1,58.82,0.11764,0.001999999999965998,0.11764,,0.0025,0.0,0.0,0.001,0.4,1516782.77,126301.78,1643084.55,0.0,0.8462625919037459,-0.0,0.8462625919037459,1308327_YES.csv,1308327_YES
1771130640,2026-02-15 04:44:00,1,833.333332,2.5,0.0030000000047964,2.5,,0.0025,0.0,0.0,0.001,0.4,1516782.77,126301.78,1643084.55,0.0,0.8462625919037459,-0.0,0.8462625919037459,1308327_YES.csv,1308327_YES
1771130760,2026-02-15 04:46:00,1,333.333332,1.0,0.003000000011991,1.0,,0.0025,0.0,0.0,0.001,0.4,1516782.77,126301.78,1643084.55,0.0,0.8462625919037459,-0.0,0.8462625919037459,1308327_YES.csv,1308327_YES
1771130820,2026-02-15 04:47:00,2,6733.326665,20.13332,0.002990099990937691,10.06666,,0.0025,0.0,0.0,0.001,0.4,1516782.77,126301.78,1643084.55,0.0,0.8462625919037459,-0.0,0.8462625919037459,1308327_YES.csv,1308327_YES
1771131120,2026-02-15 04:52:00,2,4853.333332,14.56,0.0030000000008235574,7.28,,0.0025,0.0,0.0,0.001,0.4,1516782.77,126301.78,1643084.55,0.0,0.8462625919037459,-0.0,0.8462625919037459,1308327_YES.csv,1308327_YES
1771131180,2026-02-15 04:53:00,2,6037.6,12.0752,0.0019999999999996687,6.0376,,0.0025,0.0,0.0,0.001,0.4,1516782.77,126301.78,1643084.55,0.0,0.8462625919037459,-0.0,0.8462625919037459,1308327_YES.csv,1308327_YES
1771131300,2026-02-15 04:55:00,1,5000.0,15.0,0.0029999999999994,15.0,,0.0025,0.0,0.0,0.001,0.4,1516782.77,126301.78,1643084.55,0.0,0.8462625919037459,-0.0,0.8462625919037459,1308327_YES.csv,1308327_YES
1771131360,2026-02-15 04:56:00,2,343.60333199999997,1.02054,0.0029701108951907074,0.51027,,0.0025,0.0,0.0,0.001,0.4,1516782.77,126301.78,1643084.55,0.0,0.8462625919037459,-0.0,0.8462625919037459,1308327_YES.csv,1308327_YES
1771131420,2026-02-15 04:57:00,1,333.333332,1.0,0.003000000011991,1.0,,0.0025,0.0,0.0,0.001,0.4,1409631.58,87137.64,1496769.22,-146315.33000000007,0.8835656975896392,146315.33000000007,0.8835656975896392,1308327_YES.csv,1308327_YES
1771131540,2026-02-15 04:59:00,3,9218.630000000001,23.437260000000002,0.0025423799414877758,7.81242,,0.0025,0.0,0.0,0.001,0.4,1409631.58,87137.64,1496769.22,0.0,0.8835656975896392,-0.0,0.8835656975896392,1308327_YES.csv,1308327_YES
1771131600,2026-02-15 05:00:00,3,33113.933332,66.5612,0.0020100662561785094,22.187066666666666,,0.0025,0.0,0.0,0.001,0.4,1054307.63,64661.55,1118969.18,-377800.04000000004,0.8844265755380322,377800.04000000004,0.8844265755380322,1308327_YES.csv,1308327_YES
1771131660,2026-02-15 05:01:00,1,8127.09,16.25418,0.001999999999999754,16.25418,,0.0025,0.0,0.0,0.001,0.4,1054307.63,64661.55,1118969.18,0.0,0.8844265755380322,-0.0,0.8844265755380322,1308327_YES.csv,1308327_YES
1771131720,2026-02-15 05:02:00,1,366.0,1.098,0.0029999999999918035,1.098,,0.0025,0.0,0.0,0.001,0.4,1054307.63,64661.55,1118969.18,0.0,0.8844265755380322,-0.0,0.8844265755380322,1308327_YES.csv,1308327_YES
1771131960,2026-02-15 05:06:00,2,6000.0,12.0,0.0019999999999996665,6.0,,0.0015,-0.4,0.4,0.001,0.6666666666666666,437354.68,396913.62,834268.3,-284700.8799999999,0.04847488511789312,284700.8799999999,0.04847488511789312,1308327_YES.csv,1308327_YES
1771132020,2026-02-15 05:07:00,1,4811.81,4.81181,0.000999999999999792,4.81181,,0.0015,0.0,0.0,0.001,0.6666666666666666,437354.68,396913.62,834268.3,0.0,0.04847488511789312,-0.0,0.04847488511789312,1308327_YES.csv,1308327_YES
1771132200,2026-02-15 05:10:00,1,500.0,1.0,0.001999999999996,1.0,,0.0015,0.0,0.0,0.001,0.6666666666666666,437354.68,396913.62,834268.3,0.0,0.04847488511789312,-0.0,0.04847488511789312,1308327_YES.csv,1308327_YES
1771132260,2026-02-15 05:11:00,1,334.0,0.668,0.001999999999994012,0.668,,0.0015,0.0,0.0,0.001,0.6666666666666666,437354.68,396913.62,834268.3,0.0,0.04847488511789312,-0.0,0.04847488511789312,1308327_YES.csv,1308327_YES
1771132500,2026-02-15 05:15:00,1,425.0,0.85,0.001999999999995294,0.85,,0.0015,0.0,0.0,0.001,0.6666666666666666,436188.89,1096789.84,1532978.73,698710.4299999999,-0.43092636386416144,0.0,0.43092636386416144,1308327_YES.csv,1308327_YES
1771132560,2026-02-15 05:16:00,1,2417.61,2.4176100000000003,0.0009999999999995865,2.4176100000000003,,0.0015,0.0,0.0,0.001,0.6666666666666666,436188.89,1096789.84,1532978.73,0.0,-0.43092636386416144,-0.0,0.43092636386416144,1308327_YES.csv,1308327_YES
1771132680,2026-02-15 05:18:00,1,500.0,1.0,0.001999999999996,1.0,,0.0015,0.0,0.0,0.001,0.6666666666666666,631838.45,1596739.74,2228578.19,695599.46,-0.4329672139526772,0.0,0.4329672139526772,1308327_YES.csv,1308327_YES
1771132740,2026-02-15 05:19:00,1,500.0,0.5,0.000999999999998,0.5,,0.0015,0.0,0.0,0.001,0.6666666666666666,631838.45,1596739.74,2228578.19,0.0,-0.4329672139526772,-0.0,0.4329672139526772,1308327_YES.csv,1308327_YES
1771132920,2026-02-15 05:22:00,6,128917.1,128.9171,0.0009999999999999922,21.486183333333333,,0.0015,0.0,0.0,0.001,0.6666666666666666,631838.45,1596739.74,2228578.19,0.0,-0.4329672139526772,-0.0,0.4329672139526772,1308327_YES.csv,1308327_YES
1771132980,2026-02-15 05:23:00,2,566.08,1.01308,0.0017896410401325082,0.50654,,0.0015,0.0,0.0,0.001,0.6666666666666666,631838.45,1596739.74,2228578.19,0.0,-0.4329672139526772,-0.0,0.4329672139526772,1308327_YES.csv,1308327_YES
1771133100,2026-02-15 05:25:00,2,17100.95,18.999950000000002,0.0011110464623309668,9.499975000000001,,0.0015,0.0,0.0,0.001,0.6666666666666666,631838.45,1596739.74,2228578.19,0.0,-0.4329672139526772,-0.0,0.4329672139526772,1308327_YES.csv,1308327_YES
1771133160,2026-02-15 05:26:00,1,5000.0,5.0,0.0009999999999997999,5.0,,0.0015,0.0,0.0,0.001,0.6666666666666666,631838.45,1596739.74,2228578.19,0.0,-0.4329672139526772,-0.0,0.4329672139526772,1308327_YES.csv,1308327_YES
1771133340,2026-02-15 05:29:00,1,1000.0,1.0,0.000999999999999,1.0,,0.0015,0.0,0.0,0.001,0.6666666666666666,631838.45,1596739.74,2228578.19,0.0,-0.4329672139526772,-0.0,0.4329672139526772,1308327_YES.csv,1308327_YES
1771133460,2026-02-15 05:31:00,1,15000.0,15.0,0.0009999999999999332,15.0,,0.0015,0.0,0.0,0.001,0.6666666666666666,631838.45,1596739.74,2228578.19,0.0,-0.4329672139526772,-0.0,0.4329672139526772,1308327_YES.csv,1308327_YES
1771133580,2026-02-15 05:33:00,1,1000.0,1.0,0.000999999999999,1.0,,0.0005,-0.6666666666666667,0.6666666666666667,0.001,2.0,0.0,1846417.55,1846417.55,-382160.6399999999,-1.0,382160.6399999999,1.0,1308327_YES.csv,1308327_YES
1771133700,2026-02-15 05:35:00,1,2050.0,2.05,0.0009999999999995121,2.05,,0.0005,0.0,0.0,0.001,2.0,0.0,1846417.55,1846417.55,0.0,-1.0,-0.0,1.0,1308327_YES.csv,1308327_YES
1771134240,2026-02-15 05:44:00,1,5.98,0.00598,0.000999999999832776,0.00598,,0.0005,0.0,0.0,0.001,2.0,0.0,1846417.55,1846417.55,0.0,-1.0,-0.0,1.0,1308327_YES.csv,1308327_YES
1771134300,2026-02-15 05:45:00,2,11000.0,11.0,0.000999999999999909,5.5,,0.0005,0.0,0.0,0.001,2.0,0.0,1821987.82,1821987.82,-24429.72999999998,-1.0,24429.72999999998,1.0,1308327_YES.csv,1308327_YES
1771134960,2026-02-15 05:56:00,1,1000.0,1.0,0.000999999999999,1.0,,0.0005,0.0,0.0,0.001,2.0,0.0,1821987.82,1821987.82,0.0,-1.0,-0.0,1.0,1308327_YES.csv,1308327_YES
1771135020,2026-02-15 05:57:00,1,5000.0,5.0,0.0009999999999997999,5.0,,0.0005,0.0,0.0,0.001,2.0,0.0,1821776.02,1821776.02,-211.80000000004657,-1.0,211.80000000004657,1.0,1308327_YES.csv,1308327_YES
1771135200,2026-02-15 06:00:00,1,12345.0,12.345,0.000999999999999919,12.345,,0.0005,0.0,0.0,0.001,2.0,0.0,1816419.41,1816419.41,-5356.610000000102,-1.0,5356.610000000102,1.0,1308327_YES.csv,1308327_YES
1771135860,2026-02-15 06:11:00,1,2000.0,2.0,0.0009999999999995,2.0,,0.0005,0.0,0.0,0.001,2.0,0.0,1816419.41,1816419.41,0.0,-1.0,-0.0,1.0,1308327_YES.csv,1308327_YES
1771135920,2026-02-15 06:12:00,1,1000.0,1.0,0.000999999999999,1.0,,0.0005,0.0,0.0,0.001,2.0,0.0,1826130.18,1826130.18,9710.770000000019,-1.0,0.0,1.0,1308327_YES.csv,1308327_YES
1771135980,2026-02-15 06:13:00,1,2000.0,2.0,0.0009999999999995,2.0,,0.0005,0.0,0.0,0.001,2.0,0.0,1826130.18,1826130.18,0.0,-1.0,-0.0,1.0,1308327_YES.csv,1308327_YES
1771136220,2026-02-15 06:17:00,1,5000.0,5.0,0.0009999999999997999,5.0,,0.0005,0.0,0.0,0.001,2.0,0.0,1826130.18,1826130.18,0.0,-1.0,-0.0,1.0,1308327_YES.csv,1308327_YES
1771136700,2026-02-15 06:25:00,1,1000.0,1.0,0.000999999999999,1.0,,0.0005,0.0,0.0,0.001,2.0,0.0,1826130.18,1826130.18,0.0,-1.0,-0.0,1.0,1308327_YES.csv,1308327_YES
1771137180,2026-02-15 06:33:00,1,1000.0,1.0,0.000999999999999,1.0,,0.0005,0.0,0.0,0.001,2.0,0.0,1621619.3099999998,1621619.3099999998,-204510.8700000001,-1.0,204510.8700000001,1.0,1308327_YES.csv,1308327_YES
1771137900,2026-02-15 06:45:00,1,5000.0,5.0,0.0009999999999997999,5.0,,0.0005,0.0,0.0,0.001,2.0,0.0,1490238.41,1490238.41,-131380.8999999999,-1.0,131380.8999999999,1.0,1308327_YES.csv,1308327_YES
1771139280,2026-02-15 07:08:00,1,5000.0,5.0,0.0009999999999997999,5.0,,0.0005,0.0,0.0,0.001,2.0,0.0,1490238.41,1490238.41,0.0,-1.0,-0.0,1.0,1308327_YES.csv,1308327_YES
