bucket,datetime,trade_count,size_sum,amount_sum,vwap,avg_trade_size,max_trade_size,midpoint,midpoint_return,abs_midpoint_return,spread,spread_pct,bid_depth_top5,ask_depth_top5,total_depth,depth_change,depth_imbalance,depth_drop,abs_depth_imbalance,z_trade_count,z_amount_sum,z_avg_trade_size,z_spread,z_depth_drop,z_abs_midpoint_return,z_abs_depth_imbalance,activity_score,liquidity_score,price_dislocation_score,stress_score,is_stress_anomaly,market_file,market_stem
1770982080,2026-02-13 11:28:00,2,504.347825,115.999999,0.22999999851247502,57.9999995,,,0.0,0.0,,0.0,,,,0.0,,-0.0,,0.0,0.0,0.0,0.0,0.0,0.0,0.0,0.0,0.0,0.0,0.0,False,1308327_YES.csv,1308327_YES
1770982140,2026-02-13 11:29:00,3,18.3,4.3238,0.23627322403080475,1.4412666666666667,,,0.0,0.0,,0.0,,,,0.0,,-0.0,,0.0,0.0,0.0,0.0,0.0,0.0,0.0,0.0,0.0,0.0,0.0,False,1308327_YES.csv,1308327_YES
1770982200,2026-02-13 11:30:00,4,135.220335,31.911997000000003,0.23599998476385964,7.977999250000001,,,0.0,0.0,,0.0,,,,0.0,,-0.0,,0.0,0.0,0.0,0.0,0.0,0.0,0.0,0.0,0.0,0.0,0.0,False,1308327_YES.csv,1308327_YES
1770982260,2026-02-13 11:31:00,2,55.685651,13.259998,0.23812234860578138,6.629999,,,0.0,0.0,,0.0,,,,0.0,,-0.0,,0.0,0.0,0.0,0.0,0.0,0.0,0.0,0.0,0.0,0.0,0.0,False,1308327_YES.csv,1308327_YES
1770982320,2026-02-13 11:32:00,1,84.74,19.57494,0.230999999997274,19.57494,,,0.0,0.0,,0.0,,,,0.0,,-0.0,,0.0,0.0,0.0,0.0,0.0,0.0,0.0,0.0,0.0,0.0,0.0,False,1308327_YES.csv,1308327_YES
1770982380,2026-02-13 11:33:00,2,57.45825,13.75725,0.2394303690028946,6.878625,,,0.0,0.0,,0.0,,,,0.0,,-0.0,,0.0,0.0,0.0,0.0,0.0,0.0,0.0,0.0,0.0,0.0,0.0,False,1308327_YES.csv,1308327_YES
1770982440,2026-02-13 11:34:00,6,374.16344399999997,87.288789,0.23329053225137275,14.548131499999998,,,0.0,0.0,,0.0,,,,0.0,,-0.0,,0.0,0.0,0.0,0.0,0.0,0.0,0.0,0.0,0.0,0.0,0.0,False,1308327_YES.csv,1308327_YES
1770982560,2026-02-13 11:36:00,5,11912.287226999999,3010.597848,0.2527304614663777,602.1195696,,,0.0,0.0,,0.0,,,,0.0,,-0.0,,0.0,0.0,0.0,0.0,0.0,0.0,0.0,0.0,0.0,0.0,0.0,False,1308327_YES.csv,1308327_YES
1770982620,2026-02-13 11:37:00,3,256.36,59.8564,0.23348572320083677,19.952133333333332,,,0.0,0.0,,0.0,,,,0.0,,-0.0,,0.0,0.0,0.0,0.0,0.0,0.0,0.0,0.0,0.0,0.0,0.0,False,1308327_YES.csv,1308327_YES
1770982680,2026-02-13 11:38:00,3,454.487254,114.84595800000001,0.25269346277364974,38.281986,,,0.0,0.0,,0.0,,,,0.0,,-0.0,,0.0,0.0,0.0,0.0,0.0,0.0,0.0,0.0,0.0,0.0,0.0,False,1308327_YES.csv,1308327_YES
1770982740,2026-02-13 11:39:00,5,330.508461,80.35799800000001,0.2431344654736596,16.071599600000003,,,0.0,0.0,,0.0,,,,0.0,,-0.0,,0.0,0.0,0.0,0.0,0.0,0.0,0.0,0.0,0.0,0.0,0.0,False,1308327_YES.csv,1308327_YES
1770982800,2026-02-13 11:40:00,6,517.3547249999999,131.685098,0.2545354118486991,21.947516333333336,,,0.0,0.0,,0.0,,,,0.0,,-0.0,,0.0,0.0,0.0,0.0,0.0,0.0,0.0,0.0,0.0,0.0,0.0,False,1308327_YES.csv,1308327_YES
1770982860,2026-02-13 11:41:00,2,38.609843,9.961339,0.25799998719865297,4.9806695,,,0.0,0.0,,0.0,,,,0.0,,-0.0,,0.0,0.0,0.0,0.0,0.0,0.0,0.0,0.0,0.0,0.0,0.0,False,1308327_YES.csv,1308327_YES
1770982920,2026-02-13 11:42:00,3,1452.60652,402.67039800000003,0.2772054182984961,134.223466,,,0.0,0.0,,0.0,,,,0.0,,-0.0,,0.0,0.0,0.0,0.0,0.0,0.0,0.0,0.0,0.0,0.0,0.0,False,1308327_YES.csv,1308327_YES
1770982980,2026-02-13 11:43:00,1,2.02,0.5454,0.2699999998663366,0.5454,,,0.0,0.0,,0.0,,,,0.0,,-0.0,,0.0,0.0,0.0,0.0,0.0,0.0,0.0,0.0,0.0,0.0,0.0,False,1308327_YES.csv,1308327_YES
1770983040,2026-02-13 11:44:00,2,130.043025,33.881699,0.2605422243887318,16.9408495,,,0.0,0.0,,0.0,,,,0.0,,-0.0,,0.0,0.0,0.0,0.0,0.0,0.0,0.0,0.0,0.0,0.0,0.0,False,1308327_YES.csv,1308327_YES
1770983100,2026-02-13 11:45:00,5,312.928351,79.604479,0.2543856405000057,15.9208958,,,0.0,0.0,,0.0,,,,0.0,,-0.0,,0.0,0.0,0.0,0.0,0.0,0.0,0.0,0.0,0.0,0.0,0.0,False,1308327_YES.csv,1308327_YES
1770983160,2026-02-13 11:46:00,3,568.856152,143.382519,0.25205408871054624,47.794173,,,0.0,0.0,,0.0,,,,0.0,,-0.0,,0.0,0.0,0.0,0.0,0.0,0.0,0.0,0.0,0.0,0.0,0.0,False,1308327_YES.csv,1308327_YES
1770983220,2026-02-13 11:47:00,4,202.478499,52.860838,0.2610688950224731,13.2152095,,,0.0,0.0,,0.0,,,,0.0,,-0.0,,0.0,0.0,0.0,0.0,0.0,0.0,0.0,0.0,0.0,0.0,0.0,False,1308327_YES.csv,1308327_YES
1770983340,2026-02-13 11:49:00,5,407.849275,107.658197,0.26396564515098386,21.5316394,,,0.0,0.0,,0.0,,,,0.0,,-0.0,,1.0541463322499007,-0.17845915721542122,-0.2406936502287796,0.0,0.0,0.0,0.0,0.6349935248056999,0.0,0.0,0.6349935248056999,False,1308327_YES.csv,1308327_YES
1770983400,2026-02-13 11:50:00,4,444.168135,116.494719,0.262276173863165,29.12367975,,,0.0,0.0,,0.0,,,,0.0,,-0.0,,0.40402686652827197,-0.16121276410057778,-0.1790578955960957,0.0,0.0,0.0,0.0,0.0637562068315985,0.0,0.0,0.0637562068315985,False,1308327_YES.csv,1308327_YES
1770983460,2026-02-13 11:51:00,3,313.108824,81.84039899999999,0.26138004657364305,27.280132999999996,,,0.0,0.0,,0.0,,,,0.0,,-0.0,,-0.24283339755490596,-0.209993592832889,-0.18891993726449904,0.0,0.0,0.0,0.0,-0.641746927652294,0.0,0.0,-0.641746927652294,False,1308327_YES.csv,1308327_YES
1770983520,2026-02-13 11:52:00,2,55.04,14.3104,0.2599999999952762,7.1552,,,0.0,0.0,,0.0,,,,0.0,,-0.0,,-0.8751560944741161,-0.30977535399210127,-0.34005587503713725,0.0,0.0,0.0,0.0,-1.5249873235033546,0.0,0.0,-1.5249873235033546,False,1308327_YES.csv,1308327_YES
1770983580,2026-02-13 11:53:00,4,2296.679388,604.241739,0.2630936395201091,151.06043475,,,0.0,0.0,,0.0,,,,0.0,,-0.0,,0.45520018366341536,0.6273447822619286,0.7949797359308887,0.0,0.0,0.0,0.0,1.8775247018562324,0.0,0.0,1.8775247018562324,False,1308327_YES.csv,1308327_YES
1770983640,2026-02-13 11:54:00,3,22.369999999999997,5.82655,0.26046267321142325,1.9421833333333334,,,0.0,0.0,,0.0,,,,0.0,,-0.0,,-0.22295456457331753,-0.3473163121620121,-0.41007889403956543,0.0,0.0,0.0,0.0,-0.980349770774895,0.0,0.0,-0.980349770774895,False,1308327_YES.csv,1308327_YES
1770983700,2026-02-13 11:55:00,2,1810.0,454.73339999999996,0.25123392265179484,227.36669999999998,,,0.0,0.0,,0.0,,,,0.0,,-0.0,,-0.887635738563832,0.3947471300890611,1.3742466266001947,0.0,0.0,0.0,0.0,0.8813580181254237,0.0,0.0,0.8813580181254237,False,1308327_YES.csv,1308327_YES
1770983760,2026-02-13 11:56:00,3,135.14741,35.003178000000005,0.25899999119288336,11.667726000000002,,,0.0,0.0,,0.0,,,,0.0,,-0.0,,-0.18477738235847016,-0.31311541712389457,-0.3699318508813414,0.0,0.0,0.0,0.0,-0.8678246503637062,0.0,0.0,-0.8678246503637062,False,1308327_YES.csv,1308327_YES
1770983820,2026-02-13 11:57:00,1,129.343628,33.499999,0.2589999949571617,33.499999,,,0.0,0.0,,0.0,,,,0.0,,-0.0,,-1.5112788651706066,-0.3096706743326083,-0.18617335201657392,0.0,0.0,0.0,0.0,-2.007122891519789,0.0,0.0,-2.007122891519789,False,1308327_YES.csv,1308327_YES
1770983880,2026-02-13 11:58:00,1,7.722006,1.999999,0.2589999282234435,1.999999,,,0.0,0.0,,0.0,,,,0.0,,-0.0,,-1.4287410333712933,-0.3581874763898615,-0.4419905599807259,0.0,0.0,0.0,0.0,-2.2289190697418806,0.0,0.0,-2.2289190697418806,False,1308327_YES.csv,1308327_YES
1770983940,2026-02-13 11:59:00,1,2.02,0.5353,0.26499999986881184,0.5353,,,0.0,0.0,,0.0,,,,0.0,,-0.0,,-1.358508271520633,-0.3541605321747778,-0.44553371621521254,0.0,0.0,0.0,0.0,-2.158202519910623,0.0,0.0,-2.158202519910623,False,1308327_YES.csv,1308327_YES
1770984000,2026-02-13 12:00:00,3,1713.851002,438.30309900000003,0.25574165927391646,146.101033,,,0.0,0.0,,0.0,,,,0.0,,-0.0,,-0.021920479370468083,0.4330575527336713,0.7929430085762852,0.0,0.0,0.0,0.0,1.2040800819394883,0.0,0.0,1.2040800819394883,False,1308327_YES.csv,1308327_YES
1770984060,2026-02-13 12:01:00,4,1178.785172,305.305359,0.2589999995348949,76.32633975,,,0.0,0.0,,0.0,,,,0.0,,-0.0,,0.6431196942844081,0.18505238359185083,0.18241773441031078,0.0,0.0,0.0,0.0,1.0105898122865697,0.0,0.0,1.0105898122865697,False,1308327_YES.csv,1308327_YES
1770984120,2026-02-13 12:02:00,3,46.561936,12.001679,0.25775730201042846,4.000559666666667,,,0.0,0.0,,0.0,,,,0.0,,-0.0,,-0.042239449066010855,-0.35782675194930375,-0.4492212331507468,0.0,0.0,0.0,0.0,-0.8492874341660615,0.0,0.0,-0.8492874341660615,False,1308327_YES.csv,1308327_YES
1770984180,2026-02-13 12:03:00,4,112.93384400000001,29.313338,0.25956203173019093,7.3283345,,,0.0,0.0,,0.0,,,,0.0,,-0.0,,0.6411534113100961,-0.31979321277435635,-0.41228422698640993,0.0,0.0,0.0,0.0,-0.09092402845067021,0.0,0.0,-0.09092402845067021,False,1308327_YES.csv,1308327_YES
1770984240,2026-02-13 12:04:00,1,40.0,10.27,0.2567499999935813,10.27,,,0.0,0.0,,0.0,,,,0.0,,-0.0,,-1.404067508012966,-0.3508033590863524,-0.37937808256354744,0.0,0.0,0.0,0.0,-2.134248949662866,0.0,0.0,-2.134248949662866,False,1308327_YES.csv,1308327_YES
1770984300,2026-02-13 12:05:00,1,11.41,3.03506,0.2659999999766871,3.03506,,,0.0,0.0,,0.0,,,,0.0,,-0.0,,-1.347533833788864,-0.359267268230846,-0.43856904341358083,0.0,0.0,0.0,0.0,-2.145370145433291,0.0,0.0,-2.145370145433291,False,1308327_YES.csv,1308327_YES
1770984360,2026-02-13 12:06:00,6,6134.986714,1619.882138,0.26404004010362,269.9803563333333,,,0.0,0.0,,0.0,,,,0.0,,-0.0,,1.9298165652415347,2.5274682860731166,1.9087720266881525,0.0,0.0,0.0,0.0,6.366056878002803,0.0,0.0,6.366056878002803,False,1308327_YES.csv,1308327_YES
1770984420,2026-02-13 12:07:00,5,165.60000000000002,44.47881,0.268591847824465,8.895762000000001,,,0.0,0.0,,0.0,,,,0.0,,-0.0,,1.2315439110556716,-0.3200055837929089,-0.41529803361163087,0.0,0.0,0.0,0.0,0.49624029365113187,0.0,0.0,0.49624029365113187,False,1308327_YES.csv,1308327_YES
1770984480,2026-02-13 12:08:00,5,142.59,38.10824,0.26725745143230767,7.621648,,,0.0,0.0,,0.0,,,,0.0,,-0.0,,1.1924921056499378,-0.3270414297471105,-0.4204317449084273,0.0,0.0,0.0,0.0,0.44501893099440004,0.0,0.0,0.44501893099440004,False,1308327_YES.csv,1308327_YES
1770984540,2026-02-13 12:09:00,2,46.094812000000005,12.254199999999999,0.26584770537157526,6.1270999999999995,,,0.0,0.0,,0.0,,,,0.0,,-0.0,,-0.7309835441466936,-0.36973073604678525,-0.4277205402791983,0.0,0.0,0.0,0.0,-1.5284348204726772,0.0,0.0,-1.5284348204726772,False,1308327_YES.csv,1308327_YES
1770984600,2026-02-13 12:10:00,4,807.468565,210.269849,0.2604062351328062,52.56746225,,,0.0,0.0,,0.0,,,,0.0,,-0.0,,0.5594846163570139,0.0016368256271098107,0.0006390691619309624,0.0,0.0,0.0,0.0,0.5617605111460546,0.0,0.0,0.5617605111460546,False,1308327_YES.csv,1308327_YES
1770984720,2026-02-13 12:12:00,5,104.848478,27.639996,0.26361847617603357,5.5279992,,,0.0,0.0,,0.0,,,,0.0,,-0.0,,1.1796309458595362,-0.34072869353759083,-0.4326406512541372,0.0,0.0,0.0,0.0,0.4062616010678082,0.0,0.0,0.4062616010678082,False,1308327_YES.csv,1308327_YES
1770984780,2026-02-13 12:13:00,1,3.787877,0.999999,0.26399986053823815,0.999999,,,0.0,0.0,,0.0,,,,0.0,,-0.0,,-1.3785852143642892,-0.38670347495062574,-0.4686777416122328,0.0,0.0,0.0,0.0,-2.233966430927148,0.0,0.0,-2.233966430927148,False,1308327_YES.csv,1308327_YES
1770984840,2026-02-13 12:14:00,6,641.621326,168.293787,0.2622945656262955,28.0489645,,,0.0,0.0,,0.0,,,,0.0,,-0.0,,1.7545134735353891,-0.06146114918210682,-0.2085936858011361,0.0,0.0,0.0,0.0,1.484458638552146,0.0,0.0,1.484458638552146,False,1308327_YES.csv,1308327_YES
1770984900,2026-02-13 12:15:00,5,4512.55228,1155.175409,0.2559915846558887,231.0350818,,,0.0,0.0,,0.0,,,,0.0,,-0.0,,1.0988275860806187,1.785129099919737,1.6705221660992753,0.0,0.0,0.0,0.0,4.554478852099631,0.0,0.0,4.554478852099631,False,1308327_YES.csv,1308327_YES
1770984960,2026-02-13 12:16:00,4,427.02,111.23819999999999,0.260498805675939,27.809549999999998,,,0.0,0.0,,0.0,,,,0.0,,-0.0,,0.46670119852969183,-0.2070673368310081,-0.2414991094832839,0.0,0.0,0.0,0.0,0.01813475221539984,0.0,0.0,0.01813475221539984,False,1308327_YES.csv,1308327_YES
1770985020,2026-02-13 12:17:00,1,578.679806,149.999999,0.25921070243764616,149.999999,,,0.0,0.0,,0.0,,,,0.0,,-0.0,,-1.3823195295101849,-0.13080113223466067,0.9040520059722817,0.0,0.0,0.0,0.0,-0.6090686557725639,0.0,0.0,-0.6090686557725639,False,1308327_YES.csv,1308327_YES
1770985080,2026-02-13 12:18:00,2,800.6923059999999,206.179999,0.2575021608859353,103.0899995,,,0.0,0.0,,0.0,,,,0.0,,-0.0,,-0.74531450675965,-0.020909598632952803,0.4508723432453989,0.0,0.0,0.0,0.0,-0.315351762147204,0.0,0.0,-0.315351762147204,False,1308327_YES.csv,1308327_YES
1770985140,2026-02-13 12:19:00,1,37.735848,9.999999,0.26499998091297705,9.999999,,,0.0,0.0,,0.0,,,,0.0,,-0.0,,-1.3332236075105468,-0.40323565593420624,-0.4394124587904818,0.0,0.0,0.0,0.0,-2.175871722235235,0.0,0.0,-2.175871722235235,False,1308327_YES.csv,1308327_YES
1770985260,2026-02-13 12:21:00,2,344.52829799999995,90.99999799999999,0.2641292414236925,45.499998999999995,,,0.0,0.0,,0.0,,,,0.0,,-0.0,,-0.7004468560940261,-0.23946096244701273,-0.0940043258075736,0.0,0.0,0.0,0.0,-1.0339121443486126,0.0,0.0,-1.0339121443486126,False,1308327_YES.csv,1308327_YES
1770985320,2026-02-13 12:22:00,1,7.0,1.82,0.25999999996285716,1.82,,,0.0,0.0,,0.0,,,,0.0,,-0.0,,-1.2905465795237467,-0.41395921173997885,-0.5157478825938379,0.0,0.0,0.0,0.0,-2.2202536738575636,0.0,0.0,-2.2202536738575636,False,1308327_YES.csv,1308327_YES
1770985380,2026-02-13 12:23:00,10,6997.054089,1790.573708,0.2559039397472555,179.0573708,,,0.0,0.0,,0.0,,,,0.0,,-0.0,,3.6472981254134105,2.9014119436790757,1.2049877721396545,0.0,0.0,0.0,0.0,7.753697841232141,0.0,0.0,7.753697841232141,False,1308327_YES.csv,1308327_YES
1770985440,2026-02-13 12:24:00,2,42.72,10.83272,0.25357490636110547,5.41636,,,0.0,0.0,,0.0,,,,0.0,,-0.0,,-0.6422709648776846,-0.41671369805915115,-0.495686151996678,0.0,0.0,0.0,0.0,-1.5546708149335138,0.0,0.0,-1.5546708149335138,False,1308327_YES.csv,1308327_YES
1770985500,2026-02-13 12:25:00,4,42.940115,11.035539,0.256998356891755,2.75888475,,,0.0,0.0,,0.0,,,,0.0,,-0.0,,0.43358910143615,-0.41185932515900947,-0.515906166930184,0.0,0.0,0.0,0.0,-0.4941763906530435,0.0,0.0,-0.4941763906530435,False,1308327_YES.csv,1308327_YES
1770985560,2026-02-13 12:26:00,2,206.850392,52.499999,0.25380662077617033,26.2499995,,,0.0,0.0,,0.0,,,,0.0,,-0.0,,-0.6469818010393077,-0.32987990139563556,-0.27899232400691043,0.0,0.0,0.0,0.0,-1.2558540264418538,0.0,0.0,-1.2558540264418538,False,1308327_YES.csv,1308327_YES
1770985620,2026-02-13 12:27:00,6,190.660978,48.125048,0.2524116287694045,8.020841333333333,,,0.0,0.0,,0.0,,,,0.0,,-0.0,,1.4971548376343435,-0.3349215282508495,-0.4573328001765691,0.0,0.0,0.0,0.0,0.7049005092069249,0.0,0.0,0.7049005092069249,False,1308327_YES.csv,1308327_YES
1770985740,2026-02-13 12:29:00,4,1144.087781,289.58171899999996,0.25311145159389375,72.39542974999999,,,0.0,0.0,,0.0,,,,0.0,,-0.0,,0.4111130022110365,0.12954566423132868,0.19292069240684911,0.0,0.0,0.0,0.0,0.7335793588492143,0.0,0.0,0.7335793588492143,False,1308327_YES.csv,1308327_YES
1770985800,2026-02-13 12:30:00,5,486.94000000000005,121.15562000000001,0.24881016141567994,24.231124,,,0.0,0.0,,0.0,,,,0.0,,-0.0,,0.9404318187195905,-0.19637866478717178,-0.29637156503345924,0.0,0.0,0.0,0.0,0.4476815888989594,0.0,0.0,0.4476815888989594,False,1308327_YES.csv,1308327_YES
1770985860,2026-02-13 12:31:00,1,100.0,25.4,0.25399999999746,25.4,,,0.0,0.0,,0.0,,,,0.0,,-0.0,,-1.2149490397084115,-0.3805668682246845,-0.28175872458975265,0.0,0.0,0.0,0.0,-1.8772746325228487,0.0,0.0,-1.8772746325228487,False,1308327_YES.csv,1308327_YES
1770985920,2026-02-13 12:32:00,1,39.0625,10.0,0.2559999999934464,10.0,,,0.0,0.0,,0.0,,,,0.0,,-0.0,,-1.1901547185001848,-0.4070456557260347,-0.4372849878835496,0.0,0.0,0.0,0.0,-2.034485362109769,0.0,0.0,-2.034485362109769,False,1308327_YES.csv,1308327_YES
1770985980,2026-02-13 12:33:00,6,4472.611049,1127.806308,0.2521583691593093,187.967718,,,0.0,0.0,,0.0,,,,0.0,,-0.0,,1.4566845315858212,1.7382800893987982,1.3774614088731767,0.0,0.0,0.0,0.0,4.572426029857796,0.0,0.0,4.572426029857796,False,1308327_YES.csv,1308327_YES
1770986040,2026-02-13 12:34:00,8,3201.197706,790.342029,0.24688947749725554,98.792753625,,,0.0,0.0,,0.0,,,,0.0,,-0.0,,2.3569248416825475,1.0501846161150896,0.44426601065201266,0.0,0.0,0.0,0.0,3.8513754684496497,0.0,0.0,3.8513754684496497,False,1308327_YES.csv,1308327_YES
1770986100,2026-02-13 12:35:00,3,3149.8399999999997,774.47846,0.24587866685284146,258.1594866666667,,,0.0,0.0,,0.0,,,,0.0,,-0.0,,-0.16907179338325326,0.9888575859294092,1.9755183044216593,0.0,0.0,0.0,0.0,2.7953040969678153,0.0,0.0,2.7953040969678153,False,1308327_YES.csv,1308327_YES
1770986160,2026-02-13 12:36:00,3,146.14326400000002,34.944239,0.23910947411001363,11.648079666666668,,,0.0,0.0,,0.0,,,,0.0,,-0.0,,-0.1781805203315152,-0.4245919920867501,-0.48045742044376344,0.0,0.0,0.0,0.0,-1.0832299328620287,0.0,0.0,-1.0832299328620287,False,1308327_YES.csv,1308327_YES
1770986220,2026-02-13 12:37:00,4,537.866665,128.803199,0.23947049962607458,32.20079975,,,0.0,0.0,,0.0,,,,0.0,,-0.0,,0.309036562759655,-0.24903879237170684,-0.27798901180526714,0.0,0.0,0.0,0.0,-0.21799124141731896,0.0,0.0,-0.21799124141731896,False,1308327_YES.csv,1308327_YES
1770986280,2026-02-13 12:38:00,5,532.602033,122.593079,0.23017763997113735,24.5186158,,,0.0,0.0,,0.0,,,,0.0,,-0.0,,0.7975379997952093,-0.2647327483933799,-0.357987265317102,0.0,0.0,0.0,0.0,0.17481798608472743,0.0,0.0,0.17481798608472743,False,1308327_YES.csv,1308327_YES
1770986340,2026-02-13 12:39:00,6,2028.98,462.03974999999997,0.2277202091690269,77.006625,,,0.0,0.0,,0.0,,,,0.0,,-0.0,,1.3120786448243766,0.3734579418814434,0.15587905853156994,0.0,0.0,0.0,0.0,1.84141564523739,0.0,0.0,1.84141564523739,False,1308327_YES.csv,1308327_YES
1770986400,2026-02-13 12:40:00,4,1857.424672,428.155928,0.2305105205363448,107.038982,,,0.0,0.0,,0.0,,,,0.0,,-0.0,,0.2929676798069316,0.5387116253775512,0.7609577266094437,0.0,0.0,0.0,0.0,1.5926370317939265,0.0,0.0,1.5926370317939265,False,1308327_YES.csv,1308327_YES
1770986460,2026-02-13 12:41:00,8,4487.869003,1034.570399,0.23052597977084252,129.321299875,,,0.0,0.0,,0.0,,,,0.0,,-0.0,,2.2183676928112175,2.0239015631628448,1.0420574454702227,0.0,0.0,0.0,0.0,5.284326701444284,0.0,0.0,5.284326701444284,False,1308327_YES.csv,1308327_YES
1770986520,2026-02-13 12:42:00,4,654.10915,148.82573799999997,0.22752431761545064,37.20643449999999,,,0.0,0.0,,0.0,,,,0.0,,-0.0,,0.23093211984720965,-0.23445799326353475,-0.2490295786499149,0.0,0.0,0.0,0.0,-0.25255545206623997,0.0,0.0,-0.25255545206623997,False,1308327_YES.csv,1308327_YES
1770986580,2026-02-13 12:43:00,3,311.01000000000005,71.01028000000001,0.2283215330689421,23.670093333333337,,,0.0,0.0,,0.0,,,,0.0,,-0.0,,-0.24842600743792528,-0.4323369070589099,-0.4409510088685593,0.0,0.0,0.0,0.0,-1.1217139233653945,0.0,0.0,-1.1217139233653945,False,1308327_YES.csv,1308327_YES
1770986640,2026-02-13 12:44:00,4,34.793625,7.838978,0.22529926099320496,1.9597445,,,0.0,0.0,,0.0,,,,0.0,,-0.0,,0.2684163169665556,-0.5867139048035147,-0.7387712673484617,0.0,0.0,0.0,0.0,-1.0570688551854208,0.0,0.0,-1.0570688551854208,False,1308327_YES.csv,1308327_YES
1770986760,2026-02-13 12:46:00,1,399.57,89.60368,0.2242502690386559,89.60368,,,0.0,0.0,,0.0,,,,0.0,,-0.0,,-1.2227999031421046,-0.3828227820874511,0.46875958544575413,0.0,0.0,0.0,0.0,-1.1368630997838016,0.0,0.0,-1.1368630997838016,False,1308327_YES.csv,1308327_YES
1770986820,2026-02-13 12:47:00,1,35.242289,7.999999000000001,0.226999982883433,7.999999000000001,,,0.0,0.0,,0.0,,,,0.0,,-0.0,,-1.1918244152763167,-0.5731264599495252,-0.6504393132723835,0.0,0.0,0.0,0.0,-2.4153901884982254,0.0,0.0,-2.4153901884982254,False,1308327_YES.csv,1308327_YES
1770986880,2026-02-13 12:48:00,2,304.12,68.15873,0.22411788109882905,34.079365,,,0.0,0.0,,0.0,,,,0.0,,-0.0,,-0.7125521842534559,-0.42361068839956073,-0.2913653623489322,0.0,0.0,0.0,0.0,-1.4275282350019487,0.0,0.0,-1.4275282350019487,False,1308327_YES.csv,1308327_YES
1770986940,2026-02-13 12:49:00,1,2.0,0.454,0.2269999998865,0.454,,,0.0,0.0,,0.0,,,,0.0,,-0.0,,-1.1918244152763167,-0.5941747751607357,-0.7622404229453157,0.0,0.0,0.0,0.0,-2.5482396133823677,0.0,0.0,-2.5482396133823677,False,1308327_YES.csv,1308327_YES
1770987060,2026-02-13 12:51:00,1,200.0,45.4,0.226999999998865,45.4,,,0.0,0.0,,0.0,,,,0.0,,-0.0,,-1.1516897028217234,-0.478021832195407,-0.1339127684889564,0.0,0.0,0.0,0.0,-1.763624303506087,0.0,0.0,-1.763624303506087,False,1308327_YES.csv,1308327_YES
1770987120,2026-02-13 12:52:00,6,440.708706,100.249998,0.22747451238181923,16.708333,,,0.0,0.0,,0.0,,,,0.0,,-0.0,,1.257056154006839,-0.3365038969151076,-0.5320243876197696,0.0,0.0,0.0,0.0,0.38852786947196183,0.0,0.0,0.38852786947196183,False,1308327_YES.csv,1308327_YES
1770987180,2026-02-13 12:53:00,4,3341.119129,768.452399,0.22999850329484314,192.11309975,,,0.0,0.0,,0.0,,,,0.0,,-0.0,,0.29008988169388594,1.3142672204589905,1.8544118184372809,0.0,0.0,0.0,0.0,3.458768920590157,0.0,0.0,3.458768920590157,False,1308327_YES.csv,1308327_YES
1770987240,2026-02-13 12:54:00,2,10.0,2.3049999999999997,0.23049999997695,1.1524999999999999,,,0.0,0.0,,0.0,,,,0.0,,-0.0,,-0.6536741441631808,-0.601996869445826,-0.7655757374751953,0.0,0.0,0.0,0.0,-2.021246751084202,0.0,0.0,-2.021246751084202,False,1308327_YES.csv,1308327_YES
1770987300,2026-02-13 12:55:00,3,464.66999999999996,106.87410000000001,0.22999999999950504,35.624700000000004,,,0.0,0.0,,0.0,,,,0.0,,-0.0,,-0.16150266960644602,-0.33978421211527493,-0.2944089530995833,0.0,0.0,0.0,0.0,-0.7956958348213043,0.0,0.0,-0.7956958348213043,False,1308327_YES.csv,1308327_YES
1770987360,2026-02-13 12:56:00,10,503.81,115.12258,0.22850395982567137,11.512258,,,0.0,0.0,,0.0,,,,0.0,,-0.0,,2.9299940589850406,-0.3206908272842793,-0.6205143818836466,0.0,0.0,0.0,0.0,1.988788849817115,0.0,0.0,1.988788849817115,False,1308327_YES.csv,1308327_YES
1770987420,2026-02-13 12:57:00,6,1250.8100000000002,285.25280000000004,0.22805446070927796,47.54213333333334,,,0.0,0.0,,0.0,,,,0.0,,-0.0,,1.1031575308617292,0.09430513901674137,-0.1367696810149117,0.0,0.0,0.0,0.0,1.0606929888635588,0.0,0.0,1.0606929888635588,False,1308327_YES.csv,1308327_YES
1770987480,2026-02-13 12:58:00,1,2666.73,585.88416,0.2197013420930428,585.88416,,,0.0,0.0,,0.0,,,,0.0,,-0.0,,-1.0850106978947187,0.8505844180585916,5.258982763803401,0.0,0.0,0.0,0.0,5.024556483967274,0.0,0.0,5.024556483967274,False,1308327_YES.csv,1308327_YES
1770987540,2026-02-13 12:59:00,4,822.3528560000001,180.02977900000002,0.21892035479205665,45.007444750000005,,,0.0,0.0,,0.0,,,,0.0,,-0.0,,0.22724712416664278,-0.1770842640329982,-0.20697360490807826,0.0,0.0,0.0,0.0,-0.15681074477443369,0.0,0.0,-0.15681074477443369,False,1308327_YES.csv,1308327_YES
1770987600,2026-02-13 13:00:00,2,88.62,19.762259999999998,0.2229999999974836,9.881129999999999,,,0.0,0.0,,0.0,,,,0.0,,-0.0,,-0.652419162930039,-0.5624723857434715,-0.5371215286825525,0.0,0.0,0.0,0.0,-1.7520130773560627,0.0,0.0,-1.7520130773560627,False,1308327_YES.csv,1308327_YES
1770987660,2026-02-13 13:01:00,4,1031.6100000000001,228.90581,0.22189180988918106,57.2264525,,,0.0,0.0,,0.0,,,,0.0,,-0.0,,0.2199105630425808,-0.0438650344249901,-0.05557202750705901,0.0,0.0,0.0,0.0,0.1204735011105317,0.0,0.0,0.1204735011105317,False,1308327_YES.csv,1308327_YES
1770987720,2026-02-13 13:02:00,3,394.91328699999997,88.399229,0.22384465630748995,29.466409666666667,,,0.0,0.0,,0.0,,,,0.0,,-0.0,,-0.23693955110363688,-0.40140180927689756,-0.3424828124351016,0.0,0.0,0.0,0.0,-0.980824172815636,0.0,0.0,-0.980824172815636,False,1308327_YES.csv,1308327_YES
1770987780,2026-02-13 13:03:00,2,137.336855,30.999997999999998,0.22572235253074838,15.499998999999999,,,0.0,0.0,,0.0,,,,0.0,,-0.0,,-0.693357372736918,-0.5481162468656618,-0.4901682823377832,0.0,0.0,0.0,0.0,-1.731641901940363,0.0,0.0,-1.731641901940363,False,1308327_YES.csv,1308327_YES
1770987840,2026-02-13 13:04:00,5,509.57444300000003,113.01791899999999,0.22178882899701893,22.6035838,,,0.0,0.0,,0.0,,,,0.0,,-0.0,,0.6237586987980146,-0.34619266841020646,-0.42115850859178905,0.0,0.0,0.0,0.0,-0.1435924782039809,0.0,0.0,-0.1435924782039809,False,1308327_YES.csv,1308327_YES
1770987900,2026-02-13 13:05:00,6,145.918645,33.008889,0.22621433333467283,5.501481500000001,,,0.0,0.0,,0.0,,,,0.0,,-0.0,,1.0429093415334034,-0.5316887172851398,-0.5766556237983473,0.0,0.0,0.0,0.0,-0.0654349995500837,0.0,0.0,-0.0654349995500837,False,1308327_YES.csv,1308327_YES
1770987960,2026-02-13 13:06:00,2,1012.658226,238.999999,0.23601249944298974,119.4999995,,,0.0,0.0,,0.0,,,,0.0,,-0.0,,-0.7268441231475072,-0.006821379506640085,0.6034750508716198,0.0,0.0,0.0,0.0,-0.13019045178252753,0.0,0.0,-0.13019045178252753,False,1308327_YES.csv,1308327_YES
1770988020,2026-02-13 13:07:00,3,26.070636999999998,6.095519,0.2338078275481413,2.031839666666667,,,0.0,0.0,,0.0,,,,0.0,,-0.0,,-0.2818375171388293,-0.5968878718237013,-0.6180821607298124,0.0,0.0,0.0,0.0,-1.496807549692343,0.0,0.0,-1.496807549692343,False,1308327_YES.csv,1308327_YES
1770988080,2026-02-13 13:08:00,18,2494.1200000000003,580.67569,0.23281786361512963,32.25976055555556,,,0.0,0.0,,0.0,,,,0.0,,-0.0,,4.850434473037813,0.8332086840303546,-0.3085985161719622,0.0,0.0,0.0,0.0,5.375044640896206,0.0,0.0,5.375044640896206,False,1308327_YES.csv,1308327_YES
1770988140,2026-02-13 13:09:00,3,4.14,0.9522,0.22999999994444448,0.3174,,,0.0,0.0,,0.0,,,,0.0,,-0.0,,-0.31122103500683485,-0.6304436936975122,-0.6390749758558084,0.0,0.0,0.0,0.0,-1.5807397045601554,0.0,0.0,-1.5807397045601554,False,1308327_YES.csv,1308327_YES
1770988200,2026-02-13 13:10:00,6,10453.94,2480.04687,0.23723561355811898,413.34114500000004,,,0.0,0.0,,0.0,,,,0.0,,-0.0,,0.7005079967203915,4.482326508746459,3.2554686775252915,0.0,0.0,0.0,0.0,8.438303182992142,0.0,0.0,8.438303182992142,False,1308327_YES.csv,1308327_YES
1770988260,2026-02-13 13:11:00,6,6230.507078,1526.502056,0.2450044654294436,254.41700933333334,,,0.0,0.0,,0.0,,,,0.0,,-0.0,,0.7005079967203915,2.5540496175265344,1.7654599917555158,0.0,0.0,0.0,0.0,5.020017606002442,0.0,0.0,5.020017606002442,False,1308327_YES.csv,1308327_YES
1770988320,2026-02-13 13:12:00,4,128.594304,33.158958000000005,0.25785712872431843,8.289739500000001,,,0.0,0.0,,0.0,,,,0.0,,-0.0,,0.01159109611432341,-0.5309000988579738,-0.5689464299471233,0.0,0.0,0.0,0.0,-1.0882554326907736,0.0,0.0,-1.0882554326907736,False,1308327_YES.csv,1308327_YES
1770988380,2026-02-13 13:13:00,7,1629.2397330000001,414.708497,0.2545411142386775,59.244071000000005,,,0.0,0.0,,0.0,,,,0.0,,-0.0,,1.0346808764682143,0.24475113686253733,-0.094089685628259,0.0,0.0,0.0,0.0,1.1853423277024926,0.0,0.0,1.1853423277024926,False,1308327_YES.csv,1308327_YES
1770988440,2026-02-13 13:14:00,2,450.0,117.57085,0.26126855555497497,58.785425,,,0.0,0.0,,0.0,,,,0.0,,-0.0,,-0.6897872509788096,-0.37446892139977406,-0.1071205793177991,0.0,0.0,0.0,0.0,-1.171376751696383,0.0,0.0,-1.171376751696383,False,1308327_YES.csv,1308327_YES
1770988500,2026-02-13 13:15:00,5,2899.69,755.1239199999999,0.2604153961284618,151.02478399999998,,,0.0,0.0,,0.0,,,,0.0,,-0.0,,0.3388097150069774,0.9218995486363143,0.7536184145950046,0.0,0.0,0.0,0.0,2.0143276782382964,0.0,0.0,2.0143276782382964,False,1308327_YES.csv,1308327_YES
1770988560,2026-02-13 13:16:00,9,1970.957087,510.72098900000003,0.259123342851219,56.746776555555556,,,0.0,0.0,,0.0,,,,0.0,,-0.0,,1.6552044355589264,0.4028067037322341,-0.15014592169440855,0.0,0.0,0.0,0.0,1.9078652175967519,0.0,0.0,1.9078652175967519,False,1308327_YES.csv,1308327_YES
1770988620,2026-02-13 13:17:00,6,224.57694500000002,58.572949,0.2608146130037488,9.762158166666667,,,0.0,0.0,,0.0,,,,0.0,,-0.0,,0.6209335197485224,-0.5319214602468811,-0.599639409406459,0.0,0.0,0.0,0.0,-0.5106273499048177,0.0,0.0,-0.5106273499048177,False,1308327_YES.csv,1308327_YES
1770988680,2026-02-13 13:18:00,5,1376.887534,341.67711800000006,0.24815179857656539,68.33542360000001,,,0.0,0.0,,0.0,,,,0.0,,-0.0,,0.28864128035116465,0.04647319543095508,-0.04766003171120635,0.0,0.0,0.0,0.0,0.28745444407091336,0.0,0.0,0.28745444407091336,False,1308327_YES.csv,1308327_YES
1770988740,2026-02-13 13:19:00,2,45.15,10.91394,0.24172624584182217,5.45697,,,0.0,0.0,,0.0,,,,0.0,,-0.0,,-0.7105147423302941,-0.6113517181213104,-0.6224250154549283,0.0,0.0,0.0,0.0,-1.9442914759065326,0.0,0.0,-1.9442914759065326,False,1308327_YES.csv,1308327_YES
1770988800,2026-02-13 13:20:00,3,201.71,47.07672000000001,0.2333881314747242,15.692240000000004,,,0.0,0.0,,0.0,,,,0.0,,-0.0,,-0.36611533241529753,-0.5320737823550653,-0.5206122896532772,0.0,0.0,0.0,0.0,-1.4188014044236401,0.0,0.0,-1.4188014044236401,False,1308327_YES.csv,1308327_YES
1770988860,2026-02-13 13:21:00,2,919.26,219.7092,0.23900659225873094,109.8546,,,0.0,0.0,,0.0,,,,0.0,,-0.0,,-0.7132880344585077,-0.17007744570596814,0.40079563701428655,0.0,0.0,0.0,0.0,-0.48256984315018936,0.0,0.0,-0.48256984315018936,False,1308327_YES.csv,1308327_YES
1770988920,2026-02-13 13:22:00,3,260.262693,62.999997,0.24206311044264012,20.999999,,,0.0,0.0,,0.0,,,,0.0,,-0.0,,-0.38048658508939714,-0.49528089716096185,-0.450774859923385,0.0,0.0,0.0,0.0,-1.326542342173744,0.0,0.0,-1.326542342173744,False,1308327_YES.csv,1308327_YES
1770988980,2026-02-13 13:23:00,1,204.918031,49.999999,0.2439999972464892,49.999999,,,0.0,0.0,,0.0,,,,0.0,,-0.0,,-1.0619550956972728,-0.5245317293725769,-0.1755123154041289,0.0,0.0,0.0,0.0,-1.7619991404739785,0.0,0.0,-1.7619991404739785,False,1308327_YES.csv,1308327_YES
1770989040,2026-02-13 13:24:00,9,1652.0781350000002,408.79748700000005,0.2474444025008251,45.421943000000006,,,0.0,0.0,,0.0,,,,0.0,,-0.0,,1.595311100798925,0.22196713444607089,-0.22015220593839321,0.0,0.0,0.0,0.0,1.5971260293066027,0.0,0.0,1.5971260293066027,False,1308327_YES.csv,1308327_YES
1770989100,2026-02-13 13:25:00,4,1704.01,429.87649,0.2522734549678392,107.4691225,,,0.0,0.0,,0.0,,,,0.0,,-0.0,,-0.09579033407838647,0.25218909153171576,0.36875903173920005,0.0,0.0,0.0,0.0,0.5251577891925293,0.0,0.0,0.5251577891925293,False,1308327_YES.csv,1308327_YES
1770989160,2026-02-13 13:26:00,1,46.53,11.72556,0.25199999999458417,11.72556,,,0.0,0.0,,0.0,,,,0.0,,-0.0,,-1.0840230356198965,-0.624902188983035,-0.5441033717579313,0.0,0.0,0.0,0.0,-2.253028596360863,0.0,0.0,-2.253028596360863,False,1308327_YES.csv,1308327_YES
1770989280,2026-02-13 13:28:00,2,210.0,53.97,0.2569999999987762,26.985,,,0.0,0.0,,0.0,,,,0.0,,-0.0,,-0.7380582370178019,-0.5291472720270809,-0.3980600134281774,0.0,0.0,0.0,0.0,-1.6652655224730601,0.0,0.0,-1.6652655224730601,False,1308327_YES.csv,1308327_YES
1770989340,2026-02-13 13:29:00,2,24.93,6.312290000000001,0.2532005615622463,3.1561450000000004,,,0.0,0.0,,0.0,,,,0.0,,-0.0,,-0.7232566077314894,-0.6394881118595905,-0.6332893427229824,0.0,0.0,0.0,0.0,-1.9960340623140622,0.0,0.0,-1.9960340623140622,False,1308327_YES.csv,1308327_YES
1770989400,2026-02-13 13:30:00,4,124.979843,31.951899,0.25565641812931655,7.98797475,,,0.0,0.0,,0.0,,,,0.0,,-0.0,,-0.04612863981361275,-0.5789388565353619,-0.5817273723235534,0.0,0.0,0.0,0.0,-1.206794868672528,0.0,0.0,-1.206794868672528,False,1308327_YES.csv,1308327_YES
1770989460,2026-02-13 13:31:00,8,571.674414,147.366997,0.2577813409010504,18.420874625,,,0.0,0.0,,0.0,,,,0.0,,-0.0,,1.311123962630706,-0.31561179730423966,-0.48108056131360744,0.0,0.0,0.0,0.0,0.514431604012859,0.0,0.0,0.514431604012859,False,1308327_YES.csv,1308327_YES
1770989520,2026-02-13 13:32:00,5,1214.4099999999999,313.98278,0.25854759101106006,62.796555999999995,,,0.0,0.0,,0.0,,,,0.0,,-0.0,,0.2791465810899832,0.07053260256851152,-0.04185173845893626,0.0,0.0,0.0,0.0,0.30782744519955846,0.0,0.0,0.30782744519955846,False,1308327_YES.csv,1308327_YES
1770989580,2026-02-13 13:33:00,3,230.0,60.24,0.26191304347712213,20.080000000000002,,,0.0,0.0,,0.0,,,,0.0,,-0.0,,-0.39282474782994947,-0.516042574830734,-0.4623190461368746,0.0,0.0,0.0,0.0,-1.371186368797558,0.0,0.0,-1.371186368797558,False,1308327_YES.csv,1308327_YES
1770989640,2026-02-13 13:34:00,3,26.287877,6.934999,0.2638097781626181,2.3116663333333336,,,0.0,0.0,,0.0,,,,0.0,,-0.0,,-0.407720165516871,-0.6387456098300446,-0.6324393350511799,0.0,0.0,0.0,0.0,-1.6789051103980954,0.0,0.0,-1.6789051103980954,False,1308327_YES.csv,1308327_YES
1770989700,2026-02-13 13:35:00,9,2868.770753,752.074249,0.26215906175607123,83.56380544444444,,,0.0,0.0,,0.0,,,,0.0,,-0.0,,1.5945175165724326,1.0544352823025829,0.15537451155642057,0.0,0.0,0.0,0.0,2.804327310431436,0.0,0.0,2.804327310431436,False,1308327_YES.csv,1308327_YES
1770989760,2026-02-13 13:36:00,8,2713.849698,721.394189,0.2658195070756399,90.174273625,,,0.0,0.0,,0.0,,,,0.0,,-0.0,,1.22988188403089,1.0233304470031614,0.23945727216267,0.0,0.0,0.0,0.0,2.4926696031967213,0.0,0.0,2.4926696031967213,False,1308327_YES.csv,1308327_YES
1770989820,2026-02-13 13:37:00,8,4000.563659,1062.4849550000001,0.2655838140731695,132.81061937500002,,,0.0,0.0,,0.0,,,,0.0,,-0.0,,1.22988188403089,1.7887905671853264,0.6574791414769504,0.0,0.0,0.0,0.0,3.676151592693167,0.0,0.0,3.676151592693167,False,1308327_YES.csv,1308327_YES
1770989880,2026-02-13 13:38:00,5,189.737471,50.345279000000005,0.26534178375200684,10.069055800000001,,,0.0,0.0,,0.0,,,,0.0,,-0.0,,0.20808211779042624,-0.538826529672473,-0.5387729839757219,0.0,0.0,0.0,0.0,-0.8695173958577687,0.0,0.0,-0.8695173958577687,False,1308327_YES.csv,1308327_YES
1770989940,2026-02-13 13:39:00,5,1956.607415,514.474158,0.2629419443346723,102.8948316,,,0.0,0.0,,0.0,,,,0.0,,-0.0,,0.1971390251466986,0.529933616680579,0.39781675227198976,0.0,0.0,0.0,0.0,1.1248893940992675,0.0,0.0,1.1248893940992675,False,1308327_YES.csv,1308327_YES
1770990060,2026-02-13 13:41:00,3,329.57,88.00024,0.26701532299582176,29.333413333333336,,,0.0,0.0,,0.0,,,,0.0,,-0.0,,-0.47230391450243236,-0.46762877007312886,-0.35664267229484176,0.0,0.0,0.0,0.0,-1.296575356870403,0.0,0.0,-1.296575356870403,False,1308327_YES.csv,1308327_YES
1770990120,2026-02-13 13:42:00,3,322.12,86.03586,0.26709257419512267,28.67862,,,0.0,0.0,,0.0,,,,0.0,,-0.0,,-0.4603782282058315,-0.4705097554884289,-0.36417508664412923,0.0,0.0,0.0,0.0,-1.2950630703383896,0.0,0.0,-1.2950630703383896,False,1308327_YES.csv,1308327_YES
1770990180,2026-02-13 13:43:00,2,25.261191,6.769998,0.26799995296072937,3.384999,,,0.0,0.0,,0.0,,,,0.0,,-0.0,,-0.7728036046787796,-0.6369597038163268,-0.6093459392370411,0.0,0.0,0.0,0.0,-2.0191092477321475,0.0,0.0,-2.0191092477321475,False,1308327_YES.csv,1308327_YES
1770990240,2026-02-13 13:44:00,3,446.68,127.60400000000001,0.28567206948982343,42.53466666666667,,,0.0,0.0,,0.0,,,,0.0,,-0.0,,-0.43055028049167055,-0.343035652002923,-0.19799034382896236,0.0,0.0,0.0,0.0,-0.9715762763235558,0.0,0.0,-0.9715762763235558,False,1308327_YES.csv,1308327_YES
1770990300,2026-02-13 13:45:00,6,802.186665,237.800799,0.2964407280438943,39.633466500000004,,,0.0,0.0,,0.0,,,,0.0,,-0.0,,0.5933344644074515,-0.056169765950335106,-0.213200055845953,0.0,0.0,0.0,0.0,0.3239646426111634,0.0,0.0,0.3239646426111634,False,1308327_YES.csv,1308327_YES
1770990420,2026-02-13 13:47:00,5,2570.461427,722.0990590000001,0.2809219587638337,144.41981180000002,,,0.0,0.0,,0.0,,,,0.0,,-0.0,,0.2485184058471596,1.0739430924678746,0.8415267819712936,0.0,0.0,0.0,0.0,2.1639882802863277,0.0,0.0,2.1639882802863277,False,1308327_YES.csv,1308327_YES
1770990480,2026-02-13 13:48:00,1,5.0,1.4,0.27999999994400004,1.4,,,0.0,0.0,,0.0,,,,0.0,,-0.0,,-1.0862665042084283,-0.6371048743311857,-0.6163466291822255,0.0,0.0,0.0,0.0,-2.3397180077218396,0.0,0.0,-2.3397180077218396,False,1308327_YES.csv,1308327_YES
1770990540,2026-02-13 13:49:00,3,1703.8,462.61302,0.2715183824390941,154.20434,,,0.0,0.0,,0.0,,,,0.0,,-0.0,,-0.40818403215444105,0.44130301478809814,0.9139721091307945,0.0,0.0,0.0,0.0,0.9470910917644516,0.0,0.0,0.9470910917644516,False,1308327_YES.csv,1308327_YES
1770990600,2026-02-13 13:50:00,3,658.886923,186.279998,0.2827192216102265,62.09333266666667,,,0.0,0.0,,0.0,,,,0.0,,-0.0,,-0.42298699858317473,-0.2203806927806184,-0.01791626020901821,0.0,0.0,0.0,0.0,-0.6612839515728113,0.0,0.0,-0.6612839515728113,False,1308327_YES.csv,1308327_YES
1770990660,2026-02-13 13:51:00,2,4867.391497,1374.5623289999999,0.28240225382464595,687.2811644999999,,,0.0,0.0,,0.0,,,,0.0,,-0.0,,-0.7711558304575817,2.4316281409947336,4.829095361176712,0.0,0.0,0.0,0.0,6.489567671713864,0.0,0.0,6.489567671713864,False,1308327_YES.csv,1308327_YES
1770990720,2026-02-13 13:52:00,1,1.25,0.35125,0.2809999997752,0.35125,,,0.0,0.0,,0.0,,,,0.0,,-0.0,,-1.0997661963162542,-0.6789326679502921,-0.5846812216996647,0.0,0.0,0.0,0.0,-2.363380085966211,0.0,0.0,-2.363380085966211,False,1308327_YES.csv,1308327_YES
1770990900,2026-02-13 13:55:00,2,98.233343,27.999998,0.28503558104212096,13.999999,,,0.0,0.0,,0.0,,,,0.0,,-0.0,,-0.7711558304575817,-0.6178363028206635,-0.4794604913006882,0.0,0.0,0.0,0.0,-1.8684526245789335,0.0,0.0,-1.8684526245789335,False,1308327_YES.csv,1308327_YES
1770990960,2026-02-13 13:56:00,3,53.222277000000005,15.143108,0.2845257447312048,5.047702666666667,,,0.0,0.0,,0.0,,,,0.0,,-0.0,,-0.4462969670753042,-0.6453460305121986,-0.5435745829338512,0.0,0.0,0.0,0.0,-1.635217580521354,0.0,0.0,-1.635217580521354,False,1308327_YES.csv,1308327_YES
1770991020,2026-02-13 13:57:00,2,79.925852,22.839999000000002,0.28576484864639573,11.419999500000001,,,0.0,0.0,,0.0,,,,0.0,,-0.0,,-0.7650868066343156,-0.6240148996223922,-0.4926037446418425,0.0,0.0,0.0,0.0,-1.8817054508985505,0.0,0.0,-1.8817054508985505,False,1308327_YES.csv,1308327_YES
1770991080,2026-02-13 13:58:00,5,461.11,129.92127,0.2817576500178227,25.984254,,,0.0,0.0,,0.0,,,,0.0,,-0.0,,0.2568002117079228,-0.3611985843299439,-0.3586125865525403,0.0,0.0,0.0,0.0,-0.4630109591745614,0.0,0.0,-0.4630109591745614,False,1308327_YES.csv,1308327_YES
1770991140,2026-02-13 13:59:00,1,100.0,28.2,0.28199999999717995,28.2,,,0.0,0.0,,0.0,,,,0.0,,-0.0,,-1.1011117273973345,-0.594332558914399,-0.345212170311533,0.0,0.0,0.0,0.0,-2.0406564566232666,0.0,0.0,-2.0406564566232666,False,1308327_YES.csv,1308327_YES
1770991200,2026-02-13 14:00:00,5,284.664124,80.424079,0.2825227073563983,16.0848158,,,0.0,0.0,,0.0,,,,0.0,,-0.0,,0.24998249238416564,-0.47404106271790897,-0.4382255872270241,0.0,0.0,0.0,0.0,-0.6622841575607674,0.0,0.0,-0.6622841575607674,False,1308327_YES.csv,1308327_YES
1770991260,2026-02-13 14:01:00,6,4163.782938,1163.2345090000001,0.2793696324521805,193.87241816666668,,,0.0,0.0,,0.0,,,,0.0,,-0.0,,0.6326541363821206,1.8949563226922712,0.9399124536562208,0.0,0.0,0.0,0.0,3.4675229127306126,0.0,0.0,3.4675229127306126,False,1308327_YES.csv,1308327_YES
1770991320,2026-02-13 14:02:00,1,1400.0,375.067,0.26790499999980866,375.067,,,0.0,0.0,,0.0,,,,0.0,,-0.0,,-1.0879562814641872,0.14954504263423016,2.2230304724584498,0.0,0.0,0.0,0.0,1.2846192336284927,0.0,0.0,1.2846192336284927,False,1308327_YES.csv,1308327_YES
1770991380,2026-02-13 14:03:00,4,45.198893999999996,12.007578,0.2656608809882459,3.0018945,,,0.0,0.0,,0.0,,,,0.0,,-0.0,,-0.05878045354854137,-0.6315333921628171,-0.5830316796074237,0.0,0.0,0.0,0.0,-1.2733455253187822,0.0,0.0,-1.2733455253187822,False,1308327_YES.csv,1308327_YES
1770991440,2026-02-13 14:04:00,2,793.05,215.49139,0.27172484710891903,107.745695,,,0.0,0.0,,0.0,,,,0.0,,-0.0,,-0.7487678569741849,-0.1832925603581419,0.31629646059222094,0.0,0.0,0.0,0.0,-0.6157639567401059,0.0,0.0,-0.6157639567401059,False,1308327_YES.csv,1308327_YES
1770991500,2026-02-13 14:05:00,2,608.736058,163.749999,0.26899999901062377,81.8749995,,,0.0,0.0,,0.0,,,,0.0,,-0.0,,-0.7487678569741849,-0.3037071487013634,0.08178897394465431,0.0,0.0,0.0,0.0,-0.970686031730894,0.0,0.0,-0.970686031730894,False,1308327_YES.csv,1308327_YES
1770991560,2026-02-13 14:06:00,2,300.91811,81.03499900000001,0.2692925294517192,40.51749950000001,,,0.0,0.0,,0.0,,,,0.0,,-0.0,,-0.7336551618887381,-0.480660759904991,-0.2750810508424577,0.0,0.0,0.0,0.0,-1.4893969726361869,0.0,0.0,-1.4893969726361869,False,1308327_YES.csv,1308327_YES
1770991620,2026-02-13 14:07:00,4,577.635477,155.70999700000002,0.2695644627099842,38.927499250000004,,,0.0,0.0,,0.0,,,,0.0,,-0.0,,-0.0408100096996411,-0.3182952168818295,-0.29039593977404554,0.0,0.0,0.0,0.0,-0.6495011663555161,0.0,0.0,-0.6495011663555161,False,1308327_YES.csv,1308327_YES
1770991680,2026-02-13 14:08:00,1,3.703702,0.999999,0.26999985412703287,0.999999,,,0.0,0.0,,0.0,,,,0.0,,-0.0,,-1.0785615582241697,-0.6592384006782234,-0.6171688978665119,0.0,0.0,0.0,0.0,-2.3549688567689047,0.0,0.0,-2.3549688567689047,False,1308327_YES.csv,1308327_YES
1770991740,2026-02-13 14:09:00,1,500.22,135.0594,0.2699999999994602,135.0594,,,0.0,0.0,,0.0,,,,0.0,,-0.0,,-1.0462476453557568,-0.36358026882542105,0.5297720076553888,0.0,0.0,0.0,0.0,-0.880055906525789,0.0,0.0,-0.880055906525789,False,1308327_YES.csv,1308327_YES
1770991860,2026-02-13 14:11:00,3,527.52,141.84788,0.26889573854968746,47.282626666666665,,,0.0,0.0,,0.0,,,,0.0,,-0.0,,-0.3401814661483782,-0.3532512828493888,-0.23815515666923787,0.0,0.0,0.0,0.0,-0.9315879056670049,0.0,0.0,-0.9315879056670049,False,1308327_YES.csv,1308327_YES
1770991920,2026-02-13 14:12:00,3,1941.223047,522.0889990000001,0.26894848575313207,174.02966633333335,,,0.0,0.0,,0.0,,,,0.0,,-0.0,,-0.3469987943283176,0.4785397841703157,0.8517707249721927,0.0,0.0,0.0,0.0,0.9833117148141908,0.0,0.0,0.9833117148141908,False,1308327_YES.csv,1308327_YES
1770992040,2026-02-13 14:14:00,5,4886.146115,1257.877087,0.2574374685886246,251.57541740000002,,,0.0,0.0,,0.0,,,,0.0,,-0.0,,0.3354549886942107,1.9964328585222972,1.4641012787567886,0.0,0.0,0.0,0.0,3.7959891259732967,0.0,0.0,3.7959891259732967,False,1308327_YES.csv,1308327_YES
1770992100,2026-02-13 14:15:00,3,515.644961,133.828279,0.2595357060024494,44.60942633333334,,,0.0,0.0,,0.0,,,,0.0,,-0.0,,-0.3520018076157988,-0.39813177220180324,-0.30126898009042746,0.0,0.0,0.0,0.0,-1.0514025599080297,0.0,0.0,-1.0514025599080297,False,1308327_YES.csv,1308327_YES
1770992160,2026-02-13 14:16:00,3,102.70169700000001,27.060339000000003,0.2634848282958412,9.020113,,,0.0,0.0,,0.0,,,,0.0,,-0.0,,-0.3520018076157988,-0.6286506352199162,-0.6064208268612336,0.0,0.0,0.0,0.0,-1.5870732696969485,0.0,0.0,-1.5870732696969485,False,1308327_YES.csv,1308327_YES
1770992220,2026-02-13 14:17:00,5,219.75471199999998,58.214997,0.2649089817911849,11.642999399999999,,,0.0,0.0,,0.0,,,,0.0,,-0.0,,0.5575168693837902,-0.5971824859479701,-0.5664049088905375,0.0,0.0,0.0,0.0,-0.6060705254547174,0.0,0.0,-0.6060705254547174,False,1308327_YES.csv,1308327_YES
1770992280,2026-02-13 14:18:00,1,57.54,14.6727,0.2549999999955683,14.6727,,,0.0,0.0,,0.0,,,,0.0,,-0.0,,-1.208277182415755,-0.717813966625855,-0.5131665715804103,0.0,0.0,0.0,0.0,-2.4392577206220203,0.0,0.0,-2.4392577206220203,False,1308327_YES.csv,1308327_YES
1770992340,2026-02-13 14:19:00,4,269.95000000000005,68.83225000000002,0.2549814780505465,17.208062500000004,,,0.0,0.0,,0.0,,,,0.0,,-0.0,,0.14259171717949912,-0.5578869846028798,-0.491157255132811,0.0,0.0,0.0,0.0,-0.9064525225561917,0.0,0.0,-0.9064525225561917,False,1308327_YES.csv,1308327_YES
1770992400,2026-02-13 14:20:00,7,150.47463,38.342717,0.25481183771473764,5.477531,,,0.0,0.0,,0.0,,,,0.0,,-0.0,,1.493460616774753,-0.6296422725761475,-0.591085647326804,0.0,0.0,0.0,0.0,0.27273269687180157,0.0,0.0,0.27273269687180157,False,1308327_YES.csv,1308327_YES
1770992460,2026-02-13 14:21:00,2,20.210107,5.282799000000001,0.26139391541759804,2.6413995000000003,,,0.0,0.0,,0.0,,,,0.0,,-0.0,,-0.7579875492173369,-0.720799968961779,-0.6069746229025873,0.0,0.0,0.0,0.0,-2.085762141081703,0.0,0.0,-2.085762141081703,False,1308327_YES.csv,1308327_YES
1770992520,2026-02-13 14:22:00,12,6046.921567,1517.198737,0.2509043188652539,126.43322808333333,,,0.0,0.0,,0.0,,,,0.0,,-0.0,,3.330742841277355,3.4245429610521096,0.5529123009476098,0.0,0.0,0.0,0.0,7.308198103277075,0.0,0.0,7.308198103277075,False,1308327_YES.csv,1308327_YES
1770992580,2026-02-13 14:23:00,1,19.305018,4.999999,0.25899996569498146,4.999999,,,0.0,0.0,,0.0,,,,0.0,,-0.0,,-1.1152317093236253,-0.6695526891557296,-0.5730139984535407,0.0,0.0,0.0,0.0,-2.3577983969328957,0.0,0.0,-2.3577983969328957,False,1308327_YES.csv,1308327_YES
1770992640,2026-02-13 14:24:00,2,314.15999999999997,77.59752,0.24699999999921382,38.79876,,,0.0,0.0,,0.0,,,,0.0,,-0.0,,-0.6720674379467622,-0.47294337107676493,-0.2628077538371382,0.0,0.0,0.0,0.0,-1.4078185628606654,0.0,0.0,-1.4078185628606654,False,1308327_YES.csv,1308327_YES
1770992700,2026-02-13 14:25:00,1,19.53125,5.0,0.2559999999868928,5.0,,,0.0,0.0,,0.0,,,,0.0,,-0.0,,-1.056966449328717,-0.6533500108248609,-0.5671383286751387,0.0,0.0,0.0,0.0,-2.2774547888287167,0.0,0.0,-2.2774547888287167,False,1308327_YES.csv,1308327_YES
1770992760,2026-02-13 14:26:00,1,3.875969,1.0,0.25799999941743595,1.0,,,0.0,0.0,,0.0,,,,0.0,,-0.0,,-1.0437949571620775,-0.6635664837972832,-0.6034655395010757,0.0,0.0,0.0,0.0,-2.3108269804604364,0.0,0.0,-2.3108269804604364,False,1308327_YES.csv,1308327_YES
1770992880,2026-02-13 14:28:00,2,43.085685,10.971369000000001,0.25464070026379665,5.4856845000000005,,,0.0,0.0,,0.0,,,,0.0,,-0.0,,-0.6203084786585235,-0.6342455484735736,-0.5596438242009539,0.0,0.0,0.0,0.0,-1.8141978513330512,0.0,0.0,-1.8141978513330512,False,1308327_YES.csv,1308327_YES
1770992940,2026-02-13 14:29:00,5,1263.72206,311.141208,0.2462101579517839,62.228241600000004,,,0.0,0.0,,0.0,,,,0.0,,-0.0,,0.5997619265725718,0.1756661270917459,-0.02429052237987184,0.0,0.0,0.0,0.0,0.7511375312844458,0.0,0.0,0.7511375312844458,False,1308327_YES.csv,1308327_YES
1770993000,2026-02-13 14:30:00,5,546.734837,135.891349,0.24855074124305604,27.1782698,,,0.0,0.0,,0.0,,,,0.0,,-0.0,,0.584507171457813,-0.303218471523481,-0.352004099067699,0.0,0.0,0.0,0.0,-0.07071539913336705,0.0,0.0,-0.07071539913336705,False,1308327_YES.csv,1308327_YES
1770993060,2026-02-13 14:31:00,1,50.0,12.35,0.24699999999506,12.35,,,0.0,0.0,,0.0,,,,0.0,,-0.0,,-1.0658660185407178,-0.6362961695871081,-0.4834912054066186,0.0,0.0,0.0,0.0,-2.1856533935344444,0.0,0.0,-2.1856533935344444,False,1308327_YES.csv,1308327_YES
1770993120,2026-02-13 14:32:00,2,936.56,235.31376,0.25125326727572045,117.65688,,,0.0,0.0,,0.0,,,,0.0,,-0.0,,-0.6308229305254366,-0.02373715644365542,0.4843346293753047,0.0,0.0,0.0,0.0,-0.17022545759378727,0.0,0.0,-0.17022545759378727,False,1308327_YES.csv,1308327_YES
1770993180,2026-02-13 14:33:00,5,495.64,122.69808,0.24755483818850868,24.539616000000002,,,0.0,0.0,,0.0,,,,0.0,,-0.0,,0.6502418332688763,-0.3162113064013603,-0.3678132585795576,0.0,0.0,0.0,0.0,-0.0337827317120416,0.0,0.0,-0.0337827317120416,False,1308327_YES.csv,1308327_YES
1770993240,2026-02-13 14:34:00,5,238.60844500000002,59.055919,0.24750137825068388,11.8111838,,,0.0,0.0,,0.0,,,,0.0,,-0.0,,0.6257014369081839,-0.49209165274283356,-0.48607658265144355,0.0,0.0,0.0,0.0,-0.3524667984860932,0.0,0.0,-0.3524667984860932,False,1308327_YES.csv,1308327_YES
1770993300,2026-02-13 14:35:00,1,4396.05,1071.5708100000002,0.24375764834334374,1071.5708100000002,,,0.0,0.0,,0.0,,,,0.0,,-0.0,,-1.0862028299218476,2.1353071534312695,5.868803962811983,0.0,0.0,0.0,0.0,6.9179082863214045,0.0,0.0,6.9179082863214045,False,1308327_YES.csv,1308327_YES
1770993360,2026-02-13 14:36:00,3,20.146063,4.948849,0.24564844256440332,1.6496163333333334,,,0.0,0.0,,0.0,,,,0.0,,-0.0,,-0.23658950992195749,-0.6595402952310401,-0.47342077410957006,0.0,0.0,0.0,0.0,-1.3695505792625675,0.0,0.0,-1.3695505792625675,False,1308327_YES.csv,1308327_YES
1770993420,2026-02-13 14:37:00,3,119.92,29.39264,0.2451020680433197,9.797546666666667,,,0.0,0.0,,0.0,,,,0.0,,-0.0,,-0.2293901565547041,-0.595339492448696,-0.4253359910787932,0.0,0.0,0.0,0.0,-1.2500656400821932,0.0,0.0,-1.2500656400821932,False,1308327_YES.csv,1308327_YES
1770993480,2026-02-13 14:38:00,2,59.149794,14.609998000000001,0.24699998109465934,7.3049990000000005,,,0.0,0.0,,0.0,,,,0.0,,-0.0,,-0.6348665166613243,-0.6265871040360408,-0.4388142463275545,0.0,0.0,0.0,0.0,-1.7002678670249196,0.0,0.0,-1.7002678670249196,False,1308327_YES.csv,1308327_YES
1770993540,2026-02-13 14:39:00,2,228.0,55.632,0.24399999999892982,27.816,,,0.0,0.0,,0.0,,,,0.0,,-0.0,,-0.6132810703706426,-0.5071218833334454,-0.31359310135241397,0.0,0.0,0.0,0.0,-1.433996055056502,0.0,0.0,-1.433996055056502,False,1308327_YES.csv,1308327_YES
1770993660,2026-02-13 14:41:00,3,1407.601631,343.592329,0.24409770593662788,114.53077633333334,,,0.0,0.0,,0.0,,,,0.0,,-0.0,,-0.16994535684969614,0.23188626377585442,0.19066568072301185,0.0,0.0,0.0,0.0,0.2526065876491701,0.0,0.0,0.2526065876491701,False,1308327_YES.csv,1308327_YES
1770993720,2026-02-13 14:42:00,2,605.31,148.5934,0.24548314086956194,74.2967,,,0.0,0.0,,0.0,,,,0.0,,-0.0,,-0.604133720356539,-0.28447069511592127,-0.0549603007938405,0.0,0.0,0.0,0.0,-0.9435647162663008,0.0,0.0,-0.9435647162663008,False,1308327_YES.csv,1308327_YES
1770993780,2026-02-13 14:43:00,2,93.20764799999999,22.999997999999998,0.2467608452018147,11.499998999999999,,,0.0,0.0,,0.0,,,,0.0,,-0.0,,-0.5829766300222277,-0.588512208307177,-0.42001226006652337,0.0,0.0,0.0,0.0,-1.591501098395928,0.0,0.0,-1.591501098395928,False,1308327_YES.csv,1308327_YES
1770993840,2026-02-13 14:44:00,2,591.99,144.44556,0.24399999999958782,72.22278,,,0.0,0.0,,0.0,,,,0.0,,-0.0,,-0.5590595376104677,-0.24437577346731507,-0.058276707509883695,0.0,0.0,0.0,0.0,-0.8617120185876664,0.0,0.0,-0.8617120185876664,False,1308327_YES.csv,1308327_YES
1770993900,2026-02-13 14:45:00,5,1271.107559,312.21423899999996,0.24562377651611017,62.442847799999996,,,0.0,0.0,,0.0,,,,0.0,,-0.0,,0.963569178801672,0.2506866091887017,-0.1093728897659517,0.0,0.0,0.0,0.0,1.104882898224422,0.0,0.0,1.104882898224422,False,1308327_YES.csv,1308327_YES
1770993960,2026-02-13 14:46:00,6,2043.5086150000002,503.30064600000003,0.24629240234436384,83.883441,,,0.0,0.0,,0.0,,,,0.0,,-0.0,,1.4472476960658591,0.7635715961334777,0.010528928686043335,0.0,0.0,0.0,0.0,2.22134822088538,0.0,0.0,2.22134822088538,False,1308327_YES.csv,1308327_YES
1770994020,2026-02-13 14:47:00,4,4281.510962,1036.389318,0.24206158227740104,259.0973295,,,0.0,0.0,,0.0,,,,0.0,,-0.0,,0.4544507640822434,2.15196716416509,1.026677460789023,0.0,0.0,0.0,0.0,3.633095389036356,0.0,0.0,3.633095389036356,False,1308327_YES.csv,1308327_YES
1770994080,2026-02-13 14:48:00,2,44.897956,10.999998000000001,0.24499997282181396,5.499999000000001,,,0.0,0.0,,0.0,,,,0.0,,-0.0,,-0.5456307237129342,-0.6112980499945904,-0.4636011135929601,0.0,0.0,0.0,0.0,-1.6205298873004845,0.0,0.0,-1.6205298873004845,False,1308327_YES.csv,1308327_YES
1770994140,2026-02-13 14:49:00,5,1017.91,249.96581999999998,0.24556770244889473,49.99316399999999,,,0.0,0.0,,0.0,,,,0.0,,-0.0,,0.9413011192728933,0.02525929157050015,-0.20409842738006587,0.0,0.0,0.0,0.0,0.7624619834633275,0.0,0.0,0.7624619834633275,False,1308327_YES.csv,1308327_YES
1770994200,2026-02-13 14:50:00,1,1037.64,251.30418000000003,0.2421882155658589,251.30418000000003,,,0.0,0.0,,0.0,,,,0.0,,-0.0,,-1.0425171966270659,0.01793497345147183,0.9507553971875957,0.0,0.0,0.0,0.0,-0.07382682598799839,0.0,0.0,-0.07382682598799839,False,1308327_YES.csv,1308327_YES
1770994260,2026-02-13 14:51:00,6,8442.12,2033.82654,0.24091419453878396,338.97109,,,0.0,0.0,,0.0,,,,0.0,,-0.0,,1.3910786963470634,4.038099132066623,1.4108359853467258,0.0,0.0,0.0,0.0,6.840013813760413,0.0,0.0,6.840013813760413,False,1308327_YES.csv,1308327_YES
1770994320,2026-02-13 14:52:00,3,165.35,39.35725,0.2380238887194556,13.119083333333334,,,0.0,0.0,,0.0,,,,0.0,,-0.0,,-0.04964367602986033,-0.5358989305340114,-0.46085620183494735,0.0,0.0,0.0,0.0,-1.046398808398819,0.0,0.0,-1.046398808398819,False,1308327_YES.csv,1308327_YES
1770994380,2026-02-13 14:53:00,5,362.0,85.09,0.23505524861813523,17.018,,,0.0,0.0,,0.0,,,,0.0,,-0.0,,0.9432298445673453,-0.40990017539034496,-0.42589341351705157,0.0,0.0,0.0,0.0,0.10743625565994874,0.0,0.0,0.10743625565994874,False,1308327_YES.csv,1308327_YES
1770994440,2026-02-13 14:54:00,6,403.791832,95.941218,0.23760069024814348,15.990203000000001,,,0.0,0.0,,0.0,,,,0.0,,-0.0,,1.3879480698229412,-0.38918757096686835,-0.4334843978490223,0.0,0.0,0.0,0.0,0.5652761010070504,0.0,0.0,0.5652761010070504,False,1308327_YES.csv,1308327_YES
1770994500,2026-02-13 14:55:00,5,425.0,104.125,0.24499999999942354,20.825,,,0.0,0.0,,0.0,,,,0.0,,-0.0,,0.873030083597183,-0.3566777238841196,-0.39284392463396484,0.0,0.0,0.0,0.0,0.12350843507909864,0.0,0.0,0.12350843507909864,False,1308327_YES.csv,1308327_YES
1770994560,2026-02-13 14:56:00,1,4.098359,0.999999,0.2439998545164052,0.999999,,,0.0,0.0,,0.0,,,,0.0,,-0.0,,-1.0585798175152819,-0.5867604209107223,-0.499921360701177,0.0,0.0,0.0,0.0,-2.1452615991271813,0.0,0.0,-2.1452615991271813,False,1308327_YES.csv,1308327_YES
1770994620,2026-02-13 14:57:00,7,9269.483661,2143.6142370000002,0.23125497766598505,306.2306052857143,,,0.0,0.0,,0.0,,,,0.0,,-0.0,,1.7657949149981995,3.9414089626414404,1.4165751810999185,0.0,0.0,0.0,0.0,7.123779058739558,0.0,0.0,7.123779058739558,False,1308327_YES.csv,1308327_YES
1770994680,2026-02-13 14:58:00,3,310.0,72.76,0.2347096774185977,24.253333333333334,,,0.0,0.0,,0.0,,,,0.0,,-0.0,,-0.14329564784533852,-0.4129997664222601,-0.3664000723142779,0.0,0.0,0.0,0.0,-0.9226954865818766,0.0,0.0,-0.9226954865818766,False,1308327_YES.csv,1308327_YES
1770994740,2026-02-13 14:59:00,4,11738.86,2632.9318200000002,0.2242919516886457,658.2329550000001,,,0.0,0.0,,0.0,,,,0.0,,-0.0,,0.3192175234670368,4.116650815732567,3.2385930877030873,0.0,0.0,0.0,0.0,7.674461426902691,0.0,0.0,7.674461426902691,False,1308327_YES.csv,1308327_YES
1770994800,2026-02-13 15:00:00,8,844.4818519999999,186.00844800000002,0.22026340478395476,23.251056000000002,,,0.0,0.0,,0.0,,,,0.0,,-0.0,,2.1092588694521934,-0.22986788284652754,-0.40148218934615265,0.0,0.0,0.0,0.0,1.4779087972595133,0.0,0.0,1.4779087972595133,False,1308327_YES.csv,1308327_YES
1770994920,2026-02-13 15:02:00,2,7102.34,1539.65991,0.2167820619682785,769.829955,,,0.0,0.0,,0.0,,,,0.0,,-0.0,,-0.6519527414670414,2.056961852940557,3.410421673093203,0.0,0.0,0.0,0.0,4.815430784566718,0.0,0.0,4.815430784566718,False,1308327_YES.csv,1308327_YES
1770994980,2026-02-13 15:03:00,6,3600.194775,762.8921080000001,0.21190300960863656,127.14868466666668,,,0.0,0.0,,0.0,,,,0.0,,-0.0,,1.1724841204943643,0.7040962937877601,0.10057451036752728,0.0,0.0,0.0,0.0,1.9771549246496516,0.0,0.0,1.9771549246496516,False,1308327_YES.csv,1308327_YES
1770995040,2026-02-13 15:04:00,3,60.0,12.93,0.21549999999640834,4.31,,,0.0,0.0,,0.0,,,,0.0,,-0.0,,-0.2153997377504201,-0.5778120369120613,-0.5287223862557056,0.0,0.0,0.0,0.0,-1.321934160918187,0.0,0.0,-1.321934160918187,False,1308327_YES.csv,1308327_YES
1770995100,2026-02-13 15:05:00,11,777.2128,169.285993,0.21781163794495173,15.389635727272726,,,0.0,0.0,,0.0,,,,0.0,,-0.0,,3.1395733225581575,-0.31334415042522357,-0.4717132555189033,0.0,0.0,0.0,0.0,2.3545159166140306,0.0,0.0,2.3545159166140306,False,1308327_YES.csv,1308327_YES
1770995160,2026-02-13 15:06:00,5,438.680549,96.27999799999999,0.2194763324228914,19.2559996,,,0.0,0.0,,0.0,,,,0.0,,-0.0,,0.6160553924740029,-0.41417877608295,-0.4369188186791815,0.0,0.0,0.0,0.0,-0.2350422022881286,0.0,0.0,-0.2350422022881286,False,1308327_YES.csv,1308327_YES
1770995220,2026-02-13 15:07:00,6,259.528867,56.571699,0.21797844553369863,9.4286165,,,0.0,0.0,,0.0,,,,0.0,,-0.0,,1.0069286795931183,-0.4730679121636104,-0.4630549181631534,0.0,0.0,0.0,0.0,0.07080584926635453,0.0,0.0,0.07080584926635453,False,1308327_YES.csv,1308327_YES
1770995280,2026-02-13 15:08:00,13,1814.840903,396.95405600000004,0.21872664173680534,30.534927384615386,,,0.0,0.0,,0.0,,,,0.0,,-0.0,,3.4870218860965614,0.10650626703567044,-0.3557000079018187,0.0,0.0,0.0,0.0,3.237828145230413,0.0,0.0,3.237828145230413,False,1308327_YES.csv,1308327_YES
1770995340,2026-02-13 15:09:00,5,269.384389,59.154998,0.21959326677902039,11.8309996,,,0.0,0.0,,0.0,,,,0.0,,-0.0,,0.44238907807335365,-0.4756442986860159,-0.44428752275388605,0.0,0.0,0.0,0.0,-0.4775427433665483,0.0,0.0,-0.4775427433665483,False,1308327_YES.csv,1308327_YES
1770995400,2026-02-13 15:10:00,3,12.642418,2.761668,0.21844460448796704,0.9205559999999999,,,0.0,0.0,,0.0,,,,0.0,,-0.0,,-0.3233711031531276,-0.5677397729966623,-0.49312893502549215,0.0,0.0,0.0,0.0,-1.384239811175282,0.0,0.0,-1.384239811175282,False,1308327_YES.csv,1308327_YES
1770995460,2026-02-13 15:11:00,11,23327.702134000003,4907.329997000001,0.21036491158927223,446.1209088181819,,,0.0,0.0,,0.0,,,,0.0,,-0.0,,2.5234582242810415,5.450793447597145,1.7420399204821548,0.0,0.0,0.0,0.0,9.716291592360342,0.0,0.0,9.716291592360342,True,1308327_YES.csv,1308327_YES
1770995520,2026-02-13 15:12:00,3,30.54,6.43832,0.21081597903697394,2.146106666666667,,,0.0,0.0,,0.0,,,,0.0,,-0.0,,-0.35410252452211904,-0.4866426719939097,-0.5046874529309046,0.0,0.0,0.0,0.0,-1.3454326494469333,0.0,0.0,-1.3454326494469333,False,1308327_YES.csv,1308327_YES
1770995580,2026-02-13 15:13:00,4,129.939621,27.502139,0.2116532185343864,6.87553475,,,0.0,0.0,,0.0,,,,0.0,,-0.0,,-0.012124665966200713,-0.46179417092496466,-0.4813614925347929,0.0,0.0,0.0,0.0,-0.9552803294259582,0.0,0.0,-0.9552803294259582,False,1308327_YES.csv,1308327_YES
1770995640,2026-02-13 15:14:00,9,6145.536317,1316.039178,0.21414553752767054,146.22657533333333,,,0.0,0.0,,0.0,,,,0.0,,-0.0,,1.7303602958806643,1.0653266118261018,0.22327503311363922,0.0,0.0,0.0,0.0,3.018961940820405,0.0,0.0,3.018961940820405,False,1308327_YES.csv,1308327_YES
1770995700,2026-02-13 15:15:00,6,829.461161,168.847859,0.20356330945771245,28.141309833333334,,,0.0,0.0,,0.0,,,,0.0,,-0.0,,0.6371642389543729,-0.3122525244966738,-0.37273773836454815,0.0,0.0,0.0,0.0,-0.047826023906849036,0.0,0.0,-0.047826023906849036,False,1308327_YES.csv,1308327_YES
1770995760,2026-02-13 15:16:00,3,1081.94,232.67999,0.21505812706784558,77.55999666666666,,,0.0,0.0,,0.0,,,,0.0,,-0.0,,-0.4347008359221423,-0.22974997995407948,-0.11466421762326982,0.0,0.0,0.0,0.0,-0.7791150334994916,0.0,0.0,-0.7791150334994916,False,1308327_YES.csv,1308327_YES
1770995820,2026-02-13 15:17:00,3,60.0,12.61,0.2101666666631639,4.203333333333333,,,0.0,0.0,,0.0,,,,0.0,,-0.0,,-0.42242579050510953,-0.4721398147173283,-0.4668458604625048,0.0,0.0,0.0,0.0,-1.3614114656849425,0.0,0.0,-1.3614114656849425,False,1308327_YES.csv,1308327_YES
1770995880,2026-02-13 15:18:00,6,355.036266,74.202579,0.20899999832634278,12.3670965,,,0.0,0.0,,0.0,,,,0.0,,-0.0,,0.6294753222886813,-0.3963438680333148,-0.4222299742143148,0.0,0.0,0.0,0.0,-0.18909851995894827,0.0,0.0,-0.18909851995894827,False,1308327_YES.csv,1308327_YES
1770995940,2026-02-13 15:19:00,4,132.924527,28.144999,0.2117366872389793,7.03624975,,,0.0,0.0,,0.0,,,,0.0,,-0.0,,-0.08921919501905903,-0.45199573457457454,-0.4490911722733657,0.0,0.0,0.0,0.0,-0.9903061018669993,0.0,0.0,-0.9903061018669993,False,1308327_YES.csv,1308327_YES
1770996000,2026-02-13 15:20:00,6,105.178169,22.000998000000003,0.20917837046384424,3.6668330000000005,,,0.0,0.0,,0.0,,,,0.0,,-0.0,,0.6169350344412782,-0.45853861167056037,-0.46537827078699945,0.0,0.0,0.0,0.0,-0.30698184801628164,0.0,0.0,-0.30698184801628164,False,1308327_YES.csv,1308327_YES
1770996060,2026-02-13 15:21:00,2,105.0,21.93,0.20885714285515372,10.965,,,0.0,0.0,,0.0,,,,0.0,,-0.0,,-0.8175792861111539,-0.4588019218236455,-0.42797105758045817,0.0,0.0,0.0,0.0,-1.7043522655152574,0.0,0.0,-1.7043522655152574,False,1308327_YES.csv,1308327_YES
1770996120,2026-02-13 15:22:00,10,254.595738,52.232338,0.2051579433737215,5.2232338,,,0.0,0.0,,0.0,,,,0.0,,-0.0,,1.944648910775863,-0.4218205104116857,-0.45589151280485496,0.0,0.0,0.0,0.0,1.0669368875593226,0.0,0.0,1.0669368875593226,False,1308327_YES.csv,1308327_YES
1770996180,2026-02-13 15:23:00,6,1182.35,236.95313000000002,0.20040861842922958,39.49218833333334,,,0.0,0.0,,0.0,,,,0.0,,-0.0,,0.5679637096018493,-0.20307321075234994,-0.2852681599404601,0.0,0.0,0.0,0.0,0.07962233890903919,0.0,0.0,0.07962233890903919,False,1308327_YES.csv,1308327_YES
1770996240,2026-02-13 15:24:00,10,908.050248,179.05197800000002,0.19718289642469525,17.905197800000003,,,0.0,0.0,,0.0,,,,0.0,,-0.0,,1.8652197817704999,-0.2769427949658117,-0.39639071620289185,0.0,0.0,0.0,0.0,1.1918862706017963,0.0,0.0,1.1918862706017963,False,1308327_YES.csv,1308327_YES
1770996300,2026-02-13 15:25:00,2,722.11,142.97778,0.19799999999972578,71.48889,,,0.0,0.0,,0.0,,,,0.0,,-0.0,,-0.8344404976529565,-0.297319490173772,-0.11953004467146862,0.0,0.0,0.0,0.0,-1.2512900324981973,0.0,0.0,-1.2512900324981973,False,1308327_YES.csv,1308327_YES
1770996360,2026-02-13 15:26:00,11,5935.04,1180.68666,0.19893491198034063,107.33515090909091,,,0.0,0.0,,0.0,,,,0.0,,-0.0,,2.2486191390394152,0.9481174533302859,0.05402374773673474,0.0,0.0,0.0,0.0,3.250760340106436,0.0,0.0,3.250760340106436,False,1308327_YES.csv,1308327_YES
1770996420,2026-02-13 15:27:00,5,68.40828099999999,13.480058999999999,0.1970530292933826,2.6960118,,,0.0,0.0,,0.0,,,,0.0,,-0.0,,0.15665379937355456,-0.47610518632208065,-0.4749293311595634,0.0,0.0,0.0,0.0,-0.7943807181080895,0.0,0.0,-0.7943807181080895,False,1308327_YES.csv,1308327_YES
1770996480,2026-02-13 15:28:00,3,111.21,22.00837,0.1978991997104766,7.336123333333333,,,0.0,0.0,,0.0,,,,0.0,,-0.0,,-0.5570945829101757,-0.4661176623901451,-0.451580203690013,0.0,0.0,0.0,0.0,-1.4747924489903337,0.0,0.0,-1.4747924489903337,False,1308327_YES.csv,1308327_YES
1770996540,2026-02-13 15:29:00,4,345.865124,68.113229,0.19693581189123618,17.02830725,,,0.0,0.0,,0.0,,,,0.0,,-0.0,,-0.22585544405956365,-0.4114453071269068,-0.4039099123198751,0.0,0.0,0.0,0.0,-1.0412106635063456,0.0,0.0,-1.0412106635063456,False,1308327_YES.csv,1308327_YES
1770996600,2026-02-13 15:30:00,4,3151.02,627.31624,0.19908354754961916,156.82906,,,0.0,0.0,,0.0,,,,0.0,,-0.0,,-0.23945191709929317,0.25961422601047396,0.29477932690063047,0.0,0.0,0.0,0.0,0.3149416358118112,0.0,0.0,0.3149416358118112,False,1308327_YES.csv,1308327_YES
1770996660,2026-02-13 15:31:00,2,168.815124,33.266629,0.19705953004425686,16.6333145,,,0.0,0.0,,0.0,,,,0.0,,-0.0,,-0.9328882786782426,-0.46078722596781463,-0.41484998461156203,0.0,0.0,0.0,0.0,-1.8085254892576195,0.0,0.0,-1.8085254892576195,False,1308327_YES.csv,1308327_YES
1770996720,2026-02-13 15:32:00,3,130.375124,26.019999,0.19957794249001387,8.673333,,,0.0,0.0,,0.0,,,,0.0,,-0.0,,-0.5630328702469403,-0.4669758750734327,-0.4534771576200982,0.0,0.0,0.0,0.0,-1.4834859029404712,0.0,0.0,-1.4834859029404712,False,1308327_YES.csv,1308327_YES
1770996780,2026-02-13 15:33:00,3,579.919595,115.195998,0.1986413271650208,38.398666,,,0.0,0.0,,0.0,,,,0.0,,-0.0,,-0.5814023496410293,-0.3605642119142937,-0.3048288835969919,0.0,0.0,0.0,0.0,-1.2467954451523149,0.0,0.0,-1.2467954451523149,False,1308327_YES.csv,1308327_YES
1770996840,2026-02-13 15:34:00,5,569.6119180000001,112.229999,0.19702888133707017,22.445999800000003,,,0.0,0.0,,0.0,,,,0.0,,-0.0,,0.12078706607644325,-0.36141644600076156,-0.3774850833974367,0.0,0.0,0.0,0.0,-0.618114463321755,0.0,0.0,-0.618114463321755,False,1308327_YES.csv,1308327_YES
1770996900,2026-02-13 15:35:00,2,26.930504,5.266599,0.19556258582477468,2.6332995,,,0.0,0.0,,0.0,,,,0.0,,-0.0,,-0.9410326690066145,-0.4890858723584709,-0.4759369799769151,0.0,0.0,0.0,0.0,-1.9060555213420005,0.0,0.0,-1.9060555213420005,False,1308327_YES.csv,1308327_YES
1770996960,2026-02-13 15:36:00,8,480.380248,93.874448,0.19541696060701602,11.734306,,,0.0,0.0,,0.0,,,,0.0,,-0.0,,1.1843808360540848,-0.3818622102740797,-0.4297157790450702,0.0,0.0,0.0,0.0,0.372802846734935,0.0,0.0,0.372802846734935,False,1308327_YES.csv,1308327_YES
1770997020,2026-02-13 15:37:00,20,9496.080531,1896.8904969999999,0.19975509799094396,94.84452485,,,0.0,0.0,,0.0,,,,0.0,,-0.0,,4.413615473226803,1.7616509850062736,0.09865200743525426,0.0,0.0,0.0,0.0,6.273918465668331,0.0,0.0,6.273918465668331,False,1308327_YES.csv,1308327_YES
1770997080,2026-02-13 15:38:00,3,40.884173000000004,8.501757999999999,0.20794741279937473,2.833919333333333,,,0.0,0.0,,0.0,,,,0.0,,-0.0,,-0.5829303455205211,-0.4920167783159383,-0.5163625757192779,0.0,0.0,0.0,0.0,-1.5913096995557372,0.0,0.0,-1.5913096995557372,False,1308327_YES.csv,1308327_YES
1770997140,2026-02-13 15:39:00,4,735.349371,151.933298,0.20661375937968043,37.9833245,,,0.0,0.0,,0.0,,,,0.0,,-0.0,,-0.29455849314245375,-0.3235958101693305,-0.28494841777264385,0.0,0.0,0.0,0.0,-0.903102721084428,0.0,0.0,-0.903102721084428,False,1308327_YES.csv,1308327_YES
1770997200,2026-02-13 15:40:00,3,103.75953200000001,21.361118,0.20587137960292773,7.120372666666667,,,0.0,0.0,,0.0,,,,0.0,,-0.0,,-0.596229693562763,-0.4797435577778237,-0.49142291118764125,0.0,0.0,0.0,0.0,-1.5673961625282278,0.0,0.0,-1.5673961625282278,False,1308327_YES.csv,1308327_YES
1770997260,2026-02-13 15:41:00,2,825.0,167.33685000000003,0.20283254545429963,83.66842500000001,,,0.0,0.0,,0.0,,,,0.0,,-0.0,,-0.8918807812798356,-0.3078334669100552,0.014532512641118458,0.0,0.0,0.0,0.0,-1.1851817355487724,0.0,0.0,-1.1851817355487724,False,1308327_YES.csv,1308327_YES
1770997320,2026-02-13 15:42:00,2,5.270494,1.064319,0.20193913507881053,0.5321595,,,0.0,0.0,,0.0,,,,0.0,,-0.0,,-0.8836754794273612,-0.49878552311834745,-0.5285337101435269,0.0,0.0,0.0,0.0,-1.9109947126892357,0.0,0.0,-1.9109947126892357,False,1308327_YES.csv,1308327_YES
1770997500,2026-02-13 15:45:00,5,3045.63,595.1087000000001,0.19539756963249136,119.02174000000002,,,0.0,0.0,,0.0,,,,0.0,,-0.0,,-0.014828024608187787,0.20127071948387723,0.25840046313957077,0.0,0.0,0.0,0.0,0.4448431580152602,0.0,0.0,0.4448431580152602,False,1308327_YES.csv,1308327_YES
1770997560,2026-02-13 15:46:00,3,133.917783,27.130118000000003,0.20258786691381694,9.043372666666668,,,0.0,0.0,,0.0,,,,0.0,,-0.0,,-0.6152424448179769,-0.47692627967454376,-0.47601727145113293,0.0,0.0,0.0,0.0,-1.5681859959436535,0.0,0.0,-1.5681859959436535,False,1308327_YES.csv,1308327_YES
1770997620,2026-02-13 15:47:00,4,223.02,46.37806,0.20795471258089876,11.594515,,,0.0,0.0,,0.0,,,,0.0,,-0.0,,-0.3295367400400192,-0.4516409163181359,-0.45144197762881294,0.0,0.0,0.0,0.0,-1.2326196339869682,0.0,0.0,-1.2326196339869682,False,1308327_YES.csv,1308327_YES
1770997680,2026-02-13 15:48:00,7,7591.439765,1627.061828,0.21432849082216035,232.43740400000002,,,0.0,0.0,,0.0,,,,0.0,,-0.0,,0.5577170870037085,1.3847098323111402,0.9938815463337889,0.0,0.0,0.0,0.0,2.9363084656486373,0.0,0.0,2.9363084656486373,False,1308327_YES.csv,1308327_YES
1770997740,2026-02-13 15:49:00,2,200.48,42.3008,0.21099760574515664,21.1504,,,0.0,0.0,,0.0,,,,0.0,,-0.0,,-0.9102100387744462,-0.4648146267380733,-0.39573184652163834,0.0,0.0,0.0,0.0,-1.770756512034158,0.0,0.0,-1.770756512034158,False,1308327_YES.csv,1308327_YES
1770997800,2026-02-13 15:50:00,7,3833.9525669999994,814.928856,0.21255580025014625,116.418408,,,0.0,0.0,,0.0,,,,0.0,,-0.0,,0.5579680468530448,0.4454935389207362,0.25192876796237706,0.0,0.0,0.0,0.0,1.255390353736158,0.0,0.0,1.255390353736158,False,1308327_YES.csv,1308327_YES
1770997860,2026-02-13 15:51:00,5,1094.160274,238.407789,0.2178911030357716,47.6815578,,,0.0,0.0,,0.0,,,,0.0,,-0.0,,-0.049743512583251735,-0.23624636030766558,-0.21225999390061703,0.0,0.0,0.0,0.0,-0.4982498667915344,0.0,0.0,-0.4982498667915344,False,1308327_YES.csv,1308327_YES
1770997920,2026-02-13 15:52:00,11,2190.01,476.47322,0.21756668691000605,43.31574727272727,,,0.0,0.0,,0.0,,,,0.0,,-0.0,,1.6695975252307214,0.03930982412254873,-0.240686460736494,0.0,0.0,0.0,0.0,1.468220888616776,0.0,0.0,1.468220888616776,False,1308327_YES.csv,1308327_YES
1770997980,2026-02-13 15:53:00,13,2945.877558,643.8877170000001,0.21857246417156803,49.52982438461539,,,0.0,0.0,,0.0,,,,0.0,,-0.0,,2.134465883004167,0.2285803023276302,-0.178620486649447,0.0,0.0,0.0,0.0,2.1844256986823503,0.0,0.0,2.1844256986823503,False,1308327_YES.csv,1308327_YES
1770998040,2026-02-13 15:54:00,2,434.95,96.12395000000001,0.22099999999949194,48.061975000000004,,,0.0,0.0,,0.0,,,,0.0,,-0.0,,-0.955914627982764,-0.3892266968426547,-0.16014657065985727,0.0,0.0,0.0,0.0,-1.505287895485276,0.0,0.0,-1.505287895485276,False,1308327_YES.csv,1308327_YES
1770998100,2026-02-13 15:55:00,3,5015.043961,1112.418099,0.22181622088472416,370.806033,,,0.0,0.0,,0.0,,,,0.0,,-0.0,,-0.6747632668113629,0.8174271732121581,1.9763601616465811,0.0,0.0,0.0,0.0,2.119024068047376,0.0,0.0,2.119024068047376,False,1308327_YES.csv,1308327_YES
1770998160,2026-02-13 15:56:00,1,200.0,42.383,0.21191499999894042,42.383,,,0.0,0.0,,0.0,,,,0.0,,-0.0,,-1.2031583485204274,-0.473089760987209,-0.23625578387922855,0.0,0.0,0.0,0.0,-1.912503893386865,0.0,0.0,-1.912503893386865,False,1308327_YES.csv,1308327_YES
1770998220,2026-02-13 15:57:00,3,1006.586209,222.244349,0.2207901787374669,74.08144966666667,,,0.0,0.0,,0.0,,,,0.0,,-0.0,,-0.6319726220505026,-0.2588401316814828,-0.029361391101811126,0.0,0.0,0.0,0.0,-0.9201741448337966,0.0,0.0,-0.9201741448337966,False,1308327_YES.csv,1308327_YES
1770998280,2026-02-13 15:58:00,2,2000.06,443.43733,0.22171201363947995,221.718665,,,0.0,0.0,,0.0,,,,0.0,,-0.0,,-0.8888431389378365,0.0014443538731883218,0.9377529899990482,0.0,0.0,0.0,0.0,0.050354204934400015,0.0,0.0,0.050354204934400015,False,1308327_YES.csv,1308327_YES
1770998340,2026-02-13 15:59:00,9,3045.631,753.519688,0.24741004015251766,83.72440977777778,,,0.0,0.0,,0.0,,,,0.0,,-0.0,,1.0018876990648007,0.36173403152749495,0.0037772673591808686,0.0,0.0,0.0,0.0,1.3673989979514767,0.0,0.0,1.3673989979514767,False,1308327_YES.csv,1308327_YES
1770998400,2026-02-13 16:00:00,3,748.4291479999999,185.868999,0.24834548399997863,61.956333,,,0.0,0.0,,0.0,,,,0.0,,-0.0,,-0.6331354664525131,-0.29679622318249704,-0.11739694128415135,0.0,0.0,0.0,0.0,-1.0473286309191614,0.0,0.0,-1.0473286309191614,False,1308327_YES.csv,1308327_YES
1770998460,2026-02-13 16:01:00,6,2667.49008,638.704439,0.2394402302706072,106.45073983333333,,,0.0,0.0,,0.0,,,,0.0,,-0.0,,0.1795010930589513,0.2604359664940372,0.17823640635459645,0.0,0.0,0.0,0.0,0.6181734659075849,0.0,0.0,0.6181734659075849,False,1308327_YES.csv,1308327_YES
1770998520,2026-02-13 16:02:00,1,2059.0,485.43474,0.235762379795903,485.43474,,,0.0,0.0,,0.0,,,,0.0,,-0.0,,-1.1746704841225293,0.12097117475045494,3.0087153424805435,0.0,0.0,0.0,0.0,1.9550160331084692,0.0,0.0,1.9550160331084692,False,1308327_YES.csv,1308327_YES
1770998580,2026-02-13 16:03:00,3,819.573606,205.118479,0.25027462756011415,68.37282633333334,,,0.0,0.0,,0.0,,,,0.0,,-0.0,,-0.6064748179723588,-0.2577901504615155,-0.07357381694767115,0.0,0.0,0.0,0.0,-0.9378387853815455,0.0,0.0,-0.9378387853815455,False,1308327_YES.csv,1308327_YES
1770998640,2026-02-13 16:04:00,1,395.612647,99.999999,0.2527725029977296,99.999999,,,0.0,0.0,,0.0,,,,0.0,,-0.0,,-1.1437415776214883,-0.37461144400024965,0.3266256403241956,0.0,0.0,0.0,0.0,-1.1917273812975424,0.0,0.0,-1.1917273812975424,False,1308327_YES.csv,1308327_YES
1770998700,2026-02-13 16:05:00,2,81.82048999999999,19.620348999999997,0.23979750059869107,9.810174499999999,,,0.0,0.0,,0.0,,,,0.0,,-0.0,,-0.8483062143310027,-0.4684948207672114,-0.5514411386615169,0.0,0.0,0.0,0.0,-1.868242173759731,0.0,0.0,-1.868242173759731,False,1308327_YES.csv,1308327_YES
1770998760,2026-02-13 16:06:00,4,252.141802,60.252699,0.23896354559947594,15.06317475,,,0.0,0.0,,0.0,,,,0.0,,-0.0,,-0.3119833719922839,-0.41381521841973,-0.5014444951316533,0.0,0.0,0.0,0.0,-1.2272430855436673,0.0,0.0,-1.2272430855436673,False,1308327_YES.csv,1308327_YES
1770998820,2026-02-13 16:07:00,2,788.0,192.95161,0.2448624492382679,96.475805,,,0.0,0.0,,0.0,,,,0.0,,-0.0,,-0.8272111885821323,-0.23151166443138285,0.2966338370776167,0.0,0.0,0.0,0.0,-0.7620890159358984,0.0,0.0,-0.7620890159358984,False,1308327_YES.csv,1308327_YES
1770998880,2026-02-13 16:08:00,2,13.4,3.2446099999999998,0.24213507460879585,1.6223049999999999,,,0.0,0.0,,0.0,,,,0.0,,-0.0,,-0.8088252310873619,-0.49039886431897617,-0.6457125267498969,0.0,0.0,0.0,0.0,-1.944936622156235,0.0,0.0,-1.944936622156235,False,1308327_YES.csv,1308327_YES
1770998940,2026-02-13 16:09:00,6,5559.811345,1341.669119,0.2413155835235914,223.61151983333332,,,0.0,0.0,,0.0,,,,0.0,,-0.0,,0.2878869466582135,1.305569460921858,1.503904922520237,0.0,0.0,0.0,0.0,3.0973613301003082,0.0,0.0,3.0973613301003082,False,1308327_YES.csv,1308327_YES
1770999000,2026-02-13 16:10:00,2,20.0,4.75,0.237499999988125,2.375,,,0.0,0.0,,0.0,,,,0.0,,-0.0,,-0.7883068550791189,-0.5009563169478184,-0.6561565296185398,0.0,0.0,0.0,0.0,-1.945419701645477,0.0,0.0,-1.945419701645477,False,1308327_YES.csv,1308327_YES
1770999060,2026-02-13 16:11:00,4,63.333330000000004,15.169998,0.23952629681339152,3.7924995,,,0.0,0.0,,0.0,,,,0.0,,-0.0,,-0.21362171839481892,-0.48561118473093684,-0.6404888100489732,0.0,0.0,0.0,0.0,-1.339721713174729,0.0,0.0,-1.339721713174729,False,1308327_YES.csv,1308327_YES
1770999120,2026-02-13 16:12:00,3,3049.786949,677.057859,0.22200169071540546,225.685953,,,0.0,0.0,,0.0,,,,0.0,,-0.0,,-0.49845067625457745,0.39644558751411,1.4664302040430313,0.0,0.0,0.0,0.0,1.3644251153025637,0.0,0.0,1.3644251153025637,False,1308327_YES.csv,1308327_YES
1770999180,2026-02-13 16:13:00,3,6.504777,1.459679,0.22440108243151127,0.48655966666666667,,,0.0,0.0,,0.0,,,,0.0,,-0.0,,-0.4726767664328594,-0.6869732851264901,-0.7079787542500001,0.0,0.0,0.0,0.0,-1.8676288058093498,0.0,0.0,-1.8676288058093498,False,1308327_YES.csv,1308327_YES
1770999240,2026-02-13 16:14:00,4,61.01315099999999,13.492298000000002,0.22113753803305225,3.3730745000000004,,,0.0,0.0,,0.0,,,,0.0,,-0.0,,-0.18547491270749913,-0.6599471885973364,-0.6769851334351195,0.0,0.0,0.0,0.0,-1.5224072347399549,0.0,0.0,-1.5224072347399549,False,1308327_YES.csv,1308327_YES
1770999300,2026-02-13 16:15:00,4,531.67,116.81619,0.21971559425918388,29.2040475,,,0.0,0.0,,0.0,,,,0.0,,-0.0,,-0.18547491270749913,-0.4286743175195441,-0.4015616140718141,0.0,0.0,0.0,0.0,-1.0157108442988574,0.0,0.0,-1.0157108442988574,False,1308327_YES.csv,1308327_YES
1770999360,2026-02-13 16:16:00,1,200.0,44.0,0.21999999999890002,44.0,,,0.0,0.0,,0.0,,,,0.0,,-0.0,,-1.0301975061197106,-0.5718737392005746,-0.22349213926134937,0.0,0.0,0.0,0.0,-1.8255633845816346,0.0,0.0,-1.8255633845816346,False,1308327_YES.csv,1308327_YES
1770999420,2026-02-13 16:17:00,3,277.620269,61.631659,0.22199985333123487,20.543886333333333,,,0.0,0.0,,0.0,,,,0.0,,-0.0,,-0.4268431214214024,-0.5245765889815843,-0.47847888456567655,0.0,0.0,0.0,0.0,-1.4298985949686633,0.0,0.0,-1.4298985949686633,False,1308327_YES.csv,1308327_YES
1770999480,2026-02-13 16:18:00,2,58.55,12.8639,0.21970794192622195,6.43195,,,0.0,0.0,,0.0,,,,0.0,,-0.0,,-0.7142773457836735,-0.6300447508981603,-0.6179080527027726,0.0,0.0,0.0,0.0,-1.9622301493846064,0.0,0.0,-1.9622301493846064,False,1308327_YES.csv,1308327_YES
1770999540,2026-02-13 16:19:00,4,987.227271,216.74599899999998,0.21955025490759608,54.186499749999996,,,0.0,0.0,,0.0,,,,0.0,,-0.0,,-0.13227441903159404,-0.15403758525293815,-0.10675636698338806,0.0,0.0,0.0,0.0,-0.39306837126792027,0.0,0.0,-0.39306837126792027,False,1308327_YES.csv,1308327_YES
1770999600,2026-02-13 16:20:00,5,656.3636329999999,143.850338,0.21916256594274297,28.770067599999997,,,0.0,0.0,,0.0,,,,0.0,,-0.0,,0.1668265481953538,-0.3310112079961254,-0.3883533487209822,0.0,0.0,0.0,0.0,-0.5525380085217537,0.0,0.0,-0.5525380085217537,False,1308327_YES.csv,1308327_YES
1770999660,2026-02-13 16:21:00,3,2970.0,651.97096,0.21951884175076783,217.32365333333334,,,0.0,0.0,,0.0,,,,0.0,,-0.0,,-0.41650080123536287,0.8545096970069844,1.6074625544801653,0.0,0.0,0.0,0.0,2.045471450251787,0.0,0.0,2.045471450251787,False,1308327_YES.csv,1308327_YES
1770999780,2026-02-13 16:23:00,3,606.846209,132.455599,0.21826880853066635,44.15186633333334,,,0.0,0.0,,0.0,,,,0.0,,-0.0,,-0.4019922200409373,-0.3871030176634156,-0.2614443136925284,0.0,0.0,0.0,0.0,-1.0505395513968814,0.0,0.0,-1.0505395513968814,False,1308327_YES.csv,1308327_YES
1770999840,2026-02-13 16:24:00,4,301.516209,64.163399,0.21280248651503575,16.04084975,,,0.0,0.0,,0.0,,,,0.0,,-0.0,,-0.11813652657788139,-0.5522453494544383,-0.5657840873422058,0.0,0.0,0.0,0.0,-1.2361659633745254,0.0,0.0,-1.2361659633745254,False,1308327_YES.csv,1308327_YES
1770999900,2026-02-13 16:25:00,4,1150.0,251.10046999999997,0.21834823478241877,62.77511749999999,,,0.0,0.0,,0.0,,,,0.0,,-0.0,,-0.09076159303411307,-0.11412272280880846,-0.07221465345756699,0.0,0.0,0.0,0.0,-0.27709896930048855,0.0,0.0,-0.27709896930048855,False,1308327_YES.csv,1308327_YES
1770999960,2026-02-13 16:26:00,11,885.0,187.844,0.21225310734439293,17.076727272727272,,,0.0,0.0,,0.0,,,,0.0,,-0.0,,1.9401940998294664,-0.26351841823491917,-0.5621405968281686,0.0,0.0,0.0,0.0,1.1145350847663789,0.0,0.0,1.1145350847663789,False,1308327_YES.csv,1308327_YES
1771000020,2026-02-13 16:27:00,18,10419.980719,2294.0187889999997,0.22015576140336038,127.44548827777777,,,0.0,0.0,,0.0,,,,0.0,,-0.0,,3.5755809130762914,3.9976114944409202,0.6110838173989517,0.0,0.0,0.0,0.0,8.184276224916163,0.0,0.0,8.184276224916163,False,1308327_YES.csv,1308327_YES
1771000080,2026-02-13 16:28:00,8,551.212351,121.765559,0.22090499020726603,15.220694875,,,0.0,0.0,,0.0,,,,0.0,,-0.0,,0.8944424582254865,-0.430195708491568,-0.5896872908854816,0.0,0.0,0.0,0.0,-0.12544054115156306,0.0,0.0,-0.12544054115156306,False,1308327_YES.csv,1308327_YES
1771000140,2026-02-13 16:29:00,4,753.888172,166.323218,0.22062054317490915,41.5808045,,,0.0,0.0,,0.0,,,,0.0,,-0.0,,-0.13553087354431895,-0.3128242328273621,-0.2940853028220345,0.0,0.0,0.0,0.0,-0.7424404091937156,0.0,0.0,-0.7424404091937156,False,1308327_YES.csv,1308327_YES
1771000200,2026-02-13 16:30:00,6,7182.222216,1624.579996,0.22619461597563215,270.76333266666666,,,0.0,0.0,,0.0,,,,0.0,,-0.0,,0.40157929943192705,2.5359860642331213,2.0582943225993744,0.0,0.0,0.0,0.0,4.9958596862644225,0.0,0.0,4.9958596862644225,False,1308327_YES.csv,1308327_YES
1771000260,2026-02-13 16:31:00,2,3.11,0.70286,0.22599999992733122,0.35143,,,0.0,0.0,,0.0,,,,0.0,,-0.0,,-0.6751367576519266,-0.6757788616267536,-0.7589031971704853,0.0,0.0,0.0,0.0,-2.1098188164491654,0.0,0.0,-2.1098188164491654,False,1308327_YES.csv,1308327_YES
1771000320,2026-02-13 16:32:00,4,126.050414,29.999996,0.23799997991091082,7.499999,,,0.0,0.0,,0.0,,,,0.0,,-0.0,,-0.13502735153038534,-0.616130485709061,-0.6820635677337932,0.0,0.0,0.0,0.0,-1.4332214049732395,0.0,0.0,-1.4332214049732395,False,1308327_YES.csv,1308327_YES
1771000380,2026-02-13 16:33:00,5,1482.24,353.3292,0.23837516191693758,70.66584,,,0.0,0.0,,0.0,,,,0.0,,-0.0,,0.13052778435799461,0.03190384990392381,-0.009960842037322276,0.0,0.0,0.0,0.0,0.15247079222459614,0.0,0.0,0.15247079222459614,False,1308327_YES.csv,1308327_YES
1771000560,2026-02-13 16:36:00,2,23.0,5.255,0.22847826085963138,2.6275,,,0.0,0.0,,0.0,,,,0.0,,-0.0,,-0.6796446702778339,-0.6564924380062637,-0.7189632579468546,0.0,0.0,0.0,0.0,-2.055100366230952,0.0,0.0,-2.055100366230952,False,1308327_YES.csv,1308327_YES
1771000620,2026-02-13 16:37:00,3,916.974091,208.404279,0.2272739012423991,69.468093,,,0.0,0.0,,0.0,,,,0.0,,-0.0,,-0.4095871853992244,-0.2609095995167709,-0.030737566252907307,0.0,0.0,0.0,0.0,-0.7012343511689026,0.0,0.0,-0.7012343511689026,False,1308327_YES.csv,1308327_YES
1771000680,2026-02-13 16:38:00,2,106.84,23.665640000000003,0.2215054286763244,11.832820000000002,,,0.0,0.0,,0.0,,,,0.0,,-0.0,,-0.6734738567088975,-0.6236807670932895,-0.6295408693328085,0.0,0.0,0.0,0.0,-1.9266954931349956,0.0,0.0,-1.9266954931349956,False,1308327_YES.csv,1308327_YES
1771000740,2026-02-13 16:39:00,2,193.214591,44.545999,0.23055194107866026,22.2729995,,,0.0,0.0,,0.0,,,,0.0,,-0.0,,-0.6576425634206213,-0.579374467056052,-0.5201810660831061,0.0,0.0,0.0,0.0,-1.7571980965597795,0.0,0.0,-1.7571980965597795,False,1308327_YES.csv,1308327_YES
1771000860,2026-02-13 16:41:00,2,96.628157,21.999998,0.22767688718074505,10.999999,,,0.0,0.0,,0.0,,,,0.0,,-0.0,,-0.6576425634206213,-0.6247944594198688,-0.6403307839450252,0.0,0.0,0.0,0.0,-1.9227678067855154,0.0,0.0,-1.9227678067855154,False,1308327_YES.csv,1308327_YES
1771000920,2026-02-13 16:42:00,1,506.550217,115.999999,0.22899999863147036,115.999999,,,0.0,0.0,,0.0,,,,0.0,,-0.0,,-0.8955815654659223,-0.4394809123090546,0.44281287274851083,0.0,0.0,0.0,0.0,-0.8922496050264661,0.0,0.0,-0.8922496050264661,False,1308327_YES.csv,1308327_YES
1771000980,2026-02-13 16:43:00,1,536.081303,122.999999,0.22944280711049259,122.999999,,,0.0,0.0,,0.0,,,,0.0,,-0.0,,-0.9646542813220781,-0.40098156876254715,0.5104517803376973,0.0,0.0,0.0,0.0,-0.855184069746928,0.0,0.0,-0.855184069746928,False,1308327_YES.csv,1308327_YES
1771001040,2026-02-13 16:44:00,3,620.0,136.21846,0.21970719354803273,45.40615333333333,,,0.0,0.0,,0.0,,,,0.0,,-0.0,,-0.32510448155053456,-0.3778839315612372,-0.31149790005527295,0.0,0.0,0.0,0.0,-1.0144863131670447,0.0,0.0,-1.0144863131670447,False,1308327_YES.csv,1308327_YES
1771001160,2026-02-13 16:46:00,3,1448.64,319.14962,0.22030982162564863,106.38320666666668,,,0.0,0.0,,0.0,,,,0.0,,-0.0,,-0.3194935438588297,0.013041018538235798,0.31832154138408597,0.0,0.0,0.0,0.0,0.011869016063492055,0.0,0.0,0.011869016063492055,False,1308327_YES.csv,1308327_YES
1771001220,2026-02-13 16:47:00,1,44.247786,9.999999,0.2259999856212918,9.999999,,,0.0,0.0,,0.0,,,,0.0,,-0.0,,-0.9413923288514024,-0.6579057782164565,-0.6971462364208009,0.0,0.0,0.0,0.0,-2.29644434348866,0.0,0.0,-2.29644434348866,False,1308327_YES.csv,1308327_YES
1771001280,2026-02-13 16:48:00,3,13.274331,2.999997,0.22599986393092045,0.999999,,,0.0,0.0,,0.0,,,,0.0,,-0.0,,-0.3128230150624717,-0.6651837373041412,-0.773443747566419,0.0,0.0,0.0,0.0,-1.7514504999330318,0.0,0.0,-1.7514504999330318,False,1308327_YES.csv,1308327_YES
1771001340,2026-02-13 16:49:00,2,110.16428400000001,24.719999,0.22439213601910768,12.3599995,,,0.0,0.0,,0.0,,,,0.0,,-0.0,,-0.6309481151260022,-0.6193559904980104,-0.6574727237377286,0.0,0.0,0.0,0.0,-1.9077768293617412,0.0,0.0,-1.9077768293617412,False,1308327_YES.csv,1308327_YES
1771001400,2026-02-13 16:50:00,3,559.01,123.50771999999999,0.22094009051676902,41.169239999999995,,,0.0,0.0,,0.0,,,,0.0,,-0.0,,-0.3022534110222159,-0.3890833966611276,-0.34182755408248017,0.0,0.0,0.0,0.0,-1.0331643617658237,0.0,0.0,-1.0331643617658237,False,1308327_YES.csv,1308327_YES
1771001460,2026-02-13 16:51:00,3,90.927497,20.352788,0.22383534872598726,6.784262666666667,,,0.0,0.0,,0.0,,,,0.0,,-0.0,,-0.3022534110222159,-0.6126629069503641,-0.702361537721768,0.0,0.0,0.0,0.0,-1.617277855694348,0.0,0.0,-1.617277855694348,False,1308327_YES.csv,1308327_YES
1771001520,2026-02-13 16:52:00,3,197.678567,44.279996999999995,0.22399998984096237,14.759998999999999,,,0.0,0.0,,0.0,,,,0.0,,-0.0,,-0.29672595448728856,-0.5606321818228315,-0.6193962015994219,0.0,0.0,0.0,0.0,-1.4767543379095418,0.0,0.0,-1.4767543379095418,False,1308327_YES.csv,1308327_YES
1771001580,2026-02-13 16:53:00,1,1.95,0.43485,0.22299999988564104,0.43485,,,0.0,0.0,,0.0,,,,0.0,,-0.0,,-0.9018573554410142,-0.6423176480918166,-0.7437883413638998,0.0,0.0,0.0,0.0,-2.2879633448967307,0.0,0.0,-2.2879633448967307,False,1308327_YES.csv,1308327_YES
1771001640,2026-02-13 16:54:00,2,72.0524,16.349999,0.22691817343729115,8.1749995,,,0.0,0.0,,0.0,,,,0.0,,-0.0,,-0.5835547594030092,-0.6037864757262653,-0.6576397472726121,0.0,0.0,0.0,0.0,-1.8449809824018866,0.0,0.0,-1.8449809824018866,False,1308327_YES.csv,1308327_YES
1771001700,2026-02-13 16:55:00,1,66.96,15.066,0.22499999999663978,15.066,,,0.0,0.0,,0.0,,,,0.0,,-0.0,,-0.871975871028864,-0.5820056271161155,-0.5655095749318533,0.0,0.0,0.0,0.0,-2.019491073076833,0.0,0.0,-2.019491073076833,False,1308327_YES.csv,1308327_YES
1771001760,2026-02-13 16:56:00,1,1.26,0.2835,0.22499999982142857,0.2835,,,0.0,0.0,,0.0,,,,0.0,,-0.0,,-0.8466289399040565,-0.6056132387293987,-0.7122647725451027,0.0,0.0,0.0,0.0,-2.164506951178558,0.0,0.0,-2.164506951178558,False,1308327_YES.csv,1308327_YES
1771001820,2026-02-13 16:57:00,2,35.614031999999995,8.119997999999999,0.22799996360344713,4.0599989999999995,,,0.0,0.0,,0.0,,,,0.0,,-0.0,,-0.5046140442004603,-0.568532200116558,-0.6629270721793477,0.0,0.0,0.0,0.0,-1.736073316496366,0.0,0.0,-1.736073316496366,False,1308327_YES.csv,1308327_YES
1771001880,2026-02-13 16:58:00,2,535.0,119.06276,0.22254721495285504,59.53138,,,0.0,0.0,,0.0,,,,0.0,,-0.0,,-0.4864067009167754,-0.2890905562045236,-0.0759193201084996,0.0,0.0,0.0,0.0,-0.8514165772297986,0.0,0.0,-0.8514165772297986,False,1308327_YES.csv,1308327_YES
1771001940,2026-02-13 16:59:00,3,70.612221,15.752149000000001,0.2230796422587659,5.250716333333334,,,0.0,0.0,,0.0,,,,0.0,,-0.0,,-0.12792485482434393,-0.5296871070739343,-0.642551301163715,0.0,0.0,0.0,0.0,-1.300163263061993,0.0,0.0,-1.300163263061993,False,1308327_YES.csv,1308327_YES
1771002060,2026-02-13 17:01:00,2,214.95,47.7189,0.22199999999896722,23.85945,,,0.0,0.0,,0.0,,,,0.0,,-0.0,,-0.4864067009167754,-0.4275134738345123,-0.42371379507184104,0.0,0.0,0.0,0.0,-1.3376339698231288,0.0,0.0,-1.3376339698231288,False,1308327_YES.csv,1308327_YES
1771002120,2026-02-13 17:02:00,6,782.863112,171.05991699999998,0.21850552718312455,28.509986166666664,,,0.0,0.0,,0.0,,,,0.0,,-0.0,,0.9410871962272365,-0.13062795709364924,-0.3664847399219263,0.0,0.0,0.0,0.0,0.4439744992116609,0.0,0.0,0.4439744992116609,False,1308327_YES.csv,1308327_YES
1771002180,2026-02-13 17:03:00,5,2177.851657,477.222958,0.21912555727379407,95.4445916,,,0.0,0.0,,0.0,,,,0.0,,-0.0,,0.563218384898842,0.6086232230114685,0.40897748061515693,0.0,0.0,0.0,0.0,1.5808190885254676,0.0,0.0,1.5808190885254676,False,1308327_YES.csv,1308327_YES
1771002240,2026-02-13 17:04:00,2,1497.6345030000002,322.627949,0.21542502416544856,161.3139745,,,0.0,0.0,,0.0,,,,0.0,,-0.0,,-0.5268817149053685,0.2356801353742015,1.209771331737175,0.0,0.0,0.0,0.0,0.918569752206008,0.0,0.0,0.918569752206008,False,1308327_YES.csv,1308327_YES
1771002300,2026-02-13 17:05:00,1,21.92,4.73472,0.215999999990146,4.73472,,,0.0,0.0,,0.0,,,,0.0,,-0.0,,-0.8672755527575048,-0.5194830547503058,-0.6298419703535525,0.0,0.0,0.0,0.0,-2.016600577861363,0.0,0.0,-2.016600577861363,False,1308327_YES.csv,1308327_YES
1771002360,2026-02-13 17:06:00,5,21.672871,4.830237,0.22287019563661542,0.9660474000000001,,,0.0,0.0,,0.0,,,,0.0,,-0.0,,0.6157527281015666,-0.5106268645663224,-0.6599145504241342,0.0,0.0,0.0,0.0,-0.55478868688889,0.0,0.0,-0.55478868688889,False,1308327_YES.csv,1308327_YES
1771002420,2026-02-13 17:07:00,7,267.803261,58.383597,0.2180092833140743,8.340513857142858,,,0.0,0.0,,0.0,,,,0.0,,-0.0,,1.3459554647507714,-0.3571211712938895,-0.553912185970656,0.0,0.0,0.0,0.0,0.43492210748622595,0.0,0.0,0.43492210748622595,False,1308327_YES.csv,1308327_YES
1771002480,2026-02-13 17:08:00,3,595.389089,130.957669,0.21995308852524173,43.65255633333334,,,0.0,0.0,,0.0,,,,0.0,,-0.0,,-0.14914143228409443,-0.16172539613639272,-0.0682274898234048,0.0,0.0,0.0,0.0,-0.379094318243892,0.0,0.0,-0.379094318243892,False,1308327_YES.csv,1308327_YES
1771002540,2026-02-13 17:09:00,2,438.35616100000004,95.999998,0.21899999712740656,47.999999,,,0.0,0.0,,0.0,,,,0.0,,-0.0,,-0.5147005317041801,-0.24473085428044836,0.00579111126361581,0.0,0.0,0.0,0.0,-0.7536402747210127,0.0,0.0,-0.7536402747210127,False,1308327_YES.csv,1308327_YES
1771002600,2026-02-13 17:10:00,3,527.831049,115.56300900000001,0.21893939210040875,38.521003,,,0.0,0.0,,0.0,,,,0.0,,-0.0,,-0.15605896947934994,-0.1963596481605094,-0.12857621888030404,0.0,0.0,0.0,0.0,-0.4809948365201634,0.0,0.0,-0.4809948365201634,False,1308327_YES.csv,1308327_YES
1771002660,2026-02-13 17:11:00,2,114.365385,24.999997999999998,0.21859759401659337,12.499998999999999,,,0.0,0.0,,0.0,,,,0.0,,-0.0,,-0.5306004962297899,-0.4237234827699784,-0.5431738105511935,0.0,0.0,0.0,0.0,-1.4974977895509618,0.0,0.0,-1.4974977895509618,False,1308327_YES.csv,1308327_YES
1771002720,2026-02-13 17:12:00,2,590.0,128.90572,0.21848427118607036,64.45286,,,0.0,0.0,,0.0,,,,0.0,,-0.0,,-0.5171330632265224,-0.16613323946869044,0.2703997949473524,0.0,0.0,0.0,0.0,-0.41286650774786043,0.0,0.0,-0.41286650774786043,False,1308327_YES.csv,1308327_YES
1771002780,2026-02-13 17:13:00,2,7.736209,1.694229,0.2189999003104751,0.8471145,,,0.0,0.0,,0.0,,,,0.0,,-0.0,,-0.5171330632265224,-0.47646111192772816,-0.7179383193847814,0.0,0.0,0.0,0.0,-1.711532494539032,0.0,0.0,-1.711532494539032,False,1308327_YES.csv,1308327_YES
1771002840,2026-02-13 17:14:00,3,2311.111107,519.999997,0.22499999910206608,173.33333233333335,,,0.0,0.0,,0.0,,,,0.0,,-0.0,,-0.14984927409790422,0.7973505212118547,1.9296229328547525,0.0,0.0,0.0,0.0,2.577124179968703,0.0,0.0,2.577124179968703,False,1308327_YES.csv,1308327_YES
1771003020,2026-02-13 17:17:00,4,568.392521,125.93040900000001,0.221555358923835,31.482602250000003,,,0.0,0.0,,0.0,,,,0.0,,-0.0,,0.23910747410633457,-0.14618901607531218,-0.232881753513095,0.0,0.0,0.0,0.0,-0.13996329548207262,0.0,0.0,-0.13996329548207262,False,1308327_YES.csv,1308327_YES
1771003080,2026-02-13 17:18:00,2,19.090908,4.209999,0.22052376973266416,2.1049995,,,0.0,0.0,,0.0,,,,0.0,,-0.0,,-0.5159687599136693,-0.47365308028361486,-0.7193539459602214,0.0,0.0,0.0,0.0,-1.7089757861575054,0.0,0.0,-1.7089757861575054,False,1308327_YES.csv,1308327_YES
1771003140,2026-02-13 17:19:00,6,167.87329699999998,36.999996,0.22040429693699046,6.166666,,,0.0,0.0,,0.0,,,,0.0,,-0.0,,0.9740202816363778,-0.38657000884104004,-0.6530315116509634,0.0,0.0,0.0,0.0,-0.06558123885562572,0.0,0.0,-0.06558123885562572,False,1308327_YES.csv,1308327_YES
1771003200,2026-02-13 17:20:00,1,68.181817,14.999999,0.2199999891434398,14.999999,,,0.0,0.0,,0.0,,,,0.0,,-0.0,,-0.8808303803337927,-0.4219907267829383,-0.4864606383693518,0.0,0.0,0.0,0.0,-1.789281745486083,0.0,0.0,-1.789281745486083,False,1308327_YES.csv,1308327_YES
1771003260,2026-02-13 17:21:00,2,168.05846,36.999999,0.2201614783318843,18.4999995,,,0.0,0.0,,0.0,,,,0.0,,-0.0,,-0.5014360297162334,-0.3637977010419223,-0.43034272140452134,0.0,0.0,0.0,0.0,-1.2955764521626771,0.0,0.0,-1.2955764521626771,False,1308327_YES.csv,1308327_YES
1771003320,2026-02-13 17:22:00,3,382.58,83.18815000000001,0.21743988185420707,27.729383333333335,,,0.0,0.0,,0.0,,,,0.0,,-0.0,,-0.12385723081251641,-0.2410602318602379,-0.27223529213187214,0.0,0.0,0.0,0.0,-0.6371527548046265,0.0,0.0,-0.6371527548046265,False,1308327_YES.csv,1308327_YES
1771003380,2026-02-13 17:23:00,3,76.935453,16.843629,0.2189319532541268,5.614543,,,0.0,0.0,,0.0,,,,0.0,,-0.0,,-0.11771258437786275,-0.41738310491029423,-0.6631474968139531,0.0,0.0,0.0,0.0,-1.1982431861021101,0.0,0.0,-1.1982431861021101,False,1308327_YES.csv,1308327_YES
1771003440,2026-02-13 17:24:00,1,44.44,9.64348,0.21699999999511704,9.64348,,,0.0,0.0,,0.0,,,,0.0,,-0.0,,-0.8611604857117322,-0.43521377261011945,-0.5784758284116073,0.0,0.0,0.0,0.0,-1.874850086733459,0.0,0.0,-1.874850086733459,False,1308327_YES.csv,1308327_YES
1771003500,2026-02-13 17:25:00,3,324.587154,70.659999,0.2176919145721408,23.553333,,,0.0,0.0,,0.0,,,,0.0,,-0.0,,-0.11771258437786275,-0.2691207175582362,-0.3293092190044636,0.0,0.0,0.0,0.0,-0.7161425209405625,0.0,0.0,-0.7161425209405625,False,1308327_YES.csv,1308327_YES
1771003560,2026-02-13 17:26:00,4,257.039455,55.356017,0.21535999988711707,13.83900425,,,0.0,0.0,,0.0,,,,0.0,,-0.0,,0.24199870591349895,-0.3130563934618086,-0.506959997018255,0.0,0.0,0.0,0.0,-0.5780176845665647,0.0,0.0,-0.5780176845665647,False,1308327_YES.csv,1308327_YES
1771003620,2026-02-13 17:27:00,2,19.608293,4.254999,0.21699997035861304,2.1274995,,,0.0,0.0,,0.0,,,,0.0,,-0.0,,-0.4894365350447975,-0.4422874384404895,-0.699631401877869,0.0,0.0,0.0,0.0,-1.631355375363156,0.0,0.0,-1.631355375363156,False,1308327_YES.csv,1308327_YES
1771003680,2026-02-13 17:28:00,8,156.607127,31.005999000000003,0.1979858745496431,3.8757498750000003,,,0.0,0.0,,0.0,,,,0.0,,-0.0,,1.6853285693019036,-0.36379259073455755,-0.6586149315660644,0.0,0.0,0.0,0.0,0.6629210470012815,0.0,0.0,0.6629210470012815,False,1308327_YES.csv,1308327_YES
1771003740,2026-02-13 17:29:00,3,37.025347000000004,7.175819000000001,0.19380828489753768,2.391939666666667,,,0.0,0.0,,0.0,,,,0.0,,-0.0,,-0.13337132562820822,-0.40507632530788396,-0.6798368394439629,0.0,0.0,0.0,0.0,-1.218284490380055,0.0,0.0,-1.218284490380055,False,1308327_YES.csv,1308327_YES
1771003800,2026-02-13 17:30:00,2,3665.388622,798.895459,0.21795655014716248,399.4477295,,,0.0,0.0,,0.0,,,,0.0,,-0.0,,-0.49010651980923653,1.7071407076646843,5.145689411411132,0.0,0.0,0.0,0.0,6.362723599266579,0.0,0.0,6.362723599266579,False,1308327_YES.csv,1308327_YES
1771003860,2026-02-13 17:31:00,5,294.397061,62.784617000000004,0.2132650943814508,12.5569234,,,0.0,0.0,,0.0,,,,0.0,,-0.0,,0.5914618625779515,-0.2748891110864247,-0.4390684532746451,0.0,0.0,0.0,0.0,-0.1224957017831183,0.0,0.0,-0.1224957017831183,False,1308327_YES.csv,1308327_YES
1771003920,2026-02-13 17:32:00,4,137.97,29.21203,0.21172740450669178,7.3030075,,,0.0,0.0,,0.0,,,,0.0,,-0.0,,0.22934235487716487,-0.3551080981261281,-0.5008190802166919,0.0,0.0,0.0,0.0,-0.626584823465655,0.0,0.0,-0.626584823465655,False,1308327_YES.csv,1308327_YES
1771003980,2026-02-13 17:33:00,3,31.8,6.380120000000001,0.20063270439620653,2.1267066666666667,,,0.0,0.0,,0.0,,,,0.0,,-0.0,,-0.09066977957996374,-0.4078410800533853,-0.5708553566413974,0.0,0.0,0.0,0.0,-1.0693662162747466,0.0,0.0,-1.0693662162747466,False,1308327_YES.csv,1308327_YES
1771004040,2026-02-13 17:34:00,3,1603.03,341.08709,0.21277648577992128,113.69569666666666,,,0.0,0.0,,0.0,,,,0.0,,-0.0,,0.00984810837257251,0.8749561232938255,1.0415434697926704,0.0,0.0,0.0,0.0,1.9263477014590684,0.0,0.0,1.9263477014590684,False,1308327_YES.csv,1308327_YES
1771004100,2026-02-13 17:35:00,1,23.3,5.0328,0.2159999999907296,5.0328,,,0.0,0.0,,0.0,,,,0.0,,-0.0,,-1.1828580029113434,-0.4807085509837089,-0.5247160566019395,0.0,0.0,0.0,0.0,-2.1882826104969917,0.0,0.0,-2.1882826104969917,False,1308327_YES.csv,1308327_YES
1771004160,2026-02-13 17:36:00,3,141.371161,28.839699,0.20399987377762285,9.613233,,,0.0,0.0,,0.0,,,,0.0,,-0.0,,0.0954689223728426,-0.37459221202637316,-0.45016613245229314,0.0,0.0,0.0,0.0,-0.7292894221058237,0.0,0.0,-0.7292894221058237,False,1308327_YES.csv,1308327_YES
1771004220,2026-02-13 17:37:00,1,8000.0,1775.09805,0.22188725624997227,1775.09805,,,0.0,0.0,,0.0,,,,0.0,,-0.0,,-1.1521000888675124,6.283387460643437,7.337216932718167,0.0,0.0,0.0,0.0,12.468504304494092,0.0,0.0,12.468504304494092,True,1308327_YES.csv,1308327_YES
1771004280,2026-02-13 17:38:00,4,43.188727,9.052918,0.20961298534662495,2.2632295,,,0.0,0.0,,0.0,,,,0.0,,-0.0,,0.7801256235624345,-0.43756788645261807,-0.27353122539922203,0.0,0.0,0.0,0.0,0.06902651171059443,0.0,0.0,0.06902651171059443,False,1308327_YES.csv,1308327_YES
1771004340,2026-02-13 17:39:00,4,137.511209,29.862499,0.2171641076894527,7.46562475,,,0.0,0.0,,0.0,,,,0.0,,-0.0,,0.7801256235624345,-0.3583521458711371,-0.2511943884672507,0.0,0.0,0.0,0.0,0.17057908922404674,0.0,0.0,0.17057908922404674,False,1308327_YES.csv,1308327_YES
1771004400,2026-02-13 17:40:00,3,657.137836,142.608799,0.21701504796595367,47.53626633333334,,,0.0,0.0,,0.0,,,,0.0,,-0.0,,0.1544063880595416,0.0847041148706396,-0.07750995003268872,0.0,0.0,0.0,0.0,0.16160055289749248,0.0,0.0,0.16160055289749248,False,1308327_YES.csv,1308327_YES
1771004460,2026-02-13 17:41:00,2,123.25581199999999,26.399998999999998,0.21418867452502613,13.199999499999999,,,0.0,0.0,,0.0,,,,0.0,,-0.0,,-0.5073352750527793,-0.3620663436299226,-0.22571005404700337,0.0,0.0,0.0,0.0,-1.0951116727297052,0.0,0.0,-1.0951116727297052,False,1308327_YES.csv,1308327_YES
1771004520,2026-02-13 17:42:00,5,1245.607102,270.726897,0.21734533832144337,54.1453794,,,0.0,0.0,,0.0,,,,0.0,,-0.0,,1.430230309864463,0.5694929127674235,-0.048806536934897934,0.0,0.0,0.0,0.0,1.9509166856969886,0.0,0.0,1.9509166856969886,False,1308327_YES.csv,1308327_YES
1771004580,2026-02-13 17:43:00,5,2176.62,444.89590999999996,0.2043976027050177,88.979182,,,0.0,0.0,,0.0,,,,0.0,,-0.0,,1.3778808064855588,1.195525923108546,0.09527129544360718,0.0,0.0,0.0,0.0,2.668678025037712,0.0,0.0,2.668678025037712,False,1308327_YES.csv,1308327_YES
1771004640,2026-02-13 17:44:00,1,23.923443,4.999999,0.2089999754546617,4.999999,,,0.0,0.0,,0.0,,,,0.0,,-0.0,,-1.1641147923680744,-0.4658610874012335,-0.2641261308289162,0.0,0.0,0.0,0.0,-1.894102010598224,0.0,0.0,-1.894102010598224,False,1308327_YES.csv,1308327_YES
1771004700,2026-02-13 17:45:00,1,1000.0,207.60945,0.2076094499997924,207.60945,,,0.0,0.0,,0.0,,,,0.0,,-0.0,,-1.143226834526793,0.2884504883941529,0.5903166089752919,0.0,0.0,0.0,0.0,-0.2644597371573483,0.0,0.0,-0.2644597371573483,False,1308327_YES.csv,1308327_YES
1771004760,2026-02-13 17:46:00,2,25.90846,5.372129,0.20735037898017286,2.6860645,,,0.0,0.0,,0.0,,,,0.0,,-0.0,,-0.5291430874400338,-0.46861874639103457,-0.2792244521273369,0.0,0.0,0.0,0.0,-1.2769862859584051,0.0,0.0,-1.2769862859584051,False,1308327_YES.csv,1308327_YES
1771004940,2026-02-13 17:49:00,3,46.019999999999996,9.454,0.205432420682194,3.1513333333333335,,,0.0,0.0,,0.0,,,,0.0,,-0.0,,0.08566392740069408,-0.4453037450670176,-0.2686413376511365,0.0,0.0,0.0,0.0,-0.6282811553174601,0.0,0.0,-0.6282811553174601,False,1308327_YES.csv,1308327_YES
1771005000,2026-02-13 17:50:00,2,348.85,72.09462,0.20666366633164204,36.04731,,,0.0,0.0,,0.0,,,,0.0,,-0.0,,-0.5447435746570815,-0.2051240233559276,-0.12713212136147076,0.0,0.0,0.0,0.0,-0.8769997193744798,0.0,0.0,-0.8769997193744798,False,1308327_YES.csv,1308327_YES
1771005060,2026-02-13 17:51:00,6,10255.575257,1961.511726,0.19126296447007862,326.918621,,,0.0,0.0,,0.0,,,,0.0,,-0.0,,1.9225383861327245,5.089651929639829,1.0912162492784374,0.0,0.0,0.0,0.0,8.10340656505099,0.0,0.0,8.10340656505099,False,1308327_YES.csv,1308327_YES
1771005120,2026-02-13 17:52:00,1,49.751242,9.999999,0.2009999870917594,9.999999,,,0.0,0.0,,0.0,,,,0.0,,-0.0,,-1.1783299785974763,-0.4052173559712127,-0.2518123939250627,0.0,0.0,0.0,0.0,-1.8353597284937517,0.0,0.0,-1.8353597284937517,False,1308327_YES.csv,1308327_YES
1771005180,2026-02-13 17:53:00,3,213.04,42.49064,0.19944911753567665,14.163546666666667,,,0.0,0.0,,0.0,,,,0.0,,-0.0,,0.062017367294604074,-0.31580717296202937,-0.2351563429204954,0.0,0.0,0.0,0.0,-0.48894614858792074,0.0,0.0,-0.48894614858792074,False,1308327_YES.csv,1308327_YES
1771005240,2026-02-13 17:54:00,3,49.78,9.552980000000002,0.1919039774971494,3.184326666666667,,,0.0,0.0,,0.0,,,,0.0,,-0.0,,0.05181926045976294,-0.4077879661558462,-0.28099857054210675,0.0,0.0,0.0,0.0,-0.63696727623819,0.0,0.0,-0.63696727623819,False,1308327_YES.csv,1308327_YES
1771005300,2026-02-13 17:55:00,2,737.531526,143.58017900000002,0.1946766666077475,71.79008950000001,,,0.0,0.0,,0.0,,,,0.0,,-0.0,,-0.5581563056514361,-0.03119403606826569,0.007596994923233831,0.0,0.0,0.0,0.0,-0.581753346796468,0.0,0.0,-0.581753346796468,False,1308327_YES.csv,1308327_YES
1771005360,2026-02-13 17:56:00,1,400.0,77.2,0.1929999999995175,77.2,,,0.0,0.0,,0.0,,,,0.0,,-0.0,,-1.1445510770346095,-0.22103819360790264,0.025568787236113315,0.0,0.0,0.0,0.0,-1.340020483406399,0.0,0.0,-1.340020483406399,False,1308327_YES.csv,1308327_YES
1771005420,2026-02-13 17:57:00,2,605.125601,120.0,0.19830593814159533,60.0,,,0.0,0.0,,0.0,,,,0.0,,-0.0,,-0.5199935348106209,-0.10400753867482666,-0.050601875033826106,0.0,0.0,0.0,0.0,-0.6746029485192737,0.0,0.0,-0.6746029485192737,False,1308327_YES.csv,1308327_YES
1771005480,2026-02-13 17:58:00,2,105.050504,20.799999,0.19799999245888433,10.3999995,,,0.0,0.0,,0.0,,,,0.0,,-0.0,,-0.5348175704108767,-0.38500921157722295,-0.2618232120720244,0.0,0.0,0.0,0.0,-1.1816499940601242,0.0,0.0,-1.1816499940601242,False,1308327_YES.csv,1308327_YES
1771005540,2026-02-13 17:59:00,1,14.747473,2.919999,0.19799995563999337,2.919999,,,0.0,0.0,,0.0,,,,0.0,,-0.0,,-1.1317506345878219,-0.43472924166748933,-0.2931659221862325,0.0,0.0,0.0,0.0,-1.8596457984415435,0.0,0.0,-1.8596457984415435,False,1308327_YES.csv,1308327_YES
1771005660,2026-02-13 18:01:00,2,516.6234479999999,100.729998,0.19497759613846452,50.364999,,,0.0,0.0,,0.0,,,,0.0,,-0.0,,-0.5348175704108767,-0.1629416429073094,-0.09436402936455401,0.0,0.0,0.0,0.0,-0.7921232426827401,0.0,0.0,-0.7921232426827401,False,1308327_YES.csv,1308327_YES
1771005720,2026-02-13 18:02:00,2,70.87,13.71691,0.19355030336964088,6.858455,,,0.0,0.0,,0.0,,,,0.0,,-0.0,,-0.5500055587908489,-0.40950805748692454,-0.27957224710876916,0.0,0.0,0.0,0.0,-1.2390858633865425,0.0,0.0,-1.2390858633865425,False,1308327_YES.csv,1308327_YES
1771005780,2026-02-13 18:03:00,3,15816.621346,2883.427489,0.18230363020791618,961.1424963333334,,,0.0,0.0,,0.0,,,,0.0,,-0.0,,0.06242564930287111,5.371559455889095,3.333443624345526,0.0,0.0,0.0,0.0,8.767428729537492,0.0,0.0,8.767428729537492,False,1308327_YES.csv,1308327_YES
1771005840,2026-02-13 18:04:00,8,10623.680293,1935.564878,0.18219344187862768,241.94560975,,,0.0,0.0,,0.0,,,,0.0,,-0.0,,2.8949407279220365,3.1120950902431748,0.5724928673818246,0.0,0.0,0.0,0.0,6.579528685547036,0.0,0.0,6.579528685547036,False,1308327_YES.csv,1308327_YES
1771005900,2026-02-13 18:05:00,5,645.985601,119.506159,0.18499817769129345,23.901231799999998,,,0.0,0.0,,0.0,,,,0.0,,-0.0,,1.1261622103174722,-0.21831953710060525,-0.2595788505734437,0.0,0.0,0.0,0.0,0.6482638226434232,0.0,0.0,0.6482638226434232,False,1308327_YES.csv,1308327_YES
1771005960,2026-02-13 18:06:00,2,12.111004000000001,2.248059,0.1856211920840236,1.1240295,,,0.0,0.0,,0.0,,,,0.0,,-0.0,,-0.591712347793926,-0.4317245614119453,-0.3447982353803594,0.0,0.0,0.0,0.0,-1.3682351445862306,0.0,0.0,-1.3682351445862306,False,1308327_YES.csv,1308327_YES
1771006020,2026-02-13 18:07:00,5,2415.302764,442.101469,0.18304184286513614,88.4202938,,,0.0,0.0,,0.0,,,,0.0,,-0.0,,1.1516575900078352,0.3657985729461131,-0.0160227467914293,0.0,0.0,0.0,0.0,1.501433416162519,0.0,0.0,1.501433416162519,False,1308327_YES.csv,1308327_YES
1771006080,2026-02-13 18:08:00,2,19.048125,3.549998,0.18636994453856373,1.774999,,,0.0,0.0,,0.0,,,,0.0,,-0.0,,-0.5662688961188346,-0.4227377167705861,-0.3400044596319637,0.0,0.0,0.0,0.0,-1.3290110725213844,0.0,0.0,-1.3290110725213844,False,1308327_YES.csv,1308327_YES
1771006140,2026-02-13 18:09:00,3,288.625956,54.191939,0.18775836986681899,18.063979666666665,,,0.0,0.0,,0.0,,,,0.0,,-0.0,,0.009790342061112378,-0.3216028871275541,-0.2688833150210182,0.0,0.0,0.0,0.0,-0.5806958600874599,0.0,0.0,-0.5806958600874599,False,1308327_YES.csv,1308327_YES
1771006200,2026-02-13 18:10:00,3,228.76,41.71322,0.18234490295426498,13.904406666666667,,,0.0,0.0,,0.0,,,,0.0,,-0.0,,-0.0099069094227283,-0.34571483096561373,-0.28535578301185943,0.0,0.0,0.0,0.0,-0.6409775234002015,0.0,0.0,-0.6409775234002015,False,1308327_YES.csv,1308327_YES
1771006260,2026-02-13 18:11:00,2,69.759303,12.976139,0.18601302538550282,6.4880695,,,0.0,0.0,,0.0,,,,0.0,,-0.0,,-0.5799213719239913,-0.39861117456607914,-0.31398865658609726,0.0,0.0,0.0,0.0,-1.2925212030761677,0.0,0.0,-1.2925212030761677,False,1308327_YES.csv,1308327_YES
1771006320,2026-02-13 18:12:00,13,14495.96858,2616.863073,0.18052350614296236,201.29715946153846,,,0.0,0.0,,0.0,,,,0.0,,-0.0,,4.847622494216083,3.7407085302203975,0.41552063141608464,0.0,0.0,0.0,0.0,9.003851655852564,0.0,0.0,9.003851655852564,False,1308327_YES.csv,1308327_YES
1771006380,2026-02-13 18:13:00,2,306.84999999999997,55.94198,0.18231051002058887,27.97099,,,0.0,0.0,,0.0,,,,0.0,,-0.0,,-0.511265493714655,-0.3448139414591131,-0.24319548211222028,0.0,0.0,0.0,0.0,-1.0992749172859884,0.0,0.0,-1.0992749172859884,False,1308327_YES.csv,1308327_YES
1771006500,2026-02-13 18:15:00,2,86.994061,19.829999,0.227946583615312,9.9149995,,,0.0,0.0,,0.0,,,,0.0,,-0.0,,-0.511265493714655,-0.40011629949031324,-0.3093138699278231,0.0,0.0,0.0,0.0,-1.2206956631327914,0.0,0.0,-1.2206956631327914,False,1308327_YES.csv,1308327_YES
1771006560,2026-02-13 18:16:00,2,43.59,8.48159,0.19457650836901638,4.240795,,,0.0,0.0,,0.0,,,,0.0,,-0.0,,-0.5020585347296002,-0.4149645373806936,-0.32853024679357085,0.0,0.0,0.0,0.0,-1.2455533189038646,0.0,0.0,-1.2455533189038646,False,1308327_YES.csv,1308327_YES
1771006620,2026-02-13 18:17:00,8,2150.190279,472.628648,0.2198078247379985,59.078581,,,0.0,0.0,,0.0,,,,0.0,,-0.0,,2.2627121936425625,0.312507726616569,-0.12310859969108692,0.0,0.0,0.0,0.0,2.452111320568045,0.0,0.0,2.452111320568045,False,1308327_YES.csv,1308327_YES
1771006680,2026-02-13 18:18:00,6,1406.8700000000001,295.29543,0.20989532081840545,49.215905,,,0.0,0.0,,0.0,,,,0.0,,-0.0,,1.2862205783813998,0.02554643195930688,-0.15963591682670672,0.0,0.0,0.0,0.0,1.152131093514,0.0,0.0,1.152131093514,False,1308327_YES.csv,1308327_YES
1771006740,2026-02-13 18:19:00,9,2675.09,550.75917,0.20588435155445017,61.195463333333336,,,0.0,0.0,,0.0,,,,0.0,,-0.0,,2.4754865855676145,0.4182701833494944,-0.11800735151383658,0.0,0.0,0.0,0.0,2.775749417403272,0.0,0.0,2.775749417403272,False,1308327_YES.csv,1308327_YES
1771006800,2026-02-13 18:20:00,8,1993.85,371.19311999999996,0.1861690297664387,46.399139999999996,,,0.0,0.0,,0.0,,,,0.0,,-0.0,,1.9379980241880819,0.13606389753971376,-0.16637432863952384,0.0,0.0,0.0,0.0,1.907687593088272,0.0,0.0,1.907687593088272,False,1308327_YES.csv,1308327_YES
1771006860,2026-02-13 18:21:00,2,83.596085,15.383699000000002,0.18402415615295825,7.691849500000001,,,0.0,0.0,,0.0,,,,0.0,,-0.0,,-0.5744585815141856,-0.4284345126063236,-0.31216278631637373,0.0,0.0,0.0,0.0,-1.315055880436883,0.0,0.0,-1.315055880436883,False,1308327_YES.csv,1308327_YES
1771006920,2026-02-13 18:22:00,6,471.29374099999995,65.878249,0.1397817184248585,10.979708166666667,,,0.0,0.0,,0.0,,,,0.0,,-0.0,,1.0711899966495793,-0.3497975365968984,-0.300262860980668,0.0,0.0,0.0,0.0,0.42112959907201286,0.0,0.0,0.42112959907201286,False,1308327_YES.csv,1308327_YES
1771006980,2026-02-13 18:23:00,12,9924.802813,1675.660757,0.16883567246343348,139.63839641666667,,,0.0,0.0,,0.0,,,,0.0,,-0.0,,3.231816571101792,2.0939727276342808,0.1812920707074535,0.0,0.0,0.0,0.0,5.507081369443526,0.0,0.0,5.507081369443526,False,1308327_YES.csv,1308327_YES
1771007040,2026-02-13 18:24:00,10,1166.427445,210.58204899999998,0.18053591751677228,21.0582049,,,0.0,0.0,,0.0,,,,0.0,,-0.0,,2.3157408111685727,-0.16171594491544566,-0.27093057740043125,0.0,0.0,0.0,0.0,1.8830942888526958,0.0,0.0,1.8830942888526958,False,1308327_YES.csv,1308327_YES
1771007100,2026-02-13 18:25:00,2,22.25,4.09725,0.1841460674074541,2.048625,,,0.0,0.0,,0.0,,,,0.0,,-0.0,,-0.6171235407071921,-0.47835656753965755,-0.3422098163778739,0.0,0.0,0.0,0.0,-1.4376899246247237,0.0,0.0,-1.4376899246247237,False,1308327_YES.csv,1308327_YES
1771007160,2026-02-13 18:26:00,10,7946.971513,1498.389328,0.18854847101800748,149.8389328,,,0.0,0.0,,0.0,,,,0.0,,-0.0,,2.1791420253161924,1.7382447280178244,0.2130427375758436,0.0,0.0,0.0,0.0,4.130429490909861,0.0,0.0,4.130429490909861,False,1308327_YES.csv,1308327_YES
1771007220,2026-02-13 18:27:00,8,8974.583828,1672.2768489999999,0.1863347516775586,209.03460612499998,,,0.0,0.0,,0.0,,,,0.0,,-0.0,,1.4224193822626885,1.8995016551753814,0.4253995140480559,0.0,0.0,0.0,0.0,3.747320551486126,0.0,0.0,3.747320551486126,False,1308327_YES.csv,1308327_YES
1771007280,2026-02-13 18:28:00,8,695.909147,126.650849,0.1819933673034736,15.831356125,,,0.0,0.0,,0.0,,,,0.0,,-0.0,,1.3713052496251157,-0.3518847868985208,-0.3106638147619383,0.0,0.0,0.0,0.0,0.7087566479646565,0.0,0.0,0.7087566479646565,False,1308327_YES.csv,1308327_YES
1771007340,2026-02-13 18:29:00,4,181.43,33.20169,0.18299999999899136,8.3004225,,,0.0,0.0,,0.0,,,,0.0,,-0.0,,-0.005719566534549276,-0.48686087833663133,-0.33827067797017585,0.0,0.0,0.0,0.0,-0.8308511228413564,0.0,0.0,-0.8308511228413564,False,1308327_YES.csv,1308327_YES
1771007400,2026-02-13 18:30:00,9,540.2162149999999,98.89199899999998,0.1830600345822958,10.987999888888886,,,0.0,0.0,,0.0,,,,0.0,,-0.0,,1.6420147409791088,-0.3924698894400575,-0.32783906033648186,0.0,0.0,0.0,0.0,0.9217057912025695,0.0,0.0,0.9217057912025695,False,1308327_YES.csv,1308327_YES
1771007460,2026-02-13 18:31:00,3,1079.3700000000001,196.88637,0.18240859946062754,65.62879,,,0.0,0.0,,0.0,,,,0.0,,-0.0,,-0.37535141294500624,-0.2549056412508925,-0.12399277380896255,0.0,0.0,0.0,0.0,-0.7542498280048613,0.0,0.0,-0.7542498280048613,False,1308327_YES.csv,1308327_YES
1771007520,2026-02-13 18:32:00,7,21593.153477,3895.4547590000006,0.1804023096093432,556.4935370000001,,,0.0,0.0,,0.0,,,,0.0,,-0.0,,0.9811870251227872,4.2138492193096315,1.671471363052395,0.0,0.0,0.0,0.0,6.866507607484814,0.0,0.0,6.866507607484814,False,1308327_YES.csv,1308327_YES
1771007580,2026-02-13 18:33:00,3,17031.5,3178.5914900000002,0.1866301553004616,1059.5304966666667,,,0.0,0.0,,0.0,,,,0.0,,-0.0,,-0.37217438883967774,3.01565932093964,3.1672710802493467,0.0,0.0,0.0,0.0,5.810756012349309,0.0,0.0,5.810756012349309,False,1308327_YES.csv,1308327_YES
1771007640,2026-02-13 18:34:00,2,2997.677197,572.799998,0.1910812807239728,286.399999,,0.184,0.0,0.0,0.008,0.043478260869565216,13248.12,7742.889999999999,20991.010000000002,0.0,0.26226608438564897,-0.0,0.26226608438564897,-0.710514742330294,0.0984391895219716,0.5560854627362855,0.0,0.0,0.0,0.0,-0.055990090072036924,0.0,0.0,-0.055990090072036924,False,1308327_YES.csv,1308327_YES
1771007760,2026-02-13 18:36:00,2,63.96,11.5128,0.17999999999718574,5.7564,,0.184,0.0,0.0,0.008,0.043478260869565216,13248.12,7742.889999999999,20991.010000000002,0.0,0.26226608438564897,-0.0,0.26226608438564897,-0.691287901739537,-0.5302451740658776,-0.39922641008215526,0.0,0.0,0.0,0.0,-1.6207594858875698,0.0,0.0,-1.6207594858875698,False,1308327_YES.csv,1308327_YES
1771007820,2026-02-13 18:37:00,1,71.805554,12.919999,0.1799303574737417,12.919999,,0.184,0.0,0.0,0.008,0.043478260869565216,13248.12,7742.889999999999,20991.010000000002,0.0,0.26226608438564897,-0.0,0.26226608438564897,-1.0028368851322818,-0.5282771643839009,-0.375199349525835,0.0,0.0,0.0,0.0,-1.9063133990420178,0.0,0.0,-1.9063133990420178,False,1308327_YES.csv,1308327_YES
1771007880,2026-02-13 18:38:00,1,163.98,27.8766,0.1699999999989633,27.8766,,0.184,0.0,0.0,0.008,0.043478260869565216,13248.12,7742.889999999999,20991.010000000002,0.0,0.26226608438564897,-0.0,0.26226608438564897,-0.9843269433734114,-0.5120144775862174,-0.325904850229184,0.0,0.0,0.0,0.0,-1.8222462711888128,0.0,0.0,-1.8222462711888128,False,1308327_YES.csv,1308327_YES
1771007940,2026-02-13 18:39:00,3,135.0,22.83124,0.16912029629504352,7.610413333333334,,0.171,-0.07065217391304335,0.07065217391304335,0.01,0.05847953216374269,2262.81,13240.16,15502.97,-5488.040000000003,-0.708080451681194,5488.040000000003,0.708080451681194,-0.32073574559358353,-0.5106862127303534,-0.38843241066677897,0.0,7.616867247541253,7.616867247541252,0.0,-1.219854368990716,7.616867247541253,7.616867247541252,14.01388012609179,True,1308327_YES.csv,1308327_YES
1771008000,2026-02-13 18:40:00,1,4.02,0.6673199999999999,0.16599999995870646,0.6673199999999999,,0.171,0.0,0.0,0.01,0.05847953216374269,2262.81,13240.16,15502.97,0.0,-0.708080451681194,-0.0,0.708080451681194,-0.9843269433734114,-0.5353932469882847,-0.41177001664688895,0.0,-0.12909944487358055,-0.12909944487358058,0.0,-1.931490207008585,-0.12909944487358055,-0.12909944487358058,-2.1896890967557465,False,1308327_YES.csv,1308327_YES
1771008060,2026-02-13 18:41:00,2,496.01101,85.241279,0.17185360260416022,42.6206395,,0.171,0.0,0.0,0.01,0.05847953216374269,2262.81,13240.16,15502.97,0.0,-0.708080451681194,-0.0,0.708080451681194,-0.6452480096587953,-0.44199434111525643,-0.2710588629608346,0.0,-0.12909944487358055,-0.12909944487358058,0.0,-1.3583012137348862,-0.12909944487358055,-0.12909944487358058,-1.6165001034820472,False,1308327_YES.csv,1308327_YES
1771008240,2026-02-13 18:44:00,4,510.747125,82.859999,0.16223292299459885,20.71499975,,0.171,0.0,0.0,0.01,0.05847953216374269,2262.81,13240.16,15502.97,0.0,-0.708080451681194,-0.0,0.708080451681194,0.0,-0.4201339694262238,-0.3647558761973249,0.0,-0.12909944487358055,-0.12909944487358058,0.0,-0.7848898456235487,-0.12909944487358055,-0.12909944487358058,-1.0430887353707097,False,1308327_YES.csv,1308327_YES
1771008300,2026-02-13 18:45:00,1,500.0,72.48602,0.14497203999971006,72.48602,,0.153,-0.10526315789473695,0.10526315789473695,0.006,0.0392156862745098,10606.67,12941.32,23547.989999999998,8045.019999999999,-0.09914434310529263,0.0,0.09914434310529263,-0.9761444248684338,-0.43340461503770233,-0.10958379909753367,0.0,-0.12909944487358055,6.302040367849495,0.0,-1.5191328390036698,-0.12909944487358055,6.302040367849495,4.653808083972244,False,1308327_YES.csv,1308327_YES
1771008360,2026-02-13 18:46:00,2,729.9916109999999,104.916219,0.14372249957247285,52.4581095,,0.153,0.0,0.0,0.006,0.0392156862745098,10606.67,12941.32,23547.989999999998,0.0,-0.09914434310529263,-0.0,0.09914434310529263,-0.6320324421541101,-0.3981204834417967,-0.21488973588974353,0.0,-0.12909944487358055,-0.180561603830768,0.0,-1.2450426614856502,-0.12909944487358055,-0.180561603830768,-1.5547037101899988,False,1308327_YES.csv,1308327_YES
1771008420,2026-02-13 18:47:00,1,175.0,25.2,0.14399999999917715,25.2,,0.153,0.0,0.0,0.006,0.0392156862745098,10606.67,12941.32,23547.989999999998,0.0,-0.09914434310529263,-0.0,0.09914434310529263,-0.9442068427273332,-0.4863427654939963,-0.35077522323878674,0.0,-0.12909944487358055,-0.180561603830768,0.0,-1.7813248314601164,-0.12909944487358055,-0.180561603830768,-2.0909858801644647,False,1308327_YES.csv,1308327_YES
1771008480,2026-02-13 18:48:00,2,107.93,16.11813,0.14933873806958825,8.059065,,0.1465,-0.042483660130719025,0.042483660130719025,0.007,0.04778156996587031,10858.38,19387.8,30246.18,6698.190000000002,-0.28199990874880726,0.0,0.28199990874880726,-0.6167362614346165,-0.4964473713641734,-0.43697068275550827,0.0,-0.12909944487358055,2.2828509401578883,0.0,-1.550154315554298,-0.12909944487358055,2.2828509401578883,0.6035971797300097,False,1308327_YES.csv,1308327_YES
1771008540,2026-02-13 18:49:00,1,14.084506,2.0,0.14200001049791877,2.0,,0.1465,0.0,0.0,0.007,0.04778156996587031,10858.38,19387.8,30246.18,0.0,-0.28199990874880726,-0.0,0.28199990874880726,-0.9167277122869795,-0.5064925743445847,-0.4625311058194586,0.0,-0.12909944487358055,-0.21392256666485157,0.0,-1.8857513924510227,-0.12909944487358055,-0.21392256666485157,-2.228773403989455,False,1308327_YES.csv,1308327_YES
1771008600,2026-02-13 18:50:00,1,5.0,0.66,0.1319999999736,0.66,,0.1465,0.0,0.0,0.007,0.04778156996587031,10858.38,19387.8,30246.18,0.0,-0.28199990874880726,-0.0,0.28199990874880726,-0.8900370783780328,-0.4985253439339957,-0.4610199191894973,0.0,-0.12909944487358055,-0.21392256666485157,0.0,-1.8495823415015258,-0.12909944487358055,-0.21392256666485157,-2.192604353039958,False,1308327_YES.csv,1308327_YES
1771008660,2026-02-13 18:51:00,4,240.2,34.48171,0.1435541631967379,8.6204275,,0.1405,-0.04095563139931724,0.04095563139931724,0.011,0.0782918149466192,17048.27,14564.23,31612.5,1366.3199999999997,0.0785777777777778,0.0,0.0785777777777778,0.06517407603629705,-0.460827242471546,-0.421251791712804,0.0,-0.12909944487358055,2.072519796400512,0.0,-0.816904958148053,-0.12909944487358055,2.072519796400512,1.1265153933788785,False,1308327_YES.csv,1308327_YES
1771008720,2026-02-13 18:52:00,1,953.69,139.23874,0.14599999999984692,139.23874,,0.1405,0.0,0.0,0.011,0.0782918149466192,17048.27,14564.23,31612.5,0.0,0.0785777777777778,-0.0,0.0785777777777778,-0.9124370645081578,-0.3404893965052842,0.24361305073854175,0.0,-0.12909944487358055,-0.24455035704125605,0.0,-1.0093134102749004,-0.12909944487358055,-0.24455035704125605,-1.382963212189737,False,1308327_YES.csv,1308327_YES
1771008900,2026-02-13 18:55:00,1,30.48,4.358639999999999,0.14299999999530838,4.358639999999999,,0.1405,0.0,0.0,0.011,0.0782918149466192,17048.27,14564.23,31612.5,0.0,0.0785777777777778,-0.0,0.0785777777777778,-0.9032877797179649,-0.49350604833679573,-0.4382188521350274,0.0,-0.12909944487358055,-0.24455035704125605,0.0,-1.8350126801897881,-0.12909944487358055,-0.24455035704125605,-2.2086624821046246,False,1308327_YES.csv,1308327_YES
1771008960,2026-02-13 18:56:00,2,138.17646100000002,20.298959,0.1469060565956534,10.1494795,,0.1405,0.0,0.0,0.011,0.0782918149466192,17048.27,14564.23,31612.5,0.0,0.0785777777777778,-0.0,0.0785777777777778,-0.5720438226011257,-0.47567254582069546,-0.4096453409928963,0.0,-0.12909944487358055,-0.24455035704125605,0.0,-1.4573617094147173,-0.12909944487358055,-0.24455035704125605,-1.831011511329554,False,1308327_YES.csv,1308327_YES
1771009020,2026-02-13 18:57:00,1,34.246574,4.999999,0.14599997651893581,4.999999,,0.145,0.032028469750889466,0.032028469750889466,0.004,0.027586206896551727,26530.14,15663.0,42193.14,10580.64,0.25755703415294523,0.0,0.25755703415294523,-0.8868934497365191,-0.49147597830566236,-0.43265292709918124,0.0,-0.12909944487358055,1.507627617992112,0.0,-1.8110223551413627,-0.12909944487358055,1.507627617992112,-0.4324941820228312,False,1308327_YES.csv,1308327_YES
1771009080,2026-02-13 18:58:00,1,68.18,9.74974,0.1429999999979026,9.74974,,0.145,0.0,0.0,0.004,0.027586206896551727,26530.14,15663.0,42193.14,0.0,0.25755703415294523,-0.0,0.25755703415294523,-0.85844293806163,-0.46037193860000164,-0.386242518380091,-1.822202268146307,-0.12909944487358055,-0.2694537431348212,-0.1538183012400935,-1.7050573950417227,-2.105120014259981,-0.2694537431348212,-4.079631152436525,False,1308327_YES.csv,1308327_YES
1771009140,2026-02-13 18:59:00,2,1015.0,143.13,0.1410147783249842,71.565,,0.145,0.0,0.0,0.004,0.027586206896551727,26530.14,15663.0,42193.14,0.0,0.25755703415294523,-0.0,0.25755703415294523,-0.5439742109884599,-0.3082350063127173,-0.07587057880906048,-1.6485981568434027,-0.12909944487358055,-0.2694537431348212,-0.15021023716863996,-0.9280797961102376,-1.9279078388856232,-0.2694537431348212,-3.1254413781306822,False,1308327_YES.csv,1308327_YES
1771009320,2026-02-13 19:02:00,3,18.462252,2.6127990000000003,0.1415211427001689,0.8709330000000001,,0.145,0.0,0.0,0.004,0.027586206896551727,26530.14,15663.0,42193.14,0.0,0.25755703415294523,-0.0,0.25755703415294523,-0.22082121436165197,-0.4707822151604181,-0.43603132677605744,-1.517124700245526,-0.12909944487358055,-0.2694537431348212,-0.14684429564254692,-1.1276347562981275,-1.7930684407616533,-0.2694537431348212,-3.1901569401946017,False,1308327_YES.csv,1308327_YES
1771009500,2026-02-13 19:05:00,1,15.33,2.1462000000000003,0.1399999999908676,2.1462000000000003,,0.145,0.0,0.0,0.004,0.027586206896551727,26530.14,15663.0,42193.14,0.0,0.25755703415294523,-0.0,0.25755703415294523,-0.8513473251242121,-0.47114919864304444,-0.429408324372903,-1.4130858410595224,-0.12909944487358055,-0.2694537431348212,-0.14369459939950696,-1.7519048481401596,-1.6858798853326098,-0.2694537431348212,-3.7072384766075905,False,1308327_YES.csv,1308327_YES
1771009740,2026-02-13 19:09:00,1,10.349649,1.4799989999999998,0.1429999220125242,1.4799989999999998,,0.1415,-0.024137931034482807,0.024137931034482807,0.003,0.02120141342756184,19635.01,13239.45,32874.46,-9318.68,0.1945449446165807,9318.68,0.1945449446165807,-0.8428411576102812,-0.46866071317385655,-0.42617524701352655,-1.6548453266915832,6.546433707939526,1.0383747784207749,-0.4292269727788967,-1.7376771177976642,4.462361408469047,1.0383747784207749,3.763059069092157,False,1308327_YES.csv,1308327_YES
1771009800,2026-02-13 19:10:00,2,46.96,6.574400000000001,0.13999999999701876,3.2872000000000003,,0.1415,0.0,0.0,0.003,0.02120141342756184,19635.01,13239.45,32874.46,0.0,0.1945449446165807,-0.0,0.1945449446165807,-0.5300841835679057,-0.46110515191585655,-0.41007623563031587,-1.5373355280661778,-0.17807955824332591,-0.28923211142947636,-0.4193112368657668,-1.401265571114078,-2.1347263231752707,-0.28923211142947636,-3.825224005718825,False,1308327_YES.csv,1308327_YES
1771009860,2026-02-13 19:11:00,2,238.23000000000002,33.3522,0.13999999999941234,16.6761,,0.1415,0.0,0.0,0.003,0.02120141342756184,19635.01,13239.45,32874.46,0.0,0.1945449446165807,-0.0,0.1945449446165807,-0.5300841835679057,-0.4280621598964979,-0.33787858413505933,-1.441964685531477,-0.17807955824332591,-0.28923211142947636,-0.41005611266822367,-1.2960249275994629,-2.0301003564430267,-0.28923211142947636,-3.6153573954719658,False,1308327_YES.csv,1308327_YES
1771009920,2026-02-13 19:12:00,1,699.300698,99.999999,0.14299999883577552,99.999999,,0.1415,0.0,0.0,0.003,0.02120141342756184,18377.54,12771.38,31148.92,-1725.5400000000009,0.17997927375973236,1725.5400000000009,0.17997927375973236,-0.8428411576102812,-0.3524817582443254,0.0788492386223285,-1.3625450980082667,1.0368885041213622,-0.28923211142947636,-0.4714346566760645,-1.116473677232278,-0.797091250562969,-0.28923211142947636,-2.2027970392247234,False,1308327_YES.csv,1308327_YES
1771010040,2026-02-13 19:14:00,1,2.02,0.28684,0.14199999992970297,0.28684,,0.1415,0.0,0.0,0.003,0.02120141342756184,18377.54,12771.38,31148.92,0.0,0.17997927375973236,-0.0,0.17997927375973236,-0.8428411576102812,-0.46818655090050765,-0.42914607025874957,-1.2950677024100865,-0.19703543397913412,-0.28923211142947636,-0.4613599373166947,-1.7401737787695384,-1.9534630737059153,-0.28923211142947636,-3.98286896390493,False,1308327_YES.csv,1308327_YES
1771010100,2026-02-13 19:15:00,1,7.142856,0.999999,0.1399998823803811,0.999999,,0.141,-0.0035335689045936647,0.0035335689045936647,0.002,0.014184397163120569,23088.0,37334.73,60422.73,29273.810000000005,-0.23578428184228026,0.0,0.23578428184228026,-0.8344335999624856,-0.46505619508708446,-0.4207842511934336,-1.5377069842891928,-0.19703543397913412,-0.09818460928570527,-0.1734879071879717,-1.7202740462430037,-1.9082303254562984,-0.09818460928570527,-3.7266889809850072,False,1308327_YES.csv,1308327_YES
1771010160,2026-02-13 19:16:00,3,47.241427,6.613799,0.13999998348610426,2.2045996666666667,,0.141,0.0,0.0,0.002,0.014184397163120569,23088.0,37334.73,60422.73,0.0,-0.23578428184228026,-0.0,0.23578428184228026,-0.20235758143451169,-0.45837752704977563,-0.41419072584201483,-1.4545556583274617,-0.19703543397913412,-0.29265803717988664,-0.17058483278689565,-1.0749258343263022,-1.8221759250934915,-0.29265803717988664,-3.1897597965996805,False,1308327_YES.csv,1308327_YES
1771010220,2026-02-13 19:17:00,1,50.0,6.950000000000001,0.13899999999722004,6.950000000000001,,0.141,0.0,0.0,0.002,0.014184397163120569,23088.0,37334.73,60422.73,0.0,-0.23578428184228026,-0.0,0.23578428184228026,-0.8261221186739609,-0.4339044831506483,-0.38110628674505653,-1.3836853257958879,-0.19703543397913412,-0.29265803717988664,-0.1678227543264699,-1.6411328885696657,-1.7485435141014918,-0.29265803717988664,-3.682334439851044,False,1308327_YES.csv,1308327_YES
1771010280,2026-02-13 19:18:00,2,88.847825,12.236499,0.1377242380425438,6.1182495,,0.1375,-0.024822695035460862,0.024822695035460862,0.003,0.021818181818181816,20836.84,23513.52,44350.36,-16072.370000000003,-0.0603530613956685,16072.370000000003,0.0603530613956685,-0.4838667007833706,-0.4004036652106852,-0.36502747162470894,-1.0287529779948597,6.281932908290027,1.0416124774454891,-1.0721021591742503,-1.249297837618765,4.181077771120917,1.0416124774454891,3.973392410947641,False,1308327_YES.csv,1308327_YES
1771010340,2026-02-13 19:19:00,1,50.0,6.9,0.13799999999724002,6.9,,0.1375,0.0,0.0,0.003,0.021818181818181816,20836.84,23513.52,44350.36,0.0,-0.0603530613956685,-0.0,0.0603530613956685,-0.7823678439273063,-0.4045462140086516,-0.3580821959164557,-0.9971695469216173,-0.21982595180703107,-0.31269467271568735,-1.037758082894325,-1.5449962538524136,-2.2547535816229733,-0.31269467271568735,-4.112444508191074,False,1308327_YES.csv,1308327_YES
1771010400,2026-02-13 19:20:00,3,997.136665,137.04938900000002,0.13744293416375633,45.68312966666667,,0.1375,0.0,0.0,0.003,0.021818181818181816,20836.84,23513.52,44350.36,0.0,-0.0603530613956685,-0.0,0.0603530613956685,-0.14492377509886856,-0.23946633144236706,-0.11743255324801226,-0.9683531962035831,-0.21982595180703107,-0.31269467271568735,-1.0065456686492473,-0.5018226597892479,-2.1947248166598614,-0.31269467271568735,-3.0092421491647965,False,1308327_YES.csv,1308327_YES
1771010460,2026-02-13 19:21:00,7,5286.231876,720.083515,0.13621867747972086,102.86907357142857,,0.137,-0.0036363636363636598,0.0036363636363636598,0.002,0.014598540145985401,16420.36,22592.62,39012.979999999996,-5337.380000000005,-0.15821042124954307,5337.380000000005,0.15821042124954307,1.1225977814442856,0.5077884420881865,0.24339288167014114,-1.240100573046591,1.8472668857488017,-0.11768926555917622,-0.47544933567153796,1.8737791052026134,0.1317169770306727,-0.11768926555917622,1.8878068166741098,False,1308327_YES.csv,1308327_YES
1771010520,2026-02-13 19:22:00,3,734.215609,102.625598,0.13977583252368606,34.20853266666666,,0.137,0.0,0.0,0.002,0.014598540145985401,16420.36,22592.62,39012.979999999996,0.0,-0.15821042124954307,-0.0,0.15821042124954307,-0.1598851407487127,-0.29176555729652875,-0.19524842330532674,-1.197214808039946,-0.24827779848490628,-0.31623016026204565,-0.4674823833262519,-0.6468991213505683,-1.9129749898511044,-0.31623016026204565,-2.876104271463718,False,1308327_YES.csv,1308327_YES
1771010580,2026-02-13 19:23:00,1,50.0,6.950000000000001,0.13899999999722004,6.950000000000001,,0.137,0.0,0.0,0.002,0.014598540145985401,16420.36,22592.62,39012.979999999996,0.0,-0.15821042124954307,-0.0,0.15821042124954307,-0.7847422328794681,-0.4142049973756812,-0.36680924931513637,-1.158525832974303,-0.24827779848490628,-0.31623016026204565,-0.45990488711750677,-1.5657564795702856,-1.8667085185767158,-0.31623016026204565,-3.7486951584090473,False,1308327_YES.csv,1308327_YES
1771010640,2026-02-13 19:24:00,2,457.553955,63.331809,0.13841385984711158,31.6659045,,0.138,0.007299270072992803,0.007299270072992803,0.002,0.014492753623188404,10729.72,29118.4,39848.12,835.1400000000067,-0.4614691985468825,0.0,0.4614691985468825,-0.4605446704932169,-0.34190649701450226,-0.21210126390849565,-1.123389483909176,-0.24827779848490628,0.07572019734237946,1.1767245372858524,-1.0145524314162149,-0.19494274510822995,0.07572019734237946,-1.1337749791820653,False,1308327_YES.csv,1308327_YES
1771010700,2026-02-13 19:25:00,2,250.0,34.5,0.137999999999448,17.25,,0.138,0.0,0.0,0.002,0.014492753623188404,10729.72,29118.4,39848.12,0.0,-0.4614691985468825,-0.0,0.4614691985468825,-0.4605446704932169,-0.3796850300979596,-0.3047983668170834,-1.0912920973024471,-0.24827779848490628,-0.323134997967903,1.1413203975861106,-1.1450280674082598,-0.19824949820124282,-0.323134997967903,-1.6664125635774056,False,1308327_YES.csv,1308327_YES
1771010760,2026-02-13 19:26:00,3,14210.357245,1932.914769,0.1360215465153046,644.304923,,0.138,0.0,0.0,0.002,0.014492753623188404,10729.72,29118.4,39848.12,0.0,-0.4614691985468825,-0.0,0.4614691985468825,-0.09809801627059242,2.17150584004606,3.292194518554519,-1.0618183737755316,-0.24827779848490628,-0.323134997967903,1.1089546543272677,5.3656023423299875,-0.20114151793317014,-0.323134997967903,4.841325826428914,False,1308327_YES.csv,1308327_YES
1771010820,2026-02-13 19:27:00,3,155.869269,21.205519,0.1360468239564526,7.068506333333333,,0.1365,-0.010869565217391353,0.010869565217391353,0.001,0.007326007326007326,8000.9,24595.25,32596.15,-7251.970000000001,-0.5090892636093526,7251.970000000001,0.5090892636093526,-0.10403596229806363,-0.3965484727590496,-0.375550306012087,-1.324607648271295,2.4205348452059523,0.26099504278122876,1.3214641666250821,-0.8761347410692002,2.4173913635597395,0.26099504278122876,1.802251665271768,False,1308327_YES.csv,1308327_YES
1771010880,2026-02-13 19:28:00,2,80.502699,10.998829,0.13662683532962502,5.4994145,,0.1365,0.0,0.0,0.001,0.007326007326007326,8000.9,24595.25,32596.15,0.0,-0.5090892636093526,-0.0,0.5090892636093526,-0.4508225032916092,-0.41002908366180046,-0.3840961891864466,-1.2819734519332822,-0.28055093213635435,-0.33313847346509873,1.2790556440962861,-1.2449477761398562,-0.2834687399733504,-0.33313847346509873,-1.8615549895783055,False,1308327_YES.csv,1308327_YES
1771010940,2026-02-13 19:29:00,1,158.73,21.11109,0.13299999999916212,21.11109,,0.1365,0.0,0.0,0.001,0.007326007326007326,8000.9,24595.25,32596.15,0.0,-0.5090892636093526,-0.0,0.5090892636093526,-0.78895326060724,-0.39677434444118154,-0.29604275772989425,-1.243234415357378,-0.28055093213635435,-0.33313847346509873,1.240511040739697,-1.4817703627783159,-0.2832743067540353,-0.33313847346509873,-2.09818314299745,False,1308327_YES.csv,1308327_YES
1771011000,2026-02-13 19:30:00,4,62.942065,8.574717,0.1362318983316446,2.14367925,,0.1345,-0.014652014652014711,0.014652014652014711,0.003,0.022304832713754646,12080.8,20506.51,32587.309999999998,-8.840000000003783,-0.25855800923733807,8.840000000003783,0.25855800923733807,0.27689638540452466,-0.402814363009432,-0.3992616075188264,-0.629059908605694,-0.2773175578943502,0.4540232401784093,-0.08879374543104436,-0.5251795851237337,-0.9951712119310886,0.4540232401784093,-1.066327556876413,False,1308327_YES.csv,1308327_YES
1771011060,2026-02-13 19:31:00,4,221.751819,30.379996,0.1369999855553067,7.594999,,0.1345,0.0,0.0,0.003,0.022304832713754646,12080.8,20506.51,32587.309999999998,0.0,-0.25855800923733807,-0.0,0.25855800923733807,0.29090564060475943,-0.36719798077668314,-0.3635634214405398,-0.6194112437948089,-0.28061017630873714,-0.3462017219875997,-0.0878164186321448,-0.43985576161246354,-0.987837838735691,-0.3462017219875997,-1.773895322335754,False,1308327_YES.csv,1308327_YES
1771011120,2026-02-13 19:32:00,1,22.627736,3.099999,0.13699996322491118,3.099999,,0.1345,0.0,0.0,0.003,0.022304832713754646,12080.8,20506.51,32587.309999999998,0.0,-0.25855800923733807,-0.0,0.25855800923733807,-0.7551098399670638,-0.39138268492065387,-0.38334660598242576,-0.6101958188921509,-0.28061017630873714,-0.3462017219875997,-0.08687065462511684,-1.5298391308701433,-0.9776766498260048,-0.3462017219875997,-2.853717502683748,False,1308327_YES.csv,1308327_YES
1771011180,2026-02-13 19:33:00,2,1020.92,135.04826,0.13228094267902257,67.52413,,0.135,0.0037174721189590088,0.0037174721189590088,0.004,0.029629629629629627,9530.94,24659.95,34190.89,1603.5800000000017,-0.44248658048971523,0.0,0.44248658048971523,-0.3600045298756284,-0.20923645043461153,-0.015743892651447183,-0.2982932273677132,-0.28061017630873714,-0.14667893102322738,0.9057613993702524,-0.5849848729616871,0.32685799569380203,-0.14667893102322738,-0.40480580829111246,False,1308327_YES.csv,1308327_YES
1771011240,2026-02-13 19:34:00,4,34.800159,4.754717,0.13662917459266122,1.18867925,,0.135,0.0,0.0,0.004,0.029629629629629627,9530.94,24659.95,34190.89,0.0,-0.44248658048971523,-0.0,0.44248658048971523,0.38520550526975916,-0.3835086915431157,-0.3956775459047832,-0.2949572893719353,-0.28061017630873714,-0.3498823421085366,0.8887529695901916,-0.3939807321781397,0.31318550390951916,-0.3498823421085366,-0.43067757037715715,False,1308327_YES.csv,1308327_YES
1771011300,2026-02-13 19:35:00,1,24.77941,3.3699989999999995,0.13599996932388617,3.3699989999999995,,0.135,0.0,0.0,0.004,0.029629629629629627,9530.94,24659.95,34190.89,0.0,-0.44248658048971523,-0.0,0.44248658048971523,-0.7248326278743101,-0.3837813664988434,-0.38233384664462,-0.2917310047329945,-0.28061017630873714,-0.3498823421085366,0.8726741686670211,-1.4909478410177737,0.3003329876252895,-0.3498823421085366,-1.540497195501021,False,1308327_YES.csv,1308327_YES
1771011360,2026-02-13 19:36:00,1,52.794116,7.179999,0.13599998529881624,7.179999,,0.1345,-0.0037037037037036535,0.0037037037037036535,0.003,0.022304832713754646,10645.02,29094.74,39739.76,5548.870000000003,-0.46426349832007036,0.0,0.46426349832007036,-0.7323465473337517,-0.35167587621625984,-0.34793566640464607,-0.6011200806497599,-0.28061017630873714,-0.15093542907252308,0.9735572879764393,-1.4319580899546576,0.0918270310179422,-0.15093542907252308,-1.4910664880092386,False,1308327_YES.csv,1308327_YES
1771011420,2026-02-13 19:37:00,2,17.35294,2.359999,0.13599995158537978,1.1799995,,0.1345,0.0,0.0,0.003,0.022304832713754646,10645.02,29094.74,39739.76,0.0,-0.46426349832007036,-0.0,0.46426349832007036,-0.2723907017219199,-0.35317213892380656,-0.3802200984363306,-0.5931762353838663,-0.28061017630873714,-0.3535603692179091,0.9551441318095157,-1.0057829390820572,0.08135772011691222,-0.3535603692179091,-1.277985588183054,False,1308327_YES.csv,1308327_YES
1771011480,2026-02-13 19:38:00,1,34.22,4.4486,0.12999999999620107,4.4486,,0.1345,0.0,0.0,0.003,0.022304832713754646,10645.02,29094.74,39739.76,0.0,-0.46426349832007036,-0.0,0.46426349832007036,-0.7286743778231463,-0.3503041089325324,-0.3617394770257143,-0.5855407120144336,-0.28061017630873714,-0.3535603692179091,0.9377440423977269,-1.440717963781393,0.07159315407455613,-0.3535603692179091,-1.722685178924746,False,1308327_YES.csv,1308327_YES
1771011540,2026-02-13 19:39:00,2,1002.02,132.27068,0.13200403185551984,66.13534,,0.131,-0.026022304832713727,0.026022304832713727,0.002,0.015267175572519083,10563.89,27673.56,38237.45,-1502.310000000005,-0.4474584471506338,1502.310000000005,0.4474584471506338,-0.2260920273683624,-0.1465651372448791,-1.862561582689674e-05,-0.8939189357884023,0.26964044583218194,1.0377216888181449,0.831094410845049,-0.3726757902290684,0.2068159208888286,1.0377216888181449,0.8718618194779051,False,1308327_YES.csv,1308327_YES
1771011600,2026-02-13 19:40:00,2,285.328357,37.509999,0.13146256963120054,18.7549995,,0.131,0.0,0.0,0.002,0.015267175572519083,10563.89,27673.56,38237.45,0.0,-0.4474584471506338,-0.0,0.4474584471506338,-0.18807366279702634,-0.250923003933432,-0.25535281927495185,-0.8791557618957077,-0.28995132269767854,-0.3741732645484519,0.8181935825512237,-0.6943494860054102,-0.35091350204216254,-0.3741732645484519,-1.4194362525960247,False,1308327_YES.csv,1308327_YES
1771011660,2026-02-13 19:41:00,2,1276.969695,168.399999,0.13187470278992647,84.1999995,,0.131,0.0,0.0,0.002,0.015267175572519083,10563.89,27673.56,38237.45,0.0,-0.4474584471506338,-0.0,0.4474584471506338,-0.14502266312954068,-0.06013167549487811,0.11611160964125576,-0.8651048448799058,-0.28995132269767854,-0.3741732645484519,0.8058788099087691,-0.08904272898316302,-0.3491773576688152,-0.3741732645484519,-0.8123933512004301,False,1308327_YES.csv,1308327_YES
1771011720,2026-02-13 19:42:00,1,7.633586,0.999999,0.1309998996368155,0.999999,,0.129,-0.01526717557251911,0.01526717557251911,0.004,0.031007751937984496,3796.27,15173.66,18969.93,-19267.519999999997,-0.5997591978462756,19267.519999999997,0.5997591978462756,-0.739722109546815,-0.30462078903873563,-0.36387823691541804,-0.2113478727538045,5.061082795029123,0.4401691114441537,1.603329922631422,-1.4082211355009688,6.453064844906741,0.4401691114441537,5.485012820849926,False,1308327_YES.csv,1308327_YES
1771011780,2026-02-13 19:43:00,2,54.126792,7.080299,0.1308095074222982,3.5401495,,0.129,0.0,0.0,0.004,0.031007751937984496,3796.27,15173.66,18969.93,0.0,-0.5997591978462756,-0.0,0.5997591978462756,-0.050277720572305847,-0.29331722974688396,-0.3484029506438563,-0.20943561155078924,-0.30630182004542544,-0.38779896692911114,1.5541739561226535,-0.6919979009630461,1.0384365245264389,-0.38779896692911114,-0.04136034336571842,False,1308327_YES.csv,1308327_YES
1771011840,2026-02-13 19:44:00,1,328.51,41.39226,0.12599999999961645,41.39226,,0.129,0.0,0.0,0.004,0.031007751937984496,3796.27,15173.66,18969.93,0.0,-0.5997591978462756,-0.0,0.5997591978462756,-0.7785544957443236,-0.23915348727772912,-0.12742452726473202,-0.20757436449000666,-0.30630182004542544,-0.38779896692911114,1.5092976422678095,-1.1451325102867849,0.9954214577323774,-0.38779896692911114,-0.5375100194835185,False,1308327_YES.csv,1308327_YES
1771011900,2026-02-13 19:45:00,4,97.965625,12.49988,0.12759455165903758,3.12497,,0.126,-0.023255813953488413,0.023255813953488413,0.004,0.031746031746031744,9441.91,14932.9,24374.809999999998,5404.879999999997,-0.22527314059063436,0.0,0.22527314059063436,1.7004532158963783,-0.2647093261941646,-0.3179505305846522,-0.20576190171869269,-0.30630182004542544,0.8481867348308187,-0.49621494454115145,1.1177933591175615,-1.0082786663052696,0.8481867348308187,0.9577014276431106,False,1308327_YES.csv,1308327_YES
1771012020,2026-02-13 19:47:00,2,717.1117810000001,89.398759,0.12466502624627125,44.6993795,,0.126,0.0,0.0,0.004,0.031746031746031744,9441.91,14932.9,24374.809999999998,0.0,-0.22527314059063436,-0.0,0.22527314059063436,0.028286189020203467,0.0030761744812209716,0.08041328419947323,-0.20399612756789282,-0.30630182004542544,-0.40680404307441526,-0.491109120020169,0.11177564770089768,-1.0014070676334872,-0.40680404307441526,-1.2964354630070047,False,1308327_YES.csv,1308327_YES
1771012080,2026-02-13 19:48:00,3,164.84,21.06516,0.12779155544693163,7.021719999999999,,0.126,0.0,0.0,0.004,0.031746031746031744,15181.47,10816.41,25997.879999999997,1623.0699999999997,0.1679006134346339,0.0,0.1679006134346339,0.8572532741295792,-0.2218547825971745,-0.29884122300096216,-0.1834017493773813,-0.30630182004542544,-0.40680404307441526,-0.7909194030757604,0.3365572685314425,-1.2806229724985672,-0.40680404307441526,-1.3508697470415398,False,1308327_YES.csv,1308327_YES
1771012140,2026-02-13 19:49:00,4,111.681875,14.156320000000001,0.12675575154762797,3.5390800000000002,,0.126,0.0,0.0,0.004,0.031746031746031744,15181.47,10816.41,25997.879999999997,0.0,0.1679006134346339,-0.0,0.1679006134346339,1.6334419073576636,-0.24832107781649673,-0.33894958338186315,-0.1624418900789687,-0.30630182004542544,-0.40680404307441526,-0.778829769373874,1.0461712461593036,-1.2475734794982682,-0.40680404307441526,-0.60820627641338,False,1308327_YES.csv,1308327_YES
1771012200,2026-02-13 19:50:00,3,163.685,20.60944,0.12590915477822703,6.869813333333333,,0.126,0.0,0.0,0.004,0.031746031746031744,15181.47,10816.41,25997.879999999997,0.0,0.1679006134346339,-0.0,0.1679006134346339,0.7830052963967556,-0.22428028745643286,-0.2988686261170988,-0.14106317578146096,-0.30630182004542544,-0.40680404307441526,-0.7669214880579229,0.25985638282322404,-1.2142864838848093,-0.40680404307441526,-1.3612341441360005,False,1308327_YES.csv,1308327_YES
1771012260,2026-02-13 19:51:00,1,137.7,17.0748,0.12399999999909951,17.0748,,0.1255,-0.003968253968253954,0.003968253968253954,0.003,0.02390438247011952,16185.5,10159.19,26344.690000000002,346.81000000000495,0.2287485637523159,0.0,0.2287485637523159,-0.8654269065437822,-0.2370107372548529,-0.1778507559929232,-0.4700230626746992,-0.30630182004542544,-0.1964429791565058,-0.4369827682026183,-1.2802883997915582,-1.2133076509227427,-0.1964429791565058,-2.690039029870807,False,1308327_YES.csv,1308327_YES
1771012320,2026-02-13 19:52:00,2,680.157477,86.379998,0.12699999767829204,43.189999,,0.1255,0.0,0.0,0.003,0.02390438247011952,16185.5,10159.19,26344.690000000002,0.0,0.2287485637523159,-0.0,0.2287485637523159,-0.027620015753712222,0.022675135824947797,0.11945172561858422,-0.44367660992927216,-0.28431179950486446,-0.38767889689509244,-0.40998284088929254,0.1145068456898198,-1.1379712503234292,-0.38767889689509244,-1.4111433015287018,False,1308327_YES.csv,1308327_YES
1771012380,2026-02-13 19:53:00,2,161.5748,20.519997999999998,0.12699999009667964,10.259998999999999,,0.1255,0.0,0.0,0.003,0.02390438247011952,16185.5,10159.19,26344.690000000002,0.0,0.2287485637523159,-0.0,0.2287485637523159,-0.04169366636513943,-0.22935949805917877,-0.26630365142483314,-0.41680080076661047,-0.28431179950486446,-0.38767889689509244,-0.38223317633063764,-0.5373568158491513,-1.0833457766021126,-0.38767889689509244,-2.0083814893463563,False,1308327_YES.csv,1308327_YES
1771012440,2026-02-13 19:54:00,1,68.61,8.439029999999999,0.12299999999820724,8.439029999999999,,0.1255,0.0,0.0,0.003,0.02390438247011952,15608.02,9121.36,24729.38,-1615.3100000000013,0.2623058079094583,1615.3100000000013,0.2623058079094583,-0.8562204883650818,-0.27031769165717623,-0.28073250185934806,-0.3892170273305714,0.16374373133223666,-0.38767889689509244,-0.1509886441888192,-1.407270681881606,-0.37646194018715395,-0.38767889689509244,-2.1714115189638528,False,1308327_YES.csv,1308327_YES
1771012500,2026-02-13 19:55:00,2,514.488187,65.339999,0.12699999854393743,32.6699995,,0.1255,0.0,0.0,0.003,0.02390438247011952,15608.02,9121.36,24729.38,0.0,0.2623058079094583,-0.0,0.2623058079094583,0.0,-0.052673113282480345,-0.0006833002706065802,-0.3606947701710546,-0.2920407268808976,-0.38767889689509244,-0.11197948216447212,-0.05335641355308693,-0.7647149792164243,-0.38767889689509244,-1.2057502896646037,False,1308327_YES.csv,1308327_YES
1771012560,2026-02-13 19:56:00,4,428.472437,54.415998,0.12699999650122887,13.6039995,,0.1255,0.0,0.0,0.003,0.02390438247011952,15608.02,9121.36,24729.38,0.0,0.2623058079094583,-0.0,0.2623058079094583,1.6260529882404438,-0.09309014062482761,-0.21177425386475307,-0.34159518180499177,-0.2920407268808976,-0.45206980644456485,-0.13131064993702884,1.321188593750863,-0.7649465586229183,-0.45206980644456485,0.10417222868337983,False,1308327_YES.csv,1308327_YES
1771012620,2026-02-13 19:57:00,4,644.97,79.84142,0.12379090500314155,19.960355,,0.1255,0.0,0.0,0.005,0.0398406374501992,15230.64,8493.98,23724.62,-1004.760000000002,0.2839522824812368,1004.760000000002,0.2839522824812368,1.5642155054152862,0.005246098513713615,-0.13130528767179675,0.5222738178700027,-0.013267178591933366,-0.45206980644456485,-0.008636018807042744,1.438156316257203,0.5003706204710265,-0.45206980644456485,1.4864571302836649,False,1308327_YES.csv,1308327_YES
1771012680,2026-02-13 19:58:00,2,10405.69,1340.0481599999998,0.1287803269172799,670.0240799999999,,0.1255,0.0,0.0,0.005,0.0398406374501992,15230.64,8493.98,23724.62,0.0,0.2839522824812368,-0.0,0.2839522824812368,-0.08216186513450024,4.0115732924087135,5.2830837681114,0.532303828153545,-0.2969837888768099,-0.45206980644456485,-0.029667692779203364,9.212495195385614,0.2056523464975318,-0.45206980644456485,8.966077735438581,False,1308327_YES.csv,1308327_YES
1771012740,2026-02-13 19:59:00,1,96.0,12.768,0.1329999999986146,12.768,,0.1255,0.0,0.0,0.005,0.0398406374501992,15230.64,8493.98,23724.62,0.0,0.2839522824812368,-0.0,0.2839522824812368,-0.8841218074086402,-0.2833072516297758,-0.24619399982957263,0.5546270885870698,-0.2969837888768099,-0.4365835190099944,-0.029888876823611778,-1.4136230588679886,0.22775442288664813,-0.4365835190099944,-1.6224521549913349,False,1308327_YES.csv,1308327_YES
1771012800,2026-02-13 20:00:00,2,65354.992221,8189.0501589999985,0.1253010654688526,4094.5250794999993,,0.139,0.10756972111553798,0.10756972111553798,0.01,0.07194244604316546,33899.49,16875.13,50774.619999999995,27049.999999999996,0.33529271120098975,0.0,0.33529271120098975,-0.08216186513450024,7.30413085500579,7.427878947205637,2.6043269058165457,-0.2969837888768099,6.303746914146274,0.312420031564184,14.649847937076927,2.6197631485039197,6.303746914146274,23.573357999727122,True,1308327_YES.csv,1308327_YES
1771012860,2026-02-13 20:01:00,2,72.028984,9.459999,0.13133600495973488,4.7299995,,0.139,0.0,0.0,0.01,0.07194244604316546,33899.49,16875.13,50774.619999999995,0.0,0.33529271120098975,-0.0,0.33529271120098975,-0.09652974340628552,-0.208925795439576,-0.19683307162104272,2.481572832025394,-0.2969837888768099,-0.3564671060727058,0.30615287388379997,-0.5022886104669042,2.490741917032384,-0.3564671060727058,1.631986200492774,False,1308327_YES.csv,1308327_YES
1771012980,2026-02-13 20:03:00,4,308.8266,40.803348,0.13212381316851549,10.200837,,0.1305,-0.06115107913669071,0.06115107913669071,0.003,0.022988505747126436,2258.02,8560.720000000001,10818.740000000002,-39955.87999999999,-0.5825724622275792,39955.87999999999,0.5825724622275792,1.558265857844323,-0.1802362579938241,-0.1866844199534479,-0.3041092001735532,6.225622419971055,3.2233466104307205,1.8986902617395414,1.191345179897051,7.820203481537043,3.2233466104307205,12.234895271864815,True,1308327_YES.csv,1308327_YES
1771013040,2026-02-13 20:04:00,1,23.076922,2.999999,0.12999996272769826,2.999999,,0.1305,0.0,0.0,0.003,0.022988505747126436,2258.02,8560.720000000001,10818.740000000002,0.0,-0.5825724622275792,-0.0,0.5825724622275792,-0.9239275440315898,-0.2128061200236299,-0.19581623292646447,-0.27059980583348076,-0.27965754395384795,-0.35677155849364683,1.8232646279350446,-1.3325498969816842,1.273007278147716,-0.35677155849364683,-0.4163141773276151,False,1308327_YES.csv,1308327_YES
1771013100,2026-02-13 20:05:00,1,62.592179,8.259999,0.13196535304942866,8.259999,,0.1305,0.0,0.0,0.003,0.022988505747126436,2258.02,8560.720000000001,10818.740000000002,0.0,-0.5825724622275792,-0.0,0.5825724622275792,-0.9239275440315898,-0.20803851332374076,-0.18613823773372004,-0.23376824847101024,-0.27965754395384795,-0.35677155849364683,1.7549941120382688,-1.3181042950890505,1.2415683196134106,-0.35677155849364683,-0.4333075339692867,False,1308327_YES.csv,1308327_YES
1771013160,2026-02-13 20:06:00,1,132.0,17.028,0.12899999999902273,17.028,,0.128,-0.019157088122605415,0.019157088122605415,0.008,0.0625,7835.46,7670.33,15505.79,4687.049999999999,0.01064957025730389,0.0,0.01064957025730389,-0.903780516479502,-0.19993516676345674,-0.1700163298766626,2.7508112484601357,-0.27965754395384795,0.7433506864535636,-1.967208910087499,-1.2737320131196213,0.5039447944187887,0.7433506864535636,-0.02643653224726894,False,1308327_YES.csv,1308327_YES
1771013220,2026-02-13 20:07:00,2,31.64125,4.01664,0.12694315173620058,2.00832,,0.128,0.0,0.0,0.008,0.0625,7835.46,7670.33,15505.79,0.0,0.01064957025730389,-0.0,0.01064957025730389,-0.09652974340628552,-0.21186706666472996,-0.19791499982747537,2.5567652286772775,-0.27965754395384795,-0.34937231689707615,-1.882525366208337,-0.5063118098984909,0.3945823185150925,-0.34937231689707615,-0.46110180828047453,False,1308327_YES.csv,1308327_YES
1771013280,2026-02-13 20:08:00,4,1887.5315420000002,247.83140800000004,0.1312992140715541,61.95785200000001,,0.128,0.0,0.0,0.008,0.0625,7835.46,7670.33,15505.79,0.0,0.01064957025730389,-0.0,0.01064957025730389,1.4983219124938065,0.008373709702433755,-0.08781829308045806,2.393642829478743,-0.27965754395384795,-0.34937231689707615,-1.8054402161220047,1.4188773291157821,0.30854506940289017,-0.34937231689707615,1.3780500816215961,False,1308327_YES.csv,1308327_YES
1771013340,2026-02-13 20:09:00,1,150.375938,19.999998999999995,0.13299999498501544,19.999998999999995,,0.13,0.015625,0.015625,0.006,0.046153846153846156,4230.47,10164.72,14395.189999999999,-1110.6000000000022,-0.41223839351894626,1110.6000000000022,0.41223839351894626,-0.9329292275782867,-0.198968091427891,-0.16440622148384892,1.2898976838363052,-0.1019122417139077,0.5626912942143849,0.632217161322656,-1.2963035404900265,1.8202026034450536,0.5626912942143849,1.086590357169412,False,1308327_YES.csv,1308327_YES
1771013400,2026-02-13 20:10:00,2,137.583983,17.698729,0.12863945798015863,8.8493645,,0.13,0.0,0.0,0.006,0.046153846153846156,4230.47,10164.72,14395.189999999999,0.0,-0.41223839351894626,-0.0,0.41223839351894626,-0.10860065814038888,-0.20132214922925087,-0.18544710978621512,1.2555506447481557,-0.2828365840864455,-0.3642335198614202,0.6149984731464351,-0.4953699171558549,1.5877125338081453,-0.3642335198614202,0.7281090967908703,False,1308327_YES.csv,1308327_YES
1771013460,2026-02-13 20:11:00,2,9.89,1.27602,0.12902123355621625,0.63801,,0.13,0.0,0.0,0.006,0.046153846153846156,4230.47,10164.72,14395.189999999999,0.0,-0.41223839351894626,-0.0,0.41223839351894626,-0.12306691235780835,-0.21639037482919382,-0.20070449842250693,1.2226696493917009,-0.2828365840864455,-0.3642335198614202,0.5980157332742858,-0.5401617856095091,1.537848798579541,-0.3642335198614202,0.6334534931086118,False,1308327_YES.csv,1308327_YES
1771013640,2026-02-13 20:14:00,3,501.55302600000005,66.189998,0.1319700900376345,22.063332666666668,,0.13,0.0,0.0,0.006,0.046153846153846156,4230.47,10164.72,14395.189999999999,0.0,-0.41223839351894626,-0.0,0.41223839351894626,0.6725937265590383,-0.1577954682116064,-0.16142597562575126,1.1835025536827715,-0.2608370706423658,-0.3434124257194908,0.5769475332337022,0.35337228272168064,1.499613016274108,-0.3434124257194908,1.5095728732762976,False,1308327_YES.csv,1308327_YES
1771013700,2026-02-13 20:15:00,3,83.95575600000001,10.776639,0.12836093096310916,3.5922129999999997,,0.13,0.0,0.0,0.004,0.030769230769230767,4519.32,8456.64,12975.96,-1419.2299999999996,-0.30343188480852284,1419.2299999999996,0.30343188480852284,0.656544155644156,-0.20876226683030952,-0.19587011605558843,0.1607409089460948,-0.030591098514628188,-0.3434124257194908,-0.09597502410242056,0.25191177275825805,0.03417478632904605,-0.3434124257194908,-0.05732586663218675,False,1308327_YES.csv,1308327_YES
1771013820,2026-02-13 20:17:00,4,633.030302,83.03999999999999,0.1311785545455118,20.759999999999998,,0.13,0.0,0.0,0.004,0.030769230769230767,4519.32,8456.64,12975.96,0.0,-0.30343188480852284,-0.0,0.30343188480852284,1.4246139333770949,-0.1431633239031627,-0.16399590375603065,0.15240848551407127,-0.2648930747579093,-0.3434124257194908,-0.10758728569595108,1.1174547057179016,-0.2200718749397891,-0.3434124257194908,0.5539704050586217,False,1308327_YES.csv,1308327_YES
1771013880,2026-02-13 20:18:00,2,79.469695,10.349999,0.1302383128546015,5.1749995,,0.131,0.007692307692307665,0.007692307692307665,0.002,0.015267175572519083,3139.93,8286.77,11426.7,-1549.2599999999984,-0.4504222566445255,1549.2599999999984,0.4504222566445255,-0.20326467132938736,-0.2085201681727588,-0.19004544234103427,-0.8507575404431741,-0.008639314174139564,0.10942806056895653,0.7680416867907334,-0.6018302818431804,-0.09135516782658026,0.10942806056895653,-0.5837573891008042,False,1308327_YES.csv,1308327_YES
1771013940,2026-02-13 20:19:00,1,8966.0,1211.07753,0.13507445126030163,1211.07753,,0.131,0.0,0.0,0.002,0.015267175572519083,3139.93,8286.77,11426.7,0.0,-0.4504222566445255,-0.0,0.4504222566445255,-1.0163233566469367,0.8703831682385855,1.9529262515047416,-0.8380817098475251,-0.26440877705767846,-0.35140709907820755,0.7419472775997094,1.8069860630963905,-0.3605432093054941,-0.35140709907820755,1.095035754712689,False,1308327_YES.csv,1308327_YES
1771014000,2026-02-13 20:20:00,5,51.873332000000005,7.530899,0.14517862472869145,1.5061798,,0.131,0.0,0.0,0.002,0.015267175572519083,3139.93,8286.77,11426.7,0.0,-0.4504222566445255,-0.0,0.4504222566445255,2.114837137334094,-0.2283374914931352,-0.22674692744473107,-0.8380817098475251,-0.26440877705767846,-0.34757500928623813,0.718787125030838,1.6597527183962275,-0.3837033618743655,-0.34757500928623813,0.9284743472356238,False,1308327_YES.csv,1308327_YES
1771014060,2026-02-13 20:21:00,5,371.396608,55.452199,0.14930723061383128,11.0904398,,0.1445,0.1030534351145036,0.1030534351145036,0.009,0.06228373702422145,2109.63,16981.8,19091.43,7664.73,-0.7789971730771345,0.0,0.7789971730771345,2.0189157137246747,-0.18536522241101716,-0.20975521619579846,2.4937619330530807,-0.26440877705767846,4.575910652760812,2.538428834103814,1.623795275117859,4.767781990099216,4.575910652760812,10.967487917977888,True,1308327_YES.csv,1308327_YES
1771014120,2026-02-13 20:22:00,1,12.987011,1.999999,0.1539999465501338,1.999999,,0.1445,0.0,0.0,0.009,0.06228373702422145,2109.63,16981.8,19091.43,0.0,-0.7789971730771345,-0.0,0.7789971730771345,-1.0285042315201176,-0.23408652163377425,-0.22598104141158576,2.3352540576689442,-0.26440877705767846,-0.36042362950189083,2.3702466308113674,-1.4885717945654775,4.4410919114226335,-0.36042362950189083,2.5920964873552648,False,1308327_YES.csv,1308327_YES
1771014180,2026-02-13 20:23:00,2,43.467531,6.550999,0.1507101703073333,3.2754995,,0.1445,0.0,0.0,0.009,0.06228373702422145,2109.63,16981.8,19091.43,0.0,-0.7789971730771345,-0.0,0.7789971730771345,-0.2666492452089194,-0.22984051758034743,-0.22359284047724864,2.195509380054772,-0.23177889250265835,-0.34229385563390813,2.252063756546301,-0.7200826032665155,4.215794244098415,-0.34229385563390813,3.153417785197991,False,1308327_YES.csv,1308327_YES
1771014240,2026-02-13 20:24:00,1,1235.23,173.48989999999998,0.14045149486319108,173.48989999999998,,0.15,0.03806228373702436,0.03806228373702436,0.016,0.10666666666666667,1654.48,12158.02,13812.5,-5278.93,-0.7604372850678733,5278.93,0.7604372850678733,-1.0285042315201176,-0.08000114131053945,0.07816219960006397,4.284868491751856,0.6680513368261016,1.4347368546566164,2.0589830239038114,-1.0303431732305932,7.011902852481768,1.4347368546566164,7.416296533907792,False,1308327_YES.csv,1308327_YES
1771014480,2026-02-13 20:28:00,1,99.934209,15.189999,0.1519999923134229,15.189999,,0.15,0.0,0.0,0.016,0.10666666666666667,1654.48,12158.02,13812.5,0.0,-0.7604372850678733,-0.0,0.7604372850678733,-0.9965942435684902,-0.22265250206762482,-0.20624858245967204,3.686768333259051,-0.24623069746562415,-0.3665276439418158,1.9770829902437208,-1.4254953280957872,5.417620626037148,-0.3665276439418158,3.6255976539995447,False,1308327_YES.csv,1308327_YES
1771014540,2026-02-13 20:29:00,2,360.003332,55.000499000000005,0.15277774984551307,27.500249500000002,,0.15,0.0,0.0,0.016,0.10666666666666667,1654.48,12158.02,13812.5,0.0,-0.7604372850678733,-0.0,0.7604372850678733,-0.19946943111640755,-0.1764064506203791,-0.18174890316262673,3.2778302873340754,-0.23163714745327382,-0.3633638874246377,1.8879272980472936,-0.5576247848994134,4.934120437928096,-0.3633638874246377,4.013131765604045,False,1308327_YES.csv,1308327_YES
1771014600,2026-02-13 20:30:00,1,571.43,88.00021999999998,0.1539999999997305,88.00021999999998,,0.1535,0.023333333333333428,0.023333333333333428,0.001,0.006514657980456026,936.94,1500.76,2437.7,-11374.8,-0.2312917914427534,11374.8,0.2312917914427534,-1.020380551847312,-0.14601156433132884,-0.07436526532349919,-1.0509586848398067,1.67144221273513,0.7191745210349749,-0.8731367513968187,-1.24075738150214,-0.2526532235014953,0.7191745210349749,-0.7742360839686604,False,1308327_YES.csv,1308327_YES
1771014780,2026-02-13 20:33:00,4,1282.672364,193.399997,0.1507789537124924,48.34999925,,0.146,-0.04885993485342022,0.04885993485342022,0.006,0.04109589041095891,1329.15,1960.62,3289.77,852.0700000000002,-0.19194958918100652,0.0,0.19194958918100652,1.473234679343518,-0.052522418455830416,-0.14710246226789003,0.3709426317333004,-0.2582574806789631,1.8308705652981754,-1.0856535698453331,1.2736097986197976,-0.9729684187909958,1.8308705652981754,2.1315119451269773,False,1308327_YES.csv,1308327_YES
1771014840,2026-02-13 20:34:00,2,80.536909,11.999998000000001,0.14899998210573243,5.999999000000001,,0.146,0.0,0.0,0.006,0.04109589041095891,1329.15,1960.62,3289.77,0.0,-0.19194958918100652,-0.0,0.19194958918100652,-0.21046209704907398,-0.21759733568022516,-0.22263931196081238,0.3531764453032833,-0.2582574806789631,-0.4009755319093744,-1.0528633109057837,-0.6506987446901116,-0.9579443462814634,-0.4009755319093744,-2.009618622880949,False,1308327_YES.csv,1308327_YES
1771014900,2026-02-13 20:35:00,1,19.7,2.9156,0.1479999999924873,2.9156,,0.146,0.0,0.0,0.006,0.04109589041095891,1329.15,1960.62,3289.77,0.0,-0.19194958918100652,-0.0,0.19194958918100652,-1.0291515427674303,-0.22539913690018104,-0.22774653034393139,0.33539273486447263,-0.2582574806789631,-0.4009755319093744,-1.021270408779066,-1.4822972100115428,-0.9441351545935566,-0.4009755319093744,-2.8274078965144733,False,1308327_YES.csv,1308327_YES
1771014960,2026-02-13 20:36:00,1,10.37,1.5140199999999997,0.14599999998592092,1.5140199999999997,,0.1465,0.003424657534246478,0.003424657534246478,0.001,0.006825938566552902,1910.65,14936.01,16846.66,13556.89,-0.7731716553904454,0.0,0.7731716553904454,-0.9962546684889217,-0.20133464305162335,-0.21246633832807826,-1.1126285317761513,-0.2582574806789631,-0.24714806091215558,1.8929837646280105,-1.4100556498686234,0.5220977521728962,-0.24714806091215558,-1.1351059586078827,False,1308327_YES.csv,1308327_YES
1771015080,2026-02-13 20:38:00,1,299.32,44.00004,0.14699999999950888,44.00004,,0.1465,0.0,0.0,0.001,0.006825938566552902,1910.65,14936.01,16846.66,0.0,-0.7731716553904454,-0.0,0.7731716553904454,-0.9644584906465236,-0.16205133797055477,-0.13649607633499752,-1.1126285317761513,-0.23959419122335152,-0.3951373860327928,1.8217773955817733,-1.2630059049520759,0.46955467258227057,-0.3951373860327928,-1.1885886184025982,False,1308327_YES.csv,1308327_YES
1771015140,2026-02-13 20:39:00,2,1062.423604,153.044469,0.14405221083534575,76.5222345,,0.1455,-0.0068259385665528916,0.0068259385665528916,0.003,0.02061855670103093,1313.39,24223.16,25536.55,8689.89,-0.8971364573523049,0.0,0.8971364573523049,-0.1377797843780747,-0.06251220240230278,-0.07962947777285374,-0.5462660106723137,-0.23959419122335152,-0.08834771731469403,2.289394055273337,-0.2799214645532312,1.5035338533776719,-0.08834771731469403,1.1352646715097467,False,1308327_YES.csv,1308327_YES
1771015200,2026-02-13 20:40:00,2,665.999725,97.23595999999999,0.1460000002250061,48.617979999999996,,0.1455,0.0,0.0,0.003,0.02061855670103093,1313.39,24223.16,25536.55,0.0,-0.8971364573523049,-0.0,0.8971364573523049,-0.15275680272654787,-0.11581627465378615,-0.13115216025798812,-0.5607341554000275,-0.23959419122335152,-0.40085194236682214,2.1699634519170528,-0.39972523763832213,1.3696351052936737,-0.40085194236682214,0.5690579252885295,False,1308327_YES.csv,1308327_YES
1771015260,2026-02-13 20:41:00,2,75.34246300000001,10.999998000000001,0.14599997878824314,5.499999000000001,,0.1455,0.0,0.0,0.003,0.02061855670103093,1313.39,24223.16,25536.55,0.0,-0.8971364573523049,-0.0,0.8971364573523049,-0.12750850985613307,-0.1963735458883356,-0.2095689972472247,-0.5607341554000275,-0.23956753744268827,-0.3894070522563067,2.0522366667733465,-0.5334510529916934,1.2519349739306307,-0.3894070522563067,0.32907686868263064,False,1308327_YES.csv,1308327_YES
1771015380,2026-02-13 20:43:00,1,8.493149,1.239999,0.14599991120537267,1.239999,,0.1455,0.0,0.0,0.003,0.02061855670103093,1313.39,24223.16,25536.55,0.0,-0.8971364573523049,-0.0,0.8971364573523049,-0.9482185338355867,-0.20501488549386093,-0.2171048060666733,-0.5607341554000275,-0.23956753744268827,-0.3894070522563067,1.9479760551164689,-1.3703382253961212,1.147674362273753,-0.3894070522563067,-0.6120709153786748,False,1308327_YES.csv,1308327_YES
1771015440,2026-02-13 20:44:00,6,1115.131028,161.655646,0.14496560667833464,26.942607666666664,,0.1455,0.0,0.0,0.003,0.02061855670103093,1313.39,24223.16,25536.55,0.0,-0.8971364573523049,-0.0,0.8971364573523049,3.0402386951381137,-0.05773386475888138,-0.17117065234645715,-0.5607341554000275,-0.23956753744268827,-0.3894070522563067,1.8546381563940586,2.811334178032775,1.0543364635513428,-0.3894070522563067,3.4762635893278113,False,1308327_YES.csv,1308327_YES
1771015560,2026-02-13 20:46:00,1,100.0,14.0575,0.14057499999859424,14.0575,,0.1455,0.0,0.0,0.003,0.02061855670103093,1313.39,24223.16,25536.55,0.0,-0.8971364573523049,-0.0,0.8971364573523049,-0.9226568386630406,-0.193644948797343,-0.19291063436407363,-0.554677061147718,-0.23956753744268827,-0.3862352793842187,1.7734865711074566,-1.3092124218244572,0.9792419725170503,-0.3862352793842187,-0.7162057286916257,False,1308327_YES.csv,1308327_YES
1771015620,2026-02-13 20:47:00,2,206.944443,28.999999000000003,0.14013422433314562,14.499999500000001,,0.1455,0.0,0.0,0.003,0.02061855670103093,1313.39,24223.16,25536.55,0.0,-0.8971364573523049,-0.0,0.8971364573523049,-0.107399729316616,-0.1800839674408707,-0.1925260720593518,-0.5486604087916793,-0.23956753744268827,-0.3862352793842187,1.6993853398914205,-0.4800097688168385,0.911157393657053,-0.3862352793842187,0.04491234545599576,False,1308327_YES.csv,1308327_YES
1771015680,2026-02-13 20:48:00,3,720.807947,104.44399800000001,0.14489851067063098,34.814666,,0.1425,-0.020618556701030966,0.020618556701030966,0.003,0.02105263157894737,7120.63,20471.22,27591.850000000002,2055.300000000003,-0.4838599079075886,0.0,0.4838599079075886,0.6734738567088944,-0.11123941294646729,-0.15661170820206594,-0.5426833460043549,-0.23956753744268827,0.5398830367423649,0.09220011331741054,0.4056227355603611,-0.6900507701296327,0.5398830367423649,0.25545500217309336,False,1308327_YES.csv,1308327_YES
1771015800,2026-02-13 20:50:00,1,199.98,28.01967,0.14011236123542298,28.01967,,0.1425,0.0,0.0,0.003,0.02105263157894737,7120.63,20471.22,27591.850000000002,0.0,-0.4838599079075886,-0.0,0.4838599079075886,-0.9428633993924518,-0.18295436955469105,-0.16960592446370248,-0.5426833460043549,-0.23956753744268827,-0.39827084250414463,0.09092586513362895,-1.2954236934108454,-0.6913250183134142,-0.39827084250414463,-2.3850195542284043,False,1308327_YES.csv,1308327_YES
1771015920,2026-02-13 20:52:00,1,104.166665,14.999999,0.1439999927026174,14.999999,,0.1425,0.0,0.0,0.003,0.02105263157894737,7120.63,20471.22,27591.850000000002,0.0,-0.4838599079075886,-0.0,0.4838599079075886,-0.9226938193911344,-0.1953199110747055,-0.19369389708886942,-0.5426833460043544,-0.23956753744268827,-0.39827084250414463,0.08965193978735177,-1.3117076275547093,-0.692598943659691,-0.39827084250414463,-2.402577413718545,False,1308327_YES.csv,1308327_YES
1771016040,2026-02-13 20:54:00,1,34.965033,4.999999,0.14299997943250903,4.999999,,0.1415,-0.007017543859649145,0.007017543859649145,0.003,0.02120141342756184,6788.53,27405.16,34193.69,6601.84,-0.6029366821773257,0.0,0.6029366821773257,-0.9226938193911344,-0.20466964951988645,-0.21187973040324096,-0.5426833460043544,-0.23956753744268827,-0.08362121601990288,0.5415313693420152,-1.3392431993142617,-0.24071951410502757,-0.08362121601990288,-1.663583929439192,False,1308327_YES.csv,1308327_YES
1771016160,2026-02-13 20:56:00,2,22.4,3.1179799999999998,0.13919553570807164,1.5589899999999999,,0.1415,0.0,0.0,0.003,0.02120141342756184,6788.53,27405.16,34193.69,0.0,-0.6029366821773257,-0.0,0.6029366821773257,-0.12035136774666963,-0.20435633377578538,-0.21610798733710282,-0.5494655656237969,-0.23517539064356072,-0.38588365159529864,0.5302254329449777,-0.5408156888595578,-0.25441552332237993,-0.38588365159529864,-1.1811148637772364,False,1308327_YES.csv,1308327_YES
1771016220,2026-02-13 20:57:00,1,140.81,19.31299,0.13715638093787968,19.31299,,0.139,-0.01766784452296799,0.01766784452296799,0.002,0.014388489208633093,7794.519999999999,18487.99,26282.510000000002,-7911.18,-0.40686639137586184,7911.18,0.40686639137586184,-0.9030211262598106,-0.18894034299409415,-0.1838793771476886,-0.8438221186365452,1.083534601572216,0.4107591132127878,-0.22442293827839777,-1.2758408464015933,0.015289544657273058,0.4107591132127878,-0.8497921885315324,False,1308327_YES.csv,1308327_YES
1771016280,2026-02-13 20:58:00,1,71.42857,9.999999,0.13999998879803968,9.999999,,0.139,0.0,0.0,0.002,0.014388489208633093,7794.519999999999,18487.99,26282.510000000002,0.0,-0.40686639137586184,-0.0,0.40686639137586184,-0.8838173639269888,-0.19511139684305534,-0.19848825272258502,-0.8438221186365452,-0.2552070771881951,-0.3993188726336495,-0.22172550844515507,-1.2774170134926293,-1.3207547042698953,-0.3993188726336495,-2.997490590396174,False,1308327_YES.csv,1308327_YES
1771016340,2026-02-13 20:59:00,1,134.59,18.438830000000003,0.13699999999898213,18.438830000000003,,0.139,0.0,0.0,0.002,0.014388489208633093,7794.519999999999,18487.99,26282.510000000002,0.0,-0.40686639137586184,-0.0,0.40686639137586184,-0.8838173639269888,-0.18751544005912218,-0.18371300930755916,-0.8295150620062531,-0.21851031040964555,-0.3874522668247476,-0.20973240334240548,-1.2550458132936702,-1.2577577757583043,-0.3874522668247476,-2.900255855876722,False,1308327_YES.csv,1308327_YES
1771016400,2026-02-13 21:00:00,3,219.499997,30.129997999999997,0.1372665075702153,10.043332666666666,,0.1385,-0.003597122302158251,0.003597122302158251,0.003,0.021660649819494584,16927.57,18801.68,35729.25,9446.739999999998,-0.052453102150199084,0.0,0.052453102150199084,0.6832328417932385,-0.1769722420813539,-0.1991635767928486,-0.5308446774914097,-0.21851031040964555,-0.2255483207460814,-1.5178564533526024,0.30709702291903607,-2.2672114412536577,-0.2255483207460814,-2.185662739080703,False,1308327_YES.csv,1308327_YES
1771016460,2026-02-13 21:01:00,1,7.142856,0.999999,0.1399998823803811,0.999999,,0.1385,0.0,0.0,0.003,0.021660649819494584,16927.57,18801.68,35729.25,0.0,-0.052453102150199084,-0.0,0.052453102150199084,-0.8934583315757734,-0.20351494849616897,-0.21431620689032316,-0.5249814628462417,-0.21851031040964555,-0.3905341489762479,-1.459682080911184,-1.3112894869622655,-2.203173854167071,-0.3905341489762479,-3.9049974901055844,False,1308327_YES.csv,1308327_YES
1771016580,2026-02-13 21:03:00,1,7.194243,0.999999,0.13899989197765492,0.999999,,0.1385,0.0,0.0,0.003,0.021660649819494584,18150.03,20766.32,38916.35,3187.0999999999985,-0.06722855560709062,0.0,0.06722855560709062,-0.8648119968981642,-0.20332870783366788,-0.214248930371174,-0.5191546187010484,-0.21851031040964555,-0.3737830097564238,-1.3794194349615272,-1.2823896351030062,-2.117084364072221,-0.3737830097564238,-3.773257008931651,False,1308327_YES.csv,1308327_YES
1771016640,2026-02-13 21:04:00,1,2.02,0.28078,0.13899999993118814,0.28078,,0.1385,0.0,0.0,0.003,0.021660649819494584,18150.03,20766.32,38916.35,0.0,-0.06722855560709062,-0.0,0.06722855560709062,-0.8462675702041994,-0.20256743727476625,-0.2141595457803579,-0.5133633847726572,-0.21851031040964555,-0.3737830097564238,-1.3552244004753502,-1.2629945532593236,-2.087098095657653,-0.3737830097564238,-3.7238756586734003,False,1308327_YES.csv,1308327_YES
1771016700,2026-02-13 21:05:00,3,755.4572109999999,104.907898,0.13886676369267079,34.96929933333333,,0.1385,0.0,0.0,0.003,0.021660649819494584,18150.03,20766.32,38916.35,0.0,-0.06722855560709062,-0.0,0.06722855560709062,0.7404841239286742,-0.10625116737709756,-0.15206376150337053,-0.5076070174214226,-0.21851031040964555,-0.3737830097564238,-1.339352856431396,0.4821691950482062,-2.065470184262464,-0.3737830097564238,-1.9570839989706814,False,1308327_YES.csv,1308327_YES
1771016760,2026-02-13 21:06:00,1,36.231883,5.0,0.13800000402579132,5.0,,0.1355,-0.02166064981949456,0.02166064981949456,0.005,0.03690036900369004,23767.18,9745.54,33512.72,-5403.629999999997,0.4183975517355798,5403.629999999997,0.4183975517355798,-0.8186978850746467,-0.19935761940643418,-0.20651654771313266,0.06770588240723546,0.7562033822541327,0.6046540981899355,-0.07943046604942987,-1.2245720521942136,0.7444787986119383,0.6046540981899355,0.12456084460766026,False,1308327_YES.csv,1308327_YES
1771016820,2026-02-13 21:07:00,1,72.992699,9.999999,0.1369999895450228,9.999999,,0.1355,0.0,0.0,0.005,0.03690036900369004,23767.18,9745.54,33512.72,0.0,0.4183975517355798,-0.0,0.4183975517355798,-0.791855331465642,-0.1945194916841429,-0.19753792201688683,0.06289443546496812,-0.23402408326179888,-0.3896241664171456,-0.0955363252406015,-1.1839127451666718,-0.2666659730374323,-0.3896241664171456,-1.8402028846212497,False,1308327_YES.csv,1308327_YES
1771016880,2026-02-13 21:08:00,6,501.35466899999994,67.579028,0.1347928565912392,11.263171333333332,,0.1355,0.0,0.0,0.005,0.03690036900369004,23767.18,9745.54,33512.72,0.0,0.4183975517355798,-0.0,0.4183975517355798,2.9381962251672613,-0.1415824393349471,-0.1950622067226181,0.05334039703894097,-0.23402408326179888,-0.3862342594305713,-0.10779259810474802,2.601551579109696,-0.2884762843276059,-0.3862342594305713,1.9268410353515186,False,1308327_YES.csv,1308327_YES
1771016940,2026-02-13 21:09:00,53,750.891835,102.456888,0.13644693313233794,1.9331488301886794,,0.135,-0.0036900369003689537,0.0036900369003689537,0.004,0.029629629629629627,14157.38,11829.69,25987.07,-7525.6500000000015,0.08957108285004807,7525.6500000000015,0.08957108285004807,7.463757316890998,-0.10927830648424337,-0.21070514634413365,-0.24291859029444768,1.1106156732650565,-0.22001917164140605,-1.3083183627636517,7.143773864062621,-0.4406212797930429,-0.22001917164140605,6.483133412628172,False,1308327_YES.csv,1308327_YES
1771017000,2026-02-13 21:10:00,54,1480.4746730000002,200.80076200000002,0.13563268974603007,3.71853262962963,,0.135,0.0,0.0,0.004,0.029629629629629627,14157.38,11829.69,25987.07,0.0,0.08957108285004807,-0.0,0.08957108285004807,5.338644586853033,-0.020285181493858183,-0.20725838955328105,-0.24825713601195337,-0.25438229739272833,-0.3893933029097437,-1.2881169980141411,5.111101015805894,-1.790756431418823,-0.3893933029097437,2.9309512814773275,False,1308327_YES.csv,1308327_YES
1771017060,2026-02-13 21:11:00,23,133.15,17.5758,0.13199999999900866,0.7641652173913044,,0.135,0.0,0.0,0.004,0.029629629629629627,14157.38,11829.69,25987.07,0.0,0.08957108285004807,-0.0,0.08957108285004807,1.9394005463085304,-0.1915234846613952,-0.2123778955811508,-0.25362350495500297,-0.24936868567314288,-0.3893933029097437,-1.264615899366176,1.5354991660659845,-1.7676080899943218,-0.3893933029097437,-0.6215022268380811,False,1308327_YES.csv,1308327_YES
1771017120,2026-02-13 21:12:00,8,182.827057,24.581839,0.13445405402913393,3.072729875,,0.134,-0.007407407407407418,0.007407407407407418,0.004,0.029850746268656716,16616.36,17938.420000000002,34554.78,8567.71,-0.03825982975437845,0.0,0.03825982975437845,0.3854905501090093,-0.18432721612140407,-0.20725885062590774,-0.2590183558966293,-0.24936868567314288,-0.05512777552926437,-1.416334007151733,-0.006095516638302517,-1.9247210487215052,-0.05512777552926437,-1.985944340889072,False,1308327_YES.csv,1308327_YES
1771017180,2026-02-13 21:13:00,10,1.4000000000000001,0.18339999999999998,0.13099999990642855,0.01834,,0.134,0.0,0.0,0.004,0.029850746268656716,16616.36,17938.420000000002,34554.78,0.0,-0.03825982975437845,-0.0,0.03825982975437845,0.5791278327640974,-0.20623200300541178,-0.2123725371777516,-0.26444236224545425,-0.24936868567314288,-0.39556691762066665,-1.384254850726431,0.16052329258093403,-1.898065898645028,-0.39556691762066665,-2.1331095236847606,False,1308327_YES.csv,1308327_YES
1771017240,2026-02-13 21:14:00,1,0.13,0.01716,0.1319999989846154,0.01716,,0.134,0.0,0.0,0.004,0.029850746268656716,16616.36,17938.420000000002,34554.78,0.0,-0.03825982975437845,-0.0,0.03825982975437845,-0.3379223562548925,-0.20510154359032504,-0.21174640948299345,-0.25939665996993827,-0.2462137544012369,-0.39556691762066665,-1.3513142172115853,-0.754770309328211,-1.8569246315827606,-0.39556691762066665,-3.007261858531638,False,1308327_YES.csv,1308327_YES
1771017300,2026-02-13 21:15:00,3,586.6951839999999,79.19780899999999,0.13498970361390425,26.399269666666665,,0.1345,0.003731343283582156,0.003731343283582156,0.001,0.007434944237918215,16936.12,16410.96,33347.08,-1207.699999999997,0.015748305398853506,1207.699999999997,0.015748305398853506,-0.13487095994275386,-0.11263822964343169,-0.1456678510515875,-1.108860281162222,-0.03104550028320603,-0.2271407995754951,-1.3929765431771866,-0.39317704063777303,-2.5328823246226144,-0.2271407995754951,-3.1532001648358827,False,1308327_YES.csv,1308327_YES
1771017360,2026-02-13 21:16:00,2,919.67,123.63996,0.1344394837277127,61.81998,,0.1345,0.0,0.0,0.001,0.007434944237918215,16936.12,16410.96,33347.08,0.0,0.015748305398853506,-0.0,0.015748305398853506,-0.23913199841748778,-0.07252288673267782,-0.08236677721349826,-1.0785403151280282,-0.24998950940076428,-0.39878602105772354,-1.3583082777162787,-0.39402166236366387,-2.686838102245071,-0.39878602105772354,-3.479645785666458,False,1308327_YES.csv,1308327_YES
1771017420,2026-02-13 21:17:00,1,100.0,13.6,0.13599999999864001,13.6,,0.1345,0.0,0.0,0.001,0.007434944237918215,16936.12,16410.96,33347.08,0.0,0.015748305398853506,-0.0,0.015748305398853506,-0.33973824086845594,-0.3139678458548359,-0.1611355385932699,-1.046348584757843,-0.24998950940076428,-0.3938686790047995,-1.3209872813441672,-0.8148416253165617,-2.6173253755027748,-0.3938686790047995,-3.8260356798241357,False,1308327_YES.csv,1308327_YES
1771017480,2026-02-13 21:18:00,3,19.991763,2.6715590000000002,0.13363298673890678,0.8905196666666667,,0.134,-0.0037174721189591198,0.0037174721189591198,0.004,0.029850746268656716,16918.37,18811.76,35730.13,2383.0499999999956,-0.05299141089047254,0.0,0.05299141089047254,-0.1366225368026221,-0.38079350615281016,-0.24193907690784713,-0.14848512580709602,-0.24998950940076428,-0.1846754993159781,-1.1685679706261283,-0.7593551198632793,-1.5670426058339886,-0.1846754993159781,-2.511073225013246,False,1308327_YES.csv,1308327_YES
1771017540,2026-02-13 21:19:00,2,12.35294,1.669999,0.1351904081024282,0.8349995,,0.134,0.0,0.0,0.004,0.029850746268656716,16918.37,18811.76,35730.13,0.0,-0.05299141089047254,-0.0,0.05299141089047254,-0.2355635120084134,-0.3825405482139438,-0.24124442615505146,-0.15366641462601993,-0.3259773391114267,-0.37132014929227447,-1.1301577629511619,-0.8593484863774087,-1.6098015166886084,-0.37132014929227447,-2.8404701523582916,False,1308327_YES.csv,1308327_YES
1771017600,2026-02-13 21:20:00,2,402.56,54.73792,0.13597456279775444,27.36896,,0.134,0.0,0.0,0.004,0.029850746268656716,16918.37,18811.76,35730.13,0.0,-0.05299141089047254,-0.0,0.05299141089047254,-0.2373890506944555,-0.06000332324420257,-0.07432370657581149,-0.1588677267897203,-0.3259773391114267,-0.37132014929227447,-1.093356119257766,-0.3717160805144696,-1.578201185158913,-0.37132014929227447,-2.321237414965657,False,1308327_YES.csv,1308327_YES
1771017660,2026-02-13 21:21:00,2,347.35294,47.239999000000005,0.1359999975813189,23.619999500000002,,0.134,0.0,0.0,0.004,0.029850746268656716,16753.84,25748.13,42501.97,6771.840000000004,-0.21162054370656233,0.0,0.21162054370656233,-0.2392171846691066,-0.11051467614736943,-0.09994927136159949,-0.16408960327514552,-0.3259773391114267,-0.37132014929227447,-0.5616770398746204,-0.4496811321780755,-1.0517439822611925,-0.37132014929227447,-1.8727452637315425,False,1308327_YES.csv,1308327_YES
1771017720,2026-02-13 21:22:00,1,294.117646,40.0,0.13600000048913763,40.0,,0.134,0.0,0.0,0.004,0.029850746268656716,16753.84,25748.13,42501.97,0.0,-0.21162054370656233,-0.0,0.21162054370656233,-0.34173883524158083,-0.15780702068419095,0.0023348521759240654,-0.14550831730386282,-0.3259773391114267,-0.35301740641937085,-0.57819437701051,-0.4972110037498477,-1.0496800334257994,-0.35301740641937085,-1.899908443595018,False,1308327_YES.csv,1308327_YES
1771017780,2026-02-13 21:23:00,3,2615.754073,343.982009,0.13150395618245428,114.66066966666666,,0.134,0.0,0.0,0.004,0.029850746268656716,16753.84,25748.13,42501.97,0.0,-0.21162054370656233,-0.0,0.21162054370656233,-0.13844965938282397,1.6523782983932884,0.46713486815363203,-0.12665022753227537,-0.3259773391114267,-0.35301740641937085,-0.5951778074689754,1.9810635071640965,-1.0478053741126776,-0.35301740641937085,0.5802407266320481,False,1308327_YES.csv,1308327_YES
1771017960,2026-02-13 21:26:00,3,133.25,17.50231,0.13134941838550585,5.834103333333334,,0.134,0.0,0.0,0.004,0.029850746268656716,16753.84,25748.13,42501.97,0.0,-0.21162054370656233,-0.0,0.21162054370656233,-0.13671989254191433,-0.3043327858026236,-0.22181172402352328,-0.10748016530796747,-0.3259773391114267,-0.35301740641937085,-0.6126577938848493,-0.6628644023680612,-1.0461152983042434,-0.35301740641937085,-2.0619971070916754,False,1308327_YES.csv,1308327_YES
1771018020,2026-02-13 21:27:00,1,1000.0,134.0,0.133999999999866,134.0,,0.1325,-0.011194029850746245,0.011194029850746245,0.003,0.022641509433962263,12439.13,23753.4,36192.53,-6309.440000000002,-0.3126134039261694,6309.440000000002,0.3126134039261694,-0.3417997313547858,0.39582029200601315,0.5826907900400994,-0.3995474545379981,2.392189309955961,0.3581682505468012,-0.2706197514846759,0.6367113506913267,1.7220221039332873,0.3581682505468012,2.716901705171415,False,1308327_YES.csv,1308327_YES
1771018140,2026-02-13 21:29:00,1,7.462685,0.999999,0.1339998941220217,0.999999,,0.1325,0.0,0.0,0.003,0.022641509433962263,12439.13,23753.4,36192.53,0.0,-0.3126134039261694,-0.0,0.3126134039261694,-0.33991964476960934,-0.4145805050675402,-0.2631819292186214,-0.38459609936531025,-0.34719138477312406,-0.3491805552409638,-0.26494135278251074,-1.017682079055771,-0.996728836920945,-0.3491805552409638,-2.36359147121768,False,1308327_YES.csv,1308327_YES
1771018200,2026-02-13 21:30:00,2,55.171939,7.377919,0.13372593266780555,3.6889595,,0.133,0.0037735849056603765,0.0037735849056603765,0.002,0.015037593984962405,13520.5,26273.96,39794.46,3601.9300000000003,-0.32048330345480247,0.0,0.32048330345480247,-0.23743130966319445,-0.37636334688800893,-0.24641026325306573,-0.6708290064269072,-0.34719138477312406,-0.11481025648465114,-0.2335744795433589,-0.860204919804269,-1.2515948707433904,-0.11481025648465114,-2.2266100470323105,False,1308327_YES.csv,1308327_YES
1771018260,2026-02-13 21:31:00,1,2.02,0.27068,0.13399999993366338,0.27068,,0.133,0.0,0.0,0.002,0.015037593984962405,13520.5,26273.96,39794.46,0.0,-0.32048330345480247,-0.0,0.32048330345480247,-0.3362281272708887,-0.41244477463761364,-0.26573492451512987,-0.6497222271358838,-0.34719138477312406,-0.3534862738908209,-0.22839701100941723,-1.0144078264236323,-1.2253106229184252,-0.3534862738908209,-2.5932047232328785,False,1308327_YES.csv,1308327_YES
1771018320,2026-02-13 21:32:00,2,324.626864,43.499999,0.1339999976091504,21.7499995,,0.133,0.0,0.0,0.002,0.015037593984962405,13520.5,26273.96,39794.46,0.0,-0.32048330345480247,-0.0,0.32048330345480247,-0.2320436840117382,-0.1523419350766617,-0.13103794572946995,-0.6372554002741962,-0.3368021183746397,-0.3534862738908209,-0.22939824860433208,-0.5154235648178698,-1.203455767253168,-0.3534862738908209,-2.072365605961859,False,1308327_YES.csv,1308327_YES
1771018440,2026-02-13 21:34:00,1,373.134327,49.999999,0.13399999780740077,49.999999,,0.133,0.0,0.0,0.002,0.015037593984962405,13520.5,26273.96,39794.46,0.0,-0.32048330345480247,-0.0,0.32048330345480247,-0.32899208827530696,-0.1093157789616494,0.045684750227809344,-0.6249486077949249,-0.3368021183746397,-0.3534862738908209,-0.230400204573467,-0.39262311700914704,-1.1921509307430316,-0.3534862738908209,-1.9382603216429994,False,1308327_YES.csv,1308327_YES
1771018620,2026-02-13 21:37:00,3,277.744356,36.93999699999999,0.13299999154570397,12.31333233333333,,0.133,0.0,0.0,0.002,0.015037593984962405,13520.5,26273.96,39794.46,0.0,-0.32048330345480247,-0.0,0.32048330345480247,-0.12618064134132898,-0.19185094797671204,-0.19502474089097574,-0.6249486077949249,-0.3256139154437712,-0.3450754359949098,-0.22318115663699842,-0.5130563302090168,-1.1737436798756944,-0.3450754359949098,-2.031875446079621,False,1308327_YES.csv,1308327_YES
1771018740,2026-02-13 21:39:00,2,44.132104,5.862279,0.13283479527436912,2.9311395,,0.1325,-0.003759398496240629,0.003759398496240629,0.001,0.007547169811320755,11508.84,24801.41,36310.25,-3484.209999999999,-0.3660831307964005,3484.209999999999,0.3660831307964005,-0.23030645992415602,-0.6435134468560659,-0.5853293176078848,-0.9210406053939135,1.14923088358431,-0.11156670199097066,-0.06690794897372987,-1.4591492243881068,0.16128232921666652,-0.11156670199097066,-1.409433597162411,False,1308327_YES.csv,1308327_YES
1771018800,2026-02-13 21:40:00,1,52.631577,6.999999000000001,0.1329999859184725,6.999999000000001,,0.1325,0.0,0.0,0.001,0.007547169811320755,11508.84,24801.41,36310.25,0.0,-0.3660831307964005,-0.0,0.3660831307964005,-0.3255597560619949,-0.626062536004216,-0.4689058341614449,-0.9123869903948072,-0.3471200349838136,-0.34935621083117047,-0.062254910406257455,-1.420528126227656,-1.3217619357848782,-0.34935621083117047,-3.091646272843705,False,1308327_YES.csv,1308327_YES
1771018860,2026-02-13 21:41:00,1,120.67,15.92844,0.1319999999989061,15.92844,,0.1325,0.0,0.0,0.001,0.007547169811320755,11508.84,24801.41,36310.25,0.0,-0.3660831307964005,-0.0,0.3660831307964005,-0.3184821468425726,-0.47969680327104036,-0.20809242304271006,-0.8836446527080404,-0.3471200349838136,-0.40979828998205325,-0.03995255277174564,-1.006271373156323,-1.2707172404635996,-0.40979828998205325,-2.686786903601976,False,1308327_YES.csv,1308327_YES
1771018920,2026-02-13 21:42:00,1,1233.082705,163.999999,0.13299999937949575,163.999999,,0.1325,0.0,0.0,0.001,0.007547169811320755,11508.84,24801.41,36310.25,0.0,-0.3660831307964005,-0.0,0.3660831307964005,-0.3184821468425726,1.6860266120576688,3.6073895360983705,-0.8557776317155082,-0.3471200349838136,-0.40979828998205325,-0.016977611607424028,4.974934001313467,-1.219875278306746,-0.40979828998205325,3.345260433024668,False,1308327_YES.csv,1308327_YES
1771018980,2026-02-13 21:43:00,3,296.838418,39.200568,0.1320602914676224,13.066856,,0.1325,0.0,0.0,0.001,0.007547169811320755,11508.84,24801.41,36310.25,0.0,-0.3660831307964005,-0.0,0.3660831307964005,-0.11584501172784227,-0.17331649847330582,-0.33384817402260586,-0.8287395223611682,-0.3471200349838136,-0.40979828998205325,0.006759831029957636,-0.623009684223754,-1.169099726315024,-0.40979828998205325,-2.2019077005208314,False,1308327_YES.csv,1308327_YES
1771019100,2026-02-13 21:45:00,2,92.89398299999999,12.244299,0.13180938748065296,6.1221495,,0.132,-0.0037735849056603765,0.0037735849056603765,0.002,0.015151515151515152,36141.7,31550.51,67692.20999999999,31381.959999999992,0.06782449561035162,0.0,0.06782449561035162,-0.21986768104764254,-0.5490251410539666,-0.5119753786256964,-0.5099367051871461,-0.3193757804556746,0.06638215429693176,-1.0024932128973094,-1.2808682007273056,-1.83180569854013,0.06638215429693176,-3.046291744970504,False,1308327_YES.csv,1308327_YES
1771019220,2026-02-13 21:47:00,1,324.436089,43.149999,0.13299999741972904,43.149999,,0.132,0.0,0.0,0.002,0.015151515151515152,36141.7,31550.51,67692.20999999999,0.0,0.06782449561035162,-0.0,0.06782449561035162,-0.3221317187442205,-0.08390205291166,0.5921218645553296,-0.5339813880507248,-0.3193757804556746,-0.39803962252446545,-0.971414462066797,0.18608809289944905,-1.8247716305731965,-0.39803962252446545,-2.0367231601982128,False,1308327_YES.csv,1308327_YES
1771019280,2026-02-13 21:48:00,4,170.876763,22.550268000000003,0.13196801954791262,5.637567000000001,,0.132,0.0,0.0,0.002,0.015151515151515152,36329.37,28196.02,64525.39,-3166.8199999999924,0.12604883132050812,3166.8199999999924,0.12604883132050812,-0.018756165889545578,-0.39069468395563745,-0.5271549289212102,-0.6820132242490313,1.0521610770808816,-0.39803962252446545,-0.7376781379521735,-0.9366057787663933,-0.36753028512032326,-0.39803962252446545,-1.702175686411182,False,1308327_YES.csv,1308327_YES
1771019340,2026-02-13 21:49:00,3,108.947363,14.489997,0.13299997908042066,4.829999,,0.132,0.0,0.0,0.002,0.015151515151515152,36329.37,28196.02,64525.39,0.0,0.12604883132050812,-0.0,0.12604883132050812,-0.1245700095298365,-0.49581572827037973,-0.5260842525564556,-0.7038880880122828,-0.3239247104271276,-0.3698101109928413,-0.728798606206772,-1.146469990356672,-1.7566114046461823,-0.3698101109928413,-3.2728915059956956,False,1308327_YES.csv,1308327_YES
1771019400,2026-02-13 21:50:00,3,368.113983,48.498119,0.13174755983085884,16.166039666666666,,0.132,0.0,0.0,0.002,0.015151515151515152,36329.37,28196.02,64525.39,0.0,0.12604883132050812,-0.0,0.12604883132050812,-0.12284811100358589,0.06494503320351071,-0.158240122549212,-0.6832328417932418,-0.3239247104271276,-0.42559297232020055,-0.7230846953791342,-0.2161432003492872,-1.7302422475995036,-0.42559297232020055,-2.3719784202689915,False,1308327_YES.csv,1308327_YES
1771019460,2026-02-13 21:51:00,4,558.793004,74.244288,0.13286545727739124,18.561072,,0.132,0.0,0.0,0.002,0.015151515151515152,36015.29,27970.52,63985.81,-539.5800000000017,0.12572740737360363,539.5800000000017,0.12572740737360363,-0.0238974643473858,0.46120038412470266,-0.09013787792715555,-0.6641697789926175,-0.029389012813492186,-0.42559297232020055,-0.7185349769167547,0.3471650418501613,-1.4120937687228645,-0.42559297232020055,-1.4905216991929038,False,1308327_YES.csv,1308327_YES
1771019520,2026-02-13 21:52:00,1,7.518795,0.999999,0.1329999022272851,0.999999,,0.132,0.0,0.0,0.002,0.015151515151515152,36015.29,27970.52,63985.81,0.0,0.12572740737360363,-0.0,0.12572740737360363,-0.33115057738520315,-0.7125539735882115,-0.6383164826370644,-0.647267640980941,-0.32921267632822376,-0.42559297232020055,-0.7128752719360928,-1.682021033610479,-1.6893555892452574,-0.42559297232020055,-3.796969595175937,False,1308327_YES.csv,1308327_YES
1771019580,2026-02-13 21:53:00,1,18.0,2.394,0.1329999999926111,2.394,,0.132,0.0,0.0,0.002,0.015151515151515152,36015.29,27970.52,63985.81,0.0,0.12572740737360363,-0.0,0.12572740737360363,-0.33115057738520315,-0.6905585237327683,-0.5953460505486715,-0.6731059889459822,-0.32921267632822376,-0.41332683458807246,-0.6869008793714907,-1.617055151666643,-1.6892195446456966,-0.41332683458807246,-3.719601530900412,False,1308327_YES.csv,1308327_YES
1771019640,2026-02-13 21:54:00,2,180.04593799999998,23.886768999999994,0.13267041325790604,11.943384499999997,,0.132,0.0,0.0,0.002,0.015151515151515152,35987.7,44765.32,80753.01999999999,16767.209999999992,-0.10869711126593165,0.0,0.10869711126593165,-0.23055224037731561,-0.34026125080599207,-0.28090382238570444,-0.7001974498241063,-0.32921267632822376,-0.41332683458807246,-0.722889781096153,-0.8517173135690121,-1.752299907248483,-0.41332683458807246,-3.0173440554055677,False,1308327_YES.csv,1308327_YES
1771019700,2026-02-13 21:55:00,2,305.263156,40.599999000000004,0.13299999754921946,20.299999500000002,,0.132,0.0,0.0,0.002,0.015151515151515152,35987.7,44765.32,80753.01999999999,0.0,-0.10869711126593165,-0.0,0.10869711126593165,-0.23055224037731561,-0.04369410734967185,0.011201088566893669,-0.6824877095480991,-0.32921267632822376,-0.3924947161824291,-0.701220420857993,-0.2630452591600938,-1.7129208067343158,-0.3924947161824291,-2.3684607820768386,False,1308327_YES.csv,1308327_YES
1771019820,2026-02-13 21:57:00,3,313.081124,41.374528,0.13215273878941305,13.791509333333332,,0.132,0.0,0.0,0.002,0.015151515151515152,35191.49,38000.66,73192.15,-7560.869999999995,-0.03838075531324064,7560.869999999995,0.03838075531324064,-0.12983300508363657,-0.01575295492864033,-0.18131684818851607,-0.6650693379546857,3.404341599903667,-0.3924947161824291,-0.9563577875711683,-0.326902808200793,1.782914474377813,-0.3924947161824291,1.063516949994591,False,1308327_YES.csv,1308327_YES
1771019880,2026-02-13 21:58:00,2,314.36,41.18116,0.13099999999958328,20.59058,,0.132,0.0,0.0,0.002,0.015151515151515152,35191.49,38000.66,73192.15,0.0,-0.03838075531324064,-0.0,0.03838075531324064,-0.23233274593913913,-0.027347173234509498,0.03146373229630002,-0.6479250103649449,-0.3574728870808387,-0.3924947161824291,-0.9440777904355685,-0.22821618687734863,-1.949475687881352,-0.3924947161824291,-2.5701865909411294,False,1308327_YES.csv,1308327_YES
1771019940,2026-02-13 21:59:00,2,300.75187600000004,39.999998000000005,0.13299999498545764,19.999999000000003,,0.132,0.0,0.0,0.002,0.015151515151515152,35191.49,38000.66,73192.15,0.0,-0.03838075531324064,-0.0,0.03838075531324064,-0.23415681153446916,-0.057908449207613545,0.0020729884920433032,-0.6310383240273004,-0.3574728870808387,-0.3924947161824291,-0.9370219257938884,-0.28999227225003943,-1.9255331369020277,-0.3924947161824291,-2.6080201253344963,False,1308327_YES.csv,1308327_YES
1771020060,2026-02-13 22:01:00,1,778.496239,103.539999,0.13299999898890585,103.539999,,0.132,0.0,0.0,0.002,0.015151515151515152,35191.49,38000.66,73192.15,0.0,-0.03838075531324064,-0.0,0.03838075531324064,-0.3279446709521658,1.042994404805405,2.5355720266593993,-0.6143937155152315,-0.3574728870808387,-0.3924947161824291,-0.9374198297158098,3.2506217605126384,-1.9092864323118799,-0.3924947161824291,0.9488406120183295,False,1308327_YES.csv,1308327_YES
1771020120,2026-02-13 22:02:00,1,16.76,2.2123200000000005,0.1319999999921241,2.2123200000000005,,0.132,0.0,0.0,0.002,0.015151515151515152,35191.49,38000.66,73192.15,0.0,-0.03838075531324064,-0.0,0.03838075531324064,-0.3279446709521658,-0.6838311855070229,-0.5776962129494698,-0.5979763854666479,-0.3574728870808387,-0.3924947161824291,-0.9493420579906817,-1.5894720694086586,-1.9047913305381683,-0.3924947161824291,-3.886758116129256,False,1308327_YES.csv,1308327_YES
1771020180,2026-02-13 22:03:00,1,681.81818,89.999999,0.1319999988851397,89.999999,,0.1315,-0.0037878787878787845,0.0037878787878787845,0.001,0.0076045627376425855,45075.61,35908.82,80984.43,7792.279999999999,0.11319200493230615,0.0,0.11319200493230615,-0.32608042214007593,0.7920500541017046,2.007843163103694,-1.4397417500030283,-0.3574728870808387,0.39343362421142847,-0.5498798993146055,2.4738127950653226,-2.3470945363984725,0.39343362421142847,0.5201518828782785,False,1308327_YES.csv,1308327_YES
1771020240,2026-02-13 22:04:00,3,16574.402684999997,2202.146459,0.13286430291649853,734.0488196666666,,0.1315,0.0,0.0,0.001,0.0076045627376425855,45075.61,35908.82,80984.43,0.0,0.11319200493230615,-0.0,0.11319200493230615,-0.12121314121437379,7.455218061807383,7.151609686969795,-1.3879951773132697,-0.3574728870808387,-0.38911764248208575,-0.5244486586621923,14.485614607562805,-2.269916723056301,-0.38911764248208575,11.826580242024418,True,1308327_YES.csv,1308327_YES
1771020300,2026-02-13 22:05:00,8,38493.791475,5299.870286,0.13768117098680419,662.48378575,,0.1315,0.0,0.0,0.001,0.0076045627376425855,45075.61,35908.82,80984.43,0.0,0.11319200493230615,-0.0,0.11319200493230615,0.3788826418615462,7.016174517969185,4.86045042335271,-1.3392947517815996,-0.3574728870808387,-0.38911764248208575,-0.49887419009619727,12.25550758318344,-2.1956418289586357,-0.38911764248208575,9.67074811174272,True,1308327_YES.csv,1308327_YES
1771020360,2026-02-13 22:06:00,4,36.992017,5.249997,0.14192243153051312,1.31249925,,0.1385,0.05323193916349811,0.05323193916349811,0.009,0.06498194945848375,14746.17,37635.21,52381.38,-28603.049999999996,-0.4369690145620448,28603.049999999996,0.4369690145620448,-0.03587517548096175,-0.2196688859873685,-0.33772019874649406,4.41639884459938,6.651561048398317,6.507457443085774,1.5314992539736971,-0.5932642602148244,12.599459146971395,6.507457443085774,18.513652329842344,True,1308327_YES.csv,1308327_YES
1771020420,2026-02-13 22:07:00,2,1024.0,145.24,0.1418359374998615,72.62,,0.1385,0.0,0.0,0.009,0.06498194945848375,14746.17,37635.21,52381.38,0.0,-0.4369690145620448,-0.0,0.4369690145620448,-0.24270808838632918,-0.03156305451883109,0.2140570575857883,3.776533852072501,-0.2900614533875424,-0.30187434078326814,1.608375659771227,-0.060214085319371946,5.094848058456186,-0.30187434078326814,4.732759632353546,False,1308327_YES.csv,1308327_YES
1771020480,2026-02-13 22:08:00,6,254.30724999999998,35.452297,0.13940733895655982,5.908716166666667,,0.1385,0.0,0.0,0.009,0.06498194945848375,14746.17,37635.21,52381.38,0.0,-0.4369690145620448,-0.0,0.4369690145620448,0.1607117605434404,-0.1824270208898159,-0.3112107622327856,3.340171716487205,-0.2900614533875424,-0.30187434078326814,1.694714441607752,-0.3329260225791611,4.744824704707415,-0.30187434078326814,4.110024341344985,False,1308327_YES.csv,1308327_YES
1771020540,2026-02-13 22:09:00,1,540.0,75.60000000000001,0.13999999999974075,75.60000000000001,,0.138,-0.0036101083032491488,0.0036101083032491488,0.004,0.02898550724637681,7197.26,20928.13,28125.39,-24255.989999999998,-0.48820194137752404,24255.989999999998,0.48820194137752404,-0.3521981135313695,-0.128840367139446,0.22956809242617376,0.5983511278644421,4.543860438196336,0.1986731994735503,2.000347436342627,-0.2514703882446417,7.142559002403404,0.1986731994735503,7.089761813632312,False,1308327_YES.csv,1308327_YES
1771020600,2026-02-13 22:10:00,3,290.42857,40.659999,0.13999999724496803,13.553333,,0.138,0.0,0.0,0.004,0.02898550724637681,7197.26,20928.13,28125.39,0.0,-0.48820194137752404,-0.0,0.48820194137752404,-0.15058522445324304,-0.17735108905441285,-0.258934847751564,0.5797349117210975,-0.29263345724882867,-0.28123060418362933,1.960439783987028,-0.5868711612592199,2.2475412384592968,-0.28123060418362933,1.3794394730164474,False,1308327_YES.csv,1308327_YES
1771020660,2026-02-13 22:11:00,10,11064.668388,1556.464392,0.1406697731391477,155.6464392,,0.138,0.0,0.0,0.004,0.02898550724637681,7197.26,20928.13,28125.39,0.0,-0.48820194137752404,-0.0,0.48820194137752404,0.5518664372600043,1.8084745605262966,0.8360687784921589,0.5613372227134467,-0.29263345724882867,-0.28123060418362933,1.922348410643026,3.19640977627846,2.191052176107644,-0.28123060418362933,5.106231348202475,False,1308327_YES.csv,1308327_YES
1771020720,2026-02-13 22:12:00,6,12495.301267,1785.044036,0.14285722271572157,297.50733933333333,,0.139,0.007246376811594235,0.007246376811594235,0.006,0.043165467625899276,8105.61,36755.58,44861.19,16735.800000000003,-0.6386359791169159,0.0,0.6386359791169159,0.13669553409663235,2.0014161368436603,1.8523862532379445,1.5851558230780773,-0.29263345724882867,0.6715692366873494,2.671452483505724,3.990497924178237,3.9639748493349725,0.6715692366873494,8.626042010200559,False,1308327_YES.csv,1308327_YES
1771020900,2026-02-13 22:15:00,1,6.993005,0.999999,0.1429998977345218,0.999999,,0.1415,0.017985611510791255,0.017985611510791255,0.003,0.02120141342756184,27926.2,24557.68,52483.880000000005,7622.690000000002,0.06418199264231227,0.0,0.06418199264231227,-0.37591271876573906,-0.28766324752038946,-0.3990060406544509,-0.008855619123341393,-0.29263345724882867,1.984827524737227,-0.8369313282036351,-1.0625820069405794,-1.1384204045758053,1.984827524737227,-0.21617488677915753,False,1308327_YES.csv,1308327_YES
1771020960,2026-02-13 22:16:00,11,4785.741107,689.146717,0.14399999949680853,62.64970154545454,,0.1415,0.0,0.0,0.003,0.02120141342756184,27926.2,24557.68,52483.880000000005,0.0,0.06418199264231227,-0.0,0.06418199264231227,0.630813684085843,0.5793030671571631,0.06138313555422519,-0.008855619123341162,-0.29263345724882867,-0.3168870093171821,-0.8364027427300215,1.2714998867972314,-1.1378918191021912,-0.3168870093171821,-0.18327894162214192,False,1308327_YES.csv,1308327_YES
1771021020,2026-02-13 22:17:00,5,49.193332,7.083838999999999,0.1439999835720825,1.4167678,,0.1415,0.0,0.0,0.003,0.02120141342756184,27926.2,24557.68,52483.880000000005,0.0,0.06418199264231227,-0.0,0.06418199264231227,0.010242984547457286,-0.29408761638272873,-0.4043532926638814,-0.008855619123341162,-0.29263345724882867,-0.3168870093171821,-0.835874571710952,-0.6881979244991528,-1.137363648083122,-0.3168870093171821,-2.142448581899457,False,1308327_YES.csv,1308327_YES
1771021080,2026-02-13 22:18:00,12,623.899437,89.487875,0.14343317158636343,7.457322916666667,,0.1425,0.007067137809187329,0.007067137809187329,0.003,0.02105263157894737,21380.4,25890.29,47270.69,-5213.190000000002,-0.09540563084651396,5213.190000000002,0.09540563084651396,0.7090279045479535,-0.18824230287295585,-0.3546194375104178,-0.008855619123341162,0.7267281351611264,0.5713405414029926,-0.6494492243812523,0.16616616416457985,0.06842329165653294,0.5713405414029926,0.8059299972241054,False,1308327_YES.csv,1308327_YES
1771021140,2026-02-13 22:19:00,1,277.777776,39.999999,0.1439999973210816,39.999999,,0.1425,0.0,0.0,0.003,0.02105263157894737,21380.4,25890.29,47270.69,0.0,-0.09540563084651396,-0.0,0.09540563084651396,-0.4131745343049225,-0.25239914700005256,-0.1119499095620221,0.008941604981487425,-0.29214467172372993,-0.30076675614300497,-0.6239781193530729,-0.7775235908669972,-0.9071811860953154,-0.30076675614300497,-1.9854715331053177,False,1308327_YES.csv,1308327_YES
1771021200,2026-02-13 22:20:00,1,173.61111,24.999999,0.14399999516077044,24.999999,,0.1425,0.0,0.0,0.003,0.02105263157894737,21380.4,25890.29,47270.69,0.0,-0.09540563084651396,-0.0,0.09540563084651396,-0.4131745343049225,-0.27195211767940186,-0.22805477400658047,0.027099426003491273,-0.29214467172372993,-0.30076675614300497,-0.5986661475300873,-0.9131814259909049,-0.863711393250326,-0.30076675614300497,-2.077659575384236,False,1308327_YES.csv,1308327_YES
1771021260,2026-02-13 22:21:00,2,148.738887,21.388849,0.1438013247998568,10.6944245,,0.1425,0.0,0.0,0.003,0.02105263157894737,20806.13,25996.04,46802.17,-468.5200000000041,-0.11089037110886098,468.5200000000041,0.11089037110886098,-0.30413680325283804,-0.2755227475234737,-0.3368311989700327,0.0456532197759138,-0.20031449944133484,-0.30076675614300497,-0.4768155835867757,-0.9164907497463446,-0.6314768632521968,-0.30076675614300497,-1.8487343691415463,False,1308327_YES.csv,1308327_YES
1771021320,2026-02-13 22:22:00,7,3832.504439,548.739146,0.14318030278473393,78.39130657142857,,0.1425,0.0,0.0,0.003,0.02105263157894737,20806.13,25996.04,46802.17,0.0,-0.11089037110886098,-0.0,0.11089037110886098,0.36991851948832943,0.38972421168594507,0.1687879047670148,0.054949497610216017,-0.2720576717711123,-0.2923644105324394,-0.47968645184324843,0.9284306359412893,-0.6967946260041447,-0.2923644105324394,-0.060728400595294774,False,1308327_YES.csv,1308327_YES
1771021380,2026-02-13 22:23:00,1,700.0,100.8,0.1439999999997943,100.8,,0.1425,0.0,0.0,0.003,0.02105263157894737,20806.13,25996.04,46802.17,0.0,-0.11089037110886098,-0.0,0.11089037110886098,-0.6238613753203406,-0.18100183024606378,0.3273216498447039,0.06430826896675146,-0.2720576717711123,-0.2923644105324394,-0.48256787263030365,-0.47754155572170043,-0.6903172754346645,-0.2923644105324394,-1.4602232416888044,False,1308327_YES.csv,1308327_YES
1771021440,2026-02-13 22:24:00,4,1679.047776,240.38160900000003,0.14316543724117164,60.09540225000001,,0.1435,0.007017543859649145,0.007017543859649145,0.001,0.006968641114982579,20072.09,43441.8,63513.89,16711.72,-0.3679464444706505,0.0,0.3679464444706505,0.36298708842724003,-0.00727917598122214,0.009569646833143212,-1.0050100867536171,-0.2720576717711123,0.6349910047460242,1.1231512820654987,0.3652775592791611,-0.15391647645923068,0.6349910047460242,0.8463520875659547,False,1308327_YES.csv,1308327_YES
1771021500,2026-02-13 22:25:00,1,1321.180554,190.249999,0.1439999994125375,190.249999,,0.1435,0.0,0.0,0.001,0.006968641114982579,20072.09,43441.8,63513.89,0.0,-0.3679464444706505,-0.0,0.3679464444706505,-0.7195276093064166,-0.07500695517344687,0.9728522926384686,-0.9730271732346992,-0.2720576717711123,-0.2916658408476628,1.085988296827573,0.17831772815860514,-0.15909654817823848,-0.2916658408476628,-0.27244466086729613,False,1308327_YES.csv,1308327_YES
1771021560,2026-02-13 22:26:00,2,1395.8333300000002,200.999998,0.1439999989109416,100.499999,,0.1435,0.0,0.0,0.001,0.006968641114982579,20072.09,43441.8,63513.89,0.0,-0.3679464444706505,-0.0,0.3679464444706505,-0.310055507199128,-0.06558307593787246,0.27989404287166714,-0.9420692315467831,-0.2720576717711123,-0.2916658408476628,1.050274844672306,-0.09574454026533336,-0.16385205864558938,-0.2916658408476628,-0.5512624397585855,False,1308327_YES.csv,1308327_YES
1771021620,2026-02-13 22:27:00,2,2006.944443,288.999999,0.1439999996052985,144.4999995,,0.1425,-0.006968641114982632,0.006968641114982632,0.003,0.02105263157894737,22879.83,45094.25,67974.08,4460.190000000002,-0.3268072182808506,0.0,0.3268072182808506,-0.3179215202391807,0.04104956552956421,0.5950640991418524,0.1545931022896251,-0.2720576717711123,0.6298208401477785,0.7627874531293694,0.318192144432236,0.6453228836478822,0.6298208401477785,1.5933358682278966,False,1308327_YES.csv,1308327_YES
1771021680,2026-02-13 22:28:00,1,2000.0,288.0,0.143999999999928,288.0,,0.1425,0.0,0.0,0.003,0.02105263157894737,22879.83,45094.25,67974.08,0.0,-0.3268072182808506,-0.0,0.3268072182808506,-0.7072291074189644,0.03531895332515473,1.6141724836550937,0.13742650229824963,-0.26782785581827473,-0.2979990323700434,0.7358335878124337,0.9422623295612841,0.6054322342924086,-0.2979990323700434,1.249695531483649,False,1308327_YES.csv,1308327_YES
1771021740,2026-02-13 22:29:00,3,320.83333,46.199998,0.14399999526188878,15.399999333333334,,0.1425,0.0,0.0,0.003,0.02105263157894737,22879.83,45094.25,67974.08,0.0,-0.3268072182808506,-0.0,0.3268072182808506,0.09436471958234335,-0.27318857888352965,-0.40174801040297137,0.12004946994832649,-0.26782785581827473,-0.2979990323700434,0.7092916668594216,-0.5805718697041576,0.5615132809894734,-0.2979990323700434,-0.3170576210847276,False,1308327_YES.csv,1308327_YES
1771021860,2026-02-13 22:31:00,2,273.187776,38.740308999999996,0.14180835455777566,19.370154499999998,,0.1425,0.0,0.0,0.003,0.02105263157894737,22879.83,45094.25,67974.08,0.0,-0.3268072182808506,-0.0,0.3268072182808506,-0.31792152023918074,-0.2833406764658598,-0.37315549877124876,0.10243672569142145,-0.26782785581827473,-0.2979990323700434,0.6831001497627333,-0.9744176954762893,0.51770901963588,-0.2979990323700434,-0.7547077082104527,False,1308327_YES.csv,1308327_YES
1771021980,2026-02-13 22:33:00,1,13.888887,1.999999,0.1439999475736248,1.999999,,0.1425,0.0,0.0,0.003,0.02105263157894737,26453.69,46996.93,73450.62,5476.539999999994,-0.27968776846267607,0.0,0.27968776846267607,-0.7072291074189644,-0.33045813762527,-0.5020453820005834,0.11216040904025275,-0.26782785581827473,-0.2895697203703306,0.35368463614369333,-1.5397326270448177,0.19801718936567136,-0.2895697203703306,-1.6312851580494772,False,1308327_YES.csv,1308327_YES
1771022040,2026-02-13 22:34:00,1,6.944443,0.999999,0.1439998859312402,0.999999,,0.1425,0.0,0.0,0.003,0.02105263157894737,26453.69,46996.93,73450.62,0.0,-0.27968776846267607,-0.0,0.27968776846267607,-0.6980982405580092,-0.33172508504555825,-0.5094819350547252,0.12196850680909019,-0.26782785581827473,-0.2895697203703306,0.33218995133677637,-1.5393052606582924,0.18633060232759183,-0.2895697203703306,-1.642544378701031,False,1308327_YES.csv,1308327_YES
1771022100,2026-02-13 22:35:00,2,726.944443,102.519999,0.14102865767399364,51.2599995,,0.1425,0.0,0.0,0.003,0.02105263157894737,26453.69,46996.93,73450.62,0.0,-0.27968776846267607,-0.0,0.27968776846267607,-0.2953492556206962,-0.20255895475142385,-0.1400581489438495,0.1318651878387298,-0.26782785581827473,-0.2895697203703306,0.310479437615298,-0.6379663593159696,0.17451676963575308,-0.2895697203703306,-0.7530193100505471,False,1308327_YES.csv,1308327_YES
1771022160,2026-02-13 22:36:00,1,1740.65,245.43165,0.140999999999919,245.43165,,0.142,-0.0035087719298245723,0.0035087719298245723,0.004,0.028169014084507046,25005.28,59959.73,84965.01000000001,11514.390000000014,-0.41139817437789983,0.0,0.41139817437789983,-0.689068969982811,-0.023431464156299663,1.2563481296353032,0.6970017071475721,-0.26782785581827473,0.17371531082367814,1.163052648305428,0.5438476954961925,1.5922264996347253,0.17371531082367814,2.309789505954596,False,1308327_YES.csv,1308327_YES
1771022280,2026-02-13 22:38:00,2,125.86,17.86626,0.14195344032939808,8.93313,,0.142,0.0,0.0,0.004,0.028169014084507046,25005.28,59959.73,84965.01000000001,0.0,-0.41139817437789983,-0.0,0.41139817437789983,-0.2953492556206962,-0.31510601111633807,-0.4708176109718539,0.6970017071475721,-0.26782785581827473,-0.29755839134094736,1.1285348617701314,-1.081272877708888,1.5577087130994287,-0.29755839134094736,0.17887744404959333,False,1308327_YES.csv,1308327_YES
1771022400,2026-02-13 22:40:00,2,298.611108,42.999998000000005,0.1439999948021224,21.499999000000003,,0.142,0.0,0.0,0.004,0.028169014084507046,25005.28,59959.73,84965.01000000001,0.0,-0.41139817437789983,-0.0,0.41139817437789983,-0.28845839164634457,-0.2762425983371429,-0.36744072148041446,0.6970017071475721,-0.26782785581827473,-0.29755839134094736,1.095405328096132,-0.9321417114639019,1.5245791794254293,-0.29755839134094736,0.29487907662058005,False,1308327_YES.csv,1308327_YES
1771022580,2026-02-13 22:43:00,1,290.0,40.6,0.13999999999951726,40.6,,0.142,0.0,0.0,0.004,0.028169014084507046,25005.28,59959.73,84965.01000000001,0.0,-0.41139817437789983,-0.0,0.41139817437789983,-0.6749521089642,-0.2798573320378271,-0.23243203101146928,0.6970017071475721,-0.26782785581827473,-0.29755839134094736,1.0635450793415313,-1.1872414720134965,1.4927189306708288,-0.29755839134094736,0.007919067316384976,False,1308327_YES.csv,1308327_YES
1771022640,2026-02-13 22:44:00,2,210.384612,29.999998000000005,0.14259597084912937,14.999999000000003,,0.142,0.0,0.0,0.004,0.028169014084507046,25005.28,59959.73,84965.01000000001,0.0,-0.41139817437789983,-0.0,0.41139817437789983,-0.2815890182619082,-0.291087206706772,-0.4054492517075572,0.6849000766971977,-0.24864544477678968,-0.2757999775793394,1.044570457875113,-0.9781254766762374,1.4808250897955209,-0.2757999775793394,0.22689963553994408,False,1308327_YES.csv,1308327_YES
1771022760,2026-02-13 22:46:00,3,115.877829,16.519398000000002,0.14255874607261962,5.5064660000000005,,0.142,0.0,0.0,0.004,0.028169014084507046,25005.28,59959.73,84965.01000000001,0.0,-0.41139817437789983,-0.0,0.41139817437789983,0.10769622310606358,-0.30874267041679493,-0.475648594526853,0.672962454241515,-0.24864544477678968,-0.2757999775793394,1.0260713374756543,-0.6766950418375843,1.4503883469403795,-0.2757999775793394,0.49789332752345583,False,1308327_YES.csv,1308327_YES
1771022820,2026-02-13 22:47:00,2,13804.33,1933.59887,0.14007191004560593,966.799435,,0.142,0.0,0.0,0.004,0.028169014084507046,25005.28,59959.73,84965.01000000001,0.0,-0.41139817437789983,-0.0,0.41139817437789983,-0.29616461354167495,2.034405572047389,4.9272874196659595,0.6529940121785212,-0.24864544477678968,-0.2672153910988518,1.0092004277453364,6.665528378171674,1.4135489951470679,-0.2672153910988518,7.811861982219889,False,1308327_YES.csv,1308327_YES
1771022880,2026-02-13 22:48:00,1,100.0,13.900000000000002,0.13899999999861,13.900000000000002,,0.1395,-0.017605633802816767,0.017605633802816767,0.001,0.007168458781362006,15984.16,54989.47,70973.63,-13991.380000000005,-0.5495746800607493,13991.380000000005,0.5495746800607493,-0.7000254501894134,-0.3410664495992256,-0.4078424964218883,-1.0097259524805617,2.4208272480646573,2.0129690137267007,1.8085584193543438,-1.4489343962105272,3.219659714938439,2.0129690137267007,3.783694332454613,False,1308327_YES.csv,1308327_YES
1771022940,2026-02-13 22:49:00,2,67.785712,9.489998000000002,0.13999997521395066,4.744999000000001,,0.1395,0.0,0.0,0.001,0.007168458781362006,15984.16,54989.47,70973.63,0.0,-0.5495746800607493,-0.0,0.5495746800607493,-0.29616461354167495,-0.3457417328821527,-0.45722462873732944,-0.9936783655765452,-0.28090769600197085,-0.29636257230437507,1.7402437470061627,-1.099130975161157,0.46565768542764663,-0.29636257230437507,-0.9298358620378855,False,1308327_YES.csv,1308327_YES
1771023000,2026-02-13 22:50:00,2,1260.64,171.18640000000002,0.135793247873988,85.59320000000001,,0.1395,0.0,0.0,0.001,0.007168458781362006,15984.16,54989.47,70973.63,0.0,-0.5495746800607493,-0.0,0.5495746800607493,-0.30394071501914155,-0.14829075480825213,-0.008058624034085818,-0.9779743816693459,-0.28090769600197085,-0.29636257230437507,1.6771344079153405,-0.4602900938614795,0.41825233024402375,-0.29636257230437507,-0.33840033592183083,False,1308327_YES.csv,1308327_YES
1771023060,2026-02-13 22:51:00,3,118.22571199999999,16.523838,0.13976518068979984,5.5079460000000005,,0.138,-0.010752688172043001,0.010752688172043001,0.004,0.02898550724637681,16284.52,62011.9,78296.42,7322.789999999994,-0.5840290015814261,0.0,0.5840290015814261,0.10131357167304718,-0.3392618186658841,-0.4556744616453921,0.6476171827109954,-0.28090769600197085,1.0803532713650397,1.8023376706381269,-0.6936227086382291,2.1690471573471513,1.0803532713650397,2.555777720073962,False,1308327_YES.csv,1308327_YES
1771023120,2026-02-13 22:52:00,3,4424.624869,616.8299979999999,0.13940842811817147,205.60999933333332,,0.138,0.0,0.0,0.004,0.02898550724637681,16284.52,62011.9,78296.42,0.0,-0.5840290015814261,-0.0,0.5840290015814261,0.09462740373044803,0.39098784977275813,0.644343774340239,0.6235059662284554,-0.269882452749178,-0.30855898653595215,1.7392936875222171,1.1299590278434453,2.0929172010014945,-0.30855898653595215,2.9143172423089876,False,1308327_YES.csv,1308327_YES
1771023180,2026-02-13 22:53:00,3,138.171797,19.137119,0.13850235297917915,6.379039666666666,,0.138,0.0,0.0,0.004,0.02898550724637681,16284.52,62011.9,78296.42,0.0,-0.5840290015814261,-0.0,0.5840290015814261,0.08146576223296521,-0.34882562654325144,-0.46884554892223596,0.5996236619641577,-0.269882452749178,-0.30855898653595215,1.6807496793903436,-0.7362054132325222,2.0104908886053234,-0.30855898653595215,0.9657264888368491,False,1308327_YES.csv,1308327_YES
1771023240,2026-02-13 22:54:00,2,14.394243,1.979199,0.13749934608318762,0.9895995,,0.1375,-0.0036231884057971175,0.0036231884057971175,0.003,0.021818181818181816,17905.8,52824.67,70730.47,-7565.949999999997,-0.493689212018526,7565.949999999997,0.493689212018526,-0.33388256057167753,-0.36973046023911776,-0.4972474845644377,0.027947149334840226,1.1549766031237914,0.1542321624279195,1.1665687024470284,-1.200860505375233,2.34949245490566,0.1542321624279195,1.3028641119583464,False,1308327_YES.csv,1308327_YES
1771023300,2026-02-13 22:55:00,2,28.522732,3.9438390000000005,0.1382700296683266,1.9719195000000003,,0.1375,0.0,0.0,0.003,0.021818181818181816,17905.8,52824.67,70730.47,0.0,-0.493689212018526,-0.0,0.493689212018526,-0.3419826152049878,-0.3636736968860122,-0.47645013278692594,0.009412575113197447,-0.2910294310037651,-0.31659630615582784,1.144277475625724,-1.182106444877926,0.8626606197351563,-0.31659630615582784,-0.6360421312985975,False,1308327_YES.csv,1308327_YES
1771023360,2026-02-13 22:56:00,1,200.0,27.800000000000004,0.13899999999930504,27.800000000000004,,0.1375,0.0,0.0,0.003,0.021818181818181816,17905.8,52824.67,70730.47,0.0,-0.493689212018526,-0.0,0.493689212018526,-0.7352624427566727,-0.3339220772782338,-0.3338403985789178,-0.009516022584109588,-0.2910294310037651,-0.31659630615582784,1.1226419832536727,-1.4030249186138244,0.822096529665798,-0.31659630615582784,-0.8975246951038542,False,1308327_YES.csv,1308327_YES
1771023420,2026-02-13 22:57:00,4,253.525176,35.239998,0.1389999942248773,8.8099995,,0.1375,0.0,0.0,0.003,0.021818181818181816,17690.51,52379.95,70070.45999999999,-660.0100000000093,-0.4950651101762427,660.0100000000093,0.4950651101762427,0.4760655886046559,-0.3252524733179126,-0.4401849253861427,-0.019087495090126565,-0.16707235046854577,-0.3082509997595621,1.0930308495901642,-0.2893718100993994,0.9068710040314918,-0.3082509997595621,0.3092481941725303,False,1308327_YES.csv,1308327_YES
1771023480,2026-02-13 22:58:00,1,20.0,2.78,0.13899999999305002,2.78,,0.1375,0.0,0.0,0.003,0.021818181818181816,17690.51,52379.95,70070.45999999999,0.0,-0.4950651101762427,-0.0,0.4950651101762427,-0.7481030678073166,-0.36444586302619497,-0.4694598522616083,-0.028717824552403574,-0.29327541409658825,-0.3082509997595621,1.057625900120842,-1.5820087830951197,0.73563266147185,-0.3082509997595621,-1.1546271213828319,False,1308327_YES.csv,1308327_YES
1771023540,2026-02-13 22:59:00,2,14.384243000000001,1.9778390000000001,0.13750038843632575,0.9889195000000001,,0.1375,0.0,0.0,0.003,0.021818181818181816,17690.51,52379.95,70070.45999999999,0.0,-0.4950651101762427,-0.0,0.4950651101762427,-0.3267833078918545,-0.36495807376539535,-0.47891884156430253,-0.038410530355757276,-0.28322535332716414,-0.3082509997595621,1.0228807335158314,-1.1706602232215524,0.70124484983291,-0.3082509997595621,-0.7776663731482045,False,1308327_YES.csv,1308327_YES
1771023600,2026-02-13 23:00:00,1,4040.87,561.68093,0.1389999999999656,561.68093,,0.1375,0.0,0.0,0.003,0.021818181818181816,17159.07,52093.62,69252.69,-817.7699999999895,-0.5044504408420813,817.7699999999895,0.5044504408420813,-0.7184702250438725,0.31548579052657916,2.461000647878364,-0.04816925222747549,-0.12951043978207102,-0.3082509997595621,1.037227607896902,2.058016213361071,0.8595479158873556,-0.3082509997595621,2.6093131294888647,False,1308327_YES.csv,1308327_YES
1771023660,2026-02-13 23:01:00,2,21.58,2.97088,0.13766821130038612,1.48544,,0.1375,0.0,0.0,0.003,0.021818181818181816,17159.07,52093.62,69252.69,0.0,-0.5044504408420813,-0.0,0.5044504408420813,-0.3047903063759446,-0.37401257804629756,-0.49889459932411484,-0.057997758773981944,-0.2859883498501519,-0.3082509997595621,1.003194773731841,-1.177697483746357,0.6592086651077071,-0.3082509997595621,-0.826739818398212,False,1308327_YES.csv,1308327_YES
1771023780,2026-02-13 23:03:00,2,235.714284,32.999999,0.13999999677516364,16.4999995,,0.138,0.0036363636363636598,0.0036363636363636598,0.004,0.02898550724637681,17054.1,42983.33,60037.43,-9215.260000000002,-0.4318844094425761,9215.260000000002,0.4318844094425761,-0.29167984065294444,-0.33596957603539246,-0.4193542158709308,0.5033172478988971,1.4244900958246036,0.15624925378007,0.5967348707809688,-1.0470036325592678,2.5245422145044696,0.15624925378007,1.6337878357252718,False,1308327_YES.csv,1308327_YES
1771023840,2026-02-13 23:04:00,3,18.229999999999997,2.5122400000000003,0.13780800876918226,0.8374133333333335,,0.138,0.0,0.0,0.004,0.02898550724637681,17054.1,42983.33,60037.43,0.0,-0.4318844094425761,-0.0,0.4318844094425761,0.1021703613176366,-0.3736651318379316,-0.5020804993290814,0.48479099331777936,-0.3082108478935223,-0.31631488616215936,0.5732894442509602,-0.7735752698493764,0.7498695896752172,-0.31631488616215936,-0.34002056633631855,False,1308327_YES.csv,1308327_YES
1771023900,2026-02-13 23:05:00,4,414.83571299999994,57.274799,0.1380662204458321,14.31869975,,0.138,0.0,0.0,0.004,0.02898550724637681,17054.1,42983.33,60037.43,0.0,-0.4318844094425761,-0.0,0.4318844094425761,0.49156711165005124,-0.30726900683740505,-0.4321239697503331,0.466381304017782,-0.3082108478935223,-0.31631488616215936,0.5499869662210425,-0.24782586493768693,0.7081574223453022,-0.31631488616215936,0.14401667124545592,False,1308327_YES.csv,1308327_YES
1771023960,2026-02-13 23:06:00,3,228.90857,32.047199000000006,0.13999999650454328,10.682399666666669,,0.138,0.0,0.0,0.004,0.02898550724637681,15011.66,42700.43,57712.09,-2325.340000000004,-0.4797741686360692,2325.340000000004,0.4797741686360692,0.07516647662736863,-0.3386319134770688,-0.45120971666604004,0.4480685999011971,0.12180878568012435,-0.31631488616215936,0.779708951763646,-0.7146751535157402,1.3495863373449675,-0.31631488616215936,0.31859629766706793,False,1308327_YES.csv,1308327_YES
1771024020,2026-02-13 23:07:00,1,100.0,13.900000000000002,0.13899999999861,13.900000000000002,,0.138,0.0,0.0,0.004,0.02898550724637681,15011.66,42700.43,57712.09,0.0,-0.4797741686360692,-0.0,0.4797741686360692,-0.7352624427566725,-0.36043925665607135,-0.43353655888549814,0.4298333732720946,-0.31571611906105973,-0.31631488616215936,0.7524394669333206,-1.5292382582982418,0.8665567211443554,-0.31631488616215936,-0.9789964233160457,False,1308327_YES.csv,1308327_YES
1771024080,2026-02-13 23:08:00,3,1424.247551,197.97040800000002,0.1389999988842256,65.990136,,0.138,0.0,0.0,0.004,0.02898550724637681,15011.66,42700.43,57712.09,0.0,-0.4797741686360692,-0.0,0.4797741686360692,0.0816958269729637,-0.1363333570603822,-0.16311862639157473,0.411656078354765,-0.2949176059876505,-0.31631488616215936,0.7264360630595752,-0.2177561564789932,0.8431745354266897,-0.31631488616215936,0.3091034927855372,False,1308327_YES.csv,1308327_YES
1771024140,2026-02-13 23:09:00,1,694.44,94.44384,0.13599999999980417,94.44384,,0.1375,-0.0036231884057971175,0.0036231884057971175,0.003,0.021818181818181816,14987.05,49613.16,64600.21000000001,6888.12000000001,-0.5360061523019817,0.0,0.5360061523019817,-0.7258079755782569,-0.26553209803291555,-0.019099707991792936,-0.18711405907887893,-0.2949176059876505,0.14678892023773912,1.0110753170741056,-1.0104397816029653,0.5290436520075762,0.14678892023773912,-0.33460720935765,False,1308327_YES.csv,1308327_YES
1771024200,2026-02-13 23:10:00,1,297.67,41.07846000000001,0.1379999999995364,41.07846000000001,,0.1375,0.0,0.0,0.003,0.021818181818181816,14987.05,49613.16,64600.21000000001,0.0,-0.5360061523019817,-0.0,0.5360061523019817,-0.7164646282448205,-0.3315661832985772,-0.3039387973327421,-0.1979308637530519,-0.2949176059876505,-0.3243820513793144,0.9841579423057505,-1.3519696088761397,0.4913094725650481,-0.3243820513793144,-1.185042187690406,False,1308327_YES.csv,1308327_YES
1771024320,2026-02-13 23:12:00,1,175.827337,24.439999,0.13899999520473316,24.439999,,0.1355,-0.014545454545454528,0.014545454545454528,0.007,0.051660516605166046,16927.29,49954.54,66881.83,2281.6199999999953,-0.49381498682078523,0.0,0.49381498682078523,-0.7164646282448205,-0.3503406345396261,-0.3846828117348886,2.0596468066426414,-0.2949176059876505,1.5066546104031422,0.7155430733428779,-1.4514880745193353,2.4802722739978686,1.5066546104031422,2.5354388098816756,False,1308327_YES.csv,1308327_YES
1771024380,2026-02-13 23:13:00,2,31.618488,4.2743590000000005,0.13518543327767016,2.1371795000000002,,0.1355,0.0,0.0,0.007,0.051660516605166046,16927.29,49954.54,66881.83,0.0,-0.49381498682078523,-0.0,0.49381498682078523,-0.3188128490857764,-0.37532044930664377,-0.5027822659905619,1.9555239896442251,-0.2949176059876505,-0.34919223532536947,0.691730504889048,-1.196915564382982,2.3523368885456226,-0.34919223532536947,0.8062290888372711,False,1308327_YES.csv,1308327_YES
1771024500,2026-02-13 23:15:00,1,362.318839,49.999999,0.1379999978412991,49.999999,,0.135,-0.0036900369003689537,0.0036900369003689537,0.006,0.04444444444444444,16845.42,32185.24,49030.66,-17851.17,-0.3128617889296208,17851.17,0.3128617889296208,-0.7258079755782569,-0.3178854662177005,-0.24566336407150807,1.3517335830264452,2.8259217852825635,0.12182897796254175,-0.448964065029852,-1.2893568058674654,3.728691303279157,0.12182897796254175,2.5611634753742334,False,1308327_YES.csv,1308327_YES
1771024560,2026-02-13 23:16:00,3,55.211883,7.50536,0.13593740318300795,2.5017866666666664,,0.135,0.0,0.0,0.006,0.04444444444444444,16845.42,32185.24,49030.66,0.0,-0.3128617889296208,-0.0,0.3128617889296208,0.08818227740670416,-0.34141574788603873,-0.48151753622959037,1.3094691181135194,-0.3266170228855601,-0.348993624656296,-0.48106347034498337,-0.7347510067089249,0.5017886248829759,-0.348993624656296,-0.581956006482245,False,1308327_YES.csv,1308327_YES
1771024620,2026-02-13 23:17:00,1,36.231883,5.0,0.13800000402579132,5.0,,0.135,0.0,0.0,0.006,0.04444444444444444,16845.42,32185.24,49030.66,0.0,-0.3128617889296208,-0.0,0.3128617889296208,-0.70330254763346,-0.4456067758026126,-0.448954825963188,1.2697827287129277,-0.3266170228855601,-0.348993624656296,-0.5152937022625349,-1.5978641493992605,0.4278720035648328,-0.348993624656296,-1.518985770490724,False,1308327_YES.csv,1308327_YES
1771024680,2026-02-13 23:18:00,9,840.710279,113.19027400000002,0.1346364815885228,12.576697111111113,,0.135,0.0,0.0,0.006,0.04444444444444444,16123.6,31896.95,48020.55,-1010.1100000000006,-0.32847083175848674,1010.1100000000006,0.32847083175848674,2.4983068064430887,-0.17855457277556297,-0.40057852255272447,1.3854586586964426,-0.08543233944344548,-0.44134859566383666,-0.400308954491373,1.919173711114801,0.8997173647616241,-0.44134859566383666,2.3775424802125884,False,1308327_YES.csv,1308327_YES
1771024800,2026-02-13 23:20:00,1,396.0,54.648,0.13799999999965154,54.648,,0.135,0.0,0.0,0.006,0.04444444444444444,16123.6,31896.95,48020.55,0.0,-0.32847083175848674,-0.0,0.32847083175848674,-0.69054556713986,-0.321793308663045,-0.12174355944002191,1.5274724927981247,-0.3128455139219869,-0.44134859566383666,-0.3882281210808859,-1.1340824352429268,0.826398857795252,-0.44134859566383666,-0.7490321731115115,False,1308327_YES.csv,1308327_YES
1771024860,2026-02-13 23:21:00,5,12703.700828000001,1771.6289179999999,0.13945770149868808,354.32578359999997,,0.137,0.014814814814814836,0.014814814814814836,0.004,0.029197080291970802,12591.31,27264.41,39855.72,-8164.830000000002,-0.36815543666003275,8164.830000000002,0.36815543666003275,0.9165286299771367,3.490205964202611,1.7654549868517757,0.3163070827217933,1.4679409799528556,2.825769217321014,-0.1196029868528236,6.172189581031523,1.6646450758218252,2.825769217321014,10.662603874174362,True,1308327_YES.csv,1308327_YES
1771024920,2026-02-13 23:22:00,3,8174.91,1177.09864,0.14398918642527636,392.3662133333333,,0.137,0.0,0.0,0.004,0.029197080291970802,12591.31,27264.41,39855.72,0.0,-0.36815543666003275,-0.0,0.36815543666003275,0.10075421020510124,2.043008419662543,1.9122337597514842,0.3163070827217936,-0.32965461891369285,-0.45167453004590835,-0.10683002455740417,4.0559963896191285,-0.12017756074930344,-0.45167453004590835,3.484144298823917,False,1308327_YES.csv,1308327_YES
1771024980,2026-02-13 23:23:00,3,109.862066,15.929998000000001,0.14499998570803319,5.309999333333334,,0.137,0.0,0.0,0.004,0.029197080291970802,12591.31,27264.41,39855.72,0.0,-0.36815543666003275,-0.0,0.36815543666003275,0.10075421020510124,-0.46054568824093367,-0.48877176237885617,0.3163070827217936,-0.32965461891369285,-0.45167453004590835,-0.093977710012738,-0.8485632404146886,-0.10732524620463726,-0.45167453004590835,-1.4075630166652342,False,1308327_YES.csv,1308327_YES
1771025040,2026-02-13 23:24:00,2,6390.42,926.6209,0.1450015648423507,463.31045,,0.1475,0.07664233576642321,0.07664233576642321,0.005,0.03389830508474576,9893.02,4969.21,14862.23,-24993.49,0.3312968511454876,24993.49,0.3312968511454876,-0.2689473380474516,1.6090596001270805,2.223324035553755,1.0255495057764974,5.114420316049976,6.901113874145892,-0.32237410953693896,3.563436297633384,5.817595712289536,6.901113874145892,16.28214588406881,True,1308327_YES.csv,1308327_YES
1771025100,2026-02-13 23:25:00,3,61.44,8.417280000000002,0.1369999999977702,2.8057600000000007,,0.1475,0.0,0.0,0.005,0.03389830508474576,9893.02,4969.21,14862.23,0.0,0.3312968511454876,-0.0,0.3312968511454876,0.19257781771126434,-0.4647537679838922,-0.48995989703128906,1.0558247923939843,-0.335346128959635,-0.30046037489409,-0.29571995578451227,-0.7621358473039169,0.42475870764983703,-0.30046037489409,-0.6378375145481698,False,1308327_YES.csv,1308327_YES
1771025160,2026-02-13 23:26:00,3,374.156605,55.365418,0.14797391589506223,18.45513933333333,,0.1475,0.0,0.0,0.005,0.03389830508474576,9893.02,4969.21,14862.23,0.0,0.3312968511454876,-0.0,0.3312968511454876,0.1784624691678467,-0.346873983379361,-0.397958094014207,1.0234567739362221,-0.335346128959635,-0.276724861281726,-0.3392320264330373,-0.5663696082257212,0.34887861854354985,-0.276724861281726,-0.4942158509638974,False,1308327_YES.csv,1308327_YES
1771025280,2026-02-13 23:28:00,2,804.376755,114.224479,0.14200370447037344,57.1122395,,0.1475,0.0,0.0,0.005,0.03389830508474576,9893.02,4969.21,14862.23,0.0,0.3312968511454876,-0.0,0.3312968511454876,-0.2305112223206155,-0.1733967464721413,-0.1648350100472308,0.9922220847549594,-0.335346128959635,-0.276724861281726,-0.3874912404457474,-0.5687429788399876,0.26938471534957703,-0.276724861281726,-0.5760831247721365,False,1308327_YES.csv,1308327_YES
1771025340,2026-02-13 23:29:00,3,621.310343,85.783679,0.13806896982537742,28.59455966666667,,0.1475,0.0,0.0,0.005,0.03389830508474576,9893.02,4969.21,14862.23,0.0,0.3312968511454876,-0.0,0.3312968511454876,0.30306394873231485,-0.2512606091239912,-0.3394973451591039,0.9620240101361441,-0.335346128959635,-0.276724861281726,-0.4417912135157228,-0.28769400555078023,0.18488666766078632,-0.276724861281726,-0.37953219917171993,False,1308327_YES.csv,1308327_YES
1771025400,2026-02-13 23:30:00,2,754.45,102.16515000000001,0.1354167274171444,51.082575000000006,,0.141,-0.044067796610169574,0.044067796610169574,0.008,0.056737588652482275,4837.95,11016.88,15854.829999999998,992.5999999999985,-0.3897190950644063,0.0,0.3897190950644063,-0.171584141937626,-0.20908425234202957,-0.20876022029672814,2.849477813481584,-0.31788938012784757,3.4621554467639504,-0.02548879157024304,-0.5894286145763837,2.5060996417834938,3.4621554467639504,5.37882647397106,False,1308327_YES.csv,1308327_YES
1771025460,2026-02-13 23:31:00,1,71.811593,9.909999,0.1379999883843546,9.909999,,0.141,0.0,0.0,0.008,0.056737588652482275,4837.95,11016.88,15854.829999999998,0.0,-0.3897190950644063,-0.0,0.3897190950644063,-0.85792070968813,-0.44833898772149083,-0.4535547070976963,2.627818622281696,-0.31788938012784757,-0.29946582904444713,-0.06921499788106669,-1.759814404507317,2.2407142442727817,-0.29946582904444713,0.18143401072101756,False,1308327_YES.csv,1308327_YES
1771025520,2026-02-13 23:32:00,2,14.299268999999999,1.958999,0.13699994033702004,0.9794995,,0.141,0.0,0.0,0.008,0.056737588652482275,4837.95,11016.88,15854.829999999998,0.0,-0.3897190950644063,-0.0,0.3897190950644063,-0.18414137497317615,-0.4678708982482516,-0.5044093808126116,2.444825759799781,-0.31788938012784757,-0.29946582904444713,-0.11869799642777296,-1.1564216540340393,2.008238383244161,-0.29946582904444713,0.5523509001656743,False,1308327_YES.csv,1308327_YES
1771025640,2026-02-13 23:34:00,2,58.0,7.732,0.13331034482528775,3.866,,0.141,0.0,0.0,0.008,0.056737588652482275,4837.95,11016.88,15854.829999999998,0.0,-0.3897190950644063,-0.0,0.3897190950644063,-0.18414137497317615,-0.4521047497829927,-0.4861949919440419,2.290075204975687,-0.3160326561866172,-0.29946582904444713,-0.1723340862361813,-1.1224411167002106,1.8017084625528885,-0.29946582904444713,0.37980151680823077,False,1308327_YES.csv,1308327_YES
1771025700,2026-02-13 23:35:00,1,613.18,81.55293999999999,0.1329999999997831,81.55293999999999,,0.141,0.0,0.0,0.008,0.056737588652482275,4837.95,11016.88,15854.829999999998,0.0,-0.3897190950644063,-0.0,0.3897190950644063,-0.8858582519582026,-0.24115282151663192,-0.019125692662818095,2.1567002977143823,-0.3160326561866172,-0.29946582904444713,-0.23562622826789636,-1.1461367661376525,1.605041413259869,-0.29946582904444713,0.15943881807776933,False,1308327_YES.csv,1308327_YES
1771025760,2026-02-13 23:36:00,1,100.0,13.3,0.13299999999867002,13.3,,0.1325,-0.06028368794326222,0.06028368794326222,0.001,0.007547169811320755,16216.42,29880.35,46096.77,30241.94,-0.296418382459335,0.0,0.296418382459335,-0.8858582519582026,-0.416099347913861,-0.42037675312313344,-1.6448956009675268,-0.3160326561866172,4.039199212090624,-1.3628582936569655,-1.722334352995197,-3.3237865508111097,4.039199212090624,-1.0069216917156822,False,1308327_YES.csv,1308327_YES
1771025820,2026-02-13 23:37:00,2,23.78,3.15896,0.1328410428876013,1.57948,,0.1325,0.0,0.0,0.001,0.007547169811320755,16216.42,29880.35,46096.77,0.0,-0.296418382459335,-0.0,0.296418382459335,-0.10296590037343735,-0.4317563592746852,-0.4840312530015196,-1.6448956009675268,-0.3160326561866172,-0.31819632115379115,-1.3317429645095131,-1.018753512649642,-3.292671221663657,-0.31819632115379115,-4.62962105546709,False,1308327_YES.csv,1308327_YES
1771025880,2026-02-13 23:38:00,3,1403.5800000000002,184.69845000000004,0.1315909673833115,61.566150000000015,,0.1325,0.0,0.0,0.001,0.007547169811320755,16216.42,29880.35,46096.77,0.0,-0.296418382459335,-0.0,0.296418382459335,0.6454972243679072,0.04410992482957852,-0.11185231478590077,-1.6448956009675268,-0.3160326561866172,-0.31819632115379115,-1.3018682669417783,0.577754834411585,-3.262796524095922,-0.31819632115379115,-3.0032380108381282,False,1308327_YES.csv,1308327_YES
1771025940,2026-02-13 23:39:00,40,3958.456323,519.1261010000001,0.13114357179680536,12.978152525000002,,0.132,-0.0037735849056603765,0.0037735849056603765,0.002,0.015151515151515152,40935.26,29393.96,70329.22,24232.450000000004,0.16410391015284972,0.0,0.16410391015284972,7.364006152223763,0.9001184824043098,-0.3949782259802069,-1.128902661105593,-0.3160326561866172,-0.04964970179690467,-2.58806640150901,7.869146408647866,-4.03300171880122,-0.04964970179690467,3.786494988049742,False,1308327_YES.csv,1308327_YES
1771026000,2026-02-13 23:40:00,44,359.590844,47.429957,0.13189979052933865,1.0779535681818182,,0.132,0.0,0.0,0.002,0.015151515151515152,40935.26,29393.96,70329.22,0.0,0.16410391015284972,-0.0,0.16410391015284972,5.522630575321703,-0.31663372764328235,-0.4519483992592202,-1.1110764661431385,-0.3160326561866172,-0.3144312636677142,-2.4404912886607533,4.7540484484192005,-3.8676004109905087,-0.3144312636677142,0.5720167737609776,False,1308327_YES.csv,1308327_YES
1771026060,2026-02-13 23:41:00,79,632.651397,83.509921,0.13199989978030188,1.0570876075949367,,0.132,0.0,0.0,0.002,0.015151515151515152,40935.26,29393.96,70329.22,0.0,0.16410391015284972,-0.0,0.16410391015284972,6.087501577709113,-0.2139943412502373,-0.4286893479039281,-1.093680520917795,-0.3160326561866172,-0.3144312636677142,-2.3121922150889507,5.444817888554947,-3.7219053921933627,-0.3144312636677142,1.4084812326938705,False,1308327_YES.csv,1308327_YES
1771026120,2026-02-13 23:42:00,22,2217.626134,288.291387,0.1299999953012233,13.104153954545454,,0.129,-0.022727272727272707,0.022727272727272707,0.002,0.015503875968992248,9955.29,42608.16,52563.450000000004,-17765.769999999997,-0.6212086535415768,17765.769999999997,0.6212086535415768,1.363036639725318,0.30849210692971935,-0.3551363346714838,-1.0766943582413675,3.1895794073102683,1.2860461215728507,1.9878111507254437,1.3163924119835535,4.100696199794345,1.2860461215728507,6.703134733350749,False,1308327_YES.csv,1308327_YES
1771026180,2026-02-13 23:43:00,3,122.303074,15.899397999999998,0.12999998675315383,5.299799333333333,,0.129,0.0,0.0,0.002,0.015503875968992248,9955.29,42608.16,52563.450000000004,0.0,-0.6212086535415768,-0.0,0.6212086535415768,-0.17227966955175952,-0.3993312186960747,-0.40097651802243395,-1.0600988273786183,-0.34616587213065403,-0.3372361308708825,1.8907248198721944,-0.9725874062702682,0.4844601203629222,-0.3372361308708825,-0.8253634167782284,False,1308327_YES.csv,1308327_YES
1771026300,2026-02-13 23:45:00,2,11.392306000000001,1.473599,0.1293503703175326,0.7367995,,0.129,0.0,0.0,0.002,0.015503875968992248,9789.96,32011.61,41801.57,-10761.880000000005,-0.5315984543164288,10761.880000000005,0.5315984543164288,-0.2544841578351834,-0.4368364452041526,-0.4285680758421869,-1.0438759861050535,1.7164703274062565,-0.3372361308708825,1.039949471685262,-1.119888678881523,1.712543812986465,-0.3372361308708825,0.25541900323405947,False,1308327_YES.csv,1308327_YES
1771026360,2026-02-13 23:46:00,6,790.769223,102.539995,0.1296712011765667,17.08999916666667,,0.129,0.0,0.0,0.002,0.015503875968992248,9789.96,32011.61,41801.57,0.0,-0.5315984543164288,-0.0,0.5315984543164288,0.06199597951897638,-0.1785380795841778,-0.3309836760301314,-1.0280090033959255,-0.3724254215707887,-0.3372361308708825,1.0067164277784661,-0.44752577609533284,-0.39371799718824807,-0.3372361308708825,-1.1784799041544634,False,1308327_YES.csv,1308327_YES
1771026420,2026-02-13 23:47:00,2,59.370000000000005,7.6429,0.12873336701821234,3.82145,,0.129,0.0,0.0,0.002,0.015503875968992248,9789.96,32011.61,41801.57,0.0,-0.5315984543164288,-0.0,0.5315984543164288,-0.26146130492785696,-0.42112754246581774,-0.40636705781781,-1.0124820715291318,-0.3724254215707887,-0.3372361308708825,0.9746576415918111,-1.0889559052114848,-0.41024985150810944,-0.3372361308708825,-1.8364418875904767,False,1308327_YES.csv,1308327_YES
1771026540,2026-02-13 23:49:00,2,3406.03,437.97184000000004,0.12858719388844825,218.98592000000002,,0.129,0.0,0.0,0.002,0.015503875968992248,9789.96,32011.61,41801.57,0.0,-0.5315984543164288,-0.0,0.5315984543164288,-0.2629180965911236,0.6876775686813977,0.9060057214609626,-0.9867934878914199,-0.3724254215707887,-0.3327627927377706,0.9488321881768516,1.3307651935512368,-0.4103867212853569,-0.3327627927377706,0.5876156795281093,False,1308327_YES.csv,1308327_YES
1771026600,2026-02-13 23:50:00,3,104.12153699999999,13.444479,0.12912294024118062,4.4814929999999995,,0.129,0.0,0.0,0.002,0.015503875968992248,9789.96,32011.61,41801.57,0.0,-0.5315984543164288,-0.0,0.5315984543164288,-0.18342464840008488,-0.41260450108633856,-0.40022956152505346,-0.9618844388318624,-0.3724254215707887,-0.3327627927377706,0.9237636959648258,-0.9962587110114769,-0.4105461644378253,-0.3327627927377706,-1.7395676681870726,False,1308327_YES.csv,1308327_YES
1771026660,2026-02-13 23:51:00,2,510.0,64.95,0.1273529411762209,32.475,,0.1285,-0.003875968992248069,0.003875968992248069,0.003,0.023346303501945526,12989.62,35320.060000000005,48309.68000000001,6508.110000000008,-0.46223531184640426,0.0,0.46223531184640426,-0.2643472874001223,-0.28012837475910096,-0.2309068991104547,-0.4419050380696814,-0.3724254215707887,-0.06083640497404016,0.2837284082784722,-0.775382561269678,-0.530602051361998,-0.06083640497404016,-1.3668210176057163,False,1308327_YES.csv,1308327_YES
1771026720,2026-02-13 23:52:00,3,4687.72846,609.4046989999999,0.12999999982931387,203.13489966666666,,0.1285,0.0,0.0,0.003,0.023346303501945526,12989.62,35320.060000000005,48309.68000000001,0.0,-0.46223531184640426,-0.0,0.46223531184640426,-0.18625787165533053,1.096575201579198,0.7883405622256272,-0.43272412080510786,-0.3724254215707887,-0.33768431237813556,0.27590490104416654,1.6986578921494948,-0.52924464133173,-0.33768431237813556,0.8317289384396293,False,1308327_YES.csv,1308327_YES
1771026780,2026-02-13 23:53:00,13,21376.118663,2780.772697,0.13008782093884608,213.90559207692306,,0.1285,0.0,0.0,0.003,0.023346303501945526,12989.62,35320.060000000005,48309.68000000001,0.0,-0.46223531184640426,-0.0,0.46223531184640426,0.6071492069833538,4.972630991398346,0.8294638436686386,-0.42360404777858746,-0.3724254215707887,-0.33768431237813556,0.26810357998614365,6.4092440420503385,-0.5279258893632325,-0.33768431237813556,5.543633840308971,False,1308327_YES.csv,1308327_YES
1771026840,2026-02-13 23:54:00,2,18.09,2.3665,0.13081813155716873,1.18325,,0.131,0.01945525291828787,0.01945525291828787,0.002,0.015267175572519083,28041.83,9282.37,37324.200000000004,-10985.480000000003,0.5026084952925983,10985.480000000003,0.5026084952925983,-0.2799235234706877,-0.43963793277829805,-0.4531804620929865,-0.9085089988746773,1.683692038161796,1.0205088616726876,0.6199539392668136,-1.1727419183419723,1.3951369785539323,1.0205088616726876,1.2429039218846476,False,1308327_YES.csv,1308327_YES
1771026900,2026-02-13 23:55:00,1,20.0,2.62,0.13099999999345,2.62,,0.131,0.0,0.0,0.002,0.015267175572519083,28041.83,9282.37,37324.200000000004,0.0,0.5026084952925983,-0.0,0.5026084952925983,-0.35916782877821535,-0.4177131784674486,-0.48915909742612596,-0.8857134458987077,-0.39834834146486353,-0.35794330943560954,0.6044694618537008,-1.26604010467179,-0.6795923255098704,-0.35794330943560954,-2.30357573961727,False,1308327_YES.csv,1308327_YES
1771026960,2026-02-13 23:56:00,6,8208.351918,1093.717427,0.13324446099849424,182.28623783333333,,0.131,0.0,0.0,0.002,0.015267175572519083,28041.83,9282.37,37324.200000000004,0.0,0.5026084952925983,-0.0,0.5026084952925983,0.037707023147566125,1.847208790866947,1.0043606383813324,-0.9028624594927115,-0.37031015970184267,-0.33913916401776395,0.6152026651682383,2.8892764523958454,-0.6579699540263158,-0.33913916401776395,1.8921673343517658,False,1308327_YES.csv,1308327_YES
1771027020,2026-02-13 23:57:00,3,218.571427,31.049999000000003,0.14205881997493636,10.349999666666667,,0.136,0.03816793893129766,0.03816793893129766,0.008,0.058823529411764705,23279.75,6092.89,29372.64,-7951.560000000005,0.5851316054668563,7951.560000000005,0.5851316054668563,-0.2061113329015732,-0.3847550111861555,-0.44501281218887506,2.0353907172242716,1.16667838564988,2.235131922374301,1.352315523693525,-1.0358791562766039,4.554384626567677,2.235131922374301,5.753637392665373,False,1308327_YES.csv,1308327_YES
1771027080,2026-02-13 23:58:00,4,1399.517238,202.832998,0.14493068930663294,50.7082495,,0.136,0.0,0.0,0.008,0.058823529411764705,23279.75,6092.89,29372.64,0.0,0.5851316054668563,-0.0,0.5851316054668563,-0.12805043237877548,-0.025090250455868022,-0.10002312938582059,1.9468784258888712,-0.39235759847618734,-0.36791483877938813,1.3383092867260467,-0.2531638122204641,2.8928301141387305,-0.36791483877938813,2.2717514631388784,False,1308327_YES.csv,1308327_YES
1771027140,2026-02-13 23:59:00,1,140.0,18.65,0.13321428571333419,18.65,,0.136,0.0,0.0,0.008,0.058823529411764705,23279.75,6092.89,29372.64,0.0,0.5851316054668563,-0.0,0.5851316054668563,-0.3676858604411144,-0.4120190344943909,-0.37239306417036755,1.8565602133148837,-0.39235759847618734,-0.35571414480258634,1.3378445520729971,-1.1520979591058729,2.8020471669116933,-0.35571414480258634,1.2942350630032342,False,1308327_YES.csv,1308327_YES
1771027200,2026-02-14 00:00:00,3,310.42366,43.862039,0.14129734505372016,14.620679666666668,,0.138,0.014705882352941124,0.014705882352941124,0.01,0.07246376811594202,34530.99,8286.01,42817.0,13444.36,0.6129570030595324,0.0,0.6129570030595324,-0.20606570200545973,-0.3407677337665886,-0.38388156443038635,2.592591803499561,-0.39235759847618734,0.6291003919914621,1.5734853845684647,-0.9307150002024347,3.7737195895918383,0.6291003919914621,3.4721049813808658,False,1308327_YES.csv,1308327_YES
1771027260,2026-02-14 00:01:00,5,959.1268660000001,148.129458,0.1544419859883745,29.6258916,,0.138,0.0,0.0,0.01,0.07246376811594202,34530.99,8286.01,42817.0,0.0,0.6129570030595324,-0.0,0.6129570030595324,-0.047155569512499426,-0.12531830900494154,-0.2594646102434905,2.416525051302891,-0.39235759847618734,-0.37156374078456733,1.5593662495352507,-0.43193848876093144,3.5835337023619545,-0.37156374078456733,2.7800314728164555,False,1308327_YES.csv,1308327_YES
1771027320,2026-02-14 00:02:00,4,1465.60375,233.67795999999998,0.15944143156009294,58.419489999999996,,0.138,0.0,0.0,0.01,0.07246376811594202,34530.99,8286.01,42817.0,0.0,0.6129570030595324,-0.0,0.6129570030595324,-0.13076362747885265,0.047428865759143776,-0.021708217746312115,2.265800361099714,-0.37102357920703066,-0.3670772245703815,1.514236609088799,-0.10504297946602098,3.4090133909814826,-0.3670772245703815,2.9368931869450803,False,1308327_YES.csv,1308327_YES
1771027380,2026-02-14 00:03:00,4,133.51,19.36431,0.14504014680439636,4.8410775,,0.1515,0.09782608695652151,0.09782608695652151,0.003,0.019801980198019802,26142.46,5229.93,31372.39,-11444.61,0.6665902725294438,11444.61,0.6665902725294438,-0.1335377943088303,-0.4069593035996605,-0.4809352777680142,-0.5664500902749287,1.8051051794027693,4.798611538262503,1.8984641540819318,-1.021432375676505,3.1371192432097725,4.798611538262503,6.914298405795771,False,1308327_YES.csv,1308327_YES
1771027440,2026-02-14 00:04:00,1,28.57,4.02837,0.14099999999506474,4.02837,,0.1515,0.0,0.0,0.003,0.019801980198019802,26142.46,5229.93,31372.39,0.0,0.6665902725294438,-0.0,0.6665902725294438,-0.376333783961249,-0.4384426200137397,-0.48386071157116306,-0.5664500902749287,-0.39759413478026223,-0.37157231781172845,1.8226442729809416,-1.2986371155461518,0.8586000479257507,-0.37157231781172845,-0.8116093854321296,False,1308327_YES.csv,1308327_YES
1771027500,2026-02-14 00:05:00,1,911.242436,145.659999,0.15984769063129997,145.659999,,0.1515,0.0,0.0,0.003,0.019801980198019802,26142.46,5229.93,31372.39,0.0,0.6665902725294438,-0.0,0.6665902725294438,-0.37190031819290553,-0.14265470077039294,0.7060230119569583,-0.5664500902749287,-0.39519372014933835,-0.37157231781172845,1.7533839002986458,0.1914679929936598,0.7917400898743787,-0.37157231781172845,0.61163576505631,False,1308327_YES.csv,1308327_YES
1771027560,2026-02-14 00:06:00,1,164.9375,26.39,0.15999999999902995,26.39,,0.1525,0.0066006600660066805,0.0066006600660066805,0.015,0.09836065573770492,26147.97,2585.23,28733.2,-2639.1899999999987,0.8200527612657136,2639.1899999999987,0.8200527612657136,-0.37190031819290553,-0.39637858333740494,-0.31511336265437634,3.6910582746713203,0.10406765752290079,-0.028570342764537765,2.7456793804301665,-1.0833922641846867,6.5408053126243875,-0.028570342764537765,5.428842705675163,False,1308327_YES.csv,1308327_YES
1771027620,2026-02-14 00:07:00,1,6.666665,0.999999,0.14999988747747184,0.999999,,0.1525,0.0,0.0,0.015,0.09836065573770492,26147.97,2585.23,28733.2,0.0,0.8200527612657136,-0.0,0.8200527612657136,-0.37038499580818973,-0.4501608323340369,-0.5319903765294689,3.277027361420979,-0.4041602455502249,-0.3778336742363679,2.551059028912768,-1.3525362046716956,5.423926144783522,-0.3778336742363679,3.6935562658754586,False,1308327_YES.csv,1308327_YES
1771027680,2026-02-14 00:08:00,4,2071.374507,341.627538,0.16492794366510716,85.4068845,,0.1525,0.0,0.0,0.015,0.09836065573770492,26147.97,2585.23,28733.2,0.0,0.8200527612657136,-0.0,0.8200527612657136,-0.13212818986340535,0.280826456410661,0.3094274088296817,2.967485492677887,-0.4011887055675514,-0.3778336742363679,2.3892065522341746,0.4581256753769374,4.95550333934451,-0.3778336742363679,5.0357953404850795,False,1308327_YES.csv,1308327_YES
1771027740,2026-02-14 00:09:00,3,1214.027221,209.13715900000003,0.17226727323919513,69.71238633333334,,0.153,0.003278688524590123,0.003278688524590123,0.034,0.22222222222222224,16695.5,1580.08,18275.58,-10457.619999999999,0.8270829161099127,10457.619999999999,0.8270829161099127,-0.21444598508533813,-0.008498554577481273,0.13652958043082275,5.666050275643879,1.5466433177346024,-0.2074170709482034,2.2906424794299167,-0.08641495923199666,9.503336072808398,-0.2074170709482034,9.209504042628199,False,1308327_YES.csv,1308327_YES
1771027800,2026-02-14 00:10:00,4,1127.0,176.08568,0.15624283939648959,44.02142,,0.153,0.0,0.0,0.034,0.22222222222222224,16695.5,1580.08,18275.58,0.0,0.8270829161099127,-0.0,0.8270829161099127,-0.13630111403411635,-0.08415031745482769,-0.13346123086520384,4.49659665671482,-0.4027496548923337,-0.377494665201342,2.1574582816796473,-0.35391266235414787,6.251305283502132,-0.377494665201342,5.519897955946643,False,1308327_YES.csv,1308327_YES
1771027920,2026-02-14 00:12:00,1,253.354429,39.999999,0.15788158572054056,39.999999,,0.1525,-0.0032679738562091387,0.0032679738562091387,0.011,0.0721311475409836,13552.99,1620.39,15173.38,-3102.2000000000025,0.7864167377341107,3102.2000000000025,0.7864167377341107,-0.3762085084850124,-0.37618160892878044,-0.18222933775572203,0.7786251410997932,0.18086814178035382,-0.20764575039514782,1.8183832135601512,-0.9346194551695148,2.777876496440298,-0.20764575039514782,1.6356112908756355,False,1308327_YES.csv,1308327_YES
1771027980,2026-02-14 00:13:00,2,2269.0699609999997,372.239998,0.1640495905361095,186.119999,,0.1525,0.0,0.0,0.011,0.0721311475409836,13552.99,1620.39,15173.38,0.0,0.7864167377341107,-0.0,0.7864167377341107,-0.29243579765732797,0.3222305540221437,1.2852959356939984,0.7569577547691225,-0.4130995968493929,-0.38070294250127107,1.737433022262087,1.3150906920588141,2.081291180181817,-0.38070294250127107,3.0156789297393596,False,1308327_YES.csv,1308327_YES
1771028040,2026-02-14 00:14:00,2,4081.25,601.24805,0.14731958346091337,300.624025,,0.1525,0.0,0.0,0.011,0.0721311475409836,13552.99,1620.39,15173.38,0.0,0.7864167377341107,-0.0,0.7864167377341107,-0.29098795521113735,0.7879926748839022,2.299815601708807,0.7357288889360929,-0.4051086006630027,-0.38070294250127107,1.6663702424869533,2.796820321381572,1.9969905307600435,-0.38070294250127107,4.4131079096403445,False,1308327_YES.csv,1308327_YES
1771028100,2026-02-14 00:15:00,8,2541.809997,421.33889800000003,0.165763333410886,52.667362250000004,,0.153,0.003278688524590123,0.003278688524590123,0.01,0.06535947712418301,13203.67,745.3,13948.97,-1224.4099999999999,0.8931390633143523,1224.4099999999999,0.8931390633143523,0.18472774521460664,0.390986641866357,-0.12990757752199233,0.5602221033304835,-0.1751080332454584,-0.21015482137953015,2.142878462186658,0.44580680955897134,2.527992532271683,-0.21015482137953015,2.7636445204511237,False,1308327_YES.csv,1308327_YES
1771028160,2026-02-14 00:16:00,2,405.86,64.9646,0.1600665254024539,32.4823,,0.153,0.0,0.0,0.01,0.06535947712418301,13203.67,745.3,13948.97,0.0,0.8931390633143523,-0.0,0.8931390633143523,-0.2992333655442907,-0.3624977383767819,-0.321810272465739,0.543695355434397,-0.4094817988011109,-0.3839305110728396,2.029454671497913,-0.9835413763868116,2.163668228131199,-0.3839305110728396,0.7961963406715479,False,1308327_YES.csv,1308327_YES
1771028220,2026-02-14 00:17:00,5,3213.734936,494.779298,0.15395771831004734,98.9558596,,0.153,0.0,0.0,0.01,0.06535947712418301,13203.67,745.3,13948.97,0.0,0.8931390633143523,-0.0,0.8931390633143523,-0.06207859741078579,0.5363362716878056,0.3277293410790012,0.5254157131202709,-0.4094817988011109,-0.3803756257803725,1.9331736999726026,0.801987015356021,2.0491076142917626,-0.3803756257803725,2.470719003867411,False,1308327_YES.csv,1308327_YES
1771028280,2026-02-14 00:18:00,5,892.725787,139.211998,0.15594037948390085,27.8423996,,0.1485,-0.02941176470588236,0.02941176470588236,0.007,0.04713804713804714,18997.78,183.42,19181.199999999997,5232.229999999998,0.9808750234604718,0.0,0.9808750234604718,-0.06756087630156027,-0.22216140638275197,-0.365456752382501,0.03972038325426706,-0.4094817988011109,1.1395534479469593,2.2380764558121298,-0.6551790350668132,1.868315040265286,1.1395534479469593,2.352689453145432,False,1308327_YES.csv,1308327_YES
1771028340,2026-02-14 00:19:00,39,1291.143891,211.94372900000002,0.16415190473904806,5.4344545897435905,,0.1485,0.0,0.0,0.007,0.04713804713804714,18997.78,183.42,19181.199999999997,0.0,0.9808750234604718,-0.0,0.9808750234604718,2.495325453210948,-0.07437198437735085,-0.5805003534036667,0.03972038325426706,-0.4094817988011109,-0.38947926540693917,2.112685272833052,1.8404531154299306,1.7429238572862082,-0.38947926540693917,3.1938977073092,False,1308327_YES.csv,1308327_YES
1771028400,2026-02-14 00:20:00,1,6.289307,0.999999,0.1589998707076948,0.999999,,0.1485,0.0,0.0,0.007,0.04713804713804714,18997.78,183.42,19181.199999999997,0.0,0.9808750234604718,-0.0,0.9808750234604718,-0.41781163090392937,-0.523332802788495,-0.6235224097497486,0.039720383254267196,-0.4094817988011109,-0.38947926540693917,2.0022799682133936,-1.5646668434421729,1.63251855266655,-0.38947926540693917,-0.32162755618256206,False,1308327_YES.csv,1308327_YES
1771028460,2026-02-14 00:21:00,2,1930.42,292.20124000000004,0.1513666663212402,146.10062000000002,,0.1555,0.047138047138047146,0.047138047138047146,0.007,0.04501607717041801,2787.78,14746.36,17534.14,-1647.0599999999977,-0.6820169110090373,1647.0599999999977,0.6820169110090373,-0.3425959126334704,0.08814410835478846,0.7729703464360083,0.03707645594500866,-0.04626822696427184,1.9740036570878148,0.6322825886954866,0.5185185421573264,0.6230908176762234,1.9740036570878148,3.1156130169213645,False,1308327_YES.csv,1308327_YES
1771028520,2026-02-14 00:22:00,2,2930.859684,438.804459,0.149718685406657,219.4022295,,0.1555,0.0,0.0,0.007,0.04501607717041801,2787.78,14746.36,17534.14,0.0,-0.6820169110090373,-0.0,0.6820169110090373,-0.3411829342841269,0.3857783921666596,1.428667008509835,0.03443219007663882,-0.38942219201288136,-0.4129655135530786,0.6081840423999016,1.4732624663923677,0.2531940404636591,-0.4129655135530786,1.3134909933029482,False,1308327_YES.csv,1308327_YES
1771028580,2026-02-14 00:23:00,3,1156.8,173.697,0.1501530082986254,57.899,,0.1555,0.0,0.0,0.007,0.04501607717041801,2787.78,14746.36,17534.14,0.0,-0.6820169110090373,-0.0,0.6820169110090373,-0.26730631227231927,-0.18643412059568837,-0.12570311821612418,0.03178752891226923,-0.38942219201288136,-0.4129655135530786,0.584279897394386,-0.5794435510841318,0.22664523429377387,-0.4129655135530786,-0.7657638303434365,False,1308327_YES.csv,1308327_YES
1771028640,2026-02-14 00:24:00,2,19.407697,2.999998,0.15457774303903352,1.499999,,0.153,-0.016077170418006492,0.016077170418006492,0.002,0.013071895424836602,10187.59,1070.72,11258.31,-6275.83,0.809790279358092,6275.83,0.809790279358092,-0.3348757721839959,-0.5466790677528836,-0.6646563812702598,-0.7487653758799525,0.893849933564058,0.3876471122759,1.131570041581706,-1.5462112212071393,1.2766545992658114,0.3876471122759,0.11809049033457208,False,1308327_YES.csv,1308327_YES
1771028700,2026-02-14 00:25:00,4,1390.337875,216.93808,0.15603263343440454,54.23452,,0.153,0.0,0.0,0.002,0.013071895424836602,10187.59,1070.72,11258.31,0.0,0.809790279358092,-0.0,0.809790279358092,-0.18554807493816355,-0.09578518941596545,-0.15886836180163014,-0.7348609033725367,-0.40500156744025817,-0.4266087939316166,1.094378586650107,-0.4402016261557591,-0.04548388416268789,-0.4266087939316166,-0.9122943042500635,False,1308327_YES.csv,1308327_YES
1771028760,2026-02-14 00:26:00,1,32.89,5.059279999999999,0.15382426268915098,5.059279999999999,,0.153,0.0,0.0,0.002,0.013071895424836602,10187.59,1070.72,11258.31,0.0,0.809790279358092,-0.0,0.809790279358092,-0.4102107473773137,-0.5352252179774272,-0.6131583228160159,-0.7273836341814283,-0.3818356730363853,-0.4138656255961421,1.0582681383225478,-1.5585942881707568,-0.05095116889526574,-0.4138656255961421,-2.0234110826621645,False,1308327_YES.csv,1308327_YES
1771028820,2026-02-14 00:27:00,2,211.548386,32.789999,0.15499999607581502,16.3949995,,0.1535,0.0032679738562091387,0.0032679738562091387,0.003,0.01954397394136808,17128.11,10574.24,27702.35,16444.04,0.23658173404061392,0.0,0.23658173404061392,-0.3321308102191104,-0.44361892932810704,-0.48121991185149615,-0.5670381532234576,-0.3818356730363853,-0.2514400099346531,-1.5299208373326076,-1.2569696513987136,-2.4787946635924505,-0.2514400099346531,-3.9872043249258176,False,1308327_YES.csv,1308327_YES
1771028880,2026-02-14 00:28:00,3,218.451611,33.859999,0.15499999677203113,11.286666333333335,,0.1535,0.0,0.0,0.003,0.01954397394136808,17128.11,10574.24,27702.35,0.0,0.23658173404061392,-0.0,0.23658173404061392,-0.2554852386300849,-0.4418758224562873,-0.5407989542302192,-0.5636955380118489,-0.3818356730363853,-0.41701154819699193,-1.5015973239661604,-1.2381600153165913,-2.4471285350143948,-0.41701154819699193,-4.102300098527978,False,1308327_YES.csv,1308327_YES
1771029000,2026-02-14 00:30:00,1,62.45,9.55485,0.15299999999755004,9.55485,,0.1535,0.0,0.0,0.001,0.006514657980456026,17760.86,11970.0,29730.86,2028.510000000002,0.19477606769531727,0.0,0.19477606769531727,-0.40730332666944985,-0.47594787374971315,-0.5936559922396568,-0.8613294599932189,-0.3819371866400507,-0.3950960845531026,-1.6543473793850028,-1.4769071926588198,-2.8976140260182723,-0.3950960845531026,-4.769617303230195,False,1308327_YES.csv,1308327_YES
1771029060,2026-02-14 00:31:00,2,16.329112000000002,2.499999,0.15310073198388854,1.2499995,,0.1535,0.0,0.0,0.001,0.006514657980456026,17760.86,11970.0,29730.86,0.0,0.19477606769531727,-0.0,0.19477606769531727,-0.32929301635902586,-0.49343520023976456,-0.7113426149497072,-0.8461011218621219,-0.3819371866400507,-0.3950960845531026,-1.622250932538363,-1.5340708315484974,-2.8502892410405356,-0.3950960845531026,-4.7794561571421355,False,1308327_YES.csv,1308327_YES
1771029120,2026-02-14 00:32:00,4,988.438442,161.42999600000002,0.1633182089450105,40.357499000000004,,0.1535,0.0,0.0,0.001,0.006514657980456026,17760.86,11970.0,29730.86,0.0,0.19477606769531727,-0.0,0.19477606769531727,-0.17745934661278645,-0.09712196915792932,-0.1601450620853602,-0.8311611050361387,-0.3819371866400507,-0.3950960845531026,-1.5914390522302504,-0.43472637785607593,-2.80453734390644,-0.3950960845531026,-3.634359806315618,False,1308327_YES.csv,1308327_YES
1771029180,2026-02-14 00:33:00,5,4238.236946,706.989996,0.16681228657285957,141.39799920000002,,0.1625,0.05863192182410426,0.05863192182410426,0.005,0.030769230769230767,14150.69,12756.42,26907.11,-2823.75,0.05181790240572103,2823.75,0.05181790240572103,-0.10477711938752675,1.2392130479707486,1.2435832717437556,-0.21548621241677673,0.3733001818884974,2.697757561291516,-2.1156851900819618,2.3780192003269773,-1.957871220610241,2.697757561291516,3.1179055410082523,False,1308327_YES.csv,1308327_YES
1771029300,2026-02-14 00:35:00,2,2437.5758760000003,400.999998,0.16450769879535654,200.499999,,0.1625,0.0,0.0,0.005,0.030769230769230767,14150.69,12756.42,26907.11,0.0,0.05181790240572103,-0.0,0.05181790240572103,-0.333369789906354,0.4630229137958879,1.9676136187260067,-0.21548621241677673,-0.3947597095211593,-0.4219782469040936,-2.0362178313939867,2.0972667426155405,-2.646463753331923,-0.4219782469040936,-0.971175257620476,False,1308327_YES.csv,1308327_YES
1771029360,2026-02-14 00:36:00,2,1006.06,165.79372999999998,0.1647950718643373,82.89686499999999,,0.1605,-0.012307692307692353,0.012307692307692353,0.005,0.03115264797507788,11611.13,14471.66,26082.79,-824.3199999999997,-0.109671166313113,824.3199999999997,0.109671166313113,-0.333369789906354,-0.12528968764123788,0.3601982221805666,-0.20782157201791004,-0.17447036636397847,0.269634209704127,-1.7439500486634696,-0.09846125536702532,-2.126241987045358,0.269634209704127,-1.9550690327082565,False,1308327_YES.csv,1308327_YES
1771029420,2026-02-14 00:37:00,3,599.1853619999999,97.26539799999999,0.16232939615744094,32.42179933333333,,0.1605,0.0,0.0,0.005,0.03115264797507788,11611.13,14471.66,26082.79,0.0,-0.109671166313113,-0.0,0.109671166313113,-0.2595133242454003,-0.30007821299351545,-0.331622016900871,-0.20016669096285683,-0.3989282012487077,-0.40673959640741764,-1.6886504652366967,-0.8912135541397868,-2.2877453574482614,-0.40673959640741764,-3.585698507995466,False,1308327_YES.csv,1308327_YES
1771029540,2026-02-14 00:39:00,4,756.59701,120.786728,0.15964473346232277,30.196682,,0.1615,0.006230529595015577,0.006230529595015577,0.005,0.030959752321981424,12116.18,13773.71,25889.89,-192.90000000000146,-0.06402228823683681,192.90000000000146,0.06402228823683681,-0.1854924832468955,-0.24682374771750476,-0.369979010501571,-0.19252019773345905,-0.3473934210545332,-0.07014231914030541,-1.797255385277184,-0.8022952414659712,-2.337169004065176,-0.07014231914030541,-3.2096065646714527,False,1308327_YES.csv,1308327_YES
1771029660,2026-02-14 00:41:00,2,165.404906,27.107999,0.1638887240734934,13.5539995,,0.1615,0.0,0.0,0.005,0.030959752321981424,12116.18,13773.71,25889.89,0.0,-0.06402228823683681,-0.0,0.06402228823683681,-0.3390035038650159,-0.48200729547229215,-0.6006722558061472,-0.18488072338571865,-0.3999364933775678,-0.41301808243851884,-1.7351030840013955,-1.4216830551434554,-2.319920300764682,-0.41301808243851884,-4.154621438346656,False,1308327_YES.csv,1308327_YES
1771029720,2026-02-14 00:42:00,3,2395.720705,394.27999700000004,0.16457677899470974,131.42666566666668,,0.16,-0.009287925696594423,0.009287925696594423,0.008,0.05,2253.55,13498.59,15752.14,-10137.75,-0.7138737974649795,10137.75,0.7138737974649795,-0.2650412755902304,0.42297166741521725,0.9946132219926477,0.2773210850785781,2.2181188017349416,0.0897179192644807,0.6268425428426218,1.1525436138176346,3.1222824296561416,0.0897179192644807,4.364543962738257,False,1308327_YES.csv,1308327_YES
1771029780,2026-02-14 00:43:00,2,641.768291,100.635739,0.1568100830332909,50.3178695,,0.16,0.0,0.0,0.008,0.05,2253.55,13498.59,15752.14,0.0,-0.7138737974649795,-0.0,0.7138737974649795,-0.3433155495495807,-0.3151337129181902,-0.11647893897688145,0.2606404357054096,-0.427220218636724,-0.39609591871631217,0.6037166990035281,-0.7749282014446524,0.4371369160722137,-0.39609591871631217,-0.7338872040887507,False,1308327_YES.csv,1308327_YES
1771029840,2026-02-14 00:44:00,1,12.5,2.0,0.1599999999872,2.0,,0.16,0.0,0.0,0.008,0.05,2253.55,13498.59,15752.14,0.0,-0.7138737974649795,-0.0,0.7138737974649795,-0.4186883918744219,-0.5619993647996095,-0.7753636705882893,0.24388040537748554,-0.427220218636724,-0.39609591871631217,0.5808075721258786,-1.7560514272623209,0.3974677588666402,-0.39609591871631217,-1.754679587111993,False,1308327_YES.csv,1308327_YES
1771029900,2026-02-14 00:45:00,1,26.71,4.16676,0.15599999999415948,4.16676,,0.1565,-0.021874999999999978,0.021874999999999978,0.003,0.019169329073482427,2021.84,10225.69,12247.53,-3504.6099999999988,-0.669837101848291,3504.6099999999988,0.669837101848291,-0.415759014174076,-0.5476733846314071,-0.7294188017083904,-0.5416337957330926,0.4718654733563947,0.8794147221548249,0.3977824611771784,-1.6928512005138736,0.3280141388004806,0.8794147221548249,-0.4854223395585683,False,1308327_YES.csv,1308327_YES
1771029960,2026-02-14 00:46:00,2,109.054266,16.985439,0.15575217387501603,8.4927195,,0.1565,0.0,0.0,0.003,0.019169329073482427,2021.84,10225.69,12247.53,0.0,-0.669837101848291,-0.0,0.669837101848291,-0.3083477232873394,-0.49604997726057876,-0.6692515409475653,-0.5451350971546116,-0.44230816365377584,-0.4113697570548807,0.37313732284286794,-1.4736492414954836,-0.6143059379655195,-0.4113697570548807,-2.4993249365158836,False,1308327_YES.csv,1308327_YES
1771030020,2026-02-14 00:47:00,4,1037.3894249999998,158.259979,0.15255599795597247,39.56499475,,0.1565,0.0,0.0,0.003,0.019169329073482427,2021.84,10225.69,12247.53,0.0,-0.669837101848291,-0.0,0.669837101848291,-0.09972108921456085,-0.1471728588894518,-0.257695570949433,-0.5486532677049005,-0.44230816365377584,-0.4113697570548807,0.348069418617397,-0.5045895190534457,-0.6428920127412794,-0.4113697570548807,-1.5588512888496058,False,1308327_YES.csv,1308327_YES
1771030080,2026-02-14 00:48:00,3,262.85714,40.532228,0.15419869515374704,13.510742666666667,,0.1525,-0.025559105431309903,0.025559105431309903,0.003,0.019672131147540985,12653.42,5920.35,18573.77,6326.24,0.3625042196603059,0.0,0.3625042196603059,-0.15189206216754328,-0.4402050993473262,-0.6167497402557472,-0.5521885205053149,-0.44230816365377584,1.0657692919753448,-0.86580477932757,-1.2088469017706167,-1.8603014634866608,1.0657692919753448,-2.0033790732819328,False,1308327_YES.csv,1308327_YES
1771030140,2026-02-14 00:49:00,4,151.949615,23.817868,0.15674845901941412,5.954467,,0.1525,0.0,0.0,0.003,0.019672131147540985,12653.42,5920.35,18573.77,0.0,0.3625042196603059,-0.0,0.3625042196603059,0.08886701338898662,-0.4702685877410607,-0.7174883799921085,-0.5557410721230853,-0.436524475509374,-0.41297281627010474,-0.8438151897562398,-1.0988899543441826,-1.8360807373886991,-0.41297281627010474,-3.3479435080029862,False,1308327_YES.csv,1308327_YES
1771030200,2026-02-14 00:50:00,1,3.01,0.4605299999999999,0.15299999994916944,0.4605299999999999,,0.1525,0.0,0.0,0.003,0.019672131147540985,12653.42,5920.35,18573.77,0.0,0.3625042196603059,-0.0,0.3625042196603059,-0.49599260152102614,-0.5278685846515079,-0.7906395864393677,-0.5593111426462363,-0.436524475509374,-0.41297281627010474,-0.8223492158921099,-1.8145007726119018,-1.8181848340477202,-0.41297281627010474,-4.045658422929726,False,1308327_YES.csv,1308327_YES
1771030260,2026-02-14 00:51:00,3,112.61000000000001,17.56716,0.15599999999861466,5.855720000000001,,0.1545,0.013114754098360715,0.013114754098360715,0.003,0.01941747572815534,15870.29,7527.719999999999,23398.010000000002,4824.240000000002,0.35655040749191924,0.0,0.35655040749191924,-0.10518201498965768,-0.4859353828202226,-0.7189290394697525,-0.5628989557604942,-0.411463667412693,0.34755854113002566,-0.8293700955431168,-1.3100464372796328,-1.803732718716304,0.34755854113002566,-2.766220614865911,False,1308327_YES.csv,1308327_YES
1771030320,2026-02-14 00:52:00,3,60.56,9.64424,0.15925099075034263,3.2147466666666666,,0.1545,0.0,0.0,0.003,0.01941747572815534,15870.29,7527.719999999999,23398.010000000002,0.0,0.35655040749191924,-0.0,0.35655040749191924,-0.09550869616924193,-0.5011149292593268,-0.7502088972569115,-0.5665047388282475,-0.411463667412693,-0.42604373461749484,-0.8135986236461193,-1.3468325226854803,-1.7915670298870598,-0.42604373461749484,-3.564443287190035,False,1308327_YES.csv,1308327_YES
1771030440,2026-02-14 00:54:00,2,20.867923,3.3179990000000004,0.15899996371660943,1.6589995000000002,,0.157,0.016181229773462702,0.016181229773462702,0.004,0.025477707006369428,19605.09,9396.99,29002.08,5604.07,0.3519782029426855,0.0,0.3519782029426855,-0.29311289514008726,-0.5166852962135131,-0.7705999773737149,-0.4149477702042176,-0.411463667412693,0.5121749976523449,-0.8150906607376945,-1.5803981687273152,-1.6415020983546051,0.5121749976523449,-2.7097252694295753,False,1308327_YES.csv,1308327_YES
1771030500,2026-02-14 00:55:00,1,5.0,0.775,0.154999999969,0.775,,0.157,0.0,0.0,0.004,0.025477707006369428,19605.09,9396.99,29002.08,0.0,0.3519782029426855,-0.0,0.3519782029426855,-0.48678782775529494,-0.5051384940180657,-0.7615091871510326,-0.4215413673104909,-0.411463667412693,-0.44164295235380924,-0.7993453355855774,-1.7534355089243931,-1.6323503703087612,-0.44164295235380924,-3.827428831586963,False,1308327_YES.csv,1308327_YES
1771030560,2026-02-14 00:56:00,1,8.21,1.27255,0.15499999998112057,1.27255,,0.157,0.0,0.0,0.004,0.025477707006369428,19605.09,9396.99,29002.08,0.0,0.3519782029426855,-0.0,0.3519782029426855,-0.47929299145707477,-0.5032617593523622,-0.7532996989997365,-0.428192618727753,-0.411463667412693,-0.44164295235380924,-0.783892703995952,-1.7358544498091735,-1.623548990136398,-0.44164295235380924,-3.801046392299381,False,1308327_YES.csv,1308327_YES
1771030620,2026-02-14 00:57:00,2,325.786162,51.799999,0.1589999976728324,25.8999995,,0.1575,0.0031847133757962887,0.0031847133757962887,0.003,0.01904761904761905,9932.38,9001.63,18934.01,-10068.070000000003,0.04915757412191079,10068.070000000003,0.04915757412191079,-0.2823232689404687,-0.37642374000465173,-0.40373077926597767,-0.5877675076946175,2.735722280545569,-0.25319711154204627,-1.8466693249663175,-1.062477788211098,0.30128544788463407,-0.25319711154204627,-1.0143894518685102,False,1308327_YES.csv,1308327_YES
1771030680,2026-02-14 00:58:00,1,636.942674,99.999999,0.1569999987154935,99.999999,,0.1575,0.0,0.0,0.003,0.01904761904761905,9932.38,9001.63,18934.01,0.0,0.04915757412191079,-0.0,0.04915757412191079,-0.47184903246055526,-0.23684678530842976,0.690352307506288,-0.5877675076946175,-0.43745599726295814,-0.4408928376799032,-1.7730683307043371,-0.018343510262697094,-2.798291835661913,-0.4408928376799032,-3.257528183604513,False,1308327_YES.csv,1308327_YES
1771030740,2026-02-14 00:59:00,2,34.980000000000004,5.54244,0.1584459691206848,2.77122,,0.1575,0.0,0.0,0.003,0.01904761904761905,9932.38,9001.63,18934.01,0.0,0.04915757412191079,-0.0,0.04915757412191079,-0.24677165851812238,-0.6888017038696758,-0.7117650498060794,-0.5877675076946175,-0.43745599726295814,-0.4408928376799032,-1.705410036651294,-1.6473384121938777,-2.73063354160887,-0.4408928376799032,-4.818864791482651,False,1308327_YES.csv,1308327_YES
1771030800,2026-02-14 01:00:00,2,157.743901,25.799999,0.16355623790384416,12.8999995,,0.1615,0.02539682539682553,0.02539682539682553,0.003,0.018575851393188854,8030.75,12300.18,20330.93,1396.920000000002,-0.20999678814495945,0.0,0.20999678814495945,-0.24677165851812238,-0.5933334613823474,-0.5608059800054273,-0.5914981412593184,-0.41316908564512644,1.044640857387888,-1.1163627457623135,-1.4009110999058971,-2.1210299726667587,1.044640857387888,-2.477300215184768,False,1308327_YES.csv,1308327_YES
1771030860,2026-02-14 01:01:00,2,258.185184,42.058999,0.1629024498936279,21.0294995,,0.1615,0.0,0.0,0.003,0.018575851393188854,8030.75,12300.18,20330.93,0.0,-0.20999678814495945,-0.0,0.20999678814495945,-0.2504535128247655,-0.5187152296217827,-0.4420458127601885,-0.5952486132853698,-0.41316908564512644,-0.444419449717835,-1.088389546127267,-1.2112145552067368,-2.0968072450577635,-0.444419449717835,-3.752441249982335,False,1308327_YES.csv,1308327_YES
1771030920,2026-02-14 01:02:00,1,6.172838,0.999999,0.16199987750172612,0.999999,,0.1615,0.0,0.0,0.003,0.018575851393188854,8030.75,12300.18,20330.93,0.0,-0.20999678814495945,-0.0,0.20999678814495945,-0.4370726094604094,-0.7849355076540409,-0.7269510551272069,-0.5990191864427011,-0.41316908564512644,-0.444419449717835,-1.0613791099856555,-1.9489591722416573,-2.073567382073483,-0.444419449717835,-4.466946004032976,False,1308327_YES.csv,1308327_YES
1771031040,2026-02-14 01:04:00,3,163.72,25.7392,0.1572147569010676,8.579733333333333,,0.1615,0.0,0.0,0.003,0.018575851393188854,8030.75,12300.18,20330.93,0.0,-0.20999678814495945,-0.0,0.20999678814495945,-0.03049343786933087,-0.634367756243723,-0.6058649097754828,-0.5841314938890941,-0.3854639268300716,-0.41826713390035947,-1.0310664204224433,-1.2707261038885367,-2.000661841141609,-0.41826713390035947,-3.689655078930505,False,1308327_YES.csv,1308327_YES
1771031100,2026-02-14 01:05:00,1,25.0,4.0,0.1599999999936,4.0,,0.1615,0.0,0.0,0.003,0.018575851393188854,8030.75,12300.18,20330.93,0.0,-0.20999678814495945,-0.0,0.20999678814495945,-0.4263485537482438,-0.743577825594729,-0.663740631188905,-0.5694269869769882,-0.3854639268300716,-0.41826713390035947,-1.0018006512664106,-1.8336670105318778,-1.9566915650734704,-0.41826713390035947,-4.208625709505708,False,1308327_YES.csv,1308327_YES
1771031160,2026-02-14 01:06:00,3,278.92221900000004,44.79549800000001,0.1606021139529203,14.93183266666667,,0.159,-0.01547987616099078,0.01547987616099078,0.006,0.03773584905660377,8489.130000000001,10365.83,18854.96,-1475.9700000000012,-0.0995334914526469,1475.9700000000012,0.0995334914526469,-0.027112083963919637,-0.5007848765119318,-0.4895256167845586,-0.08518108668294365,0.13638385767644132,0.49833415891705873,-1.3219134127146839,-1.01742257726041,-1.2707106417211862,0.49833415891705873,-1.7897990600645375,False,1308327_YES.csv,1308327_YES
1771031280,2026-02-14 01:08:00,2,86.211179,13.479999000000001,0.15636022098530444,6.739999500000001,,0.159,0.0,0.0,0.006,0.03773584905660377,8489.130000000001,10365.83,18854.96,0.0,-0.0995334914526469,-0.0,0.0995334914526469,-0.22696431408083922,-0.6857304439620063,-0.6163106267699673,-0.07472755432091369,-0.394748804892663,-0.4188818573933908,-1.2770174839742603,-1.529005384812813,-1.746493843187837,-0.4188818573933908,-3.6943810853940406,False,1308327_YES.csv,1308327_YES
1771031340,2026-02-14 01:09:00,1,0.14,0.02184,0.15599999888571428,0.02184,,0.158,-0.0062893081761006275,0.0062893081761006275,0.004,0.02531645569620253,7700.05,4420.94,12120.99,-6733.969999999999,0.27053153249033296,6733.969999999999,0.27053153249033296,-0.4165686159142401,-0.7484954294957743,-0.7119337675172307,-0.3795532405652608,1.926080369022259,-0.046561887143129005,-0.7044879091828924,-1.8769978129272453,0.8420392192741057,-0.046561887143129005,-1.0815204807962686,False,1308327_YES.csv,1308327_YES
1771031400,2026-02-14 01:10:00,3,1087.08,168.65240000000003,0.15514258380233736,56.217466666666674,,0.158,0.0,0.0,0.004,0.02531645569620253,7700.05,4420.94,12120.99,0.0,0.27053153249033296,-0.0,0.27053153249033296,-0.0067756472078584476,0.2714170455909008,0.17318345613546396,-0.3641672469356505,-0.42156081707175547,-0.42583001492965206,-0.684280120219787,0.4378248545185063,-1.470008184227193,-0.42583001492965206,-1.458013344638339,False,1308327_YES.csv,1308327_YES
1771031460,2026-02-14 01:11:00,2,1259.71875,201.0,0.15955942546686747,100.5,,0.158,0.0,0.0,0.004,0.02531645569620253,7700.05,4420.94,12120.99,0.0,0.27053153249033296,-0.0,0.27053153249033296,-0.20326467132938825,0.44876626298942424,0.842920271696644,-0.3672911289596704,-0.401334817048593,-0.4700472206203604,-0.6625508827947402,1.08842186335668,-1.4311768288030036,-0.4700472206203604,-0.812802186066684,False,1308327_YES.csv,1308327_YES
1771031520,2026-02-14 01:12:00,3,1307.65,202.26386,0.1546773677970751,67.42128666666666,,0.1575,-0.0031645569620253333,0.0031645569620253333,0.005,0.031746031746031744,16185.82,5102.31,21288.13,9167.140000000001,0.5206427243726902,0.0,0.5206427243726902,-0.006785157337748825,0.4378053811255399,0.3079507589017177,-0.21222418441495502,-0.401334817048593,-0.2010361455708389,0.1477390212968229,0.7389709826895088,-0.4658199801667251,-0.2010361455708389,0.07211485695194478,False,1308327_YES.csv,1308327_YES
1771031580,2026-02-14 01:13:00,1,9.0,1.39512,0.15501333331610959,1.39512,,0.1575,0.0,0.0,0.005,0.031746031746031744,16185.82,5102.31,21288.13,0.0,0.5206427243726902,-0.0,0.5206427243726902,-0.4138945976026798,-0.7595228711999126,-0.7055763510979666,-0.21804547374503616,-0.401334817048593,-0.4753527030607322,0.1560432178389002,-1.878993819900559,-0.4633370729547289,-0.4753527030607322,-2.8176835959160202,False,1308327_YES.csv,1308327_YES
1771031700,2026-02-14 01:15:00,2,146.25,22.5225,0.15399999999894703,11.26125,,0.156,-0.00952380952380949,0.00952380952380949,0.004,0.02564102564102564,15269.95,3382.32,18652.27,-2635.8600000000006,0.637328861312859,2635.8600000000006,0.637328861312859,-0.21396423685889218,-0.631747906520017,-0.5426243334884961,-0.35560102285423606,0.6373834546450109,0.34565781553729197,0.5469042275289598,-1.3883364768674054,0.8286866593197346,0.34565781553729197,-0.21399200201037877,False,1308327_YES.csv,1308327_YES
1771031760,2026-02-14 01:16:00,2,171.63,27.29417,0.15902913243512773,13.647085,,0.156,0.0,0.0,0.004,0.02564102564102564,15269.95,3382.32,18652.27,0.0,0.637328861312859,-0.0,0.637328861312859,-0.2175992800795049,-0.6067715509485304,-0.5089193196822689,-0.3312594238353704,-0.40131864154599933,-0.4791205112223619,0.5616383927505303,-1.333290150710304,-0.17093967263083942,-0.4791205112223619,-1.9833503345635055,False,1308327_YES.csv,1308327_YES
1771031820,2026-02-14 01:17:00,2,160.453601,25.760569,0.16054840053006633,12.8802845,,0.156,0.0,0.0,0.004,0.02564102564102564,15269.95,3382.32,18652.27,0.0,0.637328861312859,-0.0,0.637328861312859,-0.2107844353945178,-0.591033867463703,-0.5025264218357938,-0.3064448236582637,-0.40131864154599933,-0.4791205112223619,0.5767338999654955,-1.3043447246940145,-0.13102956523876752,-0.4791205112223619,-1.914494801155144,False,1308327_YES.csv,1308327_YES
1771031880,2026-02-14 01:18:00,2,106.25,17.1,0.1609411764690735,8.55,,0.16,0.025641025641025772,0.025641025641025772,0.002,0.0125,2980.73,13791.89,16772.62,-1879.6500000000015,-0.644571927343492,1879.6500000000015,0.644571927343492,-0.20730794338635938,-0.6237508458327677,-0.5549532714790063,-0.7132097691421602,0.45267371218062924,1.668211356195443,0.6165472676287244,-1.3860120606981334,0.35601121066719343,1.668211356195443,0.6382105061645029,False,1308327_YES.csv,1308327_YES
1771031940,2026-02-14 01:19:00,1,117.64,18.82629,0.16003306698265865,18.82629,,0.16,0.0,0.0,0.002,0.0125,2980.73,13791.89,16772.62,0.0,-0.644571927343492,-0.0,0.644571927343492,-0.40060571919768595,-0.5960326158762325,-0.38312297073091234,-1.0423132509634374,-0.3946265905615598,-0.4991453486674856,0.6328055230586852,-1.3797613058048308,-0.804134318466312,-0.4991453486674856,-2.6830409729386284,False,1308327_YES.csv,1308327_YES
1771032060,2026-02-14 01:21:00,1,6.94,1.10346,0.15899999997708933,1.10346,,0.1595,-0.0031250000000000444,0.0031250000000000444,0.001,0.006269592476489028,9301.24,8458.72,17759.96,987.3400000000001,0.04743929603445055,0.0,0.04743929603445055,-0.40060571919768595,-0.698270180103126,-0.6538870569081235,-1.4077377721572049,-0.374134733774208,-0.23478632543874836,-1.3343246247879854,-1.7527629562089357,-3.1161971307193985,-0.23478632543874836,-5.103746412367083,False,1308327_YES.csv,1308327_YES
1771032120,2026-02-14 01:22:00,4,1531.1417999999999,244.78877900000003,0.15987335660213844,61.19719475000001,,0.1595,0.0,0.0,0.001,0.006269592476489028,9301.24,8458.72,17759.96,0.0,0.04743929603445055,-0.0,0.04743929603445055,0.2036930483510768,0.806081638072552,0.35326678345767826,-1.3991550673213549,-0.374134733774208,-0.4989205422827965,-1.2890233218133875,1.3630414698813071,-3.06231312290895,-0.4989205422827965,-2.1981921953104395,False,1308327_YES.csv,1308327_YES
1771032180,2026-02-14 01:23:00,2,1506.64596,242.369998,0.16086725377728364,121.184999,,0.1595,0.0,0.0,0.001,0.006269592476489028,9301.24,8458.72,17759.96,0.0,0.04743929603445055,-0.0,0.04743929603445055,-0.2036930483510768,0.8948180549641102,1.6701679522756787,-1.399926113380966,-0.374134733774208,-0.4989205422827965,-1.246152456482413,2.361292958888712,-3.020213303637587,-0.4989205422827965,-1.1578408870316714,False,1308327_YES.csv,1308327_YES
1771032240,2026-02-14 01:24:00,1,157.0,25.12,0.1599999999989809,25.12,,0.1585,-0.006269592476489061,0.006269592476489061,0.003,0.01892744479495268,18060.620000000003,6127.11,24187.730000000003,6427.770000000004,0.4933703989584802,0.0,0.4933703989584802,-0.3865990184028197,-0.5274484191888762,-0.22784079629704565,-0.5106036070664881,-0.36455202788854235,0.02680177102135132,0.27303708292922363,-1.1418882338887415,-0.6021185520258068,0.02680177102135132,-1.717205014893197,False,1308327_YES.csv,1308327_YES
1771032300,2026-02-14 01:25:00,1,6.329112,0.999999,0.15799989000700249,0.999999,,0.1585,0.0,0.0,0.003,0.01892744479495268,18060.620000000003,6127.11,24187.730000000003,0.0,0.4933703989584802,-0.0,0.4933703989584802,-0.3828020554711522,-0.68435682515153,-0.6935685635578569,-0.48775324274314374,-0.36455202788854235,-0.503344204389825,0.30265220647612073,-1.7607274441805392,-0.5496530641555653,-0.503344204389825,-2.813724712725929,False,1308327_YES.csv,1308327_YES
1771032480,2026-02-14 01:28:00,4,557.1872020000001,88.52842799999999,0.15888453231171146,22.132106999999998,,0.1585,0.0,0.0,0.003,0.01892744479495268,18060.620000000003,6127.11,24187.730000000003,0.0,0.4933703989584802,-0.0,0.4933703989584802,0.236109859044075,-0.03745572157921036,-0.2535649243396834,-0.4657951810421216,-0.36455202788854235,-0.503344204389825,0.33405353453401626,-0.05491078687481876,-0.4962936743966477,-0.503344204389825,-1.0545486656612915,False,1308327_YES.csv,1308327_YES
1771032540,2026-02-14 01:29:00,1,248.44,39.00508,0.15699999999936806,39.00508,,0.1585,0.0,0.0,0.003,0.01892744479495268,18060.620000000003,6127.11,24187.730000000003,0.0,0.4933703989584802,-0.0,0.4933703989584802,-0.36633336281574447,-0.39002920590389273,0.08077807723218958,-0.4402918488584865,-0.36455202788854235,-0.477461647750479,0.37705250740700513,-0.6755844914874476,-0.4277913693400237,-0.477461647750479,-1.5808375085779502,False,1308327_YES.csv,1308327_YES
1771032600,2026-02-14 01:30:00,1,156.3125,25.000000000000004,0.15993602558874095,25.000000000000004,,0.1585,0.0,0.0,0.003,0.01892744479495268,17231.010000000002,6740.31,23971.320000000003,-216.40999999999985,0.43763547439189826,216.40999999999985,0.43763547439189826,-1.090200761292985,-0.47255158632659683,-0.20693817477202883,-0.414407415258795,-0.2681227856220947,-0.477461647750479,0.21231719270332872,-1.7696905223916106,-0.47021300817756095,-0.477461647750479,-2.7173651783196506,False,1308327_YES.csv,1308327_YES
1771032720,2026-02-14 01:32:00,5,441.409112,69.452269,0.15734217330756559,13.8904538,,0.1585,0.0,0.0,0.003,0.01892744479495268,17231.010000000002,6740.31,23971.320000000003,0.0,0.43763547439189826,-0.0,0.43763547439189826,2.5163599239754544,-0.1524027593712253,-0.43553479199211037,-0.3880188684283656,-0.3663817418966197,-0.477461647750479,0.2596702738238964,1.9284223726121186,-0.4947303365010889,-0.477461647750479,0.9562303883605507,False,1308327_YES.csv,1308327_YES
1771032780,2026-02-14 01:33:00,3,4096.329112,624.007989,0.15233346050536956,208.00266299999998,,0.156,-0.01577287066246058,0.01577287066246058,0.004,0.02564102564102564,16298.65,6038.57,22337.22,-1634.1000000000022,0.45932663061920864,1634.1000000000022,0.45932663061920864,0.6905034317846903,3.5450676121170055,3.2630009441186996,0.21479165025197272,0.3756784862833892,1.0675693462014098,0.3677480273308241,7.498571988020395,0.9582181638661861,1.0675693462014098,9.52435949808799,True,1308327_YES.csv,1308327_YES
1771032840,2026-02-14 01:34:00,2,191.3,30.166079999999997,0.15768991113351963,15.083039999999999,,0.156,0.0,0.0,0.004,0.02564102564102564,16298.65,6038.57,22337.22,0.0,0.45932663061920864,-0.0,0.45932663061920864,-0.21015321836925363,-0.41119118571973085,-0.3858482301043865,0.25255997727419216,-0.36629749908369874,-0.4867866929035397,0.38813531981708815,-1.007192634193371,0.2743977980075816,-0.4867866929035397,-1.219581529089329,False,1308327_YES.csv,1308327_YES
1771032900,2026-02-14 01:35:00,4,208.29,32.1027,0.15412501800300482,8.025675,,0.156,0.0,0.0,0.004,0.02564102564102564,16298.65,6038.57,22337.22,0.0,0.45932663061920864,-0.0,0.45932663061920864,1.5495685821213647,-0.3816978571016851,-0.5189300044893908,0.2937222402230914,-0.36629749908369874,-0.4867866929035397,0.4092470763998931,0.6489407205302888,0.33667181753928577,-0.4867866929035397,0.4988258451660349,False,1308327_YES.csv,1308327_YES
1771032960,2026-02-14 01:36:00,3,170.03,26.69331,0.1569917661579898,8.89777,,0.155,-0.0064102564102563875,0.0064102564102563875,0.004,0.025806451612903226,11819.17,8915.06,20734.23,-1602.9900000000016,0.14006355673685497,1602.9900000000016,0.14006355673685497,0.6472676409809336,-0.42316122366004133,-0.5037131964410202,0.2747791094467317,0.4192191700376425,0.1624556798251574,-0.9186994545068423,-0.27960677912012794,-0.2247011750224681,0.1624556798251574,-0.3418522743174387,False,1308327_YES.csv,1308327_YES
1771033020,2026-02-14 01:37:00,5,2812.348056,433.424428,0.15411478926840408,86.6848856,,0.155,0.0,0.0,0.004,0.025806451612903226,11819.17,8915.06,20734.23,0.0,0.14006355673685497,-0.0,0.14006355673685497,2.3303454556122736,2.320616236102574,1.138756358289021,0.2556833221366558,-0.34953161272617117,-0.4757674995324849,-0.8952847642849606,5.789718050003868,-0.989133054874476,-0.4757674995324849,4.324817495596907,False,1308327_YES.csv,1308327_YES
1771033080,2026-02-14 01:38:00,1,350.76,53.31552,0.15199999999956665,53.31552,,0.155,0.0,0.0,0.004,0.025806451612903226,11819.17,8915.06,20734.23,0.0,0.14006355673685497,-0.0,0.14006355673685497,-1.1008380373137734,-0.25637245604857456,0.4148596094460598,0.23640422560352106,-0.34953161272617117,-0.4757674995324849,-0.8735981540043822,-0.9423508839162881,-0.9867255411270324,-0.4757674995324849,-2.4048439245758053,False,1308327_YES.csv,1308327_YES
1771033140,2026-02-14 01:39:00,2,310.0,47.120000000000005,0.1519999999995097,23.560000000000002,,0.154,-0.006451612903225823,0.006451612903225823,0.004,0.025974025974025976,11417.89,11639.46,23057.35,2323.119999999999,-0.009609517138786536,0.0,0.009609517138786536,-0.24304216408226156,-0.30016524043083265,-0.21968166646535156,0.22588415137224216,-0.34953161272617117,0.16128566225624077,-1.4346346367432716,-0.7628890709784458,-1.5582820980972008,0.16128566225624077,-2.1598855068194056,False,1308327_YES.csv,1308327_YES
1771033200,2026-02-14 01:40:00,1,128.205127,19.999999,0.1559999936651831,19.999999,,0.154,0.0,0.0,0.004,0.025974025974025976,11417.89,11639.46,23057.35,0.0,-0.009609517138786536,-0.0,0.009609517138786536,-1.0651832633943132,-0.48222500407187163,-0.2987848217478089,0.21536863234636186,-0.34953161272617117,-0.48103629389110175,-1.3954256272966385,-1.8461930892139937,-1.5295886076764478,-0.48103629389110175,-3.856817990781543,False,1308327_YES.csv,1308327_YES
1771033380,2026-02-14 01:43:00,2,382.97706900000003,59.614599,0.15566101426256498,29.8072995,,0.154,0.0,0.0,0.004,0.025974025974025976,11417.89,11639.46,23057.35,0.0,-0.009609517138786536,-0.0,0.009609517138786536,-0.2293901565547016,-0.21984010621957534,-0.09752199402427951,0.18787733392118736,-0.34953161272617117,-0.48103629389110175,-1.3631113050382986,-0.5467522567985564,-1.5247655838432823,-0.48103629389110175,-2.5525541345329406,False,1308327_YES.csv,1308327_YES
1771033500,2026-02-14 01:45:00,1,2.0,0.308,0.15399999992299998,0.308,,0.1555,0.009740259740259827,0.009740259740259827,0.003,0.01929260450160772,13517.69,11966.07,25483.760000000002,2426.4100000000035,0.06088661955692569,0.0,0.06088661955692569,-1.0651832633943132,-0.6224035170401104,-0.7260737514543855,-0.5106911992411066,-0.34953161272617117,0.4725736963187969,-1.1177461468924716,-2.413660531888809,-1.9779689588597495,0.4725736963187969,-3.9190557944297613,False,1308327_YES.csv,1308327_YES
1771033680,2026-02-14 01:48:00,1,17.79,2.79303,0.1569999999911748,2.79303,,0.1565,0.006430868167202508,0.006430868167202508,0.001,0.006389776357827476,12963.9,12727.63,25691.53,207.7699999999968,0.009196416095109962,0.0,0.009196416095109962,-1.0331198785315576,-0.5869455281951481,-0.6573773509613284,-1.8725343972173907,-0.34953161272617117,0.1326591838400024,-1.3136237597203932,-2.2774427576880343,-3.5356897696639553,0.1326591838400024,-5.680473343511987,False,1308327_YES.csv,1308327_YES
1771033800,2026-02-14 01:50:00,1,12.5,1.9625,0.15699999998744,1.9625,,0.1565,0.0,0.0,0.001,0.006389776357827476,12963.9,12727.63,25691.53,0.0,0.009196416095109962,-0.0,0.009196416095109962,-1.0193436848466064,-0.612213429059772,-0.6534993280324625,-1.787318802419724,-0.3295346906234013,-0.575362496618447,-1.305593855570691,-2.285056441938841,-3.422447348613816,-0.575362496618447,-6.282866287171104,False,1308327_YES.csv,1308327_YES
1771033860,2026-02-14 01:51:00,3,1019.25,159.94673,0.1569259063035007,53.315576666666665,,0.155,-0.009584664536741228,0.009584664536741228,0.004,0.025806451612903226,13546.16,12049.46,25595.62,-95.90999999999985,0.05847484843109879,95.90999999999985,0.05847484843109879,0.7607790697302104,0.7419676115032477,0.618865097255201,0.22341754101040015,-0.28401797310424776,0.7382057009660157,-1.0945931407917426,2.121611778488659,-1.1551935728855902,0.7382057009660157,1.7046239065690845,False,1308327_YES.csv,1308327_YES
1771033920,2026-02-14 01:52:00,7,3690.84,566.6532400000001,0.15352961385479902,80.95046285714287,,0.155,0.0,0.0,0.004,0.025806451612903226,13546.16,12049.46,25595.62,0.0,0.05847484843109879,-0.0,0.05847484843109879,3.7226543346379133,3.6773539275335927,1.32342450004046,0.23610641642401653,-0.32346569865116626,-0.5725624158552226,-1.0869362900432662,8.723432762211965,-1.1742955722704158,-0.5725624158552226,6.976574774086327,False,1308327_YES.csv,1308327_YES
1771033980,2026-02-14 01:53:00,12,712.214299,112.297417,0.1576736344068294,9.358118083333332,,0.155,0.0,0.0,0.004,0.025806451612903226,13546.16,12049.46,25595.62,0.0,0.05847484843109879,-0.0,0.05847484843109879,5.356293189056624,0.24061392873296822,-0.487147292018754,0.24900357271591758,-0.32346569865116626,-0.5725624158552226,-1.0793640296514297,5.109759825770838,-1.1538261555866784,-0.5725624158552226,3.383371254328937,False,1308327_YES.csv,1308327_YES
1771034040,2026-02-14 01:54:00,4,4.16,0.6364799999999999,0.15299999996322114,0.15911999999999998,,0.155,0.0,0.0,0.004,0.025806451612903226,12065.7,8124.48,20190.18,-5405.439999999999,0.1952047975798136,5405.439999999999,0.1952047975798136,0.9004513680043197,-0.5867901904260225,-0.7049685556849321,0.26212086566063236,2.154891305375367,-0.5569293666331266,-0.5080299637434074,-0.39130737810663496,1.908982207292592,-0.5569293666331266,0.9607454625528303,False,1308327_YES.csv,1308327_YES
1771034220,2026-02-14 01:57:00,15,28.57,4.342639999999999,0.15199999999467972,0.2895093333333333,,0.1535,-0.009677419354838679,0.009677419354838679,0.003,0.01954397394136808,1763.6,6975.92,8739.52,-11450.66,-0.5964080407161949,11450.66,0.5964080407161949,5.117510581293747,-0.5552214947240457,-0.6939909568108595,-0.40143277397073357,4.105248808804547,0.7744989288963647,1.1790933623430904,3.8682981297588412,4.882909397176904,0.7744989288963647,9.525706455832111,True,1308327_YES.csv,1308327_YES
1771034280,2026-02-14 01:58:00,1,4.36,0.68888,0.15799999996376146,0.68888,,0.1535,0.0,0.0,0.003,0.01954397394136808,1763.6,6975.92,8739.52,0.0,-0.5964080407161949,-0.0,0.5964080407161949,-0.6444005145831693,-0.5599584744600082,-0.6670114709862064,-0.37480153478366607,-0.34466006626507173,-0.557441380038923,1.202368856021584,-1.8713704600293841,0.48290725497284614,-0.557441380038923,-1.945904585095461,False,1308327_YES.csv,1308327_YES
1771034340,2026-02-14 01:59:00,1,13.56,2.054,0.15147492624251657,2.054,,0.1535,0.0,0.0,0.003,0.01954397394136808,1763.6,6975.92,8739.52,0.0,-0.5964080407161949,-0.0,0.5964080407161949,-0.6356191358869364,-0.5350956784640852,-0.6093603858606873,-0.3479944887546548,-0.34466006626507173,-0.557441380038923,1.226524204347118,-1.7800752002117088,0.5338696493273916,-0.557441380038923,-1.8036469309232404,False,1308327_YES.csv,1308327_YES
1771034400,2026-02-14 02:00:00,4,222.11,34.576499999999996,0.15567286479602144,8.644124999999999,,0.153,-0.0032573289902280145,0.0032573289902280145,0.003,0.0196078431372549,3738.4,3029.17,6767.57,-1971.9500000000007,0.10479832495267874,1971.9500000000007,0.10479832495267874,0.5744761361886382,-0.28327859252376075,-0.4367714001541694,-0.3217277916652925,0.5132919995274057,-0.1092398585517372,-0.9133201146711224,-0.1455738564892919,-0.7217559068090091,-0.1092398585517372,-0.9765696218500383,False,1308327_YES.csv,1308327_YES
1771034460,2026-02-14 02:01:00,12,44.220511,6.889999,0.15581002670557537,0.5741665833333334,,0.153,0.0,0.0,0.003,0.0196078431372549,3738.4,3029.17,6767.57,0.0,0.10479832495267874,-0.0,0.10479832495267874,3.3975300960059194,-0.502571581922542,-0.650682485474906,-0.3217277916652925,-0.33674988939708045,-0.5442647979471772,-0.8855096277365122,2.2442760286084713,-1.5439873087988851,-0.5442647979471772,0.156023921862409,False,1308327_YES.csv,1308327_YES
1771034520,2026-02-14 02:02:00,5,24.610630999999998,3.8842790000000003,0.15782931367514186,0.7768558000000001,,0.153,0.0,0.0,0.003,0.0196078431372549,3738.4,3029.17,6767.57,0.0,0.10479832495267874,-0.0,0.10479832495267874,0.7949061530406905,-0.5241719755538075,-0.6406075230152919,-0.3217277916652925,-0.33674988939708045,-0.5442647979471772,-0.8586778581597242,-0.3698733455284089,-1.517155539222097,-0.5442647979471772,-2.431293682697683,False,1308327_YES.csv,1308327_YES
1771034580,2026-02-14 02:03:00,1,60.0,9.48,0.1579999999973667,9.48,,0.154,0.006535947712418277,0.006535947712418277,0.008,0.05194805194805195,4309.4,1809.8,6119.2,-648.3699999999999,0.4084847692508824,648.3699999999999,0.4084847692508824,-0.6528925841319517,-0.4614641867161343,-0.39476987237929645,3.8279393763012015,-0.05161667508139721,0.4090857924698301,0.5906877295138088,-1.5091266432273827,4.367010430733613,0.4090857924698301,3.2669695799760605,False,1308327_YES.csv,1308327_YES
1771034640,2026-02-14 02:04:00,2,156.873036,24.214499,0.15435730459022695,12.1072495,,0.154,0.0,0.0,0.008,0.05194805194805195,4309.4,1809.8,6119.2,0.0,0.4084847692508824,-0.0,0.4084847692508824,-0.28050760365121313,-0.3424386395104775,-0.3239122858998997,3.373213813052992,-0.34190996311932087,-0.548356705674209,0.5859844796001372,-0.9468585290615903,3.617288329533808,-0.548356705674209,2.122073094798009,False,1308327_YES.csv,1308327_YES
1771034700,2026-02-14 02:05:00,2,211.847132,31.999999,0.15105231162557797,15.9999995,,0.154,0.0,0.0,0.008,0.05194805194805195,4309.4,1809.8,6119.2,0.0,0.4084847692508824,-0.0,0.4084847692508824,-0.26861653210100506,-0.28200938849368745,-0.22479815524237445,3.0394195743498402,-0.34190996311932087,-0.548356705674209,0.5813076177109574,-0.775424075837067,3.2788172289414765,-0.548356705674209,1.9550364474302007,False,1308327_YES.csv,1308327_YES
1771034940,2026-02-14 02:09:00,3,181.01048,28.488018,0.15738325206276796,9.496006,,0.1545,0.0032467532467532756,0.0032467532467532756,0.003,0.01941747572815534,210.54,10921.47,11132.01,5012.81,-0.9621739470230442,0.0,0.9621739470230442,0.08576194481793686,-0.31400562299649937,-0.4036497319201198,-0.40143277397073385,-0.34190996311932087,-0.026428634524928257,2.9282212385657185,-0.6318934100986824,2.184878501475664,-0.026428634524928257,1.5265564568520533,False,1308327_YES.csv,1308327_YES
1771035060,2026-02-14 02:11:00,2,132.911389,20.999997999999998,0.1579999889990014,10.499998999999999,,0.1545,0.0,0.0,0.003,0.01941747572815534,210.54,10921.47,11132.01,0.0,-0.9621739470230442,-0.0,0.9621739470230442,-0.2755004801806335,-0.3738923466961489,-0.37916560602641963,-0.40143277397073385,-0.34190996311932087,-0.5333032877827337,2.6984286284588297,-1.028558432903202,1.955085891368775,-0.5333032877827337,0.3932241706828392,False,1308327_YES.csv,1308327_YES
1771035300,2026-02-14 02:15:00,2,316.11,47.4165,0.14999999999952549,23.70825,,0.154,-0.003236245954692518,0.003236245954692518,0.008,0.05194805194805195,4148.11,9974.91,14123.02,2991.01,-0.41257464763202206,0.0,0.41257464763202206,-0.26922948611646774,-0.16968526617962912,-0.034062388448642386,2.7801901669384272,-0.34190996311932087,-0.0011884662737772214,0.4324893140225136,-0.4729771407447393,2.87076951784162,-0.0011884662737772214,2.3966039108231034,False,1308327_YES.csv,1308327_YES
1771035360,2026-02-14 02:16:00,2,2050.0,322.64776,0.15738915121943542,161.32388,,0.154,0.0,0.0,0.008,0.05194805194805195,4148.11,9974.91,14123.02,0.0,-0.41257464763202206,-0.0,0.41257464763202206,-0.26922948611646774,1.9150862555173402,3.261569692689168,2.5770031654320698,-0.34190996311932087,-0.5187648479322475,0.42778667677186694,4.90742646209004,2.6628798790846155,-0.5187648479322475,7.051541493242407,False,1308327_YES.csv,1308327_YES
1771035420,2026-02-14 02:17:00,1,316.708859,49.999999,0.15787369875827223,49.999999,,0.154,0.0,0.0,0.008,0.05194805194805195,4148.11,9974.91,14123.02,0.0,-0.41257464763202206,-0.0,0.41257464763202206,-0.6363606035480146,-0.19251077369946148,0.526305294005533,2.407255180816515,-0.34190996311932087,-0.5187648479322475,0.4231042198792785,-0.302566083241943,2.488449437576472,-0.5187648479322475,1.6671185064022818,False,1308327_YES.csv,1308327_YES
1771035480,2026-02-14 02:18:00,2,2316.7,362.2799,0.15637756291269636,181.13995,,0.152,-0.012987012987012991,0.012987012987012991,0.01,0.06578947368421052,7010.0,8826.73,15836.73,1713.7099999999991,-0.11471623245455341,0.0,0.11471623245455341,-0.2761327253728291,2.0951016164995364,3.3067233200633535,3.1777964164492114,-0.34190996311932087,1.6713388404411567,-0.7778116602881461,5.125692211190061,2.0580747930417442,1.6713388404411567,8.855105844672963,False,1308327_YES.csv,1308327_YES
1771035540,2026-02-14 02:19:00,47,447.767769,66.668309,0.14889037044524547,1.418474659574468,,0.152,0.0,0.0,0.01,0.06578947368421052,7010.0,8826.73,15836.73,0.0,-0.11471623245455341,-0.0,0.11471623245455341,6.879411567746184,-0.1081611798910164,-0.6521723516495013,2.8895036588055825,-0.31838643730795796,-0.5338549152537818,-0.7855284519577764,6.119078036205666,1.785588769539848,-0.5338549152537818,7.370811890491732,False,1308327_YES.csv,1308327_YES
1771035600,2026-02-14 02:20:00,31,322.17,46.71465,0.14499999999954993,1.506924193548387,,0.152,0.0,0.0,0.01,0.06578947368421052,7010.0,8826.73,15836.73,0.0,-0.11471623245455341,-0.0,0.11471623245455341,3.728461091027296,-0.2500909845539236,-0.6245490997628343,2.660277351818747,-0.31838643730795796,-0.5338549152537818,-0.7933400181297401,2.8538210067105383,1.5485508963810486,-0.5338549152537818,3.868516987837805,False,1308327_YES.csv,1308327_YES
1771035660,2026-02-14 02:21:00,15,328.971336,51.542749,0.15667854113539947,3.4361832666666667,,0.1515,-0.003289473684210509,0.003289473684210509,0.009,0.0594059405940594,10241.9,7127.04,17368.94,1532.2099999999991,0.17933506592803014,0.0,0.17933506592803014,1.4623436613060594,-0.22034522955949587,-0.5816920956392079,2.0837663841290586,-0.31838643730795796,0.016655243019097696,-0.5404087776931092,0.6603063361073557,1.2249711691279914,0.016655243019097696,1.9019327482544448,False,1308327_YES.csv,1308327_YES
1771035840,2026-02-14 02:24:00,2,1573.375795,247.80203900000004,0.15749704538949164,123.90101950000002,,0.153,0.00990099009900991,0.00990099009900991,0.006,0.0392156862745098,2838.97,6459.56,9298.53,-8070.409999999998,-0.3893722986321494,8070.409999999998,0.3893722986321494,-0.3006054203303028,1.2032578765750588,2.0035289075045606,0.7486912383483098,3.489346811801957,1.348440791104247,0.3176664910223205,2.9061813637493166,4.555704541172587,1.348440791104247,8.81032669602615,False,1308327_YES.csv,1308327_YES
1771035960,2026-02-14 02:26:00,3,71.670253,10.985109,0.15327292063342826,3.6617029999999997,,0.153,0.0,0.0,0.006,0.0392156862745098,2838.97,6459.56,9298.53,0.0,-0.3893722986321494,-0.0,0.3893722986321494,-0.1673441466976016,-0.5398161071875341,-0.5892233411878421,0.7255409756532656,-0.34720268830483836,-0.5677520374959679,0.305504451911211,-1.2963835950729778,0.6838427392596382,-0.5677520374959679,-1.1802928933093075,False,1308327_YES.csv,1308327_YES
1771036140,2026-02-14 02:29:00,2,358.822483,56.313499,0.15693971717999358,28.1567495,,0.153,0.0,0.0,0.006,0.0392156862745098,2838.97,6459.56,9298.53,0.0,-0.3893722986321494,-0.0,0.3893722986321494,-0.3055515102309128,-0.21323333504428013,-0.07082569576406833,0.7028159887880059,-0.34720268830483836,-0.5677520374959679,0.29337001583187317,-0.5896105410392614,0.6489833163150407,-0.5677520374959679,-0.5083792622201886,False,1308327_YES.csv,1308327_YES
1771036200,2026-02-14 02:30:00,2,16.410255,2.509999,0.15295307719758447,1.2549995,,0.153,0.0,0.0,0.006,0.0392156862745098,6256.49,6135.18,12391.67,3093.1399999999994,0.009789640944279462,0.0,0.009789640944279462,-0.3031231908163225,-0.6070146959692558,-0.6495935407729401,0.6804802455610879,-0.34720268830483836,-0.5677520374959679,-1.2540247388377304,-1.5597314275585183,-0.9207471815814808,-0.5677520374959679,-3.048230646635967,False,1308327_YES.csv,1308327_YES
1771036380,2026-02-14 02:33:00,1,200.0,31.6,0.15799999999921002,31.6,,0.1555,0.016339869281045694,0.016339869281045694,0.005,0.03215434083601286,2599.6,5561.1900000000005,8160.790000000001,-4230.879999999999,-0.3629048168130782,4230.879999999999,0.3629048168130782,-0.43884999267437735,-0.3964619135541205,-0.0036021341442619426,0.232322403690902,1.5960321131040265,2.4172166150972223,0.18474749581507993,-0.8389140403727599,2.0131020126100085,2.4172166150972223,3.591404587334471,False,1308327_YES.csv,1308327_YES
1771036440,2026-02-14 02:34:00,3,747.240503,117.523998,0.15727733912710928,39.174666,,0.1555,0.0,0.0,0.005,0.03215434083601286,2599.6,5561.1900000000005,8160.790000000001,0.0,-0.3629048168130782,-0.0,0.3629048168130782,-0.16739638895826767,0.22968654860676763,0.15201177783507747,0.24038916696603727,-0.3611142076733637,-0.5665287187744915,0.16784007294182798,0.21430193748357743,0.04711503223450153,-0.5665287187744915,-0.3051117490564126,False,1308327_YES.csv,1308327_YES
1771036500,2026-02-14 02:35:00,3,425.029425,65.95497900000001,0.15517744212614182,21.984993000000003,,0.1555,0.0,0.0,0.005,0.03215434083601286,2599.6,5561.1900000000005,8160.790000000001,0.0,-0.3629048168130782,-0.0,0.3629048168130782,-0.1697508390171738,-0.15839201550808582,-0.22705010105265117,0.24852677564395956,-0.3611142076733637,-0.5665287187744915,0.15076044622924645,-0.5551929555779107,0.03817301419984229,-0.5665287187744915,-1.08354866015256,False,1308327_YES.csv,1308327_YES
1771036560,2026-02-14 02:36:00,3,3423.83727,541.5405880000001,0.1581677355827842,180.51352933333337,,0.155,-0.003215434083601254,0.003215434083601254,0.004,0.025806451612903226,3198.6,4147.2300000000005,7345.83,-814.960000000001,-0.12913857249623265,814.960000000001,0.12913857249623265,-0.17452500523822667,3.0363518533148275,2.925909207155091,-0.19004988725714553,0.06858434385567569,0.06147424201420177,-0.8091815670837093,5.787736055231692,-0.9306471104851791,0.06147424201420177,4.918563186760715,False,1308327_YES.csv,1308327_YES
1771036620,2026-02-14 02:37:00,1,6.289307,0.999999,0.1589998707076948,0.999999,,0.155,0.0,0.0,0.004,0.025806451612903226,3198.6,4147.2300000000005,7345.83,0.0,-0.12913857249623265,-0.0,0.12913857249623265,-0.4413521814446519,-0.6304654875459004,-0.6742225348137224,-0.19004988725714553,-0.3384066442762889,-0.5586538502308854,-0.7953848453999774,-1.7460402038042746,-1.3238413769334119,-0.5586538502308854,-3.628535430968572,False,1308327_YES.csv,1308327_YES
1771036680,2026-02-14 02:38:00,1,7.2,1.1448,0.15899999997791667,1.1448,,0.155,0.0,0.0,0.004,0.025806451612903226,3198.6,4147.2300000000005,7345.83,0.0,-0.12913857249623265,-0.0,0.12913857249623265,-0.43871303323425276,-0.6076682141633212,-0.6455803313993911,-0.19004988725714553,-0.3384066442762889,-0.5586538502308854,-0.7818205089260973,-1.691961578796965,-1.3102770404595319,-0.5586538502308854,-3.5608924694873823,False,1308327_YES.csv,1308327_YES
1771036740,2026-02-14 02:39:00,2,37.735846,5.999998,0.15899995987478321,2.999999,,0.1565,0.00967741935483879,0.00967741935483879,0.005,0.03194888178913738,3247.07,3608.61,6855.68,-490.14999999999964,-0.05273583364451082,490.14999999999964,0.05273583364451082,-0.3006054203303028,-0.5535705022090154,-0.5867223290102095,0.24852677564395956,-0.09779394932870364,1.2688463391516003,-1.0592535952222746,-1.4408982515495277,-0.9085207689070187,1.2688463391516003,-1.080572681304946,False,1308327_YES.csv,1308327_YES
1771036860,2026-02-14 02:41:00,1,31.446539,4.999999,0.1589999777031424,4.999999,,0.1565,0.0,0.0,0.005,0.03194888178913738,3247.07,3608.61,6855.68,0.0,-0.05273583364451082,-0.0,0.05273583364451082,-0.4362168881484845,-0.5609532132625458,-0.5475757410706757,0.24852677564395956,-0.3427965863926338,-0.5715030797508878,-1.0244909060034288,-1.544745842481706,-1.118760716752103,-0.5715030797508878,-3.235009638984697,False,1308327_YES.csv,1308327_YES
1771036920,2026-02-14 02:42:00,3,4415.015156,701.6396490000001,0.15892123225133514,233.87988300000004,,0.1575,0.006389776357827559,0.006389776357827559,0.003,0.01904761904761905,4013.44,9820.17,13833.61,6977.93,-0.41975521935344423,0.0,0.41975521935344423,-0.1673441466976016,3.6327225653410316,3.5772542504055154,-0.6194516985829545,-0.32320606219220516,0.6599110947656704,0.4933235522096703,7.042632669048945,-0.44933420856548933,0.6599110947656704,7.253209555249126,False,1308327_YES.csv,1308327_YES
1771036980,2026-02-14 02:43:00,1,1722.41,275.5856,0.1599999999999071,275.5856,,0.1575,0.0,0.0,0.003,0.01904761904761905,4013.44,9820.17,13833.61,0.0,-0.41975521935344423,-0.0,0.41975521935344423,-0.4360809816264281,1.0343375977714748,3.7156767240193607,-0.6103700077754094,-0.32320606219220516,-0.5670179298220195,0.5158457225425236,4.313933340164407,-0.41773034742509096,-0.5670179298220195,3.329185062917297,False,1308327_YES.csv,1308327_YES
1771037040,2026-02-14 02:44:00,4,269.732359,41.983049,0.15564706124059935,10.49576225,,0.1575,0.0,0.0,0.003,0.01904761904761905,4013.44,9820.17,13833.61,0.0,-0.41975521935344423,-0.0,0.41975521935344423,-0.03391837676925679,-0.363312298206164,-0.463141416975691,-0.6013786295814898,-0.32320606219220516,-0.5670179298220195,0.5392980488973906,-0.8603720919511118,-0.3852866428763043,-0.5670179298220195,-1.8126766646494354,False,1308327_YES.csv,1308327_YES
1771037100,2026-02-14 02:45:00,3,3253.73,529.14314,0.16262662851553053,176.38104666666666,,0.1605,0.01904761904761898,0.01904761904761898,0.001,0.006230529595015576,3040.44,9309.55,12349.99,-1483.6200000000008,-0.5076206539438493,1483.6200000000008,0.5076206539438493,-0.17194746164433355,2.378846999581428,2.035143561589345,-1.450300822247659,0.4279435020819883,3.395424937659194,0.934631163669051,4.242043099526439,-0.08772615649661986,3.395424937659194,7.549741880689013,False,1308327_YES.csv,1308327_YES
1771037160,2026-02-14 02:46:00,1,6.097559,0.999999,0.163999889109068,0.999999,,0.1605,0.0,0.0,0.001,0.006230529595015576,3040.44,9309.55,12349.99,0.0,-0.5076206539438493,-0.0,0.5076206539438493,-0.44344345371433397,-0.6255065357815868,-0.6284018556803104,-1.430319327510392,-0.3204518216870817,-0.5957325990837261,0.9563701597995609,-1.697351845176231,-0.7944009893979129,-0.5957325990837261,-3.08748543365787,False,1308327_YES.csv,1308327_YES
1771037280,2026-02-14 02:48:00,1,3.11,0.4976,0.15999999994855305,0.4976,,0.161,0.0031152647975078995,0.0031152647975078995,0.002,0.012422360248447204,6639.03,7275.839999999999,13914.869999999999,1564.8799999999992,-0.045764710701573175,0.0,0.045764710701573175,-0.44344345371433397,-0.628283391305659,-0.6358155992436925,-1.0195183997978594,-0.3204518216870817,0.057060923567302975,-1.0601933974258806,-1.7075424442636855,-2.4001636189108218,0.057060923567302975,-4.050645139607204,False,1308327_YES.csv,1308327_YES
1771037340,2026-02-14 02:49:00,1,484.0,77.44,0.1599999999996694,77.44,,0.161,0.0,0.0,0.002,0.012422360248447204,6639.03,7275.839999999999,13914.869999999999,0.0,-0.045764710701573175,-0.0,0.045764710701573175,-0.43594520205324566,-0.17567823630366222,0.5275482881960942,-1.0361101690379884,-0.3204518216870817,-0.5956997970681198,-1.0599327758259272,-0.08407515016081368,-2.416494766550997,-0.5956997970681198,-3.0962697137799307,False,1308327_YES.csv,1308327_YES
1771037520,2026-02-14 02:52:00,1,125.0,20.0,0.15999999999872,20.0,,0.161,0.0,0.0,0.002,0.012422360248447204,6639.03,7275.839999999999,13914.869999999999,0.0,-0.045764710701573175,-0.0,0.045764710701573175,-0.4333212202976204,-0.48420377744286436,-0.3213009037197914,-1.053156389716668,-0.3204518216870817,-0.5956997970681198,-1.059672256593367,-1.238825901460276,-2.4332804679971165,-0.5956997970681198,-4.267806166525513,False,1308327_YES.csv,1308327_YES
1771037580,2026-02-14 02:53:00,3,30.95,4.7887,0.15472374797561472,1.5962333333333334,,0.161,0.0,0.0,0.002,0.012422360248447204,6639.03,7275.839999999999,13914.869999999999,0.0,-0.045764710701573175,-0.0,0.045764710701573175,-0.16723980874579794,-0.5688728776243185,-0.5959682175317371,-1.0394451173185273,-0.3204518216870817,-0.5747281081690829,-1.0248548051466686,-1.3320809039018535,-2.3847517441522776,-0.5747281081690829,-4.291560756223214,False,1308327_YES.csv,1308327_YES
1771037640,2026-02-14 02:54:00,3,37.924515,5.882839000000001,0.1551196897269452,1.9609463333333335,,0.1545,-0.04037267080745344,0.04037267080745344,0.001,0.006472491909385114,4205.56,5812.860000000001,10018.420000000002,-3896.449999999997,-0.16043447968841393,3896.449999999997,0.16043447968841393,-0.1720011913096208,-0.5632278969502575,-0.5907228708302653,-1.4392407882677198,1.5786964318126246,5.442485577715208,-0.5038723187621517,-1.3259519590901436,-0.36441667521724685,5.442485577715208,3.752116943407817,False,1308327_YES.csv,1308327_YES
1771037700,2026-02-14 02:55:00,1,6.451611,0.999999,0.1549998907009427,0.999999,,0.1545,0.0,0.0,0.001,0.006472491909385114,4205.56,5812.860000000001,10018.420000000002,0.0,-0.16043447968841393,-0.0,0.16043447968841393,-0.4360809816264282,-0.5811802889876921,-0.5985901116163492,-1.4045618996911473,-0.3458468093144799,-0.5023115984602157,-0.48241186731487506,-1.6158513822304696,-2.2328205763205022,-0.5023115984602157,-4.350983557011188,False,1308327_YES.csv,1308327_YES
1771037760,2026-02-14 02:56:00,10,323.244021,49.779577,0.15399999308833623,4.9779577,,0.1545,0.0,0.0,0.001,0.006472491909385114,4205.56,5812.860000000001,10018.420000000002,0.0,-0.16043447968841393,-0.0,0.16043447968841393,0.7611324865265636,-0.3037232584081725,-0.5279588116328499,-1.371402324837457,-0.3458468093144799,-0.5023115984602157,-0.46099594657065857,-0.07054958351445872,-2.1782450807225953,-0.5023115984602157,-2.7511062626972698,False,1308327_YES.csv,1308327_YES
1771037820,2026-02-14 02:57:00,3,799.220778,123.079999,0.15399999898381767,41.02666633333333,,0.152,-0.016181229773462813,0.016181229773462813,0.005,0.03289473684210526,8442.98,15703.39,24146.37,14127.949999999997,-0.3006832911116661,0.0,0.3006832911116661,-0.18943678610159254,0.10588543433310098,0.016780568482481717,0.2859264954423626,-0.343883747501602,1.7928215281781696,0.17171703162643326,-0.06677078328600984,0.11375977956719385,1.7928215281781696,1.8398105244593537,False,1308327_YES.csv,1308327_YES
1771037880,2026-02-14 02:58:00,1,7.0,1.078,0.153999999978,1.078,,0.152,0.0,0.0,0.005,0.03289473684210526,8442.98,15703.39,24146.37,0.0,-0.3006832911116661,-0.0,0.3006832911116661,-0.45027673812164754,-0.5842149103883052,-0.5874416785785529,0.2725185294164721,-0.343883747501602,-0.5279434361011699,0.1827985022287182,-1.6219333270885055,0.1114332841435883,-0.5279434361011699,-2.0384434790460872,False,1308327_YES.csv,1308327_YES
1771038060,2026-02-14 03:01:00,1,1.2,0.1788,0.14899999987583332,0.1788,,0.152,0.0,0.0,0.005,0.03289473684210526,8442.98,15703.39,24146.37,0.0,-0.3006832911116661,-0.0,0.3006832911116661,-0.4451365510330113,-0.5739668285634147,-0.5805974476611974,0.26541887399545866,-0.3307383049007381,-0.5023675904477967,0.19592351159629517,-1.5997008272576236,0.13060408069101576,-0.5023675904477967,-1.9714643370144045,False,1308327_YES.csv,1308327_YES
1771038120,2026-02-14 03:02:00,5,15078.66,2301.65064,0.15264291654562456,460.33012799999995,,0.152,0.0,0.0,0.005,0.03289473684210526,8442.98,15703.39,24146.37,0.0,-0.3006832911116661,-0.0,0.3006832911116661,0.08774541114653034,6.6260352918005445,5.036502692911716,0.25833805768153423,-0.3307383049007381,-0.5023675904477967,0.20926314780738414,11.75028339585879,0.1368629005881803,-0.5023675904477967,11.384778705999175,True,1308327_YES.csv,1308327_YES
1771038240,2026-02-14 03:04:00,1,6.09,0.8830499999999999,0.14499999997619045,0.8830499999999999,,0.152,0.0,0.0,0.005,0.03289473684210526,8442.98,15703.39,24146.37,0.0,-0.3006832911116661,-0.0,0.3006832911116661,-0.4447252886948619,-0.3950477997300291,-0.5153826909534994,0.2512749889963681,-0.3307383049007381,-0.5023675904477967,0.22283042253700217,-1.3551557793783906,0.14336710663263216,-0.5023675904477967,-1.7141562631935552,False,1308327_YES.csv,1308327_YES
1771038360,2026-02-14 03:06:00,9,917.9074420000001,130.674835,0.14236166853069004,14.51942611111111,,0.1345,-0.11513157894736836,0.11513157894736836,0.001,0.007434944237918215,5313.8,6227.83,11541.630000000001,-12604.739999999998,-0.07919418660969028,12604.739999999998,0.07919418660969028,0.6180395058108108,-0.004383106926210763,-0.3519514697923362,-1.3800654899344398,4.623250922166691,6.891381370457915,-0.7823238013571754,0.2617049290922638,2.460861630875076,6.891381370457915,9.613947930425255,True,1308327_YES.csv,1308327_YES
1771038420,2026-02-14 03:07:00,1,7.142856,0.999999,0.1399998823803811,0.999999,,0.1345,0.0,0.0,0.001,0.007434944237918215,5313.8,6227.83,11541.630000000001,0.0,-0.07919418660969028,-0.0,0.07919418660969028,-0.4471075147757229,-0.3806317527148546,-0.4981688203512517,-1.3385506308732014,-0.33546289282423497,-0.3279576211243188,-0.7753679257067004,-1.3259080878418292,-2.449381449404137,-0.3279576211243188,-4.1032471583702845,False,1308327_YES.csv,1308327_YES
1771038480,2026-02-14 03:08:00,1,114.676259,15.89,0.1385639899524577,15.89,,0.1345,0.0,0.0,0.001,0.007434944237918215,5313.8,6227.83,11541.630000000001,0.0,-0.07919418660969028,-0.0,0.07919418660969028,-0.4471075147757229,-0.3327941445133059,-0.3104426999765735,-1.2991195393504043,-0.33546289282423497,-0.3279576211243188,-0.7684770501663732,-1.0903443592656024,-2.4030594823410123,-0.3279576211243188,-3.821361462730933,False,1308327_YES.csv,1308327_YES
1771038660,2026-02-14 03:11:00,1,17.753622,2.449999,0.13799995290324413,2.449999,,0.1345,0.0,0.0,0.001,0.007434944237918215,5313.8,6227.83,11541.630000000001,0.0,-0.07919418660969028,-0.0,0.07919418660969028,-0.444489234257639,-0.37151107852506843,-0.46784026275956037,-1.261574442417829,-0.33546289282423497,-0.32094608261313073,-0.7775961166781875,-1.2838405755422677,-2.3746334519202517,-0.32094608261313073,-3.97942011007565,False,1308327_YES.csv,1308327_YES
1771038720,2026-02-14 03:12:00,1,20.22,2.6286,0.12999999999357073,2.6286,,0.132,-0.0185873605947956,0.0185873605947956,0.01,0.07575757575757576,1117.14,8346.51,9463.65,-2077.9800000000014,-0.7639092739059454,2077.9800000000014,0.7639092739059454,-0.444489234257639,-0.3699598805110345,-0.4616057902796466,2.1554415463695156,0.46796054557562894,0.8201280201447504,2.206694271516849,-1.27605490504832,4.830096363461994,0.8201280201447504,4.374169478558424,False,1308327_YES.csv,1308327_YES
1771038780,2026-02-14 03:13:00,2,151.084891,20.935999000000002,0.13857109642989665,10.467999500000001,,0.132,0.0,0.0,0.01,0.07575757575757576,1117.14,8346.51,9463.65,0.0,-0.7639092739059454,-0.0,0.7639092739059454,-0.31047237970759706,-0.3116707604019293,-0.3629359420411761,2.0404549359480026,-0.34876650883790267,-0.3386772890410755,2.0911618624074255,-0.9850790821507024,3.7828502895175253,-0.3386772890410755,2.459093918325747,False,1308327_YES.csv,1308327_YES
1771038840,2026-02-14 03:14:00,2,966.978415,134.289998,0.13887590034764233,67.144999,,0.132,0.0,0.0,0.01,0.07575757575757576,1117.14,8346.51,9463.65,0.0,-0.7639092739059454,-0.0,0.7639092739059454,-0.31297526034300605,0.02902427639345076,0.3060775605311674,1.936634813421055,-0.34876650883790267,-0.32845517080701053,1.9849392919096267,0.0221265765816121,3.572807596492779,-0.32845517080701053,3.26647900226738,False,1308327_YES.csv,1308327_YES
1771038900,2026-02-14 03:15:00,1,199.59,25.9467,0.12999999999934866,25.9467,,0.1335,0.011363636363636465,0.011363636363636465,0.011,0.08239700374531835,1605.62,7545.05,9150.67,-312.97999999999956,-0.6490705052198363,312.97999999999956,0.6490705052198363,-0.4471075147757229,-0.30483023139599164,-0.19526167475294448,2.1677157165941856,-0.22794045228257528,0.37421821886679657,1.4526612695119812,-0.947199420924659,3.3924365338235916,0.37421821886679657,2.819455331765729,False,1308327_YES.csv,1308327_YES
1771038960,2026-02-14 03:16:00,2,6577.86,914.32254,0.13899999999997886,457.16127,,0.1335,0.0,0.0,0.011,0.08239700374531835,1605.62,7545.05,9150.67,0.0,-0.6490705052198363,-0.0,0.6490705052198363,-0.3154842955697626,2.271063119441635,4.136884913432963,2.0604059114013125,-0.35102778525715284,-0.33319123522264465,1.4017920711722325,6.092463737304836,3.111170197316392,-0.33319123522264465,8.870442699398584,False,1308327_YES.csv,1308327_YES
1771039020,2026-02-14 03:17:00,1,13.89189,1.999999,0.14396881920717988,1.999999,,0.1335,0.0,0.0,0.011,0.08239700374531835,1605.62,7545.05,9150.67,0.0,-0.6490705052198363,-0.0,0.6490705052198363,-0.4446246055080579,-0.39796358644830326,-0.4748453879116076,1.9549737419292512,-0.35032481885574673,-0.3231491666246635,1.3520416894513918,-1.3174335798679686,2.956690612524896,-0.3231491666246635,1.316107866032264,False,1308327_YES.csv,1308327_YES
1771039260,2026-02-14 03:21:00,1,13.3928,2.0,0.14933397048045707,2.0,,0.1445,0.08239700374531811,0.08239700374531811,0.007,0.04844290657439447,5030.0,3835.81,8865.81,-284.8600000000006,0.13469609657775208,284.8600000000006,0.13469609657775208,-0.4310088325168757,-0.37507559846596167,-0.4610853117209681,0.640920109976503,-0.24032163464176087,4.014251610687817,-0.7578658029406502,-1.2671697427038056,-0.3572673276059081,4.014251610687817,2.3898145403781035,False,1308327_YES.csv,1308327_YES
1771039320,2026-02-14 03:22:00,4,1454.333332,217.409999,0.1494911752458208,54.35249975,,0.1445,0.0,0.0,0.007,0.04844290657439447,5030.0,3835.81,8865.81,0.0,0.13469609657775208,-0.0,0.13469609657775208,-0.011272181092811471,0.2588706545697356,0.06142655144657594,0.6232475038638274,-0.352389136026906,-0.34757355647280824,-0.7668170963724236,0.3090250249235001,-0.49595872853550216,-0.34757355647280824,-0.5345072600848103,False,1308327_YES.csv,1308327_YES
1771039380,2026-02-14 03:23:00,1,66.666665,9.999999,0.1499999887477497,9.999999,,0.1445,0.0,0.0,0.007,0.04844290657439447,5030.0,3835.81,8865.81,0.0,0.13469609657775208,-0.0,0.13469609657775208,-0.4097138187698878,-0.3568586826884915,-0.390123853578384,0.6058232544194505,-0.3256128836462346,-0.34757355647280824,-0.7606014278694236,-1.1566963550367633,-0.4803910570962077,-0.34757355647280824,-1.9846609686057792,False,1308327_YES.csv,1308327_YES
1771039560,2026-02-14 03:26:00,1,6.666665,0.999999,0.14999988747747184,0.999999,,0.1445,0.0,0.0,0.007,0.04844290657439447,5030.0,3835.81,8865.81,0.0,0.13469609657775208,-0.0,0.13469609657775208,-0.38506547485542186,-0.3833688112721199,-0.48157266318311576,0.584994092956376,-0.30088180095928296,-0.3387790907461427,-0.7338022988925097,-1.2500069493106576,-0.4496900068954166,-0.3387790907461427,-2.038476046952217,False,1308327_YES.csv,1308327_YES
1771039680,2026-02-14 03:28:00,1,100.0,15.0,0.1499999999985,15.0,,0.1445,0.0,0.0,0.007,0.04844290657439447,5030.0,3835.81,8865.81,0.0,0.13469609657775208,-0.0,0.13469609657775208,-0.38506547485542186,-0.3426356065523442,-0.34230993529443116,0.5643867407414218,-0.30088180095928296,-0.3387790907461427,-0.7074163235605078,-1.0700110167021972,-0.4439113837783689,-0.3387790907461427,-1.8527014912267088,False,1308327_YES.csv,1308327_YES
1771039800,2026-02-14 03:30:00,1,10.0,1.47,0.1469999999853,1.47,,0.148,0.02422145328719716,0.02422145328719716,0.002,0.013513513513513514,7285.34,2215.25,9500.59,634.7800000000007,0.5336605410821854,0.0,0.5336605410821854,-0.38506547485542186,-0.38274906473838854,-0.4795906269067947,-1.037767953308287,-0.30088180095928296,0.91533216722011,0.966565023914612,-1.2474051665006052,-0.37208473035295797,0.91533216722011,-0.7041577296334531,False,1308327_YES.csv,1308327_YES
1771039920,2026-02-14 03:32:00,1,161.812263,24.999999,0.1545000269840209,24.999999,,0.148,0.0,0.0,0.002,0.013513513513513514,7285.34,2215.25,9500.59,0.0,0.5336605410821854,-0.0,0.5336605410821854,-0.3777264517662194,-0.31241241329660946,-0.24363686965342,-1.0275412849663055,-0.28568492211562374,-0.3547448869335714,0.9350998723213355,-0.9337757347162489,-0.37812633476059365,-0.3547448869335714,-1.6666469564104138,False,1308327_YES.csv,1308327_YES
1771040160,2026-02-14 03:36:00,3,5537.238063,790.580999,0.14277533131229164,263.52699966666665,,0.1485,0.0033783783783782884,0.0033783783783782884,0.003,0.020202020202020204,3308.15,11160.95,14469.1,4968.51,-0.5427289879812843,0.0,0.5427289879812843,-0.08333551309382164,1.8639164177349843,2.060879607529138,-0.7080983984482829,-0.28568492211562374,-0.18040125204951526,0.9413094661909512,3.8414605121703005,-0.052473854372955375,-0.18040125204951526,3.6085854057478297,False,1308327_YES.csv,1308327_YES
1771040400,2026-02-14 03:40:00,1,104.575162,15.999999,0.15299999248241172,15.999999,,0.1485,0.0,0.0,0.003,0.020202020202020204,3308.15,11160.95,14469.1,0.0,-0.5427289879812843,-0.0,0.5427289879812843,-0.3516005706568229,-0.367464653513768,-0.36916463757235063,-0.7080983984482829,-0.28568492211562374,-0.35799045287093384,0.9104942418311522,-1.0882298617429416,-0.08328907873275437,-0.35799045287093384,-1.5295093933466297,False,1308327_YES.csv,1308327_YES
1771040520,2026-02-14 03:42:00,3,1039.149347,158.426998,0.1524583530338758,52.80899933333333,,0.152,0.023569023569023573,0.023569023569023573,0.002,0.013157894736842106,8639.92,27903.27,36543.19,22074.090000000004,-0.527139256315609,0.0,0.527139256315609,-0.07872721637960974,0.03569889911811017,-0.01494017428563002,-0.9938795107833438,-0.28019262755177204,0.8604830763940874,0.8329177374654139,-0.05796849154712959,-0.44115440086970203,0.8604830763940874,0.3613601839772558,False,1308327_YES.csv,1308327_YES
1771040700,2026-02-14 03:45:00,1,104.58,15.721,0.15032510996222676,15.721,,0.1515,-0.003289473684210509,0.003289473684210509,0.003,0.019801980198019802,12854.16,31593.28,44447.44,7904.25,-0.4216017840397557,0.0,0.4216017840397557,-0.354034155530821,-0.3754337085185047,-0.3802893814652951,-0.6508014001800911,-0.28019262755177204,-0.2017490918131306,0.392901062405567,-1.1097572455146207,-0.5380929653262961,-0.2017490918131306,-1.8495993026540474,False,1308327_YES.csv,1308327_YES
1771040880,2026-02-14 03:48:00,5,173.73928,25.780397,0.14838554067826001,5.1560794,,0.144,-0.04950495049504955,0.04950495049504955,0.008,0.05555555555555556,11647.22,37358.47,49005.69,4558.25,-0.5246584631294855,0.0,0.5246584631294855,0.1943859828756123,-0.34609000558304476,-0.48204135275237076,0.9495299117381658,-0.28019262755177204,2.0901472460474686,0.8095529089746629,-0.6337453754598033,1.4788901931610567,2.0901472460474686,2.9352920637487223,False,1308327_YES.csv,1308327_YES
1771041000,2026-02-14 03:50:00,1,7955.04,1091.5056,0.13720931635791422,1091.5056,,0.144,0.0,0.0,0.008,0.05555555555555556,11647.22,37358.47,49005.69,0.0,-0.5246584631294855,-0.0,0.5246584631294855,-0.35600612454955893,2.526809178581428,6.066695510017017,0.9194714190669436,-0.28019262755177204,-0.39823957913748176,0.88821089493366,8.237498564048886,1.5274896864488317,-0.39823957913748176,9.366748671360236,False,1308327_YES.csv,1308327_YES
1771041120,2026-02-14 03:52:00,1,28.776977,3.999999,0.13899997209091836,3.999999,,0.144,0.0,0.0,0.008,0.05555555555555556,11647.22,37358.47,49005.69,0.0,-0.5246584631294855,-0.0,0.5246584631294855,-0.3534572422211456,-0.43345009249206173,-0.4054280349295983,0.8902795457814014,-0.28019262755177204,-0.39823957913748176,0.9813488708291696,-1.1923353696428056,1.591435789058799,-0.39823957913748176,0.000860840278511521,False,1308327_YES.csv,1308327_YES
1771041180,2026-02-14 03:53:00,1,294.11,37.85275,0.1287026962696654,37.85275,,0.144,0.0,0.0,0.008,0.05555555555555556,11647.22,37358.47,49005.69,0.0,-0.5246584631294855,-0.0,0.5246584631294855,-0.3509138352335693,-0.340818877505161,-0.2054614634616559,0.8902795457814014,-0.28019262755177204,-0.3951836773099929,0.9665146141542025,-0.8971941762003861,1.5766015323838318,-0.3951836773099929,0.28422367887345285,False,1308327_YES.csv,1308327_YES
1771041240,2026-02-14 03:54:00,1,251.940286,34.999998999999995,0.13892180387483197,34.999998999999995,,0.134,-0.06944444444444431,0.06944444444444431,0.008,0.05970149253731343,1014.84,3251.8,4266.64,-44739.05,-0.524290776817355,44739.05,0.524290776817355,-0.34837584386185017,-0.33575521392974417,-0.2103390072522401,0.8902795457814014,7.172756322340424,2.8231242628412203,0.9503334620153249,-0.8944700650438344,9.01336933013715,2.8231242628412203,10.942023527934536,True,1308327_YES.csv,1308327_YES
1771041300,2026-02-14 03:55:00,1,290.539567,39.999999,0.13767487648201227,39.999999,,0.134,0.0,0.0,0.008,0.05970149253731343,1014.84,3251.8,4266.64,0.0,-0.524290776817355,-0.0,0.524290776817355,-0.34837584386185017,-0.32163846790807143,-0.17949370630121445,0.8902795457814012,-0.21751173733926632,-0.42161109853142187,0.9361375991167401,-0.849508018071136,1.6089054075588751,-0.42161109853142187,0.3377862909563173,False,1308327_YES.csv,1308327_YES
1771041360,2026-02-14 03:56:00,5,431.095283,53.430279,0.1239407646218111,10.6860558,,0.134,0.0,0.0,0.008,0.05970149253731343,1014.84,3251.8,4266.64,0.0,-0.524290776817355,-0.0,0.524290776817355,0.19842078787992504,-0.27160271309874295,-0.3383239337033937,0.9128976991912411,-0.21751173733926632,-0.41101959603142496,0.9053724366953126,-0.4115058589222116,1.6007583985472875,-0.41101959603142496,0.778232943593651,False,1308327_YES.csv,1308327_YES
1771041420,2026-02-14 03:57:00,2,409.0,49.489,0.12099999999970415,24.7445,,0.1215,-0.09328358208955234,0.09328358208955234,0.003,0.02469135802469136,3917.74,3003.75,6921.49,2654.8499999999995,0.1320510468121748,0.0,0.1320510468121748,-0.18410171867493857,-0.2815177146787479,-0.2567680061740814,-0.6721296167677469,-0.21751173733926632,3.4541758602676484,-0.8959825252850306,-0.7223874395277678,-1.7856238793920438,3.4541758602676484,0.9461645413478368,False,1308327_YES.csv,1308327_YES
1771041480,2026-02-14 03:58:00,3,3479.6764729999995,414.043619,0.11898911356058152,138.01453966666665,,0.1215,0.0,0.0,0.003,0.02469135802469136,3917.74,3003.75,6921.49,0.0,0.1320510468121748,-0.0,0.1320510468121748,0.26549266763364165,0.6938953818591388,0.40753050400056445,-0.6464359213182369,-0.21751173733926632,-0.43162365072472386,-0.8984450661180607,1.366918553493345,-1.762392724775564,-0.43162365072472386,-0.8270978220069428,False,1308327_YES.csv,1308327_YES
1771041540,2026-02-14 03:59:00,4,2664.745512,368.8359469999999,0.1384131975601059,92.20898674999998,,0.1215,0.0,0.0,0.003,0.02469135802469136,3917.74,3003.75,6921.49,0.0,0.1320510468121748,-0.0,0.1320510468121748,1.0101684273289884,0.5555406491812139,0.12469418553042227,-0.6209335197485226,-0.21751173733926632,-0.42897941651487764,-0.8922349276648175,1.6904032620406244,-1.7306801847526065,-0.42897941651487764,-0.4692563392268598,False,1308327_YES.csv,1308327_YES
1771041600,2026-02-14 04:00:00,3,15385.732732,2239.042519,0.14552719444703363,746.3475063333334,,0.1295,0.0658436213991771,0.0658436213991771,0.017,0.1312741312741313,2172.89,4191.1,6363.99,-557.5,-0.31712966236590573,557.5,0.31712966236590573,0.4492334538643447,4.4816073609711315,3.5313816590075686,3.58563790615348,-0.10586828701152279,2.177807848448393,-0.038242497865136754,8.462222473843045,3.441527121276821,2.177807848448393,14.081557443568258,True,1308327_YES.csv,1308327_YES
1771041660,2026-02-14 04:01:00,1,44.25,5.7525,0.12999999999706216,5.7525,,0.1295,0.0,0.0,0.017,0.1312741312741313,2172.89,4191.1,6363.99,0.0,-0.31712966236590573,-0.0,0.31712966236590573,-0.6315153628082328,-0.42017623093795387,-0.40417286972805844,3.2053216755142957,-0.19895448883264957,-0.4482585056182433,-0.03274261467152085,-1.4558644634742453,2.973624572010125,-0.4482585056182433,1.0695016029176365,False,1308327_YES.csv,1308327_YES
1771041780,2026-02-14 04:03:00,1,6.66,0.8924400000000001,0.13399999997987988,0.8924400000000001,,0.1355,0.04633204633204646,0.04633204633204646,0.003,0.02214022140221402,3279.15,551.07,3830.2200000000003,-2533.7699999999995,0.7122515155787396,2533.7699999999995,0.7122515155787396,-0.6203318103674299,-0.4284899079875377,-0.427211547419319,-0.5825470283623823,0.21704584722838488,1.349505992138278,1.7129218166395945,-1.4760332657742867,1.347420635505597,1.349505992138278,1.2208933618695883,False,1308327_YES.csv,1308327_YES
1771041840,2026-02-14 04:04:00,2,493.53,66.13302,0.1339999999997285,33.06651,,0.1355,0.0,0.0,0.003,0.02214022140221402,3279.15,551.07,3830.2200000000003,0.0,0.7122515155787396,-0.0,0.7122515155787396,-0.07298021298440349,-0.28797737742790325,-0.25945214526805643,-0.5676765154624422,-0.20599220954179334,-0.4722962350301648,1.6504844172385569,-0.6204097356803632,0.8768156922343213,-0.4722962350301648,-0.21589027847620668,False,1308327_YES.csv,1308327_YES
1771041900,2026-02-14 04:05:00,1,63.436114,8.769999,0.13824931016205927,8.769999,,0.1355,0.0,0.0,0.003,0.02214022140221402,3279.15,551.07,3830.2200000000003,0.0,0.7122515155787396,-0.0,0.7122515155787396,-0.6203318103674299,-0.4129165331466948,-0.3862996063531703,-0.5571725992006823,-0.19457604640168907,-0.4608574104871422,1.5889583367373883,-1.419547949867295,0.8372096911350169,-0.4608574104871422,-1.0431956692194202,False,1308327_YES.csv,1308327_YES
1771041960,2026-02-14 04:06:00,2,989.18,138.28528,0.1397978932043311,69.14264,,0.1365,0.007380073800737907,0.007380073800737907,0.007,0.05128205128205128,6664.97,1567.26,8232.23,4402.009999999999,0.619238043640666,0.0,0.619238043640666,-0.06397963244565802,-0.12950158544273357,-0.06833074150037768,0.5110863160636376,-0.19457604640168907,-0.17623265084277154,1.152169670741907,-0.2618119593887693,1.4686799404038555,-0.17623265084277154,1.0306353301723146,False,1308327_YES.csv,1308327_YES
1771042020,2026-02-14 04:07:00,4,2666.573818,410.114998,0.15379847924384227,102.5287495,,0.1365,0.0,0.0,0.007,0.05128205128205128,6664.97,1567.26,8232.23,0.0,0.619238043640666,-0.0,0.619238043640666,1.0165740006700166,0.45396135484923567,0.10200610704438927,0.5010355064737652,-0.19457604640168907,-0.46641608830973785,1.1214558401173944,1.5725414625636414,1.4279153001894704,-0.46641608830973785,2.534040674443374,False,1308327_YES.csv,1308327_YES
1771042080,2026-02-14 04:08:00,2,4149.41,623.17945,0.1501850745045319,311.589725,,0.1365,0.0,0.0,0.007,0.05128205128205128,6664.97,1567.26,8232.23,0.0,0.619238043640666,-0.0,0.619238043640666,-0.06365598329572786,0.9157514115819847,1.190039105454797,0.48700574344867803,-0.19224847784020757,-0.46390931005029346,1.0843497872566132,2.042134533741054,1.3791070528650837,-0.46390931005029346,2.957332276555844,False,1308327_YES.csv,1308327_YES
1771042140,2026-02-14 04:09:00,3,814.415583,115.121069,0.14135420711842964,38.37368966666667,,0.1425,0.0439560439560438,0.0439560439560438,0.015,0.10526315789473685,3412.62,14176.829999999998,17589.449999999997,9357.219999999998,-0.6119696750040508,0.0,0.6119696750040508,0.4644046100019289,-0.19964164025344994,-0.251815551346819,2.4476275628970883,-0.19224847784020757,1.220486582683961,1.0189149246244282,0.012947418401659971,3.274294009681309,1.220486582683961,4.50772801076693,False,1308327_YES.csv,1308327_YES
1771042200,2026-02-14 04:10:00,3,4254.78,651.98404,0.15323566435863822,217.32801333333336,,0.1425,0.0,0.0,0.015,0.10526315789473685,3412.62,14176.829999999998,17589.449999999997,0.0,-0.6119696750040508,-0.0,0.6119696750040508,0.4469470697582919,0.9464256002435923,0.670903113176595,2.2921330587939783,-0.19224847784020757,-0.4872287163284163,0.9855414128237219,2.0642757831784793,3.0854259937774926,-0.4872287163284163,4.662473060627556,False,1308327_YES.csv,1308327_YES
1771042320,2026-02-14 04:12:00,2,1700.0,254.0,0.14941176470579445,127.0,,0.1435,0.007017543859649145,0.007017543859649145,0.003,0.020905923344947737,8593.54,10404.68,18998.22,1408.770000000004,-0.09533208900623318,0.0,0.09533208900623318,-0.1003350564763511,0.07134976292049872,0.18527603892374242,-0.6085688325411437,-0.19084252473450333,-0.2128107761368321,-1.2171281366280462,0.15629074536789003,-2.0165394939036934,-0.2128107761368321,-2.0730595246726353,False,1308327_YES.csv,1308327_YES
1771042380,2026-02-14 04:13:00,2,862.284767,128.455999,0.1489716668041881,64.2279995,,0.1435,0.0,0.0,0.003,0.020905923344947737,8593.54,10404.68,18998.22,0.0,-0.09533208900623318,-0.0,0.09533208900623318,-0.10984279527033894,-0.20718883165219204,-0.1507804747446589,-0.5987307567496736,-0.19084252473450333,-0.4853686705841348,-1.2251063609335031,-0.46781210166718984,-2.01467964241768,-0.4853686705841348,-2.9678604146690044,False,1308327_YES.csv,1308327_YES
1771042500,2026-02-14 04:15:00,1,844.03,127.44853,0.15099999999982108,127.44853,,0.148,0.03135888501742157,0.03135888501742157,0.006,0.04054054054054054,2914.37,10048.71,12963.079999999998,-6035.140000000003,-0.5503584024784234,6035.140000000003,0.5503584024784234,-0.6395518733886639,-0.19022905412408217,0.19295246406494043,0.11284999690209002,0.7971662261393657,0.7136264090660203,0.7112994811920463,-0.6368284634478056,1.621315704233502,0.7136264090660203,1.6981136498517166,False,1308327_YES.csv,1308327_YES
1771042620,2026-02-14 04:17:00,2,160.76,23.28353,0.14483410052161708,11.641765,,0.148,0.0,0.0,0.006,0.04054054054054054,2914.37,10048.71,12963.079999999998,0.0,-0.5503584024784234,-0.0,0.5503584024784234,-0.1008483263777099,-0.4099995497766806,-0.40016683245887036,0.10107750744224062,-0.20658322799556997,-0.4995680388506589,0.6991955615241136,-0.911014708613261,0.5936898409707843,-0.4995680388506589,-0.8168929064931356,False,1308327_YES.csv,1308327_YES
1771042680,2026-02-14 04:18:00,2,563.54,79.45913999999999,0.1409999999997498,39.729569999999995,,0.145,-0.020270270270270285,0.020270270270270285,0.008,0.055172413793103454,8366.6,7930.33,16296.93,3333.850000000002,0.026770072645584196,0.0,0.026770072645584196,-0.08322673415032225,-0.287861704876877,-0.2531134495374139,0.5663872316951124,-0.20658322799556997,0.2719788346724738,-1.4691887874371392,-0.6242018885646131,-1.1093847837375967,0.2719788346724738,-1.461607837629736,False,1308327_YES.csv,1308327_YES
1771042740,2026-02-14 04:19:00,1,7.092197,0.999999,0.14099989042309452,0.999999,,0.145,0.0,0.0,0.008,0.055172413793103454,8366.6,7930.33,16296.93,0.0,0.026770072645584196,-0.0,0.026770072645584196,-0.6187164989644492,-0.4423894032111368,-0.4444546272915581,0.5427357047751076,-0.20240201284875511,-0.5002518906681577,-1.4143093400220665,-1.5055605294671441,-1.073975648095714,-0.5002518906681577,-3.079788068231016,False,1308327_YES.csv,1308327_YES
1771042800,2026-02-14 04:20:00,4,438.120777,61.137367999999995,0.13954455303054586,15.284341999999999,,0.145,0.0,0.0,0.008,0.055172413793103454,8366.6,7930.33,16296.93,0.0,0.026770072645584196,-0.0,0.026770072645584196,1.0101684273289884,-0.31209948876048726,-0.369614984411796,0.5191485595173841,-0.20240201284875511,-0.5002518906681577,-1.3628010594233286,0.32845395415670503,-1.0460545127546996,-0.5002518906681577,-1.2178524492661522,False,1308327_YES.csv,1308327_YES
1771042860,2026-02-14 04:21:00,2,1442.03,195.92120999999997,0.13586486411507676,97.96060499999999,,0.1385,-0.04482758620689642,0.04482758620689642,0.003,0.021660649819494584,3036.93,7341.259999999999,10378.189999999999,-5918.740000000002,-0.41474765831036053,5918.740000000002,0.41474765831036053,-0.10136955472533275,-0.021512662026221197,0.06369506656685628,-0.7235988487976475,0.7616863139700843,1.193341256761021,0.186634074804092,-0.05918715018469767,0.22472153997652888,1.193341256761021,1.3588756465528524,False,1308327_YES.csv,1308327_YES
1771042920,2026-02-14 04:22:00,1,26.67,3.5951300000000006,0.13480052492932879,3.5951300000000006,,0.1385,0.0,0.0,0.003,0.021660649819494584,3036.93,7341.259999999999,10378.189999999999,0.0,-0.41474765831036053,-0.0,0.41474765831036053,-0.6542943986816938,-0.44403658763196424,-0.43423529946232803,-0.7303478971064976,-0.21778309046733474,-0.5212805176748879,0.16384362755507434,-1.532566285775986,-0.7842873600187581,-0.5212805176748879,-2.8381341634696318,False,1308327_YES.csv,1308327_YES
1771042980,2026-02-14 04:23:00,1,1576.14,188.15232000000003,0.11937538543522817,188.15232000000003,,0.1385,0.0,0.0,0.003,0.021660649819494584,3036.93,7341.259999999999,10378.189999999999,0.0,-0.41474765831036053,-0.0,0.41474765831036053,-0.6542943986816938,-0.042204766251466054,0.5365089353158536,-0.7371681928084958,-0.21778309046733474,-0.5212805176748879,0.1404736093547973,-0.15999022961730625,-0.8144776739210331,-0.5212805176748879,-1.4957484212132273,False,1308327_YES.csv,1308327_YES
1771043100,2026-02-14 04:25:00,2,44.84,5.8292,0.1299999999971008,2.9146,,0.1385,0.0,0.0,0.003,0.021660649819494584,3036.93,7341.259999999999,10378.189999999999,0.0,-0.41474765831036053,-0.0,0.41474765831036053,-0.0923097290506902,-0.44597237271538887,-0.4523385102906823,-0.7440613955786559,-0.21778309046733474,-0.5212805176748879,0.11643362871190487,-0.9906206120567613,-0.8454108573340858,-0.5212805176748879,-2.357311987065735,False,1308327_YES.csv,1308327_YES
1771043220,2026-02-14 04:27:00,1,106.076922,13.789999,0.12999999189145017,13.789999,,0.1255,-0.09386281588447665,0.09386281588447665,0.009,0.07171314741035856,1205.25,13983.34,15188.59,4810.4000000000015,-0.8412953407788346,0.0,0.8412953407788346,-0.6267293513130524,-0.4286917739819672,-0.39552082752275863,0.7338374979585256,-0.20728561627029105,2.841466767576999,1.866063997380467,-1.4509419528177783,2.3926158790687015,2.841466767576999,3.783140693827922,False,1308327_YES.csv,1308327_YES
1771043280,2026-02-14 04:28:00,1,10.0,1.23,0.1229999999877,1.23,,0.1255,0.0,0.0,0.009,0.07171314741035856,1205.25,13983.34,15188.59,0.0,-0.8412953407788346,-0.0,0.8412953407788346,-0.6267293513130524,-0.45651799452422304,-0.46261896085299953,0.7072990975474445,-0.20728561627029105,-0.519998605384978,1.7833039157689807,-1.545866306690275,2.283317397046134,-0.519998605384978,0.2174524849708811,False,1308327_YES.csv,1308327_YES
1771043340,2026-02-14 04:29:00,1,134.54,17.490199999999998,0.12999999999903375,17.490199999999998,,0.1255,0.0,0.0,0.009,0.07171314741035856,1205.25,13983.34,15188.59,0.0,-0.8412953407788346,-0.0,0.8412953407788346,-0.6599617232722008,-0.41912036216507803,-0.37707369159344745,0.6811048356994645,-0.20728561627029105,-0.519998605384978,1.7079580520276787,-1.4561557770307263,2.181777271456852,-0.519998605384978,0.20562288904114767,False,1308327_YES.csv,1308327_YES
1771043400,2026-02-14 04:30:00,3,257.45,31.811519999999998,0.12356387648039006,10.60384,,0.125,-0.003984063745019917,0.003984063745019917,0.002,0.016,617.78,11794.97,12412.75,-2775.84,-0.9004604136875389,2775.84,0.9004604136875389,0.6823333071119363,-0.3836772432523614,-0.4107821085590856,-1.1058563075725052,0.24492938696498096,-0.369614335684987,1.8546189173686836,-0.11212604469951071,0.9936919967611593,-0.369614335684987,0.5119516163766615,False,1308327_YES.csv,1308327_YES
1771043460,2026-02-14 04:31:00,2,50.0,6.38,0.127599999997448,3.19,,0.125,0.0,0.0,0.002,0.016,617.78,11794.97,12412.75,0.0,-0.9004604136875389,-0.0,0.9004604136875389,0.0,-0.44015264945023075,-0.45058350405731457,-1.083004370405412,-0.21491932615095852,-0.5121300187067884,1.7695122718417151,-0.8907361535075453,0.4715885752853446,-0.5121300187067884,-0.9312775969289891,False,1308327_YES.csv,1308327_YES
1771043580,2026-02-14 04:33:00,1,200.0,25.40792,0.12703959999936482,25.40792,,0.124,-0.008000000000000007,0.008000000000000007,0.008,0.06451612903225806,1000.44,163.38,1163.8200000000002,-11248.93,0.7192349332370984,11248.93,0.7192349332370984,-0.6736810475634218,-0.39916027482351946,-0.334527073463851,0.4269877426645668,1.582850986451891,-0.2311448505727865,1.0363638111274323,-1.4073683958507923,3.0462025402438897,-0.2311448505727865,1.407689293820311,False,1308327_YES.csv,1308327_YES
1771043640,2026-02-14 04:34:00,1,10.0,1.2,0.119999999988,1.2,,0.124,0.0,0.0,0.008,0.06451612903225806,1000.44,163.38,1163.8200000000002,0.0,0.7192349332370984,-0.0,0.7192349332370984,-0.6497675603158731,-0.46287624408619216,-0.4374747159781723,0.41409049388907787,-0.2407038461523965,-0.5178332963551817,1.003619322864183,-1.5501185203802375,1.1770059706008644,-0.5178332963551817,-0.8909458461345547,False,1308327_YES.csv,1308327_YES
1771043700,2026-02-14 04:35:00,3,3996.15,479.78138000000007,0.12006090361970395,159.92712666666668,,0.124,0.0,0.0,0.008,0.06451612903225806,1000.44,163.38,1163.8200000000002,0.0,0.7192349332370984,-0.0,0.7192349332370984,0.7187952884282572,0.8435411496221265,0.4250843512277699,0.40127220650431694,-0.2407038461523965,-0.5178332963551817,0.9719865903834729,1.9874207892781537,1.1325549507353934,-0.5178332963551817,2.6021424436583653,False,1308327_YES.csv,1308327_YES
1771043760,2026-02-14 04:36:00,1,78.125,10.0,0.1279999999983616,10.0,,0.1205,-0.028225806451612878,0.028225806451612878,0.011,0.0912863070539419,907.79,8613.49,9521.279999999999,8357.46,-0.8093134536532904,0.0,0.8093134536532904,-0.7526195931013967,-0.4523014042632932,-0.4030521150133063,1.1254812036239366,-0.21260745434808379,0.6174448804397763,1.2727915133111307,-1.6079731123779961,2.1856652625869835,0.6174448804397763,1.1951370306487636,False,1308327_YES.csv,1308327_YES
1771043820,2026-02-14 04:37:00,5,392.648094,47.203269,0.12021774642787335,9.4406538,,0.1205,0.0,0.0,0.011,0.0912863070539419,907.79,8613.49,9521.279999999999,0.0,-0.8093134536532904,-0.0,0.8093134536532904,2.6392194140463205,-0.3517953647292026,-0.40705872631990114,1.091045270455699,-0.21260745434808379,-0.5273056927039754,1.2346341573646686,1.8803653229972168,2.113071973472284,-0.5273056927039754,3.4661316037655254,False,1308327_YES.csv,1308327_YES
1771043880,2026-02-14 04:38:00,6,623.8199999999999,56.84630000000001,0.09112612612598006,9.474383333333334,,0.1205,0.0,0.0,0.011,0.0912863070539419,907.79,8613.49,9521.279999999999,0.0,-0.8093134536532904,-0.0,0.8093134536532904,3.132876280379594,-0.32721767317889244,-0.4061862817999592,1.0581551733679797,-0.21260745434808379,-0.5273056927039754,1.198708118848599,2.3994723254007426,2.044255837868495,-0.5273056927039754,3.916422470565263,False,1308327_YES.csv,1308327_YES
1771043940,2026-02-14 04:39:00,7,18079.11,966.99948,0.05348711745212822,138.14278285714286,,0.082,-0.31950207468879666,0.31950207468879666,0.016,0.1951219512195122,779.3199999999999,7792.0,8571.32,-949.9599999999991,-0.8181563633139354,949.9599999999991,0.8181563633139354,3.439165922679877,2.0738460806933094,0.29268362683431143,2.2341209075092534,-0.05683042480979419,6.467551830182317,1.198071138954874,5.805695630207498,3.375361621654333,6.467551830182317,15.648609082044146,True,1308327_YES.csv,1308327_YES
1771044000,2026-02-14 04:40:00,5,1747.569089,115.742969,0.06623084015875134,23.1485938,,0.082,0.0,0.0,0.016,0.1951219512195122,779.3199999999999,7792.0,8571.32,0.0,-0.8181563633139354,-0.0,0.8181563633139354,1.9375836284593664,-0.20645711024518754,-0.3456063185971937,2.1301421553183513,-0.20949956067808703,-0.386403057247243,1.1898860764397148,1.3855201996169852,3.110528671079979,-0.386403057247243,4.109645813449721,False,1308327_YES.csv,1308327_YES
1771044060,2026-02-14 04:41:00,1,1249.13,79.68868,0.06379534556045903,79.68868,,0.082,0.0,0.0,0.016,0.1951219512195122,779.3199999999999,7792.0,8571.32,0.0,-0.8181563633139354,-0.0,0.8181563633139354,-0.766656924836564,-0.30591790585137935,-0.03903767968171333,2.0368790439286744,-0.20949956067808703,-0.386403057247243,1.181797074602287,-1.1116125103696566,3.009176557852874,-0.386403057247243,1.5111609902359746,False,1308327_YES.csv,1308327_YES
1771044120,2026-02-14 04:42:00,6,12372.080000000002,665.325,0.053776325403646394,110.8875,,0.0695,-0.15243902439024382,0.15243902439024382,0.027,0.3884892086330935,28685.41,9402.21,38087.619999999995,29516.299999999996,0.5062852443917473,0.0,0.5062852443917473,2.4357481562714773,1.2240212419045755,0.12989096890688592,3.9254134450538567,-0.20949956067808703,2.654520695624449,-0.010901374543733763,3.7896603670829387,3.7050125098320357,2.654520695624449,10.149193572539422,True,1308327_YES.csv,1308327_YES
1771044180,2026-02-14 04:43:00,5,12838.01,678.49414,0.05285041373234224,135.698828,,0.0695,0.0,0.0,0.027,0.3884892086330935,28685.41,9402.21,38087.619999999995,0.0,0.5062852443917473,-0.0,0.5062852443917473,1.7157711341385913,1.216591554380265,0.25741690662540384,3.462107629250522,-0.2085956761297614,-0.40949934612476074,-0.0016022207002224724,3.1897795951442602,3.251909732420538,-0.40949934612476074,6.0321899814400375,False,1308327_YES.csv,1308327_YES
1771044240,2026-02-14 04:44:00,5,3372.136665,183.57453900000002,0.054438641501484177,36.714907800000006,,0.0695,0.0,0.0,0.027,0.3884892086330935,28685.41,9402.21,38087.619999999995,0.0,0.5062852443917473,-0.0,0.5062852443917473,1.6450301353559564,-0.048014826830043336,-0.2621600586507284,3.122189800563479,-0.2085956761297614,-0.40949934612476074,0.007745996328047962,1.3348552498751847,2.9213401207617657,-0.40949934612476074,3.8466960245121897,False,1308327_YES.csv,1308327_YES
1771044300,2026-02-14 04:45:00,5,637.971763,32.088619,0.050297867179976904,6.4177238,,0.0505,-0.27338129496402874,0.27338129496402874,0.001,0.019801980198019802,1833.02,522.54,2355.56,-35732.06,0.5563347993683031,35732.06,0.5563347993683031,1.5782336423339862,-0.4580794184957384,-0.4369820836303983,-1.1530092381710044,4.5396992686947515,4.181301008617808,0.21102569957449183,0.6831721402078494,3.5977157300982388,4.181301008617808,8.462188878923897,False,1308327_YES.csv,1308327_YES
1771044360,2026-02-14 04:46:00,2,185.729665,10.158059,0.05469271158134756,5.0790295,,0.0505,0.0,0.0,0.001,0.019801980198019802,1833.02,522.54,2355.56,0.0,0.5563347993683031,-0.0,0.5563347993683031,-0.24259610019623892,-0.5177125744303075,-0.4450416562107603,-1.1243952777589985,-0.24667264184251164,-0.3990312326552899,0.18670062476570015,-1.2053503308373066,-1.18436729483581,-0.3990312326552899,-2.7887488583284066,False,1308327_YES.csv,1308327_YES
1771044420,2026-02-14 04:47:00,5,1102.893332,61.824248999999995,0.05605641743053341,12.364849799999998,,0.0505,0.0,0.0,0.001,0.019801980198019802,1833.02,522.54,2355.56,0.0,0.5563347993683031,-0.0,0.5563347993683031,1.5467265010978186,-0.3708680876188901,-0.39862420927845665,-1.0968001189728016,-0.24667264184251164,-0.3990312326552899,0.16165953108212566,0.7772342042004718,-1.1818132297331876,-0.3990312326552899,-0.8036102581880056,False,1308327_YES.csv,1308327_YES
1771044480,2026-02-14 04:48:00,5,3843.5,194.24554999999998,0.05053871471313888,38.849109999999996,,0.055,0.08910891089108897,0.08910891089108897,0.008,0.14545454545454545,1370.9,3758.98,5129.88,2774.32,-0.46552356000530226,0.0,0.46552356000530226,1.4870643642584553,-0.02229614204426729,-0.2493683494478555,0.026820453895019233,-0.24667264184251164,1.076177413617623,-0.23739190864016851,1.2153998727663324,-0.4572440965876609,1.076177413617623,1.8343331897962944,False,1308327_YES.csv,1308327_YES
1771044540,2026-02-14 04:49:00,2,14233.77,450.98381000000006,0.03168407315840908,225.49190500000003,,0.055,0.0,0.0,0.008,0.14545454545454545,1370.9,3758.98,5129.88,0.0,-0.46552356000530226,-0.0,0.46552356000530226,-0.29719245160907565,0.6502418170927221,0.8001304761900122,0.0241420291983736,-0.24667264184251164,-0.42051641435233833,-0.2663638757422627,1.1531798416736587,-0.48889448838640076,-0.42051641435233833,0.24376893893491958,False,1308327_YES.csv,1308327_YES
1771044600,2026-02-14 04:50:00,24,10544.731023999999,415.142069,0.03936962147778732,17.297586208333332,,0.055,0.0,0.0,0.008,0.14545454545454545,1370.9,3758.98,5129.88,0.0,-0.46552356000530226,-0.0,0.46552356000530226,6.523681118728235,0.5354902234569285,-0.39371811688487757,0.021462958454555644,-0.24667264184251164,-0.42051641435233833,-0.29702389068314083,6.665453225300286,-0.5222335740710968,-0.42051641435233833,5.722703236876852,False,1308327_YES.csv,1308327_YES
1771044660,2026-02-14 04:51:00,17,14145.198661,381.509824,0.026970976735154733,22.441754352941174,,0.031,-0.4363636363636364,0.4363636363636364,0.002,0.06451612903225806,23169.89,3962.04,27131.93,22002.05,0.707942634379493,0.0,0.707942634379493,3.7387559665429597,0.42822919375430313,-0.3665455153389707,-0.9443701720004543,-0.24667264184251164,5.069884471278453,0.7479917464058274,3.8004396449582925,-0.4430510674371384,5.069884471278453,8.427273048799606,False,1308327_YES.csv,1308327_YES
1771044720,2026-02-14 04:52:00,3,954.3,24.8118,0.025999999999972753,8.2706,,0.031,0.0,0.0,0.002,0.06451612903225806,23169.89,3962.04,27131.93,0.0,0.707942634379493,-0.0,0.707942634379493,-0.04963339655900216,-0.5354274921052835,-0.4459780613121604,-0.9443701720004543,-0.24667264184251164,-0.3999341255131372,0.7319336591324616,-1.031038949976446,-0.4591091547105043,-0.3999341255131372,-1.8900822302000875,False,1308327_YES.csv,1308327_YES
1771044780,2026-02-14 04:53:00,3,4534.42,114.63442,0.025280944420670054,38.21147333333334,,0.031,0.0,0.0,0.002,0.06451612903225806,23169.89,3962.04,27131.93,0.0,0.707942634379493,-0.0,0.707942634379493,-0.04963339655900216,-0.26764244986650854,-0.25488062150870416,-0.9394790108086771,-0.24667264184251164,-0.39911993707743426,0.7167979520600974,-0.5721564679342148,-0.4693537005910914,-0.39911993707743426,-1.4406301056027406,False,1308327_YES.csv,1308327_YES
1771044840,2026-02-14 04:54:00,9,2063.584468,71.841715,0.03481404135087004,7.982412777777777,,0.0325,0.048387096774193505,0.048387096774193505,0.001,0.030769230769230767,15685.45,2680.45,18365.9,-8766.029999999999,0.7081057830000163,8766.029999999999,0.7081057830000163,1.5125543135035553,-0.38863159528624647,-0.42880086258694317,-1.0891799967800677,0.9020572900839443,0.19734650270482884,0.7025935038715182,0.6951218556303657,0.5154707971753948,0.19734650270482884,1.4079391555105893,False,1308327_YES.csv,1308327_YES
1771044900,2026-02-14 04:55:00,2,2205.0,98.19355,0.044532222222202024,49.096775,,0.0325,0.0,0.0,0.001,0.030769230769230767,15685.45,2680.45,18365.9,0.0,0.7081057830000163,-0.0,0.7081057830000163,-0.34564491170046696,-0.3129332772235702,-0.19072139659111856,-1.083563168896084,-0.26450799099210676,-0.4041987278523441,0.6868505610428043,-0.8492995855151557,-0.6612205988453864,-0.4041987278523441,-1.9147189122128863,False,1308327_YES.csv,1308327_YES
1771044960,2026-02-14 04:56:00,7,6307.686059,190.084259,0.030135339207117293,27.15489414285714,,0.0325,0.0,0.0,0.001,0.030769230769230767,15685.45,2680.45,18365.9,0.0,0.7081057830000163,-0.0,0.7081057830000163,0.9527288741779099,-0.06768769112192108,-0.3188007372512862,-1.0729238959874439,-0.26450799099210676,-0.40340388928788623,0.6655295211229156,0.5662404458047026,-0.6719023658566351,-0.40340388928788623,-0.5090658093398188,False,1308327_YES.csv,1308327_YES
1771045020,2026-02-14 04:57:00,3,2177.73,71.15123999999999,0.03267220454324793,23.717079999999996,,0.0295,-0.09230769230769242,0.09230769230769242,0.001,0.03389830508474576,4912.75,491.7,5404.45,-12961.45,0.818038838364681,12961.45,0.818038838364681,-0.09717958225218674,-0.3989936413349414,-0.3407165473130568,-1.04447689900612,1.4078105645077736,0.7405902212261131,1.1031128345954124,-0.836889770900185,1.4664465000970661,0.7405902212261131,1.3701469504229942,False,1308327_YES.csv,1308327_YES
1771045080,2026-02-14 04:58:00,5,2529.832431,86.000759,0.03399464642247915,17.2001518,,0.0295,0.0,0.0,0.001,0.03389830508474576,4912.75,491.7,5404.45,0.0,0.818038838364681,-0.0,0.818038838364681,0.41601508024941525,-0.32831022733026044,-0.4273125365387142,-1.0169914105944038,-0.2883774347434942,-0.41055136352888844,1.0718274898806386,-0.3396076836195594,-0.2335413554572594,-0.41055136352888844,-0.9837004026057072,False,1308327_YES.csv,1308327_YES
1771045140,2026-02-14 04:59:00,15,1687.683386,59.275107000000006,0.03512217249495686,3.9516738000000005,,0.0295,0.0,0.0,0.001,0.03389830508474576,4912.75,491.7,5404.45,0.0,0.818038838364681,-0.0,0.818038838364681,2.807673917102982,-0.4094938181745959,-0.5465349997292634,-0.9903963063291994,-0.2883774347434942,-0.41055136352888844,1.041682709059185,1.8516450991991225,-0.23709103201350867,-0.41055136352888844,1.2040027036567253,False,1308327_YES.csv,1308327_YES
1771045200,2026-02-14 05:00:00,15,706.468374,24.31024,0.03441093882564315,1.6206826666666667,,0.0355,0.20338983050847448,0.20338983050847448,0.001,0.028169014084507046,4366.56,1116.46,5483.02,78.57000000000062,0.5927572760996678,0.0,0.5927572760996678,2.595121990083127,-0.5107837036578075,-0.560834579299446,-0.9646271009321781,-0.2883774347434942,2.012472746299763,0.10164848465451924,1.5235037071258732,-1.1513560510211531,2.012472746299763,2.384620402404483,False,1308327_YES.csv,1308327_YES
1771045260,2026-02-14 05:01:00,4,1903.183482,64.46378800000001,0.03387155710926142,16.115947000000002,,0.0355,0.0,0.0,0.001,0.028169014084507046,4366.56,1116.46,5483.02,0.0,0.5927572760996678,-0.0,0.5927572760996678,0.011736313170325465,-0.3952368418099752,-0.42742203673866097,-0.9396251429104321,-0.2793298507968248,-0.42335527194397393,0.09692993070038732,-0.8109225653783108,-1.1220250630068698,-0.42335527194397393,-2.3563029003291547,False,1308327_YES.csv,1308327_YES
1771045320,2026-02-14 05:02:00,6,11132.761669,391.33927800000004,0.03515203950603535,65.223213,,0.0355,0.0,0.0,0.001,0.028169014084507046,4366.56,1116.46,5483.02,0.0,0.5927572760996678,-0.0,0.5927572760996678,0.4626917341345191,0.5422556116113849,0.00934375912453749,-0.9153369241282882,-0.2793298507968248,-0.42335527194397393,0.09221153711803848,1.0142911048704415,-1.1024552378070744,-0.42335527194397393,-0.5115194048806069,False,1308327_YES.csv,1308327_YES
1771045380,2026-02-14 05:03:00,3,1640.941218,54.800669,0.033395875732074275,18.266889666666668,,0.036,0.014084507042253502,0.014084507042253502,0.008,0.22222222222222224,6340.03,4714.76,11054.79,5571.77,0.14701952728183887,0.0,0.14701952728183887,-0.2352596266520412,-0.4403637783191723,-0.4134054341350743,0.14082106525050578,-0.2793298507968248,-0.2568139513855307,-1.690744779346575,-1.089028839106288,-1.829253564892894,-0.2568139513855307,-3.1750963553847127,False,1308327_YES.csv,1308327_YES
1771045440,2026-02-14 05:04:00,2,254.085849,8.519998999999999,0.03353196973974909,4.259999499999999,,0.036,0.0,0.0,0.008,0.22222222222222224,6340.03,4714.76,11054.79,0.0,0.14701952728183887,-0.0,0.14701952728183887,-0.4705192533040824,-0.57289526594883,-0.5353641171499551,0.12864754647434334,-0.2793298507968248,-0.40898961627794456,-1.6947577494346255,-1.5787786364028675,-1.845440053757107,-0.40898961627794456,-3.833208306437919,False,1308327_YES.csv,1308327_YES
1771045500,2026-02-14 05:05:00,2,144.86,4.870100000000001,0.03361935661995293,2.4350500000000004,,0.036,0.0,0.0,0.008,0.22222222222222224,6340.03,4714.76,11054.79,0.0,0.14701952728183887,-0.0,0.14701952728183887,-0.46594671021285977,-0.5639142156668845,-0.5321931698495245,0.11641798381862395,-0.2793298507968248,-0.40898961627794456,-1.6987921336514316,-1.5620540957292688,-1.8617040006296324,-0.40898961627794456,-3.832747712636846,False,1308327_YES.csv,1308327_YES
1771045560,2026-02-14 05:06:00,3,1155.63,42.55392,0.03682313543258929,14.18464,,0.0365,0.01388888888888884,0.01388888888888884,0.003,0.08219178082191782,2758.01,6755.68,9513.69,-1541.1000000000004,-0.4202018354602683,1541.1000000000004,0.4202018354602683,-0.22699923312003126,-0.4382989777781878,-0.41467268250945105,-0.6428297367376187,0.011009129150740062,-0.24412265295583038,-0.622227604458447,-1.0799708934076702,-1.2540482120453258,-0.24412265295583038,-2.5781417584088264,False,1308327_YES.csv,1308327_YES
1771045620,2026-02-14 05:07:00,3,953.335788,35.664639,0.03741036416432375,11.888213,,0.0365,0.0,0.0,0.003,0.08219178082191782,2758.01,6755.68,9513.69,0.0,-0.4202018354602683,-0.0,0.4202018354602683,-0.22699923312003126,-0.5645743490720396,-0.5508290129849954,-0.617213399848368,-0.28254266205012124,-0.3988542400920276,-0.6332687942843902,-1.3424025951770662,-1.5330248561828794,-0.3988542400920276,-3.2742816914519732,False,1308327_YES.csv,1308327_YES
1771045680,2026-02-14 05:08:00,7,943.81849,39.952948,0.042331177470318115,5.707564,,0.0365,0.0,0.0,0.003,0.08219178082191782,2758.01,6755.68,9513.69,0.0,-0.4202018354602683,-0.0,0.4202018354602683,0.6888896483537532,-0.548058506802425,-0.6446577777788114,-0.5917218769476895,-0.28254266205012124,-0.3988542400920276,-0.6445064185107822,-0.5038266362274831,-1.5187709575085928,-0.3988542400920276,-2.4214518338281037,False,1308327_YES.csv,1308327_YES
1771045740,2026-02-14 05:09:00,2,790.6976709999999,33.999998,0.04299999765644555,16.999999,,0.0425,0.16438356164383583,0.16438356164383583,0.001,0.023529411764705882,3961.85,1759.28,5721.13,-3792.5600000000004,0.38498862986857485,3792.5600000000004,0.38498862986857485,-0.4904502238232453,-0.5796400884391721,-0.4784611690499597,-0.8971162128735496,0.43964418483643963,1.534344946742809,-0.7683803692678723,-1.5485514813123773,-1.2258523973049824,1.534344946742809,-1.2400589318745507,False,1308327_YES.csv,1308327_YES
1771045800,2026-02-14 05:10:00,2,210.43,8.83806,0.04199999999980041,4.41903,,0.0425,0.0,0.0,0.001,0.023529411764705882,3961.85,1759.28,5721.13,0.0,0.38498862986857485,-0.0,0.38498862986857485,-0.4904502238232453,-0.6918623674512248,-0.660507593054908,-0.888429286095964,-0.28618704015597507,-0.41408708424536816,-0.7442399448487625,-1.842820184329378,-1.9188562711007018,-0.41408708424536816,-4.175763539675448,False,1308327_YES.csv,1308327_YES
1771045860,2026-02-14 05:11:00,5,630.0,26.6,0.04222222222215521,5.32,,0.0425,0.0,0.0,0.001,0.023529411764705882,3961.85,1759.28,5721.13,0.0,0.38498862986857485,-0.0,0.38498862986857485,0.20094858643726116,-0.6103923367469936,-0.6456113941162578,-0.8798469031366939,-0.28618704015597507,-0.41408708424536816,-0.7205617366807645,-1.0550551444259901,-1.8865956799734334,-0.41408708424536816,-3.355737908644792,False,1308327_YES.csv,1308327_YES
1771045920,2026-02-14 05:12:00,1,68.05,2.42218,0.03559412196861724,2.42218,,0.037,-0.12941176470588245,0.12941176470588245,0.004,0.10810810810810811,5267.07,2207.44,7474.51,1753.38,0.4093418832806431,0.0,0.4093418832806431,-0.7389049183790559,-0.7103531809982414,-0.670676504404339,-0.40571485239253646,-0.28618704015597507,1.0855320583450048,-0.6021203750777349,-2.1199346037816365,-1.2940222676262465,1.0855320583450048,-2.3284248130628784,False,1308327_YES.csv,1308327_YES
1771045980,2026-02-14 05:13:00,1,1984.700951,80.859999,0.040741653778730465,80.859999,,0.037,0.0,0.0,0.004,0.10810810810810811,5267.07,2207.44,7474.51,0.0,0.4093418832806431,-0.0,0.4093418832806431,-0.7238294430021192,-0.3211911037868302,0.522541294385191,-0.3974323366674703,-0.28618704015597507,-0.434120733596117,-0.5861181662934828,-0.5224792524037583,-1.269737543116928,-0.434120733596117,-2.2263375291168033,False,1308327_YES.csv,1308327_YES
1771046040,2026-02-14 05:14:00,2,92.756529,3.9999979999999997,0.043123627447905793,1.9999989999999999,,0.037,0.0,0.0,0.004,0.10810810810810811,5267.07,2207.44,7474.51,0.0,0.4093418832806431,-0.0,0.4093418832806431,-0.48907394797440484,-0.6634465242525273,-0.698814994838996,-0.3891962033276071,-0.28618704015597507,-0.434120733596117,-0.5703159258336647,-1.8513354670659283,-1.245699169317247,-0.434120733596117,-3.5311553699792926,False,1308327_YES.csv,1308327_YES
1771046100,2026-02-14 05:15:00,3,1062.36128,45.420799,0.0427545693306492,15.140266333333335,,0.0405,0.09459459459459474,0.09459459459459474,0.007,0.1728395061728395,3308.98,2529.99,5838.969999999999,-1635.5400000000009,0.13341222852660664,1635.5400000000009,0.13341222852660664,-0.2543184529466905,-0.45243003293901,-0.4572494563306386,0.0968049974591811,0.02162566433475064,0.664269453110416,-1.6484029264241895,-1.1639979422163391,-1.5299722646302578,0.664269453110416,-2.029700753736181,False,1308327_YES.csv,1308327_YES
1771046160,2026-02-14 05:16:00,1,14.0,0.546,0.03899999999721429,0.546,,0.0405,0.0,0.0,0.007,0.1728395061728395,3308.98,2529.99,5838.969999999999,0.0,0.13341222852660664,-0.0,0.13341222852660664,-0.7132558005063949,-0.6552673870022062,-0.7126202193835028,0.11962266858451184,-0.29160867973111926,-0.4423652182992078,-1.5819182557764528,-2.081143406892104,-1.7539042669230602,-0.4423652182992078,-4.277412892114372,False,1308327_YES.csv,1308327_YES
1771046220,2026-02-14 05:17:00,6,35018.912855999995,1536.743,0.04388322979411557,256.1238333333333,,0.0405,0.0,0.0,0.007,0.1728395061728395,3308.98,2529.99,5838.969999999999,0.0,0.13341222852660664,-0.0,0.13341222852660664,0.440561854740753,5.256471246980741,3.7577526517723814,0.10923157936400157,-0.29160867973111926,-0.4407513131173066,-1.591256441341832,9.454785753493875,-1.7736335417089497,-0.4407513131173066,7.240400898667618,False,1308327_YES.csv,1308327_YES
1771046280,2026-02-14 05:18:00,3,350.0,13.68073,0.039087799999888324,4.560243333333333,,0.0425,0.04938271604938271,0.04938271604938271,0.009,0.2117647058823529,2515.74,11974.28,14490.02,8651.050000000001,-0.6527623840408778,0.0,0.6527623840408778,-0.26551734877210276,-0.4989468779868868,-0.5863847276690158,0.413342674516275,-0.29160867973111926,0.1272131808452666,0.4624378455887673,-1.3508489544280056,0.5841718403739231,0.1272131808452666,-0.6394639332088159,False,1308327_YES.csv,1308327_YES
1771046340,2026-02-14 05:19:00,1,40.36,1.57404,0.038999999999033697,1.57404,,0.0425,0.0,0.0,0.009,0.2117647058823529,2515.74,11974.28,14490.02,0.0,-0.6527623840408778,-0.0,0.6527623840408778,-0.7340773760169899,-0.5354377393638291,-0.6124942105983474,0.4047852090511394,-0.27393758539588914,-0.4442167858272522,0.4546256709855465,-1.8820093259791664,0.5854732946407968,-0.4442167858272522,-1.740752817165622,False,1308327_YES.csv,1308327_YES
1771046400,2026-02-14 05:20:00,2,1078.0,40.43628,0.0375104638218576,20.21814,,0.0425,0.0,0.0,0.009,0.2117647058823529,2515.74,11974.28,14490.02,0.0,-0.6527623840408778,-0.0,0.6527623840408778,-0.4997973623945463,-0.39029524506532726,-0.2866731147391025,0.39627764093438034,-0.27393758539588914,-0.4442167858272522,0.44686461377998044,-1.1767657221989762,0.5692046693184716,-0.4442167858272522,-1.051777838707757,False,1308327_YES.csv,1308327_YES
1771046460,2026-02-14 05:21:00,1,1257.0,41.774,0.03323309466982236,41.774,,0.0375,-0.11764705882352955,0.11764705882352955,0.007,0.18666666666666668,12190.57,4181.650000000001,16372.220000000001,1882.2000000000007,0.48917739927755666,0.0,0.48917739927755666,-0.7283961236948874,-0.3825981152241955,0.09299887917474832,0.07982161537314023,-0.27393758539588914,0.9060747778195828,-0.26417077343406453,-1.0179953597443347,-0.4582867434568134,0.9060747778195828,-0.5702073253815654,False,1308327_YES.csv,1308327_YES
1771046520,2026-02-14 05:22:00,1,69.76,2.4416,0.03499999999949828,2.4416,,0.0375,0.0,0.0,0.007,0.18666666666666668,12190.57,4181.650000000001,16372.220000000001,0.0,0.48917739927755666,-0.0,0.48917739927755666,-0.7283961236948874,-0.5308425645223466,-0.601434131292905,0.08251828580648071,-0.27393758539588914,-0.4600720155676003,-0.3103515207985831,-1.860672819510139,-0.5017708203879915,-0.4600720155676003,-2.8225156554657307,False,1308327_YES.csv,1308327_YES
1771046580,2026-02-14 05:23:00,4,545.674472,19.082599000000002,0.0349706647078865,4.7706497500000005,,0.0375,0.0,0.0,0.007,0.18666666666666668,12190.57,4181.650000000001,16372.220000000001,0.0,0.48917739927755666,-0.0,0.48917739927755666,-0.027266165058097296,-0.46504508888728385,-0.5564305052686483,0.08521793874760832,-0.27393758539588914,-0.4600720155676003,-0.3621729426847872,-1.0487417592140296,-0.5508925893330681,-0.4600720155676003,-2.0597063641146978,False,1308327_YES.csv,1308327_YES
1771046820,2026-02-14 05:27:00,7,2384.266662,69.572407,0.02917979272570595,9.938915285714286,,0.0295,-0.21333333333333337,0.21333333333333337,0.001,0.03389830508474576,11583.45,10220.61,21804.06,5431.84,0.06250395568531733,0.0,0.06250395568531733,0.6533554813521658,-0.26709133379026745,-0.4432997179457201,-0.86483344355852,-0.25645401883798397,1.9205339558393482,-2.23621434761337,-0.05703557038382173,-3.357501810009874,1.9205339558393482,-1.4940034245543476,False,1308327_YES.csv,1308327_YES
1771046880,2026-02-14 05:28:00,1,33.333332,0.999999,0.029999971199098804,0.999999,,0.0295,0.0,0.0,0.001,0.03389830508474576,11583.45,10220.61,21804.06,0.0,0.06250395568531733,-0.0,0.06250395568531733,-0.7466919786881895,-0.5248056665815855,-0.6011133948858405,-0.8562857972189681,-0.25645401883798397,-0.47678068337924406,-2.129632763946772,-1.8726110401556155,-3.242372580003724,-0.47678068337924406,-5.591764303538584,False,1308327_YES.csv,1308327_YES
1771046940,2026-02-14 05:29:00,2,724.137928,20.999997999999998,0.028999997359578894,10.499998999999999,,0.0295,0.0,0.0,0.001,0.03389830508474576,11583.45,10220.61,21804.06,0.0,0.06250395568531733,-0.0,0.06250395568531733,-0.5185374042523906,-0.438501219474722,-0.40607142446786504,-0.8478382677319583,-0.25645401883798397,-0.47678068337924406,-2.034261743162727,-1.3631100481949776,-3.138554029732669,-0.47678068337924406,-4.978444761306891,False,1308327_YES.csv,1308327_YES
1771047000,2026-02-14 05:30:00,4,473.67482399999994,13.736568,0.02899999599719279,3.434142,,0.0285,-0.03389830508474567,0.03389830508474567,0.001,0.03508771929824561,11081.15,1208.69,12289.84,-9514.220000000001,0.8033025653710707,9514.220000000001,0.8033025653710707,-0.058615917316628185,-0.4663890026716162,-0.5404885986356998,-0.8394882815390337,1.5258486052256746,-0.10239182812365519,1.0292741718674938,-1.0654935186239443,1.7156344955541347,-0.10239182812365519,0.5477491488065352,False,1308327_YES.csv,1308327_YES
1771047060,2026-02-14 05:31:00,8,3181.6827569999996,81.87503899999999,0.02573325037508574,10.234379874999998,,0.0285,0.0,0.0,0.001,0.03508771929824561,11081.15,1208.69,12289.84,0.0,0.8033025653710707,-0.0,0.8033025653710707,0.8508217192521202,-0.21499382003961814,-0.4100158157108773,-0.8150401665059146,-0.2815209306041568,-0.46686714622686004,1.0349807851118078,0.22581208350162485,-0.06158031199826364,-0.46686714622686004,-0.30263537472349883,False,1308327_YES.csv,1308327_YES
1771047120,2026-02-14 05:32:00,2,78.108148,2.0,0.02560552325442915,1.0,,0.0285,0.0,0.0,0.001,0.03508771929824561,11081.15,1208.69,12289.84,0.0,0.8033025653710707,-0.0,0.8033025653710707,-0.559605148349303,-0.5155653824607666,-0.5852487851651668,-0.7911604803016054,-0.2815209306041568,-0.46686714622686004,1.040738239777649,-1.6604193159752363,-0.03194317112811307,-0.46686714622686004,-2.1592296333302095,False,1308327_YES.csv,1308327_YES
1771047180,2026-02-14 05:33:00,2,2664.63,63.00049,0.023643241275515293,31.500245,,0.0265,-0.07017543859649134,0.07017543859649134,0.001,0.03773584905660377,11878.66,5560.24,17438.9,5149.060000000001,0.36231757737013226,0.0,0.36231757737013226,-0.5650473137196803,-0.2892273138975752,-0.010612758080757572,-0.7678061682143703,-0.2815209306041568,0.3110996929653878,-0.7744171705197492,-0.864887385698013,-1.8237442693382762,0.3110996929653878,-2.3775319620709015,False,1308327_YES.csv,1308327_YES
1771047360,2026-02-14 05:36:00,1,241.66,6.0415,0.02499999999989655,6.0415,,0.0265,0.0,0.0,0.003,0.11320754716981132,10496.79,13209.26,23706.050000000003,6267.1500000000015,-0.11442100223360699,0.0,0.11442100223360699,-0.7891098485338776,-0.5017667180694112,-0.4925092976066775,-0.45977745762260813,-0.2726995576539638,-0.4796342076618877,-1.7495716482976946,-1.7833858642099663,-2.4820486635742665,-0.4796342076618877,-4.745068735446121,False,1308327_YES.csv,1308327_YES
1771047420,2026-02-14 05:37:00,1,418.41,10.20018,0.024378432637784938,10.20018,,0.0265,0.0,0.0,0.003,0.11320754716981132,10496.79,13209.26,23706.050000000003,0.0,-0.11442100223360699,-0.0,0.11442100223360699,-0.783121808271884,-0.48641315631141924,-0.4162249065274133,-0.46303483547756596,-0.2726995576539638,-0.4796342076618877,-1.687325694935682,-1.6857598711107165,-2.4230600880672117,-0.4796342076618877,-4.588454166839816,False,1308327_YES.csv,1308327_YES
1771047480,2026-02-14 05:38:00,1,178.571427,4.999999,0.027999994646243098,4.999999,,0.0265,0.0,0.0,0.003,0.11320754716981132,10496.79,13209.26,23706.050000000003,0.0,-0.11442100223360699,-0.0,0.11442100223360699,-0.783121808271884,-0.5044001674387024,-0.5075361512793934,-0.44963390390625435,-0.24439747742359194,-0.477813776141274,-1.617465042020621,-1.79505812698998,-2.311496423350467,-0.477813776141274,-4.584368326481721,False,1308327_YES.csv,1308327_YES
1771047540,2026-02-14 05:39:00,4,973.571327,27.394478,0.02813813147557073,6.8486195,,0.026,-0.018867924528301883,0.018867924528301883,0.004,0.15384615384615385,16252.96,13625.35,29878.309999999998,6172.259999999995,0.08794372907972368,0.0,0.08794372907972368,-0.09399809615953612,-0.4221309380632999,-0.4747142107537631,-0.2833654353672084,-0.24439747742359194,-0.26908573467419905,-1.6530625581375302,-0.990843244976599,-2.1808254709283306,-0.26908573467419905,-3.4407544505791288,False,1308327_YES.csv,1308327_YES
1771047600,2026-02-14 05:40:00,1,126.58,3.54424,0.027999999999778796,3.54424,,0.026,0.0,0.0,0.004,0.15384615384615385,16252.96,13625.35,29878.309999999998,0.0,0.08794372907972368,-0.0,0.08794372907972368,-0.7876443715073324,-0.48799949906415796,-0.5137321136480736,-0.27306431190469554,-0.24439747742359194,-0.4820065344271478,-1.5861734823431302,-1.7893759842195638,-2.1036352716714175,-0.4820065344271478,-4.375017790318129,False,1308327_YES.csv,1308327_YES
1771047660,2026-02-14 05:41:00,4,443.69103300000006,12.561278999999999,0.02831086964962775,3.1403197499999997,,0.026,0.0,0.0,0.004,0.15384615384615385,16252.96,13625.35,29878.309999999998,0.0,0.08794372907972368,-0.0,0.08794372907972368,-0.09799803500960998,-0.453830056251655,-0.5189752893365993,-0.25620186022190655,-0.24439747742359194,-0.47587618512240826,-1.5286173018595286,-1.0708033805978643,-2.029216639505027,-0.47587618512240826,-3.5758962052253,False,1308327_YES.csv,1308327_YES
1771047720,2026-02-14 05:42:00,3,262.5,8.2,0.031238095237976233,2.733333333333333,,0.0305,0.17307692307692313,0.17307692307692313,0.003,0.09836065573770492,1888.78,4181.98,6070.759999999999,-23807.55,-0.37774512581620756,23807.55,0.37774512581620756,-0.32510971627667845,-0.46751075177675383,-0.5243232636147718,-0.3940344628262064,3.771890695170929,1.4189402661315274,-0.3665063072500414,-1.316943731668204,3.011349925094681,1.4189402661315274,3.113346459558004,False,1308327_YES.csv,1308327_YES
1771047780,2026-02-14 05:43:00,1,7001.7385,250.0,0.0357054180186769,250.0,,0.0305,0.0,0.0,0.003,0.09836065573770492,1888.78,4181.98,6070.759999999999,0.0,-0.37774512581620756,-0.0,0.37774512581620756,-0.7725253828914571,0.4405204654991715,3.7664062110868297,-0.37500350678127486,-0.2799674195032345,-0.5004509754725108,-0.3429595796057382,3.434401293694544,-0.9979305058902476,-0.5004509754725108,1.9360198123317856,False,1308327_YES.csv,1308327_YES
1771047900,2026-02-14 05:45:00,2,166.00625,6.291999999999999,0.03790218741741401,3.1459999999999995,,0.036,0.180327868852459,0.180327868852459,0.004,0.11111111111111112,4672.81,4464.12,9136.93,3066.170000000001,0.022840275672463346,0.0,0.022840275672463346,-0.5195019613401259,-0.46716735793252867,-0.49305172209756915,-0.1894979546981948,-0.27712267073499,1.6252678184776492,-1.711456725613711,-1.4797210413702238,-2.1780773510468956,1.6252678184776492,-2.03253057393947,False,1308327_YES.csv,1308327_YES
1771048080,2026-02-14 05:48:00,2,2614.520588,85.59330999999999,0.03273766915159102,42.796654999999994,,0.0325,-0.0972222222222221,0.0972222222222221,0.001,0.030769230769230767,4795.37,14326.0,19121.37,9984.439999999999,-0.49842819839791824,0.0,0.49842819839791824,-0.5068058189022285,-0.1339550066066172,0.20851630571754254,-0.6514627861506396,-0.27712267073499,0.6232277514481885,0.222763837764437,-0.4322445197913032,-0.7058216191211926,0.6232277514481885,-0.5148383874643072,False,1308327_YES.csv,1308327_YES
1771048140,2026-02-14 05:49:00,1,26.54,0.84928,0.03199999999879428,0.84928,,0.0325,0.0,0.0,0.001,0.030769230769230767,4795.37,14326.0,19121.37,0.0,-0.49842819839791824,-0.0,0.49842819839791824,-0.7407161968571033,-0.481373603729157,-0.5184866875013736,-0.6264385379784331,-0.27712267073499,-0.5244630890600629,0.24951283741941113,-1.740576488087634,-0.6540483712940119,-0.5244630890600629,-2.919087948441709,False,1308327_YES.csv,1308327_YES
1771048200,2026-02-14 05:50:00,14,5511.1,181.20176,0.03287941790204625,12.942982857142857,,0.0325,0.0,0.0,0.001,0.030769230769230767,4795.37,14326.0,19121.37,0.0,-0.49842819839791824,-0.0,0.49842819839791824,2.177677079951961,0.31821185443193595,-0.27751922435832904,-0.6360328370535496,-0.27712267073499,-0.5004645663653684,0.2500962162248831,2.218369710025568,-0.6630592915636565,-0.5004645663653684,1.0548458520965434,False,1308327_YES.csv,1308327_YES
1771048260,2026-02-14 05:51:00,7,3713.461175,123.027159,0.03313005123850977,17.57530842857143,,0.032,-0.015384615384615441,0.015384615384615441,0.002,0.0625,6813.27,10105.63,16918.9,-2202.4699999999975,-0.19459657542748043,2202.4699999999975,0.19459657542748043,0.5969597062635197,0.11076307467571431,-0.16258682413762504,-0.4410500038182966,0.09132734455936573,-0.3201234811728558,-0.9883971809597512,0.545135956801609,-1.338119840218682,-0.3201234811728558,-1.1131073645899288,False,1308327_YES.csv,1308327_YES
1771048320,2026-02-14 05:52:00,1,908.823528,29.999999,0.03300970768878128,29.999999,,0.032,0.0,0.0,0.002,0.0625,6813.27,10105.63,16918.9,0.0,-0.19459657542748043,-0.0,0.19459657542748043,-0.728067012447741,-0.3071640733739505,0.07397656785402586,-0.5033629238718691,-0.28353402288275836,-0.5041726894246962,-0.9599338732150595,-0.9612545179676657,-1.746830819969687,-0.5041726894246962,-3.2122580273620485,False,1308327_YES.csv,1308327_YES
1771048380,2026-02-14 05:53:00,1,500.0,17.0,0.033999999999932,17.0,,0.032,0.0,0.0,0.002,0.0625,6813.27,10105.63,16918.9,0.0,-0.19459657542748043,-0.0,0.19459657542748043,-0.7102644703928755,-0.36592198099399775,-0.17487070773486907,-0.5114985451365395,-0.2807253157305714,-0.48165312676994815,-0.9303777874492747,-1.2510571591217423,-1.7226016483163855,-0.48165312676994815,-3.455311934208076,False,1308327_YES.csv,1308327_YES
1771048440,2026-02-14 05:54:00,2,1499.9999970000001,50.999998000000005,0.033999998734643995,25.499999000000003,,0.0325,0.015625,0.015625,0.001,0.030769230769230767,19494.47,7313.85,26808.32,9889.419999999998,0.4543596913197097,0.0,0.4543596913197097,-0.48830682339510195,-0.21224578289349422,-0.020754782093750732,-0.8725563417035085,-0.2807253157305714,-0.28513844410932165,0.13931620416253146,-0.7213073883823469,-1.0139654532715483,-0.28513844410932165,-2.020411285763217,False,1308327_YES.csv,1308327_YES
1771048500,2026-02-14 05:55:00,1,5.01,0.16032,0.03199999999361278,0.16032,,0.0325,0.0,0.0,0.001,0.030769230769230767,19494.47,7313.85,26808.32,0.0,0.4543596913197097,-0.0,0.4543596913197097,-0.6927730167892515,-0.4418785664806958,-0.49551878391961524,-0.8725563417035085,-0.2807253157305714,-0.48562211881382245,0.1466503838875025,-1.6301703671895624,-1.0066312735465774,-0.48562211881382245,-3.1224237595499624,False,1308327_YES.csv,1308327_YES
1771048560,2026-02-14 05:56:00,2,894.107647,29.05302,0.032493872630939995,14.52651,,0.0325,0.0,0.0,0.001,0.030769230769230767,19494.47,7313.85,26808.32,0.0,0.4543596913197097,-0.0,0.4543596913197097,-0.45992543015007464,-0.296097539461204,-0.21651682657656593,-0.8454968154078838,-0.2807253157305714,-0.4674328602149418,0.14743462539773064,-0.9725397961878445,-0.9787875057407246,-0.4674328602149418,-2.418760162143511,False,1308327_YES.csv,1308327_YES
1771048800,2026-02-14 06:00:00,1,205.882351,6.999999,0.03399999546326336,6.999999,,0.0325,0.0,0.0,0.003,0.09230769230769231,21299.47,6551.87,27851.34,1043.0200000000004,0.5295113269235879,0.0,0.5295113269235879,-0.6755747609152729,-0.37225311010305534,-0.33328080657565345,-0.08177523451297551,-0.2807253157305714,-0.4674328602149418,0.4513263832054385,-1.3811086775939816,0.08882583296189156,-0.4674328602149418,-1.7597157048470318,False,1308327_YES.csv,1308327_YES
1771048860,2026-02-14 06:01:00,1,147.058822,4.999999,0.033999993553368704,4.999999,,0.0325,0.0,0.0,0.003,0.09230769230769231,21299.47,6551.87,27851.34,0.0,0.5295113269235879,-0.0,0.5295113269235879,-0.720216554469616,-0.35653966420290734,-0.3718576084201173,-0.05179804768936106,-0.2807253157305714,-0.4674328602149418,0.44631777301831355,-1.4486138270926405,0.11379440959838105,-0.4674328602149418,-1.8022522777092014,False,1308327_YES.csv,1308327_YES
1771048920,2026-02-14 06:02:00,3,7485.081111,245.64266999999998,0.03281763635653496,81.88089,,0.0325,0.0,0.0,0.003,0.09230769230769231,21299.47,6551.87,27851.34,0.0,0.5295113269235879,-0.0,0.5295113269235879,-0.13675369515751515,0.8259838031262002,1.2569532382209618,-0.05836868708018175,-0.2807253157305714,-0.5057499731318994,0.4632295021378295,1.946183346189647,0.12413549932707629,-0.5057499731318994,1.564568872384824,False,1308327_YES.csv,1308327_YES
1771048980,2026-02-14 06:03:00,4,1208.02,42.114999999999995,0.034862833396769176,10.528749999999999,,0.0315,-0.03076923076923077,0.03076923076923077,0.003,0.09523809523809523,29050.42,1015.38,30065.8,2214.459999999999,0.9324561461860319,0.0,0.9324561461860319,0.16206788357670973,-0.1701429460351506,-0.27053485991021176,-0.06496394950536984,-0.2807253157305714,0.02032685484457,2.063148704304299,-0.2786099223686526,1.7174594390683575,0.02032685484457,1.459176371544275,False,1308327_YES.csv,1308327_YES
1771049040,2026-02-14 06:04:00,2,52.631576,1.999998,0.0379999641272759,0.999999,,0.0315,0.0,0.0,0.003,0.09523809523809523,29050.42,1015.38,30065.8,0.0,0.9324561461860319,-0.0,0.9324561461860319,-0.4399626545465496,-0.35678509249342943,-0.4607513433233505,-0.07158488144165476,-0.2807253157305714,-0.5158022244621958,1.9994157978914633,-1.2574990903633296,1.647105600719237,-0.5158022244621958,-0.12619571410628838,False,1308327_YES.csv,1308327_YES
1771049160,2026-02-14 06:06:00,1,1386.486485,49.999999,0.03606237748503109,49.999999,,0.0335,0.06349206349206349,0.06349206349206349,0.005,0.14925373134328357,20475.57,41562.47,62038.04,31972.24,-0.3399027435425104,0.0,0.3399027435425104,-0.7175594406109285,-0.12052762016151754,0.5707950748475916,0.6848456961349811,-0.2512569778542894,0.5849188925932989,-0.3148580358152935,-0.26729198592485437,0.11873068246539825,0.5849188925932989,0.43635758913384276,False,1308327_YES.csv,1308327_YES
1771049280,2026-02-14 06:08:00,2,166.666663,5.999998,0.035999988791783746,2.999999,,0.0335,0.0,0.0,0.005,0.14925373134328357,20475.57,41562.47,62038.04,0.0,-0.3399027435425104,-0.0,0.3399027435425104,-0.4078215525774342,-0.32765596406684455,-0.41618442471321054,0.6607028677427969,-0.2512569778542894,-0.5191321961174937,-0.2935843647581149,-1.1516619413574893,0.11586152513039255,-0.5191321961174937,-1.5549326123445906,False,1308327_YES.csv,1308327_YES
1771049340,2026-02-14 06:09:00,11,30306.683843,1169.729198,0.03859641008760957,106.339018,,0.0355,0.05970149253731338,0.05970149253731338,0.005,0.14084507042253522,4351.6,13312.94,17664.54,-44373.5,-0.5073067286212944,44373.5,0.5073067286212944,2.2769771764472932,4.343054167323257,1.7179220504629293,0.6368687694703641,6.369765950869075,0.5017800490628175,0.39783113548862953,8.33795339423348,7.404465855828069,0.5017800490628175,16.244199299124364,True,1308327_YES.csv,1308327_YES
1771049400,2026-02-14 06:10:00,4,250.165163,9.16,0.03661580969194892,2.29,,0.0355,0.0,0.0,0.005,0.14084507042253522,4351.6,13312.94,17664.54,0.0,-0.5073067286212944,-0.0,0.5073067286212944,0.1793385788477016,-0.31845290305734236,-0.4395754435035374,0.6133006771384526,-0.22131544476678702,-0.5136828519943847,0.428562190729715,-0.5786897677131781,0.8205474231013806,-0.5136828519943847,-0.2718251966061822,False,1308327_YES.csv,1308327_YES
1771049460,2026-02-14 06:11:00,5,882.81189,31.281669,0.035434127422054255,6.2563338,,0.0355,0.0,0.0,0.005,0.14084507042253522,4351.6,13312.94,17664.54,0.0,-0.5073067286212944,-0.0,0.5073067286212944,0.4782362102605376,-0.22582646575831183,-0.3530396075234272,0.5899565797210705,-0.22131544476678702,-0.5136828519943847,0.46123011952534126,-0.10062986302120147,0.8298712544796247,-0.5136828519943847,0.21555853946403858,False,1308327_YES.csv,1308327_YES
1771049520,2026-02-14 06:12:00,2,2050.0,71.75,0.03499999999998293,35.875,,0.0335,-0.0563380281690139,0.0563380281690139,0.003,0.08955223880597014,20030.6,25130.76,45161.36,27496.82,-0.11293194004786392,0.0,0.11293194004786392,-0.3966983061763149,-0.06417422130407491,0.25100652564564013,-0.22056897937531755,-0.22131544476678702,0.45741770669519316,-1.1893948284118916,-0.20986600183474968,-1.631279252553996,0.45741770669519316,-1.3837275476935524,False,1308327_YES.csv,1308327_YES
1771049580,2026-02-14 06:13:00,3,1609.142854,56.31999800000001,0.034999998825439894,18.773332666666672,,0.0335,0.0,0.0,0.003,0.08955223880597014,20030.6,25130.76,45161.36,0.0,-0.11293194004786392,-0.0,0.11293194004786392,0.006541612551908811,-0.12833060710075941,-0.11045205790779627,-0.23596086263570676,-0.22131544476678702,-0.5123374141879447,-1.1493883718273636,-0.2322410524566469,-1.6066646792298576,-0.5123374141879447,-2.351243145874449,False,1308327_YES.csv,1308327_YES
1771049640,2026-02-14 06:14:00,2,1556.39,51.53365000000001,0.03311101330641221,25.766825000000004,,0.0335,0.0,0.0,0.003,0.08955223880597014,20030.6,25130.76,45161.36,0.0,-0.11293194004786392,-0.0,0.11293194004786392,-0.37293683896348906,-0.14667726034719972,0.03176521169208958,-0.251687947455991,-0.22131544476678702,-0.5123374141879447,-1.111107578658374,-0.48784888761859924,-1.5841109708811518,-0.5123374141879447,-2.584297272687696,False,1308327_YES.csv,1308327_YES
1771049700,2026-02-14 06:15:00,1,15.0,0.495,0.0329999999978,0.495,,0.034,0.014925373134328401,0.014925373134328401,0.002,0.058823529411764705,5667.68,20864.98,26532.66,-18628.7,-0.5727770981122887,18628.7,0.5727770981122887,-0.738517014837875,-0.32946197095956975,-0.47395499050232254,-0.6706689098873858,2.4436165369004,-0.23280992416416652,0.8681693049890365,-1.5419339762997673,2.641116932002051,-0.23280992416416652,0.8663730315381171,False,1308327_YES.csv,1308327_YES
1771049760,2026-02-14 06:16:00,1,1200.0,42.00000000000001,0.03499999999997084,42.00000000000001,,0.034,0.0,0.0,0.002,0.058823529411764705,5667.68,20864.98,26532.66,0.0,-0.5727770981122887,-0.0,0.5727770981122887,-0.7220798829000344,-0.15984068767554047,0.3851567304825291,-0.6454817136355128,-0.25467711636643336,-0.5126375914493279,0.8392804485912467,-0.49676384009304586,-0.060878381410699345,-0.5126375914493279,-1.070279812953073,False,1308327_YES.csv,1308327_YES
1771049820,2026-02-14 06:17:00,2,1994.096387,71.439999,0.03582575018223737,35.7199995,,0.034,0.0,0.0,0.002,0.058823529411764705,5667.68,20864.98,26532.66,0.0,-0.5727770981122887,-0.0,0.5727770981122887,-0.3282181285909248,-0.04446464264713681,0.24326875321034913,-0.6205858028389889,-0.25467711636643336,-0.5126375914493279,0.8110563543455797,-0.12941401802771246,-0.06420656485984255,-0.5126375914493279,-0.7062581743368829,False,1308327_YES.csv,1308327_YES
1771050000,2026-02-14 06:20:00,2,102.777776,3.699999,0.03599999089262253,1.8499995,,0.034,0.0,0.0,0.002,0.058823529411764705,5667.68,20864.98,26532.66,0.0,-0.5727770981122887,-0.0,0.5727770981122887,-0.3282181285909248,-0.3199390373647517,-0.46447044049479264,-0.5959481951619496,-0.25467711636643336,-0.5126375914493279,0.7834278812152471,-1.1126276064504692,-0.06719743031313596,-0.5126375914493279,-1.6924626282129331,False,1308327_YES.csv,1308327_YES
1771050060,2026-02-14 06:21:00,1,25.66,0.8981000000000001,0.03499999999863601,0.8981000000000001,,0.034,0.0,0.0,0.002,0.058823529411764705,6260.9800000000005,18128.36,24389.34,-2143.3199999999997,-0.48658061267750585,2143.3199999999997,0.48658061267750585,-0.705926055201171,-0.32828144095383244,-0.47896470121067186,-0.586861754946897,0.05431958632831598,-0.5073615856108256,0.403798348460867,-1.5131721973656753,-0.12874382015771396,-0.5073615856108256,-2.149277603134215,False,1308327_YES.csv,1308327_YES
1771050120,2026-02-14 06:22:00,1,28.571427,0.999999,0.0349999669237731,0.999999,,0.034,0.0,0.0,0.002,0.058823529411764705,6260.9800000000005,18128.36,24389.34,0.0,-0.48658061267750585,-0.0,0.48658061267750585,-0.6900408754663735,-0.32531968588756727,-0.4723946296663782,-0.577862425889758,-0.25612660692739125,-0.5073615856108256,0.39850005058283583,-1.4877551910203188,-0.4354889822343135,-0.5073615856108256,-2.430605758865458,False,1308327_YES.csv,1308327_YES
1771050180,2026-02-14 06:23:00,2,905.3714269999999,31.687998999999998,0.03499999895619083,15.843999499999999,,0.034,0.0,0.0,0.002,0.058823529411764705,6260.9800000000005,18128.36,24389.34,0.0,-0.48658061267750585,-0.0,0.48658061267750585,-0.27324689600952395,-0.2000696760156154,-0.16675094836336019,-0.5689474990185529,-0.25612660692739125,-0.5073615856108256,0.39322479930944615,-0.6400675203884996,-0.43184930663649795,-0.5073615856108256,-1.579278412635823,False,1308327_YES.csv,1308327_YES
1771050240,2026-02-14 06:24:00,10,5769.5599999999995,193.42117000000002,0.03352442300625462,19.342117000000002,,0.0345,0.014705882352941124,0.014705882352941124,0.001,0.02898550724637681,4954.75,17153.06,22107.81,-2281.529999999999,-0.551764738343599,2281.529999999999,0.551764738343599,2.6891781527948546,0.44548308537478915,-0.09460850576091955,-1.0122832125395032,0.0780398844965248,-0.19146263851079093,0.6607103124564382,3.0400527324087245,-0.2735330155865402,-0.19146263851079093,2.5750570783113935,False,1308327_YES.csv,1308327_YES
1771050300,2026-02-14 06:25:00,5,944.042435,31.388499,0.03324903398009513,6.2776998,,0.0345,0.0,0.0,0.001,0.02898550724637681,4954.75,17153.06,22107.81,0.0,-0.551764738343599,-0.0,0.551764738343599,0.7949216494884488,-0.2133925881449952,-0.36788094991389103,-1.0122832125395032,-0.25265289313247136,-0.48966140691222165,0.6464088147841401,0.21364811142956258,-0.6185272908878344,-0.48966140691222165,-0.8945405863704935,False,1308327_YES.csv,1308327_YES
1771050540,2026-02-14 06:29:00,1,150.0,5.250000000000001,0.034999999999766676,5.250000000000001,,0.0345,0.0,0.0,0.001,0.02898550724637681,4954.75,17153.06,22107.81,0.0,-0.551764738343599,-0.0,0.551764738343599,-0.6717698918047833,-0.3178901713485084,-0.3892968351413679,-1.0122832125395032,-0.25265289313247136,-0.48966140691222165,0.632308333474775,-1.3789568982946596,-0.6326277721971996,-0.48966140691222165,-2.501246077404081,False,1308327_YES.csv,1308327_YES
1771050600,2026-02-14 06:30:00,1,1428.571427,49.99999900000001,0.0349999993384755,49.99999900000001,,0.0335,-0.02898550724637683,0.02898550724637683,0.003,0.08955223880597014,19613.27,33766.47,53379.740000000005,31271.930000000004,-0.26514179349693345,0.0,0.26514179349693345,-0.6717698918047833,-0.13969168684064612,0.527548233301048,-0.11831156968259456,-0.25265289313247136,0.13752123108464104,-0.5824112412758299,-0.2839133453443814,-0.9533757040908958,0.13752123108464104,-1.0997678183506363,False,1308327_YES.csv,1308327_YES
1771050720,2026-02-14 06:32:00,2,171.428568,5.999998,0.034999989033128925,2.999999,,0.0335,0.0,0.0,0.003,0.08955223880597014,19613.27,33766.47,53379.740000000005,0.0,-0.26514179349693345,-0.0,0.26514179349693345,-0.3057302308281854,-0.31297981556990795,-0.4298616626733165,-0.11100663425574553,-0.25265289313247136,-0.4746659369228457,-0.5705532136043556,-1.04857170907141,-0.9342127409925725,-0.4746659369228457,-2.457450386986828,False,1308327_YES.csv,1308327_YES
1771050780,2026-02-14 06:33:00,2,427.777776,15.366439000000002,0.03592154586348608,7.683219500000001,,0.034,0.014925373134328401,0.014925373134328401,0.002,0.058823529411764705,7475.809999999999,35619.05,43094.86,-10284.880000000005,-0.6530532875614402,10284.880000000005,0.6530532875614402,-0.3057302308281854,-0.2758217159072652,-0.3334515733346253,-0.5393917847838228,1.1987673679882616,-0.1649710882348796,1.0527065219725051,-0.9150035200700759,1.712082105176944,-0.1649710882348796,0.6321074968719884,False,1308327_YES.csv,1308327_YES
1771050840,2026-02-14 06:34:00,3,1191.071081,43.73966,0.03672296363978572,14.579886666666667,,0.034,0.0,0.0,0.002,0.058823529411764705,7475.809999999999,35619.05,43094.86,0.0,-0.6530532875614402,-0.0,0.6530532875614402,0.06863331712469459,-0.16059490768335055,-0.18782554454221673,-0.5139172156922618,-0.27012068607599565,-0.455758827702462,1.0184983531639602,-0.2797871351008727,0.2344604513957027,-0.455758827702462,-0.501085511407632,False,1308327_YES.csv,1308327_YES
1771050900,2026-02-14 06:35:00,2,405.405404,14.999998999999999,0.03699999766150867,7.4999994999999995,,0.034,0.0,0.0,0.002,0.058823529411764705,7475.809999999999,35619.05,43094.86,0.0,-0.6530532875614402,-0.0,0.6530532875614402,-0.31295617435205364,-0.2782518788295354,-0.33989736047148816,-0.4882624498167441,-0.27012068607599565,-0.455758827702462,0.9854887997230576,-0.9311054136530772,0.22710566383031783,-0.455758827702462,-1.1597585775252215,False,1308327_YES.csv,1308327_YES
1771050960,2026-02-14 06:36:00,1,636.11111,22.90000000000001,0.036000000062825506,22.90000000000001,,0.0355,0.04411764705882337,0.04411764705882337,0.003,0.08450704225352114,8052.02,44303.97,52355.990000000005,9261.130000000005,-0.6924126542158785,0.0,0.6924126542158785,-0.6628436483271596,-0.227110118104956,0.08785144547695764,0.007985870740426683,-0.27012068607599565,0.4791505511001479,1.1152035613185056,-0.8021023209551579,0.8530687459829367,0.4791505511001479,0.5301169761279267,False,1308327_YES.csv,1308327_YES
1771051020,2026-02-14 06:37:00,1,171.388887,6.169999,0.035999994561864354,6.169999,,0.0355,0.0,0.0,0.003,0.08450704225352114,8052.02,44303.97,52355.990000000005,0.0,-0.6924126542158785,-0.0,0.6924126542158785,-0.6479114734489555,-0.3334489417876159,-0.37470817419956587,0.06039216158521851,-0.27012068607599565,-0.4543508698318417,1.1091403692409698,-1.3560685894361373,0.8994118447501926,-0.4543508698318417,-0.9110076145177863,False,1308327_YES.csv,1308327_YES
1771051080,2026-02-14 06:38:00,3,689.0,24.506,0.035567489114607304,8.168666666666667,,0.0355,0.0,0.0,0.003,0.08450704225352114,8052.02,44303.97,52355.990000000005,0.0,-0.6924126542158785,-0.0,0.6924126542158785,0.0946919497610228,-0.21856733991948402,-0.32297843063548537,0.12330020134515356,-0.27012068607599565,-0.4543508698318417,1.1031306973883295,-0.4468538207939466,0.9563102126574874,-0.4543508698318417,0.05510552203169916,False,1308327_YES.csv,1308327_YES
1771051140,2026-02-14 06:39:00,3,2989.166663,107.609999,0.03599999970960599,35.869999666666665,,0.035,-0.014084507042253391,0.014084507042253391,0.002,0.05714285714285714,7451.38,45072.72,52524.1,168.1099999999933,-0.7162681511915484,0.0,0.7162681511915484,0.08843472226901128,0.30691907895270815,0.4347931942414328,-0.4277215641443796,-0.27012068607599565,-0.15578021230751443,1.1936408677155204,0.8301469954631522,0.4957986174951451,-0.15578021230751443,1.170165400650783,False,1308327_YES.csv,1308327_YES
1771051200,2026-02-14 06:40:00,1,1500.0,53.99999999999999,0.035999999999975996,53.99999999999999,,0.035,0.0,0.0,0.002,0.05714285714285714,7451.38,45072.72,52524.1,0.0,-0.7162681511915484,-0.0,0.7162681511915484,-0.6695771828939424,-0.03790903551175833,0.925451992225249,-0.4014327739707403,-0.27012068607599565,-0.4336051442289056,1.164461019762965,0.2179657738195483,0.4929075597162291,-0.4336051442289056,0.2772681893068718,False,1308327_YES.csv,1308327_YES
1771051260,2026-02-14 06:41:00,2,388.88777600000003,13.888849,0.03571428534684583,6.9444245,,0.035,0.0,0.0,0.002,0.05714285714285714,7451.38,45072.72,52524.1,0.0,-0.7162681511915484,-0.0,0.7162681511915484,-0.29781391063175766,-0.2963017536244113,-0.36985297397983635,-0.37480153478367323,-0.27012068607599565,-0.4336051442289056,1.136352195865286,-0.9639686382360053,0.49142997500561714,-0.4336051442289056,-0.9061438074592938,False,1308327_YES.csv,1308327_YES
1771051380,2026-02-14 06:43:00,1,215.26,7.5341,0.03499999999983741,7.5341,,0.035,0.0,0.0,0.002,0.05714285714285714,7451.38,45072.72,52524.1,0.0,-0.7162681511915484,-0.0,0.7162681511915484,-0.6577448348014554,-0.33568219591921633,-0.35508237386795943,-0.34799448875466293,-0.27012068607599565,-0.4336051442289056,1.1092362042032855,-1.3485094045886312,0.4911210293726269,-0.4336051442289056,-1.29099351944491,False,1308327_YES.csv,1308327_YES
1771051500,2026-02-14 06:45:00,1,63.9,2.2365000000000004,0.034999999999452275,2.2365000000000004,,0.035,0.0,0.0,0.002,0.05714285714285714,6168.41,41389.22,47557.630000000005,-4966.469999999994,-0.7405922036064454,4966.469999999994,0.7405922036064454,-0.6321053493480742,-0.3620426522319731,-0.49661260665948537,-0.36593827977381926,0.42846223473075645,-0.4304401991205471,1.1729303944546339,-1.4907606082395326,1.235454349411571,-0.4304401991205471,-0.6857464579485086,False,1308327_YES.csv,1308327_YES
1771051560,2026-02-14 06:46:00,2,11553.34,346.29347,0.02997345096742321,173.146735,,0.035,0.0,0.0,0.002,0.05714285714285714,6168.41,41389.22,47557.630000000005,0.0,-0.7405922036064454,-0.0,0.7405922036064454,-0.25228434206388295,1.7570589651412358,3.6310105646346624,-0.38441339065714253,-0.28169874869525224,-0.4304401991205471,1.1396413534702832,5.135785187712015,0.4735292141178884,-0.4304401991205471,5.178874202709357,False,1308327_YES.csv,1308327_YES
1771051620,2026-02-14 06:47:00,3,1745.524284,58.565729000000005,0.033551941692703736,19.52190966666667,,0.035,0.0,0.0,0.002,0.05714285714285714,6168.41,41389.22,47557.630000000005,0.0,-0.7405922036064454,-0.0,0.7405922036064454,0.12942892081102084,-0.041227866444873,-0.09227671532443504,-0.4034619331876818,-0.28169874869525224,-0.4304401991205471,1.1082680689735527,-0.004075660958287208,0.42310738709061857,-0.4304401991205471,-0.011408472988215734,False,1308327_YES.csv,1308327_YES
1771051800,2026-02-14 06:50:00,1,1351.92,36.801840000000006,0.027221906621673363,36.801840000000006,,0.035,0.0,0.0,0.002,0.05714285714285714,6168.41,41389.22,47557.630000000005,0.0,-0.7405922036064454,-0.0,0.7405922036064454,-0.6270496401858519,-0.1795468616606877,0.31330439558055007,-0.42313056452325704,-0.26150785174573987,-0.4152846780932903,1.1189156707199899,-0.49329210626598946,0.43427725445099297,-0.4152846780932903,-0.4742995299082868,False,1308327_YES.csv,1308327_YES
1771051860,2026-02-14 06:51:00,1,1388.67,37.49409,0.026999999999980557,37.49409,,0.0285,-0.18571428571428572,0.18571428571428572,0.003,0.10526315789473684,16144.15,10560.62,26704.77,-20852.860000000004,0.20908362064155575,20852.860000000004,0.20908362064155575,-0.6030743156004785,-0.1705783659960098,0.31909755950211377,0.428736424664961,2.545072012420783,3.923155922657433,-1.0980395948007393,-0.4545551220943746,1.8757688422850043,3.923155922657433,5.344369642848063,False,1308327_YES.csv,1308327_YES
1771051920,2026-02-14 06:52:00,8,30205.840031,1043.872718,0.03455863888998443,130.48408975,,0.0285,0.0,0.0,0.003,0.10526315789473684,16144.15,10560.62,26704.77,0.0,0.20908362064155575,-0.0,0.20908362064155575,2.088580950165813,4.719011194546425,2.4007236316238703,0.40497082942306795,-0.2939398840262842,-0.429029245445848,-1.06452879887253,9.208315776336109,-0.9534978534757463,-0.429029245445848,7.825788677414515,False,1308327_YES.csv,1308327_YES
1771051980,2026-02-14 06:53:00,2,92.303029,2.983999,0.03232828903120471,1.4919995,,0.0285,0.0,0.0,0.003,0.10526315789473684,16144.15,10560.62,26704.77,0.0,0.20908362064155575,-0.0,0.20908362064155575,-0.23206455001842372,-0.38325826631002885,-0.5642989276923023,0.38094623174888803,-0.2939398840262842,-0.4062547508255805,-1.0450698354579402,-1.1796217440207548,-0.9580634877353363,-0.4062547508255805,-2.5439399825816715,False,1308327_YES.csv,1308327_YES
1771052040,2026-02-14 06:54:00,1,2037.838708,62.909999,0.03087094123445665,62.909999,,0.0265,-0.07017543859649134,0.07017543859649134,0.005,0.18867924528301888,6290.27,9826.57,16116.84,-10587.93,-0.21941646129141937,10587.93,0.21941646129141937,-0.6188388000491298,-0.09430022796862493,0.8247422728826233,2.0973977967195987,1.1123126320828598,1.2155211554568786,-1.018005023382612,0.1116032448648685,2.191705405419847,1.2155211554568786,3.5188298057415937,False,1308327_YES.csv,1308327_YES
1771052100,2026-02-14 06:55:00,1,1388.67,32.35746,0.02330104344443002,32.35746,,0.0265,0.0,0.0,0.005,0.18867924528301888,6290.27,9826.57,16116.84,0.0,-0.21941646129141937,-0.0,0.21941646129141937,-0.6188388000491298,-0.24615450716429846,0.1157538947514707,1.9976333210794894,-0.3147905964712224,-0.4290292454458481,-1.0354835950580439,-0.7492394124619576,0.6473591295502232,-0.4290292454458481,-0.5309095283575824,False,1308327_YES.csv,1308327_YES
1771052160,2026-02-14 06:56:00,4,982.51,27.071460000000002,0.027553368413525,6.7678650000000005,,0.0265,0.0,0.0,0.005,0.18867924528301888,6290.27,9826.57,16116.84,0.0,-0.21941646129141937,-0.0,0.21941646129141937,0.5226424083503207,-0.27407530026137056,-0.47260173920367904,1.9079699590144763,-0.3147905964712224,-0.4290292454458481,-1.0534687378207033,-0.22403463111472888,0.5397106247225507,-0.4290292454458481,-0.11335325183802625,False,1308327_YES.csv,1308327_YES
1771052220,2026-02-14 06:57:00,5,2197.731515,63.072748,0.028699023319948693,12.6145496,,0.026,-0.018867924528301883,0.018867924528301883,0.002,0.07692307692307693,6965.75,6293.02,13258.77,-2858.0699999999997,0.050738492333753396,2858.0699999999997,0.050738492333753396,0.8991358018434138,-0.10020703290307739,-0.3408380643122403,-0.5394804099018338,0.06406883733721831,0.013137607627054305,-1.782775547892202,0.4580907046280961,-2.2581871204568174,0.013137607627054305,-1.7869588082016667,False,1308327_YES.csv,1308327_YES
1771052280,2026-02-14 06:58:00,1,5.0,0.1,0.019999999996000002,0.1,,0.026,0.0,0.0,0.002,0.07692307692307693,6965.75,6293.02,13258.77,0.0,0.050738492333753396,-0.0,0.050738492333753396,-0.6422398584595812,-0.4093824361113263,-0.626708548826543,-0.5162539890579598,-0.3214743482317141,-0.42902924544584786,-1.7717863883159786,-1.6783308433974504,-2.609514725605653,-0.42902924544584786,-4.716874814448951,False,1308327_YES.csv,1308327_YES
1771052400,2026-02-14 07:00:00,1,31.0,0.62,0.01999999999935484,0.62,,0.0225,-0.13461538461538458,0.13461538461538458,0.005,0.22222222222222224,12655.6,71903.4,84559.0,71300.23,-0.7006681725185965,0.0,0.7006681725185965,-0.6223073791347341,-0.40569682913739596,-0.6134471242665751,1.9385916222576365,-0.3214743482317141,2.5258395058841314,1.0241666136848149,-1.6414513325387052,2.6412838877107374,2.5258395058841314,3.525672061056164,False,1308327_YES.csv,1308327_YES
1771052520,2026-02-14 07:02:00,1,45.454544,0.999999,0.0219999787035153,0.999999,,0.0225,0.0,0.0,0.005,0.22222222222222224,12655.6,71903.4,84559.0,0.0,-0.7006681725185965,-0.0,0.7006681725185965,-0.6076477899467261,-0.403147345768332,-0.6038224218262727,1.8551729479126322,-0.2893960740181231,-0.43574335360678185,0.9932626433332596,-1.6146175575413309,2.5590395172277685,-0.43574335360678185,0.5086786060796558,False,1308327_YES.csv,1308327_YES
1771052640,2026-02-14 07:04:00,2,445.454544,8.599999,0.01930612026707868,4.2999995,,0.0225,0.0,0.0,0.005,0.22222222222222224,12655.6,71903.4,84559.0,0.0,-0.7006681725185965,-0.0,0.7006681725185965,-0.23089662841204098,-0.34772002089797205,-0.5837075761916277,1.7791615501412932,-0.2893960740181231,-0.43574335360678185,0.9633838630656232,-1.1623242255016408,2.4531493391887933,-0.43574335360678185,0.8550817600803706,False,1308327_YES.csv,1308327_YES
1771052700,2026-02-14 07:05:00,4,8760.102726000001,178.00092,0.0203195014450769,44.50023,,0.0225,0.0,0.0,0.005,0.22222222222222224,12655.6,71903.4,84559.0,0.0,-0.7006681725185965,-0.0,0.7006681725185965,0.5249220380969939,0.47374262568083875,0.6352768600326579,1.7350232133965786,-0.2893960740181231,-0.42475076646305143,0.9397199168434431,1.6339415238104906,2.3853470562218986,-0.42475076646305143,3.594537813569338,False,1308327_YES.csv,1308327_YES
1771052760,2026-02-14 07:06:00,1,200.0,4.4,0.02199999999989,4.4,,0.02,-0.11111111111111105,0.11111111111111105,0.002,0.1,12836.5,39403.23,52239.73,-32319.269999999997,-0.5085541215469529,32319.269999999997,0.5085541215469529,-0.6192050007274124,-0.3751265467235449,-0.5820458400426384,-0.5640365723089024,3.773449092226198,2.739662297533678,0.08023681332491407,-1.5763773874935958,3.28964933324221,2.739662297533678,4.452934243282293,False,1308327_YES.csv,1308327_YES
1771052820,2026-02-14 07:07:00,1,434.782607,9.999999,0.022999997789647002,9.999999,,0.02,0.0,0.0,0.002,0.1,12836.5,39403.23,52239.73,0.0,-0.5085541215469529,-0.0,0.5085541215469529,-0.6192050007274124,-0.34839703959159457,-0.41509334590598773,-0.5841743233854471,-0.3197893667886532,-0.42403266020836833,0.07947899805990367,-1.3826953862249947,-0.8244846921141966,-0.42403266020836833,-2.6312127385475597,False,1308327_YES.csv,1308327_YES
1771052880,2026-02-14 07:08:00,2,143.468259,3.099789,0.02160609616081277,1.5498945,,0.02,0.0,0.0,0.002,0.1,12836.5,39403.23,52239.73,0.0,-0.5085541215469529,-0.0,0.5085541215469529,-0.19456478694422835,-0.3681146726781517,-0.668609852576951,-0.6050359463404481,-0.3197893667886532,-0.42403266020836833,0.07872129502225607,-1.2312893121993311,-0.8461040181068452,-0.42403266020836833,-2.501425990514545,False,1308327_YES.csv,1308327_YES
1771052940,2026-02-14 07:09:00,2,959.53,20.32413,0.02118133878042252,10.162065,,0.021,0.050000000000000044,0.050000000000000044,0.004,0.19047619047619047,12969.47,41272.02,54241.49,2001.7599999999948,-0.5217878417425479,0.0,0.5217878417425479,-0.1621491138300313,-0.2746817813396497,-0.39875836398534414,0.9427104162309534,-0.31487545210051954,0.9751145877925402,0.11523719466067407,-0.8355892591550251,0.743072158791108,0.9751145877925402,0.8825974874286231,False,1308327_YES.csv,1308327_YES
1771053000,2026-02-14 07:10:00,3,1798.5508639999998,41.359997,0.022996289861934617,13.786665666666666,,0.021,0.0,0.0,0.004,0.19047619047619047,12969.47,41272.02,54241.49,0.0,-0.5217878417425479,-0.0,0.5217878417425479,0.3089519156568592,-0.17194446736733615,-0.27869747440699894,0.9130288516622823,-0.31487545210051954,-0.43683597014586695,0.09198363762212072,-0.1416900261174759,0.6901370371838834,-0.43683597014586695,0.11161104092054053,False,1308327_YES.csv,1308327_YES
1771053120,2026-02-14 07:12:00,1,434.782607,9.999999,0.022999997789647002,9.999999,,0.0215,0.023809523809523725,0.023809523809523725,0.003,0.13953488372093026,14466.49,42028.25,56494.74,2253.25,-0.487864179921883,0.0,0.487864179921883,-0.6666857127332225,-0.325939030045941,-0.3913141185262354,0.11780799852500241,-0.31487545210051954,0.22458760629047816,-0.08858477169511908,-1.383938861305399,-0.2856522252706362,0.22458760629047816,-1.445003480285557,False,1308327_YES.csv,1308327_YES
1771053180,2026-02-14 07:13:00,4,14431.184345999998,345.946039,0.023972116959053637,86.48650975,,0.0215,0.0,0.0,0.003,0.13953488372093026,14466.49,42028.25,56494.74,0.0,-0.487864179921883,-0.0,0.487864179921883,0.7766562226486773,1.2873789113682097,1.8714549242682912,0.0933354426327094,-0.31487545210051954,-0.44048439419654223,-0.09124717561300853,3.935490058285178,-0.31278718508081865,-0.44048439419654223,3.182218479007817,False,1308327_YES.csv,1308327_YES
1771053240,2026-02-14 07:14:00,2,7040.0,176.0,0.02499999999999645,88.0,,0.0215,0.0,0.0,0.003,0.13953488372093026,14466.49,42028.25,56494.74,0.0,-0.487864179921883,-0.0,0.487864179921883,-0.20299192424735366,0.4470934750522039,1.8261056058408816,0.06800936980066673,-0.31487545210051954,-0.44048439419654223,-0.09391265107811751,2.070207156645732,-0.3407787333779703,-0.44048439419654223,1.2889440290712193,False,1308327_YES.csv,1308327_YES
1771053300,2026-02-14 07:15:00,1,40.0,0.8799999999999999,0.021999999999449998,0.8799999999999999,,0.0245,0.13953488372093026,0.13953488372093026,0.001,0.04081632653061224,7231.87,23044.03,30275.899999999998,-26218.84,-0.5222688673169089,26218.84,0.5222688673169089,-0.6795741948175926,-0.4009920519026351,-0.6981941193636947,-1.5642155054153362,2.7510326365386573,3.1336831312819005,0.06245746437964965,-1.7787603660839224,1.2492745955029707,3.1336831312819005,2.6041973607009488,False,1308327_YES.csv,1308327_YES
1771053420,2026-02-14 07:17:00,2,1015.07,24.36168,0.023999999999976356,12.18084,,0.0245,0.0,0.0,0.001,0.04081632653061224,7231.87,23044.03,30275.899999999998,0.0,-0.5222688673169089,-0.0,0.5222688673169089,-0.20299192424735366,-0.28855434539659985,-0.3736263657585598,-1.5067007167851698,-0.3454803366590569,-0.4620813823172062,0.06302782095347818,-0.8651726354025133,-1.7891532324907484,-0.4620813823172062,-3.116407250210468,False,1308327_YES.csv,1308327_YES
1771053480,2026-02-14 07:18:00,2,4565.838653,109.999999,0.024091959300335704,54.9999995,,0.022,-0.10204081632653073,0.10204081632653073,0.004,0.18181818181818182,16118.75,15155.48,31274.23,998.3300000000017,0.030800758324025897,0.0,0.030800758324025897,-0.2119015777747398,0.11896058945217206,0.8417856788428989,0.8742693492711415,-0.3454803366590569,2.0491302333888672,-2.121232789943764,0.7488446905203312,-1.5924437773316795,2.0491302333888672,1.205531146577519,False,1308327_YES.csv,1308327_YES
1771053540,2026-02-14 07:19:00,2,62.042,1.5,0.024177170303597933,0.75,,0.022,0.0,0.0,0.004,0.18181818181818182,16118.75,15155.48,31274.23,0.0,0.030800758324025897,-0.0,0.030800758324025897,-0.20381348008071268,-0.3902898295186538,-0.7010997839791476,0.855619757175667,-0.3454803366590569,-0.4881551856224781,-2.0101259509484395,-1.2952030935785142,-1.4999865304318294,-0.4881551856224781,-3.2833448096328217,False,1308327_YES.csv,1308327_YES
1771053600,2026-02-14 07:20:00,2,881.75,21.162000000000003,0.023999999999972786,10.581000000000001,,0.022,0.0,0.0,0.004,0.18181818181818182,16118.75,15155.48,31274.23,0.0,0.030800758324025897,-0.0,0.030800758324025897,-0.18842762859850673,-0.2924937804577579,-0.41140673694567154,0.8373810701459918,-0.3454803366590569,-0.47479311007217473,-1.942918502412032,-0.8923281460019362,-1.451017768925097,-0.47479311007217473,-2.8181390249992075,False,1308327_YES.csv,1308327_YES
1771053660,2026-02-14 07:21:00,1,21.23,0.44583,0.020999999999010838,0.44583,,0.022,0.0,0.0,0.004,0.18181818181818182,16118.75,15155.48,31274.23,0.0,0.030800758324025897,-0.0,0.030800758324025897,-0.6693910628685897,-0.39341928614491545,-0.7096870380786783,0.8195312005930684,-0.3454803366590569,-0.47479311007217473,-1.8840322604998103,-1.7724973870921836,-1.4099813965657988,-0.47479311007217473,-3.657271893730157,False,1308327_YES.csv,1308327_YES
1771053780,2026-02-14 07:23:00,1,100.659583,2.34,0.023246668923481956,2.34,,0.022,0.0,0.0,0.004,0.18181818181818182,16118.75,15155.48,31274.23,0.0,0.030800758324025897,-0.0,0.030800758324025897,-0.6693910628685897,-0.37990505701521066,-0.6313723674758611,0.8462675702042252,-0.3454803366590569,-0.4524823678276298,-1.8125200579611755,-1.6806684873596616,-1.3117328244160074,-0.4524823678276298,-3.444883679603299,False,1308327_YES.csv,1308327_YES
1771053840,2026-02-14 07:24:00,1,454.54,9.0908,0.019999999999955997,9.0908,,0.022,0.0,0.0,0.004,0.18181818181818182,18114.99,11822.35,29937.340000000004,-1336.8899999999958,0.21019369122306794,1336.8899999999958,0.21019369122306794,-0.6589320140591346,-0.34728737071225285,-0.43586679486082625,0.8743070151972364,-0.1903581620006746,-0.4524823678276298,-1.0330670690393733,-1.4420861796322137,-0.34911821584281144,-0.4524823678276298,-2.243686763302655,False,1308327_YES.csv,1308327_YES
1771053960,2026-02-14 07:26:00,3,220.32999999999998,5.31992,0.02414523669030933,1.7733066666666666,,0.022,0.0,0.0,0.004,0.18181818181818182,18114.99,11822.35,29937.340000000004,0.0,0.21019369122306794,-0.0,0.21019369122306794,0.45853982172645213,-0.3776154946078012,-0.631799168293203,0.903780516479531,-0.3403124708889122,-0.43093005024105646,-1.003756291164965,-0.5508748411745521,-0.4402882455743462,-0.43093005024105646,-1.4220931369899548,False,1308327_YES.csv,1308327_YES
1771054020,2026-02-14 07:27:00,1,176.33,3.87926,0.021999999999875234,3.87926,,0.0225,0.022727272727272707,0.022727272727272707,0.001,0.044444444444444446,9161.55,10827.55,19989.1,-9948.240000000005,-0.08334542325567434,9948.240000000005,0.08334542325567434,-0.6866303133525411,-0.38671254256494175,-0.5674332570116065,-1.515577628158873,1.1550907304073932,0.13358496411487822,-1.4774455067967478,-1.6407761129290894,-1.8379324045482277,0.13358496411487822,-3.345123553362439,False,1308327_YES.csv,1308327_YES
1771054080,2026-02-14 07:28:00,6,2982.891424,71.805989,0.02407261237275792,11.967664833333332,,0.0225,0.0,0.0,0.001,0.044444444444444446,9161.55,10827.55,19989.1,0.0,-0.08334542325567434,-0.0,0.08334542325567434,2.2036572801922727,0.06980884334348793,-0.3192053092814878,-1.4741900477479901,-0.36199759863905234,-0.44113363277846696,-1.423740043385893,1.954260814254273,-3.2599276897729355,-0.44113363277846696,-1.7468005082971294,False,1308327_YES.csv,1308327_YES
1771054140,2026-02-14 07:29:00,1,200.0,4.6,0.022999999999884998,4.6,,0.0225,0.0,0.0,0.001,0.044444444444444446,9161.55,10827.55,19989.1,0.0,-0.08334542325567434,-0.0,0.08334542325567434,-0.6710525512057517,-0.37847126428851413,-0.5319449530276363,-1.4214309898000823,-0.36199759863905234,-0.4202718757115954,-1.417838690357712,-1.5814687685219022,-3.2012672787968466,-0.4202718757115954,-5.203007923030344,False,1308327_YES.csv,1308327_YES
1771054200,2026-02-14 07:30:00,2,737.67,17.30414,0.023457833448529197,8.65207,,0.024,0.06666666666666665,0.06666666666666665,0.004,0.16666666666666666,9614.13,20702.71,30316.839999999997,10327.739999999998,-0.3657564574672031,0.0,0.3657564574672031,-0.08644396104616514,-0.2876989731921627,-0.40009446444722924,1.016323356646969,-0.36199759863905234,1.2342936315870203,-0.30128540927023245,-0.7742373986855571,0.35304034873768414,1.2342936315870203,0.8130965816391473,False,1308327_YES.csv,1308327_YES
1771054260,2026-02-14 07:31:00,2,599.99,14.79976,0.024666677777921853,7.39988,,0.024,0.0,0.0,0.004,0.16666666666666666,9614.13,20702.71,30316.839999999997,0.0,-0.3657564574672031,-0.0,0.3657564574672031,-0.08644396104616514,-0.3002967222793028,-0.4288751389641492,0.9945418025463053,-0.36199759863905234,-0.4433099268296147,-0.32320906388878845,-0.8156158222896172,0.3093351400184645,-0.4433099268296147,-0.9495906091007673,False,1308327_YES.csv,1308327_YES
1771054380,2026-02-14 07:33:00,1,38.461537,0.999999,0.025999974987323003,0.999999,,0.025,0.04166666666666674,0.04166666666666674,0.002,0.08,13917.75,20923.12,34840.869999999995,4524.029999999999,-0.20106759676207855,0.0,0.20106759676207855,-0.6627370346872664,-0.3938155038314054,-0.6278236043338667,-0.6182286880693245,-0.33244813198534623,0.592202405372974,-0.9746133696803219,-1.6843761428525386,-1.9252901897349926,0.592202405372974,-3.017463927214557,False,1308327_YES.csv,1308327_YES
1771054440,2026-02-14 07:34:00,1,38.461537,0.999999,0.025999974987323003,0.999999,,0.025,0.0,0.0,0.002,0.08,13917.75,20923.12,34840.869999999995,0.0,-0.20106759676207855,-0.0,0.20106759676207855,-0.6627370346872664,-0.3887258665951264,-0.6068653881437681,-0.6182286880693245,-0.33244813198534623,-0.4531673065068026,-0.9442894971507199,-1.6583282894261608,-1.8949663172053905,-0.4531673065068026,-4.006461913138354,False,1308327_YES.csv,1308327_YES
1771054500,2026-02-14 07:35:00,2,1988.076923,51.69,0.026000000000992916,25.845,,0.025,0.0,0.0,0.002,0.08,13917.75,20923.12,34840.869999999995,0.0,-0.20106759676207855,-0.0,0.20106759676207855,-0.08644396104616514,-0.043625577519934365,0.16988672724662393,-0.6182286880693248,-0.33244813198534623,-0.4531673065068026,-0.9148879095805683,0.03981718868052442,-1.8655647296352393,-0.4531673065068026,-2.2789148474615177,False,1308327_YES.csv,1308327_YES
1771054680,2026-02-14 07:38:00,1,65.0,1.56,0.023999999999630768,1.56,,0.025,0.0,0.0,0.002,0.08,13917.75,20923.12,34840.869999999995,0.0,-0.20106759676207855,-0.0,0.20106759676207855,-0.6507857606839511,-0.3824540105492025,-0.5851422606564022,-0.6182286880693248,-0.33244813198534623,-0.4531673065068026,-0.8863294803812098,-1.6183820318895559,-1.837006300435881,-0.4531673065068026,-3.9085556388322393,False,1308327_YES.csv,1308327_YES
1771054740,2026-02-14 07:39:00,1,40.0,1.0,0.024999999999375,1.0,,0.0245,-0.020000000000000018,0.020000000000000018,0.001,0.04081632653061224,14216.58,38599.88,52816.46,17975.590000000004,-0.46166100492157175,0.0,0.46166100492157175,-0.6507857606839511,-0.38625501945806867,-0.6026283363339541,-1.39200127885064,-0.3263928448978426,0.04031805348235849,0.17555242290404344,-1.6396691164759738,-1.542841700844439,0.04031805348235849,-3.1421927638380542,False,1308327_YES.csv,1308327_YES
1771054800,2026-02-14 07:40:00,2,4393.6,109.84,0.024999999999994305,54.92,,0.0245,0.0,0.0,0.001,0.04081632653061224,14216.58,38599.88,52816.46,0.0,-0.46166100492157175,-0.0,0.46166100492157175,-0.08644396104616514,0.33776252310991667,1.0396398995947307,-1.360744238987237,-0.3263928448978426,-0.46234279729931704,0.17731190616473627,1.2909584616584822,-1.5098251777203433,-0.46234279729931704,-0.6812095133611782,False,1308327_YES.csv,1308327_YES
1771054980,2026-02-14 07:43:00,2,80.0,2.0,0.024999999999687498,1.0,,0.0245,0.0,0.0,0.001,0.04081632653061224,14216.58,38599.88,52816.46,0.0,-0.46166100492157175,-0.0,0.46166100492157175,-0.08644396104616514,-0.38814913787972727,-0.617106771961498,-1.3307396404708154,-0.3263928448978426,-0.46234279729931704,0.1790733129022447,-1.0916998708873904,-1.4780591724664132,-0.46234279729931704,-3.0321018406531204,False,1308327_YES.csv,1308327_YES
1771055160,2026-02-14 07:46:00,2,1562.79,39.06975,0.024999999999984004,19.534875,,0.0245,0.0,0.0,0.001,0.04081632653061224,14216.58,38599.88,52816.46,0.0,-0.46166100492157175,-0.0,0.46166100492157175,-0.011938707392874878,-0.12103851636365798,-0.04617132582686319,-1.3307396404708154,-0.3199934939066847,-0.4554004162746122,0.18561228040033975,-0.17914854958339604,-1.4651208539771603,-0.4554004162746122,-2.0996698198351686,False,1308327_YES.csv,1308327_YES
1771055220,2026-02-14 07:47:00,1,40.0,1.0,0.024999999999375,1.0,,0.0245,0.0,0.0,0.001,0.04081632653061224,14216.58,38599.88,52816.46,0.0,-0.46166100492157175,-0.0,0.46166100492157175,-0.7059311529462633,-0.3763594557112988,-0.6135955255428865,-1.3307396404708154,-0.3199934939066847,-0.4554004162746122,0.19218954394328877,-1.6958861342004488,-1.4585435904342112,-0.4554004162746122,-3.6098301409092723,False,1308327_YES.csv,1308327_YES
1771055280,2026-02-14 07:48:00,3,3200.8,80.0,0.02499375156210166,26.666666666666668,,0.024,-0.020408163265306145,0.020408163265306145,0.002,0.08333333333333333,20195.16,33858.61,54053.770000000004,1237.310000000005,-0.25277515333343076,0.0,0.25277515333343076,0.7549992631900747,0.15251200743361543,0.16531435991029222,-0.5756994857253694,-0.3199934939066847,0.048190451341203255,-0.6415778108514171,1.0728256305339823,-1.537270790483471,0.048190451341203255,-0.4162547086082855,False,1308327_YES.csv,1308327_YES
1771055340,2026-02-14 07:49:00,1,16.55,0.38065,0.02299999999861027,0.38065,,0.024,0.0,0.0,0.002,0.08333333333333333,20195.16,33858.61,54053.770000000004,0.0,-0.25277515333343076,-0.0,0.25277515333343076,-0.7302451889871215,-0.3832646949610493,-0.6214273776054541,-0.5612977470663819,-0.3199934939066847,-0.45208754166620346,-0.6403972951435929,-1.734937261553625,-1.5216885361166597,-0.45208754166620346,-3.708713339336488,False,1308327_YES.csv,1308327_YES
1771055460,2026-02-14 07:51:00,1,40.0,1.0,0.024999999999375,1.0,,0.024,0.0,0.0,0.002,0.08333333333333333,20249.28,31239.76,51489.03999999999,-2564.7300000000105,-0.21345280471339145,2564.7300000000105,0.21345280471339145,-0.7147019287961285,-0.37840938768714255,-0.6008838826345263,-0.5470606568917707,0.08570394647614771,-0.45208754166620346,-0.7955788753409194,-1.6939951991177975,-1.2569355857565425,-0.45208754166620346,-3.403018326540544,False,1308327_YES.csv,1308327_YES
1771055640,2026-02-14 07:54:00,2,258.18,6.43098,0.02490890076681033,3.21549,,0.024,0.0,0.0,0.002,0.08333333333333333,21275.94,31136.62,52412.56,923.5200000000041,-0.18813582087957545,0.0,0.18813582087957545,0.024644894096418304,-0.34037937009767605,-0.5295376279866478,-0.5470606568917707,-0.3039641331051365,-0.445103561407308,-0.8689899477283959,-0.8452721039879056,-1.720014737725303,-0.445103561407308,-3.0103904031205166,False,1308327_YES.csv,1308327_YES
1771055820,2026-02-14 07:57:00,2,604.196,14.6,0.02416434402077438,7.3,,0.0235,-0.02083333333333337,0.02083333333333337,0.001,0.0425531914893617,32582.83,28998.52,61581.350000000006,9168.790000000008,0.058204472620363164,0.0,0.058204472620363164,0.037154271207698104,-0.28140675617979477,-0.39925183156979743,-1.2996161266575732,-0.3039641331051365,0.0684651787548084,-1.3500737050008094,-0.6435043165418941,-2.953653964763519,0.0684651787548084,-3.5286931025506045,False,1308327_YES.csv,1308327_YES
1771055940,2026-02-14 07:59:00,1,64.8,1.5552,0.023999999999629627,1.5552,,0.0235,0.0,0.0,0.001,0.0425531914893617,32582.83,28998.52,61581.350000000006,0.0,0.058204472620363164,-0.0,0.058204472620363164,-0.6906972609404365,-0.36827081734525624,-0.5725004999706822,-1.2717407602980986,-0.3039641331051365,-0.45456464170758476,-1.3032950576430222,-1.631468578256375,-2.878999951046257,-0.45456464170758476,-4.965033171010217,False,1308327_YES.csv,1308327_YES
1771056120,2026-02-14 08:02:00,2,81.8,2.0414,0.024955990219743814,1.0207,,0.0235,0.0,0.0,0.001,0.0425531914893617,32582.83,28998.52,61581.350000000006,0.0,0.058204472620363164,-0.0,0.058204472620363164,0.037154271207698104,-0.3623574856014219,-0.5761112325942956,-1.2306183964991262,-0.3039641331051365,-0.43699544971484183,-1.2605225910106324,-0.9013144469880194,-2.795105120614895,-0.43699544971484183,-4.133415017317756,False,1308327_YES.csv,1308327_YES
1771056180,2026-02-14 08:03:00,4,921.0,23.025,0.024999999999972853,5.75625,,0.024,0.02127659574468077,0.02127659574468077,0.002,0.08333333333333333,21865.94,43959.24,65825.18,4243.829999999987,-0.33563599826084795,0.0,0.33563599826084795,1.4647370226271068,-0.22208190731488112,-0.43044862888525265,-0.4640634402246045,-0.3039641331051365,0.08947400367803025,-0.11841544001249855,0.8122064864269729,-0.8864430133422396,0.08947400367803025,0.015237476762763533,False,1308327_YES.csv,1308327_YES
1771056240,2026-02-14 08:04:00,1,41.0,0.943,0.022999999999439025,0.943,,0.024,0.0,0.0,0.002,0.08333333333333333,21865.94,43959.24,65825.18,0.0,-0.33563599826084795,-0.0,0.33563599826084795,-0.708170857357192,-0.36895668385754454,-0.5735320548603718,-0.4510524092187943,-0.3039641331051365,-0.44662114556604177,-0.0955491055944634,-1.6506595960751085,-0.8505656479183942,-0.44662114556604177,-2.9478463895595444,False,1308327_YES.csv,1308327_YES
1771056300,2026-02-14 08:05:00,1,43.478259,0.999999,0.02299997798847,0.999999,,0.024,0.0,0.0,0.002,0.08333333333333333,21865.94,43959.24,65825.18,0.0,-0.33563599826084795,-0.0,0.33563599826084795,-0.6843739914891616,-0.3565186109929546,-0.5536865575066007,-0.4510524092187943,-0.3039641331051365,-0.4400024621155194,-0.0705093341220304,-1.594579159988717,-0.8255258764459612,-0.4400024621155194,-2.8601074985501973,False,1308327_YES.csv,1308327_YES
1771056360,2026-02-14 08:06:00,1,84.13,1.93499,0.02299999999972661,1.93499,,0.0235,-0.02083333333333337,0.02083333333333337,0.001,0.0425531914893617,26755.38,32055.82,58811.2,-7013.979999999996,-0.09012637048725411,7013.979999999996,0.09012637048725411,-0.6843739914891616,-0.34394534575511226,-0.5023565473307189,-1.1780228418847185,0.8185179538122319,0.07547301410449425,-1.079429836154493,-1.5306758845749928,-1.4389347242269794,0.07547301410449425,-2.894137594697478,False,1308327_YES.csv,1308327_YES
1771056420,2026-02-14 08:07:00,1,416.25,9.99,0.023999999999942342,9.99,,0.0235,0.0,0.0,0.001,0.0425531914893617,26755.38,32055.82,58811.2,0.0,-0.09012637048725411,-0.0,0.09012637048725411,-0.6695647883345104,-0.2889144976416985,-0.2553595617835081,-1.1540410521515918,-0.32144425526953463,-0.44946579420200305,-1.0483922793725005,-1.213838847759717,-2.5238775867936267,-0.44946579420200305,-4.187182228755347,False,1308327_YES.csv,1308327_YES
1771056600,2026-02-14 08:10:00,2,621.42,13.691849999999999,0.02203316597466764,6.845924999999999,,0.0235,0.0,0.0,0.001,0.0425531914893617,26755.38,32055.82,58811.2,0.0,-0.09012637048725411,-0.0,0.09012637048725411,0.048883856534940096,-0.26459397566683523,-0.35207740407612587,-1.1308105594773181,-0.32144425526953463,-0.44946579420200305,-1.0188958916665751,-0.567787523208021,-2.471150706413428,-0.44946579420200305,-3.4884040238234517,False,1308327_YES.csv,1308327_YES
1771056660,2026-02-14 08:11:00,1,27.77,0.6109399999999999,0.021999999999207775,0.6109399999999999,,0.0235,0.0,0.0,0.001,0.0425531914893617,26755.38,32055.82,58811.2,0.0,-0.09012637048725411,-0.0,0.09012637048725411,-0.6843739914891616,-0.3529890174800224,-0.5435656270293793,-1.108285137714035,-0.3083663269527869,-0.44946579420200305,-0.9925606025781913,-1.5809286359985633,-2.4092120672450132,-0.44946579420200305,-4.439606497445579,False,1308327_YES.csv,1308327_YES
1771056840,2026-02-14 08:14:00,1,520.0,11.8955,0.02287596153841751,11.8955,,0.0235,0.0,0.0,0.001,0.0425531914893617,26755.38,32055.82,58811.2,0.0,-0.09012637048725411,-0.0,0.09012637048725411,-0.6695647883345104,-0.2472593332214594,-0.14418222368189054,-1.0864223727516467,-0.3083663269527869,-0.44946579420200305,-0.9679967041853982,-1.0610063452378604,-2.362785403889832,-0.44946579420200305,-3.8732575433296956,False,1308327_YES.csv,1308327_YES
1771056900,2026-02-14 08:15:00,1,199.97,4.39934,0.021999999999889983,4.39934,,0.023,-0.021276595744680882,0.021276595744680882,0.002,0.08695652173913043,28309.44,36293.69,64603.130000000005,5791.930000000008,-0.12358921309230687,0.0,0.12358921309230687,-0.6463870866745316,-0.293293723435048,-0.43087604146711245,-0.37009992917913237,-0.3083663269527869,0.07783837707372124,-0.7903371552671761,-1.370556851576692,-1.4688034113990953,0.07783837707372124,-2.7615218859020656,False,1308327_YES.csv,1308327_YES
1771056960,2026-02-14 08:16:00,3,1372.05,29.604999999999997,0.02157720199699602,9.868333333333332,,0.023,0.0,0.0,0.002,0.08695652173913043,28309.44,36293.69,64603.130000000005,0.0,-0.12358921309230687,-0.0,0.12358921309230687,0.7913038407589666,-0.11581178725446273,-0.19768159922597583,-0.37009992917913237,-0.3083663269527869,-0.459177132476593,-0.7689177834996075,0.4778104542785281,-1.4473840396315267,-0.459177132476593,-1.4287507178295917,False,1308327_YES.csv,1308327_YES
1771057020,2026-02-14 08:17:00,2,222.086955,5.095999,0.022945962764796584,2.5479995,,0.023,0.0,0.0,0.002,0.08695652173913043,28309.44,36293.69,64603.130000000005,0.0,-0.12358921309230687,-0.0,0.12358921309230687,0.048883856534940096,-0.2835774745159583,-0.468544541223124,-0.3581352671341136,-0.27523125457749453,-0.4572943212354631,-0.7588431805830953,-0.7032381592041422,-1.3922097022947035,-0.4572943212354631,-2.552742182734309,False,1308327_YES.csv,1308327_YES
1771057200,2026-02-14 08:20:00,3,1124.999998,26.999999,0.02399999915375644,8.999999666666666,,0.023,0.0,0.0,0.002,0.08695652173913043,28309.44,36293.69,64603.130000000005,0.0,-0.12358921309230687,-0.0,0.12358921309230687,1.029289329634994,-0.029003056352983787,-0.16303119731872026,-0.3462225143933817,-0.27523125457749453,-0.4572943212354631,-0.7488969091774643,0.8372550759632901,-1.3703506781483406,-0.4572943212354631,-0.9903899234205136,False,1308327_YES.csv,1308327_YES
1771057260,2026-02-14 08:21:00,2,1069.9,25.6077,0.023934666791266535,12.80385,,0.0235,0.021739130434782705,0.021739130434782705,0.001,0.0425531914893617,17845.02,35630.72,53475.740000000005,-11127.39,-0.3325938079585247,11127.39,0.3325938079585247,0.13425512995239045,-0.060304719747126416,0.019896655432520054,-1.030337839414383,1.6331030464569365,0.19048524028083663,0.26905103090163857,0.09384706563778408,0.871816237944192,0.19048524028083663,1.1561485438628127,False,1308327_YES.csv,1308327_YES
1771057380,2026-02-14 08:23:00,1,43.0,1.032,0.023999999999441864,1.032,,0.0235,0.0,0.0,0.001,0.0425531914893617,17845.02,35630.72,53475.740000000005,0.0,-0.3325938079585247,-0.0,0.3325938079585247,-0.760779069730213,-0.4766975214862596,-0.5557403376244711,-1.0032026662448537,-0.2760882677430206,-0.4434094597769595,0.25980481223200386,-1.7932169288409439,-1.0194861217558704,-0.4434094597769595,-3.256112510373774,False,1308327_YES.csv,1308327_YES
1771057440,2026-02-14 08:24:00,2,125.0,2.875,0.022999999999816,1.4375,,0.0235,0.0,0.0,0.001,0.0425531914893617,15693.32,36996.75,52690.07,-785.6700000000055,-0.4043158416756706,785.6700000000055,0.4043158416756706,0.11992278645254235,-0.4347324593028882,-0.5107658635457163,-0.9777859310166827,-0.13911508691944063,-0.4434094597769595,0.5961813585629795,-0.8255755363960622,-0.5207196593731437,-0.4434094597769595,-1.7897046555461653,False,1308327_YES.csv,1308327_YES
1771057500,2026-02-14 08:25:00,2,416.21,9.98783,0.023997092813666188,4.993915,,0.0235,0.0,0.0,0.001,0.0425531914893617,15693.32,36996.75,52690.07,0.0,-0.4043158416756706,-0.0,0.4043158416756706,0.15486684550735158,-0.3038895253609766,-0.3163423029835457,-0.9541980020732272,-0.2785476077516734,-0.4434094597769595,0.5798516662521624,-0.4653649828371707,-0.6528939435727383,-0.4434094597769595,-1.5616683861868685,False,1308327_YES.csv,1308327_YES
1771057560,2026-02-14 08:26:00,1,31.0,0.713,0.022999999999258062,0.713,,0.0235,0.0,0.0,0.001,0.0425531914893617,15693.32,36996.75,52690.07,0.0,-0.4043158416756706,-0.0,0.4043158416756706,-0.7684051420659361,-0.44993823038078307,-0.5361440072762359,-0.9346538200623637,-0.27004585655518937,-0.43302583592385074,0.555910858161787,-1.754487379722955,-0.6487888184557661,-0.43302583592385074,-2.8363020341025718,False,1308327_YES.csv,1308327_YES
1771057620,2026-02-14 08:27:00,3,1590.896665,38.181518999999994,0.02399999939655162,12.727172999999999,,0.0235,0.0,0.0,0.001,0.0425531914893617,14025.22,49168.2,63193.42,10503.349999999999,-0.5561177097235755,0.0,0.5561177097235755,1.1939444525205785,0.20124307062952476,0.10183064711194298,-0.9155846253080034,-0.27004585655518937,-0.43302583592385074,1.2626861825126983,1.4970181702620462,0.0770557006495054,-0.43302583592385074,1.1410480349877008,False,1308327_YES.csv,1308327_YES
1771057680,2026-02-14 08:28:00,7,7613.990000000001,180.44663,0.023699352113671846,25.77809,,0.0235,0.0,0.0,0.001,0.0425531914893617,14025.22,49168.2,63193.42,0.0,-0.5561177097235755,-0.0,0.5561177097235755,4.239037383547093,2.520370428765508,0.7840109727688026,-0.893897499367439,-0.27004585655518937,-0.41657785329918817,1.3003893375717568,7.543418785081404,0.13644598164912836,-0.41657785329918817,7.263286913431345,False,1308327_YES.csv,1308327_YES
1771057740,2026-02-14 08:29:00,3,162.95,3.8091,0.023375882172302083,1.2697,,0.0235,0.0,0.0,0.001,0.0425531914893617,14025.22,49168.2,63193.42,0.0,-0.5561177097235755,-0.0,0.5561177097235755,0.884870821745617,-0.4359179535102803,-0.5404272856899638,-0.8743070151972374,-0.27004585655518937,-0.41657785329918817,1.3404331556170912,-0.09147441745462703,0.19608028386466447,-0.41657785329918817,-0.31197198688915073,False,1308327_YES.csv,1308327_YES
1771057800,2026-02-14 08:30:00,1,2.66,0.06118,0.022999999991353385,0.06118,,0.0235,0.0,0.0,0.001,0.0425531914893617,11035.0,41814.84,52849.84,-10343.580000000002,-0.5824017631841458,10343.580000000002,0.5824017631841458,-0.7566940066489356,-0.4957545834430449,-0.6007717309696569,-0.85725327412961,1.5053834110911513,-0.41657785329918817,1.51384491926113,-1.8532203210616371,2.1619750562226714,-0.41657785329918817,-0.10782311813815393,False,1308327_YES.csv,1308327_YES
1771057860,2026-02-14 08:31:00,12,12238.2,253.69541999999998,0.020729798499777616,21.141285,,0.0235,0.0,0.0,0.001,0.0425531914893617,11035.0,41814.84,52849.84,0.0,-0.5824017631841458,-0.0,0.5824017631841458,5.651992855895628,3.4984217063981795,0.5716692491691504,-0.8434390585915678,-0.2948903048696859,-0.41657785329918817,1.5543217380409184,9.722083811462959,0.41599237457966476,-0.41657785329918817,9.721498332743435,True,1308327_YES.csv,1308327_YES
1771057920,2026-02-14 08:32:00,3,245.47,4.51846,0.018407381757369914,1.5061533333333335,,0.0235,0.0,0.0,0.001,0.0425531914893617,11035.0,41814.84,52849.84,0.0,-0.5824017631841458,-0.0,0.5824017631841458,0.5210829692329079,-0.41557469394407087,-0.5116765968459819,-0.8237951794303162,-0.28137684701605786,-0.3953336003074903,1.5339195700016615,-0.4061683215571449,0.42874754355528744,-0.3953336003074903,-0.37275437830934777,False,1308327_YES.csv,1308327_YES
1771058040,2026-02-14 08:34:00,1,45.0,0.9,0.019999999999555557,0.9,,0.0235,0.0,0.0,0.001,0.0425531914893617,11035.0,41814.84,52849.84,0.0,-0.5824017631841458,-0.0,0.5824017631841458,-0.615825327275255,-0.46957568693321183,-0.5354785911192831,-0.8045819998075153,-0.28137684701605786,-0.3953336003074903,1.514061620224468,-1.62087960532775,0.42810277340089486,-0.3953336003074903,-1.5881104322343456,False,1308327_YES.csv,1308327_YES
1771058100,2026-02-14 08:35:00,3,1057.545453,20.394589,0.019284834464680652,6.798196333333333,,0.0235,0.0,0.0,0.001,0.0425531914893617,11035.0,41814.84,52849.84,0.0,-0.5824017631841458,-0.0,0.5824017631841458,0.5104683845711429,-0.16841269483576762,-0.2154560796349238,-0.7857746881041384,-0.28137684701605786,-0.3953336003074903,1.4947219606507314,0.12659961010045145,0.42757042553053504,-0.3953336003074903,0.15883643532349612,False,1308327_YES.csv,1308327_YES
1771058160,2026-02-14 08:36:00,1,50.0,1.0,0.0199999999996,1.0,,0.0195,-0.17021276595744683,0.17021276595744683,0.001,0.05128205128205128,13278.08,60545.78999999999,73823.87,20974.03,-0.6402767831055185,0.0,0.6402767831055185,-0.6124799408579403,-0.46735933606404206,-0.526037979120221,-0.760779069730246,-0.28137684701605786,4.935877074447807,1.7586152240709587,-1.6058772560422034,0.7164593073246548,4.935877074447807,4.046459125730258,False,1308327_YES.csv,1308327_YES
1771058220,2026-02-14 08:37:00,3,1454.479046,28.398289000000002,0.019524715105438843,9.466096333333335,,0.0195,0.0,0.0,0.001,0.05128205128205128,13278.08,60545.78999999999,73823.87,0.0,-0.6402767831055185,-0.0,0.6402767831055185,0.5182522576490263,-0.03413539626978465,-0.055559921653803426,-0.7365654998927271,-0.28137684701605786,-0.37047407234545365,1.7229666800341599,0.4285569397254382,0.7050243331253749,-0.37047407234545365,0.7631072005053594,False,1308327_YES.csv,1308327_YES
1771058340,2026-02-14 08:39:00,1,45.454544,0.999999,0.0219999787035153,0.999999,,0.021,0.0769230769230771,0.0769230769230771,0.002,0.09523809523809523,11073.9,67139.3,78213.2,4389.330000000002,-0.7168278500304297,0.0,0.7168278500304297,-0.6124799408579403,-0.46128870922401277,-0.512768922664953,0.20154823216385662,-0.28137684701605786,1.9365780615432355,2.0306506228289223,-1.586537572746906,1.9508220079767211,1.9365780615432355,2.3008624967730507,False,1308327_YES.csv,1308327_YES
1771058400,2026-02-14 08:40:00,3,1894.56,41.196149999999996,0.021744441981240106,13.73205,,0.021,0.0,0.0,0.002,0.09523809523809523,11073.9,67139.3,78213.2,0.0,-0.7168278500304297,-0.0,0.7168278500304297,0.5317965140953904,0.3265116690717587,0.30398422323105645,0.2193973521608723,-0.28137684701605786,-0.3854492090949712,1.958238584676083,1.1622924063982056,1.8962590898208975,-0.3854492090949712,2.673102287124132,False,1308327_YES.csv,1308327_YES
1771058460,2026-02-14 08:41:00,1,111.81818,2.4599990000000003,0.021999991414437252,2.4599990000000003,,0.021,0.0,0.0,0.002,0.09523809523809523,11073.9,67139.3,78213.2,0.0,-0.7168278500304297,-0.0,0.7168278500304297,-0.5964414571548149,-0.4501253283940927,-0.46884685875560916,0.23772549287295655,-0.28137684701605786,-0.3854492090949712,1.891475511428372,-1.5154136443045167,1.8478241572852705,-0.3854492090949712,-0.053038696114217465,False,1308327_YES.csv,1308327_YES
1771058520,2026-02-14 08:42:00,1,45.454544,0.999999,0.0219999787035153,0.999999,,0.021,0.0,0.0,0.002,0.09523809523809523,13024.64,66834.23,79858.87,1645.6699999999983,-0.6738085575215377,0.0,0.6738085575215377,-0.5964414571548149,-0.4830532092658226,-0.6000788763120095,0.2227608188699756,-0.2921768076130217,-0.3641820684781233,1.6532679411807547,-1.679573542732647,1.5838519524377086,-0.3641820684781233,-0.4599036587730617,False,1308327_YES.csv,1308327_YES
1771058580,2026-02-14 08:43:00,3,2215.11,41.8911,0.01891152132398885,13.963700000000001,,0.021,0.0,0.0,0.002,0.09523809523809523,13024.64,66834.23,79858.87,0.0,-0.6738085575215377,-0.0,0.6738085575215377,0.5288942010983757,0.43037705228411893,0.5597125279670025,0.20773370818631906,-0.29217680761302167,-0.3641820684781233,1.61712383640416,1.518983781349497,1.5326807369774573,-0.3641820684781233,2.6874824498488312,False,1308327_YES.csv,1308327_YES
1771058760,2026-02-14 08:46:00,1,2323.730832,54.36,0.023393415128545536,54.36,,0.021,0.0,0.0,0.002,0.09523809523809523,13024.64,66834.23,79858.87,0.0,-0.6738085575215377,-0.0,0.6738085575215377,-0.5932060578779131,0.7533456662507246,4.197772270374222,0.24947201630611082,-0.29217680761302167,-0.3355065172783385,1.5579416740374972,4.357911878747034,1.5152368827305862,-0.3355065172783385,5.537642244199281,False,1308327_YES.csv,1308327_YES
1771058820,2026-02-14 08:47:00,4,97.643333,2.31482,0.023706892512326393,0.578705,,0.021,0.0,0.0,0.002,0.09523809523809523,13024.64,66834.23,79858.87,0.0,-0.6738085575215377,-0.0,0.6738085575215377,1.0720645658485572,-0.4519127603890193,-0.6410217228229594,0.29565880502018094,-0.29217680761302167,-0.3355065172783385,1.5031247030218016,-0.020869917363421475,1.5066067004289607,-0.3355065172783385,1.1502302657872008,False,1308327_YES.csv,1308327_YES
1771058880,2026-02-14 08:48:00,16,1570.9199999999998,37.61853,0.023946814605438887,2.351158125,,0.0235,0.11904761904761907,0.11904761904761907,0.001,0.0425531914893617,3459.49,56829.62,60289.11,-19569.759999999995,-0.8852366538500901,19569.759999999995,0.8852366538500901,5.398931992336181,0.3587615525070905,-0.4686075446867765,-0.7290620903130172,5.35742208829356,3.6515777901504984,2.308751185113176,5.289086000156495,6.937111183093718,3.6515777901504984,15.877774973400712,True,1308327_YES.csv,1308327_YES
1771058940,2026-02-14 08:49:00,5,231.3,5.37858,0.023253696497953943,1.0757160000000001,,0.0235,0.0,0.0,0.001,0.0425531914893617,3459.49,56829.62,60289.11,0.0,-0.8852366538500901,-0.0,0.8852366538500901,1.0254279426402455,-0.3891322528363134,-0.5844860555885873,-0.7126023345897252,-0.3021677719792052,-0.36161063355914863,2.188925344940402,0.05180963421534468,1.1741552383714713,-0.36161063355914863,0.8643542390276673,False,1308327_YES.csv,1308327_YES
1771059000,2026-02-14 08:50:00,2,600.4347789999999,13.809998,0.02299999680727515,6.904999,,0.0235,0.0,0.0,0.001,0.0425531914893617,3459.49,56829.62,60289.11,0.0,-0.8852366538500901,-0.0,0.8852366538500901,-0.15711840270515473,-0.19867882213888688,-0.06741232879221865,-0.6993768228450411,-0.3021677719792052,-0.36161063355914863,2.0837461675920386,-0.4232095536362603,1.0822015727677923,-0.36161063355914863,0.2973813855723833,False,1308327_YES.csv,1308327_YES
1771059060,2026-02-14 08:51:00,17,49.176665,1.172729,0.023847265770790875,0.06898405882352941,,0.0235,0.0,0.0,0.001,0.0425531914893617,3555.27,50018.2,53573.469999999994,-6715.640000000007,-0.867274977708183,6715.640000000007,0.867274977708183,4.535160941599996,-0.4879802431778625,-0.6670891693072254,-0.6910177089954099,1.579104386934194,-0.36161063355914863,1.9098523471724056,3.380091529114908,2.79793902511119,-0.36161063355914863,5.816419920666949,False,1308327_YES.csv,1308327_YES
1771059120,2026-02-14 08:52:00,12,507.48333,12.130448,0.023903145744661312,1.0108706666666667,,0.0235,0.0,0.0,0.001,0.0425531914893617,3555.27,50018.2,53573.469999999994,0.0,-0.867274977708183,-0.0,0.867274977708183,2.7150624888684485,-0.23709321216364876,-0.5810612403500852,-0.6906972609405063,-0.320984949694807,-0.36161063355914863,1.8201356041683363,1.8969080363547146,0.8084533935330229,-0.36161063355914863,2.3437507963285893,False,1308327_YES.csv,1308327_YES
1771059180,2026-02-14 08:53:00,6,30.249999999999996,0.6957499999999998,0.022999999999239667,0.11595833333333329,,0.0235,0.0,0.0,0.001,0.0425531914893617,3555.27,50018.2,53573.469999999994,0.0,-0.867274977708183,-0.0,0.867274977708183,0.9121927895755827,-0.5005542441210523,-0.6538599534315409,-0.6906972609405063,-0.2898489125438519,-0.3489676297040417,1.7454427061908315,-0.24222140797701053,0.7648965327064733,-0.3489676297040417,0.17370749502542104,False,1308327_YES.csv,1308327_YES
1771059240,2026-02-14 08:54:00,10,1124.25,26.857750000000003,0.023889481876785513,2.6857750000000005,,0.0235,0.0,0.0,0.001,0.0425531914893617,3940.12,49547.59,53487.71,-85.75999999999476,-0.8526719502480101,85.75999999999476,0.8526719502480101,2.0106600967559873,0.12410469468093187,-0.41020455714682513,-0.6906972609405067,-0.26464733928502526,-0.3489676297040417,1.6249598223633102,1.724560234290094,0.6696152221377782,-0.3489676297040417,2.0452078267238303,False,1308327_YES.csv,1308327_YES
1771059300,2026-02-14 08:55:00,4,128.27,3.0752099999999998,0.023974506899321943,0.7688024999999999,,0.0235,0.0,0.0,0.001,0.0425531914893617,3940.12,49547.59,53487.71,0.0,-0.8526719502480101,-0.0,0.8526719502480101,0.28168735735717443,-0.4322670365875184,-0.5745593224710601,-0.6906972609405067,-0.2903116060498609,-0.3489676297040417,1.5658323123067226,-0.7251390017014041,0.584823445316355,-0.3489676297040417,-0.4892831860890908,False,1308327_YES.csv,1308327_YES
1771059360,2026-02-14 08:56:00,11,3269.096666,72.96617,0.02231997932604957,6.633288181818182,,0.0235,0.0,0.0,0.001,0.0425531914893617,3940.12,49547.59,53487.71,0.0,-0.8526719502480101,-0.0,0.8526719502480101,2.153934705256747,1.1687951983726654,-0.048376491372494015,-0.7054348492850487,-0.2903116060498609,-0.32137089431605387,1.50575924893421,3.274353412256918,0.5100127935993004,-0.32137089431605387,3.4629953115401646,False,1308327_YES.csv,1308327_YES
1771059420,2026-02-14 08:57:00,3,200.959564,4.6217999999999995,0.022998656585346694,1.5405999999999997,,0.0215,-0.08510638297872353,0.08510638297872353,0.003,0.13953488372093026,11056.48,49002.85,60059.33,6571.620000000003,-0.6318147405240784,0.0,0.6318147405240784,-0.05045490091905232,-0.4084576368289051,-0.4930176673663692,3.0347579965400646,-0.2903116060498609,2.4543194034400178,0.6643522581227526,-0.9519302051143266,3.4087986486129562,2.4543194034400178,4.911187846938647,False,1308327_YES.csv,1308327_YES
1771059480,2026-02-14 08:58:00,1,260.869564,6.0,0.023000000107245136,6.0,,0.0215,0.0,0.0,0.003,0.13953488372093026,11056.48,49002.85,60059.33,0.0,-0.6318147405240784,-0.0,0.6318147405240784,-0.6008720018541691,-0.37884948485398456,-0.1036384454917859,2.821217390335218,-0.2903116060498609,-0.3310534426267685,0.6402769550442562,-1.0833599321999394,3.171182739329613,-0.3310534426267685,1.756769364502905,False,1308327_YES.csv,1308327_YES
1771059540,2026-02-14 08:59:00,2,188.540833,4.4032,0.02335409221394839,2.2016,,0.0215,0.0,0.0,0.003,0.13953488372093026,11056.48,49002.85,60059.33,0.0,-0.6318147405240784,-0.0,0.6318147405240784,-0.33096978791987913,-0.41735787085369025,-0.44485140931320516,2.6428227950114977,-0.2903116060498609,-0.3310534426267685,0.616468674977653,-1.1931790680867747,2.96897986393929,-0.3310534426267685,1.4447473532257469,False,1308327_YES.csv,1308327_YES
1771059600,2026-02-14 09:00:00,1,1739.565217,40.010000000000005,0.02300000000516048,40.010000000000005,,0.0225,0.04651162790697683,0.04651162790697683,0.003,0.13333333333333333,10007.12,47562.16,57569.280000000006,-2490.0499999999956,-0.6523451396300248,2490.0499999999956,0.6523451396300248,-0.6008720018541691,0.4124491051448916,2.77843120339091,2.4906608931974112,0.44200907592201594,1.1758604012444225,0.668420645067814,2.5900083066816326,3.601090614187241,1.1758604012444225,7.3669593221132965,False,1308327_YES.csv,1308327_YES
1771059720,2026-02-14 09:02:00,4,85.039165,2.013439,0.023676608301319953,0.50335975,,0.0225,0.0,0.0,0.003,0.13333333333333333,10007.12,47562.16,57569.280000000006,0.0,-0.6523451396300248,-0.0,0.6523451396300248,0.21157115943775778,-0.46956009992368036,-0.5874012950578169,2.3586983932919603,-0.30244061645631676,-0.35287310812876377,0.6437310339772399,-0.8453902355437395,2.6999888108128833,-0.35287310812876377,1.5017254671403801,False,1308327_YES.csv,1308327_YES
1771059780,2026-02-14 09:03:00,1,0.18,0.00378,0.020999999883333335,0.00378,,0.0225,0.0,0.0,0.003,0.13333333333333333,9565.45,44935.76,54501.21000000001,-3068.0699999999997,-0.6489821051679402,3068.0699999999997,0.6489821051679402,-0.616315986188251,-0.515715323858559,-0.6280096145152875,2.217355782608555,0.598152130874028,-0.34184590265356984,0.6171671684964591,-1.7600409245620976,3.432675081979042,-0.34184590265356984,1.3307882547633745,False,1308327_YES.csv,1308327_YES
1771059960,2026-02-14 09:06:00,2,115.217388,2.649998,0.022999983300931896,1.324999,,0.022,-0.022222222222222254,0.022222222222222254,0.002,0.09090909090909091,12455.87,42668.01,55123.880000000005,622.6699999999983,-0.5480771672821289,0.0,0.5480771672821289,-0.3403536043129147,-0.42772113208292895,-0.5175734627477412,0.7147019287962003,-0.31699705466778166,0.3761459942338086,0.23072096523163232,-1.2856481991435849,0.628425839360051,0.3761459942338086,-0.2810763655497252,False,1308327_YES.csv,1308327_YES
1771060140,2026-02-14 09:09:00,3,1430.3600000000001,31.46792,0.02199999999998462,10.489306666666666,,0.022,0.0,0.0,0.002,0.09090909090909091,12455.8,43584.96,56040.759999999995,916.8799999999901,-0.5554735517505474,0.0,0.5554735517505474,-0.06905673644451554,0.2535467993444085,0.3854608561846834,0.6906972609405061,-0.31699705466778166,-0.3539413161464461,0.25261233540626327,0.5699509190845764,0.6263125416789876,-0.3539413161464461,0.842322144617118,False,1308327_YES.csv,1308327_YES
1771060200,2026-02-14 09:10:00,4,1335.1399999999999,31.08558,0.02328263702681119,7.771395,,0.022,0.0,0.0,0.002,0.09090909090909091,12455.8,43584.96,56040.759999999995,0.0,-0.5554735517505474,-0.0,0.5554735517505474,0.19809932657620224,0.2478236843462699,0.13433431049547193,0.6670622662384607,-0.31699705466778166,-0.3539413161464461,0.24660743099427265,0.5802573214179441,0.5966726425649517,-0.3539413161464461,0.8229886478364495,False,1308327_YES.csv,1308327_YES
1771060380,2026-02-14 09:13:00,1,71.73,1.57806,0.021999999999693293,1.57806,,0.022,0.0,0.0,0.002,0.09090909090909091,12455.8,43584.96,56040.759999999995,0.0,-0.5554735517505474,-0.0,0.5554735517505474,-0.6311536683939466,-0.46342650518147854,-0.49743610009802186,0.6437563806591079,-0.31699705466778166,-0.3539413161464461,0.2406163014825742,-1.5920162736734471,0.5673756274739005,-0.3539413161464461,-1.3785819623459927,False,1308327_YES.csv,1308327_YES
1771060440,2026-02-14 09:14:00,1,0.16,0.0035199999999999,0.021999999862499998,0.0035199999999999,,0.022,0.0,0.0,0.002,0.09090909090909091,12455.8,43584.96,56040.759999999995,0.0,-0.5554735517505474,-0.0,0.5554735517505474,-0.6199093097120015,-0.476753565212087,-0.6340125289737221,0.6437563806591079,-0.31699705466778166,-0.34271545580231827,0.2230717902945864,-1.7306754038978105,0.5498311162859126,-0.34271545580231827,-1.523559743414216,False,1308327_YES.csv,1308327_YES
1771060500,2026-02-14 09:15:00,1,0.16,0.0035199999999999,0.021999999862499998,0.0035199999999999,,0.023,0.045454545454545414,0.045454545454545414,0.002,0.08695652173913043,7663.1,65486.86,73149.96,17109.20000000001,-0.7904824554927986,0.0,0.7904824554927986,-0.6199093097120015,-0.47656447269520225,-0.6330880340562905,0.6437563806591079,-0.31699705466778166,1.114550740282039,1.0777127020300095,-1.7295618164634943,1.4044720280213356,1.114550740282039,0.7894609518398803,False,1308327_YES.csv,1308327_YES
1771060560,2026-02-14 09:16:00,1,0.15,0.0032999999999999,0.021999999853333334,0.0032999999999999,,0.023,0.0,0.0,0.002,0.08695652173913043,7663.1,65486.86,73149.96,0.0,-0.7904824554927986,-0.0,0.7904824554927986,-0.6199093097120015,-0.47607180697316814,-0.6307099851872457,0.6437563806591079,-0.3045308303155221,-0.3640130065776222,1.0425642560732302,-1.7266911018724154,1.381789806416816,-0.3640130065776222,-0.7089143020332216,False,1308327_YES.csv,1308327_YES
1771060620,2026-02-14 09:17:00,1,0.15,0.0032999999999999,0.021999999853333334,0.0032999999999999,,0.023,0.0,0.0,0.002,0.08695652173913043,7663.1,65486.86,73149.96,0.0,-0.7904824554927986,-0.0,0.7904824554927986,-0.6139431990601549,-0.472950423245972,-0.6234364941198706,0.6437563806591079,-0.3045308303155221,-0.3640130065776222,1.009123834598152,-1.7103301164259976,1.3483493849417378,-0.3640130065776222,-0.7259937380618819,False,1308327_YES.csv,1308327_YES
1771060680,2026-02-14 09:18:00,1,83.31,1.83282,0.021999999999735922,1.83282,,0.023,0.0,0.0,0.002,0.08695652173913043,12579.33,65409.58,77988.91,4838.949999999997,-0.6774072108457472,0.0,0.6774072108457472,-0.6080196184659394,-0.4224128200425666,-0.42119546822416365,0.6207404484035944,-0.3045308303155221,-0.3526393338685037,0.553426823097398,-1.4516279067326696,0.8696364411854703,-0.3526393338685037,-0.934630799415703,False,1308327_YES.csv,1308327_YES
1771060740,2026-02-14 09:19:00,2,209.423333,5.02398,0.023989590500768175,2.51199,,0.023,0.0,0.0,0.002,0.08695652173913043,12579.33,65409.58,77988.91,0.0,-0.6774072108457472,-0.0,0.6774072108457472,-0.33904325918247363,-0.34610219406994325,-0.35189051129321913,0.597976385466706,-0.3045308303155221,-0.3526393338685037,0.5279547133770209,-1.037035964545636,0.8214002685282048,-0.3526393338685037,-0.5682750298859349,False,1308327_YES.csv,1308327_YES
1771060800,2026-02-14 09:20:00,10,123.30666500000001,2.7960789999999998,0.022675813995758628,0.27960789999999996,,0.023,0.0,0.0,0.002,0.08695652173913043,12579.33,65409.58,77988.91,0.0,-0.6774072108457472,-0.0,0.6774072108457472,1.7750549048723478,-0.40088712513868513,-0.5844187814779636,0.5754268519597914,-0.3045308303155221,-0.3526393338685037,0.5023445381392709,0.7897489982556991,0.7732405597835402,-0.3526393338685037,1.2103502241707356,False,1308327_YES.csv,1308327_YES
1771060860,2026-02-14 09:21:00,5,4.62,0.10163999999999959,0.02199999999523809,0.02032799999999992,,0.023,0.0,0.0,0.002,0.08695652173913043,11988.2,63560.98,75549.18000000001,-2439.729999999996,-0.6826385144087599,2439.729999999996,0.6826385144087599,0.43202439915546664,-0.4565962772689719,-0.5997145585861603,0.5754268519597914,0.41146296104940583,-0.3411034097301819,0.5026030338523655,-0.6242864366996655,1.4894928468615627,-0.3411034097301819,0.5241030004317153,False,1308327_YES.csv,1308327_YES
1771060920,2026-02-14 09:22:00,8,3138.33,66.75689,0.021271469220884503,8.34461125,,0.023,0.0,0.0,0.002,0.08695652173913043,11988.2,63560.98,75549.18000000001,0.0,-0.6826385144087599,-0.0,0.6826385144087599,1.191901926393405,1.13157921272303,0.2579411811394291,0.5754268519597914,-0.31646157789592505,-0.3411034097301819,0.48125190275992497,2.581422320255864,0.7402171768237913,-0.3411034097301819,2.9805360873494733,False,1308327_YES.csv,1308327_YES
1771060980,2026-02-14 09:23:00,2,50.21,1.0042,0.019999999999601673,0.5021,,0.023,0.0,0.0,0.002,0.08695652173913043,11988.2,63560.98,75549.18000000001,0.0,-0.6826385144087599,-0.0,0.6826385144087599,-0.40267785147263185,-0.4569684110393456,-0.5620227644965612,0.5754268519597914,-0.31646157789592505,-0.3411034097301819,0.4599474090396695,-1.4216690270085386,0.7189126831035358,-0.3411034097301819,-1.0438597536351846,False,1308327_YES.csv,1308327_YES
1771061040,2026-02-14 09:24:00,1,238.095237,5.0,0.021000000096511803,5.0,,0.0215,-0.0652173913043479,0.0652173913043479,0.003,0.13953488372093026,18142.62,61907.37,80049.99,4500.809999999998,-0.5467177447492497,0.0,0.5467177447492497,-0.6681797315644771,-0.3618471773866376,-0.0968022893066929,1.972024047185284,-0.2893577112787323,1.712480455072189,-0.15097682664352066,-1.1268291982578076,1.531689509263031,1.712480455072189,2.1173407660774126,False,1308327_YES.csv,1308327_YES
1771061100,2026-02-14 09:25:00,2,551.568094,11.58293,0.021000000047100262,5.791465,,0.0215,0.0,0.0,0.003,0.13953488372093026,18142.62,61907.37,80049.99,0.0,-0.5467177447492497,-0.0,0.5467177447492497,-0.4080914176960371,-0.2033991277659063,-0.006538799034140061,1.8785712906153784,-0.2893577112787323,-0.35615907540512376,-0.192033666896968,-0.6180293444960834,1.3971799124396782,-0.35615907540512376,0.42299149253847107,False,1308327_YES.csv,1308327_YES
1771061160,2026-02-14 09:26:00,1,50.0,1.0,0.0199999999996,1.0,,0.0215,0.0,0.0,0.003,0.13953488372093026,18142.62,61907.37,80049.99,0.0,-0.5467177447492497,-0.0,0.5467177447492497,-0.6681797315644771,-0.4534132318224606,-0.49819385720791376,1.7942455617950284,-0.2893577112787323,-0.35615907540512376,-0.23746953155683231,-1.6197868205948516,1.2674183189594639,-0.35615907540512376,-0.7085275770405115,False,1308327_YES.csv,1308327_YES
1771061220,2026-02-14 09:27:00,2,56.47,1.1229299999999998,0.019885425889500853,0.5614649999999999,,0.0195,-0.09302325581395343,0.09302325581395343,0.001,0.05128205128205128,15262.16,69862.76,85124.92,5074.929999999993,-0.6414173428885453,0.0,0.6414173428885453,-0.4080914176960371,-0.4506951565292497,-0.5440152127944046,-1.0019812877556646,-0.2893577112787323,2.4164414944449444,0.18029736158005924,-1.4028017870196914,-1.1110416374543377,2.4164414944449444,-0.09740193002908448,False,1308327_YES.csv,1308327_YES
1771061280,2026-02-14 09:28:00,2,499.999997,10.999998000000001,0.02199999613195589,5.499999000000001,,0.0195,0.0,0.0,0.001,0.05128205128205128,15262.16,69862.76,85124.92,0.0,-0.6414173428885453,-0.0,0.6414173428885453,-0.4135421040795416,-0.2118939600464374,-0.015653141155476037,-1.0019812877556646,-0.2893577112787323,-0.38481825365139866,0.14253475636924437,-0.6410892052814551,-1.1488042426651526,-0.38481825365139866,-2.174711701598006,False,1308327_YES.csv,1308327_YES
1771061400,2026-02-14 09:30:00,1,10.46,0.19874,0.018999999998183553,0.19874,,0.0205,0.05128205128205132,0.05128205128205132,0.003,0.14634146341463414,16241.59,60469.81,76711.4,-8413.520000000004,-0.5765534197003315,8413.520000000004,0.5765534197003315,-0.6803434615502137,-0.4705790457830024,-0.5640586012207452,1.7271517655634643,2.1568209230175497,1.1323293035906385,-0.2612532948773167,-1.7149811085539612,3.622719393703697,1.1323293035906385,3.0400675887403743,False,1308327_YES.csv,1308327_YES
1771061520,2026-02-14 09:32:00,1,50.35,0.88595,0.01759582919528103,0.88595,,0.0205,0.0,0.0,0.003,0.14634146341463414,16241.59,60469.81,76711.4,0.0,-0.5765534197003315,-0.0,0.5765534197003315,-0.6689794841676366,-0.4419301325330181,-0.4762148477937475,1.6650995138362947,-0.31897854593366304,-0.39565777169483135,-0.32775413924573565,-1.5871244644944023,1.018366828656896,-0.39565777169483135,-0.9644154075323375,False,1308327_YES.csv,1308327_YES
1771061880,2026-02-14 09:38:00,2,556.485453,12.038799000000001,0.021633627501091792,6.0193995000000005,,0.0205,0.0,0.0,0.003,0.14634146341463414,16241.59,60469.81,76711.4,0.0,-0.5765534197003315,-0.0,0.5765534197003315,-0.4031598215844698,-0.17616074503485785,0.05584165755769659,1.607434343774613,-0.31897854593366304,-0.39565777169483135,-0.4092736169544232,-0.5234789090616311,0.8791821808865269,-0.39565777169483135,-0.039954499869935545,False,1308327_YES.csv,1308327_YES
1771061940,2026-02-14 09:39:00,1,990.454544,21.789999,0.021999999022648688,21.789999,,0.021,0.024390243902439046,0.024390243902439046,0.002,0.09523809523809523,16692.5,66907.83,83600.33,6888.930000000008,-0.6006594710810352,0.0,0.6006594710810352,-0.6577598029740621,0.06103947397971521,1.6496542542437211,0.30410920017357534,-0.31897854593366304,0.3191064723717096,-0.33704363861991427,1.0529339252493743,-0.35191298438000196,0.3191064723717096,1.020127413241082,False,1308327_YES.csv,1308327_YES
1771062060,2026-02-14 09:41:00,2,486.78,10.222380000000001,0.020999999999956862,5.111190000000001,,0.021,0.0,0.0,0.002,0.09523809523809523,16692.5,66907.83,83600.33,0.0,-0.6006594710810352,-0.0,0.6006594710810352,-0.39289008365564787,-0.21169344768169127,-0.04746373166092117,0.2846498129429618,-0.2866775999527376,-0.39681977687778547,-0.389307879768558,-0.6520472629982603,-0.3913356667783338,-0.39681977687778547,-1.4402027066543797,False,1308327_YES.csv,1308327_YES
1771062120,2026-02-14 09:42:00,3,682.608694,15.099999,0.022121017696821014,5.033333,,0.0215,0.023809523809523725,0.023809523809523725,0.001,0.04651162790697675,15141.78,61449.37,76591.15000000001,-7009.179999999993,-0.6046075819464781,7009.179999999993,0.6046075819464781,-0.1373401590013029,-0.0998966444346049,-0.06246740862289222,-1.0291185544860928,1.8560157965501198,0.3006816238972948,-0.4166174568468291,-0.29970421205880005,0.41027978521719793,0.3006816238972948,0.4112571970556927,False,1308327_YES.csv,1308327_YES
1771062180,2026-02-14 09:43:00,1,45.454544,0.999999,0.0219999787035153,0.999999,,0.0215,0.0,0.0,0.001,0.04651162790697675,15141.78,61449.37,76591.15000000001,0.0,-0.6046075819464781,-0.0,0.6046075819464781,-0.6629565015923563,-0.4394852276565161,-0.47774505894244756,-1.0291185544860928,-0.31010877309722185,-0.40887561335952627,-0.46147980958819484,-1.58018678819132,-1.8007071371715095,-0.40887561335952627,-3.789769538722356,False,1308327_YES.csv,1308327_YES
1771062240,2026-02-14 09:44:00,2,321.090909,6.792000000000001,0.02115288788814275,3.3960000000000004,,0.0215,0.0,0.0,0.001,0.04651162790697675,15141.78,61449.37,76591.15000000001,0.0,-0.6046075819464781,-0.0,0.6046075819464781,-0.3977739009554138,-0.2982785800260244,-0.22774917081886376,-1.0291185544860928,-0.31010877309722185,-0.40887561335952627,-0.5111711400119717,-0.923801651800302,-1.8503984675952863,-0.40887561335952627,-3.1830757327551145,False,1308327_YES.csv,1308327_YES
1771062300,2026-02-14 09:45:00,2,52.204544,1.141749,0.02187068236776723,0.5708745,,0.0215,0.0,0.0,0.001,0.04651162790697675,9778.48,61320.78,71099.26,-5491.890000000014,-0.7249344086000333,5491.890000000014,0.7249344086000333,-0.4031598215844698,-0.4348355752637866,-0.5187404941318288,-1.0291185544860928,1.3406877064949336,-0.40887561335952627,0.5546135624987687,-1.356735890980085,0.8661827145076095,-0.40887561335952627,-0.8994287898320018,False,1308327_YES.csv,1308327_YES
1771062420,2026-02-14 09:47:00,1,32.47,0.68187,0.02099999999935325,0.68187,,0.0215,0.0,0.0,0.001,0.04651162790697675,9778.48,61320.78,71099.26,0.0,-0.7249344086000333,-0.0,0.7249344086000333,-0.6577598029740621,-0.43094401777017033,-0.4878744143733425,-1.0291185544860928,-0.3334223114717013,-0.40887561335952627,0.5316886775588894,-1.5765782351175748,-0.8308521883989046,-0.40887561335952627,-2.816306036876006,False,1308327_YES.csv,1308327_YES
1771062480,2026-02-14 09:48:00,2,94.44,2.0662000000000003,0.021878441338184257,1.0331000000000001,,0.0215,0.0,0.0,0.001,0.04651162790697675,11301.88,61197.98,72499.86,1400.6000000000058,-0.6882233979486306,0.0,0.6882233979486306,-0.3731731351861531,-0.3790668090282542,-0.4248684233813828,-1.0291185544860928,-0.3334223114717013,-0.40887561335952627,0.161805160187155,-1.17710836759579,-1.200735705770639,-0.40887561335952627,-2.7867196867259554,False,1308327_YES.csv,1308327_YES
1771062540,2026-02-14 09:49:00,1,84.795216,1.9,0.022406924465851852,1.9,,0.0215,0.0,0.0,0.001,0.04651162790697675,11301.88,61197.98,72499.86,0.0,-0.6882233979486306,-0.0,0.6882233979486306,-0.6287489577572266,-0.3827174462209951,-0.33303601358745366,-1.0291185544860928,-0.3334223114717013,-0.40887561335952627,0.14207382401442925,-1.3445024175656755,-1.2204670419433647,-0.40887561335952627,-2.9738450728685666,False,1308327_YES.csv,1308327_YES
1771062600,2026-02-14 09:50:00,1,43.478259,0.999999,0.02299997798847,0.999999,,0.0215,0.0,0.0,0.001,0.04651162790697675,11301.88,61197.98,72499.86,0.0,-0.6882233979486306,-0.0,0.6882233979486306,-0.6287489577572266,-0.4085054664424584,-0.4317683686232133,-1.0291185544860928,-0.30211276993775554,-0.40887561335952627,0.12573001818683485,-1.4690227928228983,-1.2055013062370135,-0.40887561335952627,-3.083399712419438,False,1308327_YES.csv,1308327_YES
1771062720,2026-02-14 09:52:00,1,43.478259,0.999999,0.02299997798847,0.999999,,0.0215,0.0,0.0,0.001,0.04651162790697675,11301.88,61197.98,72499.86,0.0,-0.6882233979486306,-0.0,0.6882233979486306,-0.6063453682694078,-0.6046614882499226,-0.4057648361435066,-1.0291185544860928,-0.30211276993775554,-0.40887561335952627,0.10920294789937245,-1.616771692662837,-1.222028376524476,-0.40887561335952627,-3.247675682546839,False,1308327_YES.csv,1308327_YES
1771062840,2026-02-14 09:54:00,1,87.24,1.83204,0.020999999999759288,1.83204,,0.0215,0.0,0.0,0.001,0.04651162790697675,12150.79,66507.31,78658.1,6158.240000000005,-0.6910479658166164,0.0,0.6910479658166164,-0.5952752538261937,-0.5526556822519989,-0.31467736073947905,-1.029118554486093,-0.30211276993775554,-0.40887561335952627,0.12011586910879514,-1.4626082968176717,-1.2111154553150534,-0.40887561335952627,-3.082599365492251,False,1308327_YES.csv,1308327_YES
1771062900,2026-02-14 09:55:00,2,114.0,2.5519999999999996,0.02238596491208433,1.2759999999999998,,0.0215,0.0,0.0,0.001,0.04651162790697675,12150.79,66507.31,78658.1,0.0,-0.6910479658166164,-0.0,0.6910479658166164,-0.3237158298940537,-0.5126605315338272,-0.3768012868856992,-1.029118554486093,-0.30211276993775554,-0.40887561335952627,0.10290402389257068,-1.21317764831358,-1.2283273005312778,-0.40887561335952627,-2.8503805622043843,False,1308327_YES.csv,1308327_YES
1771062960,2026-02-14 09:56:00,3,2703.53,59.437659999999994,0.02198520452888557,19.81255333333333,,0.0215,0.0,0.0,0.001,0.04651162790697675,12150.79,66507.31,78658.1,0.0,-0.6910479658166164,-0.0,0.6910479658166164,-0.04624511855629335,2.6143556521618088,1.6079904719231526,-1.029118554486093,-0.30211276993775554,-0.40887561335952627,0.08545027376504304,4.176101005528668,-1.2457810506588054,-0.40887561335952627,2.5214443415103367,False,1308327_YES.csv,1308327_YES
1771063020,2026-02-14 09:57:00,11,3769.76,78.35519000000001,0.020785193221844155,7.123199090909091,,0.0195,-0.09302325581395343,0.09302325581395343,0.001,0.05128205128205128,16597.97,62072.05,78670.02,11.919999999998254,-0.5780356989867296,0.0,0.5780356989867296,2.0548156403963147,3.2522104614571217,0.22819794769739335,-1.029118554486093,-0.30211276993775554,2.8215594207655084,-1.0394347200007188,5.53522404955083,-2.370666044424567,2.8215594207655084,5.986117425891771,False,1308327_YES.csv,1308327_YES
1771063080,2026-02-14 09:58:00,1,2383.181817,52.43000000000001,0.022000000010900467,52.43000000000001,,0.0195,0.0,0.0,0.001,0.05128205128205128,16597.97,62072.05,78670.02,0.0,-0.5780356989867296,-0.0,0.5780356989867296,-0.614477720984461,1.8860300524948328,4.2114647340203595,-1.029118554486093,-0.30211276993775554,-0.4353149311480416,-1.0212423211946822,5.483017065530731,-2.352473645618531,-0.4353149311480416,2.6952284887641587,False,1308327_YES.csv,1308327_YES
1771063140,2026-02-14 09:59:00,1,871.550868,19.999999,0.022947598051129475,19.999999,,0.0195,0.0,0.0,0.001,0.05128205128205128,16597.97,62072.05,78670.02,0.0,-0.5780356989867296,-0.0,0.5780356989867296,-0.614477720984461,0.2938809814609432,1.2436153516420905,-0.9992159434274624,-0.30211276993775554,-0.40821482479509025,-0.990829566608333,0.9230186121185727,-2.292158279973551,-0.40821482479509025,-1.7773544926500688,False,1308327_YES.csv,1308327_YES
1771063200,2026-02-14 10:00:00,1,76.81818,1.689999,0.02199998750267181,1.689999,,0.0215,0.10256410256410242,0.10256410256410242,0.001,0.04651162790697675,13154.63,64355.84,77510.47,-1159.550000000003,-0.660571533110301,1159.550000000003,0.660571533110301,-0.6037006039018328,-0.5740935503765816,-0.3710589903022272,-0.9703037471339905,0.07180507144982104,3.0190853552073267,-0.16540168693346025,-1.5488531445806417,-1.0639003626176295,3.0190853552073267,0.4063318480090552,False,1308327_YES.csv,1308327_YES
1771063260,2026-02-14 10:01:00,2,4543.53391,102.999998,0.022669578359100894,51.499999,,0.0215,0.0,0.0,0.001,0.04651162790697675,13154.63,64355.84,77510.47,0.0,-0.660571533110301,-0.0,0.660571533110301,-0.3425328573925993,3.7819638965547355,3.548376658194951,-0.9423032014077052,-0.3086786534958824,-0.43285023776559906,-0.15629257635576072,6.987807697357088,-1.4072744312593484,-0.43285023776559906,5.14768302833214,False,1308327_YES.csv,1308327_YES
1771063320,2026-02-14 10:02:00,1,2451.739129,56.389999,0.02299999960557662,56.389999,,0.0215,0.0,0.0,0.001,0.04651162790697675,13154.63,64355.84,77510.47,0.0,-0.660571533110301,-0.0,0.660571533110301,-0.6094415774387806,1.7007415419606744,3.4494842016638065,-0.9151429207129308,-0.3086786534958824,-0.43285023776559906,-0.15407519565932093,4.5407841661857,-1.3778967698681341,-0.43285023776559906,2.730037158551967,False,1308327_YES.csv,1308327_YES
1771063380,2026-02-14 10:03:00,2,719.55,15.8301,0.021999999999969426,7.91505,,0.0225,0.04651162790697683,0.04651162790697683,0.001,0.044444444444444446,10331.87,57757.98,68089.85,-9420.619999999995,-0.696522462599051,9420.619999999995,0.696522462599051,-0.33776844845794735,0.014875746309680771,0.030654199354463,-0.888757959391995,2.5726201354646085,1.096714914628931,0.19836993289500116,-0.2922385027938036,1.8822321089676146,1.096714914628931,2.6867085208027417,False,1308327_YES.csv,1308327_YES
1771063440,2026-02-14 10:04:00,1,130.0,2.99,0.02299999999982308,2.99,,0.0225,0.0,0.0,0.001,0.044444444444444446,10331.87,57757.98,68089.85,0.0,-0.696522462599051,-0.0,0.696522462599051,-0.6044277498721163,-0.5048346926998836,-0.28579763296939276,-0.8630890092133883,-0.3393101248891233,-0.4548933386129561,0.19455741182065694,-1.3950600755413927,-1.0078417222818545,-0.4548933386129561,-2.8577951364362035,False,1308327_YES.csv,1308327_YES
1771063560,2026-02-14 10:06:00,5,1014.5525,22.80822,0.022481064311583202,4.561643999999999,,0.0225,0.0,0.0,0.001,0.044444444444444446,11243.44,60343.23,71586.67,3496.8199999999924,-0.6858789492513062,0.0,0.6858789492513062,0.4570907927499239,0.34084724539434796,-0.16776421732834196,-0.838081709847583,-0.3393101248891233,-0.4548933386129561,0.08715514612964827,0.63017382081593,-1.090236688607058,-0.4548933386129561,-0.9149562064040841,False,1308327_YES.csv,1308327_YES
1771063680,2026-02-14 10:08:00,5,270.08333300000004,6.358499999999999,0.023542733753128174,1.2716999999999998,,0.0225,0.0,0.0,0.001,0.044444444444444446,11243.44,60343.23,71586.67,0.0,-0.6858789492513062,-0.0,0.6858789492513062,0.5632340971548115,-0.353975790942575,-0.42515810878088434,-0.838081709847583,-0.3599283806015653,-0.4374741635468925,0.12469491655061045,-0.21589980256864777,-1.0733151738985378,-0.4374741635468925,-1.726689140014078,False,1308327_YES.csv,1308327_YES
1771063740,2026-02-14 10:09:00,2,41.686665000000005,1.0004389999999999,0.023999017431017754,0.5002194999999999,,0.023,0.022222222222222143,0.022222222222222143,0.002,0.08695652173913043,10217.66,61577.12,71794.78,208.11000000000058,-0.7153648217878794,0.0,0.7153648217878794,-0.31185372733502353,-0.5844173307306256,-0.48494273491368795,0.39996807744035073,-0.3599283806015653,0.38310540938761956,0.4760074187021319,-1.381213792979337,0.5160471155409174,0.38310540938761956,-0.48206126805080013,False,1308327_YES.csv,1308327_YES
1771063800,2026-02-14 10:10:00,1,0.02,0.00046,0.022999998850000057,0.00046,,0.023,0.0,0.0,0.002,0.08695652173913043,10217.66,61577.12,71794.78,0.0,-0.7153648217878794,-0.0,0.7153648217878794,-0.6025200355397662,-0.6160436011985833,-0.514031732911305,0.38089626831085494,-0.3599283806015653,-0.4515538812106096,0.5297355501239198,-1.7325953696496543,0.5507034378332094,-0.4515538812106096,-1.6334458130270546,False,1308327_YES.csv,1308327_YES
1771063860,2026-02-14 10:11:00,4,211.813333,5.08004,0.02398357047701061,1.27001,,0.023,0.0,0.0,0.002,0.08695652173913043,10217.66,61577.12,71794.78,0.0,-0.7153648217878794,-0.0,0.7153648217878794,0.41705556315743414,-0.39813786834479464,-0.41626596786114517,0.3618006895841818,-0.33007509765884935,-0.4515538812106096,0.5820268489270191,-0.3973482730485057,0.6137524408523516,-0.4515538812106096,-0.23514971340676366,False,1308327_YES.csv,1308327_YES
1771063920,2026-02-14 10:12:00,3,5.61,0.1290299999999999,0.02299999999590018,0.043009999999999965,,0.0235,0.021739130434782705,0.021739130434782705,0.001,0.0425531914893617,11051.73,61193.22,72244.95,450.16999999999825,-0.6940483729312569,0.0,0.6940483729312569,0.12976093226922727,-0.6035455615295557,-0.511062906402301,-0.9151429207129314,-0.33007509765884935,0.35159593321460225,0.38509232448009195,-0.9848475356626295,-0.8601256938916888,0.35159593321460225,-1.493377296339716,False,1308327_YES.csv,1308327_YES
1771063980,2026-02-14 10:13:00,16,606.359998,14.196279,0.02341229475361365,0.8872674375,,0.0235,0.0,0.0,0.001,0.0425531914893617,11051.73,61193.22,72244.95,0.0,-0.6940483729312569,-0.0,0.6940483729312569,4.295525974251585,-0.0015185851788773466,-0.4460171138720642,-0.9151429207129314,-0.33007509765884935,-0.4654853165077722,0.444675150782722,3.847990275200643,-0.8005428675890587,-0.4654853165077722,2.5819620911038124,False,1308327_YES.csv,1308327_YES
1771064040,2026-02-14 10:14:00,10,2314.5,55.3535,0.023915964571171348,5.535349999999999,,0.0235,0.0,0.0,0.001,0.0425531914893617,11051.73,61193.22,72244.95,0.0,-0.6940483729312569,-0.0,0.6940483729312569,2.3380710999090906,1.7311157279676395,-0.08476573674476542,-0.9151429207129314,-0.3292860563492745,-0.4654853165077722,0.5060420266028656,3.9844210911319644,-0.7383869504593403,-0.4654853165077722,2.780548824164852,False,1308327_YES.csv,1308327_YES
1771064160,2026-02-14 10:16:00,3,101.66,2.43818,0.02398367106016148,0.8127266666666667,,0.0235,0.0,0.0,0.001,0.0425531914893617,11051.73,61193.22,72244.95,0.0,-0.6940483729312569,-0.0,0.6940483729312569,0.05988408519753423,-0.5218950173410974,-0.4560078646828437,-0.9151429207129308,-0.3292860563492745,-0.4654853165077722,0.5777012739735158,-0.9180187968264069,-0.6667277030886894,-0.4654853165077722,-2.0502318164228686,False,1308327_YES.csv,1308327_YES
1771064220,2026-02-14 10:17:00,3,50.66,1.1651799999999999,0.022999999999545995,0.3883933333333333,,0.0235,0.0,0.0,0.001,0.0425531914893617,11051.73,61193.22,72244.95,0.0,-0.6940483729312569,-0.0,0.6940483729312569,0.11044980394814202,-0.5539666071436645,-0.4802213057716327,-0.9151429207129308,-0.3292860563492745,-0.4654853165077722,0.6637781663152728,-0.9237381089671552,-0.5806508107469325,-0.4654853165077722,-1.9698742362218598,False,1308327_YES.csv,1308327_YES
1771064280,2026-02-14 10:18:00,3,16.13,0.37098999999999993,0.022999999998574085,0.1236633333333333,,0.0235,0.0,0.0,0.001,0.0425531914893617,13140.63,72170.06999999999,85310.7,13065.75,-0.6919347748875581,0.0,0.6919347748875581,0.11044980394814202,-0.5855232931530692,-0.49871696803071164,-0.8874175597549312,-0.3292860563492745,-0.44084328681866836,0.613293169272271,-0.9737904572356388,-0.6034104468319348,-0.44084328681866836,-2.018044190886242,False,1308327_YES.csv,1308327_YES
1771064340,2026-02-14 10:19:00,5,86.803333,2.0798099999999997,0.023960024668361984,0.41596199999999994,,0.0235,0.0,0.0,0.001,0.0425531914893617,13140.63,72170.06999999999,85310.7,0.0,-0.6919347748875581,-0.0,0.6919347748875581,0.7829474248550944,-0.5053316918345649,-0.4676360796886187,-0.8606901408600327,-0.3292860563492745,-0.44084328681866836,0.596294192380761,-0.19002034666808926,-0.5936820048285463,-0.44084328681866836,-1.2245456383153037,False,1308327_YES.csv,1308327_YES
1771064400,2026-02-14 10:20:00,3,169.446665,4.0639389999999995,0.023983587991985616,1.3546463333333332,,0.0235,0.0,0.0,0.001,0.0425531914893617,13140.63,72170.06999999999,85310.7,0.0,-0.6919347748875581,-0.0,0.6919347748875581,0.08123763027505747,-0.4161693281008234,-0.39294154988663516,-0.8349509588868141,-0.3292860563492745,-0.44084328681866836,0.5795146438735214,-0.727873247712401,-0.5847223713625672,-0.44084328681866836,-1.7534389058936366,False,1308327_YES.csv,1308327_YES
1771064460,2026-02-14 10:21:00,6,80.04,1.8409200000000001,0.02299999999971264,0.30682000000000004,,0.0235,0.0,0.0,0.001,0.0425531914893617,18414.47,69833.06,88247.53,2936.8300000000017,-0.5826632201490511,0.0,0.5826632201490511,1.0889977662573047,-0.49229811346496505,-0.4500694842711093,-0.8102152078402072,-0.3105234519517304,-0.41646166514476846,-1.0988196749779988,0.1466301685212303,-2.2195583347699364,-0.41646166514476846,-2.4893898313934746,False,1308327_YES.csv,1308327_YES
1771064520,2026-02-14 10:22:00,9,274.486665,6.578609,0.023966953002893688,0.7309565555555556,,0.0235,0.0,0.0,0.001,0.0425531914893617,18414.47,69833.06,88247.53,0.0,-0.5826632201490511,-0.0,0.5826632201490511,2.024638487098347,-0.2817443431578691,-0.4151644007439786,-0.7865308952738052,-0.3105234519517304,-0.41646166514476846,-1.0701386644328486,1.3277297431964994,-2.167193011658384,-0.41646166514476846,-1.2559249336066531,False,1308327_YES.csv,1308327_YES
1771064580,2026-02-14 10:23:00,4,21.119999999999997,0.48575999999999997,0.022999999998910985,0.12143999999999999,,0.0235,0.0,0.0,0.001,0.0425531914893617,18414.47,69833.06,88247.53,0.0,-0.5826632201490511,-0.0,0.5826632201490511,0.340177942718805,-0.5582901306528537,-0.4660667529743261,-0.763991716989042,-0.2883838171607485,-0.41646166514476846,-1.0433106821175042,-0.6841789409083747,-2.0956862162672945,-0.41646166514476846,-3.1963268223204375,False,1308327_YES.csv,1308327_YES
1771064640,2026-02-14 10:24:00,3,3068.7650000000003,72.31792000000002,0.023565805788314242,24.10597333333334,,0.0225,-0.042553191489361764,0.042553191489361764,0.001,0.044444444444444446,15735.7,66395.17,82130.87,-6116.6600000000035,-0.6168139945430994,6116.6600000000035,0.6168139945430994,0.0,2.5022573315679826,1.471161421231045,-0.739118594202852,2.6118982815651752,1.2923756523055205,-0.5530032713807119,3.9734187527990277,1.3197764159816114,1.2923756523055205,6.58557082108616,False,1308327_YES.csv,1308327_YES
1771064700,2026-02-14 10:25:00,1,1.44,0.03168,0.021999999984722223,0.03168,,0.0225,0.0,0.0,0.001,0.044444444444444446,15735.7,66395.17,82130.87,0.0,-0.6168139945430994,-0.0,0.6168139945430994,-0.6562149854273562,-0.576221772986742,-0.48150838636947474,-0.714701928796201,-0.3199572588880878,-0.4249559234140481,-0.5785189675948517,-1.713945144783573,-1.6131781552791404,-0.4249559234140481,-3.7520792234767617,False,1308327_YES.csv,1308327_YES
1771064880,2026-02-14 10:28:00,3,88.50825900000001,2.035659,0.022999650235770625,0.678553,,0.0225,0.0,0.0,0.001,0.044444444444444446,15735.7,66395.17,82130.87,0.0,-0.6168139945430994,-0.0,0.6168139945430994,0.01670051084530317,-0.47075060095998655,-0.41849022600355157,-0.6906972609405069,-0.3199572588880878,-0.4249559234140481,-0.6052680277367517,-0.872540316118235,-1.6159225475653463,-0.4249559234140481,-2.9134187870976294,False,1308327_YES.csv,1308327_YES
1771064940,2026-02-14 10:29:00,2,141.666665,3.3999989999999998,0.0239999932233599,1.6999994999999999,,0.0225,0.0,0.0,0.001,0.044444444444444446,15735.7,66395.17,82130.87,0.0,-0.6168139945430994,-0.0,0.6168139945430994,-0.32377059285430504,-0.41350472870998606,-0.3353871941949106,-0.6670622662384612,-0.3199572588880878,-0.4249559234140481,-0.6333853742181544,-1.0726625157592018,-1.6204048993447033,-0.4249559234140481,-3.118023338517953,False,1308327_YES.csv,1308327_YES
1771065000,2026-02-14 10:30:00,2,208.343333,5.00022,0.02399990404289059,2.50011,,0.023,0.022222222222222143,0.022222222222222143,0.002,0.08695652173913043,17537.96,67232.59,84770.54999999999,2639.679999999993,-0.5862251690003192,0.0,0.5862251690003192,-0.330280431017847,-0.34866342420656304,-0.27388940782955334,0.8152983254025634,-0.3199572588880878,0.4568146608837163,-1.1543715223368944,-0.9528332630539633,-0.6590304558224188,0.4568146608837163,-1.1550490579926658,False,1308327_YES.csv,1308327_YES
1771065120,2026-02-14 10:32:00,3,1056.156665,23.318779,0.02207890152355183,7.772926333333333,,0.023,0.0,0.0,0.002,0.08695652173913043,17537.96,67232.59,84770.54999999999,0.0,-0.5862251690003192,-0.0,0.5862251690003192,-0.0056195048436206855,0.4263783758096508,0.1463204800048606,0.8152983254025638,-0.3199572588880878,-0.4156421677144841,-1.135071573954128,0.5670793509708907,-0.639730507439652,-0.4156421677144841,-0.4882933241832454,False,1308327_YES.csv,1308327_YES
1771065180,2026-02-14 10:33:00,5,341.79333299999996,8.18612,0.02395049642462175,1.6372240000000002,,0.023,0.0,0.0,0.002,0.08695652173913043,16500.07,81879.72,98379.79000000001,13609.24000000002,-0.6645638296239501,0.0,0.6645638296239501,0.646492242999235,-0.23456857994649133,-0.35812187863869577,0.8152983254025638,-0.3199572588880878,-0.4156421677144841,0.249324585534759,0.053801784414047926,0.744665652049235,-0.4156421677144841,0.3828252687487988,False,1308327_YES.csv,1308327_YES
1771065240,2026-02-14 10:34:00,2,695.652172,15.999998999999999,0.022999998625716903,7.9999994999999995,,0.023,0.0,0.0,0.002,0.08695652173913043,16500.07,81879.72,98379.79000000001,0.0,-0.6645638296239501,-0.0,0.6645638296239501,-0.37217438883967796,0.09291735004593336,0.1521981729990106,0.8152983254025638,-0.3199572588880878,-0.4156421677144841,0.30363010162636306,-0.127058865794734,0.798971168140839,-0.4156421677144841,0.2562701346316209,False,1308327_YES.csv,1308327_YES
1771065300,2026-02-14 10:35:00,1,2000.0,46.0,0.0229999999999885,46.0,,0.023,0.0,0.0,0.002,0.08695652173913043,16500.07,81879.72,98379.79000000001,0.0,-0.6645638296239501,-0.0,0.6645638296239501,-0.7105147423302943,1.3470418635553265,2.959901834152781,0.8152983254025638,-0.3199572588880878,-0.4156421677144841,0.3082350543965837,3.5964289553778133,0.8035761209110597,-0.4156421677144841,3.984362908574389,False,1308327_YES.csv,1308327_YES
1771065360,2026-02-14 10:36:00,2,173.418259,3.858679,0.022250707752623364,1.9293395,,0.0225,-0.021739130434782594,0.021739130434782594,0.001,0.044444444444444446,13432.35,77436.35,90868.70000000001,-7511.0899999999965,-0.7043569457910149,7511.0899999999965,0.7043569457910149,-0.37217438883967796,-0.4597491846718216,-0.3738033958530178,-0.6437563806591089,2.9683053638221013,0.4602176557063459,1.0485716611121287,-1.2057269693645174,3.3731206442751214,0.4602176557063459,2.6276113306169497,False,1308327_YES.csv,1308327_YES
1771065600,2026-02-14 10:40:00,2,0.34,0.00782,0.022999999932352938,0.00391,,0.0225,0.0,0.0,0.001,0.044444444444444446,13432.35,77436.35,90868.70000000001,0.0,-0.7043569457910149,-0.0,0.7043569457910149,-0.34325016709315526,-0.6221801769413882,-0.5190087917858812,-0.6207404484035952,-0.3502310726301282,-0.43034457862424563,1.0330838364811232,-1.4844391358204247,0.06211231544739981,-0.43034457862424563,-1.8526713989972707,False,1308327_YES.csv,1308327_YES
1771065660,2026-02-14 10:41:00,7,8.38,0.1927399999999999,0.022999999997255365,0.027534285714285702,,0.0225,0.0,0.0,0.001,0.044444444444444446,13432.35,77436.35,90868.70000000001,0.0,-0.7043569457910149,-0.0,0.7043569457910149,1.4023789311975083,-0.6143494609120187,-0.5172336444432368,-0.5979763854667067,-0.3334725130458554,-0.43034457862424563,1.0204984049385952,0.2707958258422528,0.08904950642603304,-0.43034457862424563,-0.07049924635595978,False,1308327_YES.csv,1308327_YES
1771065720,2026-02-14 10:42:00,3,1.96,0.045079999999999995,0.022999999988265303,0.015026666666666666,,0.0235,0.04444444444444451,0.04444444444444451,0.001,0.0425531914893617,13367.32,61741.65,75108.97,-15759.73000000001,-0.6440552972567724,15759.73000000001,0.6440552972567724,0.030021888338465225,-0.5976349246712914,-0.506610498187856,-0.5754268519597922,4.96390198224826,1.3409165269806396,-0.0917114911228917,-1.0742235345206823,4.296763639165577,1.3409165269806396,4.5634566316255345,False,1308327_YES.csv,1308327_YES
1771065780,2026-02-14 10:43:00,4,2536.943333,55.224129999999995,0.021767979316540006,13.806032499999999,,0.0235,0.0,0.0,0.001,0.0425531914893617,13367.32,61741.65,75108.97,0.0,-0.6440552972567724,-0.0,0.6440552972567724,0.37816489020214206,1.7811023528477066,0.51726608299567,-0.55305492629542,-0.34159934319513824,-0.4542201539814759,-0.07995710983791363,2.6765333260455186,-0.9746113793284717,-0.4542201539814759,1.2477017927355711,False,1308327_YES.csv,1308327_YES
1771065840,2026-02-14 10:44:00,4,19.599999999999998,0.41159999999999997,0.020999999998928574,0.10289999999999999,,0.0235,0.0,0.0,0.001,0.0425531914893617,13367.32,61741.65,75108.97,0.0,-0.6440552972567724,-0.0,0.6440552972567724,0.36129070490579657,-0.601648993795849,-0.5092991830593685,-0.5300494136893684,-0.34159934319513824,-0.4275550933652838,-0.11400816330785096,-0.7496574719494209,-0.9856569201923575,-0.4275550933652838,-2.1628694855070623,False,1308327_YES.csv,1308327_YES
1771065960,2026-02-14 10:46:00,1,1400.0,29.4,0.020999999999985003,29.4,,0.0235,0.0,0.0,0.001,0.0425531914893617,13367.32,61741.65,75108.97,0.0,-0.6440552972567724,-0.0,0.6440552972567724,-0.7142067867480026,0.6435122845826343,1.628290103148544,-0.507707583448708,-0.34159934319513824,-0.4275550933652838,-0.150699918262912,1.5575956009831757,-1.0000068449067583,-0.4275550933652838,0.13003366271113365,False,1308327_YES.csv,1308327_YES
1771066140,2026-02-14 10:49:00,1,130.434781,2.999999,0.02299999261682357,2.999999,,0.0235,0.0,0.0,0.001,0.0425531914893617,13367.32,61741.65,75108.97,0.0,-0.6440552972567724,-0.0,0.6440552972567724,-0.7142067867480026,-0.5021344236873184,-0.31617172903747953,-0.48640670091684735,-0.34159934319513824,-0.4275550933652838,-0.1906351014606202,-1.5325129394728005,-1.0186411455726059,-0.4275550933652838,-2.9787091784106905,False,1308327_YES.csv,1308327_YES
1771066200,2026-02-14 10:50:00,1,1300.0,29.9,0.022999999999982305,29.9,,0.0235,0.0,0.0,0.001,0.0425531914893617,13367.32,61741.65,75108.97,0.0,-0.6440552972567724,-0.0,0.6440552972567724,-0.705920240011176,0.6430583226178284,1.595486926254233,-0.48640670091684735,-0.34159934319513824,-0.406949973243807,-0.1915923546430552,1.5326250088608853,-1.0195983987550408,-0.406949973243807,0.1060766368620375,False,1308327_YES.csv,1308327_YES
1771066320,2026-02-14 10:52:00,1,43.478259,0.999999,0.02299997798847,0.999999,,0.0235,0.0,0.0,0.001,0.0425531914893617,13367.32,61741.65,75108.97,0.0,-0.6440552972567724,-0.0,0.6440552972567724,-0.6977194363407633,-0.6003309119359465,-0.4830981362726627,-0.48640670091684735,-0.34159934319513824,-0.406949973243807,-0.19255017209050207,-1.7811484845493724,-1.0205562162024877,-0.406949973243807,-3.208654673995667,False,1308327_YES.csv,1308327_YES
1771066380,2026-02-14 10:53:00,1,340.74,7.15554,0.02099999999993837,7.15554,,0.0235,0.0,0.0,0.001,0.0425531914893617,13367.32,61741.65,75108.97,0.0,-0.6440552972567724,-0.0,0.6440552972567724,-0.6977194363407633,-0.3402070750061183,-0.04829592821499085,-0.4669305437964964,-0.31125966507643416,-0.37964703253417387,-0.22090891520902792,-1.0862224395618725,-0.9990991240819584,-0.37964703253417387,-2.4649685961780046,False,1308327_YES.csv,1308327_YES
1771066440,2026-02-14 10:54:00,1,43.478259,0.999999,0.02299997798847,0.999999,,0.022,-0.06382978723404265,0.06382978723404265,0.002,0.09090909090909091,23695.13,85735.65000000001,109430.78000000001,34321.81000000001,-0.5669384792834338,0.0,0.5669384792834338,-0.6977194363407633,-0.6069623423190468,-0.49285258111597424,1.7238106125143353,-0.31125966507643416,2.54229525518645,-1.853429691503533,-1.7975343597757842,-0.4408787440656319,2.54229525518645,0.30388215134503405,False,1308327_YES.csv,1308327_YES
1771066560,2026-02-14 10:56:00,1,45.454544,0.999999,0.0219999787035153,0.999999,,0.022,0.0,0.0,0.002,0.09090909090909091,23695.13,85735.65000000001,109430.78000000001,0.0,-0.5669384792834338,-0.0,0.5669384792834338,-0.6896021193397617,-0.5972336015704481,-0.4858925175837453,1.9832633040863412,-0.31125966507643416,-0.4074841203485576,-1.838928665535912,-1.772728238493955,-0.16692502652600494,-0.4074841203485576,-2.3471373853685176,False,1308327_YES.csv,1308327_YES
1771066620,2026-02-14 10:57:00,1,249.99,5.249790000000001,0.020999999999916,5.249790000000001,,0.0215,-0.022727272727272707,0.022727272727272707,0.001,0.04651162790697675,23930.86,84153.19,108084.05,-1346.7300000000105,-0.5571805460657702,1346.7300000000105,0.5571805460657702,-0.6896021193397617,-0.4015225425917841,-0.16117602001954662,-0.4698385885810743,0.160201120837266,0.6446698126107036,-1.9815053536615472,-1.2523006819510925,-2.2911428214053555,0.6446698126107036,-2.8987736907457444,False,1308327_YES.csv,1308327_YES
1771066680,2026-02-14 10:58:00,2,65.454544,1.419999,0.021694429648433648,0.7099995,,0.0215,0.0,0.0,0.001,0.04651162790697675,23930.86,84153.19,108084.05,0.0,-0.5571805460657702,-0.0,0.5571805460657702,-0.3329113679571263,-0.5591625310019172,-0.4849776176093272,-0.44347115652180813,-0.31944507197963784,-0.4065645353796708,-1.9225301811407596,-1.3770515165683705,-2.6854464096422053,-0.4065645353796708,-4.469062461590246,False,1308327_YES.csv,1308327_YES
1771066860,2026-02-14 11:01:00,1,130.43,2.86946,0.021999999999831328,2.86946,,0.0215,0.0,0.0,0.001,0.04651162790697675,23930.86,84153.19,108084.05,0.0,-0.5571805460657702,-0.0,0.5571805460657702,-0.6750489292714777,-0.4869726239364721,-0.3254535783420403,-0.44347115652180813,-0.2897226962434832,-0.3893250048250411,-1.8637400559192407,-1.4874751315499901,-2.596933908684532,-0.3893250048250411,-4.4737340450595635,False,1308327_YES.csv,1308327_YES
1771066920,2026-02-14 11:02:00,1,43.47,0.95634,0.021999999999493907,0.95634,,0.0215,0.0,0.0,0.001,0.04651162790697675,23930.86,84153.19,108084.05,0.0,-0.5571805460657702,-0.0,0.5571805460657702,-0.6750489292714777,-0.5691468813351833,-0.46411498540834756,-0.44347115652180813,-0.2897226962434832,-0.3893250048250411,-1.8088368141455042,-1.7083107960150086,-2.5420306669107955,-0.3893250048250411,-4.639666467750845,False,1308327_YES.csv,1308327_YES
1771066980,2026-02-14 11:03:00,1,71.37,1.57014,0.021999999999691745,1.57014,,0.0225,0.04651162790697683,0.04651162790697683,0.001,0.044444444444444446,18495.75,86518.75,105014.5,-3069.550000000003,-0.6477486442348438,3069.550000000003,0.6477486442348438,-0.6671439986476139,-0.5381526425905032,-0.4170715561001785,-0.44347115652180813,0.8269608990785546,1.6912304806436758,-0.07793917934847477,-1.6223681973382955,0.30555056320827173,1.6912304806436758,0.37441284651365203,False,1308327_YES.csv,1308327_YES
1771067100,2026-02-14 11:05:00,2,90.92999999999999,2.00046,0.021999999999758057,1.00023,,0.0225,0.0,0.0,0.001,0.044444444444444446,18495.75,86518.75,105014.5,0.0,-0.6477486442348438,-0.0,0.6477486442348438,-0.3129082471533056,-0.5204792278840468,-0.45899691371115836,-0.44347115652180813,-0.28037586650299245,-0.41521092928393183,-0.05392117546602094,-1.292384388748511,-0.7777681984908216,-0.41521092928393183,-2.485363516523264,False,1308327_YES.csv,1308327_YES
1771067160,2026-02-14 11:06:00,2,84.273333,2.02068,0.023977691732876186,1.01034,,0.023,0.022222222222222143,0.022222222222222143,0.002,0.08695652173913043,18131.52,88320.53,106452.05,1437.550000000003,-0.659348598735299,0.0,0.659348598735299,-0.3197600191285947,-0.5208475410837632,-0.4587480393839052,2.0929173491338764,-0.28037586650299245,0.5736480035745808,0.20046278347863244,-1.2993555995962631,2.013004266109516,0.5736480035745808,1.2872966700878339,False,1308327_YES.csv,1308327_YES
1771067220,2026-02-14 11:07:00,1,0.02,0.0004399999999999,0.021999998900000053,0.0004399999999999,,0.023,0.0,0.0,0.002,0.08695652173913043,18131.52,88320.53,106452.05,0.0,-0.659348598735299,-0.0,0.659348598735299,-0.6671439986476139,-0.6056091494791843,-0.530371488443448,1.9832633040863403,-0.28037586650299245,-0.4313990299225512,0.21117959514502585,-1.8031246365702462,1.9140670327283738,-0.4313990299225512,-0.3204566337644237,False,1308327_YES.csv,1308327_YES
1771067340,2026-02-14 11:09:00,1,657.61,14.46742,0.021999999999966543,14.46742,,0.0225,-0.021739130434782594,0.021739130434782594,0.001,0.044444444444444446,23233.4,96997.1,120230.5,13778.449999999997,-0.6135190321923306,0.0,0.6135190321923306,-0.6671439986476139,0.006126841015679908,0.5020223511978156,-0.49581582602158536,-0.28037586650299245,0.5349491003737769,-0.6912508206731696,-0.15899480643411834,-1.4674425131977473,0.5349491003737769,-1.0914882192580886,False,1308327_YES.csv,1308327_YES
1771067400,2026-02-14 11:10:00,2,427.468259,9.447779,0.02210170884284977,4.7238895,,0.0225,0.0,0.0,0.001,0.044444444444444446,23233.4,96997.1,120230.5,0.0,-0.6135190321923306,-0.0,0.6135190321923306,-0.3197600191285947,-0.2163346496486717,-0.20802063833294474,-0.4958158260215848,-0.28037586650299245,-0.447398092207918,-0.6673710660847378,-0.7441153071102111,-1.4435627586093152,-0.447398092207918,-2.635076157927444,False,1308327_YES.csv,1308327_YES
1771067520,2026-02-14 11:12:00,1,200.0,4.4,0.02199999999989,4.4,,0.0225,0.0,0.0,0.001,0.044444444444444446,21718.89,97132.39,118851.28,-1379.2200000000012,-0.6345198806441126,1379.2200000000012,0.6345198806441126,-0.6750489292714777,-0.43694948984055426,-0.23595979143510462,-0.4958158260215848,0.23371666255851972,-0.447398092207918,-0.22445298892650029,-1.3479582105471366,-0.48655215238956534,-0.447398092207918,-2.28190845514462,False,1308327_YES.csv,1308327_YES
1771067580,2026-02-14 11:13:00,1,90.909089,1.999999,0.0219999894617577,1.999999,,0.0225,0.0,0.0,0.001,0.044444444444444446,21718.89,97132.39,118851.28,0.0,-0.6345198806441126,-0.0,0.6345198806441126,-0.6750489292714777,-0.5407061246950117,-0.4104385887425241,-0.4958158260215848,-0.2891483165382289,-0.447398092207918,-0.20669569958390208,-1.6261936427090136,-0.9916598421437158,-0.447398092207918,-3.065251577060647,False,1308327_YES.csv,1308327_YES
1771067760,2026-02-14 11:16:00,2,1664.782607,38.289999,0.022999999422733612,19.1449995,,0.0225,0.0,0.0,0.001,0.044444444444444446,21718.89,97132.39,118851.28,0.0,-0.6345198806441126,-0.0,0.6345198806441126,-0.3197600191285947,0.9939365664529987,0.8096656813653417,-0.4958158260215848,-0.2891483165382289,-0.447398092207918,-0.18876541505809233,1.4838422286897455,-0.973729557617906,-0.447398092207918,0.06271457886392146,False,1308327_YES.csv,1308327_YES
1771067880,2026-02-14 11:18:00,1,1818.181817,40.0,0.022000000014287903,40.0,,0.022,-0.022222222222222254,0.022222222222222254,0.002,0.09090909090909091,21314.57,109266.59,130581.16,11729.880000000005,-0.6735429521379653,0.0,0.6735429521379653,-0.6607133200982314,1.1047245715100182,2.2092058080567933,1.8855047613649834,-0.2891483165382289,0.5396174835815124,0.6285104037845161,2.65321705946858,2.2248668486112706,0.5396174835815124,5.417701391661363,False,1308327_YES.csv,1308327_YES
1771067940,2026-02-14 11:19:00,18,17853.14,358.78772,0.020096617177705414,19.93265111111111,,0.022,0.0,0.0,0.002,0.09090909090909091,21314.57,109266.59,130581.16,0.0,-0.6735429521379653,-0.0,0.6735429521379653,4.584620678263612,6.875784674179425,0.7921101643385406,1.7974850155019229,-0.2891483165382289,-0.45107662345939326,0.6031935380672621,12.252515516781576,2.111530237030956,-0.45107662345939326,13.91296913035314,True,1308327_YES.csv,1308327_YES
1771068000,2026-02-14 11:20:00,3,228.159089,4.744999,0.02079688791174651,1.5816663333333334,,0.022,0.0,0.0,0.002,0.09090909090909091,21314.57,109266.59,130581.16,0.0,-0.6735429521379653,-0.0,0.6735429521379653,-0.005104523253367531,-0.2831882437187402,-0.45809898190056114,1.7175564037321638,-0.2891483165382289,-0.45107662345939326,0.57798605449357,-0.7463917488726688,2.0063941416875046,-0.45107662345939326,0.8089257693554426,False,1308327_YES.csv,1308327_YES
1771068060,2026-02-14 11:21:00,1,1539.28,30.7856,0.019999999999987007,30.7856,,0.0205,-0.06818181818181812,0.06818181818181812,0.001,0.04878048780487805,12610.03,126980.28,139590.31,9009.149999999994,-0.8193280034982371,0.0,0.8193280034982371,-0.6176473136574734,0.24238678439388459,1.7008169371439221,-0.5725188012440551,-0.2891483165382289,2.8090723633037507,3.313268700898357,1.3255564078803332,2.451601583116073,2.8090723633037507,6.586230354300157,False,1308327_YES.csv,1308327_YES
1771068180,2026-02-14 11:23:00,5,77.825238,1.6146000000000003,0.020746483293494735,0.32292000000000004,,0.0205,0.0,0.0,0.001,0.04878048780487805,12610.03,126980.28,139590.31,0.0,-0.8193280034982371,-0.0,0.8193280034982371,0.5872069200418796,-0.35027276594431417,-0.5543360863066733,-0.5725188012440551,-0.2816840213978831,-0.4833918024561199,2.998911854276266,-0.3174019322091079,2.144709031634328,-0.4833918024561199,1.3439152969691,False,1308327_YES.csv,1308327_YES
1771068300,2026-02-14 11:25:00,4,48.949045999999996,1.026559,0.020971991976698127,0.25663975,,0.0205,0.0,0.0,0.001,0.04878048780487805,12610.03,126980.28,139590.31,0.0,-0.8193280034982371,-0.0,0.8193280034982371,0.27071194562731876,-0.33594221213143555,-0.546456757459547,-0.5725188012440551,-0.2816840213978831,-0.4833918024561199,2.7521868932969893,-0.6116870239636638,1.897984070655051,-0.4833918024561199,0.8029052442352673,False,1308327_YES.csv,1308327_YES
1771068360,2026-02-14 11:26:00,11,7280.05476,148.43973900000003,0.02038992066592362,13.49452172727273,,0.0205,0.0,0.0,0.001,0.04878048780487805,12610.03,126980.28,139590.31,0.0,-0.8193280034982371,-0.0,0.8193280034982371,2.2660500672845556,2.560147814773348,0.6944502374910501,-0.5725188012440551,-0.2816840213978831,-0.4833918024561199,2.5513670827342896,5.520648119548953,1.6971642600923513,-0.4833918024561199,6.734420577185185,False,1308327_YES.csv,1308327_YES
1771068420,2026-02-14 11:27:00,1,4.26,0.08094,0.018999999995539908,0.08094,,0.0195,-0.04878048780487809,0.04878048780487809,0.001,0.05128205128205128,11819.35,127360.66,139180.01,-410.29999999998836,-0.8301573623970856,410.29999999998836,0.8301573623970856,-0.6639014644151873,-0.3615862842936387,-0.5757759106031909,-0.5725188012440551,-0.07683572547987838,2.395652045892148,2.5417392592638155,-1.6012636593120169,1.892384732539882,2.395652045892148,2.686773119120013,False,1308327_YES.csv,1308327_YES
1771068480,2026-02-14 11:28:00,2,0.32,0.0060799999999999,0.018999999940624998,0.00303999999999995,,0.0195,0.0,0.0,0.001,0.05128205128205128,11819.35,127360.66,139180.01,0.0,-0.8301573623970856,-0.0,0.8301573623970856,-0.37685929844689153,-0.3619613583319266,-0.5772392305328407,-0.5725188012440551,-0.24918138680819713,-0.48306075345330507,2.3878312605242185,-1.316059887311659,1.5661310724719661,-0.48306075345330507,-0.23298956829299783,False,1308327_YES.csv,1308327_YES
1771068540,2026-02-14 11:29:00,2,100.0,2.0,0.0199999999998,1.0,,0.0195,0.0,0.0,0.001,0.05128205128205128,11819.35,127360.66,139180.01,0.0,-0.8301573623970856,-0.0,0.8301573623970856,-0.3625608627454708,-0.31559147697953194,-0.4757375526657926,-0.5725188012440546,-0.24918138680819713,-0.48306075345330507,2.2505016727769758,-1.1538898923907952,1.428801484724724,-0.48306075345330507,-0.20814916111937637,False,1308327_YES.csv,1308327_YES
1771068660,2026-02-14 11:31:00,2,6000.0,112.97257,0.01882876166666353,56.486285,,0.0195,0.0,0.0,0.001,0.05128205128205128,11819.35,127360.66,139180.01,0.0,-0.8301573623970856,-0.0,0.8301573623970856,-0.34830913336904423,1.783983609415084,4.013819379424019,-0.5725188012440546,-0.24918138680819713,-0.48306075345330507,2.130585181521753,5.449493855470059,1.3088849934695013,-0.48306075345330507,6.275318095486255,False,1308327_YES.csv,1308327_YES
1771068780,2026-02-14 11:33:00,1,1308.3345,25.0,0.019108263215546796,25.0,,0.018,-0.07692307692307698,0.07692307692307698,0.002,0.11111111111111112,43938.59,65473.05,109411.64,-29768.37000000001,-0.19682055766644213,29768.37000000001,0.19682055766644213,-0.636186223669517,0.09187498000855733,1.4095146439707775,1.7175564037321638,6.438905596773007,3.559742488119596,-4.754237433660462,0.8652034003098178,3.4022245668447084,3.559742488119596,7.827170455274121,False,1308327_YES.csv,1308327_YES
1771068840,2026-02-14 11:34:00,2,760.24,15.02408,0.019762285593996946,7.51204,,0.018,0.0,0.0,0.002,0.11111111111111112,43938.59,65473.05,109411.64,0.0,-0.19682055766644213,-0.0,0.19682055766644213,-0.34830913336904423,-0.1042740089417186,0.004541705921598186,1.7175564037321638,-0.24457928535438908,-0.477457043608623,-3.9867702066438584,-0.4480414363891646,-2.513793088266084,-0.477457043608623,-3.439291568263872,False,1308327_YES.csv,1308327_YES
1771068900,2026-02-14 11:35:00,3,969.473684,18.21,0.01878338762620932,6.07,,0.018,0.0,0.0,0.002,0.11111111111111112,43938.59,65473.05,109411.64,0.0,-0.19682055766644213,-0.0,0.19682055766644213,-0.049081053994175346,-0.047365486499012434,-0.11746360581469298,1.7175564037321638,-0.24457928535438908,-0.477457043608623,-3.486780791427247,-0.21391014630788074,-2.0138036730494724,-0.477457043608623,-2.7051708629659763,False,1308327_YES.csv,1308327_YES
1771068960,2026-02-14 11:36:00,2,2502.0257890000003,47.830000000000005,0.019116509594050732,23.915000000000003,,0.0185,0.0277777777777779,0.0277777777777779,0.003,0.16216216216216217,49939.74,69501.09,119440.82999999999,10029.189999999988,-0.16377439774991517,0.0,0.16377439774991517,-0.3383320394430083,0.5057991379988351,1.267275587403665,3.5012476093219664,-0.24457928535438908,0.9708748379147824,-3.3148365279710568,1.4347426859594918,-0.05816820400347922,0.9708748379147824,2.347449319870795,False,1308327_YES.csv,1308327_YES
1771069140,2026-02-14 11:39:00,2,939.47,16.420990000000003,0.017478993475025836,8.210495000000002,,0.0185,0.0,0.0,0.003,0.16216216216216217,50139.74,70409.85,120549.59,1108.7600000000093,-0.16814748187861947,0.0,0.16814748187861947,-0.31039133368538235,-0.09762934437362326,0.01234789952309523,3.1375067036334507,-0.24457928535438908,-0.48062854589673165,-2.9714899107768513,-0.3956727785359104,-0.07856249249778946,-0.48062854589673165,-0.9548638169304315,False,1308327_YES.csv,1308327_YES
1771069440,2026-02-14 11:44:00,2,9479.08,157.44089000000002,0.01660930069162654,78.72044500000001,,0.0185,0.0,0.0,0.003,0.16216216216216217,50139.74,70409.85,120549.59,0.0,-0.16814748187861947,-0.0,0.16814748187861947,-0.2792722872476265,2.448213659342236,4.471492517678668,2.8590955704414958,-0.24457928535438908,-0.48062854589673165,-2.7261851123212746,6.640433889773278,-0.11166882723416771,-0.48062854589673165,6.048136516642378,False,1308327_YES.csv,1308327_YES
1771069560,2026-02-14 11:46:00,1,10.0,0.16,0.0159999999984,0.16,,0.0185,0.0,0.0,0.003,0.16216216216216217,50139.74,70409.85,120549.59,0.0,-0.16814748187861947,-0.0,0.16814748187861947,-0.6218553849973373,-0.4195896512662393,-0.5859612152678493,2.6365322450123467,-0.24457928535438908,-0.48062854589673165,-2.5264546572096025,-1.6274062515314258,-0.13450169755164465,-0.48062854589673165,-2.2425364949798023,False,1308327_YES.csv,1308327_YES
1771069620,2026-02-14 11:47:00,1,3050.555554,54.909999,0.0179999996813636,54.909999,,0.0185,0.0,0.0,0.003,0.16216216216216217,50139.74,70409.85,120549.59,0.0,-0.16814748187861947,-0.0,0.16814748187861947,-0.6081047067318957,0.5616199563876828,2.700030410177558,2.4528894525982876,-0.24457928535438908,-0.48062854589673165,-2.3593406935165895,2.653545659833345,-0.15103052627269076,-0.48062854589673165,2.0218865876639227,False,1308327_YES.csv,1308327_YES
1771069920,2026-02-14 11:52:00,1,277.777776,4.999999,0.0179999965151351,4.999999,,0.0185,0.0,0.0,0.003,0.16216216216216217,50139.74,70409.85,120549.59,0.0,-0.16814748187861947,-0.0,0.16814748187861947,-0.5945292284362499,-0.3488065054993573,-0.31783000314111953,2.2976589170435875,-0.24457928535438908,-0.48062854589673165,-2.2164818862411213,-1.2611657370767269,-0.1634022545519227,-0.48062854589673165,-1.9051965375253812,False,1308327_YES.csv,1308327_YES
1771070040,2026-02-14 11:54:00,2,5582.483332999999,100.45554999999999,0.017994778310604913,50.227774999999994,,0.017,-0.08108108108108092,0.08108108108108092,0.002,0.11764705882352941,46673.64,53232.18,99905.82,-20643.76999999999,-0.0656472265579723,20643.76999999999,0.0656472265579723,-0.22488804050930838,1.3410869596730821,2.2674715585345178,0.7893682982177214,3.754576891426291,3.3229727607369126,-2.5514997520060065,3.3836704776982915,1.9924454376380059,3.3229727607369126,8.69908867607321,False,1308327_YES.csv,1308327_YES
1771070100,2026-02-14 11:55:00,1,200.0,3.6,0.017999999999909998,3.6,,0.017,0.0,0.0,0.002,0.11764705882352941,46673.64,53232.18,99905.82,0.0,-0.0656472265579723,-0.0,0.0656472265579723,-0.5666466583102286,-0.39826640772613947,-0.43618800696248294,0.7639917169890421,-0.2801562908395706,-0.4970082479529917,-2.3808544537023097,-1.4011010729988511,-1.8970190275528382,-0.4970082479529917,-3.795128348504681,False,1308327_YES.csv,1308327_YES
1771070160,2026-02-14 11:56:00,2,1537.28263,27.999998999999995,0.018213956531845873,13.999999499999998,,0.017,0.0,0.0,0.002,0.11764705882352941,46673.64,53232.18,99905.82,0.0,-0.0656472265579723,-0.0,0.0656472265579723,-0.19122731731493914,0.03215149876802656,0.15417567860485104,0.7391185942028519,-0.2801562908395706,-0.4970082479529917,-2.2369413753436076,-0.004900139942061538,-1.7779790719803263,-0.4970082479529917,-2.2798874598753796,False,1308327_YES.csv,1308327_YES
1771070520,2026-02-14 12:02:00,1,52.631577,0.999999,0.0189999817026383,0.999999,,0.017,0.0,0.0,0.002,0.11764705882352941,46673.64,53232.18,99905.82,0.0,-0.0656472265579723,-0.0,0.0656472265579723,-0.5257244841831105,-0.451526654245321,-0.6024793171542223,0.7147019287962009,-0.2801562908395706,-0.4970082479529917,-2.1119454515225873,-1.579730455582654,-1.6773998135659571,-0.4970082479529917,-3.7541385171016026,False,1308327_YES.csv,1308327_YES
1771070640,2026-02-14 12:04:00,1,104.736842,1.99,0.01900000001891399,1.99,,0.017,0.0,0.0,0.002,0.11764705882352941,46673.64,53232.18,99905.82,0.0,-0.0656472265579723,-0.0,0.0656472265579723,-0.5074035851078446,-0.43427101042909844,-0.5472927155549034,0.6906972609405062,-0.2801562908395706,-0.4970082479529917,-2.0018552400655487,-1.4889673110918464,-1.591314269964613,-0.4970082479529917,-3.577289829009451,False,1308327_YES.csv,1308327_YES
1771070700,2026-02-14 12:05:00,1,4.06,0.06902,0.01699999999581281,0.06902,,0.017,0.0,0.0,0.002,0.11764705882352941,46673.64,53232.18,99905.82,0.0,-0.0656472265579723,-0.0,0.0656472265579723,-0.49408705197598524,-0.4490559300648961,-0.636649347359891,0.6670622662384608,-0.26197620640798475,-0.4720449143633798,-1.9026487346860388,-1.5797923294007723,-1.4975626748555628,-0.4720449143633798,-3.5493999186197147,False,1308327_YES.csv,1308327_YES
1771070760,2026-02-14 12:06:00,1,500.0,9.5,0.018999999999962,9.5,,0.018,0.0588235294117645,0.0588235294117645,0.002,0.11111111111111112,49928.740000000005,65154.47,115083.21,15177.39,-0.13230192310416086,0.0,0.13230192310416086,-0.49408705197598524,-0.2819271147063847,-0.09613802135766641,0.643756380659108,-0.26197620640798475,2.208151200312747,-1.5660062241204988,-0.8721521880400362,-1.1842260498693755,2.208151200312747,0.15177296240333504,False,1308327_YES.csv,1308327_YES
1771070820,2026-02-14 12:07:00,1,1052.631577,19.999999000000003,0.01899999908513185,19.999999000000003,,0.018,0.0,0.0,0.002,0.11111111111111112,49928.740000000005,65154.47,115083.21,0.0,-0.13230192310416086,-0.0,0.13230192310416086,-0.48089035819445514,-0.0976977626529967,0.5000680312122324,0.6207404484035945,-0.26197620640798475,-0.4977417538566973,-1.5053000840801432,-0.07852008963521939,-1.1465358420845333,-0.4977417538566973,-1.72279768557645,False,1308327_YES.csv,1308327_YES
1771070880,2026-02-14 12:08:00,1,52.631577,0.999999,0.0189999817026383,0.999999,,0.018,0.0,0.0,0.002,0.11111111111111112,49928.740000000005,65154.47,115083.21,0.0,-0.13230192310416086,-0.0,0.13230192310416086,-0.47377199256385694,-0.4407348834320931,-0.6121741156135279,0.5979763854667061,-0.26197620640798475,-0.4977417538566973,-1.448711118434238,-1.526680991609478,-1.1127109393755168,-0.4977417538566973,-3.137133684841692,False,1308327_YES.csv,1308327_YES
1771071120,2026-02-14 12:12:00,3,1864.5287600000001,35.999999,0.019307827142328756,11.999999666666668,,0.0185,0.0277777777777779,0.0277777777777779,0.001,0.05405405405405406,21456.81,73088.51000000001,94545.32,-20537.89,-0.5461052963806141,20537.89,0.5461052963806141,0.2679123098643428,0.1833772428607265,0.02281349362368436,-0.8690366277650321,3.338161912943967,0.7736063141421091,0.14511721563999774,0.47410304634875367,2.6142425008189325,0.7736063141421091,3.8619518613097954,False,1308327_YES.csv,1308327_YES
1771071180,2026-02-14 12:13:00,1,29.0,0.58,0.019999999999310344,0.58,,0.0185,0.0,0.0,0.001,0.05405405405405406,21456.81,73088.51000000001,94545.32,0.0,-0.5461052963806141,-0.0,0.5461052963806141,-0.46669971474689254,-0.4504416240020348,-0.6385638445887396,-0.8418352670157568,-0.29618887722613885,-0.5005933231916316,0.14777634526069683,-1.555705183337667,-0.9902477989811989,-0.5005933231916316,-3.0465463055104975,False,1308327_YES.csv,1308327_YES
1771071240,2026-02-14 12:14:00,1,250.0,5.0,0.019999999999920002,5.0,,0.0185,0.0,0.0,0.001,0.05405405405405406,21456.81,73088.51000000001,94545.32,0.0,-0.5461052963806141,-0.0,0.5461052963806141,-0.445116563923618,-0.36945002036388735,-0.3837908453141415,-0.8152983254025632,-0.29618887722613885,-0.5005933231916316,0.15583476496593207,-1.1983574296016468,-0.9556524376627701,-0.5005933231916316,-2.6546031904560485,False,1308327_YES.csv,1308327_YES
1771071360,2026-02-14 12:16:00,1,1000.0,20.0,0.01999999999998,20.0,,0.0185,0.0,0.0,0.001,0.05405405405405406,21456.81,73088.51000000001,94545.32,0.0,-0.5461052963806141,-0.0,0.5461052963806141,-0.4381386440928743,-0.09957892473064897,0.4829333292874482,-0.7893682982177215,-0.29618887722613885,-0.5005933231916316,0.16395199963939575,-0.054784239536075086,-0.9216051758044647,-0.5005933231916316,-1.4769827385321714,False,1308327_YES.csv,1308327_YES
1771071420,2026-02-14 12:17:00,3,3571.47,71.38593,0.019987828541183326,23.79531,,0.0185,0.0,0.0,0.001,0.05405405405405406,21456.81,73088.51000000001,94545.32,0.0,-0.5461052963806141,-0.0,0.5461052963806141,0.30070160614585506,0.8178338718903088,0.7495851556937996,-0.763991716989042,-0.29618887722613885,-0.5005933231916316,0.17213035727745118,1.8681206337299634,-0.8880502369377298,-0.5005933231916316,0.479477073600602,False,1308327_YES.csv,1308327_YES
1771071480,2026-02-14 12:18:00,3,323.07,6.4383300000000006,0.019928591326895322,2.14611,,0.0195,0.05405405405405417,0.05405405405405417,0.001,0.05128205128205128,16160.35,71416.58,87576.93000000001,-6968.389999999999,-0.6309450445454071,6968.389999999999,0.6309450445454071,0.2942315592983862,-0.3516201647993292,-0.5575247282239284,-0.763991716989042,0.9400359037041895,1.8967024184915258,0.5080554243494456,-0.6149133337248714,0.6840996110645932,1.8967024184915258,1.9658886958312474,False,1308327_YES.csv,1308327_YES
1771071540,2026-02-14 12:19:00,1,673.0,13.46,0.019999999999970285,13.46,,0.0195,0.0,0.0,0.001,0.05128205128205128,16160.35,71416.58,87576.93000000001,0.0,-0.6309450445454071,-0.0,0.6309450445454071,-0.44997616714771976,-0.22960837864292905,0.1124134778409129,-0.763991716989042,-0.2950621000815447,-0.5098365889911783,0.514456183896513,-0.5671710679497359,-0.5445976331740737,-0.5098365889911783,-1.6216052901149882,False,1308327_YES.csv,1308327_YES
1771071600,2026-02-14 12:20:00,2,634.61,12.06154,0.01900622429520649,6.03077,,0.0195,0.0,0.0,0.001,0.05128205128205128,16160.35,71416.58,87576.93000000001,0.0,-0.6309450445454071,-0.0,0.6309450445454071,-0.04502199077205131,-0.25872037980226664,-0.3450616991325649,-0.763991716989042,-0.2950621000815447,-0.5098365889911783,0.5209153427878666,-0.6488040697068829,-0.5381384742827202,-0.5098365889911783,-1.6967791329807813,False,1308327_YES.csv,1308327_YES
1771071900,2026-02-14 12:25:00,1,500.0,10.0,0.01999999999996,10.0,,0.0195,0.0,0.0,0.001,0.05128205128205128,16160.35,71416.58,87576.93000000001,0.0,-0.6309450445454071,-0.0,0.6309450445454071,-0.4178504581704909,-0.29927349555170574,-0.11430692827318806,-0.763991716989042,-0.26290224027726133,-0.48499413065069247,0.5220212458775406,-0.8314308819953846,-0.5048727113887628,-0.48499413065069247,-1.8212977240348398,False,1308327_YES.csv,1308327_YES
1771071960,2026-02-14 12:26:00,4,2350.0,47.0,0.01999999999999149,11.75,,0.0195,0.0,0.0,0.001,0.05128205128205128,16160.35,71416.58,87576.93000000001,0.0,-0.6309450445454071,-0.0,0.6309450445454071,0.7392738875324067,0.3721666088927669,-0.005346803996525307,-0.763991716989042,-0.26290224027726133,-0.48499413065069247,0.5231287153397814,1.1060936924286484,-0.503765241926522,-0.48499413065069247,0.117334319851434,False,1308327_YES.csv,1308327_YES
1771072020,2026-02-14 12:27:00,2,100.0,2.0,0.0199999999998,1.0,,0.0195,0.0,0.0,0.001,0.05128205128205128,15371.89,70941.13,86313.02,-1263.9100000000035,-0.6438106325094407,1263.9100000000035,0.6438106325094407,-0.019376825643663657,-0.44241988333511434,-0.6632395228155051,-0.763991716989042,-0.029873947831592692,-0.48499413065069247,0.5736568473391436,-1.125036231794283,-0.22020881748149113,-0.48499413065069247,-1.8302391799264666,False,1308327_YES.csv,1308327_YES
1771072140,2026-02-14 12:29:00,2,1474.5,29.49,0.019999999999986435,14.745,,0.0195,0.0,0.0,0.001,0.05128205128205128,15371.89,70941.13,86313.02,0.0,-0.6438106325094407,-0.0,0.6438106325094407,-0.02587256476352327,0.05493267999983991,0.1935657209805617,-0.763991716989042,-0.2670092145057701,-0.48499413065069247,0.5736782177038741,0.22262583621687834,-0.45732271379093803,-0.48499413065069247,-0.7196910082247522,False,1308327_YES.csv,1308327_YES
1771072200,2026-02-14 12:30:00,2,2132.79,42.455799999999996,0.01990622611695483,21.227899999999998,,0.0195,0.0,0.0,0.001,0.05128205128205128,15371.89,72211.41,87583.3,1270.2799999999988,-0.6489766884782829,0.0,0.6489766884782829,-0.03238828155839187,0.2778728787481407,0.5746324080462513,-0.763991716989042,-0.2670092145057701,-0.48499413065069247,0.5935235852770486,0.8201170052360001,-0.43747734621776346,-0.48499413065069247,-0.10235447163245587,False,1308327_YES.csv,1308327_YES
1771072260,2026-02-14 12:31:00,1,7.92,0.16632,0.020999999997348483,0.16632,,0.0195,0.0,0.0,0.001,0.05128205128205128,15371.89,72211.41,87583.3,0.0,-0.6489766884782829,-0.0,0.6489766884782829,-0.4210476602590936,-0.4780466048327034,-0.6984735779160931,-0.763991716989042,-0.2670092145057701,-0.48499413065069247,0.593088308603996,-1.5975678430078901,-0.4379126228908161,-0.48499413065069247,-2.5204745965493984,False,1308327_YES.csv,1308327_YES
1771072320,2026-02-14 12:32:00,16,1239.811425,26.015808,0.02098368144976483,1.625988,,0.0195,0.0,0.0,0.001,0.05128205128205128,15371.89,72211.41,87583.3,0.0,-0.6489766884782829,-0.0,0.6489766884782829,4.3613842321454035,-0.018415911121842227,-0.6087486315935604,-0.763991716989042,-0.2670092145057701,-0.48499413065069247,0.592653282264164,3.734219689430001,-0.43834764923064806,-0.48499413065069247,2.8108779095486605,False,1308327_YES.csv,1308327_YES
1771072380,2026-02-14 12:33:00,2,0.27,0.0054,0.019999999925925924,0.0027,,0.0205,0.05128205128205132,0.05128205128205132,0.001,0.04878048780487805,13034.15,90330.83,103364.98,15781.679999999993,-0.7478033662851772,0.0,0.7478033662851772,-0.11185661210032127,-0.4867839762281782,-0.6996248644418103,-0.7639917169890423,-0.2670092145057701,1.75363250385629,0.9684657295683848,-1.29826545277031,-0.0625352019264277,1.75363250385629,0.3928318491595526,False,1308327_YES.csv,1308327_YES
1771072500,2026-02-14 12:35:00,5,1089.089046,22.829399000000002,0.020961921418479627,4.5658798,,0.0205,0.0,0.0,0.001,0.04878048780487805,13034.15,90330.83,103364.98,0.0,-0.7478033662851772,-0.0,0.7478033662851772,0.8221052574384368,-0.08061675317562389,-0.42174044898202223,-0.7391185942028523,-0.2670092145057701,-0.4855693289993517,0.9497985866242904,0.31974805528079064,-0.05632922208433211,-0.4855693289993517,-0.22215049580289314,False,1308327_YES.csv,1308327_YES
1771072560,2026-02-14 12:36:00,8,337.918095,7.0886000000000005,0.02097727261388303,0.8860750000000001,,0.0205,0.0,0.0,0.001,0.04878048780487805,12982.81,89052.31,102035.12,-1329.8600000000006,-0.745522718060213,1329.8600000000006,0.745522718060213,1.698836910946051,-0.36803011432253047,-0.6497542340811567,-0.714701928796201,-0.021672097010368655,-0.4855693289993517,0.9230726539759392,0.6810525625423639,0.18669862816936955,-0.4855693289993517,0.3821818617123818,False,1308327_YES.csv,1308327_YES
1771072620,2026-02-14 12:37:00,8,1357.159046,27.490799,0.020256136582520883,3.436349875,,0.0205,0.0,0.0,0.001,0.04878048780487805,12982.81,89052.31,102035.12,0.0,-0.745522718060213,-0.0,0.745522718060213,1.627378619105216,-0.004701905565274006,-0.48934689425285666,-0.714701928796201,-0.2669562343244614,-0.4684610457885155,0.9048490308815417,1.1333298192870853,-0.07680913223912078,-0.4684610457885155,0.5880596412594492,False,1308327_YES.csv,1308327_YES
1771072680,2026-02-14 12:38:00,2,337.23,6.7446,0.019999999999940694,3.3723,,0.0205,0.0,0.0,0.001,0.04878048780487805,12982.81,89052.31,102035.12,0.0,-0.745522718060213,-0.0,0.745522718060213,-0.19771889764829725,-0.3834058335484758,-0.49686628101733704,-0.7147019287962006,-0.2669562343244614,-0.4684610457885155,0.8870375279135553,-1.07799101221411,-0.09462063520710673,-0.4684610457885155,-1.6410726932097324,False,1308327_YES.csv,1308327_YES
1771072740,2026-02-14 12:39:00,4,48.669046,1.0190789999999998,0.020938955737473477,0.25476974999999996,,0.0195,-0.04878048780487809,0.04878048780487809,0.003,0.15384615384615385,20030.23,88740.12,108770.34999999999,6735.229999999996,-0.6316968732747482,0.0,0.6316968732747482,0.3957637759875382,-0.48678313597643574,-0.686468760943789,2.116365124870492,-0.2669562343244614,1.7098750680609556,0.4494235032789678,-0.7774881209326865,2.298832393824999,1.7098750680609556,3.2312193409532677,False,1308327_YES.csv,1308327_YES
1771072860,2026-02-14 12:41:00,1,50.0,1.0,0.0199999999996,1.0,,0.0195,0.0,0.0,0.003,0.15384615384615385,20030.23,88740.12,108770.34999999999,0.0,-0.6316968732747482,-0.0,0.6316968732747482,-0.5175372455221655,-0.48714624354200065,-0.6403657558702386,2.0052402985133395,-0.2669562343244614,-0.49410356167216934,0.4440647183259347,-1.6450492449344045,2.1823487825148127,-0.49410356167216934,0.043195975908238815,False,1308327_YES.csv,1308327_YES
1771072920,2026-02-14 12:42:00,6,18998.76619,398.26164,0.02096250019696563,66.37694,,0.019,-0.02564102564102566,0.02564102564102566,0.002,0.10526315789473685,20708.28,67557.48,88265.76,-20504.589999999997,-0.5307743342378743,20504.589999999997,0.5307743342378743,0.9734806474655617,4.998528792263294,3.0692222275094454,0.6004035760098217,3.2016515222813253,0.6928980976479922,0.06949446161341126,9.041231667238302,3.871549559904558,0.6928980976479922,13.605679324790852,True,1308327_YES.csv,1308327_YES
1771072980,2026-02-14 12:43:00,2,67.040476,1.4061499999999998,0.020974642244172333,0.7030749999999999,,0.019,0.0,0.0,0.002,0.10526315789473685,20708.28,67557.48,88265.76,0.0,-0.5307743342378743,-0.0,0.5307743342378743,-0.23706523539316782,-0.4533839018737371,-0.6658522552837918,0.578725148457291,-0.29193700022032587,-0.48737960519762147,0.0770629355075518,-1.3563013925506966,0.3638510837445169,-0.48737960519762147,-1.4798299140038012,False,1308327_YES.csv,1308327_YES
1771073040,2026-02-14 12:44:00,4,27948.653,417.4936399999999,0.014937880548303459,104.37340999999998,,0.019,0.0,0.0,0.002,0.10526315789473685,20708.28,67557.48,88265.76,0.0,-0.5307743342378743,-0.0,0.5307743342378743,0.3578976592156425,4.281228002650664,4.26659113308112,0.578725148457291,-0.29193700022032587,-0.47059719213913215,0.08544266695492302,8.905716794947427,0.3722308151918881,-0.47059719213913215,8.807350418000182,False,1308327_YES.csv,1308327_YES
1771073100,2026-02-14 12:45:00,1,50.0,1.0,0.0199999999996,1.0,,0.017,-0.10526315789473673,0.10526315789473673,0.004,0.23529411764705882,34702.64,50205.16,84907.8,-3357.959999999992,-0.1825806345235656,3357.959999999992,0.1825806345235656,-0.5494485190775359,-0.4592945465878626,-0.6221174432011317,3.043382271208122,0.2706873183077249,3.747757336056787,-1.2002226594360443,-1.63086050886653,2.113846930079802,3.747757336056787,4.230743757270059,False,1308327_YES.csv,1308327_YES
1771073160,2026-02-14 12:46:00,3,1549.5,30.990000000000002,0.019999999999987094,10.33,,0.017,0.0,0.0,0.004,0.23529411764705882,34702.64,50205.16,84907.8,0.0,-0.1825806345235656,-0.0,0.1825806345235656,0.04548499649446456,-0.12115191439166768,-0.1774476304162166,2.7877419852534855,-0.3015036388350697,-0.46614264324065685,-1.1612149982448305,-0.25311454831341973,1.3250233481735854,-0.46614264324065685,0.6057661566195089,False,1308327_YES.csv,1308327_YES
1771073220,2026-02-14 12:47:00,2,1300.0,26.0,0.019999999999984617,13.0,,0.017,0.0,0.0,0.004,0.23529411764705882,34702.64,50205.16,84907.8,0.0,-0.1825806345235656,-0.0,0.1825806345235656,-0.2577483134686327,-0.18128994271985602,-0.05779540210369998,2.580790104843857,-0.3015036388350697,-0.46614264324065685,-1.1239106711973832,-0.4968336582921887,1.1553757948114043,-0.46614264324065685,0.19239949327855882,False,1308327_YES.csv,1308327_YES
1771073520,2026-02-14 12:52:00,2,109.167367,2.0399,0.01868598699445879,1.01995,,0.017,0.0,0.0,0.004,0.23529411764705882,34702.64,50205.16,84907.8,0.0,-0.1825806345235656,-0.0,0.1825806345235656,-0.2633603108121533,-0.4538997921554568,-0.6217212846541207,2.4084234933191975,-0.2973711414495605,-0.46614264324065685,-1.08762131686351,-1.3389813876217307,1.0234310350061269,-0.46614264324065685,-0.7816929958562606,False,1308327_YES.csv,1308327_YES
1771073580,2026-02-14 12:53:00,1,300.0,4.8,0.015999999999946668,4.8,,0.017,0.0,0.0,0.004,0.23529411764705882,34702.64,50205.16,84907.8,0.0,-0.1825806345235656,-0.0,0.1825806345235656,-0.5672375925184839,-0.4230727732081471,-0.44563695674670384,2.2616766718723986,-0.2973711414495605,-0.46614264324065685,-1.0527527090657842,-1.4359473224733348,0.9115528213570538,-0.46614264324065685,-0.9905371443569377,False,1308327_YES.csv,1308327_YES
1771073640,2026-02-14 12:54:00,4,7112.112631,107.51442,0.01511708624120419,26.878605,,0.016,-0.05882352941176472,0.05882352941176472,0.004,0.25,89695.35,35382.22,125077.57,40169.770000000004,0.4342355707742004,0.0,0.4342355707742004,0.3341430058022405,0.7313949729976565,0.5922918969173302,2.1345396287836995,-0.2973711414495605,1.8067128387704852,-0.12233972308313977,1.6578298757172272,1.7148287642509992,1.8067128387704852,5.1793714787387115,False,1308327_YES.csv,1308327_YES
1771073700,2026-02-14 12:55:00,1,183.159472,3.469999,0.018945233692205965,3.469999,,0.016,0.0,0.0,0.004,0.25,89695.35,35382.22,125077.57,0.0,0.4342355707742004,-0.0,0.4342355707742004,-0.5771561009311426,-0.4416608426957512,-0.4898881973831956,2.0258191473243468,-0.2973711414495605,-0.47717336750489336,-0.10825856885908519,-1.5087051410100893,1.620189437015701,-0.47717336750489336,-0.36568907149928165,False,1308327_YES.csv,1308327_YES
1771073880,2026-02-14 12:58:00,2,39.16,0.65423,0.01670658835503814,0.327115,,0.016,0.0,0.0,0.004,0.25,89695.35,35382.22,125077.57,0.0,0.4342355707742004,-0.0,0.4342355707742004,-0.24085948586724337,-0.45920392086415945,-0.6227257303372871,1.9288356135625602,-0.2973711414495605,-0.47717336750489336,-0.09406370847323861,-1.32278913706869,1.537400763639761,-0.47717336750489336,-0.26256174093382223,False,1308327_YES.csv,1308327_YES
1771074000,2026-02-14 13:00:00,1,105.263156,1.999999,0.0189999908418193,1.999999,,0.017,0.0625,0.0625,0.004,0.23529411764705882,40935.76,55941.08,96876.84,-28200.73000000001,-0.15489068388275257,28200.73000000001,0.15489068388275257,-0.6066557418205321,-0.4412591361286393,-0.5434940423254798,1.8414905448114125,3.828031662285362,1.8676897430039445,-1.0895873608509195,-1.591408920274651,4.5799348462458545,1.8676897430039445,4.856215668975148,False,1308327_YES.csv,1308327_YES
1771074060,2026-02-14 13:01:00,2,319.596312,5.999998,0.0187736772130875,2.999999,,0.017,0.0,0.0,0.004,0.23529411764705882,40935.76,55941.08,96876.84,0.0,-0.15489068388275257,-0.0,0.15489068388275257,-0.2344492487952134,-0.38424431902865747,-0.4756975256457992,1.7592977425907033,-0.3265264848373851,-0.4772160526956486,-1.0555611598720296,-1.0943910934696701,0.37721009788128845,-0.4772160526956486,-1.1943970482840303,False,1308327_YES.csv,1308327_YES
1771074180,2026-02-14 13:03:00,2,8347.06,110.24865,0.013208081647907932,55.124325,,0.016,-0.05882352941176472,0.05882352941176472,0.004,0.25,87033.67,44313.33,131347.0,34470.16,0.32524793105285993,0.0,0.32524793105285993,-0.21689267453832592,0.9213598555825563,1.915826946044418,1.684337426759089,-0.3265264848373851,1.7544159867821545,-0.40058753937440633,2.6202941270886484,0.9572234025472977,1.7544159867821545,5.3319335164181005,False,1308327_YES.csv,1308327_YES
1771074300,2026-02-14 13:05:00,1,220.0,3.08,0.013999999999936365,3.08,,0.016,0.0,0.0,0.004,0.25,87033.67,44313.33,131347.0,0.0,0.32524793105285993,-0.0,0.32524793105285993,-0.5803267708626864,-0.44277835789618447,-0.5033688997565434,1.615515561252749,-0.3265264848373851,-0.5029210125089074,-0.37611308608321226,-1.5264740285154144,0.9128759903321515,-0.5029210125089074,-1.1165190506921703,False,1308327_YES.csv,1308327_YES
1771074360,2026-02-14 13:06:00,1,4010.0,68.10610999999999,0.016984067331666568,68.10610999999999,,0.015,-0.0625,0.0625,0.002,0.13333333333333333,84266.53,19147.89,103414.42,-27932.58,0.6296862661899569,27932.58,0.6296862661899569,-0.5694030295324257,0.40826990088151166,2.3557867328604867,-0.11527483805362357,3.3450894238450943,1.806524563113451,0.8132056306719638,2.194653604209573,4.043020216463434,1.806524563113451,8.044198383786458,False,1308327_YES.csv,1308327_YES
1771074480,2026-02-14 13:08:00,2,3169.7,57.0546,0.01799999999999432,28.5273,,0.015,0.0,0.0,0.002,0.13333333333333333,84266.53,19147.89,103414.42,0.0,0.6296862661899569,-0.0,0.6296862661899569,-0.15505448714989456,0.2534315080924737,0.5855169016197417,-0.13075145634172036,-0.35428307818513516,-0.5044208645196123,0.8396912213593479,0.6838939225623208,0.3546566868324924,-0.5044208645196123,0.5341297448752008,False,1308327_YES.csv,1308327_YES
1771074540,2026-02-14 13:09:00,2,55.4,0.83504,0.01507292418745356,0.41752,,0.017,0.13333333333333353,0.13333333333333353,0.004,0.23529411764705882,39790.51,60909.08,100699.59,-2714.8300000000017,-0.20971853013502836,2714.8300000000017,0.20971853013502836,-0.15505448714989456,-0.47474792767618307,-0.6585005215498276,1.5496798177974032,-0.0007359908958372882,3.8520901099675786,-0.7915783585276165,-1.2883029363759053,0.7573654683739494,3.8520901099675786,3.3211526419656225,False,1308327_YES.csv,1308327_YES
1771074600,2026-02-14 13:10:00,1,109.444443,1.97,0.018000000237398932,1.97,,0.017,0.0,0.0,0.004,0.23529411764705882,39790.51,60909.08,100699.59,0.0,-0.20971853013502836,-0.0,0.20971853013502836,-0.5694030295324257,-0.4600427446678109,-0.5907829229743184,1.4912565687521009,-0.3606657670000648,-0.508798139171272,-0.7655805986264654,-1.6202286971745552,0.36501020312557064,-0.508798139171272,-1.7640166332202565,False,1308327_YES.csv,1308327_YES
1771074660,2026-02-14 13:11:00,1,1709.61111,30.000000000000004,0.017547850399721832,30.000000000000004,,0.017,0.0,0.0,0.004,0.23529411764705882,39790.51,60909.08,100699.59,0.0,-0.20971853013502836,-0.0,0.20971853013502836,-0.5609515724790025,-0.07981343789124153,0.686839161739767,1.4367622330385217,-0.3606657670000648,-0.508798139171272,-0.7402285369278072,0.046074151369522975,0.33586792911064967,-0.508798139171272,-0.1268560586910994,False,1308327_YES.csv,1308327_YES
1771074720,2026-02-14 13:12:00,1,6.45,0.09675,0.014999999997674419,0.09675,,0.016,-0.05882352941176472,0.05882352941176472,0.002,0.125,40428.75,40485.04,80913.79000000001,-19785.79999999999,-0.0006956786970428757,19785.79999999999,0.0006956786970428757,-0.5609515724790025,-0.46405637582981724,-0.6509497013386639,-0.25354627641856214,2.4517023515448595,1.4501771674870014,-1.5781810008259651,-1.6759576496474837,0.619975074300332,1.4501771674870014,0.39419459213984975,False,1308327_YES.csv,1308327_YES
1771074780,2026-02-14 13:13:00,2,1394.625,22.4605,0.016105046159350288,11.23025,,0.016,0.0,0.0,0.002,0.125,40428.75,40485.04,80913.79000000001,0.0,-0.0006956786970428757,-0.0,0.0006956786970428757,-0.14023789311975066,-0.17422538686132616,-0.1492413614976908,-0.25354627641856214,-0.363378309313536,-0.5077508715189085,-1.5402015547794161,-0.4637046414787676,-2.1571261405115143,-0.5077508715189085,-3.1285816535091904,False,1308327_YES.csv,1308327_YES
1771074840,2026-02-14 13:14:00,1,25.66,0.35924,0.013999999999454404,0.35924,,0.016,0.0,0.0,0.002,0.125,40428.75,40485.04,80913.79000000001,0.0,-0.0006956786970428757,-0.0,0.0006956786970428757,-0.5458915726455886,-0.4579182529639472,-0.6365450105184355,-0.25354627641856287,-0.363378309313536,-0.5077508715189085,-1.50401087167232,-1.6403548361279712,-2.1209354574044186,-0.5077508715189085,-4.2690411650512985,False,1308327_YES.csv,1308327_YES
1771074900,2026-02-14 13:15:00,5,485.69666199999995,7.267388,0.014962812324176593,1.4534776,,0.0145,-0.09375,0.09375,0.001,0.06896551724137931,90701.53,43285.37,133986.9,53073.109999999986,0.3538865366688833,0.0,0.3538865366688833,1.1012379447585978,-0.3588373737512017,-0.5693973198658739,-1.0632592204403624,-0.363378309313536,2.443594285288648,-0.10253996294993441,0.17300325114152215,-1.5291774927038329,2.443594285288648,1.087420043726337,False,1308327_YES.csv,1308327_YES
1771074960,2026-02-14 13:16:00,4,3482.003333,46.17471,0.013260960884894918,11.5436775,,0.0145,0.0,0.0,0.001,0.06896551724137931,90701.53,43285.37,133986.9,0.0,0.3538865366688833,-0.0,0.3538865366688833,0.6693473857997939,0.1409580509691782,-0.1159063827267107,-1.0291515427674656,-0.363378309313536,-0.5163494736211646,-0.11572893389197811,0.6943990540422614,-1.5082587859729795,-0.5163494736211646,-1.3302092055518826,False,1308327_YES.csv,1308327_YES
1771075080,2026-02-14 13:18:00,3,415.33333,6.169998,0.014855533024486922,2.056666,,0.014,-0.034482758620689724,0.034482758620689724,0.002,0.14285714285714285,80447.97,31168.8,111616.77,-22370.12999999999,0.4415032794803146,22370.12999999999,0.4415032794803146,0.24833943276812817,-0.35429794353455146,-0.5262230528157071,-0.18138653669604,2.602789519698263,0.5540266741027741,0.22248663087280426,-0.6321815635821304,2.6438896138750274,0.5540266741027741,2.565734724395671,False,1308327_YES.csv,1308327_YES
1771075140,2026-02-14 13:19:00,2,67.676665,1.013129,0.014970137786562436,0.5065645,,0.014,0.0,0.0,0.002,0.14285714285714285,80447.97,31168.8,111616.77,0.0,0.4415032794803146,-0.0,0.4415032794803146,-0.1729145937799178,-0.42307245790203396,-0.6023316305805306,-0.16801685948669567,-0.39180357204100036,-0.5343080624214077,0.2052374746269169,-1.1983186822624825,-0.3545829569007791,-0.5343080624214077,-2.0872097015846696,False,1308327_YES.csv,1308327_YES
1771075320,2026-02-14 13:22:00,2,2523.9725,38.0,0.015055631549069859,19.0,,0.014,0.0,0.0,0.002,0.14285714285714285,80447.97,31168.8,111616.77,0.0,0.4415032794803146,-0.0,0.4415032794803146,-0.180318710285625,0.07243454060483356,0.34284067454240424,-0.1545866559905855,-0.39180357204100036,-0.5343080624214077,0.18783592709629648,0.23495650486161282,-0.3585543009352894,-0.5343080624214077,-0.6579058584950843,False,1308327_YES.csv,1308327_YES
1771075380,2026-02-14 13:23:00,2,687.5,11.0,0.015999999999976727,5.5,,0.014,0.0,0.0,0.002,0.14285714285714285,80447.97,31168.8,111616.77,0.0,0.4415032794803146,-0.0,0.4415032794803146,-0.18777370461123202,-0.28821648800874783,-0.34193510257460447,-0.14108696985699626,-0.39180357204100036,-0.5343080624214077,0.17025892983171925,-0.8179252951945843,-0.3626316120662773,-0.5343080624214077,-1.7148649696822695,False,1308327_YES.csv,1308327_YES
1771075440,2026-02-14 13:24:00,1,1.01,0.01616,0.015999999984158415,0.01616,,0.0145,0.03571428571428581,0.03571428571428581,0.003,0.20689655172413793,108486.36,30465.33,138951.69,27334.92,0.561497524787212,0.0,0.561497524787212,-0.5964388109447597,-0.4144326047994446,-0.5950871399846349,0.6886132857762436,-0.3634179497294206,0.6375332907379444,0.6444953208711925,-1.6059585557288392,0.9696906569180155,0.6375332907379444,0.0012653919271207181,False,1308327_YES.csv,1308327_YES
1771075500,2026-02-14 13:25:00,4,532.67,8.36696,0.015707586310444166,2.09174,,0.0145,0.0,0.0,0.003,0.20689655172413793,108486.36,30465.33,138951.69,0.0,0.561497524787212,-0.0,0.561497524787212,0.6308840849508563,-0.30383995209151754,-0.4850592600183472,0.6720674379467824,-0.3634179497294206,-0.5276362616010128,0.6188892369321219,-0.1580151271590084,0.9275387251494838,-0.5276362616010128,0.24188733638946247,False,1308327_YES.csv,1308327_YES
1771075560,2026-02-14 13:26:00,1,62.5,1.0,0.015999999999744,1.0,,0.0145,0.0,0.0,0.003,0.20689655172413793,108486.36,30465.33,138951.69,0.0,0.561497524787212,-0.0,0.561497524787212,-0.6083486899501155,-0.3959190817943567,-0.5295456856934242,0.6557820942087601,-0.3634179497294206,-0.5276362616010128,0.5934144614952857,-1.5338134574378963,0.8857786059746251,-0.5276362616010128,-1.175671113064284,False,1308327_YES.csv,1308327_YES
1771075620,2026-02-14 13:27:00,3,9963.825294,161.0,0.016158452727682224,53.666666666666664,,0.0145,0.0,0.0,0.003,0.20689655172413793,108525.62,29875.09,138400.71,-550.9800000000105,0.5682812609848605,550.9800000000105,0.5682812609848605,0.2079786815152199,1.6685351124150565,2.0899602473027454,0.6397428509095058,-0.28730551947653354,-0.5276362616010128,0.5974744027162855,3.9664740412330217,0.9499117341492578,-0.5276362616010128,4.388749513781266,False,1308327_YES.csv,1308327_YES
1771075680,2026-02-14 13:28:00,2,647.058823,11.0,0.01700000001388282,5.5,,0.0145,0.0,0.0,0.003,0.20689655172413793,108525.62,29875.09,138400.71,0.0,0.5682812609848605,-0.0,0.5682812609848605,-0.2155496273193729,-0.2931921752180396,-0.33193041233330334,0.623936044545679,-0.36486606905927954,-0.5276362616010128,0.5720180572523682,-0.8406722148707159,0.8310880327387676,-0.5276362616010128,-0.5372204437329611,False,1308327_YES.csv,1308327_YES
1771075740,2026-02-14 13:29:00,1,913.04,12.78256,0.013999999999984667,12.78256,,0.0145,0.0,0.0,0.003,0.20689655172413793,108525.62,29875.09,138400.71,0.0,0.5682812609848605,-0.0,0.5682812609848605,-0.632742454389127,-0.2729316081244371,0.023619853765794823,0.6083486899501342,-0.36486606905927954,-0.5276362616010128,0.5465597383359495,-0.8820542087477694,0.7900423592268042,-0.5276362616010128,-0.619648111121978,False,1308327_YES.csv,1308327_YES
1771075860,2026-02-14 13:31:00,2,166.5,2.3675,0.01421921921913382,1.18375,,0.0145,0.0,0.0,0.003,0.20689655172413793,108525.62,29875.09,138400.71,0.0,0.5682812609848605,-0.0,0.5682812609848605,-0.22317870050076163,-0.40743394430996754,-0.5529949101750795,0.5929684237814882,-0.36486606905927954,-0.5030341833907079,0.5215268617388716,-1.1836075549858087,0.7496292164610803,-0.5030341833907079,-0.9370125219154364,False,1308327_YES.csv,1308327_YES
1771075980,2026-02-14 13:33:00,1,62.5,0.9375,0.01499999999976,0.9375,,0.016,0.10344827586206895,0.10344827586206895,0.002,0.125,47283.22,56834.75,104117.97,-34282.73999999999,-0.09173757421509465,34282.73999999999,0.09173757421509465,-0.6416387639396898,-0.42144816446999156,-0.5487057093744406,-0.23442937684384416,3.8006712056470087,2.686817481590107,-1.7164866164985761,-1.6117926377841219,1.8497552123045884,2.686817481590107,2.9247800561105732,False,1308327_YES.csv,1308327_YES
1771076040,2026-02-14 13:34:00,3,17037.556439,306.04717,0.01796309060490749,102.01572333333333,,0.016,0.0,0.0,0.002,0.125,47283.22,56834.75,104117.97,0.0,-0.09173757421509465,-0.0,0.09173757421509465,0.18192761337775903,3.182426770235315,3.8467626321797836,-0.23442937684384416,-0.3863446773985176,-0.5252632901920203,-1.7044189751846253,7.211117015792858,-2.325193029426987,-0.5252632901920203,4.36066069617385,False,1308327_YES.csv,1308327_YES
1771076220,2026-02-14 13:37:00,3,1206.760287,21.999997,0.01823062727285596,7.333332333333334,,0.016,0.0,0.0,0.002,0.125,47283.22,56834.75,104117.97,0.0,-0.09173757421509465,-0.0,0.09173757421509465,0.18192761337775903,-0.19074413000530369,-0.2663903312191081,-0.2505313502274962,-0.35834451534697315,-0.5102410211398658,-1.6327069253083832,-0.2752068478466527,-2.2415827908828527,-0.5102410211398658,-3.0270306598693715,False,1308327_YES.csv,1308327_YES
1771076280,2026-02-14 13:38:00,1,4215.107,82.0,0.019453835928715482,82.0,,0.016,0.0,0.0,0.002,0.125,47283.22,56834.75,104117.97,0.0,-0.09173757421509465,-0.0,0.09173757421509465,-0.6577382945195908,0.5057829113352063,2.7323124832641237,-0.26701331489282937,-0.35834451534697315,-0.5102410211398658,-1.5665913764211032,2.5803571000797394,-2.191949206660906,-0.5102410211398658,-0.12183312772103227,False,1308327_YES.csv,1308327_YES
1771076340,2026-02-14 13:39:00,2,100.0,2.0,0.0199999999998,1.0,,0.0185,0.15625,0.15625,0.003,0.16216216216216217,20924.07,69769.51,90693.57999999999,-13424.390000000014,-0.5385766004605839,13424.390000000014,0.5385766004605839,-0.24569287309447488,-0.44357245736855305,-0.5586667128366459,0.5525368760432633,1.3005542436996107,3.7206758759371823,0.4364045651746025,-1.2479320432996739,2.2894956849174766,3.7206758759371823,4.762239517554985,False,1308327_YES.csv,1308327_YES
1771076400,2026-02-14 13:40:00,4,1187.142656,22.639369000000002,0.01907047049952934,5.6598422500000005,,0.0185,0.0,0.0,0.003,0.16216216216216217,20924.07,69769.51,90693.57999999999,0.0,-0.5385766004605839,-0.0,0.5385766004605839,0.5761866268739819,-0.19907162583689736,-0.3594239576746806,0.5289741218261209,-0.3815079827878924,-0.5168518273040549,0.4370803889379984,0.017691043362403958,0.584546527976227,-0.5168518273040549,0.0853857440345761,False,1308327_YES.csv,1308327_YES
1771076520,2026-02-14 13:42:00,1,180.0,3.6,0.01999999999988889,3.6,,0.0185,0.0,0.0,0.003,0.16216216216216217,22122.95,52319.37,74442.32,-16251.25999999998,-0.40563512797559237,16251.25999999998,0.40563512797559237,-0.6720674379467617,-0.41164205466639325,-0.4292119138783772,0.5054492732541739,1.5872309701763565,-0.5168518273040549,-0.14870940309322397,-1.5129214064915322,1.9439708403373066,-0.5168518273040549,-0.08580239345828045,False,1308327_YES.csv,1308327_YES
1771076640,2026-02-14 13:44:00,2,2481.19,41.98634,0.016921856044874846,20.99317,,0.0185,0.0,0.0,0.003,0.16216216216216217,22122.95,52319.37,74442.32,0.0,-0.40563512797559237,-0.0,0.40563512797559237,-0.24495744752924212,0.03707310898595366,0.2641395377882093,0.4819109110820417,-0.39274385734331124,-0.49523700415477173,-0.132679175706547,0.05625519924492084,-0.043512121967816536,-0.49523700415477173,-0.48249392687766746,False,1308327_YES.csv,1308327_YES
1771076700,2026-02-14 13:45:00,1,444.79,7.11664,0.01599999999996403,7.11664,,0.018,-0.027027027027027084,0.027027027027027084,0.004,0.22222222222222224,40729.72,52347.48,93077.20000000001,18634.880000000005,-0.1248185377299704,0.0,0.1248185377299704,-0.6648845004365141,-0.37596865490949255,-0.295195433846914,1.313021695946447,-0.39274385734331124,0.23003085722649405,-1.351258856963566,-1.3360485891929208,-0.43098101836043035,0.23003085722649405,-1.5369987503268572,False,1308327_YES.csv,1308327_YES
1771076880,2026-02-14 13:48:00,2,54.781577,1.034399,0.01888224210816561,0.5171995,,0.0175,-0.027777777777777568,0.027777777777777568,0.003,0.1714285714285714,40121.21,52157.310000000005,92278.52,-798.6800000000076,-0.13043230428923228,798.6800000000076,0.13043230428923228,-0.24495744752924212,-0.44566982173152053,-0.5584720914304966,0.4140904938890912,-0.29650825378485,0.23830833810495292,-1.279715758424625,-1.2490993606912593,-1.1621335183203838,0.23830833810495292,-2.17292454090669,False,1308327_YES.csv,1308327_YES
1771076940,2026-02-14 13:49:00,1,15.27,0.24432,0.015999999998952196,0.24432,,0.0175,0.0,0.0,0.003,0.1714285714285714,40121.21,52157.310000000005,92278.52,0.0,-0.13043230428923228,-0.0,0.13043230428923228,-0.6648845004365141,-0.4527666094033995,-0.5615571021390913,0.39028454840006044,-0.39460383012957495,-0.5219245691281045,-1.2357259274041072,-1.6792082119790048,-1.2400452091336218,-0.5219245691281045,-3.4411779902407313,False,1308327_YES.csv,1308327_YES
1771077000,2026-02-14 13:50:00,1,20.06,0.34102,0.016999999999152544,0.34102,,0.0175,0.0,0.0,0.003,0.1714285714285714,40121.21,52157.310000000005,92278.52,0.0,-0.13043230428923228,-0.0,0.13043230428923228,-0.6435516334244098,-0.4416904767261154,-0.548574168814405,0.3661842556567917,-0.39460383012957495,-0.5219245691281045,-1.1938931050157653,-1.6338162789649302,-1.2223126794885486,-0.5219245691281045,-3.3780535275815833,False,1308327_YES.csv,1308327_YES
1771077180,2026-02-14 13:53:00,2,417.93,7.14817,0.01710374943168209,3.574085,,0.0175,0.0,0.0,0.003,0.1714285714285714,40121.21,52157.310000000005,92278.52,0.0,-0.13043230428923228,-0.0,0.13043230428923228,-0.22384404640849034,-0.3622385316522673,-0.4202545338759208,0.341708650890732,-0.39169134829671365,-0.5219245691281045,-1.154240190365362,-1.0063371119366784,-1.2042228877713437,-0.5219245691281045,-2.7324845688361266,False,1308327_YES.csv,1308327_YES
1771077240,2026-02-14 13:54:00,1,55.555554,0.999999,0.017999982503675502,0.999999,,0.0175,0.0,0.0,0.001,0.05714285714285714,18731.37,51723.07,70454.44,-21824.08,-0.46826999121701907,21824.08,0.46826999121701907,-0.6346173435428024,-0.42880734453253083,-0.5137449906140469,-1.52215671760417,2.153321595597275,-0.5219245691281045,0.34719308320368697,-1.5771696786893803,0.9783579611967921,-0.5219245691281045,-1.1207362866206927,False,1308327_YES.csv,1308327_YES
1771077300,2026-02-14 13:55:00,3,2237.3422219999998,38.119609999999994,0.017037898639353906,12.706536666666665,,0.0175,0.0,0.0,0.001,0.05714285714285714,18731.37,51723.07,70454.44,0.0,-0.46826999121701907,-0.0,0.46826999121701907,0.1952813629381665,0.011160213132421657,-0.036576943890119146,-1.52215671760417,-0.41908431520544254,-0.5219245691281045,0.36431950447252537,0.16986463218046902,-1.5769215283370872,-0.5219245691281045,-1.9289814652847226,False,1308327_YES.csv,1308327_YES
1771077360,2026-02-14 13:56:00,1,238.054209,4.439998999999999,0.01865120981743005,4.439998999999999,,0.0175,0.0,0.0,0.001,0.05714285714285714,18731.37,51723.07,70454.44,0.0,-0.46826999121701907,-0.0,0.46826999121701907,-0.6416387639396898,-0.3882506929559157,-0.37313426699409113,-1.52215671760417,-0.41908431520544254,-0.5219245691281045,0.38192148058189485,-1.4030237238896965,-1.5593195522277177,-0.5219245691281045,-3.4842678452455185,False,1308327_YES.csv,1308327_YES
1771077420,2026-02-14 13:57:00,3,515.78947,9.799998,0.01899999625812636,3.2666660000000003,,0.0175,0.0,0.0,0.003,0.1714285714285714,30587.1,58645.34,89232.44,18778.0,-0.3144399054872869,0.0,0.3144399054872869,0.42436206338237087,-0.32138344546767184,-0.42180811562539805,0.3167651118012041,-0.41908431520544254,-0.5219245691281045,-0.29364377961765437,-0.318829497710699,-0.3959629830218928,-0.5219245691281045,-1.2367170498606963,False,1308327_YES.csv,1308327_YES
1771077540,2026-02-14 13:59:00,1,999.98,15.2289,0.01522920458407637,15.2289,,0.0175,0.0,0.0,0.003,0.1714285714285714,30587.1,58645.34,89232.44,0.0,-0.3144399054872869,-0.0,0.3144399054872869,-0.8030907307788244,-0.2604617549269219,0.05111519363446044,0.29124608349326564,-0.41908431520544254,-0.500819763805799,-0.26704064627737006,-1.0124372920712859,-0.39487887798954696,-0.500819763805799,-1.9081359338666317,False,1308327_YES.csv,1308327_YES
1771077600,2026-02-14 14:00:00,1,325.0,4.875,0.014999999999953847,4.875,,0.016,-0.08571428571428574,0.08571428571428574,0.002,0.125,35564.21,54250.850000000006,89815.06,582.6199999999953,-0.2080568670777485,0.0,0.2080568670777485,-0.7767876631738179,-0.37911428555280047,-0.36831371659266,-0.7095860876360807,-0.41908431520544254,1.7705968300461727,-0.7418866407718286,-1.5242156653192782,-1.8705570436133518,1.7705968300461727,-1.6241758788864573,False,1308327_YES.csv,1308327_YES
1771077660,2026-02-14 14:01:00,3,697.6452939999999,11.5984,0.016625067351179433,3.8661333333333334,,0.016,0.0,0.0,0.002,0.125,35564.21,54250.850000000006,89815.06,0.0,-0.2080568670777485,-0.0,0.2080568670777485,0.6071166074246391,-0.30057853782605676,-0.41156946526020344,-0.7413343357639979,-0.41609676891807146,-0.5264409194497187,-0.717017573293349,-0.10503139566162106,-1.8744486779754184,-0.5264409194497187,-2.5059209930867583,False,1308327_YES.csv,1308327_YES
1771077720,2026-02-14 14:02:00,1,117.647057,1.9999990000000003,0.0169999917633553,1.9999990000000003,,0.016,0.0,0.0,0.002,0.125,35564.21,54250.850000000006,89815.06,0.0,-0.2080568670777485,-0.0,0.2080568670777485,-0.8768718596262995,-0.40855617261905036,-0.4860115369435344,-0.7750346656967849,-0.41609676891807146,-0.5264409194497187,-0.6927689654427088,-1.7714395691888845,-1.8839004000575654,-0.5264409194497187,-4.181780888696169,False,1308327_YES.csv,1308327_YES
1771077840,2026-02-14 14:04:00,1,58.823529,1.0,0.017000000118711,1.0,,0.016,0.0,0.0,0.002,0.125,35564.21,54250.850000000006,89815.06,0.0,-0.2080568670777485,-0.0,0.2080568670777485,-0.8572532741295742,-0.41905320348312813,-0.5245120910415388,-0.8109423381283832,-0.41609676891807146,-0.5264409194497187,-0.6691654803633613,-1.800818568654241,-1.8962045874098161,-0.5264409194497187,-4.2234640755137765,False,1308327_YES.csv,1308327_YES
1771077960,2026-02-14 14:06:00,1,294.117647,5.0,0.017000000003342203,5.0,,0.016,0.0,0.0,0.002,0.125,39072.21,54489.45,93561.66,3746.600000000006,-0.1647815996424176,0.0,0.1647815996424176,-0.8304983749151517,-0.37271869020492215,-0.36634773279248734,-0.7894551517469339,-0.41609676891807146,-0.5062043863548543,-0.8685139755774205,-1.569564797912561,-2.074065896242426,-0.5062043863548543,-4.149835080509842,False,1308327_YES.csv,1308327_YES
1771078020,2026-02-14 14:07:00,3,1339.557647,20.9941,0.015672412491542685,6.998033333333333,,0.016,0.0,0.0,0.002,0.125,39072.21,54489.45,93561.66,0.0,-0.1647815996424176,-0.0,0.1647815996424176,0.8587782018658732,-0.18795169352873678,-0.2898899904512268,-0.7684321743765621,-0.41609676891807146,-0.5062043863548543,-0.8412450033726077,0.3809365178859096,-2.025773946667241,-0.5062043863548543,-2.151041815136186,False,1308327_YES.csv,1308327_YES
1771078080,2026-02-14 14:08:00,1,619.257057,9.999999,0.016148381172156424,9.999999,,0.016,0.0,0.0,0.002,0.125,39072.21,54489.45,93561.66,0.0,-0.1647815996424176,-0.0,0.1647815996424176,-0.8761474810795989,-0.2914820377852333,-0.13515733938142144,-0.7684321743765621,-0.38899100223695304,-0.4938185536663313,-0.8127626002183779,-1.3027868582462536,-1.9701857768318929,-0.4938185536663313,-3.7667911887444783,False,1308327_YES.csv,1308327_YES
1771078260,2026-02-14 14:11:00,1,185.127057,2.9999990000000003,0.016205081248516766,2.9999990000000003,,0.016,0.0,0.0,0.002,0.125,39072.21,54489.45,93561.66,0.0,-0.1647815996424176,-0.0,0.1647815996424176,-0.8548297754255549,-0.39186802251907293,-0.43303835322814166,-0.7684321743765625,-0.38899100223695304,-0.4938185536663313,-0.7848740012705391,-1.6797361511727695,-1.9422971778840545,-0.4938185536663313,-4.115851882723155,False,1308327_YES.csv,1308327_YES
1771078320,2026-02-14 14:12:00,1,58.823529,1.0,0.017000000118711,1.0,,0.016,0.0,0.0,0.002,0.125,42938.36,53914.4,96852.76000000001,3291.100000000006,-0.1133270750363748,0.0,0.1133270750363748,-0.8315308974502462,-0.4660895902690414,-0.5145469773710201,-0.7684321743765625,-0.38899100223695304,-0.4938185536663313,-1.0333910866378273,-1.8121674650903077,-2.190814263251343,-0.4938185536663313,-4.496800282007982,False,1308327_YES.csv,1308327_YES
1771078380,2026-02-14 14:13:00,4,394.341174,6.662399,0.016895012337674604,1.66559975,,0.016,0.0,0.0,0.002,0.125,42938.36,53914.4,96852.76000000001,0.0,-0.1133270750363748,-0.0,0.1133270750363748,1.994602809326295,-0.3510316068839621,-0.48264437905519386,-0.7413634546315111,-0.38169103182167713,-0.4683631294596127,-1.0214871122325229,1.1609268233871393,-2.144541598685711,-0.4683631294596127,-1.4519779047581844,False,1308327_YES.csv,1308327_YES
1771078500,2026-02-14 14:15:00,4,700.921175,11.81566,0.01685733064061468,2.953915,,0.0165,0.03125,0.03125,0.001,0.06060606060606061,36235.15,53369.49,89604.64,-7248.12000000001,-0.19122157066866177,7248.12000000001,0.19122157066866177,1.9323040932914466,-0.23750085643951555,-0.4129542242865283,-1.7303146582060966,0.4855256568059845,0.39628668021291935,-0.5951439175962091,1.2818490125654027,-1.8399329189963214,0.39628668021291935,-0.1617972262179993,False,1308327_YES.csv,1308327_YES
1771078560,2026-02-14 14:16:00,1,55.555554,0.999999,0.017999982503675502,0.999999,,0.0165,0.0,0.0,0.001,0.06060606060606061,36235.15,53369.49,89604.64,0.0,-0.19122157066866177,-0.0,0.19122157066866177,-0.8298293286558299,-0.4522459462293091,-0.4976619114105805,-1.6662744636570357,-0.3960875138436349,-0.48327493173447655,-0.5962315107327397,-1.7797371862957194,-2.6585934882334104,-0.48327493173447655,-4.921605606263607,False,1308327_YES.csv,1308327_YES
1771078620,2026-02-14 14:17:00,2,358.82,6.399940000000001,0.01783607379739748,3.1999700000000004,,0.0165,0.0,0.0,0.001,0.06060606060606061,36235.15,53369.49,89604.64,0.0,-0.19122157066866177,-0.0,0.19122157066866177,0.09220325873953675,-0.34222567024555145,-0.3924189672030252,-1.6075681311418073,-0.3960875138436349,-0.48327493173447655,-0.5973207172160383,-0.64244137870904,-2.6009763622014805,-0.48327493173447655,-3.726692672644997,False,1308327_YES.csv,1308327_YES
1771078680,2026-02-14 14:18:00,2,258.83,4.14128,0.015999999999938185,2.07064,,0.017,0.030303030303030276,0.030303030303030276,0.002,0.11764705882352941,33539.83,52799.13,86338.95999999999,-3265.6800000000076,-0.2230661569238267,3265.6800000000076,0.2230661569238267,0.0772921637316578,-0.38872388358213,-0.4449571780726073,-0.5452137632196162,-0.005499590972664475,0.35574707776905573,-0.4268900147348259,-0.7563888979230795,-0.9776033689271066,0.35574707776905573,-1.3782451890811305,False,1308327_YES.csv,1308327_YES
1771078740,2026-02-14 14:19:00,1,392.948887,6.999999,0.01781401915507187,6.999999,,0.017,0.0,0.0,0.002,0.11764705882352941,33539.83,52799.13,86338.95999999999,0.0,-0.2230661569238267,-0.0,0.2230661569238267,-0.8261221186739476,-0.3027447326434893,-0.1892183445691635,-0.5199464771576655,-0.40325326543628287,-0.47494830155404777,-0.4088348672627876,-1.3180851958866004,-1.332034609856736,-0.47494830155404777,-3.125068107297384,False,1308327_YES.csv,1308327_YES
1771078800,2026-02-14 14:20:00,1,17.99,0.28784,0.015999999999110618,0.28784,,0.017,0.0,0.0,0.002,0.11764705882352941,33539.83,52799.13,86338.95999999999,0.0,-0.2230661569238267,-0.0,0.2230661569238267,-0.8261221186739476,-0.4440659063273055,-0.5150332672121245,-0.4945454784919704,-0.40325326543628287,-0.47494830155404777,-0.3908173216671361,-1.7852212922133777,-1.2886160655953893,-0.47494830155404777,-3.5487856593628146,False,1308327_YES.csv,1308327_YES
1771078860,2026-02-14 14:21:00,1,29.18,0.46688,0.01599999999945168,0.46688,,0.0165,-0.02941176470588236,0.02941176470588236,0.001,0.06060606060606061,38846.78,54035.06,92881.84,6542.880000000005,-0.16352260032746982,0.0,0.16352260032746982,-0.8058005626948135,-0.4401831071924857,-0.5064113660836637,-1.5457219020080395,-0.40325326543628287,0.3481437044535361,-0.6967005913086189,-1.752395035970963,-2.645675758752941,0.3481437044535361,-4.049927090270368,False,1308327_YES.csv,1308327_YES
1771078920,2026-02-14 14:22:00,3,325.170554,5.735679000000001,0.01763898646241612,1.9118930000000003,,0.0165,0.0,0.0,0.001,0.06060606060606061,38846.78,54035.06,92881.84,0.0,-0.16352260032746982,-0.0,0.16352260032746982,1.054326784901705,-0.32974431798173104,-0.4355728921606117,-1.5022019514843055,-0.37670522533536943,-0.4655432930537327,-0.6979079322776874,0.2890095747593624,-2.576815109097362,-0.4655432930537327,-2.7533488273917324,False,1308327_YES.csv,1308327_YES
1771078980,2026-02-14 14:23:00,2,131.401111,2.34493,0.017845587317615257,1.172465,,0.0165,0.0,0.0,0.001,0.06060606060606061,38846.78,54035.06,92881.84,0.0,-0.16352260032746982,-0.0,0.16352260032746982,0.11015354469122295,-0.4003239777113738,-0.46998158798836753,-1.4627711956473846,-0.37670522533536943,-0.4655432930537327,-0.6991173841216067,-0.7601520210085184,-2.5385938051043606,-0.4655432930537327,-3.7642891191666115,False,1308327_YES.csv,1308327_YES
1771079040,2026-02-14 14:24:00,1,27.69,0.44304,0.015999999999422174,0.44304,,0.017,0.030303030303030276,0.030303030303030276,0.002,0.11764705882352941,31517.870000000003,57806.18,89324.05,-3557.7899999999936,-0.29430271018835347,3557.7899999999936,0.29430271018835347,-0.8136860533153266,-0.41423605465397234,-0.48005506478283716,-0.30973369101472387,0.0873113237485082,0.42698583981153554,0.03053258676555639,-1.7079771727521362,-0.19188978050065927,0.42698583981153554,-1.4728811134412598,False,1308327_YES.csv,1308327_YES
1771079100,2026-02-14 14:25:00,2,80.35352800000001,1.34448,0.01673205935628946,0.67224,,0.017,0.0,0.0,0.002,0.11764705882352941,31517.870000000003,57806.18,89324.05,0.0,-0.29430271018835347,-0.0,0.29430271018835347,0.11015354469122295,-0.39376758247564975,-0.46594122514496666,-0.28081985807558096,-0.3850140862999719,-0.45713251512626574,0.033411199452115646,-0.7495552629293935,-0.6324227449234372,-0.45713251512626574,-1.8391105229790963,False,1308327_YES.csv,1308327_YES
1771079280,2026-02-14 14:28:00,1,66.666665,1.199999,0.017999985449729597,1.199999,,0.017,0.0,0.0,0.002,0.11764705882352941,31517.870000000003,57806.18,89324.05,0.0,-0.29430271018835347,-0.0,0.29430271018835347,-0.8340196955192593,-0.3757753921896016,-0.414478356938387,-0.28081985807558096,-0.35880279136177723,-0.4330756549311699,0.06659490949890337,-1.6242734446472478,-0.5730277399384549,-0.4330756549311699,-2.6303768395168725,False,1308327_YES.csv,1308327_YES
1771079340,2026-02-14 14:29:00,3,5441.153447,101.944348,0.018735797288750997,33.98144933333334,,0.017,0.0,0.0,0.002,0.11764705882352941,31517.870000000003,57806.18,89324.05,0.0,-0.29430271018835347,-0.0,0.29430271018835347,1.029173849772888,1.7925083892992473,1.3807581684162162,-0.28081985807558096,-0.35880279136177723,-0.4330756549311699,0.1022419167443673,4.202440407488352,-0.5373807326929909,-0.4330756549311699,3.231984019864191,False,1308327_YES.csv,1308327_YES
1771079400,2026-02-14 14:30:00,2,10067.274000000001,183.45963,0.018223367120034847,91.729815,,0.0185,0.08823529411764697,0.08823529411764697,0.003,0.16216216216216217,27443.14,52268.09,79711.23,-9612.820000000007,-0.31143604232427474,9612.820000000007,0.31143604232427474,0.09356125907026262,3.1744794475618936,3.856566185260242,0.9737235952984109,1.0313994991013415,2.359668879534486,0.19428268142156205,7.124606891892398,2.1994057758213144,2.359668879534486,11.683681547248199,True,1308327_YES.csv,1308327_YES
1771079460,2026-02-14 14:31:00,1,5555.0,99.99,0.017999999999996758,99.99,,0.0185,0.0,0.0,0.003,0.16216216216216217,27443.14,52268.09,79711.23,0.0,-0.31143604232427474,-0.0,0.31143604232427474,-0.8420513316323628,1.4747438251797302,3.66186040725616,1.029890361787855,-0.37229104843327804,-0.44028858247158564,0.18440260360862937,4.294552900803527,0.8420019169632064,-0.44028858247158564,4.696266235295148,False,1308327_YES.csv,1308327_YES
1771079520,2026-02-14 14:32:00,1,52.631577,0.999999,0.0189999817026383,0.999999,,0.0185,0.0,0.0,0.003,0.16216216216216217,27443.14,52268.09,79711.23,0.0,-0.31143604232427474,-0.0,0.31143604232427474,-0.8420513316323628,-0.4273757300242826,-0.43709763987088224,1.0922537980895166,-0.37229104843327804,-0.44028858247158564,0.17451781993246948,-1.7065247015275276,0.8944805695887081,-0.44028858247158564,-1.252332714410405,False,1308327_YES.csv,1308327_YES
1771079580,2026-02-14 14:33:00,1,2736.842104,52.0,0.019000000008762258,52.0,,0.0175,-0.054054054054053946,0.054054054054053946,0.003,0.1714285714285714,36320.04,61929.2,98249.23999999999,18538.009999999995,-0.2606550442527596,0.0,0.2606550442527596,-0.8420513316323628,0.5391890398980811,1.6203599263353332,1.0600988273786975,-0.3430804863942183,1.2819768395703377,-0.1583501276258237,1.3174976346010516,0.5586682133586556,1.2819768395703377,3.158142687530045,False,1308327_YES.csv,1308327_YES
1771079640,2026-02-14 14:34:00,1,157.894735,2.999999,0.018999993888212868,2.999999,,0.0175,0.0,0.0,0.003,0.1714285714285714,36320.04,61929.2,98249.23999999999,0.0,-0.2606550442527596,-0.0,0.2606550442527596,-0.8216966388218339,-0.39836549836597807,-0.3755014392259421,1.0291185544860912,-0.3430804863942183,-0.43929223179757665,-0.18987774773654104,-1.5955635764137541,0.4961603203553319,-0.43929223179757665,-1.5386954878559989,False,1308327_YES.csv,1308327_YES
1771079700,2026-02-14 14:35:00,4,1226.755788,22.23293,0.018123354474836907,5.5582325,,0.0175,0.0,0.0,0.003,0.1714285714285714,36320.04,61929.2,98249.23999999999,0.0,-0.2606550442527596,-0.0,0.2606550442527596,1.8742863160540886,-0.035282371906688266,-0.27501983752211745,0.999215943427461,-0.3430804863942183,-0.43929223179757665,-0.2235163701236952,1.5639841066252829,0.43261908690954753,-0.43929223179757665,1.5573109617372536,False,1308327_YES.csv,1308327_YES
1771079760,2026-02-14 14:36:00,1,7401.6315,146.0,0.019725380816375437,146.0,,0.0185,0.05714285714285694,0.05714285714285694,0.003,0.16216216216216217,30820.95,60163.84,90984.79,-7264.449999999997,-0.3225032447731099,7264.449999999997,0.3225032447731099,-0.8391463916782593,2.209172324691796,4.391304307424054,0.9698348880840827,0.757964854684278,1.457738525072004,0.18023036199669437,5.761330240437591,1.908030104765055,1.457738525072004,9.12709887027465,False,1308327_YES.csv,1308327_YES
1771079880,2026-02-14 14:38:00,1,10.15,0.19285,0.018999999998128077,0.19285,,0.0185,0.0,0.0,0.003,0.16216216216216217,30820.95,60163.84,90984.79,0.0,-0.3225032447731099,-0.0,0.3225032447731099,-0.8167820395098724,-0.4690196614941963,-0.4778815200291347,0.94170580116672,-0.3603632030920076,-0.43725376545294947,0.183797687649366,-1.7636832210332034,0.7651402857240784,-0.43725376545294947,-1.4357967007620744,False,1308327_YES.csv,1308327_YES
1771080000,2026-02-14 14:40:00,1,250.0,5.0,0.019999999999920002,5.0,,0.0185,0.0,0.0,0.003,0.16216216216216217,30820.95,60163.84,90984.79,0.0,-0.3225032447731099,-0.0,0.3225032447731099,-0.7888116464758494,-0.379898578434089,-0.3192442686605502,0.9139266473810235,-0.3310159551274406,-0.4193673527909616,0.19815383052681784,-1.4879544935704887,0.7810645227804007,-0.4193673527909616,-1.1262573235810496,False,1308327_YES.csv,1308327_YES
1771080060,2026-02-14 14:41:00,3,768.39,15.354410000000001,0.019982573953304987,5.1181366666666674,,0.0185,0.0,0.0,0.003,0.16216216216216217,30820.95,60163.84,90984.79,0.0,-0.3225032447731099,-0.0,0.3225032447731099,1.19394445252057,-0.19353794113001416,-0.318192673068902,0.8869423130434034,-0.3310159551274406,-0.4193673527909616,0.21277979537575095,0.6822138383216538,0.7687061532917138,-0.4193673527909616,1.031552638822406,False,1308327_YES.csv,1308327_YES
1771080120,2026-02-14 14:42:00,1,100.0,2.0,0.0199999999998,2.0,,0.0195,0.05405405405405417,0.05405405405405417,0.001,0.05128205128205128,19520.64,81242.98999999999,100763.62999999999,9778.839999999997,-0.6125459156245164,0.0,0.6125459156245164,-0.7755940957882282,-0.42872124077903234,-0.41244806566254694,-1.70990212733267,-0.3310159551274406,1.3295757103603714,2.044083736591096,-1.6167634022298074,0.0031656541309854624,1.3295757103603714,-0.2840220377384506,False,1308327_YES.csv,1308327_YES
1771080180,2026-02-14 14:43:00,2,5611.4035,112.12428,0.019981503736093757,56.06214,,0.0195,0.0,0.0,0.001,0.05128205128205128,19520.64,81242.98999999999,100763.62999999999,0.0,-0.6125459156245164,-0.0,0.6125459156245164,0.2145260264946162,1.5411044100618874,1.3443215992367952,-1.6505504960137025,-0.3310159551274406,-0.44310075362548595,1.972156208882788,3.099952035793299,-0.009410242258355073,-0.44310075362548595,2.647441039909458,False,1308327_YES.csv,1308327_YES
1771080300,2026-02-14 14:45:00,1,58.82,1.05876,0.017999999999693983,1.05876,,0.0185,-0.05128205128205132,0.05128205128205132,0.001,0.05405405405405406,29093.4,69975.78,99069.18,-1694.449999999997,-0.41266496805565567,1694.449999999997,0.41266496805565567,-0.7755940957882282,-0.4679948583104324,-0.46566264731524776,-1.5838927162632133,-0.05081018943962404,1.2198680845071974,0.7571342301866254,-1.7092516014139085,-0.8775686755162119,1.2198680845071974,-1.366952192422923,False,1308327_YES.csv,1308327_YES
1771080360,2026-02-14 14:46:00,1,1087.274,21.72,0.019976565244804827,21.72,,0.0185,0.0,0.0,0.001,0.05405405405405406,29093.4,69975.78,99069.18,0.0,-0.41266496805565567,-0.0,0.41266496805565567,-0.7545185522000176,-0.09837498197566762,0.2036498757459849,-1.5221730850156747,-0.33607603949397397,-0.44783129811929373,0.7886704383976512,-0.6492436584297003,-1.0695786861119974,-0.44783129811929373,-2.1666536426609913,False,1308327_YES.csv,1308327_YES
1771080420,2026-02-14 14:47:00,1,154.3195,3.0000000000000004,0.019440187403280528,3.0000000000000004,,0.0185,0.0,0.0,0.001,0.05405405405405406,29093.4,69975.78,99069.18,0.0,-0.41266496805565567,-0.0,0.41266496805565567,-0.7545185522000176,-0.43802090925014203,-0.41437471052068175,-1.4647370226272065,-0.33607603949397397,-0.44783129811929373,0.8221046258423194,-1.6069141719708413,-0.9787084362788611,-0.44783129811929373,-3.033453906368996,False,1308327_YES.csv,1308327_YES
1771080480,2026-02-14 14:48:00,1,106.18,1.91124,0.017999999999830475,1.91124,,0.019,0.027027027027026973,0.027027027027026973,0.002,0.10526315789473685,31328.8,83782.5,115111.3,16042.12000000001,-0.4556781132695052,0.0,0.4556781132695052,-0.7276586971150387,-0.43148245280420394,-0.4270081368826411,-0.22554227402441196,-0.33437819903339744,0.4165400364422711,1.1408056586044912,-1.5861492868018838,0.5808851855466819,0.4165400364422711,-0.5887240648129308,False,1308327_YES.csv,1308327_YES
1771080540,2026-02-14 14:49:00,1,9.74,0.17532,0.01799999999815195,0.17532,,0.019,0.0,0.0,0.002,0.10526315789473685,31328.8,83782.5,115111.3,0.0,-0.4556781132695052,-0.0,0.4556781132695052,-0.7078530041737557,-0.4605693411145443,-0.4813953156450864,-0.20676949288618782,-0.33437819903339744,-0.4625881739038386,1.1768336650406346,-1.6498176609333863,0.6356859731210494,-0.4625881739038386,-1.4767198617161756,False,1308327_YES.csv,1308327_YES
1771080600,2026-02-14 14:50:00,1,263.157893,4.999999,0.0189999963253277,4.999999,,0.019,0.0,0.0,0.002,0.10526315789473685,31328.8,83782.5,115111.3,0.0,-0.4556781132695052,-0.0,0.4556781132695052,-0.7078530041737557,-0.36593008682816014,-0.3160235032734624,-0.1877737046112446,-0.33437819903339744,-0.4625881739038386,1.2150861411987217,-1.3898065942753783,0.6929342375540797,-0.4625881739038386,-1.1594605306251373,False,1308327_YES.csv,1308327_YES
1771080660,2026-02-14 14:51:00,1,1052.631577,19.999999000000003,0.01899999908513185,19.999999000000003,,0.0185,-0.02631578947368418,0.02631578947368418,0.001,0.05405405405405406,33441.14,76305.63,109746.77,-5364.529999999999,-0.3905763240230214,5364.529999999999,0.3905763240230214,-0.6884007425397621,-0.08614161153645042,0.1732575555866555,-1.388074061382841,0.552377131341521,0.3793682526946992,0.8023018651105998,-0.6012847984895571,-0.03339506493072031,0.3793682526946992,-0.2553116107255782,False,1308327_YES.csv,1308327_YES
1771080720,2026-02-14 14:52:00,1,1052.631577,19.999999000000003,0.01899999908513185,19.999999000000003,,0.0185,0.0,0.0,0.001,0.05405405405405406,33441.14,76305.63,109746.77,0.0,-0.3905763240230214,-0.0,0.3905763240230214,-0.6884007425397621,-0.09235159011842077,0.16292648478245073,-1.3460790964911318,-0.35883227684881985,-0.4542401709823839,0.7747449400788265,-0.6178258478757321,-0.9301664332611251,-0.4542401709823839,-2.002232452119241,False,1308327_YES.csv,1308327_YES
1771080780,2026-02-14 14:53:00,2,629.4736809999999,11.959999,0.018999998508247393,5.9799995,,0.0185,0.0,0.0,0.001,0.05405405405405406,33441.14,76305.63,109746.77,0.0,-0.3905763240230214,-0.0,0.3905763240230214,0.36703644264975277,-0.21459473730718423,-0.27226142512210966,-1.3062137602268995,-0.35883227684881985,-0.4542401709823839,0.7476984998512491,-0.11981971977954112,-0.9173475372244703,-0.4542401709823839,-1.4914074279863954,False,1308327_YES.csv,1308327_YES
1771080900,2026-02-14 14:55:00,2,1522.8065000000001,29.89,0.019628232477324172,14.945,,0.0185,0.0,0.0,0.001,0.05405405405405406,33441.14,76305.63,109746.77,0.0,-0.3905763240230214,-0.0,0.3905763240230214,0.39081780115716186,0.2641508061839481,0.04683493763511996,-1.2682743006978536,-0.35883227684881985,-0.4542401709823839,0.7211008627352137,0.7018035449762299,-0.9060057148114599,-0.4542401709823839,-0.6584423408176139,False,1308327_YES.csv,1308327_YES
1771081020,2026-02-14 14:57:00,1,500.0,10.0,0.01999999999996,10.0,,0.019,0.027027027027026973,0.027027027027026973,0.002,0.10526315789473685,34986.82,86083.45999999999,121070.28,11323.509999999995,-0.4220411483313658,0.0,0.4220411483313658,-0.6750489292714613,-0.24423192580029873,-0.09346213346051513,-0.07926714379361588,-0.35883227684881985,0.47890000726349147,0.9286032634407855,-1.0127429885322752,0.49050384279834974,0.47890000726349147,-0.043339138470434024,False,1308327_YES.csv,1308327_YES
1771081200,2026-02-14 15:00:00,2,3002.37,52.662169999999996,0.017540199908732856,26.331084999999998,,0.019,0.0,0.0,0.002,0.10526315789473685,34986.82,86083.45999999999,121070.28,0.0,-0.4220411483313658,-0.0,0.4220411483313658,0.39081780115716186,0.9028718246703042,0.5135383280463361,-0.060089692242776147,-0.3289558988319609,-0.5018884861107739,0.9636739620673904,1.8072279538738023,0.5746283709926534,-0.5018884861107739,1.8799678387556815,False,1308327_YES.csv,1308327_YES
1771081260,2026-02-14 15:01:00,3,894.7336809999999,16.999938999999998,0.018999998950504447,5.666646333333333,,0.019,0.0,0.0,0.002,0.10526315789473685,34986.82,86083.45999999999,121070.28,0.0,-0.4220411483313658,-0.0,0.4220411483313658,1.5307505606438423,-0.07172129394078244,-0.2748369180490026,-0.04051697089417974,-0.3289558988319609,-0.5018884861107739,1.0010093257312491,1.184192348654057,0.6315364560051084,-0.5018884861107739,1.3138403185483916,False,1308327_YES.csv,1308327_YES
1771081320,2026-02-14 15:02:00,1,3.86,0.06562,0.016999999995595854,0.06562,,0.019,0.0,0.0,0.002,0.10526315789473685,34986.82,86083.45999999999,121070.28,0.0,-0.4220411483313658,-0.0,0.4220411483313658,-0.6823827800460502,-0.5336974137887289,-0.4858089480395592,-0.02050384309312876,-0.3002381544350526,-0.5018884861107739,0.9967686449256021,-1.7018891418743385,0.6760266473974208,-0.5018884861107739,-1.5277509805876917,False,1308327_YES.csv,1308327_YES
1771081380,2026-02-14 15:03:00,1,315.789472,5.999999,0.018999996934606436,5.999999,,0.018,-0.052631578947368474,0.052631578947368474,0.002,0.11111111111111112,35375.71,77638.09,113013.79999999999,-8056.4800000000105,-0.37395769366218995,8056.4800000000105,0.37395769366218995,-0.6624522437176794,-0.3555688831271967,-0.2501732295299237,0.0,1.9842105514980244,1.8538705735542698,0.6205866266941493,-1.2681943563747997,2.6047971781921735,1.8538705735542698,3.1904733953716438,False,1308327_YES.csv,1308327_YES
1771081440,2026-02-14 15:04:00,2,141.26,2.54268,0.017999999999872576,1.27134,,0.018,0.0,0.0,0.002,0.11111111111111112,35375.71,77638.09,113013.79999999999,0.0,-0.37395769366218995,-0.0,0.37395769366218995,0.424183890298896,-0.44797269215000657,-0.42623325032811266,0.043953300215902866,-0.3286449568803061,-0.5081569015263636,0.5953295816604479,-0.4500220521792232,0.3106379249960447,-0.5081569015263636,-0.6475410287095421,False,1308327_YES.csv,1308327_YES
1771081560,2026-02-14 15:06:00,2,687.974735,12.441439,0.01808415101171108,6.2207195,,0.0185,0.0277777777777779,0.0277777777777779,0.001,0.05405405405405406,33293.3,79213.48,112506.78,-507.0199999999895,-0.4081547796497242,507.0199999999895,0.4081547796497242,0.424183890298896,-0.18212474772811432,-0.24168891445787283,-1.2343353121070157,-0.18165785707886506,0.751160371042849,0.8430488185797291,0.0003702281129088769,-0.5729443506061516,0.751160371042849,0.17858624854960636,False,1308327_YES.csv,1308327_YES
1771081620,2026-02-14 15:07:00,2,110.52157700000001,2.042019,0.018476202162601447,1.0210095,,0.0185,0.0,0.0,0.001,0.05405405405405406,33293.3,79213.48,112506.78,0.0,-0.4081547796497242,-0.0,0.4081547796497242,0.4067978234579616,-0.4687600475992644,-0.44054423136406123,-1.1961765435559706,-0.32718421685050386,-0.5081569015263638,0.8150167190367645,-0.502506455505364,-0.70834404136971,-0.5081569015263638,-1.7190073984014378,False,1308327_YES.csv,1308327_YES
1771081680,2026-02-14 15:08:00,3,140.001577,2.572659,0.018375928722443053,0.8575529999999999,,0.0185,0.0,0.0,0.001,0.05405405405405406,33293.3,79213.48,112506.78,0.0,-0.4081547796497242,-0.0,0.4081547796497242,1.4581241806259226,-0.45543179132621425,-0.4471746642257298,-1.1600060495910898,-0.32718421685050386,-0.5081569015263638,0.7876175942947158,0.5555177250739786,-0.6995726721468779,-0.5081569015263638,-0.6522118485992632,False,1308327_YES.csv,1308327_YES
1771081740,2026-02-14 15:09:00,2,266.565554,4.587169,0.01720840870528527,2.2935845,,0.0175,-0.054054054054053946,0.054054054054053946,0.001,0.05714285714285714,43897.37,86197.74,130095.11000000002,17588.330000000016,-0.3251495771055499,0.0,0.3251495771055499,0.3645310451564806,-0.3987060662231026,-0.39146582109827405,-1.1256918453042069,-0.32718421685050386,1.848815962529364,0.06594127181750564,-0.42564084216489606,-1.3869347903372051,1.848815962529364,0.0362403300272629,False,1308327_YES.csv,1308327_YES
1771082040,2026-02-14 15:14:00,2,46.53,0.8375399999999997,0.017999999999613152,0.41876999999999986,,0.0175,0.0,0.0,0.001,0.05714285714285714,43897.37,86197.74,130095.11000000002,0.0,-0.3251495771055499,-0.0,0.3251495771055499,0.3475395132659814,-0.5016456264460358,-0.4625087431473102,-1.1256918453042069,-0.35522126357157274,-0.5337708428061322,0.08762075997285323,-0.6166148563273646,-1.3932923489029263,-0.5337708428061322,-2.5436780480364227,False,1308327_YES.csv,1308327_YES
1771082100,2026-02-14 15:15:00,1,125.0,2.25,0.017999999999856,2.25,,0.0175,0.0,0.0,0.001,0.05714285714285714,43241.69,90836.49,134078.18,3983.069999999978,-0.35497796882386085,0.0,0.35497796882386085,-0.7232824210849792,-0.4466936756710648,-0.3855526260649263,-1.1256918453042069,-0.35522126357157274,-0.5337708428061322,0.36830679663882104,-1.5555287228209702,-1.1126063122369585,-0.5337708428061322,-3.2019058778640606,False,1308327_YES.csv,1308327_YES
1771082160,2026-02-14 15:16:00,9,1867.830058,34.737,0.018597516327141864,3.859666666666667,,0.0175,0.0,0.0,0.001,0.05714285714285714,43241.69,90836.49,134078.18,0.0,-0.35497796882386085,-0.0,0.35497796882386085,5.5381525328861025,0.4325011377728419,-0.3238553199907526,-1.1256918453042069,-0.35522126357157274,-0.5337708428061322,0.39077409118652057,5.646798350668192,-1.0901390176892591,-0.5337708428061322,4.022888490172801,False,1308327_YES.csv,1308327_YES
1771082220,2026-02-14 15:17:00,1,43.47,0.7824599999999999,0.01799999999958592,0.7824599999999999,,0.0175,0.0,0.0,0.001,0.05714285714285714,43241.69,90836.49,134078.18,0.0,-0.35497796882386085,-0.0,0.35497796882386085,-0.5782584815949663,-0.4958525316763902,-0.4391590906223033,-1.0931316063772702,-0.35522126357157274,-0.5337708428061322,0.38424438026225993,-1.5132701038936598,-1.0641084896865831,-0.5337708428061322,-3.111149436386375,False,1308327_YES.csv,1308327_YES
1771082340,2026-02-14 15:19:00,1,210.526314,3.999999,0.018999995411409648,3.999999,,0.0175,0.0,0.0,0.001,0.05714285714285714,43241.69,90836.49,134078.18,0.0,-0.35497796882386085,-0.0,0.35497796882386085,-0.5782584815949663,-0.4018929400956825,-0.30939308740506627,-1.062252480632761,-0.35522126357157274,-0.5337708428061322,0.3777457461980896,-1.2895445090957152,-1.0397279980062442,-0.5337708428061322,-2.863043349908091,False,1308327_YES.csv,1308327_YES
1771082400,2026-02-14 15:20:00,1,6.97,0.12546,0.017999999997417502,0.12546,,0.0175,0.0,0.0,0.001,0.05714285714285714,43241.69,90836.49,134078.18,0.0,-0.35497796882386085,-0.0,0.35497796882386085,-0.5782584815949663,-0.5054190462990652,-0.4531914916419127,-1.0305338422391441,-0.35522126357157274,-0.5191566411012292,0.3582040589964877,-1.536869019535944,-1.0275510468142293,-0.5191566411012292,-3.0835767074514027,False,1308327_YES.csv,1308327_YES
1771082460,2026-02-14 15:21:00,1,4.58,0.07786,0.016999999996288213,0.07786,,0.0175,0.0,0.0,0.001,0.05714285714285714,43999.1,94109.47,138108.57,4030.390000000014,-0.3628331681372126,0.0,0.3628331681372126,-0.5555515003907082,-0.5005390710139066,-0.4521805148551834,-0.999929969536743,-0.35522126357157274,-0.5191566411012292,0.4082523595502185,-1.5082710862597983,-0.9468988735580972,-0.5191566411012292,-2.9743266009191247,False,1308327_YES.csv,1308327_YES
1771082520,2026-02-14 15:22:00,2,145.466665,2.599599,0.017870754100137796,1.2997995,,0.0175,0.0,0.0,0.001,0.05714285714285714,43999.1,94109.47,138108.57,0.0,-0.3628331681372126,-0.0,0.3628331681372126,0.20719219075744025,-0.43194735042756477,-0.40530167182099125,-0.9703484116792709,-0.35522126357157274,-0.5191566411012292,0.38773161703035275,-0.6300568314911158,-0.9378380582204909,-0.5191566411012292,-2.087051530812836,False,1308327_YES.csv,1308327_YES
1771082580,2026-02-14 15:23:00,1,111.111111,2.0,0.018000000017837997,2.0,,0.0175,0.0,0.0,0.001,0.05714285714285714,43999.1,94109.47,138108.57,0.0,-0.3628331681372126,-0.0,0.3628331681372126,-0.5697785245829609,-0.4488877135801654,-0.379467832284954,-0.9417058011667229,-0.35522126357157274,-0.5191566411012292,0.3671394104722398,-1.3981340704480802,-0.9297876542660557,-0.5191566411012292,-2.847078365815365,False,1308327_YES.csv,1308327_YES
1771082640,2026-02-14 15:24:00,1,5378.393683,100.0,0.018592911916444643,100.0,,0.0175,0.0,0.0,0.001,0.05714285714285714,43759.41,93879.86,137639.27000000002,-469.29999999998836,-0.3641435325833971,469.29999999998836,0.3641435325833971,-0.5697785245829609,2.104331123520884,3.013473200351452,-0.913926647381026,-0.14415772920628014,-0.5191566411012292,0.35478536203348415,4.548025799289375,-0.703299014553822,-0.5191566411012292,3.325570143634324,False,1308327_YES.csv,1308327_YES
1771082700,2026-02-14 15:25:00,2,2599.7857879999997,49.352459999999994,0.018983279402395463,24.676229999999997,,0.0175,0.0,0.0,0.001,0.05714285714285714,43759.41,93879.86,137639.27000000002,0.0,-0.3641435325833971,-0.0,0.3641435325833971,0.2219084116308869,0.7558651443231701,0.37625860063899386,-0.886942313043406,-0.3591273170917763,-0.5191566411012292,0.32997737673993355,1.3540321565930509,-0.9160922533952488,-0.5191566411012292,-0.0812167379034271,False,1308327_YES.csv,1308327_YES
1771082760,2026-02-14 15:26:00,1,16.41,0.29538,0.017999999998903105,0.29538,,0.0175,0.0,0.0,0.001,0.05714285714285714,43759.41,93879.86,137639.27000000002,0.0,-0.3641435325833971,-0.0,0.3641435325833971,-0.5612977470663607,-0.5230918223221364,-0.4668443861373831,-0.8606901408600333,-0.3591273170917763,-0.5191566411012292,0.3046371987983864,-1.55123395552588,-0.915180259153423,-0.5191566411012292,-2.9855708557805323,False,1308327_YES.csv,1308327_YES
1771082880,2026-02-14 15:28:00,1,55.28,0.99504,0.017999999999674384,0.99504,,0.0175,0.0,0.0,0.001,0.05714285714285714,43759.41,93879.86,137639.27000000002,0.0,-0.3641435325833971,-0.0,0.3641435325833971,-0.5612977470663607,-0.5037223110432201,-0.4411323400907162,-0.8351127041021608,-0.3591273170917763,-0.5191566411012292,0.2786447889213555,-1.506152398200297,-0.9155952322725815,-0.5191566411012292,-2.9409042715741074,False,1308327_YES.csv,1308327_YES
1771083000,2026-02-14 15:30:00,1,105.263156,1.999999,0.0189999908418193,1.999999,,0.0185,0.05714285714285694,0.05714285714285694,0.001,0.05405405405405406,43578.22,91169.13,134747.35,-2891.920000000013,-0.35318624076837135,2891.920000000013,0.35318624076837135,-0.5612977470663607,-0.47801251992612825,-0.40687304242961975,-0.8101571599145841,0.9373509651175487,2.1287813246998466,0.13582587059394072,-1.4461833094221088,0.2630196757969052,2.1287813246998466,0.945617691074643,False,1308327_YES.csv,1308327_YES
1771083120,2026-02-14 15:32:00,2,586.315788,11.14,0.01900000004772343,5.57,,0.0185,0.0,0.0,0.001,0.05405405405405406,43578.22,91169.13,134747.35,0.0,-0.35318624076837135,-0.0,0.35318624076837135,0.25500425928554366,-0.24132141528347104,-0.2852142770051396,-0.7857746881041717,-0.37872902947201675,-0.544179905330811,0.09915127364307769,-0.27153143300306704,-1.0653524439331108,-0.544179905330811,-1.8810637822669887,False,1308327_YES.csv,1308327_YES
1771083240,2026-02-14 15:34:00,1,3.57,0.06426,0.017999999994957983,0.06426,,0.0185,0.0,0.0,0.001,0.05405405405405406,43578.22,91169.13,134747.35,0.0,-0.35318624076837135,-0.0,0.35318624076837135,-0.5247802993205289,-0.5247055941969828,-0.47482012259848305,-0.7857746881041717,-0.350159990577691,-0.5223975464569921,0.07139991804081083,-1.524306016115995,-1.0645347606410518,-0.5223975464569921,-3.111238323214039,False,1308327_YES.csv,1308327_YES
1771083300,2026-02-14 15:35:00,1,52.631577,0.999999,0.0189999817026383,0.999999,,0.0185,0.0,0.0,0.001,0.05405405405405406,43578.22,91169.13,134747.35,0.0,-0.35318624076837135,-0.0,0.35318624076837135,-0.5247802993205289,-0.5002923840489378,-0.44227546337667323,-0.7857746881041717,-0.350159990577691,-0.5223975464569921,0.042300633243210956,-1.46734814674614,-1.0936340454386517,-0.5223975464569921,-3.083379738641784,False,1308327_YES.csv,1308327_YES
1771083360,2026-02-14 15:36:00,1,27000.0,441.86254,0.016365279259258594,441.86254,,0.0185,0.0,0.0,0.001,0.05405405405405406,33593.57,97511.81,131105.38,-3641.970000000001,-0.48753331098998376,3641.970000000001,0.48753331098998376,-0.5102286437189326,6.229207432711754,6.758359255431839,-0.7857746881041717,1.3903071899290405,-0.5223975464569921,1.5433849088040192,12.477338044424659,2.147917410628888,-0.5223975464569921,14.102857908596556,True,1308327_YES.csv,1308327_YES
1771083420,2026-02-14 15:37:00,3,323.877131,5.451038,0.016830573937568833,1.8170126666666666,,0.0185,0.0,0.0,0.001,0.05405405405405406,33593.57,97511.81,131105.38,0.0,-0.48753331098998376,-0.0,0.48753331098998376,1.1194684015853487,-0.33078038200820176,-0.30843536330230004,-0.7619200012819586,-0.3517611547865202,-0.5011022879282699,1.4934849646218697,0.4802526562748468,0.379803808553391,-0.5011022879282699,0.3589541768999679,False,1308327_YES.csv,1308327_YES
1771083480,2026-02-14 15:38:00,1,29.41,0.47056,0.015999999999455967,0.47056,,0.0185,0.0,0.0,0.001,0.05405405405405406,33593.57,97511.81,131105.38,0.0,-0.48753331098998376,-0.0,0.48753331098998376,-0.518778039759064,-0.4037747483979501,-0.328149158598066,-0.7385509147072556,-0.3517611547865202,-0.5011022879282699,1.4473681751111689,-1.2507019467550802,0.3570561056173931,-0.5011022879282699,-1.394748129065957,False,1308327_YES.csv,1308327_YES
1771083540,2026-02-14 15:39:00,5,1752.28333,30.703198,0.0175218227979047,6.1406396,,0.017,-0.08108108108108092,0.08108108108108092,0.002,0.11764705882352941,18116.2,104874.28,122990.48,-8114.900000000009,-0.7054048410901397,8114.900000000009,0.7054048410901397,2.5527100502026308,0.04287404414680727,-0.238811832557926,0.5647742288937836,3.2274781075668613,3.0066576422665894,3.5301619152617167,2.3567722617915123,7.322414251722361,3.0066576422665894,12.685844155780462,True,1308327_YES.csv,1308327_YES
1771083720,2026-02-14 15:42:00,1,30.45,0.4872,0.01599999999947455,0.4872,,0.017,0.0,0.0,0.002,0.11764705882352941,17630.27,104369.11,121999.38,-991.0999999999913,-0.7109777115260749,991.0999999999913,0.7109777115260749,-0.5414839500429823,-0.4117268416882946,-0.32960339336655226,0.5442285723442563,0.05413328586085746,-0.5002816630321533,3.289699781346451,-1.2828141850978292,3.8880616395515646,-0.5002816630321533,2.104965791421582,False,1308327_YES.csv,1308327_YES
1771083780,2026-02-14 15:43:00,1,559.89,8.95824,0.015999999999971422,8.95824,,0.017,0.0,0.0,0.002,0.11764705882352941,17630.27,104369.11,121999.38,0.0,-0.7109777115260749,-0.0,0.7109777115260749,-0.5190437290769027,-0.2851615629009582,-0.1955513933702953,0.5238497920694477,-0.386882045398563,-0.5002816630321533,3.055500051627789,-0.9997566853481561,3.1924677982986736,-0.5002816630321533,1.692429449918364,False,1308327_YES.csv,1308327_YES
1771083840,2026-02-14 15:44:00,1,55.555554,0.999999,0.017999982503675502,0.999999,,0.017,0.0,0.0,0.002,0.11764705882352941,17630.27,104369.11,121999.38,0.0,-0.7109777115260749,-0.0,0.7109777115260749,-0.5052464126859244,-0.4045306179025098,-0.3233592186229975,0.5036112075144715,-0.386882045398563,-0.5002816630321533,2.86687768697778,-1.2331362492114317,2.9836068490936887,-0.5002816630321533,1.2501889368501038,False,1308327_YES.csv,1308327_YES
1771083900,2026-02-14 15:45:00,1,166.666665,2.999999,0.017999994179891902,2.999999,,0.017,0.0,0.0,0.002,0.11764705882352941,32962.4,104022.28,136984.68,14985.299999999988,-0.5187432638452709,0.0,0.5187432638452709,-0.5052464126859244,-0.37517493351754483,-0.2919753776952913,0.5036112075144717,-0.36460798212177997,-0.4801008011166525,1.0658318909190565,-1.1723967238987605,1.2048351163117483,-0.4801008011166525,-0.44766240870366464,False,1308327_YES.csv,1308327_YES
1771083960,2026-02-14 15:46:00,2,7379.527646,106.33956,0.014410076782844719,53.16978,,0.017,0.0,0.0,0.002,0.11764705882352941,32962.4,104022.28,136984.68,0.0,-0.5187432638452709,-0.0,0.5187432638452709,0.27205576067703635,1.1423300051827454,0.49955696825216095,0.5036112075144715,-0.36460798212177997,-0.4801008011166525,1.030822424213595,1.9139427341119428,1.1698256496062867,-0.4801008011166525,2.6036675826015774,False,1308327_YES.csv,1308327_YES
1771084020,2026-02-14 15:47:00,1,312.5,5.0,0.0159999999999488,5.0,,0.017,0.0,0.0,0.002,0.11764705882352941,32962.4,104022.28,136984.68,0.0,-0.5187432638452709,-0.0,0.5187432638452709,-0.5052464126859244,-0.3688021098783552,-0.27466571337853946,0.5036112075144715,-0.36460798212177997,-0.4801008011166525,0.9970517559713562,-1.148714235942819,1.1360549813640477,-0.4801008011166525,-0.49276005569542386,False,1308327_YES.csv,1308327_YES
1771084080,2026-02-14 15:48:00,1,202.0,2.626,0.012999999999935643,2.626,,0.014,-0.17647058823529416,0.17647058823529416,0.002,0.14285714285714285,131858.06,27665.98,159524.04,22539.360000000015,0.6531434384435099,0.0,0.6531434384435099,-0.4829771311966356,-0.3828773448258512,-0.3042423682733077,0.5036112075144715,-0.36460798212177997,5.206414346369002,2.108894347046188,-1.1700968442957944,2.2478975724388794,5.206414346369002,6.284215074512087,False,1308327_YES.csv,1308327_YES
1771084140,2026-02-14 15:49:00,2,466.66666599999996,7.0,0.015000000021396431,3.5,,0.014,0.0,0.0,0.002,0.14285714285714285,131858.06,27665.98,159524.04,0.0,0.6531434384435099,-0.0,0.6531434384435099,0.3002290275006113,-0.2864902752371093,-0.26941108529018887,0.5397759022885369,-0.3421259830314475,-0.4185963701342938,2.000901943724444,-0.25567233302668685,2.1985518629815335,-0.4185963701342938,1.5242831598205528,False,1308327_YES.csv,1308327_YES
1771084200,2026-02-14 15:50:00,2,285.526665,4.2828990000000005,0.014999996585205093,2.1414495000000002,,0.014,0.0,0.0,0.002,0.14285714285714285,131858.06,27665.98,159524.04,0.0,0.6531434384435099,-0.0,0.6531434384435099,0.2875495344623491,-0.3076829600586018,-0.2687451700459482,0.5787251484572912,-0.3421259830314475,-0.4185963701342938,1.9046155771961677,-0.2888785956422009,2.1412147426220116,-0.4185963701342938,1.433739776845517,False,1308327_YES.csv,1308327_YES
1771084260,2026-02-14 15:51:00,3,2179.933333,32.699,0.015000000002286767,10.899666666666667,,0.0145,0.03571428571428581,0.03571428571428581,0.001,0.06896551724137931,126837.83,32904.9,159742.73,218.69000000000233,0.5880263220742502,0.0,0.5880263220742502,1.038087458153805,0.13780909884989062,-0.1275065328964674,-0.7865308952738057,-0.3421259830314475,0.7609987259939806,1.3079120565918325,1.0483900241072281,0.17925517828657922,0.7609987259939806,1.988643928387788,False,1308327_YES.csv,1308327_YES
1771084320,2026-02-14 15:52:00,3,352.19333,5.064038,0.014378574403966188,1.6880126666666666,,0.0145,0.0,0.0,0.001,0.06896551724137931,126837.83,32904.9,159742.73,0.0,0.5880263220742502,-0.0,0.5880263220742502,1.0056130500798244,-0.2917185641904373,-0.2658067549936679,-0.7639917169890427,-0.3421259830314475,-0.41307823863080995,1.2672845879199819,0.4480877308957192,0.16116688789949163,-0.41307823863080995,0.19617638016440087,False,1308327_YES.csv,1308327_YES
1771084380,2026-02-14 15:53:00,2,126.58625,2.0,0.015799504290428062,1.0,,0.0145,0.0,0.0,0.001,0.06896551724137931,126837.83,32904.9,159742.73,0.0,0.5880263220742502,-0.0,0.5880263220742502,0.21963663968934985,-0.34044811917725887,-0.27656007253305415,-0.7427583830331684,-0.3421259830314475,-0.41307823863080995,1.2290048165845464,-0.3973715520209632,0.1441204505199305,-0.41307823863080995,-0.6663293401318426,False,1308327_YES.csv,1308327_YES
1771084500,2026-02-14 15:55:00,3,1375.0,22.0,0.015999999999988364,7.333333333333333,,0.0145,0.0,0.0,0.001,0.06896551724137931,126837.83,32904.9,159742.73,0.0,0.5880263220742502,-0.0,0.5880263220742502,1.0266532585635775,-0.020399608007810276,-0.17266263710662083,-0.7230950980250556,-0.3421259830314475,-0.41307823863080995,1.1929137306303899,0.8335910134491462,0.12769264957388682,-0.41307823863080995,0.5482054243922231,False,1308327_YES.csv,1308327_YES
1771084680,2026-02-14 15:58:00,1,100.0,1.6,0.01599999999984,1.6,,0.0145,0.0,0.0,0.001,0.06896551724137931,126837.83,32904.9,159742.73,0.0,0.5880263220742502,-0.0,0.5880263220742502,-0.5528132930726954,-0.3187844038836416,-0.23668909048362158,-0.705434849285049,-0.31274727423748166,-0.3880900963596925,1.1533310740307108,-1.1082867874399587,0.1351489505081802,-0.3880900963596925,-1.361227933291471,False,1308327_YES.csv,1308327_YES
1771084920,2026-02-14 16:02:00,1,625.0,10.0,0.0159999999999744,10.0,,0.0145,0.0,0.0,0.001,0.06896551724137931,126837.83,32904.9,159742.73,0.0,0.5880263220742502,-0.0,0.5880263220742502,-0.5528132930726954,-0.18264708816151334,-0.0954694607759322,-0.6905034317847972,-0.31274727423748166,-0.3880900963596925,1.1154844558890091,-0.830929842010141,0.11223374986673029,-0.3880900963596925,-1.1067861885031032,False,1308327_YES.csv,1308327_YES
1771085040,2026-02-14 16:04:00,3,414.8,6.2391000000000005,0.01504122468655969,2.0797000000000003,,0.0145,0.0,0.0,0.001,0.06896551724137931,126837.83,32904.9,159742.73,0.0,0.5880263220742502,-0.0,0.5880263220742502,0.9943900207983281,-0.2452777178802425,-0.2305070201919757,-0.6795741948177063,-0.31274727423748166,-0.3880900963596925,1.0792081284389474,0.5186052827261098,0.08688665938375939,-0.3880900963596925,0.21740184575017674,False,1308327_YES.csv,1308327_YES
1771085160,2026-02-14 16:06:00,5,1217.727643,20.330538000000004,0.016695472191053183,4.0661076000000005,,0.0155,0.06896551724137923,0.06896551724137923,0.003,0.1935483870967742,71119.8,107516.21,178636.01,18893.28,-0.20374620996069046,0.0,0.20374620996069046,2.426800201743205,-0.013327866477507264,-0.19611397871109124,3.203706918426329,-0.31274727423748166,1.9066422659341793,-2.1216836684647578,2.2173583565546062,0.7692759757240899,1.9066422659341793,4.893276598212875,False,1308327_YES.csv,1308327_YES
1771085220,2026-02-14 16:07:00,1,8301.934735,149.999999,0.018068077356426224,149.999999,,0.0155,0.0,0.0,0.003,0.1935483870967742,71119.8,107516.21,178636.01,0.0,-0.20374620996069046,-0.0,0.20374620996069046,-0.575426851959729,2.01985158915165,2.172164805722522,2.9121231688315374,-0.31274727423748166,-0.3907855882858875,-2.019490085045545,3.6165895429144435,0.5798858095485109,-0.3907855882858875,3.8056897641770666,False,1308327_YES.csv,1308327_YES
1771085280,2026-02-14 16:08:00,2,118.055554,1.9374989999999999,0.016411756451404122,0.9687494999999999,,0.0155,0.0,0.0,0.003,0.1935483870967742,71119.8,107516.21,178636.01,0.0,-0.20374620996069046,-0.0,0.20374620996069046,0.1751299114660045,-0.3221767849741972,-0.2652256973103131,2.680652427283187,-0.31274727423748166,-0.3907855882858875,-1.9283667838957905,-0.41227257081850577,0.43953836914991484,-0.3907855882858875,-0.3635197899544784,False,1308327_YES.csv,1308327_YES
1771085340,2026-02-14 16:09:00,3,2238.326664,40.289879,0.017999999574674207,13.429959666666667,,0.0165,0.06451612903225823,0.06451612903225823,0.003,0.18181818181818182,43494.12,109188.93,152683.05,-25952.96000000002,-0.4302691752620871,25952.96000000002,0.4302691752620871,0.896964578199963,0.2904390923685237,-0.06308696145429196,2.490660893197413,6.7779792267536925,1.7868300325501276,-0.1269825540170135,1.1243167091141948,9.141657565934091,1.7868300325501276,12.052804307598414,True,1308327_YES.csv,1308327_YES
1771085460,2026-02-14 16:11:00,3,911.555554,16.107999,0.017670891180793877,5.369333,,0.0165,0.0,0.0,0.003,0.18181818181818182,43494.12,109188.93,152683.05,0.0,-0.4302691752620871,-0.0,0.4302691752620871,0.86903662776494,-0.10104848799972616,-0.19159061707089406,2.330724581242011,-0.25280006472622846,-0.3935701361304539,-0.12938097677335264,0.5763975226943197,1.9485435397424298,-0.3935701361304539,2.131370926306295,False,1308327_YES.csv,1308327_YES
1771085520,2026-02-14 16:12:00,1,117.647057,1.9999990000000003,0.0169999917633553,1.9999990000000003,,0.0165,0.0,0.0,0.001,0.06060606060606061,16343.59,79282.89,95626.48,-57056.56999999999,-0.6581785714584496,57056.56999999999,0.6581785714584496,-0.6207404484035285,-0.33001900591974875,-0.24690034907477262,-0.7427583830331681,6.7872184619187355,-0.3935701361304539,1.6177905069955953,-1.19765980339805,7.6622505858811625,-0.3935701361304539,6.071020646352658,False,1308327_YES.csv,1308327_YES
1771085580,2026-02-14 16:13:00,1,1.0,0.016,0.015999999984,0.016,,0.0165,0.0,0.0,0.001,0.06060606060606061,16343.59,79282.89,95626.48,0.0,-0.6581785714584496,-0.0,0.6581785714584496,-0.6207404484035285,-0.3616796167105044,-0.2790781777069566,-0.717864728393206,-0.2317801983776392,-0.37876169652141856,1.5578657585865834,-1.2614982428209895,0.6082208318157382,-0.37876169652141856,-1.03203910752667,False,1308327_YES.csv,1308327_YES
1771085640,2026-02-14 16:14:00,1,1091.68,17.46688,0.015999999999985342,17.46688,,0.0165,0.0,0.0,0.001,0.06060606060606061,16343.59,79282.89,95626.48,0.0,-0.6581785714584496,-0.0,0.6581785714584496,-0.6207404484035285,-0.08292939723083684,0.00408727597279962,-0.693386406161526,-0.2317801983776392,-0.37876169652141856,1.5020355064557114,-0.6995825696615656,0.5768689019165462,-0.37876169652141856,-0.501475364266438,False,1308327_YES.csv,1308327_YES
1771085760,2026-02-14 16:16:00,1,34.86,0.55776,0.015999999999541024,0.55776,,0.0165,0.0,0.0,0.001,0.06060606060606061,16343.59,79282.89,95626.48,0.0,-0.6581785714584496,-0.0,0.6581785714584496,-0.6207404484035285,-0.35659241145375326,-0.2737725918357904,-0.6692783524274081,-0.2317801983776392,-0.37876169652141856,1.4497973749479351,-1.2511054516930722,0.5487388241428879,-0.37876169652141856,-1.081128324071603,False,1308327_YES.csv,1308327_YES
1771085820,2026-02-14 16:17:00,3,165.257056,2.71661,0.01643869294139886,0.9055366666666668,,0.0165,0.0,0.0,0.001,0.06060606060606061,16343.59,79282.89,95626.48,0.0,-0.6581785714584496,-0.0,0.6581785714584496,0.8418352670156679,-0.31654271673231565,-0.26262891613539224,-0.6692783524274081,-0.22103778351583317,-0.3643286942153342,1.3962346201339075,0.26266363414796007,0.5059184841906663,-0.3643286942153342,0.4042534241232921,False,1308327_YES.csv,1308327_YES
1771085880,2026-02-14 16:18:00,1,209.411763,3.559999,0.016999995363121023,3.559999,,0.016,-0.030303030303030276,0.030303030303030276,0.002,0.125,43477.55,82807.6,126285.15000000001,30658.670000000013,-0.3114384391197223,0.0,0.3114384391197223,-0.6437563806590402,-0.29816683183224063,-0.21424348207744137,0.8474722741974209,-0.22103778351583317,0.643391240078282,-1.0939930641677036,-1.1561666945687223,-0.46755857348611585,0.643391240078282,-0.9803340279765562,False,1308327_YES.csv,1308327_YES
1771085940,2026-02-14 16:19:00,1,184.99,2.77485,0.014999999999918913,2.77485,,0.016,0.0,0.0,0.002,0.125,43477.55,82807.6,126285.15000000001,0.0,-0.3114384391197223,-0.0,0.3114384391197223,-0.6292712850663083,-0.3082429982243623,-0.226268453122542,0.820416832449378,-0.22103778351583317,-0.3805075900749495,-1.0762151595299372,-1.1637827364132125,-0.4768361105963923,-0.3805075900749495,-2.021126437084554,False,1308327_YES.csv,1308327_YES
1771086000,2026-02-14 16:20:00,1,210.96,3.58632,0.016999999999919416,3.58632,,0.016,0.0,0.0,0.002,0.125,43477.55,82807.6,126285.15000000001,0.0,-0.3114384391197223,-0.0,0.3114384391197223,-0.6149838438569916,-0.2878053497674168,-0.2096911063369837,0.7939830991044212,-0.22103778351583317,-0.3805075900749495,-1.0588625037131527,-1.112480299961392,-0.48591718812456464,-0.3805075900749495,-1.9789050781609063,False,1308327_YES.csv,1308327_YES
1771086180,2026-02-14 16:23:00,1,58.823528,1.0,0.017000000407711,1.0,,0.016,0.0,0.0,0.002,0.125,43477.55,82807.6,126285.15000000001,0.0,-0.3114384391197223,-0.0,0.3114384391197223,-0.6149838438569916,-0.3270976874205832,-0.2497305945776814,0.7939830991044212,-0.22103778351583317,-0.36576166369511676,-1.0367831035458077,-1.191812125855256,-0.46383778795721964,-0.36576166369511676,-2.0214115775075925,False,1308327_YES.csv,1308327_YES
1771086240,2026-02-14 16:24:00,1,58.823528,1.0,0.017000000407711,1.0,,0.016,0.0,0.0,0.002,0.125,43835.79,83919.17,127754.95999999999,1469.8099999999831,-0.3137520453217629,0.0,0.3137520453217629,-0.6008842102464143,-0.31358497798363744,-0.242711521325118,0.7939830991044216,-0.22103778351583317,-0.36576166369511676,-0.9997902452778477,-1.1571807095551698,-0.42684492968925924,-0.36576166369511676,-1.9497873029395456,False,1308327_YES.csv,1308327_YES
1771086360,2026-02-14 16:26:00,2,12.6,0.1889999999999999,0.014999999998809521,0.09449999999999995,,0.016,0.0,0.0,0.002,0.125,43835.79,83919.17,127754.95999999999,0.0,-0.3137520453217629,-0.0,0.3137520453217629,0.1480982292326896,-0.32191769307995677,-0.25601016664287934,0.7939830991044216,-0.22103778351583317,-0.36576166369511676,-0.9795610253371545,-0.42982963049014655,-0.4066157097485661,-0.36576166369511676,-1.2022070039338293,False,1308327_YES.csv,1308327_YES
1771086480,2026-02-14 16:28:00,2,358.823528,6.1000000000000005,0.017000000066837866,3.0500000000000003,,0.016,0.0,0.0,0.002,0.125,43835.79,83919.17,127754.95999999999,0.0,-0.3137520453217629,-0.0,0.3137520453217629,0.1361474081162424,-0.22782959830617303,-0.20821325666941967,0.7939830991044216,-0.22103778351583317,-0.36576166369511676,-0.9598504273545433,-0.2998954468593503,-0.3869051117659549,-0.36576166369511676,-1.052562222320422,False,1308327_YES.csv,1308327_YES
1771086540,2026-02-14 16:29:00,2,469.54,7.196630000000001,0.015326979597019756,3.5983150000000004,,0.016,0.0,0.0,0.002,0.125,43835.79,83919.17,127754.95999999999,0.0,-0.3137520453217629,-0.0,0.3137520453217629,0.12414808968070576,-0.2103827675472541,-0.19850173266254434,0.7939830991044216,-0.20548189984161222,-0.3416926810887789,-0.948025071267061,-0.2847364105290927,-0.35952387200425173,-0.3416926810887789,-0.9859529636221234,False,1308327_YES.csv,1308327_YES
1771086600,2026-02-14 16:30:00,2,1384.2058809999999,23.5,0.0169772432862413,11.75,,0.016,0.0,0.0,0.002,0.125,43258.72,87943.83,131202.55,3447.5899999999965,-0.34058110913240636,0.0,0.34058110913240636,0.12414808968070576,0.04841761790246431,-0.0671968537271205,0.7939830991044216,-0.20548189984161222,-0.3416926810887789,-0.759628989673989,0.10536885385604958,-0.17112779041117965,-0.3416926810887789,-0.407451617643909,False,1308327_YES.csv,1308327_YES
1771086780,2026-02-14 16:33:00,1,588.235293,10.0,0.0170000000322711,10.0,,0.016,0.0,0.0,0.002,0.125,43258.72,87943.83,131202.55,0.0,-0.34058110913240636,-0.0,0.34058110913240636,-0.6064748179723525,-0.17001798029903228,-0.09707241055083682,0.7681145747869401,-0.20439842229152766,-0.32653048546286784,-0.7489180920868047,-0.8735652088222216,-0.1852019395913923,-0.32653048546286784,-1.3852976338764817,False,1308327_YES.csv,1308327_YES
1771086840,2026-02-14 16:34:00,1,514.94,7.724100000000001,0.01499999999997087,7.724100000000001,,0.016,0.0,0.0,0.002,0.125,43258.72,87943.83,131202.55,0.0,-0.34058110913240636,-0.0,0.34058110913240636,-0.5923929169307585,-0.2085731564336152,-0.13645387239066026,0.7427583830331681,-0.20439842229152766,-0.32653048546286784,-0.7383493921493162,-0.9374199457550338,-0.19998943140767567,-0.32653048546286784,-1.4639398626255773,False,1308327_YES.csv,1308327_YES
1771086960,2026-02-14 16:36:00,1,200.0,3.2,0.015999999999920002,3.2,,0.016,0.0,0.0,0.002,0.125,37463.78,89070.33,126534.11,-4668.439999999988,-0.40784694340522093,4668.439999999988,0.40784694340522093,-0.5700100995923696,-0.2822075210753973,-0.21168417926910016,0.7178647283932055,0.36331504039632995,-0.32653048546286784,-0.2850374823390952,-1.0639017999368672,0.7961422864504403,-0.32653048546286784,-0.5942899989492947,False,1308327_YES.csv,1308327_YES
1771087080,2026-02-14 16:38:00,1,592.563528,10.06,0.01697708266645635,10.06,,0.016,0.0,0.0,0.002,0.125,37463.78,89070.33,126534.11,0.0,-0.40784694340522093,-0.0,0.40784694340522093,-0.5562738169647684,-0.17236413112877003,-0.10078685560728404,0.693386406161526,-0.2138588858936808,-0.30144002131778813,-0.2959177454364192,-0.8294248037008225,0.18360977483142604,-0.30144002131778813,-0.9472550501871846,False,1308327_YES.csv,1308327_YES
1771087200,2026-02-14 16:40:00,2,336.79999999999995,5.646699999999999,0.016765736341992937,2.8233499999999996,,0.016,0.0,0.0,0.002,0.125,37463.78,89070.33,126534.11,0.0,-0.40784694340522093,-0.0,0.40784694340522093,0.1854246056549228,-0.24543675542953175,-0.22080016552546577,0.669278352427408,-0.2138588858936808,-0.30144002131778813,-0.30695300558882754,-0.2808123153000747,0.14846646094489963,-0.30144002131778813,-0.43378587567296323,False,1308327_YES.csv,1308327_YES
1771087260,2026-02-14 16:41:00,2,1269.47,20.25311,0.015953988672425538,10.126555,,0.016,0.0,0.0,0.002,0.125,37463.78,89070.33,126534.11,0.0,-0.40784694340522093,-0.0,0.40784694340522093,0.17348133465854731,-0.013002823120530678,-0.10256887220045316,0.6454972243679704,-0.2138588858936808,-0.30144002131778813,-0.3138963941524681,0.05790963933756349,0.1177419443218215,-0.30144002131778813,-0.12578843765840314,False,1308327_YES.csv,1308327_YES
1771087320,2026-02-14 16:42:00,2,2890.0,45.07,0.015595155709337165,22.535,,0.0145,-0.09375,0.09375,0.003,0.20689655172413793,75061.44,75810.47,150871.91,24337.800000000003,-0.004964675001463154,0.0,0.004964675001463154,0.36703644264975294,0.3873892745726721,0.09702084689331575,2.0765403788114223,-0.2138588858936808,2.7456143397773625,-2.8225737956395065,0.8514465641157407,-0.959892302721765,2.7456143397773625,2.6371686011713384,False,1308327_YES.csv,1308327_YES
1771087380,2026-02-14 16:43:00,3,2980.0,47.066,0.015793959731538316,15.688666666666668,,0.0145,0.0,0.0,0.003,0.20689655172413793,75061.44,75810.47,150871.91,0.0,-0.004964675001463154,-0.0,0.004964675001463154,1.3639118860908956,0.40708946585013994,-0.02006361990689056,1.9720240471852855,-0.2138588858936808,-0.3327007293507589,-2.622982321857632,1.7509377320341448,-0.8648171605660273,-0.3327007293507589,0.5534198421173586,False,1308327_YES.csv,1308327_YES
1771087560,2026-02-14 16:46:00,1,2441.390587,40.0,0.016384105113281287,40.0,,0.0145,0.0,0.0,0.003,0.20689655172413793,75061.44,75810.47,150871.91,0.0,-0.004964675001463154,-0.0,0.004964675001463154,-0.707853004173756,0.28261964894376995,0.37113754531127485,1.87857129061538,-0.2138588858936808,-0.3327007293507589,-2.4555930974116777,-0.05409580991871116,-0.7908806926899785,-0.3327007293507589,-1.1776772319594486,False,1308327_YES.csv,1308327_YES
1771087620,2026-02-14 16:47:00,1,62.5,1.0,0.015999999999744,1.0,,0.0145,0.0,0.0,0.003,0.20689655172413793,75061.44,75810.47,150871.91,0.0,-0.004964675001463154,-0.0,0.004964675001463154,-0.707853004173756,-0.3509736631404522,-0.2725363212346468,1.7942455617950288,-0.2138588858936808,-0.3327007293507589,-2.312332936495293,-1.331362988548855,-0.7319462605939449,-0.3327007293507589,-2.396009978493559,False,1308327_YES.csv,1308327_YES
1771087740,2026-02-14 16:49:00,1,62.5,1.0,0.015999999999744,1.0,,0.0145,0.0,0.0,0.003,0.20689655172413793,75061.44,75810.47,150871.91,0.0,-0.004964675001463154,-0.0,0.004964675001463154,-0.707853004173756,-0.35125523683368143,-0.27280961105291246,1.7175564037319073,-0.2138588858936808,-0.3327007293507589,-2.186507881350572,-1.3319178520603496,-0.6828103635123453,-0.3327007293507589,-2.3474289449234536,False,1308327_YES.csv,1308327_YES
1771087800,2026-02-14 16:50:00,1,2499.445881,40.0,0.016003547147810396,40.0,,0.0145,0.0,0.0,0.003,0.20689655172413793,75061.44,75810.47,150871.91,0.0,-0.004964675001463154,-0.0,0.004964675001463154,-0.6884007425397625,0.27213363263109025,0.359873527937571,1.6473356756415527,-0.2138588858936808,-0.3327007293507589,-2.075691559328964,-0.056393581971101225,-0.642214769581092,-0.3327007293507589,-1.0313090809029521,False,1308327_YES.csv,1308327_YES
1771087920,2026-02-14 16:52:00,1,1045.44,16.727040000000002,0.015999999999984697,16.727040000000002,,0.0145,0.0,0.0,0.003,0.20689655172413793,75061.44,75810.47,150871.91,0.0,-0.004964675001463154,-0.0,0.004964675001463154,-0.6884007425397625,-0.1100590748948047,-0.028006975515749256,1.582653462537874,-0.2138588858936808,-0.3327007293507589,-1.9769766033434384,-0.8264667929503164,-0.608182026699245,-0.3327007293507589,-1.7673495490003204,False,1308327_YES.csv,1308327_YES
1771087980,2026-02-14 16:53:00,1,1480.821665,25.499999,0.01722016877703007,25.499999,,0.0145,0.0,0.0,0.003,0.20689655172413793,75061.44,75810.47,150871.91,0.0,-0.004964675001463154,-0.0,0.004964675001463154,-0.6884007425397625,0.05351087753502612,0.13942537670734473,1.5227594799831348,-0.2128532806041934,-0.3327007293507589,-1.888045911062809,-0.4954644882973916,-0.5781397116838676,-0.3327007293507589,-1.406304929332018,False,1308327_YES.csv,1308327_YES
1771088040,2026-02-14 16:54:00,5,1189.906665,19.946269,0.016762885347804315,3.9892538,,0.017,0.1724137931034484,0.1724137931034484,0.002,0.11764705882352941,13625.259999999998,81105.63,94730.89,-56141.020000000004,-0.7123375490296777,56141.020000000004,0.7123375490296777,3.1000354720244108,-0.0300013551403473,-0.21532355476195766,0.17846246916786013,4.993871018149537,4.316639398957119,1.3870961020754466,2.8547105621221056,6.559429589392844,4.316639398957119,13.730779550472068,True,1308327_YES.csv,1308327_YES
1771088340,2026-02-14 16:59:00,3,9484.944704,131.40619900000002,0.013854187146137899,43.802066333333336,,0.017,0.0,0.0,0.002,0.11764705882352941,13625.259999999998,81105.63,94730.89,0.0,-0.7123375490296777,-0.0,0.7123375490296777,1.170819304532567,1.7297222819647016,0.4392912219389063,0.1579636949245326,-0.24815098276980518,-0.3521910655710123,1.3396315736201558,3.339832808436175,1.2494442857748833,-0.3521910655710123,4.237086028640046,False,1308327_YES.csv,1308327_YES
1771088640,2026-02-14 17:04:00,1,200.0,3.2,0.015999999999920002,3.2,,0.017,0.0,0.0,0.002,0.11764705882352941,13625.259999999998,81105.63,94730.89,0.0,-0.7123375490296777,-0.0,0.7123375490296777,-0.7024915827195403,-0.33464698968835593,-0.24111525027164077,0.13707592391518136,-0.24815098276980518,-0.3521910655710123,1.2947670897984687,-1.278253822679537,1.1836920309438448,-0.3521910655710123,-0.44675285730670455,False,1308327_YES.csv,1308327_YES
1771088700,2026-02-14 17:05:00,3,406.98,6.5047,0.01598284928002363,2.1682333333333332,,0.017,0.0,0.0,0.002,0.11764705882352941,13625.259999999998,81105.63,94730.89,0.0,-0.7123375490296777,-0.0,0.7123375490296777,1.1317708421508266,-0.28276013251260046,-0.25844185109181483,0.115745029691458,-0.24352699840476774,-0.33018474969602435,1.2517420758161382,0.5905688585464113,1.1239601071028285,-0.33018474969602435,1.3843442159532153,False,1308327_YES.csv,1308327_YES
1771088760,2026-02-14 17:06:00,1,108.11,1.62165,0.014999999999861253,1.62165,,0.0155,-0.08823529411764708,0.08823529411764708,0.001,0.06451612903225806,33127.5,77739.61,110867.11,16136.220000000001,-0.40239264827954835,0.0,0.40239264827954835,-0.710311562173418,-0.3585897806404324,-0.2664224959567568,-1.2731953266060392,-0.24352699840476774,1.9782025292535728,-0.1259766482111635,-1.335323838770607,-1.6426989732219703,1.9782025292535728,-0.9998202827390046,False,1308327_YES.csv,1308327_YES
1771088820,2026-02-14 17:07:00,1,187.5,3.0,0.01599999999991467,3.0,,0.0155,0.0,0.0,0.001,0.06451612903225806,33127.5,77739.61,110867.11,0.0,-0.40239264827954835,-0.0,0.40239264827954835,-0.710311562173418,-0.33729059692943203,-0.24422212128590098,-1.2731953266060392,-0.24352699840476774,-0.3580929731688089,-0.12972908693949486,-1.291824280388751,-1.6464514119503018,-0.3580929731688089,-3.2963686655078615,False,1308327_YES.csv,1308327_YES
1771088880,2026-02-14 17:08:00,2,325.84,5.2001,0.015959059661134426,2.60005,,0.0155,0.0,0.0,0.001,0.06451612903225806,33127.5,77739.61,110867.11,0.0,-0.40239264827954835,-0.0,0.40239264827954835,0.20154823216384574,-0.30311435947053716,-0.25139564340278914,-1.2731953266060392,-0.24352699840476774,-0.3580929731688089,-0.13349002720410064,-0.35296177070948054,-1.6502123522149075,-0.3580929731688089,-2.3612670960931967,False,1308327_YES.csv,1308327_YES
1771088940,2026-02-14 17:09:00,1,155.625,2.49,0.01599999999989719,2.49,,0.0155,0.0,0.0,0.001,0.06451612903225806,33207.79,83286.44,116494.23000000001,5627.12000000001,-0.42988094775166114,0.0,0.42988094775166114,-0.728674377823135,-0.4874997457378704,-0.3618341568274801,-1.2731953266060392,-0.23776532504319578,-0.3580929731688089,-0.007047039048664793,-1.5780082803884856,-1.5180076906978996,-0.3580929731688089,-3.4541089442551938,False,1308327_YES.csv,1308327_YES
1771089060,2026-02-14 17:11:00,1,62.5,1.0,0.015999999999744,1.0,,0.0155,0.0,0.0,0.001,0.06451612903225806,33207.79,83286.44,116494.23000000001,0.0,-0.42988094775166114,-0.0,0.42988094775166114,-0.7024915827195403,-0.5354409127698864,-0.43021389687957984,-1.2731953266060392,-0.23776532504319578,-0.3580929731688089,-0.002775574880905261,-1.6681463923690065,-1.5137362265301402,-0.3580929731688089,-3.5399755920679556,False,1308327_YES.csv,1308327_YES
1771089180,2026-02-14 17:13:00,3,1210.96,19.1644,0.015825791107868283,6.388133333333333,,0.0155,0.0,0.0,0.001,0.06451612903225806,33207.79,83286.44,116494.23000000001,0.0,-0.42988094775166114,-0.0,0.42988094775166114,1.1317708421508266,0.07659774600499052,-0.1851595459699097,-1.2731953266060392,-0.23776532504319578,-0.3580929731688089,0.0015005001290507559,1.0232090421859072,-1.5094601515201842,-0.3580929731688089,-0.8443440825030859,False,1308327_YES.csv,1308327_YES
1771089240,2026-02-14 17:14:00,1,312.5,5.0,0.0159999999999488,5.0,,0.0155,0.0,0.0,0.001,0.06451612903225806,33207.79,83286.44,116494.23000000001,0.0,-0.42988094775166114,-0.0,0.42988094775166114,-0.7216787403927978,-0.39560784154386547,-0.24870510643402238,-1.2336833152366289,-0.22557441820344723,-0.331271514630828,0.022234275625101736,-1.3659916883706857,-1.4370234578149743,-0.331271514630828,-3.134286660816488,False,1308327_YES.csv,1308327_YES
1771089300,2026-02-14 17:15:00,2,6353.434116,103.119999,0.016230592324911947,51.5599995,,0.0155,0.0,0.0,0.001,0.06451612903225806,33207.79,83286.44,116494.23000000001,0.0,-0.42988094775166114,-0.0,0.42988094775166114,0.2695761220959824,2.73192793616016,1.822872677876359,-1.1960108330000312,-0.22396780259875163,-0.331271514630828,0.04400226769389926,4.824376736132502,-1.3759763679048835,-0.331271514630828,3.1171288535967903,False,1308327_YES.csv,1308327_YES
1771089360,2026-02-14 17:16:00,1,625.0,9.375,0.014999999999976,9.375,,0.0155,0.0,0.0,0.001,0.06451612903225806,33207.79,83286.44,116494.23000000001,0.0,-0.42988094775166114,-0.0,0.42988094775166114,-0.7413343357639519,-0.284763112550799,-0.08305345022768301,-1.1600060495910902,-0.22396780259875163,-0.331271514630828,0.06646404935057225,-1.1091508985424339,-1.3175098028392698,-0.331271514630828,-2.7579322160125317,False,1308327_YES.csv,1308327_YES
1771089480,2026-02-14 17:18:00,1,358.823529,6.1000000000000005,0.01700000001946082,6.1000000000000005,,0.016,0.032258064516129004,0.032258064516129004,0.002,0.125,38159.02,97244.38,135403.4,18909.169999999984,-0.4363654088449774,0.0,0.4363654088449774,-0.7413343357639519,-0.3934041332729353,-0.23515803647182176,0.17846246916786013,-0.22396780259875163,0.5311774358735603,0.11982724759247682,-1.369896505508709,0.07432191416158532,0.5311774358735603,-0.7643971554735632,False,1308327_YES.csv,1308327_YES
1771089540,2026-02-14 17:19:00,1,176.470588,3.0,0.017000000022570266,3.0,,0.016,0.0,0.0,0.002,0.125,38159.02,97244.38,135403.4,0.0,-0.4363654088449774,-0.0,0.4363654088449774,-0.7413343357639519,-0.4932916324671569,-0.3753882510314178,0.17846246916786013,-0.22396780259875163,-0.34538740696324494,0.1265800541967302,-1.6100142192625269,0.08107472076583871,-0.34538740696324494,-1.8743269054599332,False,1308327_YES.csv,1308327_YES
1771089600,2026-02-14 17:20:00,1,58.823529,1.0,0.017000000118711,1.0,,0.016,0.0,0.0,0.002,0.125,38159.02,97244.38,135403.4,0.0,-0.4363654088449774,-0.0,0.4363654088449774,-0.7216787403927978,-0.5386532115547066,-0.43962531615022993,0.17846246916786013,-0.22396780259875163,-0.34538740696324494,0.13336766380345794,-1.6999572680977342,0.08786233037256644,-0.34538740696324494,-1.9574823446884126,False,1308327_YES.csv,1308327_YES
1771089660,2026-02-14 17:21:00,1,58.823529,1.0,0.017000000118711,1.0,,0.016,0.0,0.0,0.002,0.125,38159.02,96664.56,134823.58,-579.820000000007,-0.4339414514879371,579.820000000007,0.4339414514879371,-0.7216787403927978,-0.5357557298243525,-0.43604198588969284,0.17846246916786013,-0.17072483246661155,-0.34538740696324494,0.12885946631392464,-1.6934764561068432,0.13659710301517322,-0.34538740696324494,-1.902266760054915,False,1308327_YES.csv,1308327_YES
1771089840,2026-02-14 17:24:00,2,1492.2605879999999,24.73685,0.01657676293196013,12.368425,,0.016,0.0,0.0,0.002,0.125,36583.46,104235.57,140819.03,5995.450000000012,-0.48041880419145067,0.0,0.48041880419145067,0.2695761220959824,0.27301572364307264,0.0859587560777572,0.17846246916786013,-0.2249115077193338,-0.32679000701082406,0.36753149280319325,0.6285506018168122,0.32108245425171955,-0.32679000701082406,0.6228430490577077,False,1308327_YES.csv,1308327_YES
1771089960,2026-02-14 17:26:00,2,1035.411763,17.469998999999998,0.01687251354897257,8.734999499999999,,0.016,0.0,0.0,0.002,0.125,36583.46,104235.57,140819.03,0.0,-0.48041880419145067,-0.0,0.48041880419145067,0.2695761220959824,0.015258764293757561,-0.0875861506022261,0.17846246916786013,-0.2249115077193338,-0.32679000701082406,0.3856808112411336,0.19724873578751387,0.33923177268966,-0.32679000701082406,0.20969050146634982,False,1308327_YES.csv,1308327_YES
1771090020,2026-02-14 17:27:00,1,312.5,5.0,0.0159999999999488,5.0,,0.0155,-0.03125,0.03125,0.001,0.06451612903225806,33175.73,107088.27,140264.0,-555.0299999999988,-0.526953031426453,555.0299999999988,0.526953031426453,-0.7216787403927978,-0.4176322480700833,-0.26429356690677613,-1.1255178765092737,-0.1739365593303915,0.6988121525556035,0.6282046518519281,-1.4036045553696572,-0.671249783987737,0.6988121525556035,-1.376042186801791,False,1308327_YES.csv,1308327_YES
1771090140,2026-02-14 17:29:00,1,62.5,1.0,0.015999999999744,1.0,,0.0155,0.0,0.0,0.001,0.06451612903225806,33175.73,107088.27,140264.0,0.0,-0.526953031426453,-0.0,0.526953031426453,-0.6953199446909416,-0.5380606636733435,-0.44263209816478966,-1.1255178765092737,-0.225815598096802,-0.32495519957864943,0.6357283341306427,-1.6760127065290749,-0.715605140475433,-0.32495519957864943,-2.7165730465831572,False,1308327_YES.csv,1308327_YES
1771090320,2026-02-14 17:32:00,1,2500.0,40.0,0.0159999999999936,40.0,,0.0155,0.0,0.0,0.001,0.06451612903225806,33175.73,107088.27,140264.0,0.0,-0.526953031426453,-0.0,0.526953031426453,-0.6692783524273234,0.7911678312317474,1.3270944720565496,-1.1255178765092737,-0.225815598096802,-0.32495519957864943,0.6433392294440571,1.4489839508609736,-0.7079942451620186,-0.32495519957864943,0.4160345061203056,False,1308327_YES.csv,1308327_YES
1771090380,2026-02-14 17:33:00,3,3481.02,55.63227,0.0159816002206204,18.54409,,0.0155,0.0,0.0,0.001,0.06451612903225806,32266.19,101888.71,134154.9,-6109.100000000006,-0.5189711296419289,6109.100000000006,0.5189711296419289,1.3525743470659963,1.2846566291094617,0.32757022646326067,-1.1255178765092737,0.335510840049679,-0.32495519957864943,0.6122990532794279,2.9648012026387187,-0.17770798318016678,-0.32495519957864943,2.4621380198799026,False,1308327_YES.csv,1308327_YES
1771090440,2026-02-14 17:34:00,1,513.48,7.18872,0.013999999999972736,7.18872,,0.0155,0.0,0.0,0.001,0.06451612903225806,32266.19,101888.71,134154.9,0.0,-0.5189711296419289,-0.0,0.5189711296419289,-0.6504636041148573,-0.359845631239178,-0.19485009195490563,-1.1255178765092737,-0.23520760239702448,-0.32495519957864943,0.6208690966580914,-1.205159327308941,-0.7398563822482067,-0.32495519957864943,-2.269970909135797,False,1308327_YES.csv,1308327_YES
1771090500,2026-02-14 17:35:00,1,4.18,0.0585199999999999,0.013999999996650718,0.0585199999999999,,0.0155,0.0,0.0,0.001,0.06451612903225806,32266.19,101888.71,134154.9,0.0,-0.5189711296419289,-0.0,0.5189711296419289,-0.6504636041148573,-0.6017663247231745,-0.5214631555504914,-1.125517876509274,-0.23520760239702448,-0.32495519957864943,0.6295533607254642,-1.773693084388523,-0.7311721181808342,-0.32495519957864943,-2.8298204021480067,False,1308327_YES.csv,1308327_YES
1771090620,2026-02-14 17:37:00,1,1667.83,22.81198,0.013677641006569199,22.81198,,0.0155,0.0,0.0,0.001,0.06451612903225806,32266.19,101888.71,134154.9,0.0,-0.5189711296419289,-0.0,0.5189711296419289,-0.6504636041148573,0.16640189274237457,0.5139627353893633,-1.125517876509274,-0.23520760239702448,-0.32495519957864943,0.6383554096220757,0.029901024016880662,-0.7223700692842226,-0.32495519957864943,-1.0174242448459914,False,1308327_YES.csv,1308327_YES
1771090680,2026-02-14 17:38:00,2,5125.0,82.0,0.015999999999996878,41.0,,0.0155,0.0,0.0,0.001,0.06451612903225806,32266.19,101888.71,134154.9,0.0,-0.5189711296419289,-0.0,0.5189711296419289,0.40000897149786335,2.063806012443115,1.3015168283793346,-1.1255178765092737,-0.23520760239702448,-0.32495519957864943,0.6472789589902176,3.765331812320313,-0.7134465199160805,-0.32495519957864943,2.726930092825583,False,1308327_YES.csv,1308327_YES
1771090800,2026-02-14 17:40:00,2,129.98,1.68974,0.012999999999899987,0.84487,,0.0155,0.0,0.0,0.001,0.06451612903225806,32266.19,101888.71,134154.9,0.0,-0.5189711296419289,-0.0,0.5189711296419289,0.5091722402633456,-0.563414948467502,-0.5139299603942603,-1.0922537980895188,-0.23520760239702448,-0.2964732808105481,0.6234459952471342,-0.5681726685984166,-0.7040154052394091,-0.2964732808105481,-1.5686613546483739,False,1308327_YES.csv,1308327_YES
1771090920,2026-02-14 17:42:00,2,769.3,10.1409,0.013181983621456934,5.07045,,0.014,-0.09677419354838712,0.09677419354838712,0.002,0.14285714285714285,46810.23,95111.26,141921.49,7766.5899999999965,-0.34033626619900903,0.0,0.34033626619900903,0.4904502238232303,-0.2542880314885336,-0.3710669208327954,0.27328290159431784,-0.23520760239702448,2.7971812138610175,-0.29936741866267963,-0.1349047284980987,-0.2612921194653863,2.7971812138610175,2.4009843658975325,False,1308327_YES.csv,1308327_YES
1771090980,2026-02-14 17:43:00,1,204.91,2.66383,0.012999999999936559,2.66383,,0.014,0.0,0.0,0.002,0.14285714285714285,46810.23,95111.26,141921.49,0.0,-0.34033626619900903,-0.0,0.34033626619900903,-0.6658406218828365,-0.5515014676502523,-0.5632844123909655,0.3029245753679919,-0.23520760239702448,-0.3280545315593478,-0.3134875482482378,-1.7806265019240544,-0.24577057527727042,-0.3280545315593478,-2.3544516087606726,False,1308327_YES.csv,1308327_YES
1771091040,2026-02-14 17:44:00,1,5.0,0.065,0.012999999997400001,0.065,,0.014,0.0,0.0,0.002,0.14285714285714285,46810.23,95111.26,141921.49,0.0,-0.34033626619900903,-0.0,0.34033626619900903,-0.6403039451984287,-0.6306925966596638,-0.7472471755655945,0.3343565116391534,-0.20330850437632114,-0.3012087362366406,-0.30555620628821684,-2.0182437174236867,-0.17450819902538456,-0.3012087362366406,-2.4939606526857117,False,1308327_YES.csv,1308327_YES
1771091100,2026-02-14 17:45:00,1,327.333332,4.91,0.015000000061053875,4.91,,0.014,0.0,0.0,0.002,0.14285714285714285,45146.35,95627.42,140773.77,-1147.7200000000012,-0.3585971307012663,1147.7200000000012,0.3585971307012663,-0.614983843856976,-0.4295199476532591,-0.36671196071861206,0.36786016489619583,-0.09329450206868573,-0.3012087362366406,-0.2050518363023198,-1.411215752228847,0.06951382652519031,-0.3012087362366406,-1.6429106619402973,False,1308327_YES.csv,1308327_YES
1771091340,2026-02-14 17:49:00,1,426.0,6.39,0.014999999999964788,6.39,,0.014,0.0,0.0,0.002,0.14285714285714285,45146.35,95627.42,140773.77,0.0,-0.3585971307012663,-0.0,0.3585971307012663,-0.614983843856976,-0.37406205194621844,-0.25707610753993254,0.3466380511241349,-0.158271366503037,-0.3012087362366406,-0.18206617041975004,-1.246122003343127,0.00630051420134789,-0.3012087362366406,-1.5410302253784196,False,1308327_YES.csv,1308327_YES
1771091460,2026-02-14 17:51:00,1,2434.8,30.292980000000004,0.012441670773774989,30.292980000000004,,0.014,0.0,0.0,0.002,0.14285714285714285,45592.5,94530.07,140122.57,-651.1999999999825,-0.3492483045379485,651.1999999999825,0.3492483045379485,-0.614983843856976,0.5584442694073707,1.5559499232368028,0.32524126415118615,-0.07041053736450403,-0.3012087362366406,-0.20749500223363082,1.4994103487871975,0.047335724553051295,-0.3012087362366406,1.2455373371036083,False,1308327_YES.csv,1308327_YES
1771091520,2026-02-14 17:52:00,2,506.0,7.173360000000001,0.014176600790485818,3.5866800000000003,,0.014,0.0,0.0,0.002,0.14285714285714285,45592.5,94530.07,140122.57,0.0,-0.3492483045379485,-0.0,0.3492483045379485,0.594611449700663,-0.3559958228000868,-0.4910825579257457,0.30362394503730805,-0.15978841329714463,-0.3012087362366406,-0.1832948429333569,-0.2524669310251694,-0.039459311193193486,-0.3012087362366406,-0.5931349784550035,False,1308327_YES.csv,1308327_YES
1771091580,2026-02-14 17:53:00,1,103.0,1.648,0.01599999999984466,1.648,,0.014,0.0,0.0,0.002,0.14285714285714285,45592.5,94530.07,140122.57,0.0,-0.3492483045379485,-0.0,0.3492483045379485,-0.6356191358869155,-0.5770049820523879,-0.6430915248587956,0.2817359383918911,-0.15978841329714463,-0.3012087362366406,-0.158388698549874,-1.8557156427980992,-0.03644117345512754,-0.3012087362366406,-2.193365552489867,False,1308327_YES.csv,1308327_YES
1771091760,2026-02-14 17:56:00,2,1560.625,24.97,0.015999999999989748,12.485,,0.014,0.0,0.0,0.002,0.14285714285714285,45592.5,94530.07,140122.57,0.0,-0.3492483045379485,-0.0,0.3492483045379485,0.6313862911472016,0.3378600696340175,0.18184332176314177,0.2595218645384819,-0.15978841329714463,-0.3012087362366406,-0.13265486810980337,1.1510896825443608,-0.032921416868466086,-0.3012087362366406,0.8169595294392541,False,1308327_YES.csv,1308327_YES
1771091880,2026-02-14 17:58:00,3,1206.28,18.08164,0.014989587823710094,6.027213333333333,,0.014,0.0,0.0,0.002,0.14285714285714285,45592.5,94530.07,140122.57,0.0,-0.3492483045379485,-0.0,0.3492483045379485,1.8054964280213759,0.05348805062675845,-0.323835886757486,0.2595218645384819,-0.15978841329714463,-0.28548152024151907,-0.1363356075698223,1.5351485918906485,-0.036602156328485014,-0.28548152024151907,1.2130649153206443,False,1308327_YES.csv,1308327_YES
1771092060,2026-02-14 18:01:00,1,3.42,0.04446,0.01299999999619883,0.04446,,0.014,0.0,0.0,0.002,0.14285714285714285,45592.5,94530.07,140122.57,0.0,-0.3492483045379485,-0.0,0.3492483045379485,-0.6565441556441368,-0.6652419284504811,-0.7841155504295071,0.2595218645384819,-0.15978841329714463,-0.28548152024151907,-0.14002471433522787,-2.105901634524125,-0.040291263093890584,-0.28548152024151907,-2.4316744178595346,False,1308327_YES.csv,1308327_YES
1771092120,2026-02-14 18:02:00,1,100.0,1.5,0.01499999999985,1.5,,0.014,0.0,0.0,0.002,0.14285714285714285,45592.5,94530.07,140122.57,0.0,-0.3492483045379485,-0.0,0.3492483045379485,-0.6565441556441368,-0.6052294798014975,-0.6673036730752984,0.2595218645384819,-0.15978841329714463,-0.28548152024151907,-0.14372236791795287,-1.9290773085209327,-0.043988916676615586,-0.28548152024151907,-2.2585477454390674,False,1308327_YES.csv,1308327_YES
1771092420,2026-02-14 18:07:00,2,287.888571,4.0304400000000005,0.014000000020792769,2.0152200000000002,,0.014,0.0,0.0,0.002,0.14285714285714285,45592.5,94530.07,140122.57,0.0,-0.3492483045379485,-0.0,0.3492483045379485,0.5545529348303337,-0.506836731944159,-0.6292298452194725,0.2595218645384819,-0.15978841329714463,-0.28548152024151907,-0.14742874982653567,-0.5815136423332977,-0.04769529858519839,-0.28548152024151907,-0.9146904611600152,False,1308327_YES.csv,1308327_YES
1771092480,2026-02-14 18:08:00,1,70.5,0.9165,0.012999999999815602,0.9165,,0.014,0.0,0.0,0.002,0.14285714285714285,45592.5,94530.07,140122.57,0.0,-0.3492483045379485,-0.0,0.3492483045379485,-0.6777869203481858,-0.6311889011507433,-0.7143282667255335,0.2595218645384816,-0.15978841329714463,-0.28548152024151907,-0.15091305838205019,-2.023304088224463,-0.051179607140713235,-0.28548152024151907,-2.359965215606695,False,1308327_YES.csv,1308327_YES
1771092660,2026-02-14 18:11:00,1,1966.68,29.23586,0.01486559074175004,29.23586,,0.014,0.0,0.0,0.002,0.14285714285714285,45592.5,94530.07,140122.57,0.0,-0.3492483045379485,-0.0,0.3492483045379485,-0.6565441556441368,0.4818931766404177,1.4272979055740047,0.2595218645384816,-0.15978841329714463,-0.28548152024151907,-0.15440520618947892,1.2526469265702855,-0.05467175494814197,-0.28548152024151907,0.9124936513806245,False,1308327_YES.csv,1308327_YES
1771092720,2026-02-14 18:12:00,1,5.05,0.06565,0.012999999997425743,0.06565,,0.014,0.0,0.0,0.002,0.14285714285714285,48612.03,92253.96,140865.99,743.4199999999837,-0.30981168697994466,0.0,0.30981168697994466,-0.6356191358869155,-0.6801493372344926,-0.8018157407223759,0.2595218645384819,-0.15978841329714463,-0.28548152024151907,-0.37805158711527603,-2.117584213843784,-0.2783181358739387,-0.28548152024151907,-2.681383869959242,False,1308327_YES.csv,1308327_YES
1771092840,2026-02-14 18:14:00,1,413.0,6.12,0.01481840193701012,6.12,,0.014,0.0,0.0,0.002,0.14285714285714285,48612.03,92253.96,140865.99,0.0,-0.30981168697994466,-0.0,0.30981168697994466,-0.614983843856976,-0.43751120564096596,-0.34286104198284123,0.2595218645384819,-0.15978841329714463,-0.28548152024151907,-0.3776259665865274,-1.3953560914807832,-0.2778925153451901,-0.28548152024151907,-1.9587301270674924,False,1308327_YES.csv,1308327_YES
1771092900,2026-02-14 18:15:00,2,134.0,1.9322499999999998,0.014419776119295341,0.9661249999999999,,0.0145,0.03571428571428581,0.03571428571428581,0.001,0.06896551724137931,41663.8,91886.73,133550.53,-7315.459999999992,-0.37605938366549346,7315.459999999992,0.37605938366549346,0.614983843856976,-0.5889191801218061,-0.7203202727839008,-1.2550055437456968,0.8228696615716794,0.8780291632884207,-0.0046829636202275265,-0.6942556090487308,-0.43681884579424496,0.8780291632884207,-0.25304529155455513,False,1308327_YES.csv,1308327_YES
1771092960,2026-02-14 18:16:00,1,666.666665,9.999999,0.0149999985374774,9.999999,,0.0145,0.0,0.0,0.001,0.06896551724137931,41663.8,91886.73,133550.53,0.0,-0.37605938366549346,-0.0,0.37605938366549346,-0.614983843856976,-0.2676024902108267,-0.03204204195400424,-1.2144957801492327,-0.17552815842515643,-0.3034694476231474,-0.008045858585897585,-0.914628376021807,-1.3980697971602867,-0.3034694476231474,-2.616167620805241,False,1308327_YES.csv,1308327_YES
1771093140,2026-02-14 18:19:00,1,2000.0,25.46163,0.012730814999993635,25.46163,,0.0145,0.0,0.0,0.001,0.06896551724137931,41663.8,91886.73,133550.53,0.0,-0.37605938366549346,-0.0,0.37605938366549346,-0.614983843856976,0.33646258495150777,1.1118066965582765,-1.1758722627004434,-0.17552815842515643,-0.3034694476231474,-0.011411351253976916,0.8332854376528083,-1.3628117723795767,-0.3034694476231474,-0.8329957823499159,False,1308327_YES.csv,1308327_YES
1771093200,2026-02-14 18:20:00,3,1742.638571,24.390729999999998,0.013996436441774365,8.130243333333333,,0.0145,0.0,0.0,0.001,0.06896551724137931,41663.8,91886.73,133550.53,0.0,-0.37605938366549346,-0.0,0.37605938366549346,1.7608358492956784,0.28028087850665273,-0.20166429179372025,-1.1389535965507296,-0.16517401158598027,-0.3034694476231474,-0.008400759625016936,1.8394524360086106,-1.3125283677617268,-0.3034694476231474,0.22345462062373644,False,1308327_YES.csv,1308327_YES
1771093260,2026-02-14 18:21:00,1,59.34,0.77142,0.012999999999780923,0.77142,,0.0135,-0.06896551724137934,0.06896551724137934,0.001,0.07407407407407407,49715.93,53390.18,103106.11,-30444.42,-0.03563561849050459,30444.42,0.03563561849050459,-0.6403039451984287,-0.6542378118207786,-0.7426308501823186,-1.1035804946885888,3.491149557118002,1.8814008633086725,-1.8525498599495211,-2.037172607201526,0.5350192024798921,1.8814008633086725,0.3792474585870387,False,1308327_YES.csv,1308327_YES
1771093380,2026-02-14 18:23:00,1,644.997332,9.17,0.014217113071695259,9.17,,0.0135,0.0,0.0,0.001,0.07407407407407407,49715.93,53390.18,103106.11,0.0,-0.03563561849050459,-0.0,0.03563561849050459,-0.6199159492980408,-0.3226824740919755,-0.1191460916072652,-1.0696123189365034,-0.20849778321985443,-0.33117619847696705,-1.7692043888403137,-1.0617445149972815,-3.047314490996672,-0.33117619847696705,-4.440235204470921,False,1308327_YES.csv,1308327_YES
1771093620,2026-02-14 18:27:00,2,80.846665,1.1843389999999998,0.014649200433751328,0.5921694999999999,,0.014,0.03703703703703698,0.03703703703703698,0.002,0.14285714285714285,50497.25,89836.45,140333.7,37227.59000000001,-0.28032610841159317,0.0,0.28032610841159317,0.5799213719239737,-0.6260328630046917,-0.7506220324553157,0.3889499341587283,-0.20849778321985443,0.8330212887978572,-0.4433839683606382,-0.7967335235360337,-0.2629318174217643,0.8330212887978572,-0.22664405215994066,False,1308327_YES.csv,1308327_YES
1771093800,2026-02-14 18:30:00,1,133.333332,2.0,0.015000000149887501,2.0,,0.014,0.0,0.0,0.002,0.14285714285714285,50463.87,89596.41,140060.28,-273.4200000000128,-0.27939784212911756,273.4200000000128,0.27939784212911756,-0.5997967135296353,-0.569722306895225,-0.6214915525804229,0.42531549927462825,-0.17584421609116901,-0.3188852430118431,-0.4876697414927719,-1.7910105730052832,-0.2381984583093127,-0.3188852430118431,-2.348094274326439,False,1308327_YES.csv,1308327_YES
1771093860,2026-02-14 18:31:00,2,11.64,0.1513199999999999,0.012999999998883162,0.07565999999999995,,0.014,0.0,0.0,0.002,0.14285714285714285,50463.87,89596.41,140060.28,0.0,-0.27939784212911756,-0.0,0.27939784212911756,0.6356191358869151,-0.6185598865536573,-0.7443852437571927,0.4646005365221076,-0.20907418275613093,-0.3188852430118431,-0.5304342023982601,-0.727325994423935,-0.27490784863228346,-0.3188852430118431,-1.3211190860680617,False,1308327_YES.csv,1308327_YES
1771093920,2026-02-14 18:32:00,1,714.285713,10.0,0.0140000000251804,10.0,,0.014,0.0,0.0,0.002,0.14285714285714285,50463.87,89596.41,140060.28,0.0,-0.27939784212911756,-0.0,0.27939784212911756,-0.5946114497006627,-0.20190508214585795,0.04025549428446552,0.50736657000132,-0.20907418275613093,-0.3188852430118431,-0.577363378153186,-0.7562610375620551,-0.27907099090799686,-0.3188852430118431,-1.3542172714818952,False,1308327_YES.csv,1308327_YES
1771093980,2026-02-14 18:33:00,1,25.36,0.32968,0.012999999999487382,0.32968,,0.0125,-0.1071428571428571,0.1071428571428571,0.001,0.08,58574.22,45011.93,103586.15,-36474.130000000005,0.13092763849221156,36474.130000000005,0.13092763849221156,-0.5946114497006627,-0.59539438246809,-0.7186694481071706,-1.0730264122068829,3.645200796774386,3.002236933320788,-1.5060403170075498,-1.9086752802759235,1.0661340675599533,3.002236933320788,2.1596957206048177,False,1308327_YES.csv,1308327_YES
1771094040,2026-02-14 18:34:00,1,934.740713,13.0,0.013907600064046921,13.0,,0.0125,0.0,0.0,0.001,0.08,58574.22,45011.93,103586.15,0.0,0.13092763849221156,-0.0,0.13092763849221156,-0.5946114497006627,-0.0875528807531138,0.261947605867087,-1.0543384216154366,-0.2485424285108134,-0.34918355455963784,-1.5575613326927673,-0.42021672458668957,-2.860442182819017,-0.34918355455963784,-3.6298424619653447,False,1308327_YES.csv,1308327_YES
1771094100,2026-02-14 18:35:00,1,2828.97,33.94764,0.011999999999995759,33.94764,,0.0125,0.0,0.0,0.001,0.08,58574.22,45011.93,103586.15,0.0,0.13092763849221156,-0.0,0.13092763849221156,-0.5946114497006627,0.7752772406186852,1.955449695170972,-1.039395880649817,-0.2485424285108134,-0.34918355455963784,-1.6131843063263407,2.136115486088994,-2.9011226154869707,-0.34918355455963784,-1.1141906839576143,False,1308327_YES.csv,1308327_YES
1771094400,2026-02-14 18:40:00,1,800.0,10.4,0.01299999999998375,10.4,,0.0125,0.0,0.0,0.001,0.08,58574.22,45011.93,103586.15,0.0,0.13092763849221156,-0.0,0.13092763849221156,-0.5946114497006627,-0.18599510938824396,0.0747901885937282,-1.0291738497730614,-0.2485424285108134,-0.34918355455963784,-1.6735268556745424,-0.7058163704951784,-2.951243133958417,-0.34918355455963784,-4.006243059013234,False,1308327_YES.csv,1308327_YES
1771094460,2026-02-14 18:41:00,1,350.49,4.2058800000000005,0.011999999999965764,4.2058800000000005,,0.0125,0.0,0.0,0.001,0.08,58574.22,45011.93,103586.15,0.0,0.13092763849221156,-0.0,0.13092763849221156,-0.5946114497006627,-0.4254130953082291,-0.40026167499169657,-1.025255785298341,-0.2485424285108134,-0.34918355455963784,-1.7393460446629598,-1.4202862200005884,-3.0131442584721144,-0.34918355455963784,-4.782614033032341,False,1308327_YES.csv,1308327_YES
1771094520,2026-02-14 18:42:00,1,16.1,0.1932,0.011999999999254657,0.1932,,0.0125,0.0,0.0,0.001,0.08,54893.02,60269.13,115162.15,11576.0,-0.04668295963560945,0.0,0.04668295963560945,-0.620740448403501,-0.5750294887968056,-0.7200878503433177,-0.9916316520430718,-0.22628922708901747,-0.3456864392338601,-2.2332705682621907,-1.9158577875436242,-3.45119144739428,-0.3456864392338601,-5.712735674171764,False,1308327_YES.csv,1308327_YES
1771094580,2026-02-14 18:43:00,1,7230.38,100.0,0.013830531728620886,100.0,,0.0125,0.0,0.0,0.001,0.08,54893.02,60269.13,115162.15,0.0,-0.04668295963560945,-0.0,0.04668295963560945,-0.5987485992773955,3.8992562306315004,5.475931040748164,-0.9591102507629644,-0.22628922708901747,-0.3456864392338601,-2.168124377380098,8.77643867210227,-3.35352385523208,-0.3456864392338601,5.077228377636329,False,1308327_YES.csv,1308327_YES
1771094820,2026-02-14 18:47:00,1,714.285713,10.0,0.0140000000251804,10.0,,0.0125,0.0,0.0,0.001,0.08,54893.02,60269.13,115162.15,0.0,-0.04668295963560945,-0.0,0.04668295963560945,-0.5987485992773955,-0.1739678237529552,-0.006229826352878512,-0.9275864739564529,-0.22628922708901747,-0.3456864392338601,-2.1148444569009137,-0.7789462493832292,-3.268720157946384,-0.3456864392338601,-4.393352846563474,False,1308327_YES.csv,1308327_YES
1771094940,2026-02-14 18:49:00,2,900.0,11.9,0.01322222222220753,5.95,,0.0125,0.0,0.0,0.001,0.08,54893.02,60269.13,115162.15,0.0,-0.04668295963560945,-0.0,0.04668295963560945,1.0387380310076528,-0.09209831174333315,-0.25719143027007574,-0.896964578200129,-0.22628922708901747,-0.3456864392338601,-2.0732579698856446,0.6894482889942439,-3.196511775174791,-0.3456864392338601,-2.852749925414407,False,1308327_YES.csv,1308327_YES
1771095000,2026-02-14 18:50:00,2,419.642856,5.8125,0.013851063867476273,2.90625,,0.0125,0.0,0.0,0.001,0.08,54893.02,60269.13,115162.15,0.0,-0.04668295963560945,-0.0,0.04668295963560945,1.0056875573756594,-0.371670488038082,-0.44449440028722176,-0.896964578200129,-0.22628922708901747,-0.31599177503275516,-1.9658661507004513,0.18952266905035564,-3.089119955989598,-0.31599177503275516,-3.2155890619719973,False,1308327_YES.csv,1308327_YES
1771095060,2026-02-14 18:51:00,1,335.99,4.36787,0.012999999999961308,4.36787,,0.0135,0.07999999999999985,0.07999999999999985,0.001,0.07407407407407407,47673.17,62337.95,110011.12,-5151.029999999999,-0.13330270612643522,5151.029999999999,0.13330270612643522,-0.625157130260545,-0.4384819669931515,-0.35685062563319503,-0.896964578200129,0.5952658775615214,3.052895864171274,-1.3303063653211364,-1.4204897228868916,-1.632005065959744,3.052895864171274,0.0004010753246386223,False,1308327_YES.csv,1308327_YES
1771095180,2026-02-14 18:53:00,1,76.923075,0.999999,0.0129999873248306,0.999999,,0.0135,0.0,0.0,0.001,0.07407407407407407,47673.17,62337.95,110011.12,0.0,-0.13330270612643522,-0.0,0.13330270612643522,-0.6013746495307464,-0.587282653997409,-0.5604807343414845,-0.896964578200129,-0.2396113742329744,-0.34640422776720553,-1.2841512731070768,-1.7491380378696397,-2.42072722554018,-0.34640422776720553,-4.516269491177026,False,1308327_YES.csv,1308327_YES
1771095240,2026-02-14 18:54:00,1,115.384615,1.4999999999999998,0.013000000043220631,1.4999999999999998,,0.0125,-0.07407407407407396,0.07407407407407396,0.001,0.08,55712.58,53370.43,109083.01000000001,-928.109999999986,0.021471263031704033,928.109999999986,0.021471263031704033,-0.6013746495307464,-0.5636362645189349,-0.5286854440523377,-0.896964578200129,-0.09172948937804908,2.587816403632117,-1.9206564735145266,-1.6936963581020192,-2.9093505410927047,2.587816403632117,-2.015230495562607,False,1308327_YES.csv,1308327_YES
1771095300,2026-02-14 18:55:00,1,45.67,0.5480400000000001,0.011999999999737247,0.5480400000000001,,0.0125,0.0,0.0,0.001,0.08,55712.58,53370.43,109083.01000000001,0.0,0.021471263031704033,-0.0,0.021471263031704033,-0.6013746495307464,-0.6063061403422976,-0.5861429844506613,-0.8969645782001285,-0.24222082667332154,-0.3755253552322151,-1.8297420358221312,-1.7938237743237053,-2.9689274406955812,-0.3755253552322151,-5.138276570251501,False,1308327_YES.csv,1308327_YES
1771095420,2026-02-14 18:57:00,1,2000.0,24.0,0.011999999999994,24.0,,0.0125,0.0,0.0,0.001,0.08,55740.52,55314.18,111054.7,1971.6899999999878,0.0038390090649022194,0.0,0.0038390090649022194,-0.5823061563903142,0.45193648718030693,0.8218009682342935,-0.8969645782001285,-0.24222082667332154,-0.3755253552322151,-1.8472664096899132,0.6914312990242861,-2.986451814563363,-0.3755253552322151,-2.670545870771292,False,1308327_YES.csv,1308327_YES
1771095600,2026-02-14 19:00:00,1,150.0,1.95,0.012999999999913334,1.95,,0.0125,0.0,0.0,0.001,0.08,53835.43,55984.18,109819.61,-1235.0899999999965,-0.019566177661712696,1235.0899999999965,0.019566177661712696,-0.5823061563903142,-0.5428408773270771,-0.5119898608823151,-0.8969645782001285,-0.04531315385556277,-0.3755253552322151,-1.6760368840465993,-1.6371368945997062,-2.6183146161022908,-0.3755253552322151,-4.630976865934212,False,1308327_YES.csv,1308327_YES
1771095720,2026-02-14 19:02:00,1,780.0,10.14,0.012999999999983332,10.14,,0.0125,0.0,0.0,0.001,0.08,53835.43,55984.18,109819.61,0.0,-0.019566177661712696,-0.0,0.019566177661712696,-0.5582672091848025,-0.12094508699655311,0.027494074437769626,-0.8969645782001285,-0.24567853032367132,-0.3755253552322151,-1.6067191328710795,-0.6517182217435861,-2.7493622413948793,-0.3755253552322151,-3.7766058183706805,False,1308327_YES.csv,1308327_YES
1771095780,2026-02-14 19:03:00,1,5.0,0.06,0.0119999999976,0.06,,0.0125,0.0,0.0,0.001,0.08,53847.13,56342.5,110189.63,370.0200000000041,-0.022646141928237735,0.0,0.022646141928237735,-0.5582672091848025,-0.6472654950739579,-0.6068665518052858,-0.8969645782001285,-0.24567853032367132,-0.3755253552322151,-1.5258861884726966,-1.8123992560640463,-2.668529296996496,-0.3755253552322151,-4.856453908292758,False,1308327_YES.csv,1308327_YES
1771096080,2026-02-14 19:08:00,1,71.8,0.8616,0.01199999999983287,0.8616,,0.0125,0.0,0.0,0.001,0.08,53847.13,56342.5,110189.63,0.0,-0.022646141928237735,-0.0,0.022646141928237735,-0.5582672091848025,-0.598782976928944,-0.5488589518872152,-0.8671567241934925,-0.24567853032367132,-0.356209204038107,-1.4676803846766895,-1.7059091380009619,-2.5805156391938535,-0.356209204038107,-4.6426339812329225,False,1308327_YES.csv,1308327_YES
1771096140,2026-02-14 19:09:00,2,181.53846099999998,2.36,0.013000000038487686,1.18,,0.0125,0.0,0.0,0.001,0.08,54769.12,55842.13,110611.25,421.61999999999534,-0.009700731164325462,0.0,0.009700731164325462,1.164612312780629,-0.5187178115301269,-0.526134851578487,-0.8380817098476747,-0.24567853032367132,-0.356209204038107,-1.4824873632160969,0.11975964967201502,-2.566247603387443,-0.356209204038107,-2.802697157753535,False,1308327_YES.csv,1308327_YES
1771096320,2026-02-14 19:12:00,1,2733.97,32.80764,0.011999999999995611,32.80764,,0.0125,0.0,0.0,0.001,0.08,51680.62,55238.56,106919.18,-3692.070000000007,-0.03327691065344866,3692.070000000007,0.03327691065344866,-0.5823061563903142,1.0580255318920204,1.432691802404962,-0.8096638534328869,0.3431236493574109,-0.356209204038107,-1.3020297765345141,1.9084111779066681,-1.7685699806099902,-0.356209204038107,-0.21636800674142903,False,1308327_YES.csv,1308327_YES
1771096440,2026-02-14 19:14:00,1,76.923075,0.999999,0.0129999873248306,0.999999,,0.0125,0.0,0.0,0.001,0.08,51680.62,55238.56,106919.18,0.0,-0.03327691065344866,-0.0,0.03327691065344866,-0.5823061563903142,-0.6146368106219721,-0.5625816675128269,-0.7818319904311187,-0.25388356162743864,-0.356209204038107,-1.2569294514423774,-1.7595246345251132,-2.292645003500935,-0.356209204038107,-4.408378842064155,False,1308327_YES.csv,1308327_YES
1771096500,2026-02-14 19:15:00,1,263.15,3.1578,0.0119999999999544,3.1578,,0.0125,0.0,0.0,0.001,0.08,51422.54,56261.98,107684.52,765.3400000000111,-0.04494090701244712,0.0,0.04494090701244712,-0.5582672091848025,-0.4829555313330407,-0.4170495885535614,-0.7545185522001742,-0.25388356162743864,-0.356209204038107,-1.1535624633742507,-1.4582723290714048,-2.1619645772018634,-0.356209204038107,-3.9764461103113753,False,1308327_YES.csv,1308327_YES
1771096680,2026-02-14 19:18:00,1,300.0,3.9,0.012999999999956666,3.9,,0.0125,0.0,0.0,0.001,0.08,51307.16,61253.97,112561.13,4876.610000000001,-0.08836807164249326,0.0,0.08836807164249326,-0.5343069070933802,-0.4315368868767992,-0.3650985331608263,-0.7276586971151937,-0.25388356162743864,-0.356209204038107,-0.8818478646913722,-1.3309423271310057,-1.8633901234340047,-0.356209204038107,-3.5505416546031174,False,1308327_YES.csv,1308327_YES
1771096740,2026-02-14 19:19:00,1,2065.104284,27.999999,0.013558636828621434,27.999999,,0.0125,0.0,0.0,0.001,0.08,51307.16,61253.97,112561.13,0.0,-0.08836807164249326,-0.0,0.08836807164249326,-0.5343069070933802,0.8125690824149893,1.1079781689928636,-0.7276586971151937,-0.2523040481916098,-0.3372870654538571,-0.8540800696220784,1.3862403443144726,-1.8340428149288819,-0.3372870654538571,-0.7850895360682664,False,1308327_YES.csv,1308327_YES
1771096860,2026-02-14 19:21:00,2,230.769227,2.999998,0.01299999154561015,1.499999,,0.0125,0.0,0.0,0.001,0.08,52800.13,54414.18,107214.31,-5346.820000000007,-0.01505442696968346,5346.820000000007,0.01505442696968346,1.2046818724514161,-0.4990396364636923,-0.5346127086368184,-0.7276586971151937,0.5981413510038343,-0.3372870654538571,-1.236147866164551,0.17102952735090537,-1.3656652122759105,-0.3372870654538571,-1.5319227503788622,False,1308327_YES.csv,1308327_YES
1771096920,2026-02-14 19:22:00,1,240.0,3.12,0.012999999999945833,3.12,,0.0125,0.0,0.0,0.001,0.08,52800.13,54414.18,107214.31,0.0,-0.01505442696968346,-0.0,0.01505442696968346,-0.5582672091848025,-0.4681033498736544,-0.4077770835124631,-0.7276586971151937,-0.2660664667386174,-0.3372870654538571,-1.2028833576535565,-1.4341476425709199,-2.1966085215073674,-0.3372870654538571,-3.968043229532144,False,1308327_YES.csv,1308327_YES
1771097040,2026-02-14 19:24:00,2,21230.772407,309.919999,0.014597678928431276,154.9599995,,0.0125,0.0,0.0,0.001,0.08,52747.810000000005,54443.4,107191.21,-23.09999999999127,-0.015818367942669893,23.09999999999127,0.015818367942669893,1.319684153523074,6.911395731004664,5.856903189354861,-0.7276586971151937,-0.2469186385782717,-0.3372870654538571,-1.1666892572279814,14.087983073882597,-2.141266592921447,-0.3372870654538571,11.609429415507293,True,1308327_YES.csv,1308327_YES
1771097160,2026-02-14 19:26:00,1,21.58,0.2589599999999999,0.01199999999944393,0.2589599999999999,,0.0125,0.0,0.0,0.001,0.08,52747.810000000005,54443.4,107191.21,0.0,-0.015818367942669893,-0.0,0.015818367942669893,-0.5655789229384605,-0.3706568785270929,-0.46603749217105866,-0.7276586971151937,-0.2506671828343084,-0.3372870654538571,-1.1371954521316643,-1.402273293636612,-2.1155213320811663,-0.3372870654538571,-3.8550816911716357,False,1308327_YES.csv,1308327_YES
1771097220,2026-02-14 19:27:00,1,76.92,0.92304,0.011999999999843995,0.92304,,0.013,0.039999999999999813,0.039999999999999813,0.002,0.15384615384615385,54101.93,43129.15,97231.08,-9960.130000000005,0.11285259816099953,9960.130000000005,0.11285259816099953,-0.5655789229384605,-0.3554297499260119,-0.4396231333152066,1.3032593174366653,1.3191567926571541,1.2401012880476676,-0.5266980860673393,-1.360631806179679,2.0957180240264806,1.2401012880476676,1.9751875058944692,False,1308327_YES.csv,1308327_YES
1771097280,2026-02-14 19:28:00,1,1348.356665,19.999999,0.014832869906854399,19.999999,,0.013,0.0,0.0,0.002,0.15384615384615385,54101.93,43129.15,97231.08,0.0,0.11285259816099953,-0.0,0.11285259816099953,-0.5655789229384605,0.09418512198262685,0.3419315762219728,1.257729723737017,-0.2735583072860498,-0.3597782120154864,-0.501114266929145,-0.12946222473386082,0.4830571495218223,-0.3597782120154864,-0.00618328722752487,False,1308327_YES.csv,1308327_YES
1771097340,2026-02-14 19:29:00,1,1483.333332,22.25,0.015000000013472986,22.25,,0.013,0.0,0.0,0.002,0.15384615384615385,54101.93,43129.15,97231.08,0.0,0.11285259816099953,-0.0,0.11285259816099953,-0.5409905601127245,0.1741137880819403,0.45156045649906695,1.2144957801493306,-0.2735583072860498,-0.3597782120154864,-0.4753003145802721,0.08468368446828278,0.46563715828300867,-0.3597782120154864,0.19054263073580507,False,1308327_YES.csv,1308327_YES
1771097400,2026-02-14 19:30:00,1,266.666665,3.9999990000000007,0.014999996343693651,3.9999990000000007,,0.0135,0.03846153846153855,0.03846153846153855,0.003,0.22222222222222224,54138.23,78501.27,132639.5,35408.42,-0.18367861760636914,0.0,0.18367861760636914,-0.5163977794942699,-0.2650833064469521,-0.30514643090388427,2.9417880389097597,-0.2735583072860498,1.1411886754251335,0.0358767115945712,-1.0866275168451063,2.704106443218281,1.1411886754251335,2.758667601798308,False,1308327_YES.csv,1308327_YES
1771097460,2026-02-14 19:31:00,1,7.09,0.08508,0.011999999998307476,0.08508,,0.0135,0.0,0.0,0.003,0.22222222222222224,54138.23,78501.27,132639.5,0.0,-0.18367861760636914,-0.0,0.18367861760636914,-0.4917349679334119,-0.3547417431190928,-0.4630618435335461,2.742218312463764,-0.2735583072860498,-0.3558854143173697,0.05469142646892796,-1.3095385545860507,2.523351431646642,-0.3558854143173697,0.8579274627432214,False,1308327_YES.csv,1308327_YES
1771097520,2026-02-14 19:32:00,2,736.537141,10.124158999999999,0.0137456191092286,5.062079499999999,,0.0135,0.0,0.0,0.003,0.22222222222222224,54138.23,78501.27,132639.5,0.0,-0.18367861760636914,-0.0,0.18367861760636914,1.4200938936092427,-0.11691677875420643,-0.2592366988998086,2.5742065336979607,-0.2735583072860498,-0.3558854143173697,0.07396536864075426,1.0439404159552277,2.374613595052665,-0.3558854143173697,3.062668596690523,False,1308327_YES.csv,1308327_YES
1771097640,2026-02-14 19:34:00,1,700.0,9.8,0.01399999999998,9.8,,0.0135,0.0,0.0,0.003,0.22222222222222224,54138.23,78501.27,132639.5,0.0,-0.18367861760636914,-0.0,0.18367861760636914,-0.5163977794942699,-0.12871933585779935,-0.07023667680219695,2.4300188352694803,-0.2735583072860498,-0.3558854143173697,0.09374463447896571,-0.7153537921542662,2.250205162462396,-0.3558854143173697,1.1789659559907604,False,1308327_YES.csv,1308327_YES
1771097880,2026-02-14 19:38:00,1,216.46,2.5975200000000003,0.011999999999944564,2.5975200000000003,,0.0135,0.0,0.0,0.003,0.22222222222222224,54138.23,78501.27,132639.5,0.0,-0.18367861760636914,-0.0,0.18367861760636914,-0.5163977794942699,-0.300808922318696,-0.36669966836411727,2.304343724360821,-0.2703479065121316,-0.3558854143173697,0.11665979949386562,-1.1839063701770831,2.150655617342555,-0.3558854143173697,0.610863832848102,False,1308327_YES.csv,1308327_YES
1771098000,2026-02-14 19:40:00,1,288.0,3.744,0.01299999999995486,3.744,,0.0135,0.0,0.0,0.003,0.22222222222222224,54138.23,78501.27,132639.5,0.0,-0.18367861760636914,-0.0,0.18367861760636914,-0.5163977794942699,-0.27213307971534667,-0.3172690381209296,2.1933955745814453,-0.2703479065121316,-0.3558854143173697,0.14043267906929705,-1.105799897330546,2.0634803471386105,-0.3558854143173697,0.6017950354906947,False,1308327_YES.csv,1308327_YES
1771098120,2026-02-14 19:42:00,1,7400.0,86.97112,0.011752854054052412,86.97112,,0.0135,0.0,0.0,0.001,0.07407407407407407,45403.12,59403.3,104806.42000000001,-27833.079999999987,-0.13358132068627093,27833.079999999987,0.13358132068627093,-0.5163977794942699,1.664997406392163,2.8736141333037026,-0.7391185942028524,3.6146388591912038,-0.3558854143173697,-0.21019221652545095,4.022213760201596,2.6653280484629,-0.3558854143173697,6.331656394347126,False,1308327_YES.csv,1308327_YES
1771098180,2026-02-14 19:43:00,1,2820.51,31.02561,0.0109999999999961,31.02561,,0.0135,0.0,0.0,0.001,0.07407407407407407,45403.12,59403.3,104806.42000000001,0.0,-0.13358132068627093,-0.0,0.13358132068627093,-0.4917349679334119,0.34262149524391683,0.6990659752089312,-0.7147019287962011,-0.3017699230399776,-0.3558854143173697,-0.18615237771766333,0.5499525025194361,-1.2026242295538419,-0.3558854143173697,-1.0085571413517755,False,1308327_YES.csv,1308327_YES
1771098240,2026-02-14 19:44:00,1,1500.0,16.5,0.010999999999992667,16.5,,0.0135,0.0,0.0,0.001,0.07407407407407407,45403.12,59403.3,104806.42000000001,0.0,-0.13358132068627093,-0.0,0.13358132068627093,-0.4917349679334119,-0.0038294532722369084,0.13213190615781,-0.6906972609405071,-0.3017699230399776,-0.3558854143173697,-0.16142940857430632,-0.3634325150478388,-1.153896592554791,-0.3558854143173697,-1.8732145219199996,False,1308327_YES.csv,1308327_YES
1771098300,2026-02-14 19:45:00,1,71.73,0.8607600000000001,0.011999999999832705,0.8607600000000001,,0.0125,-0.07407407407407396,0.07407407407407396,0.001,0.08,47028.18,58819.4,105847.58,1041.159999999989,-0.11139810659818582,0.0,0.11139810659818582,-0.46693054379636295,-0.36124569930757083,-0.46081122600217267,-0.6670622662384615,-0.3017699230399776,2.69237621633484,-0.310984500122036,-1.2889874691061065,-1.279816689400475,2.69237621633484,0.12357205782825886,False,1308327_YES.csv,1308327_YES
1771098360,2026-02-14 19:46:00,1,1538.461538,20.0,0.01300000000389155,20.0,,0.0125,0.0,0.0,0.001,0.08,47028.18,58819.4,105847.58,0.0,-0.11139810659818582,-0.0,0.11139810659818582,-0.45105240921871925,0.0869430976778002,0.2646939010358746,-0.6437563806591091,-0.3017699230399776,-0.384556993643716,-0.2853129292209601,-0.09941541050504449,-1.2308392329200468,-0.384556993643716,-1.7148116370688071,False,1308327_YES.csv,1308327_YES
1771098420,2026-02-14 19:47:00,1,3076.923075,39.999999,0.012999999683120775,39.999999,,0.0125,0.0,0.0,0.001,0.08,47028.18,58819.4,105847.58,0.0,-0.11139810659818582,-0.0,0.11139810659818582,-0.45105240921871925,0.5397513928281333,1.0000596637216237,-0.6207404484035954,-0.3017699230399776,-0.384556993643716,-0.2589061227485768,1.0887586473310378,-1.1814164941921497,-0.384556993643716,-0.4772148405048279,False,1308327_YES.csv,1308327_YES
1771098480,2026-02-14 19:48:00,1,96.153845,1.25,0.013000000155864801,1.25,,0.0125,0.0,0.0,0.001,0.08,47336.16,55929.26,103265.42000000001,-2582.159999999989,-0.08321372246391869,2582.159999999989,0.08321372246391869,-0.45105240921871925,-0.36789131919066165,-0.4770406333157666,-0.597976385466707,0.05555382361025266,-0.384556993643716,-0.47013377821890096,-1.2959843617251474,-1.0125563400753552,-0.384556993643716,-2.693097695444219,False,1308327_YES.csv,1308327_YES
1771098540,2026-02-14 19:49:00,1,2966.505713,40.0,0.013483877622313655,40.0,,0.0125,0.0,0.0,0.001,0.08,47336.16,55929.26,103265.42000000001,0.0,-0.08321372246391869,-0.0,0.08321372246391869,-0.4249133328276663,0.5249509754532401,0.9697440755746971,-0.5754268519597924,-0.30805922137669695,-0.384556993643716,-0.4440875086095276,1.069781718200271,-1.3275735819460168,-0.384556993643716,-0.6423488573894619,False,1308327_YES.csv,1308327_YES
1771098600,2026-02-14 19:50:00,1,71.42857,1.0,0.014000000279803998,1.0,,0.0125,0.0,0.0,0.001,0.08,47336.16,55929.26,103265.42000000001,0.0,-0.08321372246391869,-0.0,0.08321372246391869,-0.4249133328276663,-0.38721215072736204,-0.5074929239342081,-0.5530549262954199,-0.30805922137669695,-0.384556993643716,-0.41757749205093203,-1.3196184074892363,-1.2786916397230488,-0.384556993643716,-2.9828670408560014,False,1308327_YES.csv,1308327_YES
1771098660,2026-02-14 19:51:00,1,500.0,7.0,0.013999999999972,7.0,,0.0135,0.07999999999999985,0.07999999999999985,0.001,0.07407407407407407,40135.84,64441.69,104577.53,1312.109999999986,-0.23241943082801828,0.0,0.23241943082801828,-0.4249133328276663,-0.23825245128791547,-0.2667563449368959,-0.5308237740930194,-0.30805922137669695,2.6994503286597227,0.9912428007352755,-0.9299221290524777,0.15235980526555915,2.6994503286597227,1.921888004872804,False,1308327_YES.csv,1308327_YES
1771098720,2026-02-14 19:52:00,2,1787.142857,24.82,0.013888089529479664,12.41,,0.0135,0.0,0.0,0.001,0.07407407407407407,40135.84,64441.69,104577.53,0.0,-0.23241943082801828,-0.0,0.23241943082801828,1.8042096368748775,0.16912983626375164,-0.069381276202951,-0.5086963041192792,-0.30805922137669695,-0.4119114961260645,1.0206353737977714,1.903958196935678,0.20387984830179517,-0.4119114961260645,1.6959265491114088,False,1308327_YES.csv,1308327_YES
1771098840,2026-02-14 19:54:00,1,200.0,2.8000000000000003,0.013999999999930002,2.8000000000000003,,0.0135,0.0,0.0,0.001,0.07407407407407407,37313.47,61660.53,98974.0,-5603.529999999999,-0.24599450360700786,5603.529999999999,0.24599450360700786,-0.45105240921871925,-0.34510707429894727,-0.4325745132134809,-0.4866348026769038,0.4673648632618492,-0.4119114961260645,1.1785147322722629,-1.2287339967311475,1.1592447928572083,-0.4119114961260645,-0.4814007000000037,False,1308327_YES.csv,1308327_YES
1771098900,2026-02-14 19:55:00,2,214.607141,2.9327490000000003,0.013665663622937564,1.4663745000000001,,0.0135,0.0,0.0,0.001,0.07407407407407407,37313.47,61660.53,98974.0,0.0,-0.24599450360700786,-0.0,0.24599450360700786,1.8042096368748775,-0.34243802113894056,-0.4836699734673438,-0.4866348026769038,-0.3047939763337349,-0.39148207480259284,1.2492094088523753,0.9781016422685931,0.4577806298417366,-0.39148207480259284,1.0444001973077368,False,1308327_YES.csv,1308327_YES
1771099020,2026-02-14 19:57:00,1,2100.0,29.4,0.013999999999993334,29.4,,0.0135,0.0,0.0,0.001,0.07407407407407407,35024.77,62027.77,97052.54,-1921.4600000000064,-0.2782307397621948,1921.4600000000064,0.2782307397621948,-0.45105240921871925,0.26955200535461465,0.5647468240183753,-0.4866348026769038,-0.038100027301237564,-0.39148207480259284,1.6500925259955885,0.3832464201542707,1.1253576960174472,-0.39148207480259284,1.117122041369125,False,1308327_YES.csv,1308327_YES
1771099080,2026-02-14 19:58:00,1,319.285713,4.47,0.014000000056331953,4.47,,0.0135,0.0,0.0,0.001,0.07407407407407407,35024.77,62027.77,97052.54,0.0,-0.2782307397621948,-0.0,0.2782307397621948,-0.45105240921871925,-0.30555431054850973,-0.3676365030979016,-0.4866348026769038,-0.3095587925464349,-0.39148207480259284,1.733893154515604,-1.1242432228651307,0.9376995592922652,-0.39148207480259284,-0.5780257383754583,False,1308327_YES.csv,1308327_YES
1771099440,2026-02-14 20:04:00,2,30.14,0.36168,0.011999999999601857,0.18084,,0.0135,0.0,0.0,0.001,0.07407407407407407,35024.77,62027.77,97052.54,0.0,-0.2782307397621948,-0.0,0.2782307397621948,2.0929173491328807,-0.3918530129882156,-0.524330119183594,-0.4866348026769038,-0.3095587925464349,-0.39148207480259284,1.828498031821326,1.176734216961071,1.0323044365979872,-0.39148207480259284,1.8175565787564651,False,1308327_YES.csv,1308327_YES
1771099500,2026-02-14 20:05:00,1,2340.423333,34.99,0.014950286773604313,34.99,,0.0135,0.0,0.0,0.001,0.07407407407407407,35024.77,62027.77,97052.54,0.0,-0.2782307397621948,-0.0,0.2782307397621948,-0.46983858858085087,0.40387181704704617,0.769907561405066,-0.4866348026769038,-0.2791074402493876,-0.3631681036260278,1.748047883147589,0.7039407898712613,0.9823056402212975,-0.3631681036260278,1.323078326466531,False,1308327_YES.csv,1308327_YES
1771099560,2026-02-14 20:06:00,1,80.0,0.96,0.011999999999849999,0.96,,0.013,-0.03703703703703709,0.03703703703703709,0.002,0.15384615384615385,45809.76,59622.93,105432.69,8380.150000000009,-0.13101410957076023,0.0,0.13101410957076023,-0.46983858858085087,-0.38757463879883736,-0.5087756432036679,1.017392608238559,-0.2791074402493876,1.1208943935071742,0.08825727754172016,-1.366188870583356,0.8265424455308915,1.1208943935071742,0.5812479684547097,False,1308327_YES.csv,1308327_YES
1771099680,2026-02-14 20:08:00,1,728.666665,10.929999,0.014999998661919017,10.929999,,0.013,0.0,0.0,0.002,0.15384615384615385,45809.76,59622.93,105432.69,0.0,-0.13101410957076023,-0.0,0.13101410957076023,-0.44347115652157976,-0.1588331102298843,-0.13986173230559323,1.017392608238559,-0.2791074402493876,-0.36316810362602786,0.11949497691948412,-0.7421659990570573,0.8577801449086554,-0.36316810362602786,-0.24755395777442973,False,1308327_YES.csv,1308327_YES
1771099860,2026-02-14 20:11:00,1,27.02,0.32424,0.011999999999555885,0.32424,,0.013,0.0,0.0,0.002,0.15384615384615385,45809.76,59622.93,105432.69,0.0,-0.13101410957076023,-0.0,0.13101410957076023,-0.44347115652157976,-0.40587180698362446,-0.5390608842972482,1.017392608238559,-0.2782973019386971,-0.36316810362602786,0.15255162502328795,-1.3884038478024525,0.8916469313231496,-0.36316810362602786,-0.8599250201053308,False,1308327_YES.csv,1308327_YES
1771099920,2026-02-14 20:12:00,1,418.99,5.027880000000001,0.011999999999971362,5.027880000000001,,0.0135,0.03846153846153855,0.03846153846153855,0.003,0.22222222222222224,47842.31,95729.33,143571.64,38138.95000000001,-0.3335409416511506,0.0,0.3335409416511506,-0.41656861591414773,-0.2981052920474011,-0.3651592924229652,2.410251613226462,-0.2782973019386971,1.1765109098657875,2.4937054374780496,-1.0798332003845141,4.625659748765814,1.1765109098657875,4.722337458247088,False,1308327_YES.csv,1308327_YES
1771099980,2026-02-14 20:13:00,1,660.666665,9.909999,0.014999998524195196,9.909999,,0.0135,0.0,0.0,0.003,0.22222222222222224,47842.31,95729.33,143571.64,0.0,-0.3335409416511506,-0.0,0.3335409416511506,-0.41656861591414773,-0.18395334413570727,-0.18055101647491276,2.2931015619836397,-0.2782973019386971,-0.38524751754920034,2.427538173421215,-0.7810729765247678,4.442342433466157,-0.38524751754920034,3.276021939392189,False,1308327_YES.csv,1308327_YES
1771100100,2026-02-14 20:15:00,1,666.666665,9.999999,0.0149999985374774,9.999999,,0.0135,0.0,0.0,0.003,0.22222222222222224,48489.58,98308.03,146797.61,3225.969999999972,-0.33936826355687943,0.0,0.33936826355687943,-0.41656861591414773,-0.1858283070218603,-0.1836548463160177,2.1591036091541493,-0.27159619401405677,-0.36586644084073766,2.3362991945779146,-0.7860517692520257,4.223806609718007,-0.36586644084073766,3.071888399625244,False,1308327_YES.csv,1308327_YES
1771100160,2026-02-14 20:16:00,1,69.37,0.8324400000000001,0.011999999999827014,0.8324400000000001,,0.0135,0.0,0.0,0.003,0.22222222222222224,48489.58,98308.03,146797.61,0.0,-0.33936826355687943,-0.0,0.33936826355687943,-0.41656861591414773,-0.3951228048417826,-0.5220858080511596,2.0418760583082958,-0.27159619401405677,-0.36586644084073766,2.2007834449384585,-1.3337772288070897,3.9710633092326972,-0.36586644084073766,2.27141963958487,False,1308327_YES.csv,1308327_YES
1771100280,2026-02-14 20:18:00,1,3769.230768,48.99999999999999,0.013000000004241351,48.99999999999999,,0.0125,-0.07407407407407396,0.07407407407407396,0.001,0.08,48413.24,60956.41,109369.65,-37427.95999999999,-0.11468602121338055,37427.95999999999,0.11468602121338055,-0.41656861591414773,0.7224065168232418,1.2767281779068471,-0.5647742288937843,5.831546693289502,2.8696159102931316,-0.12433552673019559,1.5825660788159412,5.142436937665522,2.8696159102931316,9.594618926774595,True,1308327_YES.csv,1308327_YES
1771100340,2026-02-14 20:19:00,1,2307.692306,30.0,0.013000000009527666,30.0,,0.0125,0.0,0.0,0.001,0.08,48413.24,60956.41,109369.65,0.0,-0.11468602121338055,-0.0,0.11468602121338055,-0.41656861591414773,0.2720847927860922,0.5518972661363795,-0.5647742288937843,-0.27663350113621754,-0.39368837608774426,-0.12151774943923958,0.40741344300832394,-0.9629254794692413,-0.39368837608774426,-0.9492004125486617,False,1308327_YES.csv,1308327_YES
1771100700,2026-02-14 20:25:00,1,753.846152,9.799999,0.012999998705288856,9.799999,,0.0125,0.0,0.0,0.001,0.08,48413.24,60956.41,109369.65,0.0,-0.11468602121338055,-0.0,0.11468602121338055,-0.41656861591414773,-0.20059589226834718,-0.20621240918022593,-0.5647742288937843,-0.27663350113621754,-0.39368837608774426,-0.11870154597749119,-0.8233769173627208,-0.960109276007493,-0.39368837608774426,-2.177174569457958,False,1308327_YES.csv,1308327_YES
1771100760,2026-02-14 20:26:00,1,924.615383,12.02,0.01300000002269804,12.02,,0.0125,0.0,0.0,0.001,0.08,48413.24,60956.41,109369.65,0.0,-0.11468602121338055,-0.0,0.11468602121338055,-0.41656861591414773,-0.1536694087900093,-0.1309235273532381,-0.5647742288937843,-0.27663350113621754,-0.39368837608774426,-0.13118946451862923,-0.701161552057395,-0.972597194548631,-0.39368837608774426,-2.0674471226937703,False,1308327_YES.csv,1308327_YES
1771100880,2026-02-14 20:28:00,1,384.615383,5.0,0.0130000000545662,5.0,,0.0125,0.0,0.0,0.001,0.08,48413.24,60956.41,109369.65,0.0,-0.11468602121338055,-0.0,0.11468602121338055,-0.41656861591414773,-0.2894553584215977,-0.36761323005201524,-0.5647742288937843,-0.27663350113621754,-0.39368837608774426,-0.14384700885599794,-1.0736372043877607,-0.9852547388859998,-0.39368837608774426,-2.4525803193615046,False,1308327_YES.csv,1308327_YES
1771100940,2026-02-14 20:29:00,1,557.84,6.6940800000000005,0.01199999999997849,6.6940800000000005,,0.0125,0.0,0.0,0.001,0.08,48413.24,60956.41,109369.65,0.0,-0.11468602121338055,-0.0,0.11468602121338055,-0.41656861591414773,-0.24727388974237516,-0.29544506624708244,-0.5647742288937837,-0.27663350113621754,-0.39368837608774426,-0.15668448104349486,-0.9592875719036054,-0.9980922110734961,-0.39368837608774426,-2.3510681590648455,False,1308327_YES.csv,1308327_YES
1771101060,2026-02-14 20:31:00,2,77.923075,1.0119989999999999,0.012987154318371115,0.5059994999999999,,0.0125,0.0,0.0,0.001,0.08,48413.24,60956.41,109369.65,0.0,-0.11468602121338055,-0.0,0.11468602121338055,2.360555490180172,-0.37924345851538394,-0.5454333061042673,-0.5647742288937837,-0.27663350113621754,-0.39368837608774426,-0.16971282625074224,1.435878725560521,-1.0111205562807435,-0.39368837608774426,0.031069793192033235,False,1308327_YES.csv,1308327_YES
1771101420,2026-02-14 20:37:00,1,1156.094614,15.000000000000002,0.012974716617775878,15.000000000000002,,0.0125,0.0,0.0,0.001,0.08,48413.24,60956.41,109369.65,0.0,-0.11468602121338055,-0.0,0.11468602121338055,-0.3889499341585966,-0.04665546421850114,0.04176502328488912,-0.5647742288937837,-0.27663350113621754,-0.39368837608774426,-0.18294369318417958,-0.3938403750922086,-1.0243514232141808,-0.39368837608774426,-1.8118801743941337,False,1308327_YES.csv,1308327_YES
1771101840,2026-02-14 20:44:00,1,62.0,0.744,0.011999999999806452,0.744,,0.0125,0.0,0.0,0.001,0.08,48413.24,60956.41,109369.65,0.0,-0.11468602121338055,-0.0,0.11468602121338055,-0.3889499341585966,-0.3879437272509927,-0.541739395946195,-0.5647742288937837,-0.2631885364957345,-0.36699224223981103,-0.17957994095865024,-1.3186330573557843,-1.0075427063481683,-0.36699224223981103,-2.6931680059437637,False,1308327_YES.csv,1308327_YES
1771101900,2026-02-14 20:45:00,1,27.0,0.324,0.011999999999555555,0.324,,0.013,0.039999999999999813,0.039999999999999813,0.002,0.15384615384615385,44894.51,69847.47,114741.98000000001,5372.330000000016,-0.2174701883303739,0.0,0.2174701883303739,-0.3889499341585966,-0.39772840544605875,-0.5583955272070231,0.7156279661526775,-0.2631885364957345,1.5032173666714004,0.8967420548157644,-1.3450738668116784,1.3491814844727075,1.5032173666714004,1.5073249843324295,False,1308327_YES.csv,1308327_YES
1771102080,2026-02-14 20:48:00,1,7.14,0.0856799999999999,0.011999999998319327,0.0856799999999999,,0.013,0.0,0.0,0.002,0.15384615384615385,45096.07,70037.31999999999,115133.38999999998,391.4099999999744,-0.21662916378993094,0.0,0.21662916378993094,-0.3889499341585966,-0.4028015120524473,-0.5669189346348229,0.6931140776827468,-0.260534003302271,-0.3648657216837197,0.8582887672593307,-1.3586703808458669,1.2908688416398064,-0.3648657216837197,-0.4326672608897802,False,1308327_YES.csv,1308327_YES
1771102260,2026-02-14 20:51:00,1,10.0,0.13,0.012999999998700001,0.13,,0.0125,-0.038461538461538325,0.038461538461538325,0.001,0.08,44906.87,63660.81,108567.68,-6565.709999999992,-0.17273962195747386,6565.709999999992,0.17273962195747386,-0.3889499341585966,-0.40154166952766834,-0.5647212062286203,-0.6064748179724034,0.7910493822458755,1.5643900022972963,0.36762770216636903,-1.3552128099148852,0.5522022664398412,1.5643900022972963,0.7613794588222522,False,1308327_YES.csv,1308327_YES
1771102320,2026-02-14 20:52:00,2,1267.712857,16.35028,0.012897463262050912,8.17514,,0.0125,0.0,0.0,0.001,0.08,44906.87,63660.81,108567.68,0.0,-0.17273962195747386,-0.0,0.17273962195747386,2.360555490180172,-0.008642209736262872,-0.22377712790788531,-0.6064748179724037,-0.2770790114440218,-0.3900720112462313,0.34322514748079946,2.128136152536024,-0.540328681935626,-0.3900720112462313,1.1977354593541667,False,1308327_YES.csv,1308327_YES
1771102620,2026-02-14 20:57:00,1,416.666665,5.0,0.0120000000479712,5.0,,0.0115,-0.08000000000000007,0.08000000000000007,0.001,0.08695652173913043,62433.78,59924.11,122357.89,13790.210000000006,0.020510896354946937,0.0,0.020510896354946937,-0.41656861591414773,-0.28283793530882856,-0.3566996712704777,-0.6064748179724037,-0.27356727734430997,3.2637792017935494,-1.3294847340386289,-1.056106222493454,-2.2095268293553425,3.2637792017935494,-0.001853850055247186,False,1308327_YES.csv,1308327_YES
1771102800,2026-02-14 21:00:00,1,1250.0,15.0,0.0119999999999904,15.0,,0.0115,0.0,0.0,0.001,0.08695652173913043,62433.78,59924.11,122357.89,0.0,0.020510896354946937,-0.0,0.020510896354946937,-0.41656861591414773,-0.04429881007232436,0.051397557416648615,-0.6064748179724037,-0.27356727734430997,-0.41421044355966086,-1.3299700900407239,-0.4094698685698235,-2.2100121853574377,-0.41421044355966086,-3.033692497486922,False,1308327_YES.csv,1308327_YES
1771102860,2026-02-14 21:01:00,1,83.333332,1.0,0.012000000191855998,1.0,,0.0115,0.0,0.0,0.001,0.08695652173913043,62433.78,59924.11,122357.89,0.0,0.020510896354946937,-0.0,0.020510896354946937,-0.41656861591414773,-0.3814954572528252,-0.5255164876068559,-0.6064748179724037,-0.27356727734430997,-0.41421044355966086,-1.3288825147785992,-1.323580560773829,-2.2089246100953126,-0.41421044355966086,-3.9467156144288023,False,1308327_YES.csv,1308327_YES
1771103040,2026-02-14 21:04:00,1,100.0,1.1,0.010999999999889999,1.1,,0.0115,0.0,0.0,0.001,0.08695652173913043,62433.78,59924.11,122357.89,0.0,0.020510896354946937,-0.0,0.020510896354946937,-0.41656861591414773,-0.37919932221677727,-0.5216093747304271,-0.6064748179724037,-0.27356727734430997,-0.41421044355966086,-1.3277966483903976,-1.3173773128613522,-2.207838743707111,-0.41421044355966086,-3.939426500128124,False,1308327_YES.csv,1308327_YES
1771103160,2026-02-14 21:06:00,1,392.5,4.71,0.011999999999969427,4.71,,0.0115,0.0,0.0,0.001,0.08695652173913043,42766.49,64391.2,107157.69,-15200.199999999997,-0.20180268910238733,15200.199999999997,0.20180268910238733,-0.3889499341585966,-0.29337903438354246,-0.3758323940793916,-0.6064748179724037,2.0762560603534235,-0.41421044355966086,0.6367758391409946,-1.0581613626215307,2.1065570815220145,-0.41421044355966086,0.6341852753408229,False,1308327_YES.csv,1308327_YES
1771103580,2026-02-14 21:13:00,1,173.74,1.7374,0.009999999999942444,1.7374,,0.0115,0.0,0.0,0.001,0.08695652173913043,42766.49,64391.2,107157.69,0.0,-0.20180268910238733,-0.0,0.20180268910238733,-0.3889499341585966,-0.3525241327037024,-0.47858635221422335,-0.6064748179724037,-0.2933737622740544,-0.41421044355966086,0.6116971028748214,-1.2200604190765223,-0.2881514773716366,-0.41421044355966086,-1.9224223400078198,False,1308327_YES.csv,1308327_YES
1771103700,2026-02-14 21:15:00,1,200.0,2.0,0.00999999999995,2.0,,0.0105,-0.08695652173913038,0.08695652173913038,0.001,0.09523809523809523,44398.35,86081.24,130479.59,23321.899999999994,-0.3194590816847295,0.0,0.3194590816847295,-0.3889499341585966,-0.34665496709923954,-0.4685776567970367,-0.6064748179724034,-0.2933737622740544,3.19692961545392,1.8525523617265576,-1.2041825580548728,0.9527037814800998,3.19692961545392,2.945450838879147,False,1308327_YES.csv,1308327_YES
1771103760,2026-02-14 21:16:00,1,99.090908,1.09,0.01100000012098989,1.09,,0.0105,0.0,0.0,0.001,0.09523809523809523,44398.35,86081.24,130479.59,0.0,-0.3194590816847295,-0.0,0.3194590816847295,-0.3889499341585966,-0.3676266431891029,-0.5044548016194562,-0.6064748179724034,-0.2933737622740544,-0.43708420446283663,1.7740458125885847,-1.2610313789671557,0.874197232342127,-0.43708420446283663,-0.8239183510878654,False,1308327_YES.csv,1308327_YES
1771104000,2026-02-14 21:20:00,2,2156.09,19.41019,0.00900249525761494,9.705095,,0.0105,0.0,0.0,0.001,0.09523809523809523,44398.35,86081.24,130479.59,0.0,-0.3194590816847295,-0.0,0.3194590816847295,2.360555490180172,0.06712358174864973,-0.15250850225211302,-0.6064748179724034,-0.2933737622740544,-0.43708420446283663,1.696687049059519,2.275170569676709,0.7968384688130612,-0.43708420446283663,2.6349248340269336,False,1308327_YES.csv,1308327_YES
1771104060,2026-02-14 21:21:00,1,2545.454544,28.000000000000004,0.01100000000628138,28.000000000000004,,0.0095,-0.09523809523809534,0.09523809523809534,0.001,0.10526315789473685,79351.19,57985.5,137336.69,6857.100000000006,0.15557161017933374,0.0,0.15557161017933374,-0.41656861591414773,0.2740118578795426,0.6045621013299223,-0.6064748179724034,-0.2933737622740544,3.1671125464156353,-0.06669634385059729,0.4620053432953171,-0.9665449240970551,3.1671125464156353,2.6625729656138972,False,1308327_YES.csv,1308327_YES
1771104120,2026-02-14 21:22:00,2,207.303633,2.269999,0.010950116826891482,1.1349995,,0.0095,0.0,0.0,0.001,0.10526315789473685,79351.19,57985.5,137336.69,0.0,0.15557161017933374,-0.0,0.15557161017933374,2.360555490180172,-0.3453756149375404,-0.5068353658981838,-0.6064748179724034,-0.2799508263383661,-0.4585929056160865,-0.09387176936246579,1.508344509344448,-0.9802974136732353,-0.4585929056160865,0.06945419005512626,False,1308327_YES.csv,1308327_YES
1771104180,2026-02-14 21:23:00,1,154.64,1.23712,0.007999999999948269,1.23712,,0.0095,0.0,0.0,0.001,0.10526315789473685,79351.19,57985.5,137336.69,0.0,0.15557161017933374,-0.0,0.15557161017933374,-0.41656861591414773,-0.3693960226517427,-0.5010053562976112,-0.6064748179724034,-0.2799508263383661,-0.4585929056160865,-0.12242003960271979,-1.2869699948635018,-1.0088456839134894,-0.4585929056160865,-2.7544085843930777,False,1308327_YES.csv,1308327_YES
1771104300,2026-02-14 21:25:00,3,2922.222221,26.18499,0.008960642969524198,8.72833,,0.0095,0.0,0.0,0.001,0.10526315789473685,79351.19,57985.5,137336.69,0.0,0.15557161017933374,-0.0,0.15557161017933374,4.380737405397351,0.9148949238259397,-0.141417480942311,-0.6064748179724034,-0.2798856756777867,-0.4585929056160865,-0.15237499608345914,5.154214848280979,-1.0387354897336492,-0.4585929056160865,3.6568864529312437,False,1308327_YES.csv,1308327_YES
1771104540,2026-02-14 21:29:00,3,4025.0,31.3,0.007776397515526019,10.433333333333334,,0.0095,0.0,0.0,0.001,0.10526315789473685,79351.19,57985.5,137336.69,0.0,0.15557161017933374,-0.0,0.15557161017933374,3.7491175432277077,1.1989517701285675,-0.04232933781795168,-0.6064748179724034,-0.2798856756777867,-0.4585929056160865,-0.18416206115453707,4.9057399755383235,-1.0705225548047272,-0.4585929056160865,3.37662451511751,False,1308327_YES.csv,1308327_YES
1771104600,2026-02-14 21:30:00,1,0.28,0.00196,0.006999999975,0.00196,,0.0075,-0.21052631578947367,0.21052631578947367,0.001,0.13333333333333333,203477.83,98301.21,301779.04,164442.34999999998,0.34852195169021677,0.0,0.34852195169021677,-0.41656861591418964,-0.7815968311727755,-0.7179538917232348,-0.5855137904885543,-0.2573818052519088,5.3519752950659045,1.9908665992352912,-1.9161193388102,1.147971003494828,5.3519752950659045,4.583826959750533,False,1308327_YES.csv,1308327_YES
1771104660,2026-02-14 21:31:00,1,12994.0225,99.96,0.0076927679631147074,99.96,,0.0075,0.0,0.0,0.001,0.13333333333333333,203477.83,98301.21,301779.04,0.0,0.34852195169021677,-0.0,0.34852195169021677,-0.41656861591418964,4.443401972313682,4.561609832082755,-0.5647742288937843,-0.2573818052519088,-0.40728851165992086,1.8930663610739458,8.588443188482248,1.0709103269282527,-0.40728851165992086,9.25206500375058,False,1308327_YES.csv,1308327_YES
1771104840,2026-02-14 21:34:00,2,276.51,1.90906,0.006904126433015428,0.95453,,0.0075,0.0,0.0,0.001,0.13333333333333333,203477.83,98301.21,301779.04,0.0,0.34852195169021677,-0.0,0.34852195169021677,1.5976566760978963,-0.5882891845394554,-0.5775927621517535,-0.5442285723442565,-0.2573818052519088,-0.40728851165992086,1.8050351346372129,0.43177472940668726,1.0034247570410475,-0.40728851165992086,1.027910974787814,False,1308327_YES.csv,1308327_YES
1771104900,2026-02-14 21:35:00,4,11565.08,80.69048,0.006977079276580276,20.17262,,0.0075,0.0,0.0,0.001,0.13333333333333333,203477.83,98301.21,301779.04,0.0,0.34852195169021677,-0.0,0.34852195169021677,4.503554606083574,3.1084729951722845,0.4090271874794425,-0.5190235690377502,-0.2573818052519088,-0.39064199379985515,1.7287673141947864,8.0210547887353,0.9523619399051274,-0.39064199379985515,8.582774734840573,False,1308327_YES.csv,1308327_YES
1771104960,2026-02-14 21:36:00,1,2600.0,20.8,0.007999999999996923,20.8,,0.007,-0.06666666666666665,0.06666666666666665,0.002,0.2857142857142857,1235433.33,106808.56,1342241.8900000001,1040462.8500000001,0.8408505042261794,0.0,0.8408505042261794,-0.43937118108132417,0.2752465608605519,0.4245462050157765,0.8891618301569216,-0.2573818052519088,1.3851865006483162,5.08851627811424,0.2604215847950042,5.7202963030192535,1.3851865006483162,7.365904388462575,False,1308327_YES.csv,1308327_YES
1771105140,2026-02-14 21:39:00,2,339.81,2.71848,0.007999999999976458,1.35924,,0.007,0.0,0.0,0.002,0.2857142857142857,164226.3,72917.28,237143.58,-1105098.31,0.3850368624779975,1105098.31,0.3850368624779975,1.2082707479736419,-0.5712220206899015,-0.5855623280809675,0.949493059755879,7.609461888139064,-0.4146311229095698,1.4357148544920422,0.05148639920277287,9.994669802386985,-0.4146311229095698,9.631525078680188,True,1308327_YES.csv,1308327_YES
1771105320,2026-02-14 21:42:00,2,512.31,4.09848,0.007999999999984386,2.04924,,0.0075,0.0714285714285714,0.0714285714285714,0.001,0.13333333333333333,164799.79,72296.57,237096.36000000002,-47.21999999997206,0.39015031694286656,47.21999999997206,0.39015031694286656,1.1687720261392744,-0.5009068446482821,-0.5416175552177953,-0.48663480267690407,-0.14019408768067657,1.456427674599466,1.423364171634033,0.12624762627319708,0.7965352812764525,1.456427674599466,2.3792105821491156,False,1308327_YES.csv,1308327_YES
1771105380,2026-02-14 21:43:00,2,9250.0,73.36386,0.00793122810810725,36.68193,,0.0075,0.0,0.0,0.001,0.13333333333333333,164799.79,72296.57,237096.36000000002,0.0,0.39015031694286656,-0.0,0.39015031694286656,1.1310188061313708,2.551672933039131,1.2156073104352387,-0.4620726614970097,-0.14052523868440808,-0.43917853480951335,1.3744680289406241,4.898299049605741,0.7718701287592064,-0.43917853480951335,5.230990643555434,False,1308327_YES.csv,1308327_YES
1771105440,2026-02-14 21:44:00,8,2118.71,14.32676,0.00676202028592551,1.790845,,0.0075,0.0,0.0,0.001,0.13333333333333333,164799.79,72296.57,237096.36000000002,0.0,0.39015031694286656,-0.0,0.39015031694286656,6.197108279037028,-0.0793014011704037,-0.5761967075929461,-0.4376738986488609,-0.14052523868440808,-0.43917853480951335,1.3283432066584773,5.541610170273678,0.7501440693252083,-0.43917853480951335,5.852575704789373,False,1308327_YES.csv,1308327_YES
1771105500,2026-02-14 21:45:00,5,34.0,0.262,0.007705882352714534,0.0524,,0.007,-0.06666666666666665,0.06666666666666665,0.002,0.2857142857142857,1243115.61,63236.59,1306352.2000000002,1069255.84,0.903186001447389,0.0,0.903186001447389,3.0394113546624757,-0.7017165944587538,-0.6792805091475209,1.268023218589986,-0.13725329009929008,1.28408817218665,4.201129525744477,1.6584142510562012,5.331899454235173,1.28408817218665,8.274401877478024,False,1308327_YES.csv,1308327_YES
1771105560,2026-02-14 21:46:00,3,305.714285,2.14,0.007000000016332243,0.7133333333333334,,0.007,0.0,0.0,0.002,0.2857142857142857,1243115.61,63236.59,1306352.2000000002,0.0,0.903186001447389,-0.0,0.903186001447389,1.2660968775821015,-0.5882217462015132,-0.615486451268274,1.225312219715239,-0.13725329009929008,-0.46272761527483924,3.6325412013833085,0.062388680112314354,4.720600130999258,-0.46272761527483924,4.320261195836733,False,1308327_YES.csv,1308327_YES
1771105620,2026-02-14 21:47:00,2,585.714285,4.1,0.007000000008524633,2.05,,0.007,0.0,0.0,0.002,0.2857142857142857,1243115.61,63236.59,1306352.2000000002,0.0,0.903186001447389,-0.0,0.903186001447389,0.3984456345203305,-0.4814624754339975,-0.5208378344272737,1.1846510280469864,-0.13725329009929008,-0.46272761527483924,3.234250323642704,-0.6038546753409407,4.281648061590401,-0.46272761527483924,3.215065770974621,False,1308327_YES.csv,1308327_YES
1771105680,2026-02-14 21:48:00,2,265.05,2.0,0.007545746085615735,1.0,,0.007,0.0,0.0,0.002,0.2857142857142857,1241481.52,73196.94,1314678.46,8326.259999999776,0.888646627708497,0.0,0.888646627708497,0.3844133906571247,-0.5851228447133966,-0.5834347822803189,1.1458331227285985,-0.13725329009929008,-0.4379940146786259,2.8798421628835316,-0.7841442363365907,3.8884219955128403,-0.4379940146786259,2.6662837444976235,False,1308327_YES.csv,1308327_YES
1771105800,2026-02-14 21:50:00,1,142.857142,1.0,0.007000000041951,1.0,,0.007,0.0,0.0,0.002,0.2857142857142857,1241481.52,73196.94,1314678.46,0.0,0.888646627708497,-0.0,0.888646627708497,-0.46983858858093025,-0.6168869301192192,-0.5645103321208879,1.1086778913043076,-0.13725329009929008,-0.4379940146786259,2.654459097725571,-1.6512358508210374,3.6258836989305885,-0.4379940146786259,1.5366538334309252,False,1308327_YES.csv,1308327_YES
1771105860,2026-02-14 21:51:00,1,60.0,0.36,0.0059999999999,0.36,,0.0065,-0.07142857142857151,0.07142857142857151,0.001,0.15384615384615385,1242492.6900000002,63162.85,1305655.5400000003,-9022.919999999693,0.9032472990540827,9022.919999999693,0.9032472990540827,-0.46983858858093025,-0.6226894097212996,-0.5771630099590487,-0.5543389456521536,-0.0750477612087608,1.412414432484423,2.5213813891368737,-1.6696910082612786,1.8919946822759592,1.412414432484423,1.6347181064991037,False,1308327_YES.csv,1308327_YES
1771105920,2026-02-14 21:52:00,1,122.5,0.735,0.00599999999995102,0.735,,0.0065,0.0,0.0,0.001,0.15384615384615385,1242492.6900000002,63162.85,1305655.5400000003,0.0,0.9032472990540827,-0.0,0.9032472990540827,-0.46983858858093025,-0.6036628808719587,-0.5536451643710856,-0.5543389456521536,-0.1380162402797935,-0.4623574369868935,2.3585485704592974,-1.6271466338239746,1.6661933845273502,-0.4623574369868935,-0.4233106862835179,False,1308327_YES.csv,1308327_YES
1771105980,2026-02-14 21:53:00,1,2.45,0.0147,0.00599999999755102,0.0147,,0.0065,0.0,0.0,0.001,0.15384615384615385,1242492.6900000002,63162.85,1305655.5400000003,0.0,0.9032472990540827,-0.0,0.9032472990540827,-0.46983858858093025,-0.6137387236052555,-0.5722397661858237,-0.5543389456521536,-0.1380162402797935,-0.4623574369868935,2.2190412373646553,-1.6558170783720096,1.526686051432708,-0.4623574369868935,-0.591488463926195,False,1308327_YES.csv,1308327_YES
1771106160,2026-02-14 21:56:00,1,416.66,2.49996,0.0059999999999856,2.49996,,0.0065,0.0,0.0,0.001,0.15384615384615385,1242492.6900000002,63162.85,1305655.5400000003,0.0,0.9032472990540827,-0.0,0.9032472990540827,-0.46983858858093025,-0.49156514196825984,-0.4186485167188778,-0.554338945652154,-0.1380162402797935,-0.4623574369868935,2.0975608395308676,-1.3800522472680679,1.40520565359892,-0.4623574369868935,-0.43720403065604146,False,1308327_YES.csv,1308327_YES
1771106280,2026-02-14 21:58:00,2,596.4833329999999,3.31575,0.005558830928800556,1.657875,,0.0065,0.0,0.0,0.001,0.15384615384615385,1242492.6900000002,63162.85,1305655.5400000003,0.0,0.9032472990540827,-0.0,0.9032472990540827,0.3704432292161813,-0.4473608708431111,-0.46499643530611473,-0.5543389456521536,-0.1380162402797935,-0.4368718124332945,1.9875980010632772,-0.5419140769330446,1.29524281513133,-0.4368718124332945,0.3164569257649909,False,1308327_YES.csv,1308327_YES
1771106340,2026-02-14 21:59:00,2,3809.7517850000004,25.0,0.006562107300119901,12.5,,0.0065,0.0,0.0,0.001,0.15384615384615385,1242492.6900000002,63162.85,1305655.5400000003,0.0,0.9032472990540827,-0.0,0.9032472990540827,0.3704432292161813,0.6316621317256458,0.21247539175332275,-0.5543389456521536,-0.1380162402797935,-0.4368718124332945,1.8895919015016318,1.21458075269515,1.1972367155696846,-0.4368718124332945,1.9749456558315401,False,1308327_YES.csv,1308327_YES
1771106460,2026-02-14 22:01:00,1,50.0,0.3,0.00599999999988,0.3,,0.0065,0.0,0.0,0.001,0.15384615384615385,1242492.6900000002,63162.85,1305655.5400000003,0.0,0.9032472990540827,-0.0,0.9032472990540827,-0.4844257612826986,-0.5948048143339666,-0.5466539329361884,-0.5543389456521536,-0.1373505298642784,-0.4368718124332945,1.8015593982189169,-1.6258845085528535,1.1098699227024849,-0.4368718124332945,-0.9528863982836631,False,1308327_YES.csv,1308327_YES
1771106520,2026-02-14 22:02:00,2,5009.9,40.057399999999994,0.007995648615739237,20.028699999999997,,0.0065,0.0,0.0,0.001,0.15384615384615385,1242492.6900000002,63162.85,1305655.5400000003,0.0,0.9032472990540827,-0.0,0.9032472990540827,0.3704432292161813,1.3324095263741882,0.6641598046980646,-0.5543389456521536,-0.1373505298642784,-0.4368718124332945,1.7216283989256436,2.367012560288434,1.0299389234092116,-0.4368718124332945,2.9600796712643516,False,1308327_YES.csv,1308327_YES
1771106580,2026-02-14 22:03:00,1,416.66,2.49996,0.0059999999999856,2.49996,,0.0065,0.0,0.0,0.001,0.15384615384615385,1314037.6700000002,65278.09,1379315.7600000002,73660.21999999997,0.9053471411071239,0.0,0.9053471411071239,-0.4844257612826986,-0.4889721735771741,-0.4048235788597169,-0.5543389456521536,-0.13712189048088652,-0.4368718124332945,1.6553582853171864,-1.3782215137195897,0.9638974491841463,-0.4368718124332945,-0.8511958769687378,False,1308327_YES.csv,1308327_YES
1771106640,2026-02-14 22:04:00,1,1789.0,12.523,0.0069999999999960875,12.523,,0.0065,0.0,0.0,0.001,0.15384615384615385,1314037.6700000002,65278.09,1379315.7600000002,0.0,0.9053471411071239,-0.0,0.9053471411071239,-0.4844257612826986,-0.0023265652340136,0.21884676239762335,-0.5543389456521536,-0.13712189048088652,-0.4368718124332945,1.5880773695565784,-0.26790556411908883,0.8966165334235383,-0.4368718124332945,0.191839156871155,False,1308327_YES.csv,1308327_YES
1771106700,2026-02-14 22:05:00,1,43.47,0.26082,0.005999999999861974,0.26082,,0.0065,0.0,0.0,0.001,0.15384615384615385,1314037.6700000002,65278.09,1379315.7600000002,0.0,0.9053471411071239,-0.0,0.9053471411071239,-0.46983858858093025,-0.6064599764880894,-0.5547510071202207,-0.5543389456521536,-0.13712189048088652,-0.4368718124332945,1.5257860695035972,-1.6310495721892404,0.8343252333705571,-0.4368718124332945,-1.2335961512519777,False,1308327_YES.csv,1308327_YES
1771106760,2026-02-14 22:06:00,3,7138.8,49.85679,0.006983917465119209,16.61893,,0.007,0.0769230769230771,0.0769230769230771,0.002,0.2857142857142857,1315999.21,63482.67,1379481.88,166.1199999996461,0.9079615746746889,0.0,0.9079615746746889,1.197422672314238,1.7928419781543707,0.5072039944806438,1.0730264122068842,-0.13712189048088652,1.5613920095874978,1.475223442690554,3.4974686449492522,2.4111279644165515,1.5613920095874978,7.469988618953301,False,1308327_YES.csv,1308327_YES
1771106820,2026-02-14 22:07:00,2,4922.75,39.382,0.007999999999998373,19.691,,0.007,0.0,0.0,0.002,0.2857142857142857,1315999.21,63482.67,1379481.88,0.0,0.9079615746746889,-0.0,0.9079615746746889,0.33847172229909084,1.2415891821262468,0.6837886906118399,1.0730264122068842,-0.13712189048088652,-0.4460303677289595,1.42015066190509,2.2638495950371778,2.3560551836310877,-0.4460303677289595,4.173874410939306,False,1308327_YES.csv,1308327_YES
1771107060,2026-02-14 22:11:00,1,6000.0,53.80221,0.008967034999998505,53.80221,,0.007,0.0,0.0,0.002,0.2857142857142857,1315999.21,63482.67,1379481.88,0.0,0.9079615746746889,-0.0,0.9079615746746889,-0.5077075834486364,1.8418726638846428,2.654800244700063,1.0730264122068842,-0.13712189048088652,-0.4460303677289595,1.368486735801175,3.9889653251360695,2.3043912575271728,-0.4460303677289595,5.847326214934283,False,1308327_YES.csv,1308327_YES
1771107120,2026-02-14 22:12:00,1,100.19,0.70133,0.006999999999930132,0.70133,,0.0065,-0.07142857142857151,0.07142857142857151,0.001,0.15384615384615385,253073.24,66188.3,319261.54,-1060220.3399999999,0.5853662799471556,1060220.3399999999,0.5853662799471556,-0.5077075834486364,-0.6264307559557422,-0.547664790694818,-0.5543389456521536,5.222383508733345,1.3816574767777081,0.40342295128857747,-1.6818031300991965,5.071467514369769,1.3816574767777081,4.77132186104828,False,1308327_YES.csv,1308327_YES
1771107180,2026-02-14 22:13:00,2,1111.11111,10.0,0.0090000000089919,5.0,,0.0065,0.0,0.0,0.001,0.15384615384615385,253073.24,66188.3,319261.54,0.0,0.5853662799471556,-0.0,0.5853662799471556,0.3247960323822486,-0.19828266232421016,-0.2883699771510107,-0.5343069070934999,-0.19004063364445584,-0.4539115986192397,0.39092597608585605,-0.16185660709297228,-0.33342156465209977,-0.4539115986192397,-0.9491897703643117,False,1308327_YES.csv,1308327_YES
1771107300,2026-02-14 22:15:00,1,7.82,0.07038,0.008999999998849104,0.07038,,0.008,0.23076923076923084,0.23076923076923084,0.002,0.25,254447.62,65047.31,319494.93,233.39000000001397,0.5928116292800014,0.0,0.5928116292800014,-0.5224979651366608,-0.6506305276564158,-0.5741575504732329,1.368387887344303,-0.19004063364445584,4.428376445874306,0.40000203749299834,-1.7472860432663095,1.5783492911928456,4.428376445874306,4.259439693800841,False,1308327_YES.csv,1308327_YES
1771107360,2026-02-14 22:16:00,1,1111.11111,10.0,0.0090000000089919,10.0,,0.008,0.0,0.0,0.002,0.25,254447.62,65047.31,319494.93,0.0,0.5928116292800014,-0.0,0.5928116292800014,-0.5224979651366608,-0.19002053464821833,0.023016248012843507,1.5199855219889076,-0.19004063364445584,-0.4512990283937363,0.38746149386664475,-0.6895022517720356,1.7174063822110965,-0.4512990283937363,0.5766051020453244,False,1308327_YES.csv,1308327_YES
1771107600,2026-02-14 22:20:00,2,1199.0,9.392,0.00783319432860064,4.696,,0.008,0.0,0.0,0.002,0.25,254447.62,65047.31,319494.93,0.0,0.5928116292800014,-0.0,0.5928116292800014,0.3111480792222341,-0.2254800415276227,-0.3003325489950876,1.717556403732164,-0.19004063364445584,-0.4512990283937363,0.3749864591677704,-0.2146645113004762,1.9025022292554787,-0.4512990283937363,1.2365386895612662,False,1308327_YES.csv,1308327_YES
1771107660,2026-02-14 22:21:00,2,1152.98,9.22086,0.007997415393148194,4.61043,,0.0075,-0.0625,0.0625,0.001,0.13333333333333333,251064.96,80868.04,331933.0,12438.070000000007,0.5127448009086171,0.0,0.5127448009086171,0.2975198563309745,-0.2072490606006015,-0.2743525524189266,-0.5725188012440546,-0.18679993924656024,0.8779888189599352,0.12084962989088949,-0.1840817566885536,-0.6384691105997253,0.8779888189599352,0.05543795167165633,False,1308327_YES.csv,1308327_YES
1771107780,2026-02-14 22:23:00,3,2912.0,23.296,0.007999999999997252,7.765333333333333,,0.0075,0.0,0.0,0.001,0.13333333333333333,251064.96,80868.04,331933.0,0.0,0.5127448009086171,-0.0,0.5127448009086171,1.1102132566596086,0.4694457140016913,-0.05184871192847509,-0.5725188012440546,-0.18679993924656024,-0.4490768313877099,0.10212755130151796,1.5278102587328248,-0.6571911891890969,-0.4490768313877099,0.42154223815601805,False,1308327_YES.csv,1308327_YES
1771107840,2026-02-14 22:24:00,1,1863.0,14.904,0.007999999999995705,14.904,,0.0075,0.0,0.0,0.001,0.13333333333333333,253592.11,59472.35,313064.45999999996,-18868.540000000037,0.620063229150955,18868.540000000037,0.620063229150955,-0.576186626873974,0.06469533321960619,0.4013904818562167,-0.5725188012440546,-0.09213091268056939,-0.4490768313877099,0.4024094395694437,-0.11010081179815118,-0.2622402743551803,-0.4490768313877099,-0.8214179175410414,False,1308327_YES.csv,1308327_YES
1771107900,2026-02-14 22:25:00,1,125.0,1.0,0.007999999999936,1.0,,0.0075,0.0,0.0,0.001,0.13333333333333333,253592.11,59472.35,313064.45999999996,0.0,0.620063229150955,-0.0,0.620063229150955,-0.576186626873974,-0.5888355618512846,-0.4793358839157051,-0.5725188012440546,-0.18844775134938382,-0.4490768313877099,0.380634405288895,-1.6443580726409637,-0.3803321473045435,-0.4490768313877099,-2.4737670513332173,False,1308327_YES.csv,1308327_YES
1771107960,2026-02-14 22:26:00,2,1359.2,9.11122,0.006703369629188656,4.55561,,0.0075,0.0,0.0,0.001,0.13333333333333333,253592.11,59472.35,313064.45999999996,0.0,0.620063229150955,-0.0,0.620063229150955,0.2535462764185513,-0.20606178045203688,-0.2507571665209756,-0.5725188012440546,-0.18844775134938382,-0.4490768313877099,0.3587075573040056,-0.2032726705544612,-0.4022589952894329,-0.4490768313877099,-1.0546084972316039,False,1308327_YES.csv,1308327_YES
1771108080,2026-02-14 22:28:00,1,285.714285,2.0,0.0070000000174754995,2.0,,0.0075,0.0,0.0,0.001,0.13333333333333333,253592.11,59472.35,313064.45999999996,0.0,0.620063229150955,-0.0,0.620063229150955,-0.5916079783099529,-0.5404142964682352,-0.40910466410473406,-0.5725188012440552,-0.18844775134938382,-0.4490768313877099,0.3365802569086678,-1.5411269388829223,-0.42438629568477126,-0.4490768313877099,-2.4145900659554034,False,1308327_YES.csv,1308327_YES
1771108140,2026-02-14 22:29:00,2,1836.0,12.852,0.006999999999996187,6.426,,0.0075,0.0,0.0,0.001,0.13333333333333333,253592.11,59472.35,313064.45999999996,0.0,0.620063229150955,-0.0,0.620063229150955,0.2535462764185513,-0.0334748243474976,-0.13219976657333826,-0.5725188012440552,-0.18844775134938382,-0.4490768313877099,0.31419934247196174,0.08787168549771546,-0.4467672101214773,-0.4490768313877099,-0.8079723560114718,False,1308327_YES.csv,1308327_YES
1771108320,2026-02-14 22:32:00,1,300.0,2.1,0.006999999999976667,2.1,,0.0075,0.0,0.0,0.001,0.13333333333333333,253592.11,59472.35,313064.45999999996,0.0,0.620063229150955,-0.0,0.620063229150955,-0.5916079783099529,-0.5351038373926179,-0.39612052556528904,-0.5725188012440552,-0.18844775134938382,-0.4490768313877099,0.2915060946301837,-1.52283234126786,-0.46946045796325536,-0.4490768313877099,-2.441369630618825,False,1308327_YES.csv,1308327_YES
1771108500,2026-02-14 22:35:00,1,250.0,2.0,0.007999999999968,2.0,,0.0075,0.0,0.0,0.001,0.13333333333333333,253592.11,59472.35,313064.45999999996,0.0,0.620063229150955,-0.0,0.620063229150955,-0.5916079783099529,-0.5411748818228531,-0.40412870270369644,-0.5725188012440552,-0.18844775134938382,-0.4490768313877099,0.2684349608336621,-1.5369115628365024,-0.49253159175977695,-0.4490768313877099,-2.4785199859839895,False,1308327_YES.csv,1308327_YES
1771108620,2026-02-14 22:37:00,1,532.5,4.26,0.007999999999984976,4.26,,0.0075,0.0,0.0,0.001,0.13333333333333333,253592.11,59472.35,313064.45999999996,0.0,0.620063229150955,-0.0,0.620063229150955,-0.5916079783099529,-0.4373656542809179,-0.26361465569102255,-0.5470606568918899,-0.18844775134938382,-0.43481295410219445,0.24878866217390572,-1.2925882882818935,-0.486719746067368,-0.43481295410219445,-2.214120988451456,False,1308327_YES.csv,1308327_YES
1771108680,2026-02-14 22:38:00,2,1125.0,9.0,0.00799999999999289,4.5,,0.0075,0.0,0.0,0.001,0.13333333333333333,253592.11,59472.35,313064.45999999996,0.0,0.620063229150955,-0.0,0.620063229150955,0.240066632630358,-0.2189293673889157,-0.25338601654244747,-0.5215225935690385,-0.18844775134938382,-0.43481295410219445,0.22888621898635358,-0.23224875130100517,-0.4810841259320688,-0.43481295410219445,-1.1481458313352684,False,1308327_YES.csv,1308327_YES
1771108860,2026-02-14 22:41:00,1,406.25,3.25,0.007999999999980308,3.25,,0.0075,0.0,0.0,0.001,0.13333333333333333,253592.11,59472.35,313064.45999999996,0.0,0.620063229150955,-0.0,0.620063229150955,-0.6072273648885522,-0.4973878700188861,-0.33781755162141003,-0.521522593569038,-0.18787086742516937,-0.42109015712601655,0.20689894464104383,-1.4424327865288484,-0.5024945163531634,-0.42109015712601655,-2.3660174600080284,False,1308327_YES.csv,1308327_YES
1771108920,2026-02-14 22:42:00,1,125.0,1.0,0.007999999999936,1.0,,0.007,-0.06666666666666665,0.06666666666666665,0.002,0.2857142857142857,1323542.27,56858.12,1380400.3900000001,1067335.9300000002,0.9176208288379285,0.0,0.9176208288379285,-0.5916079783099529,-0.5912834801905292,-0.4744304960974263,1.797485015501923,-0.18787086742516937,0.9638023630028295,1.1692726425982662,-1.6573219545979085,2.7788867906750196,0.9638023630028295,2.0853671990799407,False,1308327_YES.csv,1308327_YES
1771109100,2026-02-14 22:45:00,1,2100.00125,15.999999999999998,0.007619043083899272,15.999999999999998,,0.0065,-0.07142857142857151,0.07142857142857151,0.001,0.15384615384615385,1322742.27,49318.13,1372060.4,-8339.990000000224,0.9281108470151899,8339.990000000224,0.9281108470151899,-0.5916079783099529,0.11712076394280468,0.4794847304777388,-0.5470606568918893,-0.14602954599058143,1.0710116513337995,1.175269262604096,0.004997516110590572,0.4821790597216251,1.0710116513337995,1.5581882271660152,False,1308327_YES.csv,1308327_YES
1771109220,2026-02-14 22:47:00,1,7.04,0.04224,0.005999999999147727,0.04224,,0.0065,0.0,0.0,0.001,0.15384615384615385,1322742.27,49318.13,1372060.4,0.0,0.9281108470151899,-0.0,0.9281108470151899,-0.5916079783099529,-0.632547485960683,-0.5305500095299482,-0.5470606568918893,-0.18860305871148902,-0.4403215102454975,1.148462388414807,-1.754705473800584,0.4127986728114288,-0.4403215102454975,-1.7822283112346526,False,1308327_YES.csv,1308327_YES
1771109280,2026-02-14 22:48:00,1,401.25,3.21,0.007999999999980063,3.21,,0.007,0.0769230769230771,0.0769230769230771,0.002,0.2857142857142857,1322735.23,54093.35,1376828.58,4768.180000000168,0.921423260984312,0.0,0.921423260984312,-0.5916079783099529,-0.48366988755087065,-0.3296424221127441,1.717556403732164,-0.18860305871148902,1.1487917597929092,1.1011872740238342,-1.4049202879735676,2.630140619044509,1.1487917597929092,2.3740120908638502,False,1308327_YES.csv,1308327_YES
1771109520,2026-02-14 22:52:00,3,446.73,3.39934,0.007609383744078953,1.1331133333333334,,0.007,0.0,0.0,0.002,0.2857142857142857,1322735.23,54093.35,1376828.58,0.0,0.921423260984312,-0.0,0.921423260984312,1.0632592204403157,-0.4769306387389961,-0.46329555178271226,1.6444350600336473,-0.18860305871148902,-0.46287490625293143,1.0803347732065471,0.12303302991860737,2.5361667745287053,-0.46287490625293143,2.1963248981943813,False,1308327_YES.csv,1308327_YES
1771109760,2026-02-14 22:56:00,3,717.98,5.517110000000001,0.007684211259355854,1.8390366666666669,,0.007,0.0,0.0,0.002,0.2857142857142857,1322735.23,54093.35,1376828.58,0.0,0.921423260984312,-0.0,0.921423260984312,1.0291515427674216,-0.3764599584287265,-0.4143831072709515,1.5771033263429017,-0.18727310694277072,-0.46287490625293143,1.0491843476839786,0.2383084770677436,2.4390145670841097,-0.46287490625293143,2.2144481378989216,False,1308327_YES.csv,1308327_YES
1771109820,2026-02-14 22:57:00,1,125.0,1.0,0.007999999999936,1.0,,0.0075,0.0714285714285714,0.0714285714285714,0.001,0.13333333333333333,254900.95,52485.98,307386.93,-1069441.6500000001,0.6585022011183104,1069441.6500000001,0.6585022011183104,-0.6397428509094782,-0.5916035722850969,-0.4673495118795024,-0.6235059662285891,4.284176781871032,1.0018186348129663,0.029555425406934704,-1.6986959350740776,3.690226241049378,1.0018186348129663,2.9933489407882665,False,1308327_YES.csv,1308327_YES
1771109940,2026-02-14 22:59:00,1,515.0,3.21361,0.006240019417463583,3.21361,,0.0075,0.0,0.0,0.001,0.13333333333333333,254900.95,52485.98,307386.93,0.0,0.6585022011183104,-0.0,0.6585022011183104,-0.6397428509094782,-0.48703467782420057,-0.32659349849859637,-0.6235059662285896,-0.23012732313649514,-0.4605075420617353,0.007826589449799836,-1.453371027232275,-0.8458066999152848,-0.4605075420617353,-2.759685269209295,False,1308327_YES.csv,1308327_YES
1771110000,2026-02-14 23:00:00,1,1302.07,9.999999999999998,0.0076800786439994015,9.999999999999998,,0.0065,-0.1333333333333333,0.1333333333333333,0.001,0.15384615384615385,1322135.52,45437.38,1367572.9,1060185.97,0.9335503357810031,0.0,0.9335503357810031,-0.6397428509094782,-0.1701340259802784,0.10023896134884284,-0.6235059662285896,-0.23012732313649514,2.2097505568160596,1.0520560159078327,-0.7096379155409138,0.19842272654274806,2.2097505568160596,1.6985353678178938,False,1308327_YES.csv,1308327_YES
1771110120,2026-02-14 23:02:00,1,271.87,2.17496,0.007999999999970574,2.17496,,0.0065,0.0,0.0,0.001,0.15384615384615385,1322135.52,45437.38,1367572.9,0.0,0.9335503357810031,-0.0,0.9335503357810031,-0.623936044545652,-0.5305870350050442,-0.3950194718877125,-0.6235059662285896,-0.23012732313649514,-0.4864465246638798,1.019207129751984,-1.5495425514384087,0.16557384038689937,-0.4864465246638798,-1.8704152357153891,False,1308327_YES.csv,1308327_YES
1771110360,2026-02-14 23:06:00,2,325.0,2.2,0.006769230769209942,1.1,,0.007,0.0769230769230771,0.0769230769230771,0.002,0.2857142857142857,1322974.81,52119.65,1375094.46,7521.560000000056,0.924194807678885,0.0,0.924194807678885,0.1947043459289717,-0.5098590773889382,-0.44071345095175235,1.5147423690005475,-0.23012732313649514,1.0838123838308145,0.9599024912305114,-0.7558681824117188,2.2445175370945636,1.0838123838308145,2.5724617385136592,False,1308327_YES.csv,1308327_YES
1771110720,2026-02-14 23:12:00,1,125.0,1.0,0.007999999999936,1.0,,0.007,0.0,0.0,0.002,0.2857142857142857,1322974.81,51415.73,1374390.54,-703.9199999999255,0.9251803202894572,703.9199999999255,0.9251803202894572,-0.623936044545652,-0.5660798303869004,-0.44704785935207886,1.4566845315861123,-0.22720809060750558,-0.4841099326537018,0.9441617678400237,-1.6370637342846313,2.1736382088186303,-0.4841099326537018,0.05246454188029731,False,1308327_YES.csv,1308327_YES
1771110780,2026-02-14 23:13:00,1,625.0,5.0,0.0079999999999872,5.0,,0.007,0.0,0.0,0.002,0.2857142857142857,1322974.81,51415.73,1374390.54,0.0,0.9251803202894572,-0.0,0.9251803202894572,-0.623936044545652,-0.37789987375164835,-0.19097959729205963,1.4023789311977817,-0.23017949679989186,-0.4841099326537018,0.9272130239956395,-1.1928155155893598,2.0994124583935294,-0.4841099326537018,0.4224870101504678,False,1308327_YES.csv,1308327_YES
1771111140,2026-02-14 23:19:00,1,125.0,1.0,0.007999999999936,1.0,,0.007,0.0,0.0,0.002,0.2857142857142857,1322974.81,51415.73,1374390.54,0.0,0.9251803202894572,-0.0,0.9251803202894572,-0.5999708521484138,-0.5502536569249236,-0.4425798281381861,1.3513661517853586,-0.23017949679989186,-0.4841099326537018,0.9138103478430395,-1.5928043372115235,2.034997002828506,-0.4841099326537018,-0.04191726703671922,False,1308327_YES.csv,1308327_YES
1771111260,2026-02-14 23:21:00,1,2.66,0.01596,0.005999999997744361,0.01596,,0.007,0.0,0.0,0.002,0.2857142857142857,1321203.8,51899.67,1373103.47,-1287.0700000000652,0.9244053035566214,1287.0700000000652,0.9244053035566214,-0.576186626873974,-0.5749241167990918,-0.49439834476428113,1.3032593174366645,-0.22484174276632543,-0.4841099326537018,0.9014225908037844,-1.645509088437347,1.9798401654741236,-0.4841099326537018,-0.1497788556169251,False,1308327_YES.csv,1308327_YES
1771111860,2026-02-14 23:31:00,1,125.0,1.0,0.007999999999936,1.0,,0.007,0.0,0.0,0.002,0.2857142857142857,1321203.8,51899.67,1373103.47,0.0,0.9244053035566214,-0.0,0.9244053035566214,-0.576186626873974,-0.5284862356163528,-0.43178106772789554,1.2577297237370162,-0.2302748713779142,-0.4754319547177417,0.8771782603985665,-1.5364539302182223,1.9046331127576686,-0.4754319547177417,-0.10725277217829543,False,1308327_YES.csv,1308327_YES
1771112100,2026-02-14 23:35:00,1,5000.0,40.0,0.007999999999998399,40.0,,0.007,0.0,0.0,0.002,0.2857142857142857,1321203.8,51899.67,1373103.47,0.0,0.9244053035566214,-0.0,0.9244053035566214,-0.576186626873974,1.6494140617427269,3.1939459842968785,1.2144957801493301,-0.2302748713779142,-0.4754319547177417,0.8544060096850148,4.267173419165632,1.8386269184564308,-0.4754319547177417,5.6303683829043205,False,1308327_YES.csv,1308327_YES
1771112280,2026-02-14 23:38:00,1,2244.15,17.953200000000002,0.007999999999996435,17.953200000000002,,0.007,0.0,0.0,0.002,0.2857142857142857,1321203.8,51899.67,1373103.47,0.0,0.9244053035566214,-0.0,0.9244053035566214,-0.5609515724789952,0.38287291205546614,1.0483558961482886,1.1733143937867438,-0.2302748713779142,-0.4754319547177417,0.8332884284168909,0.8702772357247596,1.7763279508257206,-0.4754319547177417,2.1711732318327384,False,1308327_YES.csv,1308327_YES
1771112580,2026-02-14 23:43:00,1,410.71,2.87497,0.0069999999999829565,2.87497,,0.007,0.0,0.0,0.002,0.2857142857142857,1321203.8,51899.67,1373103.47,0.0,0.9244053035566214,-0.0,0.9244053035566214,-0.5356972145906342,-0.4673142972589311,-0.36256922394081686,1.133974177791491,-0.2302748713779142,-0.4754319547177417,0.8141196057908192,-1.3655807357903822,1.7178189122043959,-0.4754319547177417,-0.12319377830372802,False,1308327_YES.csv,1308327_YES
1771112640,2026-02-14 23:44:00,3,2115.9,16.9272,0.007999999999996218,5.642399999999999,,0.007,0.0,0.0,0.002,0.2857142857142857,1321203.8,51899.67,1373103.47,0.0,0.9244053035566214,-0.0,0.9244053035566214,1.161895003862207,0.47036001116665893,-0.07289595699586708,1.133974177791491,-0.2302748713779142,-0.4532066122155924,0.8026307762113922,1.5593590580329988,1.706330082624969,-0.4532066122155924,2.812482528442376,False,1308327_YES.csv,1308327_YES
1771112820,2026-02-14 23:47:00,2,1984.121427,13.3333,0.006720002021324514,6.66665,,0.007,0.0,0.0,0.002,0.2857142857142857,1321203.8,51899.67,1373103.47,0.0,0.9244053035566214,-0.0,0.9244053035566214,0.30123203803834997,0.21990335145436937,0.018740995109663244,1.133974177791491,-0.18754404479505016,-0.4532066122155924,0.7821373092871603,0.5398763846023825,1.728567442283601,-0.4532066122155924,1.8152372146703912,False,1308327_YES.csv,1308327_YES
1771112880,2026-02-14 23:48:00,2,1484.821427,10.3375,0.006962116664008134,5.16875,,0.0065,-0.07142857142857151,0.07142857142857151,0.001,0.15384615384615385,1334179.4,56900.95,1391080.3499999999,17976.87999999989,0.9181917133686779,0.0,0.9181917133686779,0.30123203803834997,0.013443020424067056,-0.1334801729116699,-0.8671567241934921,-0.18753981386113622,1.2389286505942312,0.7263104106005126,0.18119488555074711,-0.32838612745411566,1.2389286505942312,1.0917374086908627,False,1308327_YES.csv,1308327_YES
1771113000,2026-02-14 23:50:00,1,428.571427,3.0000000000000004,0.007000000025650267,3.0000000000000004,,0.0065,0.0,0.0,0.001,0.15384615384615385,1334179.4,56900.95,1391080.3499999999,0.0,0.9181917133686779,-0.0,0.9181917133686779,-0.5441196249444079,-0.47670950495250314,-0.31599983514273167,-0.867156724193493,-0.18753981386113622,-0.45320661221559255,0.708597925197924,-1.3368289650396425,-0.3460986128567052,-0.45320661221559255,-2.13613419011194,False,1308327_YES.csv,1308327_YES
1771113060,2026-02-14 23:51:00,1,5150.0,30.9,0.005999999999998835,30.9,,0.0065,0.0,0.0,0.001,0.15384615384615385,1329060.31,56066.62,1385126.9300000002,-5953.419999999693,0.9190447910791828,5953.419999999693,0.9190447910791828,-0.6356191358869155,1.6910458248999334,2.468257132230142,-0.867156724193493,-0.15716783673208157,-0.45320661221559255,0.6992533927542387,3.52368382124316,-0.32507116817133574,-0.45320661221559255,2.7454060408562313,False,1308327_YES.csv,1308327_YES
1771113180,2026-02-14 23:53:00,2,2325.2200000000003,13.951319999999999,0.00599999999999742,6.9756599999999995,,0.0065,0.0,0.0,0.001,0.15384615384615385,1329060.31,56066.62,1385126.9300000002,0.0,0.9190447910791828,-0.0,0.9190447910791828,0.7893682982176052,0.3511628048320566,0.041430732520380785,-0.8380817098476744,-0.18807181093591802,-0.43093654157972444,0.6966345559529016,1.1819618355700428,-0.32951896483069076,-0.43093654157972444,0.42150632915962755,False,1308327_YES.csv,1308327_YES
1771113300,2026-02-14 23:55:00,2,251.34,1.50804,0.005999999999976129,0.75402,,0.0065,0.0,0.0,0.001,0.15384615384615385,1329060.31,56066.62,1385126.9300000002,0.0,0.9190447910791828,-0.0,0.9190447910791828,0.8474722741972842,-0.622252142655988,-0.5890415545320538,-0.8096638534328866,-0.18807181093591802,-0.43093654157972444,0.6940251036796755,-0.3638214229907576,-0.30371056068912916,-0.43093654157972444,-1.0984685252596111,False,1308327_YES.csv,1308327_YES
1771113360,2026-02-14 23:56:00,3,584.673333,3.5080400000000003,0.006000000003410453,1.1693466666666668,,0.0065,0.0,0.0,0.001,0.15384615384615385,1329060.31,56066.62,1385126.9300000002,0.0,0.9190447910791828,-0.0,0.9190447910791828,2.2694338573756148,-0.4647579230854291,-0.5450582056938983,-0.7818319904311184,-0.18807181093591802,-0.43093654157972444,0.6914249553579397,1.2596177285962873,-0.2784788460090968,-0.43093654157972444,0.5502023410074661,False,1308327_YES.csv,1308327_YES
1771113540,2026-02-14 23:59:00,1,400.0,2.4,0.005999999999985,2.4,,0.0065,0.0,0.0,0.001,0.15384615384615385,1329060.31,56066.62,1385126.9300000002,0.0,0.9190447910791828,-0.0,0.9190447910791828,-0.6670622662383615,-0.5521534079326932,-0.4233208603485587,-0.7545185522001739,-0.18807181093591802,-0.43093654157972444,0.6865844023967252,-1.6425365345196135,-0.25600596073936666,-0.43093654157972444,-2.3294790368387046,False,1308327_YES.csv,1308327_YES
1771113840,2026-02-15 00:04:00,3,1344.133333,7.554,0.005619978178157702,2.5180000000000002,,0.0065,0.0,0.0,0.001,0.15384615384615385,1329060.31,56066.62,1385126.9300000002,0.0,0.9190447910791828,-0.0,0.9190447910791828,2.1639238917212182,-0.15782887424231087,-0.4144535983820569,-0.7276586971151933,-0.18807181093591802,-0.43093654157972444,0.6817745361328347,1.5916414190968504,-0.23395597191827666,-0.43093654157972444,0.9267489055988494,False,1308327_YES.csv,1308327_YES
1771113960,2026-02-15 00:06:00,1,142.857141,1.0,0.007000000090951001,1.0,,0.006,-0.07692307692307687,0.07692307692307687,0.002,0.3333333333333333,1818257.45,70740.69,1888998.14,503871.20999999973,0.9251024249288039,0.0,0.9251024249288039,-0.6896021193397289,-0.6739297965769964,-0.569987120701211,1.3032593174366645,-0.18726676552706725,1.4022859652178505,0.7190547013382889,-1.9335190366179362,1.835047253247886,1.4022859652178505,1.3038141818478004,False,1308327_YES.csv,1308327_YES
1771114200,2026-02-15 00:10:00,2,2718.83714,19.0,0.0069882817622511,9.5,,0.006,0.0,0.0,0.002,0.3333333333333333,1818257.45,70740.69,1888998.14,0.0,0.9251024249288039,-0.0,0.9251024249288039,0.7131764786188085,0.7168140849116621,0.2791483316499162,1.2577297237370166,-0.18726676552706725,-0.4318379178184607,0.7154491402637619,1.7091388951803868,1.7859120984737114,-0.4318379178184607,3.0632130758356375,False,1308327_YES.csv,1308327_YES
1771114320,2026-02-15 00:12:00,1,16666.666666,100.0,0.006000000000239639,100.0,,0.005,-0.16666666666666663,0.16666666666666663,0.002,0.4,1794454.63,107481.42,1901936.0499999998,12937.909999999916,0.8869768307930228,0.0,0.8869768307930228,-0.7131764786188085,5.148979055399002,5.9082347431167435,1.2144957801493306,-0.18726676552706725,3.1663868483762787,0.4611035663909445,10.344037319896938,1.488332581013208,3.1663868483762787,14.998756749286423,True,1308327_YES.csv,1308327_YES
1771114620,2026-02-15 00:17:00,1,500.0,3.0,0.005999999999988,3.0,,0.005,0.0,0.0,0.002,0.4,1794454.63,107481.42,1901936.0499999998,0.0,0.8869768307930228,-0.0,0.8869768307930228,-0.7131764786188085,-0.4979916907545625,-0.35058778304454347,1.1733143937867443,-0.18726676552706725,-0.4537238568401532,0.4633756530607664,-1.5617559524179145,1.4494232813204435,-0.4537238568401532,-0.5660565279376242,False,1308327_YES.csv,1308327_YES
1771114740,2026-02-15 00:19:00,1,5.0,0.03,0.0059999999988,0.03,,0.005,0.0,0.0,0.002,0.4,1794454.63,107481.42,1901936.0499999998,0.0,0.8869768307930228,-0.0,0.8869768307930228,-0.6896021193397289,-0.6664916231577817,-0.5400230679996734,1.13397417779149,-0.18726676552706725,-0.4537238568401532,0.46565413164039726,-1.896116810497184,1.41236154390482,-0.4537238568401532,-0.937479123432517,False,1308327_YES.csv,1308327_YES
1771114800,2026-02-15 00:20:00,1,16666.666665,100.0,0.00600000000059964,100.0,,0.005,0.0,0.0,0.002,0.4,1794454.63,107481.42,1901936.0499999998,0.0,0.8869768307930228,-0.0,0.8869768307930228,-0.6663977952434512,4.236572775849663,4.6219995925031006,1.0962900400223792,-0.18726676552706725,-0.4537238568401532,0.46793905623410004,8.192174573109313,1.376962330729412,-0.4537238568401532,9.115413046998572,False,1308327_YES.csv,1308327_YES
1771114980,2026-02-15 00:23:00,1,707.83,3.53915,0.004999999999992936,3.53915,,0.005,0.0,0.0,0.002,0.4,1794454.63,107481.42,1901936.0499999998,0.0,0.8869768307930228,-0.0,0.8869768307930228,-0.6663977952434512,-0.45040545598303705,-0.32747655942207116,1.0600988273788021,-0.18726676552706725,-0.4537238568401532,0.4702304814895316,-1.4442798106485595,1.3430625433412664,-0.4537238568401532,-0.5549411241474462,False,1308327_YES.csv,1308327_YES
1771115040,2026-02-15 00:24:00,2,521.966665,2.7765000000000004,0.005319305208877047,1.3882500000000002,,0.0055,0.09999999999999987,0.09999999999999987,0.001,0.18181818181818182,1793359.62,77570.4,1870930.02,-31006.029999999795,0.917078245395838,31006.029999999795,0.917078245395838,0.7615974802782303,-0.4634982673451647,-0.42228132059405304,-0.9275864739564527,-0.029027372976023286,1.6453483813474528,0.6715894041297988,-0.12418210766098747,-0.28502444280267714,1.6453483813474528,1.2361418308837882,False,1308327_YES.csv,1308327_YES
1771115100,2026-02-15 00:25:00,2,1080.0,6.32,0.005851851851846434,3.16,,0.0055,0.0,0.0,0.001,0.18181818181818182,1793359.62,77570.4,1870930.02,0.0,0.917078245395838,-0.0,0.917078245395838,0.7371608861907446,-0.2923512866435304,-0.3318845482130455,-0.9275864739564527,-0.19000498896642826,-0.47920895231207955,0.6697006344585699,0.11292505133416869,-0.44789082846431105,-0.47920895231207955,-0.8141747294422219,False,1308327_YES.csv,1308327_YES
1771115280,2026-02-15 00:28:00,1,166.666665,1.0,0.006000000059964001,1.0,,0.0055,0.0,0.0,0.001,0.18181818181818182,1793359.62,77570.4,1870930.02,0.0,0.917078245395838,-0.0,0.917078245395838,-0.6896021193397289,-0.5440046533337137,-0.4323982954530851,-0.9275864739564527,-0.19000498896642826,-0.47920895231207955,0.6678167212406212,-1.6660050681265277,-0.4497747416822597,-0.47920895231207955,-2.594988762120867,False,1308327_YES.csv,1308327_YES
1771115400,2026-02-15 00:30:00,1,81.62,0.32648,0.003999999999950992,0.32648,,0.005,-0.09090909090909083,0.09090909090909083,0.002,0.4,1790289.17,75944.81,1866233.98,-4696.040000000037,0.9186116951959046,4696.040000000037,0.9186116951959046,-0.6896021193397289,-0.5772277064311343,-0.4670286170007621,1.0252557852983415,-0.1660425760825269,1.398642077067335,0.676020606434985,-1.7338584427716253,1.5352338156507996,1.398642077067335,1.2000174499465093,False,1308327_YES.csv,1308327_YES
1771115880,2026-02-15 00:38:00,1,2570.1,10.2804,0.003999999999998444,10.2804,,0.005,0.0,0.0,0.002,0.4,1790289.17,75944.81,1866233.98,0.0,0.9186116951959046,-0.0,0.9186116951959046,-0.6670622662383615,-0.05652066464377361,0.0492482475225709,1.0252557852983415,-0.19042534745891646,-0.4810194336359451,0.6743001137285842,-0.6743346833595643,1.5091305515680093,-0.4810194336359451,0.35377643457249996,False,1308327_YES.csv,1308327_YES
1771116240,2026-02-15 00:44:00,1,333.333332,2.0,0.006000000023982,2.0,,0.005,0.0,0.0,0.002,0.4,1790289.17,75944.81,1866233.98,0.0,0.9186116951959046,-0.0,0.9186116951959046,-0.643756380659012,-0.45234848900347163,-0.36149273501690743,1.0252557852983415,-0.19042534745891646,-0.4810194336359451,0.6725836737251991,-1.457597604679391,1.507414111564624,-0.4810194336359451,-0.43120292675071215,False,1308327_YES.csv,1308327_YES
1771116480,2026-02-15 00:48:00,1,2166.666665,13.000000000000002,0.00600000000461253,13.000000000000002,,0.0055,0.09999999999999987,0.09999999999999987,0.001,0.18181818181818182,1792010.67,78233.81999999999,1870244.49,4010.5100000000093,0.9163384034351573,0.0,0.9163384034351573,-0.643756380659012,0.1568077680155353,0.2509934954963114,-0.9275864739564522,-0.19042534745891646,1.5637276637594875,0.6559552474952494,-0.23595511714716527,-0.46205657392011934,1.5637276637594875,0.8657159726922028,False,1308327_YES.csv,1308327_YES
1771116660,2026-02-15 00:51:00,1,166.666665,1.0,0.006000000059964001,1.0,,0.005,-0.09090909090909083,0.09090909090909083,0.002,0.4,1787010.67,78358.38,1865369.0499999998,-4875.440000000177,0.9159861905074496,4875.440000000177,0.9159861905074496,-0.643756380659012,-0.49034651863022727,-0.3966154132590344,1.0252557852983415,-0.10298923752746271,1.3580092113774436,0.6279118230099631,-1.5307183125482737,1.5501783707808419,1.3580092113774436,1.3774692696100117,False,1308327_YES.csv,1308327_YES
1771116720,2026-02-15 00:52:00,2,999.999997,6.0,0.006000000017994,3.0,,0.005,0.0,0.0,0.002,0.4,1787010.67,78358.38,1865369.0499999998,0.0,0.9159861905074496,-0.0,0.9159861905074496,0.8418352670156309,-0.21711968560731623,-0.28679985043231565,0.9916316520430716,-0.13832287128959278,-0.5088796562150808,0.6023907667817519,0.3379157309759991,1.4556995475352306,-0.5088796562150808,1.2847356222961488,False,1308327_YES.csv,1308327_YES
1771117020,2026-02-15 00:57:00,1,7400.0,37.0,0.004999999999999324,37.0,,0.0045,-0.10000000000000009,0.10000000000000009,0.001,0.22222222222222224,1786840.57,69994.84,1856835.4100000001,-8533.639999999665,0.9246084605850983,8533.639999999665,0.9246084605850983,-0.643756380659012,1.3995106025033068,1.4868577944616943,-0.9591102507629646,-0.07751680083890503,1.8538340483075813,0.637070017252525,2.2426120163059893,-0.39955703434934464,1.8538340483075813,3.696889030264226,False,1308327_YES.csv,1308327_YES
1771117080,2026-02-15 00:58:00,1,200.0,1.0,0.004999999999975,1.0,,0.0045,0.0,0.0,0.001,0.22222222222222224,1786840.57,69994.84,1856835.4100000001,0.0,0.9246084605850983,-0.0,0.9246084605850983,-0.643756380659012,-0.5030854983532345,-0.4117867041887848,-0.9275864739564527,-0.13936939767937256,-0.5413209046509495,0.6116764748340277,-1.5586285832010311,-0.4552793968017975,-0.5413209046509495,-2.5552288846537783,False,1308327_YES.csv,1308327_YES
1771117140,2026-02-15 00:59:00,2,2502.23,12.49492,0.0049935137857011576,6.24746,,0.0045,0.0,0.0,0.001,0.22222222222222224,1786840.57,69994.84,1856835.4100000001,0.0,0.9246084605850983,-0.0,0.9246084605850983,0.8418352670156309,0.10323964978541336,-0.1355904457569188,-0.8969645782001288,-0.13936939767937256,-0.5413209046509495,0.5864213810140274,0.8094844710441255,-0.44991259486547397,-0.5413209046509495,-0.181749028472298,False,1308327_YES.csv,1308327_YES
1771117200,2026-02-15 01:00:00,1,6.66,0.02664,0.003999999999399399,0.02664,,0.0045,0.0,0.0,0.001,0.22222222222222224,1786343.43,103446.42,1889789.8499999999,32954.43999999971,0.8905207158351497,0.0,0.8905207158351497,-0.6207404484035011,-0.547847315191678,-0.4600725019822856,-0.8969645782001288,-0.13936939767937256,-0.5192732830375681,0.30004931230106535,-1.6286602655774647,-0.736284663578436,-0.5192732830375681,-2.8842182121934687,False,1308327_YES.csv,1308327_YES
1771117260,2026-02-15 01:01:00,1,200.0,1.0,0.004999999999975,1.0,,0.0045,0.0,0.0,0.001,0.22222222222222224,1786343.43,103446.42,1889789.8499999999,0.0,0.8905207158351497,-0.0,0.8905207158351497,-0.5987485992773957,-0.47774857406907206,-0.40212952735825863,-0.8969645782001288,-0.13936939767937256,-0.5192732830375681,0.2672607465247577,-1.4786267007047262,-0.7690732293547438,-0.5192732830375681,-2.7669732130970384,False,1308327_YES.csv,1308327_YES
1771117320,2026-02-15 01:02:00,1,400.0,2.0,0.0049999999999875006,2.0,,0.0045,0.0,0.0,0.001,0.22222222222222224,1786343.43,103446.42,1889789.8499999999,0.0,0.8905207158351497,-0.0,0.8905207158351497,-0.5987485992773957,-0.41303273260152823,-0.33800076520702,-0.8969645782001288,-0.13706785875339594,-0.5192732830375681,0.23749008052266196,-1.349782097085944,-0.7965423564308628,-0.5192732830375681,-2.665597736554375,False,1308327_YES.csv,1308327_YES
1771117380,2026-02-15 01:03:00,2,469.65999999999997,2.18164,0.0046451475535394865,1.09082,,0.0045,0.0,0.0,0.001,0.22222222222222224,1786330.71,96475.41,1882806.1199999999,-6983.729999999981,0.8975195491716376,6983.729999999981,0.8975195491716376,0.933001502291708,-0.4046509788019905,-0.3860662773420446,-0.8969645782001283,-0.08730925480188244,-0.5192732830375681,0.2690278539945124,0.14228424614767288,-0.7152459790074983,-0.5192732830375681,-1.0922350158973937,False,1308327_YES.csv,1308327_YES
1771117440,2026-02-15 01:04:00,1,400.0,2.0,0.0049999999999875006,2.0,,0.0045,0.0,0.0,0.001,0.22222222222222224,1786330.71,96475.41,1882806.1199999999,0.0,0.8975195491716376,-0.0,0.8975195491716376,-0.5987485992773957,-0.4074130996638984,-0.33563704346675055,-0.8969645782001283,-0.13792464078474168,-0.5192732830375681,0.2373871732288318,-1.3417987424080446,-0.7975020457560382,-0.5192732830375681,-2.658574071201651,False,1308327_YES.csv,1308327_YES
1771117500,2026-02-15 01:05:00,1,400.0,2.0,0.0049999999999875006,2.0,,0.0045,0.0,0.0,0.001,0.22222222222222224,1786330.71,96475.41,1882806.1199999999,0.0,0.8975195491716376,-0.0,0.8975195491716376,-0.5987485992773957,-0.4074130996638984,-0.33563704346675055,-0.8969645782001283,-0.13792464078474168,-0.5192732830375681,0.20356584778168693,-1.3417987424080446,-0.831323371203183,-0.5192732830375681,-2.692395396648796,False,1308327_YES.csv,1308327_YES
1771117740,2026-02-15 01:09:00,1,5000.0,25.0,0.004999999999998999,25.0,,0.0045,0.0,0.0,0.001,0.22222222222222224,1816158.78,95670.83,1911829.61,29023.490000000224,0.8999169910335262,0.0,0.8999169910335262,-0.575699485725319,0.7934756388872614,0.8555675657703044,-0.8969645782001283,-0.13792464078474168,-0.5192732830375681,0.1921438445956062,1.0733437189322466,-0.8427453743892638,-0.5192732830375681,-0.28867493849458536,False,1308327_YES.csv,1308327_YES
1771117920,2026-02-15 01:12:00,1,200.0,1.0,0.004999999999975,1.0,,0.0045,0.0,0.0,0.001,0.22222222222222224,1816153.76,90637.07,1906790.83,-5038.780000000028,0.9049323412154231,5038.780000000028,0.9049323412154231,-0.575699485725319,-0.4673573572633906,-0.40106504547576916,-0.8969645782001283,-0.10202173193126426,-0.5192732830375681,0.2097966500342035,-1.4441218884644789,-0.789189660097189,-0.5192732830375681,-2.752584831599236,False,1308327_YES.csv,1308327_YES
1771117980,2026-02-15 01:13:00,1,1000.0,5.0,0.004999999999995,5.0,,0.0045,0.0,0.0,0.001,0.22222222222222224,1816153.76,90637.07,1906790.83,0.0,0.9049323412154231,-0.0,0.9049323412154231,-0.575699485725319,-0.2599772929492956,-0.19427796925444646,-0.8969645782001283,-0.1385435813228258,-0.5192732830375681,0.16937220734123565,-1.0299547479290612,-0.8661359521817185,-0.5192732830375681,-2.4153639831483478,False,1308327_YES.csv,1308327_YES
1771118100,2026-02-15 01:15:00,1,200.0,1.0,0.004999999999975,1.0,,0.0045,0.0,0.0,0.001,0.22222222222222224,1816403.76,89437.06999999999,1905840.83,-950.0,0.9061442397579444,950.0,0.9061442397579444,-0.575699485725319,-0.46703125219899533,-0.40076019504562677,-0.8969645782001283,-0.13177467683271,-0.5192732830375681,0.1393447317287885,-1.443490932969941,-0.8893945233040498,-0.5192732830375681,-2.852158739311559,False,1308327_YES.csv,1308327_YES
1771118280,2026-02-15 01:18:00,1,2926.0,14.63,0.004999999999998291,14.63,,0.0045,0.0,0.0,0.001,0.22222222222222224,1816173.76,86306.06999999999,1902479.83,-3361.0,0.9092699237710183,3361.0,0.9092699237710183,-0.5528132930726675,0.24416750963320422,0.3041706031742591,-0.8969645782001283,-0.11471112805922624,-0.5192732830375681,0.134400095756358,-0.0044751802652041595,-0.8772756105029966,-0.5192732830375681,-1.4010240738057689,False,1308327_YES.csv,1308327_YES
1771118580,2026-02-15 01:23:00,1,406.09,1.62436,0.00399999999999015,1.62436,,0.0045,0.0,0.0,0.001,0.22222222222222224,1816173.76,86306.06999999999,1902479.83,0.0,0.9092699237710183,-0.0,0.9092699237710183,-0.5528132930726675,-0.4372615430980285,-0.3751552091784925,-0.8969645782001288,-0.1390738296494206,-0.5192732830375681,0.06920462619480489,-1.3652300453491883,-0.9668337816547443,-0.5192732830375681,-2.851337110041501,False,1308327_YES.csv,1308327_YES
1771118640,2026-02-15 01:24:00,2,400.0,2.0,0.0049999999999875006,1.0,,0.0045,0.0,0.0,0.001,0.22222222222222224,1814283.29,89452.59,1903735.8800000001,1256.0500000000466,0.9060241591916626,0.0,0.9060241591916626,0.9943900207982782,-0.4185832462229117,-0.40782855844610233,-0.867156724193493,-0.1390738296494206,-0.4965405796963775,0.005792939097940728,0.16797821612926422,-1.000437614744973,-0.4965405796963775,-1.3289999783120863,False,1308327_YES.csv,1308327_YES
1771118760,2026-02-15 01:26:00,2,2926.0,14.63,0.004999999999998291,7.315,,0.0045,0.0,0.0,0.001,0.22222222222222224,1814283.29,89452.59,1903735.8800000001,0.0,0.9060241591916626,-0.0,0.9060241591916626,0.963204268402767,0.24595539596545957,-0.06986648957143608,-0.867156724193493,-0.13805094442293522,-0.47301888314249596,0.01346933088797677,1.1392931747967905,-0.9917383377284514,-0.47301888314249596,-0.3254640460741569,False,1308327_YES.csv,1308327_YES
1771118820,2026-02-15 01:27:00,2,5099.96,20.399839999999998,0.003999999999999215,10.199919999999999,,0.0045,0.0,0.0,0.001,0.22222222222222224,1814713.18,86044.95999999999,1900758.14,-2977.7400000002235,0.9094624842695663,2977.7400000002235,0.9094624842695663,0.933001502291708,0.531182145152107,0.07253721491433145,-0.867156724193493,-0.11683390471264257,-0.47301888314249596,0.0917121998514986,1.5367208623581465,-0.892278429054637,-0.47301888314249596,0.17142355016101363,False,1308327_YES.csv,1308327_YES
1771118880,2026-02-15 01:28:00,1,480.0,2.4,0.004999999999989583,2.4,,0.0045,0.0,0.0,0.001,0.22222222222222224,1814713.18,86044.95999999999,1900758.14,0.0,0.9094624842695663,-0.0,0.9094624842695663,-0.6220010015278051,-0.41347136391478506,-0.33603860729373686,-0.8380817098476744,-0.13841710037962865,-0.44858615484333086,0.09595988665452485,-1.371510972736327,-0.8805389235727782,-0.44858615484333086,-2.700636051152436,False,1308327_YES.csv,1308327_YES
1771118940,2026-02-15 01:29:00,1,1400.0,7.0,0.004999999999996428,7.0,,0.0045,0.0,0.0,0.001,0.22222222222222224,1814713.18,86044.95999999999,1900758.14,0.0,0.9094624842695663,-0.0,0.9094624842695663,-0.6013746495307466,-0.1752169018948835,-0.09993483627341716,-0.8096638534328866,-0.13841710037962865,-0.44858615484333086,0.10021730004728148,-0.8765263876990472,-0.8478636537652338,-0.44858615484333086,-2.1729761963076117,False,1308327_YES.csv,1308327_YES
1771119000,2026-02-15 01:30:00,1,490.0,2.45,0.0049999999999897965,2.45,,0.0045,0.0,0.0,0.001,0.22222222222222224,1811638.26,83674.95999999999,1895313.22,-5444.9199999999255,0.9117032909209593,5444.9199999999255,0.9117032909209593,-0.5823061563903144,-0.41129310430270644,-0.3395909069103293,-0.7818319904311184,-0.09961703327589028,-0.44858615484333086,0.15057048223285935,-1.3331901676033502,-0.7308785414741494,-0.44858615484333086,-2.5126548639208304,False,1308327_YES.csv,1308327_YES
1771119120,2026-02-15 01:32:00,2,751.51,3.60604,0.0047983925696201005,1.80302,,0.0045,0.0,0.0,0.001,0.22222222222222224,1811638.26,83674.95999999999,1895313.22,0.0,0.9117032909209593,-0.0,0.9117032909209593,1.1263103762342936,-0.3532148172590764,-0.37439869302887097,-0.7818319904311184,-0.31143766899343245,-0.42479032930600913,0.08448533815816875,0.39869686594634635,-1.008784321266382,-0.42479032930600913,-1.0348777846260448,False,1308327_YES.csv,1308327_YES
1771119240,2026-02-15 01:34:00,1,100.0,0.4,0.00399999999996,0.4,,0.0045,0.0,0.0,0.001,0.22222222222222224,1811638.26,83674.95999999999,1895313.22,0.0,0.9117032909209593,-0.0,0.9117032909209593,-0.6064748179723122,-0.5186824456569378,-0.44526693354195346,-0.781831990431118,-0.31143766899343245,-0.42479032930600913,-0.09738235092770746,-1.5704241971712034,-1.1906520103522578,-0.42479032930600913,-3.1858665368294705,False,1308327_YES.csv,1308327_YES
1771119360,2026-02-15 01:36:00,1,200.0,0.8,0.0039999999999800005,0.8,,0.0045,0.0,0.0,0.001,0.22222222222222224,1807303.59,87024.68,1894328.27,-984.9499999999534,0.9081208031594229,984.9499999999534,0.9081208031594229,-0.6064748179723122,-0.4886235864399499,-0.41560070734855253,-0.781831990431118,-0.09028817342626962,-0.39919020324140697,-0.3525723127229246,-1.5106991117608146,-1.2246924765803122,-0.39919020324140697,-3.1345817915825336,False,1308327_YES.csv,1308327_YES
1771119420,2026-02-15 01:37:00,1,999.97,3.99988,0.003999999999996,3.99988,,0.0045,0.0,0.0,0.001,0.22222222222222224,1807303.59,87024.68,1894328.27,0.0,0.9081208031594229,-0.0,0.9081208031594229,-0.6064748179723122,-0.32275534710245646,-0.24951738735006632,-0.781831990431118,-0.31542877384667584,-0.39919020324140697,-0.3264105662461544,-1.178747552424835,-1.4236713305239483,-0.39919020324140697,-3.0016090861901903,False,1308327_YES.csv,1308327_YES
1771119480,2026-02-15 01:38:00,1,1000.0,5.0,0.004999999999995,5.0,,0.0045,0.0,0.0,0.001,0.22222222222222224,1807303.59,87024.68,1894328.27,0.0,0.9081208031594229,-0.0,0.9081208031594229,-0.5823061563903144,-0.27300436128013206,-0.20066671975662032,-0.7545185522001739,-0.31542877384667584,-0.3731276726426796,-0.306794904710066,-1.0559772374270668,-1.3767422307569157,-0.3731276726426796,-2.8058471408266623,False,1308327_YES.csv,1308327_YES
1771119600,2026-02-15 01:40:00,1,200.0,0.8,0.0039999999999800005,0.8,,0.0045,0.0,0.0,0.001,0.22222222222222224,1807303.59,87024.68,1894328.27,0.0,0.9081208031594229,-0.0,0.9081208031594229,-0.5823061563903144,-0.49316347076731676,-0.4210403690092538,-0.7276586971151933,-0.3125479833789459,-0.3731276726426796,-0.28610174478903083,-1.496509996166885,-1.32630842528317,-0.3731276726426796,-3.1959460940927347,False,1308327_YES.csv,1308327_YES
1771119720,2026-02-15 01:42:00,1,220.0,1.1,0.0049999999999772735,1.1,,0.0045,0.0,0.0,0.001,0.22222222222222224,1805627.36,84134.93,1889762.29,-4565.979999999981,0.9109571288990004,4565.979999999981,0.9109571288990004,-0.5823061563903144,-0.4734006704366367,-0.4014528542532,-0.7011894655988906,0.7105874457815506,-0.3731276726426796,-0.02972113815698322,-1.4571596810801513,-0.020323157974323193,-0.3731276726426796,-1.850610511697154,False,1308327_YES.csv,1308327_YES
1771119780,2026-02-15 01:43:00,1,200.0,0.8,0.0039999999999800005,0.8,,0.0045,0.0,0.0,0.001,0.22222222222222224,1805627.36,84134.93,1889762.29,0.0,0.9109571288990004,-0.0,0.9109571288990004,-0.5823061563903144,-0.4889034900297176,-0.4169855415811642,-0.6750489292716131,-0.328769850427423,-0.3731276726426796,-0.0098123133133215,-1.488195188001196,-1.0136310930123575,-0.3731276726426796,-2.874953953656233,False,1308327_YES.csv,1308327_YES
1771119840,2026-02-15 01:44:00,2,1200.0,5.8,0.0048333333333293056,2.9,,0.0045,0.0,0.0,0.001,0.22222222222222224,1805627.36,84134.93,1889762.29,0.0,0.9109571288990004,-0.0,0.9109571288990004,1.1263103762342936,-0.23244058311257174,-0.30965322574500725,-0.6491753010002344,-0.32359805124014773,-0.3731276726426796,0.009456743318424481,0.5842165673767146,-0.9633166089219576,-0.3731276726426796,-0.7522277141879226,False,1308327_YES.csv,1308327_YES
1771119900,2026-02-15 01:45:00,1,200.0,0.8,0.0039999999999800005,0.8,,0.0045,0.0,0.0,0.001,0.22222222222222224,1805627.36,84134.93,1889762.29,0.0,0.9109571288990004,-0.0,0.9109571288990004,-0.6064748179723122,-0.49470565896311663,-0.41971437247210597,-0.6235059662285891,-0.32359805124014773,-0.3731276726426796,0.029185091002529702,-1.5208948494075347,-0.9179189264662071,-0.3731276726426796,-2.8119414485164214,False,1308327_YES.csv,1308327_YES
1771119960,2026-02-15 01:46:00,1,200.0,0.8,0.0039999999999800005,0.8,,0.0045,0.0,0.0,0.001,0.22222222222222224,1805627.36,84134.93,1889762.29,0.0,0.9109571288990004,-0.0,0.9109571288990004,-0.6064748179723122,-0.46952679069881487,-0.39412161577908394,-0.5979763854667806,-0.32359805124014773,-0.3731276726426796,0.049421913615441265,-1.470123224450211,-0.872152523091487,-0.3731276726426796,-2.7154034201843773,False,1308327_YES.csv,1308327_YES
1771120140,2026-02-15 01:49:00,1,200.0,0.8,0.0039999999999800005,0.8,,0.0045,0.0,0.0,0.001,0.22222222222222224,1805627.36,84134.93,1889762.29,0.0,0.9109571288990004,-0.0,0.9109571288990004,-0.6064748179723122,-0.45420338996220466,-0.3792106279177109,-0.5725188012440546,-0.32359805124014773,-0.3731276726426796,0.0702222958349863,-1.4398888358522277,-0.8258945566492161,-0.3731276726426796,-2.638911065144123,False,1308327_YES.csv,1308327_YES
1771120200,2026-02-15 01:50:00,2,22000.0,110.0,0.004999999999999773,55.0,,0.0045,0.0,0.0,0.001,0.22222222222222224,1805627.36,84134.93,1889762.29,0.0,0.9109571288990004,-0.0,0.9109571288990004,1.0896032436347636,4.350990150655491,2.3659225901609484,-0.5470606568918899,-0.32359805124014773,-0.3731276726426796,0.0916482676635892,7.806515984451202,-0.7790104404684484,-0.3731276726426796,6.654377871340074,False,1308327_YES.csv,1308327_YES
1771120380,2026-02-15 01:53:00,2,577.01,2.30804,0.003999999999993068,1.15402,,0.0045,0.0,0.0,0.001,0.22222222222222224,1805627.36,84134.93,1889762.29,0.0,0.9109571288990004,-0.0,0.9109571288990004,1.1884119429622857,-0.3744286088354007,-0.38276509979951306,-0.5215225935690385,-0.32359805124014773,-0.3731276726426796,0.11377008047736903,0.4312182343273719,-0.7313505643318172,-0.3731276726426796,-0.6732600026471249,False,1308327_YES.csv,1308327_YES
1771120620,2026-02-15 01:57:00,1,200.0,1.0,0.004999999999975,1.0,,0.0045,0.0,0.0,0.001,0.22222222222222224,1747790.4500000002,74144.66,1821935.11,-67827.17999999993,0.9186088905219024,67827.17999999993,0.9186088905219024,-0.6149838438569435,-0.42227960061143544,-0.3853477377773082,-0.49581582602158536,6.778154266970757,-0.3731276726426796,0.8388165658986306,-1.422611182245687,7.121155006847802,-0.3731276726426796,5.325416151959436,False,1308327_YES.csv,1308327_YES
1771120680,2026-02-15 01:58:00,3,6764.0,33.052,0.004886457717326303,11.017333333333333,,0.0045,0.0,0.0,0.001,0.22222222222222224,1747790.4500000002,74144.66,1821935.11,0.0,0.9186088905219024,-0.0,0.9186088905219024,2.8590955704409,0.9601389485294554,0.1206914585272257,-0.49581582602158536,-0.26514068215139286,-0.347412178347385,0.8377138736326207,3.9399259774975812,0.07675736545964251,-0.347412178347385,3.669271164609839,False,1308327_YES.csv,1308327_YES
1771120740,2026-02-15 01:59:00,1,5000.0,25.0,0.004999999999998999,25.0,,0.0045,0.0,0.0,0.001,0.22222222222222224,1747790.4500000002,74144.66,1821935.11,0.0,0.9186088905219024,-0.0,0.9186088905219024,-0.6064748179723122,0.5924145528940735,0.8112938987862542,-0.49581582602158536,-0.26514068215139286,-0.347412178347385,0.836612975390081,0.7972336337080156,0.07565646721710273,-0.347412178347385,0.5254779225777333,False,1308327_YES.csv,1308327_YES
1771120800,2026-02-15 02:00:00,1,800.0,4.0,0.00499999999999375,4.0,,0.0045,0.0,0.0,0.001,0.22222222222222224,1747007.4800000002,73153.93,1820161.4100000001,-1773.6999999999534,0.9196181947402127,1773.6999999999534,0.9196181947402127,-0.6064748179723122,-0.3022678943790001,-0.23438735050225015,-0.49581582602158536,-0.07379856292094043,-0.347412178347385,0.9291532308809279,-1.1431300628535626,0.35953884193840213,-0.347412178347385,-1.1310033992625455,False,1308327_YES.csv,1308327_YES
1771120860,2026-02-15 02:01:00,1,26014.686666,151.0,0.005804413558335976,151.0,,0.0045,0.0,0.0,0.001,0.22222222222222224,1747007.4800000002,73153.93,1820161.4100000001,0.0,0.9196181947402127,-0.0,0.9196181947402127,-0.5823061563903144,4.723675213214697,5.2255297004724826,-0.4958158260215848,-0.25817226751492756,-0.347412178347385,0.9275042297214101,9.366898757296866,0.1735161361848977,-0.347412178347385,9.193002715134378,False,1308327_YES.csv,1308327_YES
1771120920,2026-02-15 02:02:00,4,4333.333332,26.0,0.006000000001844768,6.5,,0.0045,0.0,0.0,0.001,0.22222222222222224,1747007.4800000002,73153.93,1820161.4100000001,0.0,0.9196181947402127,-0.0,0.9196181947402127,3.971939925211937,0.42463327436139264,-0.17056823234239926,-0.4958158260215848,-0.25817226751492756,-0.347412178347385,0.9258592803239548,4.2260049672309306,0.1718711867874424,-0.347412178347385,4.050463975670988,False,1308327_YES.csv,1308327_YES
1771121100,2026-02-15 02:05:00,2,836.666666,5.02,0.006000000004773705,2.51,,0.0045,0.0,0.0,0.001,0.22222222222222224,1747007.4800000002,73153.93,1820161.4100000001,0.0,0.9196181947402127,-0.0,0.9196181947402127,1.026653258563525,-0.29538229975230174,-0.3205423961214152,-0.4958158260215848,-0.25817226751492756,-0.347412178347385,0.9242183622338374,0.4107285626898082,0.17023026869732494,-0.347412178347385,0.2335466530397481,False,1308327_YES.csv,1308327_YES
1771121160,2026-02-15 02:06:00,1,2135.63,10.67815,0.004999999999997659,10.67815,,0.005,0.11111111111111116,0.11111111111111116,0.002,0.4,1753934.9600000002,45557.0,1799491.9600000002,-20669.449999999953,0.9493668201774016,20669.449999999953,0.9493668201774016,-0.5528132930726676,-0.106255896884174,-0.02050736635558159,1.8855047613649838,1.8029135130660465,2.6239875851710392,3.3051444949055693,-0.6795765563124232,6.9935627693366,2.6239875851710392,8.937973798195216,False,1308327_YES.csv,1308327_YES
1771121280,2026-02-15 02:08:00,1,833.333333,5.0,0.0060000000023928,5.0,,0.005,0.0,0.0,0.002,0.4,1753934.9600000002,45557.0,1799491.9600000002,0.0,0.9493668201774016,-0.0,0.9493668201774016,-0.5309958373619288,-0.2995788920489292,-0.2345182706725215,1.797485015501923,-0.2857916873233081,-0.3764939939487616,3.011253049286283,-1.0650930000833796,4.522946377464898,-0.3764939939487616,3.0813593834327566,False,1308327_YES.csv,1308327_YES
1771121340,2026-02-15 02:09:00,1,833.333333,5.0,0.0060000000023928,5.0,,0.005,0.0,0.0,0.002,0.4,1747275.88,46016.29,1793292.17,-6199.79000000027,0.9486795394863069,6199.79000000027,0.9486795394863069,-0.5309958373619288,-0.30212599084396735,-0.23719963600903549,1.797485015501923,0.330194535382185,-0.35035690706293066,2.758525126534207,-1.0703214642149317,4.8862046774183145,-0.35035690706293066,3.465526306140452,False,1308327_YES.csv,1308327_YES
1771121400,2026-02-15 02:10:00,2,3285.5,16.427500000000002,0.004999999999998479,8.213750000000001,,0.005,0.0,0.0,0.002,0.4,1747275.88,46016.29,1793292.17,0.0,0.9486795394863069,-0.0,0.9486795394863069,1.1458331227283727,0.09179320152222832,-0.11604738310647696,1.7974850155019226,-0.29616351805144053,-0.35035690706293066,2.5906745090585632,1.121578941144124,4.091996006509046,-0.35035690706293066,4.8632180405902385,False,1308327_YES.csv,1308327_YES
1771121460,2026-02-15 02:11:00,4,11866.17,54.652680000000004,0.00460575569033609,13.663170000000001,,0.005,0.0,0.0,0.002,0.4,1747275.88,46016.29,1793292.17,0.0,0.9486795394863069,-0.0,0.9486795394863069,3.8271057296226405,1.521651630295187,0.15760828312043965,1.7974850155019226,-0.29616351805144053,-0.3296685510532012,2.4476614970093964,5.506365643038268,3.9489829944598784,-0.3296685510532012,9.125680086444945,False,1308327_YES.csv,1308327_YES
1771121580,2026-02-15 02:13:00,2,3743.05,15.9722,0.004267161806546996,7.9861,,0.005,0.0,0.0,0.002,0.4,1747275.88,46016.29,1793292.17,0.0,0.9486795394863069,-0.0,0.9486795394863069,0.8922371478099902,0.10081500710687338,-0.082043944666476,1.7974850155019226,-0.29616351805144053,-0.3296685510532012,2.325160010169804,0.9110082102503876,3.826481507620286,-0.3296685510532012,4.407821166817472,False,1308327_YES.csv,1308327_YES
1771121760,2026-02-15 02:16:00,2,6000.0,30.0,0.004999999999999167,15.0,,0.005,0.0,0.0,0.002,0.4,1747275.88,46016.29,1793292.17,0.0,0.9486795394863069,-0.0,0.9486795394863069,0.8648047895008358,0.5949204088754705,0.1997345634042101,1.797485015501923,-0.29616351805144053,-0.3296685510532012,2.2190674608359715,1.6594597617805162,3.720388958286454,-0.3296685510532012,5.050180169013769,False,1308327_YES.csv,1308327_YES
1771121820,2026-02-15 02:17:00,3,4200.0,21.0,0.004999999999998809,7.0,,0.005,0.0,0.0,0.002,0.4,1747275.88,46016.29,1793292.17,0.0,0.9486795394863069,-0.0,0.9486795394863069,2.170689851727535,0.34482650555902344,-0.07925348589087844,1.797485015501923,-0.29616351805144053,-0.3296685510532012,2.126458830415468,2.43626287139568,3.6277803278659504,-0.3296685510532012,5.73437464820843,False,1308327_YES.csv,1308327_YES
1771122000,2026-02-15 02:20:00,1,100.0,0.4,0.00399999999996,0.4,,0.005,0.0,0.0,0.002,0.4,1747275.88,46016.29,1793292.17,0.0,0.9486795394863069,-0.0,0.9486795394863069,-0.6004035760097437,-0.4784647297095637,-0.3921585965812126,1.797485015501923,-0.29616351805144053,-0.3296685510532012,2.0452151905369975,-1.47102690230052,3.54653668798748,-0.3296685510532012,1.745841234633759,False,1308327_YES.csv,1308327_YES
1771122060,2026-02-15 02:21:00,2,5900.0,24.0,0.004067796610168802,12.0,,0.0045,-0.10000000000000009,0.10000000000000009,0.001,0.22222222222222224,1737275.74,51498.07,1788773.81,-4518.35999999987,0.942420813954113,4518.35999999987,0.942420813954113,0.7851431378588956,0.4523796408535996,0.15397673456829986,-0.5470606568918893,0.22070876669094802,3.006330074595891,1.5836177314902382,1.391499513280795,1.257265841289297,3.006330074595891,5.655095429165983,False,1308327_YES.csv,1308327_YES
1771122120,2026-02-15 02:22:00,1,2918.0,14.59,0.004999999999998286,14.59,,0.0045,0.0,0.0,0.001,0.22222222222222224,1737275.74,51498.07,1788773.81,0.0,0.942420813954113,-0.0,0.942420813954113,-0.5787251484572152,0.07019286413208355,0.26876372813485494,-0.5470606568918893,-0.2709433064156996,-0.3296685510532012,1.525700066609811,-0.2397685561902767,0.7076961033022222,-0.3296685510532012,0.1382589960587443,False,1308327_YES.csv,1308327_YES
1771122300,2026-02-15 02:25:00,1,9590.0,47.95,0.004999999999999479,47.95,,0.0045,0.0,0.0,0.001,0.22222222222222224,1737275.74,51498.07,1788773.81,0.0,0.942420813954113,-0.0,0.942420813954113,-0.5787251484572152,1.3557024670271118,1.7789012571566316,-0.5470606568918893,-0.2709433064156996,-0.3296685510532012,1.4716235364806305,2.555878575726528,0.6536195731730416,-0.3296685510532012,2.879829597846369,False,1308327_YES.csv,1308327_YES
1771122480,2026-02-15 02:28:00,1,400.0,2.0,0.0049999999999875006,2.0,,0.0045,0.0,0.0,0.001,0.22222222222222224,1737275.74,51498.07,1788773.81,0.0,0.942420813954113,-0.0,0.942420813954113,-0.5787251484572152,-0.46023353801495404,-0.36263329951072576,-0.5215225935690385,-0.2624014422648206,-0.2983261994609103,1.4223747353618355,-1.4015919859828951,0.6384506995279764,-0.2983261994609103,-1.061467485915829,False,1308327_YES.csv,1308327_YES
1771122960,2026-02-15 02:36:00,1,400.0,2.0,0.0049999999999875006,2.0,,0.0045,0.0,0.0,0.001,0.22222222222222224,1728051.56,62545.55,1790597.11,1823.3000000000466,0.9301400078770371,0.0,0.9301400078770371,-0.5787251484572152,-0.4540411671484023,-0.3558152534995039,-0.49581582602158536,-0.2624014422648206,-0.2983261994609103,0.6845359418563794,-1.3885815691051213,-0.07368132643002645,-0.2983261994609103,-1.760589094996058,False,1308327_YES.csv,1308327_YES
1771123080,2026-02-15 02:38:00,1,100.0,0.4,0.00399999999996,0.4,,0.0045,0.0,0.0,0.001,0.22222222222222224,1728051.56,62545.55,1790597.11,0.0,0.9301400078770371,-0.0,0.9301400078770371,-0.5787251484572152,-0.5158382347011148,-0.42883733923084993,-0.46983858858107486,-0.2624014422648206,-0.2983261994609103,0.6706441794764584,-1.52340072238918,-0.061595851369437016,-0.2983261994609103,-1.8833227732195272,False,1308327_YES.csv,1308327_YES
1771123140,2026-02-15 02:39:00,2,4759.99,23.03996,0.004840337899868521,11.51998,,0.0045,0.0,0.0,0.001,0.22222222222222224,1727951.56,68529.38,1796480.94,5883.829999999842,0.9237070892608525,0.0,0.9237070892608525,0.7851431378588956,0.3697644574132521,0.0896723626241776,-0.46983858858107486,-0.2624014422648206,-0.2643070074695852,0.28719768545775043,1.2445799578963253,-0.44504234538814497,-0.2643070074695852,0.5352306050385951,False,1308327_YES.csv,1308327_YES
1771123380,2026-02-15 02:43:00,1,2641.79,10.56716,0.003999999999998486,10.56716,,0.0045,0.0,0.0,0.001,0.22222222222222224,1727951.56,68529.38,1796480.94,0.0,0.9237070892608525,-0.0,0.9237070892608525,-0.6004035760097437,-0.12796315704326128,0.037969084274458546,-0.443471156521808,-0.2535770429593826,-0.22719107133844782,0.27955466118127414,-0.6903976487785465,-0.4174935382999164,-0.22719107133844782,-1.3350822584169106,False,1308327_YES.csv,1308327_YES
1771123440,2026-02-15 02:44:00,1,200.0,1.0,0.004999999999975,1.0,,0.0045,0.0,0.0,0.001,0.22222222222222224,1727951.56,68529.38,1796480.94,0.0,0.9237070892608525,-0.0,0.9237070892608525,-0.5787251484572152,-0.5015159500106551,-0.4060252326651187,-0.41656861591438293,-0.2535770429593826,-0.22719107133844782,0.2719340542412,-1.4862663311329891,-0.39821160463256555,-0.22719107133844782,-2.1116690071040027,False,1308327_YES.csv,1308327_YES
1771123740,2026-02-15 02:49:00,3,881.0,3.524,0.0039999999999954594,1.1746666666666667,,0.0045,0.0,0.0,0.001,0.22222222222222224,1727951.56,68529.38,1796480.94,0.0,0.9237070892608525,-0.0,0.9237070892608525,2.077255975957116,-0.3823699679052663,-0.37488884293991015,-0.41656861591438293,-0.23892422270278865,-0.18387810260629414,0.2728838853342685,1.3199971651119395,-0.38260895328290306,-0.18387810260629414,0.7535101092227423,False,1308327_YES.csv,1308327_YES
1771123800,2026-02-15 02:50:00,4,10760.0,43.04,0.003999999999999628,10.76,,0.0045,0.0,0.0,0.001,0.22222222222222224,1727951.56,68529.38,1796480.94,0.0,0.9237070892608525,-0.0,0.9237070892608525,3.07491921928488,1.1456238690987526,0.06968719943601083,-0.41656861591438293,-0.23892422270278865,-0.18387810260629414,0.27383445681301566,4.290230287819643,-0.3816583818041559,-0.18387810260629414,3.7246938034091928,False,1308327_YES.csv,1308327_YES
1771123860,2026-02-15 02:51:00,5,1300.0,5.2,0.0039999999999969236,1.04,,0.0035,-0.2222222222222221,0.2222222222222221,0.001,0.2857142857142857,1718402.36,162217.28,1880619.6400000001,84138.70000000019,0.8274852856476602,0.0,0.8274852856476602,3.7162046487175218,-0.33538416800488424,-0.38486835429664523,-0.4165686159143817,-0.23892422270278865,6.305308146725248,-4.326797420491928,2.9959521264159923,-4.9822902591090985,6.305308146725248,4.318970014032142,False,1308327_YES.csv,1308327_YES
1771123920,2026-02-15 02:52:00,3,780.0,3.12,0.003999999999994872,1.04,,0.0035,0.0,0.0,0.001,0.2857142857142857,1718402.36,162217.28,1880619.6400000001,0.0,0.8274852856476602,-0.0,0.8274852856476602,1.5006161791286776,-0.4194314630115827,-0.38579309910312026,-0.4165686159143817,-0.23892422270278865,-0.21180621681506015,-3.770357530389024,0.6953916170139747,-4.425850369006194,-0.21180621681506015,-3.9422649688072795,False,1308327_YES.csv,1308327_YES
1771123980,2026-02-15 02:53:00,2,3605.26,12.06578,0.0033467156321587495,6.03289,,0.0035,0.0,0.0,0.001,0.2857142857142857,1718402.36,162217.28,1880619.6400000001,0.0,0.8274852856476602,-0.0,0.8274852856476602,0.4244439559655859,-0.07549163887418145,-0.15428571726179885,-0.4165686159143817,-0.23892422270278865,-0.21180621681506015,-3.375149467599171,0.19466659982960555,-4.0306423062163415,-0.21180621681506015,-4.047781923201796,False,1308327_YES.csv,1308327_YES
1771124040,2026-02-15 02:54:00,2,1169.6,3.5088,0.0029999999999974353,1.7544,,0.0035,0.0,0.0,0.001,0.2857142857142857,1662683.22,159937.28,1822620.5,-57999.14000000013,0.8244974420072637,57999.14000000013,0.8244974420072637,0.40760235338374734,-0.41345742418861253,-0.35620738789390616,-0.4165686159143817,4.708979718808903,-0.21180621681506015,-3.1614942364948626,-0.36206245869877135,1.1309168663996592,-0.21180621681506015,0.5570481908858277,False,1308327_YES.csv,1308327_YES
1771124100,2026-02-15 02:55:00,1,2395.0,9.58,0.0039999999999983295,9.58,,0.0035,0.0,0.0,0.001,0.2857142857142857,1662683.22,159937.28,1822620.5,0.0,0.8244974420072637,-0.0,0.8244974420072637,-0.636665933948379,-0.1795376467004664,0.0068165988724326314,-0.41656861591438293,-0.26098004136229075,-0.21180621681506015,-2.8934544403377482,-0.8093869817764129,-3.571003097614422,-0.21180621681506015,-4.592196296205895,False,1308327_YES.csv,1308327_YES
1771124160,2026-02-15 02:56:00,1,500.0,2.0,0.003999999999992,2.0,,0.0035,0.0,0.0,0.001,0.2857142857142857,1662683.22,159937.28,1822620.5,0.0,0.8244974420072637,-0.0,0.8244974420072637,-0.636665933948379,-0.4784861746478854,-0.3517442911350147,-0.41656861591438293,-0.26098004136229075,-0.21180621681506015,-2.6774484193740418,-1.466896399731279,-3.3549970766507156,-0.21180621681506015,-5.033699693197055,False,1308327_YES.csv,1308327_YES
1771124460,2026-02-15 03:01:00,4,16715.0,57.269999999999996,0.0034262638348786464,14.317499999999999,,0.0035,0.0,0.0,0.001,0.2857142857142857,1662683.22,159937.28,1822620.5,0.0,0.8244974420072637,-0.0,0.8244974420072637,2.3773559547627476,1.6296483739715162,0.22134885241442148,-0.41656861591438293,-0.26098004136229075,-0.21180621681506015,-2.4981857475694866,4.228353181148686,-3.1757344048461604,-0.21180621681506015,0.840812559487465,False,1308327_YES.csv,1308327_YES
1771124520,2026-02-15 03:02:00,4,5243.9400000000005,20.73182,0.003953481542503546,5.182955,,0.0035,0.0,0.0,0.001,0.2857142857142857,1662683.22,159937.28,1822620.5,0.0,0.8244974420072637,-0.0,0.8244974420072637,2.2328866401149075,0.22213148288948012,-0.19622360661010022,-0.41656861591438293,-0.26098004136229075,-0.21180621681506015,-2.3441405628843413,2.2587945163942873,-3.021689220161015,-0.21180621681506015,-0.9747009205817879,False,1308327_YES.csv,1308327_YES
1771124640,2026-02-15 03:04:00,2,4021.73,12.317689999999999,0.0030627839263195037,6.1588449999999995,,0.0035,0.0,0.0,0.001,0.2857142857142857,1662683.22,159937.28,1822620.5,0.0,0.8244974420072637,-0.0,0.8244974420072637,0.27598576195572894,-0.11050110841017519,-0.15409734828795224,-0.41656861591438293,-0.2536907251698628,-0.21180621681506015,-2.2082702716422884,0.01138730525760151,-2.878529612726534,-0.21180621681506015,-3.0789485242839927,False,1308327_YES.csv,1308327_YES
1771124700,2026-02-15 03:05:00,1,500.0,2.0,0.003999999999992,2.0,,0.0035,0.0,0.0,0.001,0.2857142857142857,1662683.22,159937.28,1822620.5,0.0,0.8244974420072637,-0.0,0.8244974420072637,-0.6980816331821376,-0.5077002324684285,-0.34939986121907024,-0.41656861591438293,-0.2536907251698628,-0.21180621681506015,-2.0895523006358583,-1.5551817268696364,-2.7598116417201037,-0.21180621681506015,-4.526799585404801,False,1308327_YES.csv,1308327_YES
1771124760,2026-02-15 03:06:00,1,2750.0,11.0,0.0039999999999985455,11.0,,0.0035,0.0,0.0,0.001,0.2857142857142857,1697083.11,99732.91,1796816.02,-25804.47999999998,0.8889892911796279,25804.47999999998,0.8889892911796279,-0.6980816331821376,-0.16629284100677372,0.07078498293709938,-0.41656861591438293,1.8680778650497276,-0.21180621681506015,-0.44038710620836696,-0.7935894912518119,1.0111221429269777,-0.21180621681506015,0.005726434860105628,False,1308327_YES.csv,1308327_YES
1771124820,2026-02-15 03:07:00,1,1250.0,5.0,0.0039999999999968,5.0,,0.0035,0.0,0.0,0.001,0.2857142857142857,1697083.11,99732.91,1796816.02,0.0,0.8889892911796279,-0.0,0.8889892911796279,-0.6980816331821376,-0.3922566029251627,-0.20732253023313651,-0.41656861591438293,-0.27565184544012816,-0.21180621681506015,-0.4311285477087628,-1.2976607663404367,-1.1233490090632738,-0.21180621681506015,-2.632815992218771,False,1308327_YES.csv,1308327_YES
1771124880,2026-02-15 03:08:00,1,400.0,1.2,0.0029999999999925,1.2,,0.0035,0.0,0.0,0.001,0.2857142857142857,1697083.11,99732.91,1796816.02,0.0,0.8889892911796279,-0.0,0.8889892911796279,-0.6980816331821376,-0.539089688349653,-0.3879178212236,-0.41656861591438293,-0.27565184544012816,-0.21180621681506015,-0.4219312001586221,-1.6250891427553906,-1.1141516615131333,-0.21180621681506015,-2.951047021083584,False,1308327_YES.csv,1308327_YES
1771125000,2026-02-15 03:10:00,2,4250.0,17.0,0.003999999999999058,8.5,,0.0035,0.0,0.0,0.001,0.2857142857142857,1697083.11,99732.91,1796816.02,0.0,0.8889892911796279,-0.0,0.8889892911796279,0.27598576195572894,0.0632637938414909,-0.046300990851753265,-0.41656861591438293,-0.27565184544012816,-0.21180621681506015,-0.4141270964787604,0.29294856494546656,-1.1063475578332715,-0.21180621681506015,-1.025205209702865,False,1308327_YES.csv,1308327_YES
1771125060,2026-02-15 03:11:00,1,14.59,0.04377,0.00299999999979438,0.04377,,0.0035,0.0,0.0,0.001,0.2857142857142857,1697083.11,99732.91,1796816.02,0.0,0.8889892911796279,-0.0,0.8889892911796279,-0.6795741948175805,-0.5837013323486645,-0.4430453197917612,-0.41656861591438293,-0.27565184544012816,-0.21180621681506015,-0.4063681626946734,-1.7063208469580062,-1.0985886240491844,-0.21180621681506015,-3.016715687822251,False,1308327_YES.csv,1308327_YES
1771125120,2026-02-15 03:12:00,1,250.0,1.0,0.003999999999984,1.0,,0.0035,0.0,0.0,0.001,0.2857142857142857,1596668.52,121277.23,1717945.75,-78870.27000000002,0.8588113390658582,78870.27000000002,0.8588113390658582,-0.6613719799234039,-0.5330652834796524,-0.3897151881831128,-0.41656861591438293,4.799939887143235,-0.21180621681506015,-1.1345027660461613,-1.5841524515861694,3.24886850518269,-0.21180621681506015,1.4529098367814608,False,1308327_YES.csv,1308327_YES
1771125360,2026-02-15 03:16:00,4,5847.5,18.39,0.0031449337323637204,4.5975,,0.0035,0.0,0.0,0.001,0.2857142857142857,1596668.52,121277.23,1717945.75,0.0,0.8588113390658582,-0.0,0.8588113390658582,2.11549712455237,0.1284438092736067,-0.2205132424038526,-0.4165686159143817,-0.29575452555521475,-0.21180621681506015,-1.1018687790045039,2.0234276914221243,-1.8141919204741004,-0.21180621681506015,-0.002570445867036225,False,1308327_YES.csv,1308327_YES
1771125420,2026-02-15 03:17:00,5,44585.88,138.52763,0.003106984318802206,27.705526,,0.0035,0.0,0.0,0.001,0.2857142857142857,1596668.52,121277.23,1717945.75,0.0,0.8588113390658582,-0.0,0.8588113390658582,2.790262892687543,3.9970890499797123,0.8569208659659173,-0.4165686159143817,-0.29575452555521475,-0.21180621681506015,-1.0704821535161069,7.644272808633173,-1.7828052949857034,-0.21180621681506015,5.649661296832409,False,1308327_YES.csv,1308327_YES
1771125480,2026-02-15 03:18:00,1,6.09,0.01827,0.0029999999995073893,0.01827,,0.0035,0.0,0.0,0.001,0.2857142857142857,1544786.14,135303.38,1680089.52,-37856.22999999998,0.8389331301822535,37856.22999999998,0.8389331301822535,-0.6975657231718857,-0.5666443602541246,-0.4496579753270144,-0.4165686159143817,2.038108533922804,-0.21180621681506015,-1.4981466064058702,-1.7138680587530248,0.12339331160255207,-0.21180621681506015,-1.8022809639655328,False,1308327_YES.csv,1308327_YES
1771125600,2026-02-15 03:20:00,2,3110.0,12.440000000000001,0.003999999999998715,6.220000000000001,,0.0035,0.0,0.0,0.001,0.2857142857142857,1544786.14,135303.38,1680089.52,0.0,0.8389331301822535,-0.0,0.8389331301822535,0.17439143079297137,-0.1625933845971495,-0.16033905371608137,-0.4165686159143817,-0.31860696897057855,-0.21180621681506015,-1.443189558178703,-0.1485410075202595,-2.1783651430636635,-0.21180621681506015,-2.538712367398983,False,1308327_YES.csv,1308327_YES
1771125660,2026-02-15 03:21:00,1,1832.5,7.33,0.003999999999997817,7.33,,0.0035,0.0,0.0,0.001,0.2857142857142857,1544786.14,132193.38,1676979.52,-3110.0,0.842343477158266,3110.0,0.842343477158266,-0.6975657231718857,-0.33555231245194833,-0.11349215890068554,-0.41656861591438293,-0.12831685913241905,-0.21180621681506015,-1.3162438222430888,-1.1466101945245195,-1.8611292972898907,-0.21180621681506015,-3.2195457086294708,False,1308327_YES.csv,1308327_YES
1771125720,2026-02-15 03:22:00,1,252.5,1.01,0.003999999999984159,1.01,,0.0035,0.0,0.0,0.001,0.2857142857142857,1544786.14,132193.38,1676979.52,0.0,0.842343477158266,-0.0,0.842343477158266,-0.6975657231718857,-0.5445471109490834,-0.412953114089592,-0.41656861591438293,-0.32095024300983743,-0.21180621681506015,-1.2730991907275049,-1.6550659482105612,-2.0106180496517254,-0.21180621681506015,-3.877490214677347,False,1308327_YES.csv,1308327_YES
1771125780,2026-02-15 03:23:00,1,4000.0,16.0,0.003999999999999,16.0,,0.0035,0.0,0.0,0.001,0.2857142857142857,1544786.14,132193.38,1676979.52,0.0,0.842343477158266,-0.0,0.842343477158266,-0.6975657231718857,-0.05587521117365815,0.28741346516255806,-0.41656861591438293,-0.32095024300983743,-0.21180621681506015,-1.232114531813339,-0.46602746918298577,-1.9696333907375594,-0.21180621681506015,-2.647467076735605,False,1308327_YES.csv,1308327_YES
1771125840,2026-02-15 03:24:00,1,5.0,0.015,0.0029999999994,0.015,,0.0035,0.0,0.0,0.001,0.2857142857142857,1546752.93,126054.66,1672807.5899999999,-4171.930000000168,0.8492897082084617,4171.930000000168,0.8492897082084617,-0.6975657231718857,-0.5814605823279949,-0.4649229570646705,-0.41656861591438293,-0.06550367212040624,-0.21180621681506015,-1.043349773659373,-1.743949262564551,-1.5254220616941623,-0.21180621681506015,-3.4811775410737735,False,1308327_YES.csv,1308327_YES
1771125900,2026-02-15 03:25:00,1,15.52,0.04656,0.002999999999806701,0.04656,,0.0035,0.0,0.0,0.001,0.2857142857142857,1546752.93,126054.66,1672807.5899999999,0.0,0.8492897082084617,-0.0,0.8492897082084617,-0.6975657231718857,-0.5798632523315369,-0.46271242294944587,-0.41656861591438293,-0.3255579060816161,-0.21180621681506015,-1.01294692305189,-1.7401413984528684,-1.755073445047889,-0.21180621681506015,-3.707021060315818,False,1308327_YES.csv,1308327_YES
1771126080,2026-02-15 03:28:00,1,500.0,2.0,0.003999999999992,2.0,,0.0035,0.0,0.0,0.001,0.2857142857142857,1546752.93,126054.66,1672807.5899999999,0.0,0.8492897082084617,-0.0,0.8492897082084617,-0.6975657231718857,-0.5159383238868368,-0.3711812510673082,-0.41656861591438293,-0.32053472570821306,-0.21180621681506015,-0.9828930104182878,-1.5846852981260309,-1.7199963520408839,-0.21180621681506015,-3.516487866981975,False,1308327_YES.csv,1308327_YES
1771126260,2026-02-15 03:31:00,1,1000.0,4.0,0.003999999999996,4.0,,0.0035,0.0,0.0,0.001,0.2857142857142857,1546752.93,126054.66,1672807.5899999999,0.0,0.8492897082084617,-0.0,0.8492897082084617,-0.6975657231718857,-0.45199462343856106,-0.2793836460706581,-0.41656861591438293,-0.32053472570821306,-0.21180621681506015,-0.9538145690538341,-1.4289439926811047,-1.69091791067643,-0.21180621681506015,-3.331668120172595,False,1308327_YES.csv,1308327_YES
1771126320,2026-02-15 03:32:00,1,1967.41,5.90223,0.0029999999999984752,5.90223,,0.0035,0.0,0.0,0.001,0.2857142857142857,1546752.93,126054.66,1672807.5899999999,0.0,0.8492897082084617,-0.0,0.8492897082084617,-0.6804802455610771,-0.38911982576636206,-0.19184132468840395,-0.41656861591438293,-0.32053472570821306,-0.21180621681506015,-0.9256325811610406,-1.261441396015843,-1.6627359227836367,-0.21180621681506015,-3.13598353561454,False,1308327_YES.csv,1308327_YES
1771126380,2026-02-15 03:33:00,1,3500.0,10.5,0.0029999999999991427,10.5,,0.0035,0.0,0.0,0.001,0.2857142857142857,1445427.28,145639.52,1591066.8,-81740.7899999998,0.8169284658569961,81740.7899999998,0.8169284658569961,-0.6804802455610771,-0.24286653633756738,0.018278853567215148,-0.41656861591438293,3.9933902397381753,-0.21180621681506015,-1.5655473387890342,-0.9050679283314293,2.0112742850347582,-0.21180621681506015,0.8944001398882687,False,1308327_YES.csv,1308327_YES
1771126440,2026-02-15 03:34:00,1,89662.59,358.65036,0.003999999999999955,358.65036,,0.0035,0.0,0.0,0.001,0.2857142857142857,1445427.28,145639.52,1591066.8,0.0,0.8169284658569961,-0.0,0.8169284658569961,-0.6804802455610771,6.28669733638649,6.898921285023024,-0.41656861591438293,-0.34550650099092617,-0.21180621681506015,-1.5044293422527624,12.505138375848437,-2.2665044591580714,-0.21180621681506015,10.026827699875307,True,1308327_YES.csv,1308327_YES
1771126500,2026-02-15 03:35:00,1,300.0,1.5,0.004999999999983334,1.5,,0.0035,0.0,0.0,0.001,0.2857142857142857,1445427.28,145639.52,1591066.8,0.0,0.8169284658569961,-0.0,0.8169284658569961,-0.6804802455610771,-0.418696221419259,-0.29385384899304456,-0.41656861591438293,-0.34550650099092617,-0.21180621681506015,-1.4474680947330996,-1.3930303159733808,-2.2095432116384086,-0.21180621681506015,-3.8143797444268497,False,1308327_YES.csv,1308327_YES
1771126680,2026-02-15 03:38:00,1,200.0,1.0,0.004999999999975,1.0,,0.0035,0.0,0.0,0.001,0.2857142857142857,1445427.28,145639.52,1591066.8,0.0,0.8169284658569961,-0.0,0.8169284658569961,-0.6636716523208275,-0.40261812454347223,-0.28711827870578943,-0.41656861591438293,-0.34550650099092617,-0.21180621681506015,-1.3941391151833245,-1.3534080555700894,-2.1562142320886335,-0.21180621681506015,-3.721428504473783,False,1308327_YES.csv,1308327_YES
1771126860,2026-02-15 03:41:00,1,2064.0,10.32,0.0049999999999975776,10.32,,0.0035,0.0,0.0,0.001,0.2857142857142857,1445427.28,145639.52,1591066.8,0.0,0.8169284658569961,-0.0,0.8169284658569961,-0.6471241890768076,-0.22652943101346742,-0.10169810450932637,-0.4165686159143817,-0.34550650099092617,-0.21180621681506015,-1.3440039379868745,-0.9753517245996014,-2.1060790548921826,-0.21180621681506015,-3.2932369963068444,False,1308327_YES.csv,1308327_YES
1771126920,2026-02-15 03:42:00,1,200.0,0.6,0.002999999999985,0.6,,0.004,0.1428571428571428,0.1428571428571428,0.002,0.5,1523482.25,73667.51000000001,1597149.76,6082.959999999963,0.9077512806313166,0.0,0.9077512806313166,-0.6471241890768076,-0.4130305399739256,-0.29833641276696193,2.2173557826090393,-0.3155132664666499,3.478074936978579,0.48352430938180874,-1.358491141817695,2.385366825524198,3.478074936978579,4.504950620685082,False,1308327_YES.csv,1308327_YES
1771126980,2026-02-15 03:43:00,3,5520.0,21.56,0.0039057971014485673,7.1866666666666665,,0.004,0.0,0.0,0.002,0.5,1523482.25,73667.51000000001,1597149.76,0.0,0.9077512806313166,-0.0,0.9077512806313166,1.0785403151280126,-0.006886310741899991,-0.1636725530387161,2.0929173491338764,-0.3155132664666499,-0.25065340522597274,0.48823983696857504,0.9079814513473966,2.2656439196358016,-0.25065340522597274,2.9229719657572257,False,1308327_YES.csv,1308327_YES
1771127040,2026-02-15 03:44:00,1,1344.82,4.03446,0.0029999999999977696,4.03446,,0.004,0.0,0.0,0.002,0.5,1523482.25,73667.51000000001,1597149.76,0.0,0.9077512806313166,-0.0,0.9077512806313166,-0.6471241890768076,-0.3365047929844051,-0.22038569750551767,1.9832633040863406,-0.3155132664666499,-0.25065340522597274,0.4929853497269791,-1.2040146795667304,2.1607353873466697,-0.25065340522597274,0.7060673025539665,False,1308327_YES.csv,1308327_YES
1771127100,2026-02-15 03:45:00,1,0.05,0.00015,0.002999999940000001,0.00015,,0.004,0.0,0.0,0.002,0.5,1523482.25,73667.51000000001,1597149.76,0.0,0.9077512806313166,-0.0,0.9077512806313166,-0.6471241890768076,-0.412446337918953,-0.30058142343947425,1.8855047613649831,-0.3136339215102091,-0.25065340522597274,0.4982276592108025,-1.360151950435235,2.0700984990655766,-0.25065340522597274,0.45929314340436883,False,1308327_YES.csv,1308327_YES
1771127220,2026-02-15 03:47:00,1,250.0,1.0,0.003999999999984,1.0,,0.004,0.0,0.0,0.002,0.5,1523482.25,73667.51000000001,1597149.76,0.0,0.9077512806313166,-0.0,0.9077512806313166,-0.6471241890768076,-0.36486432256899554,-0.2463219555883213,1.7974850155019226,-0.3136339215102091,-0.25065340522597274,0.5035077712525653,-1.2583104672341245,1.9873588652442788,-0.25065340522597274,0.47839499278418157,False,1308327_YES.csv,1308327_YES
1771127280,2026-02-15 03:48:00,1,500.0,2.0,0.003999999999992,2.0,,0.0035,-0.125,0.125,0.001,0.2857142857142857,1529213.48,110086.65,1639300.13,42150.36999999988,0.8656906712988549,0.0,0.8656906712988549,-0.6225218968553079,-0.3362200814238507,-0.22294106112408665,-0.5470606568918899,-0.3136339215102091,2.7583522224293664,-0.3335865352830672,-1.1816830394032454,-1.194281113685166,2.7583522224293664,0.38238806934095493,False,1308327_YES.csv,1308327_YES
1771127340,2026-02-15 03:49:00,1,250.0,1.0,0.003999999999984,1.0,,0.0035,0.0,0.0,0.001,0.2857142857142857,1529213.48,110086.65,1639300.13,0.0,0.8656906712988549,-0.0,0.8656906712988549,-0.6061446003883634,-0.35496024326346093,-0.2440478451487562,-0.5470606568918899,-0.3136339215102091,-0.28448073174766186,-0.3165969406790815,-1.2051526888005806,-1.1772915190811806,-0.28448073174766186,-2.666924939629423,False,1308327_YES.csv,1308327_YES
1771127520,2026-02-15 03:52:00,1,56.0,0.168,0.0029999999999464288,0.168,,0.0035,0.0,0.0,0.001,0.2857142857142857,1529213.48,110086.65,1639300.13,0.0,0.8656906712988549,-0.0,0.8656906712988549,-0.6061446003883634,-0.3679065247548166,-0.2581425687686716,-0.5215225935690385,-0.2952751125966951,-0.2523483787526387,-0.29279814974458107,-1.2321936939118516,-1.1095958559103147,-0.2523483787526387,-2.594137928574805,False,1308327_YES.csv,1308327_YES
1771127580,2026-02-15 03:53:00,1,2750.0,8.25,0.002999999999998909,8.25,,0.0035,0.0,0.0,0.001,0.2857142857142857,1529213.48,110086.65,1639300.13,0.0,0.8656906712988549,-0.0,0.8656906712988549,-0.6061446003883634,-0.20561194426581134,-0.08420438989006271,-0.4958158260215853,-0.2952751125966951,-0.2523483787526387,-0.26851489307500753,-0.8959609345442374,-1.059605831693288,-0.2523483787526387,-2.207915144990164,False,1308327_YES.csv,1308327_YES
1771127640,2026-02-15 03:54:00,2,750.0,3.0,0.003999999999994667,1.5,,0.0035,0.0,0.0,0.001,0.2857142857142857,1485941.34,54865.49,1540806.83,-98493.29999999981,0.9287834283548704,98493.29999999981,0.9287834283548704,0.26679509865227485,-0.31107587060467196,-0.2291659775187765,-0.4698385885810748,4.419042033267472,-0.2523483787526387,1.0848373751002744,-0.2734467494711736,5.0340408197866715,-0.2523483787526387,4.508245691562859,False,1308327_YES.csv,1308327_YES
1771127700,2026-02-15 03:55:00,1,250.0,1.0,0.003999999999984,1.0,,0.0035,0.0,0.0,0.001,0.2857142857142857,1485941.34,54865.49,1540806.83,0.0,0.9287834283548704,-0.0,0.9287834283548704,-0.6061446003883634,-0.34597202525839127,-0.2372932322420653,-0.4434711565218074,-0.3144369209047998,-0.2523483787526387,1.1023138370780539,-1.18940985788882,0.3444057596514467,-0.2523483787526387,-1.0973524769900118,False,1308327_YES.csv,1308327_YES
1771128060,2026-02-15 04:01:00,1,250.0,1.0,0.003999999999984,1.0,,0.0035,0.0,0.0,0.001,0.2857142857142857,1485941.34,54865.49,1540806.83,0.0,0.9287834283548704,-0.0,0.9287834283548704,-0.5817230031271944,-0.3291478093758864,-0.23261666797938965,-0.4165686159143817,-0.3144369209047998,-0.2523483787526387,1.1202888316642383,-1.1434874804824704,0.38928329484505686,-0.2523483787526387,-1.0065525643900521,False,1308327_YES.csv,1308327_YES
1771128240,2026-02-15 04:04:00,2,3158.33,12.633320000000001,0.003999999999998734,6.316660000000001,,0.0035,0.0,0.0,0.001,0.2857142857142857,1485941.34,54865.49,1540806.83,0.0,0.9287834283548704,-0.0,0.9287834283548704,0.336787001810481,-0.09208293534767026,-0.1169172558603176,-0.3889499341588386,-0.3144369209047998,-0.2523483787526387,1.1387899457116213,0.12778681060249314,0.4354030906479829,-0.2523483787526387,0.31084152249783725,False,1308327_YES.csv,1308327_YES
1771128360,2026-02-15 04:06:00,1,2.63,0.00789,0.0029999999988593153,0.00789,,0.0035,0.0,0.0,0.001,0.2857142857142857,1497027.52,53357.35,1550384.87,9578.040000000037,0.9311688974364152,0.0,0.9311688974364152,-0.5654047907266971,-0.33784376669157146,-0.2479459512286038,-0.36038065130718044,-0.3144369209047998,-0.2523483787526387,1.2087177866439995,-1.1511945086468724,0.5339002144320193,-0.2523483787526387,-0.8696426729674919,False,1308327_YES.csv,1308327_YES
1771129140,2026-02-15 04:19:00,3,25239.219999999998,76.71766,0.0030396208757638692,25.57255333333333,,0.0035,0.0,0.0,0.001,0.2857142857142857,1497027.52,53357.35,1550384.87,0.0,0.9311688974364152,-0.0,0.9311688974364152,1.2683404764950232,1.183835508574625,0.2982488936984246,-0.3305438840144605,-0.3144369209047998,-0.2523483787526387,1.2266256234779431,2.750424878768073,0.5816448185586829,-0.2523483787526387,3.0797213185741175,False,1308327_YES.csv,1308327_YES
1771129200,2026-02-15 04:20:00,1,2000.0,8.0,0.003999999999998,8.0,,0.0035,0.0,0.0,0.001,0.2857142857142857,1497027.52,53357.35,1550384.87,0.0,0.9311688974364152,-0.0,0.9311688974364152,-0.5654047907266971,-0.1949791787807353,-0.0844533722627648,-0.29898819273349453,-0.3144369209047998,-0.2523483787526387,1.2450408207945145,-0.8448373417701973,0.6316157071562202,-0.2523483787526387,-0.46557001336661585,False,1308327_YES.csv,1308327_YES
1771129380,2026-02-15 04:23:00,1,100.88,0.20176,0.0019999999999801743,0.20176,,0.0035,0.0,0.0,0.001,0.2857142857142857,1497027.52,53357.35,1550384.87,0.0,0.9311688974364152,-0.0,0.9311688974364152,-0.5492763834851582,-0.34300557191957204,-0.24874564010584763,-0.29898819273349453,-0.310584632592413,-0.21988444941197438,1.2567652398362248,-1.1410275955105778,0.6471924145103173,-0.21988444941197438,-0.7137196304122349,False,1308327_YES.csv,1308327_YES
1771129620,2026-02-15 04:27:00,1,2000.0,6.0,0.0029999999999985,6.0,,0.0035,0.0,0.0,0.001,0.2857142857142857,1528720.4,103685.3,1632405.7,82020.82999999984,0.8729662607769624,0.0,0.8729662607769624,-0.5492763834851582,-0.223953443425843,-0.12028874958632842,-0.29898819273349453,-0.310584632592413,-0.21988444941197438,-0.04309227782596948,-0.8935185764973296,-0.652665103151877,-0.21988444941197438,-1.766068129061181,False,1308327_YES.csv,1308327_YES
1771129740,2026-02-15 04:29:00,1,8982.91,17.96582,0.0019999999999997776,17.96582,,0.0035,0.0,0.0,0.001,0.2857142857142857,1528720.4,103685.3,1632405.7,0.0,0.8729662607769624,-0.0,0.8729662607769624,-0.5492763834851582,0.025618881741421434,0.1499493705952134,-0.29898819273349453,-0.310584632592413,-0.21988444941197438,-0.016552761356520982,-0.3737081311485233,-0.6261255866824285,-0.21988444941197438,-1.219718167242926,False,1308327_YES.csv,1308327_YES
1771129860,2026-02-15 04:31:00,1,333.333332,1.0,0.003000000011991,1.0,,0.0035,0.0,0.0,0.001,0.2857142857142857,1528720.4,103685.3,1632405.7,0.0,0.8729662607769624,-0.0,0.8729662607769624,-0.5492763834851582,-0.31468450708097656,-0.21831815940103197,-0.29898819273349453,-0.310584632592413,-0.21988444941197438,0.01119320339188993,-1.0822790499671666,-0.5983796219340176,-0.21988444941197438,-1.9005431213131585,False,1308327_YES.csv,1308327_YES
1771129980,2026-02-15 04:33:00,1,333.333332,1.0,0.003000000011991,1.0,,0.0025,-0.2857142857142857,0.2857142857142857,0.001,0.4,1515887.53,128481.65,1644369.18,11963.479999999981,0.8437313815380559,0.0,0.8437313815380559,-0.5492763834851582,-0.3143173119973449,-0.2179394063323096,-0.29898819273349453,-0.310584632592413,5.287755328861725,-0.6733635331539353,-1.0815331018148127,-1.2829363584798428,5.287755328861725,2.9232858685670697,False,1308327_YES.csv,1308327_YES
1771130100,2026-02-15 04:35:00,2,3338.0933320000004,10.00952,0.002998574037473018,5.00476,,0.0025,0.0,0.0,0.001,0.4,1515887.53,128481.65,1644369.18,0.0,0.8437313815380559,-0.0,0.8437313815380559,0.35146784288416305,-0.13676409203470358,-0.132642432394274,-0.29898819273349453,-0.310584632592413,-0.25063793594192435,-0.6475052206151387,0.08206131845518547,-1.2570780459410462,-0.25063793594192435,-1.4256546634277851,False,1308327_YES.csv,1308327_YES
1771130160,2026-02-15 04:36:00,1,8333.333332,25.000000000000004,0.0030000000004796403,25.000000000000004,,0.0025,0.0,0.0,0.001,0.4,1516782.77,126301.78,1643084.55,-1284.6299999998882,0.8462625919037459,1284.6299999998882,0.8462625919037459,-0.5492763834851582,0.1637356980923489,0.29678923939204105,-0.29898819273349453,-0.2499945124573272,-0.25063793594192435,-0.5593304036898366,-0.08875144600076823,-1.1083131088806581,-0.25063793594192435,-1.4477024908233507,False,1308327_YES.csv,1308327_YES
1771130220,2026-02-15 04:37:00,2,14999.999996999999,45.0,0.0030000000005998002,22.5,,0.0025,0.0,0.0,0.001,0.4,1516782.77,126301.78,1643084.55,0.0,0.8462625919037459,-0.0,0.8462625919037459,0.35146784288416305,0.5526018506723327,0.23806546762432917,-0.29898819273349453,-0.31170418020614415,-0.25063793594192435,-0.5344712611504696,1.142135161180825,-1.1451636340901084,-0.25063793594192435,-0.25366640885120767,False,1308327_YES.csv,1308327_YES
1771130280,2026-02-15 04:38:00,1,800.0,1.6,0.0019999999999975003,1.6,,0.0025,0.0,0.0,0.001,0.4,1516782.77,126301.78,1643084.55,0.0,0.8462625919037459,-0.0,0.8462625919037459,-0.5654047907266971,-0.31730131944323414,-0.21579879784020778,-0.29898819273349453,-0.31170418020614415,-0.25063793594192435,-0.509565450018905,-1.098504908010139,-1.1202578229585436,-0.25063793594192435,-2.469400666910607,False,1308327_YES.csv,1308327_YES
1771130400,2026-02-15 04:40:00,1,1265.07,2.53014,0.001999999999998419,2.53014,,0.0025,0.0,0.0,0.001,0.4,1516782.77,126301.78,1643084.55,0.0,0.8462625919037459,-0.0,0.8462625919037459,-0.5410451461216029,-0.2983002414855166,-0.19611998754599944,-0.29898819273349453,-0.31170418020614415,-0.25063793594192435,-0.48453967958733857,-1.0354653751531189,-1.0952320525269772,-0.25063793594192435,-2.3813353636220205,False,1308327_YES.csv,1308327_YES
1771130580,2026-02-15 04:43:00,1,58.82,0.11764,0.001999999999965998,0.11764,,0.0025,0.0,0.0,0.001,0.4,1516782.77,126301.78,1643084.55,0.0,0.8462625919037459,-0.0,0.8462625919037459,-0.5163977794943113,-0.3327470864406833,-0.24451568395059345,-0.29898819273349375,-0.31170418020614415,-0.25063793594192435,-0.4593125888850167,-1.093660549885588,-1.0700049618246545,-0.25063793594192435,-2.4143034476521668,False,1308327_YES.csv,1308327_YES
1771130640,2026-02-15 04:44:00,1,833.333332,2.5,0.0030000000047964,2.5,,0.0025,0.0,0.0,0.001,0.4,1516782.77,126301.78,1643084.55,0.0,0.8462625919037459,-0.0,0.8462625919037459,-0.502263636855676,-0.28397589694909303,-0.19337453072680305,-0.29898819273349453,-0.31170418020614415,-0.21123182403514246,-0.4707470562114918,-0.9796140645315721,-1.0814394291511307,-0.21123182403514246,-2.2722853177178455,False,1308327_YES.csv,1308327_YES
1771130760,2026-02-15 04:46:00,1,333.333332,1.0,0.003000000011991,1.0,,0.0025,0.0,0.0,0.001,0.4,1516782.77,126301.78,1643084.55,0.0,0.8462625919037459,-0.0,0.8462625919037459,-0.47679868005704074,-0.31329091381213087,-0.22590893835978354,-0.29898819273349453,-0.31170418020614415,-0.21123182403514246,-0.482381395934487,-1.0159985322289553,-1.0930737688741257,-0.21123182403514246,-2.3203041251382235,False,1308327_YES.csv,1308327_YES
1771130820,2026-02-15 04:47:00,2,6733.326665,20.13332,0.002990099990937691,10.06666,,0.0025,0.0,0.0,0.001,0.4,1516782.77,126301.78,1643084.55,0.0,0.8462625919037459,-0.0,0.8462625919037459,0.6235059662284378,0.0677460028721845,-0.030627550237296512,-0.29898819273349453,-0.31170418020614415,-0.21123182403514246,-0.4942246460060828,0.6606244188633258,-1.1049170189457216,-0.21123182403514246,-0.6555244241175382,False,1308327_YES.csv,1308327_YES
1771131120,2026-02-15 04:52:00,2,4853.333332,14.56,0.0030000000008235574,7.28,,0.0025,0.0,0.0,0.001,0.4,1516782.77,126301.78,1643084.55,0.0,0.8462625919037459,-0.0,0.8462625919037459,0.6235059662284378,-0.047756462770659855,-0.09313118343806819,-0.29898819273349453,-0.2802916913151132,-0.21123182403514246,-0.5084447563575094,0.4826183200197098,-1.0877246404061172,-0.21123182403514246,-0.8163381444215498,False,1308327_YES.csv,1308327_YES
1771131180,2026-02-15 04:53:00,2,6037.6,12.0752,0.0019999999999996687,6.0376,,0.0025,0.0,0.0,0.001,0.4,1516782.77,126301.78,1643084.55,0.0,0.8462625919037459,-0.0,0.8462625919037459,0.6044444737123601,-0.09846660054855672,-0.1188079164662909,-0.29898819273349453,-0.2802916913151132,-0.21123182403514246,-0.5229942475980455,0.3871699566975125,-1.102274131646653,-0.21123182403514246,-0.9263359989842832,False,1308327_YES.csv,1308327_YES
1771131300,2026-02-15 04:55:00,1,5000.0,15.0,0.0029999999999994,15.0,,0.0025,0.0,0.0,0.001,0.4,1516782.77,126301.78,1643084.55,0.0,0.8462625919037459,-0.0,0.8462625919037459,-0.49454547849193087,-0.0441474254189844,0.0710540724198499,-0.29898819273349453,-0.2802916913151132,-0.21123182403514246,-0.5378918219386448,-0.4676388314910654,-1.1171717059872526,-0.21123182403514246,-1.7960423615134604,False,1308327_YES.csv,1308327_YES
1771131360,2026-02-15 04:56:00,2,343.60333199999997,1.02054,0.0029701108951907074,0.51027,,0.0025,0.0,0.0,0.001,0.4,1516782.77,126301.78,1643084.55,0.0,0.8462625919037459,-0.0,0.8462625919037459,0.68663031335252,-0.30757480181477453,-0.23846151553729214,-0.29898819273349453,-0.2802916913151132,-0.21123182403514246,-0.5531576388329851,0.14059399600045333,-1.1324375228815928,-0.21123182403514246,-1.203075350916282,False,1308327_YES.csv,1308327_YES
1771131420,2026-02-15 04:57:00,1,333.333332,1.0,0.003000000011991,1.0,,0.0025,0.0,0.0,0.001,0.4,1409631.58,87137.64,1496769.22,-146315.33000000007,0.8835656975896392,146315.33000000007,0.8835656975896392,-0.4698385885809186,-0.3011376924818457,-0.22625636657600143,-0.29898819273349453,5.164904793359955,-0.21123182403514246,0.4927164224391089,-0.9972326476387657,5.358633023065569,-0.21123182403514246,4.150168551391661,False,1308327_YES.csv,1308327_YES
1771131540,2026-02-15 04:59:00,3,9218.630000000001,23.437260000000002,0.0025423799414877758,7.81242,,0.0025,0.0,0.0,0.001,0.4,1409631.58,87137.64,1496769.22,0.0,0.8835656975896392,-0.0,0.8835656975896392,2.009599760509277,0.14761367755389743,-0.07904729806877173,-0.29898819273349453,-0.29718347063000616,-0.21123182403514246,0.46936673159057984,2.078166139994403,-0.12680493177292085,-0.21123182403514246,1.7401293841863397,False,1308327_YES.csv,1308327_YES
1771131600,2026-02-15 05:00:00,3,33113.933332,66.5612,0.0020100662561785094,22.187066666666666,,0.0025,0.0,0.0,0.001,0.4,1054307.63,64661.55,1118969.18,-377800.04000000004,0.8844265755380322,377800.04000000004,0.8844265755380322,1.9090816495622063,0.9877902089168444,0.2255456451445412,-0.29898819273349453,6.643446511376848,-0.21123182403514246,0.47092303270880514,3.1224175036235917,6.815381351352159,-0.21123182403514246,9.72656703094061,True,1308327_YES.csv,1308327_YES
1771131660,2026-02-15 05:01:00,1,8127.09,16.25418,0.001999999999999754,16.25418,,0.0025,0.0,0.0,0.001,0.4,1054307.63,64661.55,1118969.18,0.0,0.8844265755380322,-0.0,0.8844265755380322,-0.5023899077795281,-0.020538514808834847,0.09491257707548789,-0.29898819273349453,-0.25264202096118454,-0.21123182403514246,0.47376177426495186,-0.428015845512875,-0.07786843942972727,-0.21123182403514246,-0.7171161089777447,False,1308327_YES.csv,1308327_YES
1771131720,2026-02-15 05:02:00,1,366.0,1.098,0.0029999999999918035,1.098,,0.0025,0.0,0.0,0.001,0.4,1054307.63,64661.55,1118969.18,0.0,0.8844265755380322,-0.0,0.8844265755380322,-0.5023899077795281,-0.32240914871273363,-0.23243204336725556,-0.29898819273349453,-0.25264202096118454,-0.21123182403514246,0.4766107610244409,-1.0572310998595174,-0.07501945267023824,-0.21123182403514246,-1.3434823765648982,False,1308327_YES.csv,1308327_YES
1771131960,2026-02-15 05:06:00,2,6000.0,12.0,0.0019999999999996665,6.0,,0.0015,-0.4,0.4,0.001,0.6666666666666666,437354.68,396913.62,834268.3,-284700.8799999999,0.04847488511789312,284700.8799999999,0.04847488511789312,0.6819910838977744,-0.10801450663178307,-0.1278859337294519,-0.29898819273349453,4.1001323193649375,5.758438949597008,-7.260291914427032,0.4460906435365395,-3.4591477877955894,5.758438949597008,2.745381805337958,False,1308327_YES.csv,1308327_YES
1771132020,2026-02-15 05:07:00,1,4811.81,4.81181,0.000999999999999792,4.81181,,0.0015,0.0,0.0,0.001,0.6666666666666666,437354.68,396913.62,834268.3,0.0,0.04847488511789312,-0.0,0.04847488511789312,-0.5023899077795281,-0.24771994469187153,-0.15230825748849322,-0.29898819273349453,-0.2861371831585945,-0.23826176964859772,-5.209203102739377,-0.9024181099598928,-5.794328478631465,-0.23826176964859772,-6.935008358239956,False,1308327_YES.csv,1308327_YES
1771132200,2026-02-15 05:10:00,1,500.0,1.0,0.001999999999996,1.0,,0.0015,0.0,0.0,0.001,0.6666666666666666,437354.68,396913.62,834268.3,0.0,0.04847488511789312,-0.0,0.04847488511789312,-0.5023899077795281,-0.3243436640375329,-0.23536381586683935,-0.29898819273349453,-0.2861371831585945,-0.23826176964859772,-4.250127097302273,-1.0620973876839004,-4.835252473194362,-0.23826176964859772,-6.13561163052686,False,1308327_YES.csv,1308327_YES
1771132260,2026-02-15 05:11:00,1,334.0,0.668,0.001999999999994012,0.668,,0.0015,0.0,0.0,0.001,0.6666666666666666,437354.68,396913.62,834268.3,0.0,0.04847488511789312,-0.0,0.04847488511789312,-0.5023899077795281,-0.3308643709695404,-0.24243939112245064,-0.29898819273349375,-0.26771952252687403,-0.23826176964859772,-3.6627594442148497,-1.0756936698715192,-4.229467159475218,-0.23826176964859772,-5.543422598995335,False,1308327_YES.csv,1308327_YES
1771132500,2026-02-15 05:15:00,1,425.0,0.85,0.001999999999995294,0.85,,0.0015,0.0,0.0,0.001,0.6666666666666666,436188.89,1096789.84,1532978.73,698710.4299999999,-0.43092636386416144,0.0,0.43092636386416144,-0.48348630237487744,-0.3210887428334262,-0.23707165902612357,-0.29898819273349453,-0.26771952252687403,-0.23826176964859772,-1.7486936152596695,-1.041646704234427,-2.315401330520038,-0.23826176964859772,-3.5953098044030627,False,1308327_YES.csv,1308327_YES
1771132560,2026-02-15 05:16:00,1,2417.61,2.4176100000000003,0.0009999999999995865,2.4176100000000003,,0.0015,0.0,0.0,0.001,0.6666666666666666,436188.89,1096789.84,1532978.73,0.0,-0.43092636386416144,-0.0,0.43092636386416144,-0.5077075834486063,-0.25773976482494554,-0.19406859872299534,-0.29898819273349453,-0.26771952252687403,-0.23826176964859772,-1.674346839226677,-0.9595159469965472,-2.2410545544870457,-0.23826176964859772,-3.4388322711321906,False,1308327_YES.csv,1308327_YES
1771132680,2026-02-15 05:18:00,1,500.0,1.0,0.001999999999996,1.0,,0.0015,0.0,0.0,0.001,0.6666666666666666,631838.45,1596739.74,2228578.19,695599.46,-0.4329672139526772,0.0,0.4329672139526772,-0.5077075834486063,-0.28800401503722756,-0.22521014022679942,-0.29898819273349453,-0.2580109897635389,-0.23826176964859772,-1.5983193501728896,-1.0209217387126333,-2.155318532669923,-0.23826176964859772,-3.414502041031154,False,1308327_YES.csv,1308327_YES
1771132740,2026-02-15 05:19:00,1,500.0,0.5,0.000999999999998,0.5,,0.0015,0.0,0.0,0.001,0.6666666666666666,631838.45,1596739.74,2228578.19,0.0,-0.4329672139526772,-0.0,0.4329672139526772,-0.4844257612826692,-0.29413700735741904,-0.23390850133126945,-0.29898819273349453,-0.2580109897635389,-0.23826176964859772,-1.5365273701374447,-1.0124712699713576,-2.0935265526344784,-0.23826176964859772,-3.344259592254434,False,1308327_YES.csv,1308327_YES
1771132920,2026-02-15 05:22:00,6,128917.1,128.9171,0.0009999999999999922,21.486183333333333,,0.0015,0.0,0.0,0.001,0.6666666666666666,631838.45,1596739.74,2228578.19,0.0,-0.4329672139526772,-0.0,0.4329672139526772,5.49591311278609,2.2625561029085723,0.21624777721592003,-0.29898819273349453,-0.25715755222751746,-0.23826176964859772,-1.4788753425486163,7.974716992910582,-2.0350210875096284,-0.23826176964859772,5.701434135752356,False,1308327_YES.csv,1308327_YES
1771132980,2026-02-15 05:23:00,2,566.08,1.01308,0.0017896410401325082,0.50654,,0.0015,0.0,0.0,0.001,0.6666666666666666,631838.45,1596739.74,2228578.19,0.0,-0.4329672139526772,-0.0,0.4329672139526772,0.7292996953024522,-0.3113713386088182,-0.23861236737272823,-0.29898819273349453,-0.25715755222751746,-0.23826176964859772,-1.4249820910317128,0.17931598932090576,-1.9811278359927247,-0.23826176964859772,-2.0400736163204165,False,1308327_YES.csv,1308327_YES
1771133100,2026-02-15 05:25:00,2,17100.95,18.999950000000002,0.0011110464623309668,9.499975000000001,,0.0015,0.0,0.0,0.001,0.6666666666666666,631838.45,1596739.74,2228578.19,0.0,-0.4329672139526772,-0.0,0.4329672139526772,0.7077735486908089,0.04958736788890991,-0.04120456525092506,-0.29898819273349453,-0.25715755222751746,-0.23826176964859772,-1.3743931177375035,0.7161563513287937,-1.9305388626985156,-0.23826176964859772,-1.4526442810183195,False,1308327_YES.csv,1308327_YES
1771133160,2026-02-15 05:26:00,1,5000.0,5.0,0.0009999999999997999,5.0,,0.0015,0.0,0.0,0.001,0.6666666666666666,631838.45,1596739.74,2228578.19,0.0,-0.4329672139526772,-0.0,0.4329672139526772,-0.47184903246053905,-0.23392499189747182,-0.140664321170263,-0.29898819273349453,-0.25601580592384426,-0.23826176964859772,-1.326482469751351,-0.8464383455282738,-1.8814864684086898,-0.23826176964859772,-2.9661865835855616,False,1308327_YES.csv,1308327_YES
1771133340,2026-02-15 05:29:00,1,1000.0,1.0,0.000999999999999,1.0,,0.0015,0.0,0.0,0.001,0.6666666666666666,631838.45,1596739.74,2228578.19,0.0,-0.4329672139526772,-0.0,0.4329672139526772,-0.47184903246053905,-0.3148108518825355,-0.22782180652321601,-0.29898819273349453,-0.25601580592384426,-0.23826176964859772,-1.2811873633982005,-1.0144816908662906,-1.8361913620555392,-0.23826176964859772,-3.088934822570428,False,1308327_YES.csv,1308327_YES
1771133460,2026-02-15 05:31:00,1,15000.0,15.0,0.0009999999999999332,15.0,,0.0015,0.0,0.0,0.001,0.6666666666666666,631838.45,1596739.74,2228578.19,0.0,-0.4329672139526772,-0.0,0.4329672139526772,-0.47184903246053905,-0.03730672253257006,0.07130266929112375,-0.29898819273349453,-0.25601580592384426,-0.23826176964859772,-1.2382262650619489,-0.43785308570198544,-1.7932302637192876,-0.23826176964859772,-2.469345119069871,False,1308327_YES.csv,1308327_YES
1771133580,2026-02-15 05:33:00,1,1000.0,1.0,0.000999999999999,1.0,,0.0005,-0.6666666666666667,0.6666666666666667,0.001,2.0,0.0,1846417.55,1846417.55,-382160.6399999999,-1.0,382160.6399999999,1.0,-0.47184903246053905,-0.31830715086454253,-0.23146219454999759,-0.29898819273349453,4.499236116781789,5.965512324708305,1.003549656476111,-1.0216183778750791,5.203797580524406,5.965512324708305,10.147691527357633,True,1308327_YES.csv,1308327_YES
1771133700,2026-02-15 05:35:00,1,2050.0,2.05,0.0009999999999995121,2.05,,0.0005,0.0,0.0,0.001,2.0,0.0,1846417.55,1846417.55,0.0,-1.0,-0.0,1.0,-0.47184903246053905,-0.2957621840111168,-0.20723245065710438,-0.29898819273349453,-0.28645641395022986,-0.25183976779453465,0.9866557545397315,-0.9748436671287602,0.4012111478560071,-0.25183976779453465,-0.8254722870672878,False,1308327_YES.csv,1308327_YES
1771134240,2026-02-15 05:44:00,1,5.98,0.00598,0.000999999999832776,0.00598,,0.0005,0.0,0.0,0.001,2.0,0.0,1846417.55,1846417.55,0.0,-1.0,-0.0,1.0,-0.47184903246053905,-0.33312760870876834,-0.24765758227810125,-0.29898819273349453,-0.27049595948354915,-0.25183976779453465,0.9673764065861902,-1.0526342234474086,0.39789225436914644,-0.25183976779453465,-0.9065817368727969,False,1308327_YES.csv,1308327_YES
1771134300,2026-02-15 05:45:00,2,11000.0,11.0,0.000999999999999909,5.5,,0.0005,0.0,0.0,0.001,2.0,0.0,1821987.82,1821987.82,-24429.72999999998,-1.0,24429.72999999998,1.0,0.68663031335252,0.010892983331800202,-0.005801687951826402,-0.29898819273349453,0.031579855061367686,-0.25183976779453465,0.9485703540139389,0.6917216087324938,0.681162016341812,-0.25183976779453465,1.121043857279771,False,1308327_YES.csv,1308327_YES
1771134960,2026-02-15 05:56:00,1,1000.0,1.0,0.000999999999999,1.0,,0.0005,0.0,0.0,0.001,2.0,0.0,1821987.82,1821987.82,0.0,-1.0,-0.0,1.0,-0.4904502238232288,-0.45848271736054647,-0.6517305086698421,-0.29898819273349453,-0.27578714680152966,-0.25183976779453465,0.93021243951093,-1.6006634498536174,0.3554370999759059,-0.25183976779453465,-1.497066117672246,False,1308327_YES.csv,1308327_YES
1771135020,2026-02-15 05:57:00,1,5000.0,5.0,0.0009999999999997999,5.0,,0.0005,0.0,0.0,0.001,2.0,0.0,1821776.02,1821776.02,-211.80000000004657,-1.0,211.80000000004657,1.0,-0.4904502238232288,-0.2740280842423078,-0.08640090091793956,-0.29898819273349375,-0.2731701472039941,-0.25183976779453465,0.9122792432481385,-0.8508792089834762,0.3401209033106506,-0.25183976779453465,-0.7625980734673603,False,1308327_YES.csv,1308327_YES
1771135200,2026-02-15 06:00:00,1,12345.0,12.345,0.000999999999999919,12.345,,0.0005,0.0,0.0,0.001,2.0,0.0,1816419.41,1816419.41,-5356.610000000102,-1.0,5356.610000000102,1.0,-0.4904502238232288,0.06982758774102565,0.9648746188679362,-0.29898819273349453,-0.20962038944618774,-0.25183976779453465,0.8947489277730621,0.5442519827857331,0.38614034559337984,-0.25183976779453465,0.6785525605845782,False,1308327_YES.csv,1308327_YES
1771135860,2026-02-15 06:11:00,1,2000.0,2.0,0.0009999999999995,2.0,,0.0005,0.0,0.0,0.001,2.0,0.0,1816419.41,1816419.41,0.0,-1.0,-0.0,1.0,-0.4904502238232288,-0.41800149630384426,-0.52660007524649,-0.26502470684484075,-0.27703506068386546,-0.23187316245479977,0.8851641646435863,-1.435051795373563,0.34310439711488006,-0.23187316245479977,-1.323820560713483,False,1308327_YES.csv,1308327_YES
1771135920,2026-02-15 06:12:00,1,1000.0,1.0,0.000999999999999,1.0,,0.0005,0.0,0.0,0.001,2.0,0.0,1826130.18,1826130.18,9710.770000000019,-1.0,0.0,1.0,-0.46449346843670797,-0.44912797087320766,-0.6536497896269822,-0.22749590318290833,-0.27703506068386546,-0.23187316245479977,0.8757052846597262,-1.5672712289368977,0.37117432079295243,-0.23187316245479977,-1.427970070598745,False,1308327_YES.csv,1308327_YES
1771135980,2026-02-15 06:13:00,1,2000.0,2.0,0.0009999999999995,2.0,,0.0005,0.0,0.0,0.001,2.0,0.0,1826130.18,1826130.18,0.0,-1.0,-0.0,1.0,-0.46449346843670797,-0.40022838531330623,-0.5043027992069239,-0.18414137497342478,-0.27703506068386546,-0.23187316245479977,0.8663687111768654,-1.369024652956938,0.40519227551957515,-0.23187316245479977,-1.1957055398921628,False,1308327_YES.csv,1308327_YES
1771136220,2026-02-15 06:17:00,1,5000.0,5.0,0.0009999999999997999,5.0,,0.0005,0.0,0.0,0.001,2.0,0.0,1826130.18,1826130.18,0.0,-1.0,-0.0,1.0,-0.46449346843670797,-0.2634059999606144,-0.08674819409000295,-0.12909944487392394,-0.27703506068386546,-0.23187316245479977,0.8571510027487337,-0.8146476624873253,0.4510164971909443,-0.23187316245479977,-0.5955043277511809,False,1308327_YES.csv,1308327_YES
1771136700,2026-02-15 06:25:00,1,1000.0,1.0,0.000999999999999,1.0,,0.0005,0.0,0.0,0.001,2.0,0.0,1826130.18,1826130.18,0.0,-1.0,-0.0,1.0,-0.46449346843670797,-0.45187849343147884,-0.6631079702684181,0.0,-0.27703506068386546,-0.23187316245479977,0.8480488465044692,-1.5794799321366049,0.5710137858206037,-0.23187316245479977,-1.240339308770801,False,1308327_YES.csv,1308327_YES
1771137180,2026-02-15 06:33:00,1,1000.0,1.0,0.000999999999999,1.0,,0.0005,0.0,0.0,0.001,2.0,0.0,1621619.3099999998,1621619.3099999998,-204510.8700000001,-1.0,204510.8700000001,1.0,-0.46449346843670797,-0.45093911035242684,-0.6597567336321499,0.0,2.162581353266194,-0.21382379375409324,0.83554270618178,-1.5751893124212848,2.998124059447974,-0.21382379375409324,1.2091109532725959,False,1308327_YES.csv,1308327_YES
1771137900,2026-02-15 06:45:00,1,5000.0,5.0,0.0009999999999997999,5.0,,0.0005,0.0,0.0,0.001,2.0,0.0,1490238.41,1490238.41,-131380.8999999999,-1.0,131380.8999999999,1.0,-0.46449346843670797,-0.26597563186278583,-0.09416437513167095,0.0,1.237425099091868,-0.21382379375409324,0.8232377954492391,-0.8246334754311648,2.060662894541107,-0.21382379375409324,1.0222056253558491,False,1308327_YES.csv,1308327_YES
1771139280,2026-02-15 07:08:00,1,5000.0,5.0,0.0009999999999997999,5.0,,0.0005,0.0,0.0,0.001,2.0,0.0,1490238.41,1490238.41,0.0,-1.0,-0.0,1.0,-0.46449346843670797,-0.2701719320851975,-0.1063607508083674,0.0,-0.3292490952814171,-0.21382379375409324,0.8111266493397008,-0.8410261513302729,0.4818775540582837,-0.21382379375409324,-0.5729723910260824,False,1308327_YES.csv,1308327_YES
