timestamp,datetime,trade_id,market_id,token_id,side,price,size,amount,tx_hash,raw
1771005871,2026-02-14T02:36:14.254804,0x5a2b37f259835b2a9b6eed57552ee8d59f24eccb5605f7bf6318b821aa030f02:1771005871,1303357,108999384188108521715304668689630764454260618208482429430624780380952570648070,BUY,0.003,7800.0,23.400000000000002,0x5a2b37f259835b2a9b6eed57552ee8d59f24eccb5605f7bf6318b821aa030f02,"{""proxyWallet"": ""0x320527dc0b8d6af5ff81ddca0332d28bdec60299"", ""side"": ""BUY"", ""asset"": ""108999384188108521715304668689630764454260618208482429430624780380952570648070"", ""conditionId"": ""0x73acf1ef075d83bedb89e5c32e9083477adbde563cd0d76b78b56defdf2d6438"", ""size"": 7800, ""price"": 0.003, ""timestamp"": 1771005871, ""title"": ""Will Ethereum reach $4,400 in February?"", ""slug"": ""will-ethereum-reach-4400-in-february-2026"", ""icon"": ""https://polymarket-upload.s3.us-east-2.amazonaws.com/ETH+fullsize.jpg"", ""eventSlug"": ""what-price-will-ethereum-hit-in-february-2026"", ""outcome"": ""Yes"", ""outcomeIndex"": 0, ""name"": ""cupof22tt"", ""pseudonym"": ""Noxious-Baggage"", ""bio"": """", ""profileImage"": """", ""profileImageOptimized"": """", ""transactionHash"": ""0x5a2b37f259835b2a9b6eed57552ee8d59f24eccb5605f7bf6318b821aa030f02""}"
1770999011,2026-02-14T02:36:14.254854,0x48306179ee5c8d04d6eb5c5cf535529f10fe0b930026d5dc70daa528ea9e3f51:1770999011,1303357,108999384188108521715304668689630764454260618208482429430624780380952570648070,SELL,0.002,2000.0,4.0,0x48306179ee5c8d04d6eb5c5cf535529f10fe0b930026d5dc70daa528ea9e3f51,"{""proxyWallet"": ""0xc532d93681f4a7cd43aa6a99329c50007aeeb0fe"", ""side"": ""SELL"", ""asset"": ""108999384188108521715304668689630764454260618208482429430624780380952570648070"", ""conditionId"": ""0x73acf1ef075d83bedb89e5c32e9083477adbde563cd0d76b78b56defdf2d6438"", ""size"": 2000, ""price"": 0.002, ""timestamp"": 1770999011, ""title"": ""Will Ethereum reach $4,400 in February?"", ""slug"": ""will-ethereum-reach-4400-in-february-2026"", ""icon"": ""https://polymarket-upload.s3.us-east-2.amazonaws.com/ETH+fullsize.jpg"", ""eventSlug"": ""what-price-will-ethereum-hit-in-february-2026"", ""outcome"": ""Yes"", ""outcomeIndex"": 0, ""name"": """", ""pseudonym"": """", ""bio"": """", ""profileImage"": """", ""profileImageOptimized"": """", ""transactionHash"": ""0x48306179ee5c8d04d6eb5c5cf535529f10fe0b930026d5dc70daa528ea9e3f51""}"
1770998877,2026-02-14T02:36:14.254873,0x0a145e93e708a40c5987884aa9a6641beec09d943e2cee5e338fe99610f25f1e:1770998877,1303357,108999384188108521715304668689630764454260618208482429430624780380952570648070,BUY,0.003,2000.0,6.0,0x0a145e93e708a40c5987884aa9a6641beec09d943e2cee5e338fe99610f25f1e,"{""proxyWallet"": ""0xc532d93681f4a7cd43aa6a99329c50007aeeb0fe"", ""side"": ""BUY"", ""asset"": ""108999384188108521715304668689630764454260618208482429430624780380952570648070"", ""conditionId"": ""0x73acf1ef075d83bedb89e5c32e9083477adbde563cd0d76b78b56defdf2d6438"", ""size"": 2000, ""price"": 0.003, ""timestamp"": 1770998877, ""title"": ""Will Ethereum reach $4,400 in February?"", ""slug"": ""will-ethereum-reach-4400-in-february-2026"", ""icon"": ""https://polymarket-upload.s3.us-east-2.amazonaws.com/ETH+fullsize.jpg"", ""eventSlug"": ""what-price-will-ethereum-hit-in-february-2026"", ""outcome"": ""Yes"", ""outcomeIndex"": 0, ""name"": """", ""pseudonym"": """", ""bio"": """", ""profileImage"": """", ""profileImageOptimized"": """", ""transactionHash"": ""0x0a145e93e708a40c5987884aa9a6641beec09d943e2cee5e338fe99610f25f1e""}"
1770994905,2026-02-14T02:36:14.254890,0x499734aada59d09f5347fba6e3a66281d1a52fa4fd7023f225ed21eacb456aa4:1770994905,1303357,108999384188108521715304668689630764454260618208482429430624780380952570648070,SELL,0.002,940.0,1.8800000000000001,0x499734aada59d09f5347fba6e3a66281d1a52fa4fd7023f225ed21eacb456aa4,"{""proxyWallet"": ""0xcc1f42ab73ee84a4eef7fd1601568cf0a962ca53"", ""side"": ""SELL"", ""asset"": ""108999384188108521715304668689630764454260618208482429430624780380952570648070"", ""conditionId"": ""0x73acf1ef075d83bedb89e5c32e9083477adbde563cd0d76b78b56defdf2d6438"", ""size"": 940, ""price"": 0.002, ""timestamp"": 1770994905, ""title"": ""Will Ethereum reach $4,400 in February?"", ""slug"": ""will-ethereum-reach-4400-in-february-2026"", ""icon"": ""https://polymarket-upload.s3.us-east-2.amazonaws.com/ETH+fullsize.jpg"", ""eventSlug"": ""what-price-will-ethereum-hit-in-february-2026"", ""outcome"": ""Yes"", ""outcomeIndex"": 0, ""name"": """", ""pseudonym"": """", ""bio"": """", ""profileImage"": """", ""profileImageOptimized"": """", ""transactionHash"": ""0x499734aada59d09f5347fba6e3a66281d1a52fa4fd7023f225ed21eacb456aa4""}"
1770994853,2026-02-14T02:36:14.254915,0x453051686c1d8b48780b5a6e4ae21159b79408832f7d3a09e0f0c59b20d4d633:1770994853,1303357,108999384188108521715304668689630764454260618208482429430624780380952570648070,BUY,0.003,940.0,2.82,0x453051686c1d8b48780b5a6e4ae21159b79408832f7d3a09e0f0c59b20d4d633,"{""proxyWallet"": ""0xcc1f42ab73ee84a4eef7fd1601568cf0a962ca53"", ""side"": ""BUY"", ""asset"": ""108999384188108521715304668689630764454260618208482429430624780380952570648070"", ""conditionId"": ""0x73acf1ef075d83bedb89e5c32e9083477adbde563cd0d76b78b56defdf2d6438"", ""size"": 940, ""price"": 0.003, ""timestamp"": 1770994853, ""title"": ""Will Ethereum reach $4,400 in February?"", ""slug"": ""will-ethereum-reach-4400-in-february-2026"", ""icon"": ""https://polymarket-upload.s3.us-east-2.amazonaws.com/ETH+fullsize.jpg"", ""eventSlug"": ""what-price-will-ethereum-hit-in-february-2026"", ""outcome"": ""Yes"", ""outcomeIndex"": 0, ""name"": """", ""pseudonym"": """", ""bio"": """", ""profileImage"": """", ""profileImageOptimized"": """", ""transactionHash"": ""0x453051686c1d8b48780b5a6e4ae21159b79408832f7d3a09e0f0c59b20d4d633""}"
1770990681,2026-02-14T02:36:14.254931,0xe94e9f8d09c3bf2fb51eb930993e2a174ced5397f7087f3f649e54274f12930a:1770990681,1303357,108999384188108521715304668689630764454260618208482429430624780380952570648070,SELL,0.002,125.0,0.25,0xe94e9f8d09c3bf2fb51eb930993e2a174ced5397f7087f3f649e54274f12930a,"{""proxyWallet"": ""0x2b0ed9bf247a907f09ac3bd6e19fb5100f5da9bd"", ""side"": ""SELL"", ""asset"": ""108999384188108521715304668689630764454260618208482429430624780380952570648070"", ""conditionId"": ""0x73acf1ef075d83bedb89e5c32e9083477adbde563cd0d76b78b56defdf2d6438"", ""size"": 125, ""price"": 0.002, ""timestamp"": 1770990681, ""title"": ""Will Ethereum reach $4,400 in February?"", ""slug"": ""will-ethereum-reach-4400-in-february-2026"", ""icon"": ""https://polymarket-upload.s3.us-east-2.amazonaws.com/ETH+fullsize.jpg"", ""eventSlug"": ""what-price-will-ethereum-hit-in-february-2026"", ""outcome"": ""Yes"", ""outcomeIndex"": 0, ""name"": ""tamaoo"", ""pseudonym"": ""Heavenly-Spume"", ""bio"": """", ""profileImage"": """", ""profileImageOptimized"": """", ""transactionHash"": ""0xe94e9f8d09c3bf2fb51eb930993e2a174ced5397f7087f3f649e54274f12930a""}"
1770988083,2026-02-14T02:36:14.254946,0x41e02a15fa4fbb90d1ec34da937b04729a98394403a1270f0494877ec0c2e3d5:1770988083,1303357,108999384188108521715304668689630764454260618208482429430624780380952570648070,SELL,0.002,666.66,1.33332,0x41e02a15fa4fbb90d1ec34da937b04729a98394403a1270f0494877ec0c2e3d5,"{""proxyWallet"": ""0x73484e2807915d40f916fdbf5a16a57358de4cad"", ""side"": ""SELL"", ""asset"": ""108999384188108521715304668689630764454260618208482429430624780380952570648070"", ""conditionId"": ""0x73acf1ef075d83bedb89e5c32e9083477adbde563cd0d76b78b56defdf2d6438"", ""size"": 666.66, ""price"": 0.002, ""timestamp"": 1770988083, ""title"": ""Will Ethereum reach $4,400 in February?"", ""slug"": ""will-ethereum-reach-4400-in-february-2026"", ""icon"": ""https://polymarket-upload.s3.us-east-2.amazonaws.com/ETH+fullsize.jpg"", ""eventSlug"": ""what-price-will-ethereum-hit-in-february-2026"", ""outcome"": ""Yes"", ""outcomeIndex"": 0, ""name"": """", ""pseudonym"": """", ""bio"": """", ""profileImage"": """", ""profileImageOptimized"": """", ""transactionHash"": ""0x41e02a15fa4fbb90d1ec34da937b04729a98394403a1270f0494877ec0c2e3d5""}"
1770987909,2026-02-14T02:36:14.254960,0x478a18e0af60776c9c3bb2982a70f70eecc41b4aa689cd2cd8455bb61e028ffc:1770987909,1303357,108999384188108521715304668689630764454260618208482429430624780380952570648070,BUY,0.003000000003,666.666666,2.0,0x478a18e0af60776c9c3bb2982a70f70eecc41b4aa689cd2cd8455bb61e028ffc,"{""proxyWallet"": ""0x73484e2807915d40f916fdbf5a16a57358de4cad"", ""side"": ""BUY"", ""asset"": ""108999384188108521715304668689630764454260618208482429430624780380952570648070"", ""conditionId"": ""0x73acf1ef075d83bedb89e5c32e9083477adbde563cd0d76b78b56defdf2d6438"", ""size"": 666.666666, ""price"": 0.003000000003, ""timestamp"": 1770987909, ""title"": ""Will Ethereum reach $4,400 in February?"", ""slug"": ""will-ethereum-reach-4400-in-february-2026"", ""icon"": ""https://polymarket-upload.s3.us-east-2.amazonaws.com/ETH+fullsize.jpg"", ""eventSlug"": ""what-price-will-ethereum-hit-in-february-2026"", ""outcome"": ""Yes"", ""outcomeIndex"": 0, ""name"": """", ""pseudonym"": """", ""bio"": """", ""profileImage"": """", ""profileImageOptimized"": """", ""transactionHash"": ""0x478a18e0af60776c9c3bb2982a70f70eecc41b4aa689cd2cd8455bb61e028ffc""}"
1770984813,2026-02-14T02:36:14.254975,0x86ea0f96ed39ea1fbe79b060c780d993367d8e9020560d57fad38a4137bf638f:1770984813,1303357,108999384188108521715304668689630764454260618208482429430624780380952570648070,BUY,0.003,666.67,2.00001,0x86ea0f96ed39ea1fbe79b060c780d993367d8e9020560d57fad38a4137bf638f,"{""proxyWallet"": ""0x8c1ab8eda01ecff26a5c57cd9d58e654daab3cb8"", ""side"": ""BUY"", ""asset"": ""108999384188108521715304668689630764454260618208482429430624780380952570648070"", ""conditionId"": ""0x73acf1ef075d83bedb89e5c32e9083477adbde563cd0d76b78b56defdf2d6438"", ""size"": 666.67, ""price"": 0.003, ""timestamp"": 1770984813, ""title"": ""Will Ethereum reach $4,400 in February?"", ""slug"": ""will-ethereum-reach-4400-in-february-2026"", ""icon"": ""https://polymarket-upload.s3.us-east-2.amazonaws.com/ETH+fullsize.jpg"", ""eventSlug"": ""what-price-will-ethereum-hit-in-february-2026"", ""outcome"": ""Yes"", ""outcomeIndex"": 0, ""name"": """", ""pseudonym"": """", ""bio"": """", ""profileImage"": """", ""profileImageOptimized"": """", ""transactionHash"": ""0x86ea0f96ed39ea1fbe79b060c780d993367d8e9020560d57fad38a4137bf638f""}"
1770984169,2026-02-14T02:36:14.254988,0x69df750ba053cdb07e2ba786ad2c54b12462fbdbc63d9dd1a89e8f24bc165b82:1770984169,1303357,108999384188108521715304668689630764454260618208482429430624780380952570648070,BUY,0.003,75479.47,226.43841,0x69df750ba053cdb07e2ba786ad2c54b12462fbdbc63d9dd1a89e8f24bc165b82,"{""proxyWallet"": ""0x3eda1413b9bba9657b255e224d7fee04c0f5ccfd"", ""side"": ""BUY"", ""asset"": ""108999384188108521715304668689630764454260618208482429430624780380952570648070"", ""conditionId"": ""0x73acf1ef075d83bedb89e5c32e9083477adbde563cd0d76b78b56defdf2d6438"", ""size"": 75479.47, ""price"": 0.003, ""timestamp"": 1770984169, ""title"": ""Will Ethereum reach $4,400 in February?"", ""slug"": ""will-ethereum-reach-4400-in-february-2026"", ""icon"": ""https://polymarket-upload.s3.us-east-2.amazonaws.com/ETH+fullsize.jpg"", ""eventSlug"": ""what-price-will-ethereum-hit-in-february-2026"", ""outcome"": ""Yes"", ""outcomeIndex"": 0, ""name"": ""jojoly2"", ""pseudonym"": ""Decisive-Sack"", ""bio"": """", ""profileImage"": """", ""profileImageOptimized"": """", ""transactionHash"": ""0x69df750ba053cdb07e2ba786ad2c54b12462fbdbc63d9dd1a89e8f24bc165b82""}"
1770983961,2026-02-14T02:36:14.255002,0x57559387e1117e22291e88f41d765a95b7a447d36585b864f37a7e9f35f1a169:1770983961,1303357,108999384188108521715304668689630764454260618208482429430624780380952570648070,BUY,0.003,64000.0,192.0,0x57559387e1117e22291e88f41d765a95b7a447d36585b864f37a7e9f35f1a169,"{""proxyWallet"": ""0x8e6aa0b6867f748f2fd1d8b9149de4e1b2852577"", ""side"": ""BUY"", ""asset"": ""108999384188108521715304668689630764454260618208482429430624780380952570648070"", ""conditionId"": ""0x73acf1ef075d83bedb89e5c32e9083477adbde563cd0d76b78b56defdf2d6438"", ""size"": 64000, ""price"": 0.003, ""timestamp"": 1770983961, ""title"": ""Will Ethereum reach $4,400 in February?"", ""slug"": ""will-ethereum-reach-4400-in-february-2026"", ""icon"": ""https://polymarket-upload.s3.us-east-2.amazonaws.com/ETH+fullsize.jpg"", ""eventSlug"": ""what-price-will-ethereum-hit-in-february-2026"", ""outcome"": ""Yes"", ""outcomeIndex"": 0, ""name"": ""maxi69"", ""pseudonym"": ""Steel-Error"", ""bio"": """", ""profileImage"": """", ""profileImageOptimized"": """", ""transactionHash"": ""0x57559387e1117e22291e88f41d765a95b7a447d36585b864f37a7e9f35f1a169""}"
1770983827,2026-02-14T02:36:14.255015,0xff9f23c835f5222916433eaf7b59224c4456cb3ee2176f05251e1f20ca132d64:1770983827,1303357,108999384188108521715304668689630764454260618208482429430624780380952570648070,BUY,0.003,67222.0,201.666,0xff9f23c835f5222916433eaf7b59224c4456cb3ee2176f05251e1f20ca132d64,"{""proxyWallet"": ""0x6809e9a4170ff1fe395bb8cf7a29a88f1266222d"", ""side"": ""BUY"", ""asset"": ""108999384188108521715304668689630764454260618208482429430624780380952570648070"", ""conditionId"": ""0x73acf1ef075d83bedb89e5c32e9083477adbde563cd0d76b78b56defdf2d6438"", ""size"": 67222, ""price"": 0.003, ""timestamp"": 1770983827, ""title"": ""Will Ethereum reach $4,400 in February?"", ""slug"": ""will-ethereum-reach-4400-in-february-2026"", ""icon"": ""https://polymarket-upload.s3.us-east-2.amazonaws.com/ETH+fullsize.jpg"", ""eventSlug"": ""what-price-will-ethereum-hit-in-february-2026"", ""outcome"": ""Yes"", ""outcomeIndex"": 0, ""name"": ""jen007"", ""pseudonym"": ""Rapid-Caddy"", ""bio"": """", ""profileImage"": """", ""profileImageOptimized"": """", ""transactionHash"": ""0xff9f23c835f5222916433eaf7b59224c4456cb3ee2176f05251e1f20ca132d64""}"
1770983685,2026-02-14T02:36:14.255027,0x1633a157d1bf18469205d010d2e34dbb63becfc3759850f198e25733e336491f:1770983685,1303357,108999384188108521715304668689630764454260618208482429430624780380952570648070,BUY,0.003,65000.0,195.0,0x1633a157d1bf18469205d010d2e34dbb63becfc3759850f198e25733e336491f,"{""proxyWallet"": ""0x3a6588d1c1e0a6f37b01716ee6ae185e96e4d1b4"", ""side"": ""BUY"", ""asset"": ""108999384188108521715304668689630764454260618208482429430624780380952570648070"", ""conditionId"": ""0x73acf1ef075d83bedb89e5c32e9083477adbde563cd0d76b78b56defdf2d6438"", ""size"": 65000, ""price"": 0.003, ""timestamp"": 1770983685, ""title"": ""Will Ethereum reach $4,400 in February?"", ""slug"": ""will-ethereum-reach-4400-in-february-2026"", ""icon"": ""https://polymarket-upload.s3.us-east-2.amazonaws.com/ETH+fullsize.jpg"", ""eventSlug"": ""what-price-will-ethereum-hit-in-february-2026"", ""outcome"": ""Yes"", ""outcomeIndex"": 0, ""name"": ""00jama"", ""pseudonym"": ""Slow-Gokart"", ""bio"": """", ""profileImage"": """", ""profileImageOptimized"": """", ""transactionHash"": ""0x1633a157d1bf18469205d010d2e34dbb63becfc3759850f198e25733e336491f""}"
1770983551,2026-02-14T02:36:14.255040,0xdc0129b7280dd36dfebf24880a7d1b4438287eed51949c000b847d690380e4df:1770983551,1303357,108999384188108521715304668689630764454260618208482429430624780380952570648070,BUY,0.003,68000.0,204.0,0xdc0129b7280dd36dfebf24880a7d1b4438287eed51949c000b847d690380e4df,"{""proxyWallet"": ""0x87f3c1f7d9c52ac880b4a128397205f8b98f0a0d"", ""side"": ""BUY"", ""asset"": ""108999384188108521715304668689630764454260618208482429430624780380952570648070"", ""conditionId"": ""0x73acf1ef075d83bedb89e5c32e9083477adbde563cd0d76b78b56defdf2d6438"", ""size"": 68000, ""price"": 0.003, ""timestamp"": 1770983551, ""title"": ""Will Ethereum reach $4,400 in February?"", ""slug"": ""will-ethereum-reach-4400-in-february-2026"", ""icon"": ""https://polymarket-upload.s3.us-east-2.amazonaws.com/ETH+fullsize.jpg"", ""eventSlug"": ""what-price-will-ethereum-hit-in-february-2026"", ""outcome"": ""Yes"", ""outcomeIndex"": 0, ""name"": ""vorti99"", ""pseudonym"": ""Brisk-Welcome"", ""bio"": """", ""profileImage"": """", ""profileImageOptimized"": """", ""transactionHash"": ""0xdc0129b7280dd36dfebf24880a7d1b4438287eed51949c000b847d690380e4df""}"
1770983347,2026-02-14T02:36:14.255052,0xe916b91ca707ff02f4e7cf20874bb1072b597ce3d8c1b09830a0f75a649057f6:1770983347,1303357,108999384188108521715304668689630764454260618208482429430624780380952570648070,BUY,0.003,67000.0,201.0,0xe916b91ca707ff02f4e7cf20874bb1072b597ce3d8c1b09830a0f75a649057f6,"{""proxyWallet"": ""0x4396e57f6da93a6cce6215b51b58838b40f229aa"", ""side"": ""BUY"", ""asset"": ""108999384188108521715304668689630764454260618208482429430624780380952570648070"", ""conditionId"": ""0x73acf1ef075d83bedb89e5c32e9083477adbde563cd0d76b78b56defdf2d6438"", ""size"": 67000, ""price"": 0.003, ""timestamp"": 1770983347, ""title"": ""Will Ethereum reach $4,400 in February?"", ""slug"": ""will-ethereum-reach-4400-in-february-2026"", ""icon"": ""https://polymarket-upload.s3.us-east-2.amazonaws.com/ETH+fullsize.jpg"", ""eventSlug"": ""what-price-will-ethereum-hit-in-february-2026"", ""outcome"": ""Yes"", ""outcomeIndex"": 0, ""name"": ""tom0x"", ""pseudonym"": ""Flat-Glasses"", ""bio"": """", ""profileImage"": """", ""profileImageOptimized"": """", ""transactionHash"": ""0xe916b91ca707ff02f4e7cf20874bb1072b597ce3d8c1b09830a0f75a649057f6""}"
1770983215,2026-02-14T02:36:14.255064,0x12ab3d74d7ff67f818112500371ab09828f2755da40445fef36b4e79df2a1b06:1770983215,1303357,108999384188108521715304668689630764454260618208482429430624780380952570648070,BUY,0.003,66666.0,199.998,0x12ab3d74d7ff67f818112500371ab09828f2755da40445fef36b4e79df2a1b06,"{""proxyWallet"": ""0x2ebba0df4a21427a36201b5e1f642e82960331cc"", ""side"": ""BUY"", ""asset"": ""108999384188108521715304668689630764454260618208482429430624780380952570648070"", ""conditionId"": ""0x73acf1ef075d83bedb89e5c32e9083477adbde563cd0d76b78b56defdf2d6438"", ""size"": 66666, ""price"": 0.003, ""timestamp"": 1770983215, ""title"": ""Will Ethereum reach $4,400 in February?"", ""slug"": ""will-ethereum-reach-4400-in-february-2026"", ""icon"": ""https://polymarket-upload.s3.us-east-2.amazonaws.com/ETH+fullsize.jpg"", ""eventSlug"": ""what-price-will-ethereum-hit-in-february-2026"", ""outcome"": ""Yes"", ""outcomeIndex"": 0, ""name"": ""kalyam"", ""pseudonym"": ""Little-Lumberman"", ""bio"": """", ""profileImage"": """", ""profileImageOptimized"": """", ""transactionHash"": ""0x12ab3d74d7ff67f818112500371ab09828f2755da40445fef36b4e79df2a1b06""}"
1770983093,2026-02-14T02:36:14.255075,0xb6e92f8fb081658dcf4d1046146ca8a25dc31b369d872c81fa11d815641e15ac:1770983093,1303357,108999384188108521715304668689630764454260618208482429430624780380952570648070,BUY,0.003,67317.31,201.95193,0xb6e92f8fb081658dcf4d1046146ca8a25dc31b369d872c81fa11d815641e15ac,"{""proxyWallet"": ""0x6599c7e48c28bdd5e5815ffd88f32fe69ff32c99"", ""side"": ""BUY"", ""asset"": ""108999384188108521715304668689630764454260618208482429430624780380952570648070"", ""conditionId"": ""0x73acf1ef075d83bedb89e5c32e9083477adbde563cd0d76b78b56defdf2d6438"", ""size"": 67317.31, ""price"": 0.003, ""timestamp"": 1770983093, ""title"": ""Will Ethereum reach $4,400 in February?"", ""slug"": ""will-ethereum-reach-4400-in-february-2026"", ""icon"": ""https://polymarket-upload.s3.us-east-2.amazonaws.com/ETH+fullsize.jpg"", ""eventSlug"": ""what-price-will-ethereum-hit-in-february-2026"", ""outcome"": ""Yes"", ""outcomeIndex"": 0, ""name"": ""gaga69"", ""pseudonym"": ""Notable-Cellar"", ""bio"": """", ""profileImage"": """", ""profileImageOptimized"": """", ""transactionHash"": ""0xb6e92f8fb081658dcf4d1046146ca8a25dc31b369d872c81fa11d815641e15ac""}"
1770982905,2026-02-14T02:36:14.255088,0x9db8165b414b6d4db11492adfe9537fbdc545d2ff460d311ab3901becc3811d2:1770982905,1303357,108999384188108521715304668689630764454260618208482429430624780380952570648070,SELL,0.002,972.0,1.944,0x9db8165b414b6d4db11492adfe9537fbdc545d2ff460d311ab3901becc3811d2,"{""proxyWallet"": ""0xcc1f42ab73ee84a4eef7fd1601568cf0a962ca53"", ""side"": ""SELL"", ""asset"": ""108999384188108521715304668689630764454260618208482429430624780380952570648070"", ""conditionId"": ""0x73acf1ef075d83bedb89e5c32e9083477adbde563cd0d76b78b56defdf2d6438"", ""size"": 972, ""price"": 0.002, ""timestamp"": 1770982905, ""title"": ""Will Ethereum reach $4,400 in February?"", ""slug"": ""will-ethereum-reach-4400-in-february-2026"", ""icon"": ""https://polymarket-upload.s3.us-east-2.amazonaws.com/ETH+fullsize.jpg"", ""eventSlug"": ""what-price-will-ethereum-hit-in-february-2026"", ""outcome"": ""Yes"", ""outcomeIndex"": 0, ""name"": """", ""pseudonym"": """", ""bio"": """", ""profileImage"": """", ""profileImageOptimized"": """", ""transactionHash"": ""0x9db8165b414b6d4db11492adfe9537fbdc545d2ff460d311ab3901becc3811d2""}"
1770982853,2026-02-14T02:36:14.255100,0x3a5e9a66c95c8c990c064d0f038ec5079467c375af5c764330e82149b08d6c77:1770982853,1303357,108999384188108521715304668689630764454260618208482429430624780380952570648070,BUY,0.003,972.0,2.916,0x3a5e9a66c95c8c990c064d0f038ec5079467c375af5c764330e82149b08d6c77,"{""proxyWallet"": ""0xcc1f42ab73ee84a4eef7fd1601568cf0a962ca53"", ""side"": ""BUY"", ""asset"": ""108999384188108521715304668689630764454260618208482429430624780380952570648070"", ""conditionId"": ""0x73acf1ef075d83bedb89e5c32e9083477adbde563cd0d76b78b56defdf2d6438"", ""size"": 972, ""price"": 0.003, ""timestamp"": 1770982853, ""title"": ""Will Ethereum reach $4,400 in February?"", ""slug"": ""will-ethereum-reach-4400-in-february-2026"", ""icon"": ""https://polymarket-upload.s3.us-east-2.amazonaws.com/ETH+fullsize.jpg"", ""eventSlug"": ""what-price-will-ethereum-hit-in-february-2026"", ""outcome"": ""Yes"", ""outcomeIndex"": 0, ""name"": """", ""pseudonym"": """", ""bio"": """", ""profileImage"": """", ""profileImageOptimized"": """", ""transactionHash"": ""0x3a5e9a66c95c8c990c064d0f038ec5079467c375af5c764330e82149b08d6c77""}"
1770982095,2026-02-14T02:36:14.255111,0xee5a4b6b4ceaa2979db20ce2c76495515846addbf2681e8a49a8e75d57b45ea0:1770982095,1303357,108999384188108521715304668689630764454260618208482429430624780380952570648070,BUY,0.003,68000.0,204.0,0xee5a4b6b4ceaa2979db20ce2c76495515846addbf2681e8a49a8e75d57b45ea0,"{""proxyWallet"": ""0x7f0e97563a4d3cab669be94ba86687e299f0fb42"", ""side"": ""BUY"", ""asset"": ""108999384188108521715304668689630764454260618208482429430624780380952570648070"", ""conditionId"": ""0x73acf1ef075d83bedb89e5c32e9083477adbde563cd0d76b78b56defdf2d6438"", ""size"": 68000, ""price"": 0.003, ""timestamp"": 1770982095, ""title"": ""Will Ethereum reach $4,400 in February?"", ""slug"": ""will-ethereum-reach-4400-in-february-2026"", ""icon"": ""https://polymarket-upload.s3.us-east-2.amazonaws.com/ETH+fullsize.jpg"", ""eventSlug"": ""what-price-will-ethereum-hit-in-february-2026"", ""outcome"": ""Yes"", ""outcomeIndex"": 0, ""name"": ""ken088"", ""pseudonym"": ""Concrete-Evaluator"", ""bio"": """", ""profileImage"": """", ""profileImageOptimized"": """", ""transactionHash"": ""0xee5a4b6b4ceaa2979db20ce2c76495515846addbf2681e8a49a8e75d57b45ea0""}"
1770981869,2026-02-14T02:36:14.255123,0xf7092ff6e1ee348fe76f04663d1d80ee5cb61777f68964ec1e7f23744642e0b5:1770981869,1303357,108999384188108521715304668689630764454260618208482429430624780380952570648070,BUY,0.003,66666.0,199.998,0xf7092ff6e1ee348fe76f04663d1d80ee5cb61777f68964ec1e7f23744642e0b5,"{""proxyWallet"": ""0xbe16c886591d1cc072a3fd8ace06e7e592141824"", ""side"": ""BUY"", ""asset"": ""108999384188108521715304668689630764454260618208482429430624780380952570648070"", ""conditionId"": ""0x73acf1ef075d83bedb89e5c32e9083477adbde563cd0d76b78b56defdf2d6438"", ""size"": 66666, ""price"": 0.003, ""timestamp"": 1770981869, ""title"": ""Will Ethereum reach $4,400 in February?"", ""slug"": ""will-ethereum-reach-4400-in-february-2026"", ""icon"": ""https://polymarket-upload.s3.us-east-2.amazonaws.com/ETH+fullsize.jpg"", ""eventSlug"": ""what-price-will-ethereum-hit-in-february-2026"", ""outcome"": ""Yes"", ""outcomeIndex"": 0, ""name"": ""chank66"", ""pseudonym"": ""Icky-Consent"", ""bio"": """", ""profileImage"": """", ""profileImageOptimized"": """", ""transactionHash"": ""0xf7092ff6e1ee348fe76f04663d1d80ee5cb61777f68964ec1e7f23744642e0b5""}"
1770981709,2026-02-14T02:36:14.255135,0x361ea2461679e99a9cd57084150aa6a9ba6fba7293feaf5a185c2754e16ed8f1:1770981709,1303357,108999384188108521715304668689630764454260618208482429430624780380952570648070,BUY,0.003,68289.31,204.86793,0x361ea2461679e99a9cd57084150aa6a9ba6fba7293feaf5a185c2754e16ed8f1,"{""proxyWallet"": ""0xde6f0fe9efd7ba23e55e334ac16025a55761afdf"", ""side"": ""BUY"", ""asset"": ""108999384188108521715304668689630764454260618208482429430624780380952570648070"", ""conditionId"": ""0x73acf1ef075d83bedb89e5c32e9083477adbde563cd0d76b78b56defdf2d6438"", ""size"": 68289.31, ""price"": 0.003, ""timestamp"": 1770981709, ""title"": ""Will Ethereum reach $4,400 in February?"", ""slug"": ""will-ethereum-reach-4400-in-february-2026"", ""icon"": ""https://polymarket-upload.s3.us-east-2.amazonaws.com/ETH+fullsize.jpg"", ""eventSlug"": ""what-price-will-ethereum-hit-in-february-2026"", ""outcome"": ""Yes"", ""outcomeIndex"": 0, ""name"": ""yari444"", ""pseudonym"": ""Winding-Standardization"", ""bio"": """", ""profileImage"": """", ""profileImageOptimized"": """", ""transactionHash"": ""0x361ea2461679e99a9cd57084150aa6a9ba6fba7293feaf5a185c2754e16ed8f1""}"
1770981565,2026-02-14T02:36:14.255148,0x5054190170fdf2a2705fe91acd28269a1244f4ad65a7c66b29df17775e68c965:1770981565,1303357,108999384188108521715304668689630764454260618208482429430624780380952570648070,BUY,0.003,68289.31,204.86793,0x5054190170fdf2a2705fe91acd28269a1244f4ad65a7c66b29df17775e68c965,"{""proxyWallet"": ""0xf076666a1ace0206c913ea80c90ecb8a13a3bfda"", ""side"": ""BUY"", ""asset"": ""108999384188108521715304668689630764454260618208482429430624780380952570648070"", ""conditionId"": ""0x73acf1ef075d83bedb89e5c32e9083477adbde563cd0d76b78b56defdf2d6438"", ""size"": 68289.31, ""price"": 0.003, ""timestamp"": 1770981565, ""title"": ""Will Ethereum reach $4,400 in February?"", ""slug"": ""will-ethereum-reach-4400-in-february-2026"", ""icon"": ""https://polymarket-upload.s3.us-east-2.amazonaws.com/ETH+fullsize.jpg"", ""eventSlug"": ""what-price-will-ethereum-hit-in-february-2026"", ""outcome"": ""Yes"", ""outcomeIndex"": 0, ""name"": ""polu03"", ""pseudonym"": ""Unsteady-Fugato"", ""bio"": """", ""profileImage"": """", ""profileImageOptimized"": """", ""transactionHash"": ""0x5054190170fdf2a2705fe91acd28269a1244f4ad65a7c66b29df17775e68c965""}"
1770981413,2026-02-14T02:36:14.255160,0x9a51c467e11f1bcfb5c847ac4a6bd9048a7126a3121745c02798bb19bc8ca0b8:1770981413,1303357,108999384188108521715304668689630764454260618208482429430624780380952570648070,BUY,0.003,68279.29,204.83786999999998,0x9a51c467e11f1bcfb5c847ac4a6bd9048a7126a3121745c02798bb19bc8ca0b8,"{""proxyWallet"": ""0x72080fd2cf25d79a3616d8bc0095dafe61db66fd"", ""side"": ""BUY"", ""asset"": ""108999384188108521715304668689630764454260618208482429430624780380952570648070"", ""conditionId"": ""0x73acf1ef075d83bedb89e5c32e9083477adbde563cd0d76b78b56defdf2d6438"", ""size"": 68279.29, ""price"": 0.003, ""timestamp"": 1770981413, ""title"": ""Will Ethereum reach $4,400 in February?"", ""slug"": ""will-ethereum-reach-4400-in-february-2026"", ""icon"": ""https://polymarket-upload.s3.us-east-2.amazonaws.com/ETH+fullsize.jpg"", ""eventSlug"": ""what-price-will-ethereum-hit-in-february-2026"", ""outcome"": ""Yes"", ""outcomeIndex"": 0, ""name"": ""0xaver"", ""pseudonym"": ""Ragged-Manner"", ""bio"": """", ""profileImage"": """", ""profileImageOptimized"": """", ""transactionHash"": ""0x9a51c467e11f1bcfb5c847ac4a6bd9048a7126a3121745c02798bb19bc8ca0b8""}"
1770981229,2026-02-14T02:36:14.255172,0x349075d16472ada769735c2d1d0f2bb7d3b260af18ce6fc533c7a89cf4dc40ef:1770981229,1303357,108999384188108521715304668689630764454260618208482429430624780380952570648070,BUY,0.003,68001.0,204.00300000000001,0x349075d16472ada769735c2d1d0f2bb7d3b260af18ce6fc533c7a89cf4dc40ef,"{""proxyWallet"": ""0xad9696c925b7c68c8b1e16b5faaa5a90025d9a42"", ""side"": ""BUY"", ""asset"": ""108999384188108521715304668689630764454260618208482429430624780380952570648070"", ""conditionId"": ""0x73acf1ef075d83bedb89e5c32e9083477adbde563cd0d76b78b56defdf2d6438"", ""size"": 68001, ""price"": 0.003, ""timestamp"": 1770981229, ""title"": ""Will Ethereum reach $4,400 in February?"", ""slug"": ""will-ethereum-reach-4400-in-february-2026"", ""icon"": ""https://polymarket-upload.s3.us-east-2.amazonaws.com/ETH+fullsize.jpg"", ""eventSlug"": ""what-price-will-ethereum-hit-in-february-2026"", ""outcome"": ""Yes"", ""outcomeIndex"": 0, ""name"": ""pradu0"", ""pseudonym"": ""Tall-Canoe"", ""bio"": """", ""profileImage"": """", ""profileImageOptimized"": """", ""transactionHash"": ""0x349075d16472ada769735c2d1d0f2bb7d3b260af18ce6fc533c7a89cf4dc40ef""}"
1770980937,2026-02-14T02:36:14.255184,0x166335c27f691beb2b0ac0b65579f7f8a301d73769778b6cda0fbbe057408f1b:1770980937,1303357,108999384188108521715304668689630764454260618208482429430624780380952570648070,BUY,0.003,64800.0,194.4,0x166335c27f691beb2b0ac0b65579f7f8a301d73769778b6cda0fbbe057408f1b,"{""proxyWallet"": ""0x2acbfc8b2aeca36cf1fea5a7d833e6b6768edeeb"", ""side"": ""BUY"", ""asset"": ""108999384188108521715304668689630764454260618208482429430624780380952570648070"", ""conditionId"": ""0x73acf1ef075d83bedb89e5c32e9083477adbde563cd0d76b78b56defdf2d6438"", ""size"": 64800, ""price"": 0.003, ""timestamp"": 1770980937, ""title"": ""Will Ethereum reach $4,400 in February?"", ""slug"": ""will-ethereum-reach-4400-in-february-2026"", ""icon"": ""https://polymarket-upload.s3.us-east-2.amazonaws.com/ETH+fullsize.jpg"", ""eventSlug"": ""what-price-will-ethereum-hit-in-february-2026"", ""outcome"": ""Yes"", ""outcomeIndex"": 0, ""name"": ""rama33"", ""pseudonym"": ""Lovable-Latter"", ""bio"": """", ""profileImage"": """", ""profileImageOptimized"": """", ""transactionHash"": ""0x166335c27f691beb2b0ac0b65579f7f8a301d73769778b6cda0fbbe057408f1b""}"
1770980837,2026-02-14T02:36:14.255196,0x8b70221a9252e38db3ea2bdf17bc7f201bdae9902b4b2d833fa5209e026ad73c:1770980837,1303357,108999384188108521715304668689630764454260618208482429430624780380952570648070,BUY,0.003000000003,333.333333,1.0,0x8b70221a9252e38db3ea2bdf17bc7f201bdae9902b4b2d833fa5209e026ad73c,"{""proxyWallet"": ""0x2e452c7050ee7136e5ab8d447ef82ad2359731d4"", ""side"": ""BUY"", ""asset"": ""108999384188108521715304668689630764454260618208482429430624780380952570648070"", ""conditionId"": ""0x73acf1ef075d83bedb89e5c32e9083477adbde563cd0d76b78b56defdf2d6438"", ""size"": 333.333333, ""price"": 0.003000000003, ""timestamp"": 1770980837, ""title"": ""Will Ethereum reach $4,400 in February?"", ""slug"": ""will-ethereum-reach-4400-in-february-2026"", ""icon"": ""https://polymarket-upload.s3.us-east-2.amazonaws.com/ETH+fullsize.jpg"", ""eventSlug"": ""what-price-will-ethereum-hit-in-february-2026"", ""outcome"": ""Yes"", ""outcomeIndex"": 0, ""name"": ""flynn03"", ""pseudonym"": ""Angry-Plugin"", ""bio"": """", ""profileImage"": """", ""profileImageOptimized"": """", ""transactionHash"": ""0x8b70221a9252e38db3ea2bdf17bc7f201bdae9902b4b2d833fa5209e026ad73c""}"
1770980759,2026-02-14T02:36:14.255209,0x34f1cf6b4a00aac2506b2a2e5c82b72f39adbf2c69d53accf485e3234e0a9fad:1770980759,1303357,108999384188108521715304668689630764454260618208482429430624780380952570648070,SELL,0.002,1.65,0.0033,0x34f1cf6b4a00aac2506b2a2e5c82b72f39adbf2c69d53accf485e3234e0a9fad,"{""proxyWallet"": ""0x2acbfc8b2aeca36cf1fea5a7d833e6b6768edeeb"", ""side"": ""SELL"", ""asset"": ""108999384188108521715304668689630764454260618208482429430624780380952570648070"", ""conditionId"": ""0x73acf1ef075d83bedb89e5c32e9083477adbde563cd0d76b78b56defdf2d6438"", ""size"": 1.65, ""price"": 0.002, ""timestamp"": 1770980759, ""title"": ""Will Ethereum reach $4,400 in February?"", ""slug"": ""will-ethereum-reach-4400-in-february-2026"", ""icon"": ""https://polymarket-upload.s3.us-east-2.amazonaws.com/ETH+fullsize.jpg"", ""eventSlug"": ""what-price-will-ethereum-hit-in-february-2026"", ""outcome"": ""Yes"", ""outcomeIndex"": 0, ""name"": ""rama33"", ""pseudonym"": ""Lovable-Latter"", ""bio"": """", ""profileImage"": """", ""profileImageOptimized"": """", ""transactionHash"": ""0x34f1cf6b4a00aac2506b2a2e5c82b72f39adbf2c69d53accf485e3234e0a9fad""}"
1770980695,2026-02-14T02:36:14.255221,0x59031bb88c9a67db90d4606aef8cb68b0c4d579986db096e201f342b6e020ab7:1770980695,1303357,108999384188108521715304668689630764454260618208482429430624780380952570648070,BUY,0.003,66048.0,198.144,0x59031bb88c9a67db90d4606aef8cb68b0c4d579986db096e201f342b6e020ab7,"{""proxyWallet"": ""0x109462338bc31e20b31a364c0b14e20f63edc850"", ""side"": ""BUY"", ""asset"": ""108999384188108521715304668689630764454260618208482429430624780380952570648070"", ""conditionId"": ""0x73acf1ef075d83bedb89e5c32e9083477adbde563cd0d76b78b56defdf2d6438"", ""size"": 66048, ""price"": 0.003, ""timestamp"": 1770980695, ""title"": ""Will Ethereum reach $4,400 in February?"", ""slug"": ""will-ethereum-reach-4400-in-february-2026"", ""icon"": ""https://polymarket-upload.s3.us-east-2.amazonaws.com/ETH+fullsize.jpg"", ""eventSlug"": ""what-price-will-ethereum-hit-in-february-2026"", ""outcome"": ""Yes"", ""outcomeIndex"": 0, ""name"": ""kalay99"", ""pseudonym"": ""Loathsome-Prizefight"", ""bio"": """", ""profileImage"": """", ""profileImageOptimized"": """", ""transactionHash"": ""0x59031bb88c9a67db90d4606aef8cb68b0c4d579986db096e201f342b6e020ab7""}"
1770980417,2026-02-14T02:36:14.255233,0x91c7d25cc6a6feb742bb6616bce13b03a42c660a69b7a4a8cc2a6994634d6f02:1770980417,1303357,108999384188108521715304668689630764454260618208482429430624780380952570648070,BUY,0.003,68000.0,204.0,0x91c7d25cc6a6feb742bb6616bce13b03a42c660a69b7a4a8cc2a6994634d6f02,"{""proxyWallet"": ""0xd7d212c41b3cc06f249f226cf25e52f4ea662889"", ""side"": ""BUY"", ""asset"": ""108999384188108521715304668689630764454260618208482429430624780380952570648070"", ""conditionId"": ""0x73acf1ef075d83bedb89e5c32e9083477adbde563cd0d76b78b56defdf2d6438"", ""size"": 68000, ""price"": 0.003, ""timestamp"": 1770980417, ""title"": ""Will Ethereum reach $4,400 in February?"", ""slug"": ""will-ethereum-reach-4400-in-february-2026"", ""icon"": ""https://polymarket-upload.s3.us-east-2.amazonaws.com/ETH+fullsize.jpg"", ""eventSlug"": ""what-price-will-ethereum-hit-in-february-2026"", ""outcome"": ""Yes"", ""outcomeIndex"": 0, ""name"": ""batchla"", ""pseudonym"": ""Each-Auto"", ""bio"": """", ""profileImage"": """", ""profileImageOptimized"": """", ""transactionHash"": ""0x91c7d25cc6a6feb742bb6616bce13b03a42c660a69b7a4a8cc2a6994634d6f02""}"
1770980259,2026-02-14T02:36:14.255245,0x04cce6d75bf884477abc27fa74d80fc2b14a8666d0bdb073e13b6f2b3e662bd7:1770980259,1303357,108999384188108521715304668689630764454260618208482429430624780380952570648070,BUY,0.003,67240.0,201.72,0x04cce6d75bf884477abc27fa74d80fc2b14a8666d0bdb073e13b6f2b3e662bd7,"{""proxyWallet"": ""0x99e5633084f530ae8b5293c333264a32bb7ae44f"", ""side"": ""BUY"", ""asset"": ""108999384188108521715304668689630764454260618208482429430624780380952570648070"", ""conditionId"": ""0x73acf1ef075d83bedb89e5c32e9083477adbde563cd0d76b78b56defdf2d6438"", ""size"": 67240, ""price"": 0.003, ""timestamp"": 1770980259, ""title"": ""Will Ethereum reach $4,400 in February?"", ""slug"": ""will-ethereum-reach-4400-in-february-2026"", ""icon"": ""https://polymarket-upload.s3.us-east-2.amazonaws.com/ETH+fullsize.jpg"", ""eventSlug"": ""what-price-will-ethereum-hit-in-february-2026"", ""outcome"": ""Yes"", ""outcomeIndex"": 0, ""name"": ""maria540"", ""pseudonym"": ""Clueless-Boolean"", ""bio"": """", ""profileImage"": """", ""profileImageOptimized"": """", ""transactionHash"": ""0x04cce6d75bf884477abc27fa74d80fc2b14a8666d0bdb073e13b6f2b3e662bd7""}"
1770979909,2026-02-14T02:36:14.255256,0xe93f2354cfef1d1a3f108e3ebf49d3dc04c0f398c89288b33bba3c7d2eab860b:1770979909,1303357,108999384188108521715304668689630764454260618208482429430624780380952570648070,BUY,0.003,68502.38,205.50714000000002,0xe93f2354cfef1d1a3f108e3ebf49d3dc04c0f398c89288b33bba3c7d2eab860b,"{""proxyWallet"": ""0x8faac16f5470ea2394655ef6ab0dc26f4af7d30d"", ""side"": ""BUY"", ""asset"": ""108999384188108521715304668689630764454260618208482429430624780380952570648070"", ""conditionId"": ""0x73acf1ef075d83bedb89e5c32e9083477adbde563cd0d76b78b56defdf2d6438"", ""size"": 68502.38, ""price"": 0.003, ""timestamp"": 1770979909, ""title"": ""Will Ethereum reach $4,400 in February?"", ""slug"": ""will-ethereum-reach-4400-in-february-2026"", ""icon"": ""https://polymarket-upload.s3.us-east-2.amazonaws.com/ETH+fullsize.jpg"", ""eventSlug"": ""what-price-will-ethereum-hit-in-february-2026"", ""outcome"": ""Yes"", ""outcomeIndex"": 0, ""name"": ""0xjulie"", ""pseudonym"": ""Villainous-Expansion"", ""bio"": """", ""profileImage"": """", ""profileImageOptimized"": """", ""transactionHash"": ""0xe93f2354cfef1d1a3f108e3ebf49d3dc04c0f398c89288b33bba3c7d2eab860b""}"
1770979653,2026-02-14T02:36:14.255269,0x9b2abcd20d58764da4f2ba42ea00ea7f5ff700d7e69e778af4f3d4fdc23d839d:1770979653,1303357,108999384188108521715304668689630764454260618208482429430624780380952570648070,BUY,0.003,66400.0,199.20000000000002,0x9b2abcd20d58764da4f2ba42ea00ea7f5ff700d7e69e778af4f3d4fdc23d839d,"{""proxyWallet"": ""0x076e8ba28741ed94b01ffc8b6b8b0b7fdfe7365b"", ""side"": ""BUY"", ""asset"": ""108999384188108521715304668689630764454260618208482429430624780380952570648070"", ""conditionId"": ""0x73acf1ef075d83bedb89e5c32e9083477adbde563cd0d76b78b56defdf2d6438"", ""size"": 66400, ""price"": 0.003, ""timestamp"": 1770979653, ""title"": ""Will Ethereum reach $4,400 in February?"", ""slug"": ""will-ethereum-reach-4400-in-february-2026"", ""icon"": ""https://polymarket-upload.s3.us-east-2.amazonaws.com/ETH+fullsize.jpg"", ""eventSlug"": ""what-price-will-ethereum-hit-in-february-2026"", ""outcome"": ""Yes"", ""outcomeIndex"": 0, ""name"": ""0x076E8BA28741Ed94b01fFC8b6b8b0B7FdFE7365B-1770549060862"", ""pseudonym"": ""Darling-Foal"", ""bio"": """", ""profileImage"": """", ""profileImageOptimized"": """", ""transactionHash"": ""0x9b2abcd20d58764da4f2ba42ea00ea7f5ff700d7e69e778af4f3d4fdc23d839d""}"
1770979477,2026-02-14T02:36:14.255281,0xc8d34f1bb03b64605336caef91f84b798206a87681f6b09f307fc66298b3cf0d:1770979477,1303357,108999384188108521715304668689630764454260618208482429430624780380952570648070,BUY,0.003,67944.88,203.83464,0xc8d34f1bb03b64605336caef91f84b798206a87681f6b09f307fc66298b3cf0d,"{""proxyWallet"": ""0xb97246dbbb2f15a63443c94edf2bdf6583610caa"", ""side"": ""BUY"", ""asset"": ""108999384188108521715304668689630764454260618208482429430624780380952570648070"", ""conditionId"": ""0x73acf1ef075d83bedb89e5c32e9083477adbde563cd0d76b78b56defdf2d6438"", ""size"": 67944.88, ""price"": 0.003, ""timestamp"": 1770979477, ""title"": ""Will Ethereum reach $4,400 in February?"", ""slug"": ""will-ethereum-reach-4400-in-february-2026"", ""icon"": ""https://polymarket-upload.s3.us-east-2.amazonaws.com/ETH+fullsize.jpg"", ""eventSlug"": ""what-price-will-ethereum-hit-in-february-2026"", ""outcome"": ""Yes"", ""outcomeIndex"": 0, ""name"": ""chipcc"", ""pseudonym"": ""Safe-Importance"", ""bio"": """", ""profileImage"": """", ""profileImageOptimized"": """", ""transactionHash"": ""0xc8d34f1bb03b64605336caef91f84b798206a87681f6b09f307fc66298b3cf0d""}"
1770979273,2026-02-14T02:36:14.255292,0xb50dc113622ed12a8b05ce60c9a969baedd29a8639fbaaa2826a12f5dba0c131:1770979273,1303357,108999384188108521715304668689630764454260618208482429430624780380952570648070,BUY,0.003,65866.0,197.598,0xb50dc113622ed12a8b05ce60c9a969baedd29a8639fbaaa2826a12f5dba0c131,"{""proxyWallet"": ""0xd4083c99064db357c28d22f0b361df1116cfb293"", ""side"": ""BUY"", ""asset"": ""108999384188108521715304668689630764454260618208482429430624780380952570648070"", ""conditionId"": ""0x73acf1ef075d83bedb89e5c32e9083477adbde563cd0d76b78b56defdf2d6438"", ""size"": 65866, ""price"": 0.003, ""timestamp"": 1770979273, ""title"": ""Will Ethereum reach $4,400 in February?"", ""slug"": ""will-ethereum-reach-4400-in-february-2026"", ""icon"": ""https://polymarket-upload.s3.us-east-2.amazonaws.com/ETH+fullsize.jpg"", ""eventSlug"": ""what-price-will-ethereum-hit-in-february-2026"", ""outcome"": ""Yes"", ""outcomeIndex"": 0, ""name"": ""tonyyt"", ""pseudonym"": ""Damaged-Creator"", ""bio"": """", ""profileImage"": """", ""profileImageOptimized"": """", ""transactionHash"": ""0xb50dc113622ed12a8b05ce60c9a969baedd29a8639fbaaa2826a12f5dba0c131""}"
1770979195,2026-02-14T02:36:14.255304,0x6b9cf14bee89df8107ce2640d350b5eaa5f9549b518a978f90f888cbce0b081c:1770979195,1303357,108999384188108521715304668689630764454260618208482429430624780380952570648070,SELL,0.002,0.53,0.0010600000000000002,0x6b9cf14bee89df8107ce2640d350b5eaa5f9549b518a978f90f888cbce0b081c,"{""proxyWallet"": ""0xd4083c99064db357c28d22f0b361df1116cfb293"", ""side"": ""SELL"", ""asset"": ""108999384188108521715304668689630764454260618208482429430624780380952570648070"", ""conditionId"": ""0x73acf1ef075d83bedb89e5c32e9083477adbde563cd0d76b78b56defdf2d6438"", ""size"": 0.53, ""price"": 0.002, ""timestamp"": 1770979195, ""title"": ""Will Ethereum reach $4,400 in February?"", ""slug"": ""will-ethereum-reach-4400-in-february-2026"", ""icon"": ""https://polymarket-upload.s3.us-east-2.amazonaws.com/ETH+fullsize.jpg"", ""eventSlug"": ""what-price-will-ethereum-hit-in-february-2026"", ""outcome"": ""Yes"", ""outcomeIndex"": 0, ""name"": ""tonyyt"", ""pseudonym"": ""Damaged-Creator"", ""bio"": """", ""profileImage"": """", ""profileImageOptimized"": """", ""transactionHash"": ""0x6b9cf14bee89df8107ce2640d350b5eaa5f9549b518a978f90f888cbce0b081c""}"
1770979119,2026-02-14T02:36:14.255316,0xea8c69f4707f2bc701b9b7ab253bbba2353c924d2079538d780f177dbe8495c0:1770979119,1303357,108999384188108521715304668689630764454260618208482429430624780380952570648070,BUY,0.003,67944.88,203.83464,0xea8c69f4707f2bc701b9b7ab253bbba2353c924d2079538d780f177dbe8495c0,"{""proxyWallet"": ""0x2e6b1b0145094c8312b1149b24d57cb7bab313f2"", ""side"": ""BUY"", ""asset"": ""108999384188108521715304668689630764454260618208482429430624780380952570648070"", ""conditionId"": ""0x73acf1ef075d83bedb89e5c32e9083477adbde563cd0d76b78b56defdf2d6438"", ""size"": 67944.88, ""price"": 0.003, ""timestamp"": 1770979119, ""title"": ""Will Ethereum reach $4,400 in February?"", ""slug"": ""will-ethereum-reach-4400-in-february-2026"", ""icon"": ""https://polymarket-upload.s3.us-east-2.amazonaws.com/ETH+fullsize.jpg"", ""eventSlug"": ""what-price-will-ethereum-hit-in-february-2026"", ""outcome"": ""Yes"", ""outcomeIndex"": 0, ""name"": ""jojo0011"", ""pseudonym"": ""Trusty-Futon"", ""bio"": """", ""profileImage"": """", ""profileImageOptimized"": """", ""transactionHash"": ""0xea8c69f4707f2bc701b9b7ab253bbba2353c924d2079538d780f177dbe8495c0""}"
1770978939,2026-02-14T02:36:14.255328,0x4fafc7bd016dfa322330497991297afc758c19c2c4290c64497607ab993d9fde:1770978939,1303357,108999384188108521715304668689630764454260618208482429430624780380952570648070,BUY,0.003,65000.0,195.0,0x4fafc7bd016dfa322330497991297afc758c19c2c4290c64497607ab993d9fde,"{""proxyWallet"": ""0x7a0a57716c1a70bbcb9c3f0bd76509e68696e7b7"", ""side"": ""BUY"", ""asset"": ""108999384188108521715304668689630764454260618208482429430624780380952570648070"", ""conditionId"": ""0x73acf1ef075d83bedb89e5c32e9083477adbde563cd0d76b78b56defdf2d6438"", ""size"": 65000, ""price"": 0.003, ""timestamp"": 1770978939, ""title"": ""Will Ethereum reach $4,400 in February?"", ""slug"": ""will-ethereum-reach-4400-in-february-2026"", ""icon"": ""https://polymarket-upload.s3.us-east-2.amazonaws.com/ETH+fullsize.jpg"", ""eventSlug"": ""what-price-will-ethereum-hit-in-february-2026"", ""outcome"": ""Yes"", ""outcomeIndex"": 0, ""name"": ""firdos0"", ""pseudonym"": ""Coordinated-Knife"", ""bio"": """", ""profileImage"": """", ""profileImageOptimized"": """", ""transactionHash"": ""0x4fafc7bd016dfa322330497991297afc758c19c2c4290c64497607ab993d9fde""}"
1770978795,2026-02-14T02:36:14.255340,0xca098b1f5ca7a5adf99298c916bbff73bb5657fc9d69ac8d6e464d2c6ab7c18c:1770978795,1303357,108999384188108521715304668689630764454260618208482429430624780380952570648070,BUY,0.003,67000.0,201.0,0xca098b1f5ca7a5adf99298c916bbff73bb5657fc9d69ac8d6e464d2c6ab7c18c,"{""proxyWallet"": ""0x3667acf66dcb589e5724dc6df3b03f80bd147174"", ""side"": ""BUY"", ""asset"": ""108999384188108521715304668689630764454260618208482429430624780380952570648070"", ""conditionId"": ""0x73acf1ef075d83bedb89e5c32e9083477adbde563cd0d76b78b56defdf2d6438"", ""size"": 67000, ""price"": 0.003, ""timestamp"": 1770978795, ""title"": ""Will Ethereum reach $4,400 in February?"", ""slug"": ""will-ethereum-reach-4400-in-february-2026"", ""icon"": ""https://polymarket-upload.s3.us-east-2.amazonaws.com/ETH+fullsize.jpg"", ""eventSlug"": ""what-price-will-ethereum-hit-in-february-2026"", ""outcome"": ""Yes"", ""outcomeIndex"": 0, ""name"": ""babai52"", ""pseudonym"": ""Spiteful-Block"", ""bio"": """", ""profileImage"": """", ""profileImageOptimized"": """", ""transactionHash"": ""0xca098b1f5ca7a5adf99298c916bbff73bb5657fc9d69ac8d6e464d2c6ab7c18c""}"
1770978649,2026-02-14T02:36:14.255351,0xa978d0bb6d2fb9e92e49f3d7a9795ba1bfb8f3f017e736d8dd9c166f8fb8ad86:1770978649,1303357,108999384188108521715304668689630764454260618208482429430624780380952570648070,BUY,0.003,67934.86,203.80458000000002,0xa978d0bb6d2fb9e92e49f3d7a9795ba1bfb8f3f017e736d8dd9c166f8fb8ad86,"{""proxyWallet"": ""0x6599c7e48c28bdd5e5815ffd88f32fe69ff32c99"", ""side"": ""BUY"", ""asset"": ""108999384188108521715304668689630764454260618208482429430624780380952570648070"", ""conditionId"": ""0x73acf1ef075d83bedb89e5c32e9083477adbde563cd0d76b78b56defdf2d6438"", ""size"": 67934.86, ""price"": 0.003, ""timestamp"": 1770978649, ""title"": ""Will Ethereum reach $4,400 in February?"", ""slug"": ""will-ethereum-reach-4400-in-february-2026"", ""icon"": ""https://polymarket-upload.s3.us-east-2.amazonaws.com/ETH+fullsize.jpg"", ""eventSlug"": ""what-price-will-ethereum-hit-in-february-2026"", ""outcome"": ""Yes"", ""outcomeIndex"": 0, ""name"": ""gaga69"", ""pseudonym"": ""Notable-Cellar"", ""bio"": """", ""profileImage"": """", ""profileImageOptimized"": """", ""transactionHash"": ""0xa978d0bb6d2fb9e92e49f3d7a9795ba1bfb8f3f017e736d8dd9c166f8fb8ad86""}"
1770978499,2026-02-14T02:36:14.255363,0xa388c507b8b3e9ab85c69b8cd72c4fea56ef3d45e07ffaa3386730a876fb492c:1770978499,1303357,108999384188108521715304668689630764454260618208482429430624780380952570648070,BUY,0.003,66000.0,198.0,0xa388c507b8b3e9ab85c69b8cd72c4fea56ef3d45e07ffaa3386730a876fb492c,"{""proxyWallet"": ""0xfad3e132df30794a8854f0c1c1fb6118e4878727"", ""side"": ""BUY"", ""asset"": ""108999384188108521715304668689630764454260618208482429430624780380952570648070"", ""conditionId"": ""0x73acf1ef075d83bedb89e5c32e9083477adbde563cd0d76b78b56defdf2d6438"", ""size"": 66000, ""price"": 0.003, ""timestamp"": 1770978499, ""title"": ""Will Ethereum reach $4,400 in February?"", ""slug"": ""will-ethereum-reach-4400-in-february-2026"", ""icon"": ""https://polymarket-upload.s3.us-east-2.amazonaws.com/ETH+fullsize.jpg"", ""eventSlug"": ""what-price-will-ethereum-hit-in-february-2026"", ""outcome"": ""Yes"", ""outcomeIndex"": 0, ""name"": ""julie012"", ""pseudonym"": ""Revolving-Piece"", ""bio"": """", ""profileImage"": """", ""profileImageOptimized"": """", ""transactionHash"": ""0xa388c507b8b3e9ab85c69b8cd72c4fea56ef3d45e07ffaa3386730a876fb492c""}"
1770978311,2026-02-14T02:36:14.255375,0x8e087e0613123b3b0eb1af9e3bbdec0fea9ae08dc2790f0e630c042a77c56841:1770978311,1303357,108999384188108521715304668689630764454260618208482429430624780380952570648070,BUY,0.003,66421.0,199.263,0x8e087e0613123b3b0eb1af9e3bbdec0fea9ae08dc2790f0e630c042a77c56841,"{""proxyWallet"": ""0x21a797ae9792a555b5c54f46ac0eebdf7891748b"", ""side"": ""BUY"", ""asset"": ""108999384188108521715304668689630764454260618208482429430624780380952570648070"", ""conditionId"": ""0x73acf1ef075d83bedb89e5c32e9083477adbde563cd0d76b78b56defdf2d6438"", ""size"": 66421, ""price"": 0.003, ""timestamp"": 1770978311, ""title"": ""Will Ethereum reach $4,400 in February?"", ""slug"": ""will-ethereum-reach-4400-in-february-2026"", ""icon"": ""https://polymarket-upload.s3.us-east-2.amazonaws.com/ETH+fullsize.jpg"", ""eventSlug"": ""what-price-will-ethereum-hit-in-february-2026"", ""outcome"": ""Yes"", ""outcomeIndex"": 0, ""name"": ""charm12"", ""pseudonym"": ""Scholarly-Obstacle"", ""bio"": """", ""profileImage"": """", ""profileImageOptimized"": """", ""transactionHash"": ""0x8e087e0613123b3b0eb1af9e3bbdec0fea9ae08dc2790f0e630c042a77c56841""}"
1770978165,2026-02-14T02:36:14.255387,0x89ee40e25e05fcb0cb227c472dbf382b4585154b330ed3ebab06dd1483b64bb3:1770978165,1303357,108999384188108521715304668689630764454260618208482429430624780380952570648070,BUY,0.003,67934.86,203.80458000000002,0x89ee40e25e05fcb0cb227c472dbf382b4585154b330ed3ebab06dd1483b64bb3,"{""proxyWallet"": ""0x92f7268b62ff2f271fa9782e51b1a8db9847b6f7"", ""side"": ""BUY"", ""asset"": ""108999384188108521715304668689630764454260618208482429430624780380952570648070"", ""conditionId"": ""0x73acf1ef075d83bedb89e5c32e9083477adbde563cd0d76b78b56defdf2d6438"", ""size"": 67934.86, ""price"": 0.003, ""timestamp"": 1770978165, ""title"": ""Will Ethereum reach $4,400 in February?"", ""slug"": ""will-ethereum-reach-4400-in-february-2026"", ""icon"": ""https://polymarket-upload.s3.us-east-2.amazonaws.com/ETH+fullsize.jpg"", ""eventSlug"": ""what-price-will-ethereum-hit-in-february-2026"", ""outcome"": ""Yes"", ""outcomeIndex"": 0, ""name"": ""varui"", ""pseudonym"": ""Natural-Administration"", ""bio"": """", ""profileImage"": """", ""profileImageOptimized"": """", ""transactionHash"": ""0x89ee40e25e05fcb0cb227c472dbf382b4585154b330ed3ebab06dd1483b64bb3""}"
1770978017,2026-02-14T02:36:14.255398,0x5808fccc580dd2d495ce1ece855615d28f54040c5ee16d6eb07db7e382516f83:1770978017,1303357,108999384188108521715304668689630764454260618208482429430624780380952570648070,BUY,0.003,62488.0,187.464,0x5808fccc580dd2d495ce1ece855615d28f54040c5ee16d6eb07db7e382516f83,"{""proxyWallet"": ""0xfafd1e81255b47cc2900968dd4eb8c317bd4470b"", ""side"": ""BUY"", ""asset"": ""108999384188108521715304668689630764454260618208482429430624780380952570648070"", ""conditionId"": ""0x73acf1ef075d83bedb89e5c32e9083477adbde563cd0d76b78b56defdf2d6438"", ""size"": 62488, ""price"": 0.003, ""timestamp"": 1770978017, ""title"": ""Will Ethereum reach $4,400 in February?"", ""slug"": ""will-ethereum-reach-4400-in-february-2026"", ""icon"": ""https://polymarket-upload.s3.us-east-2.amazonaws.com/ETH+fullsize.jpg"", ""eventSlug"": ""what-price-will-ethereum-hit-in-february-2026"", ""outcome"": ""Yes"", ""outcomeIndex"": 0, ""name"": ""bapre"", ""pseudonym"": ""Essential-Roast"", ""bio"": """", ""profileImage"": """", ""profileImageOptimized"": """", ""transactionHash"": ""0x5808fccc580dd2d495ce1ece855615d28f54040c5ee16d6eb07db7e382516f83""}"
1770977855,2026-02-14T02:36:14.255410,0x497d0319b1463111f6090d99d465c2c490a55c353243425b8b5e081becc269e2:1770977855,1303357,108999384188108521715304668689630764454260618208482429430624780380952570648070,BUY,0.003,66500.0,199.5,0x497d0319b1463111f6090d99d465c2c490a55c353243425b8b5e081becc269e2,"{""proxyWallet"": ""0x881af9581117a96d08aacbc8fed44881755a7183"", ""side"": ""BUY"", ""asset"": ""108999384188108521715304668689630764454260618208482429430624780380952570648070"", ""conditionId"": ""0x73acf1ef075d83bedb89e5c32e9083477adbde563cd0d76b78b56defdf2d6438"", ""size"": 66500, ""price"": 0.003, ""timestamp"": 1770977855, ""title"": ""Will Ethereum reach $4,400 in February?"", ""slug"": ""will-ethereum-reach-4400-in-february-2026"", ""icon"": ""https://polymarket-upload.s3.us-east-2.amazonaws.com/ETH+fullsize.jpg"", ""eventSlug"": ""what-price-will-ethereum-hit-in-february-2026"", ""outcome"": ""Yes"", ""outcomeIndex"": 0, ""name"": ""karukk"", ""pseudonym"": ""Black-Buckle"", ""bio"": """", ""profileImage"": """", ""profileImageOptimized"": """", ""transactionHash"": ""0x497d0319b1463111f6090d99d465c2c490a55c353243425b8b5e081becc269e2""}"
1770977659,2026-02-14T02:36:14.255421,0xf16092cf91ed56c447a4d041c1ee04a2546ba6f8c6610ecd36aa01ec57de00c7:1770977659,1303357,108999384188108521715304668689630764454260618208482429430624780380952570648070,BUY,0.003,66500.0,199.5,0xf16092cf91ed56c447a4d041c1ee04a2546ba6f8c6610ecd36aa01ec57de00c7,"{""proxyWallet"": ""0x337d5d3a7a13c8473bd8bbf2187e4ed4234baecb"", ""side"": ""BUY"", ""asset"": ""108999384188108521715304668689630764454260618208482429430624780380952570648070"", ""conditionId"": ""0x73acf1ef075d83bedb89e5c32e9083477adbde563cd0d76b78b56defdf2d6438"", ""size"": 66500, ""price"": 0.003, ""timestamp"": 1770977659, ""title"": ""Will Ethereum reach $4,400 in February?"", ""slug"": ""will-ethereum-reach-4400-in-february-2026"", ""icon"": ""https://polymarket-upload.s3.us-east-2.amazonaws.com/ETH+fullsize.jpg"", ""eventSlug"": ""what-price-will-ethereum-hit-in-february-2026"", ""outcome"": ""Yes"", ""outcomeIndex"": 0, ""name"": ""kayui69"", ""pseudonym"": ""Original-Meme"", ""bio"": """", ""profileImage"": """", ""profileImageOptimized"": """", ""transactionHash"": ""0xf16092cf91ed56c447a4d041c1ee04a2546ba6f8c6610ecd36aa01ec57de00c7""}"
1770977461,2026-02-14T02:36:14.255432,0x3accd56e61ffcbc7c47a57723f80d374e8fcb10ebb9c37596c88c54550768f22:1770977461,1303357,108999384188108521715304668689630764454260618208482429430624780380952570648070,BUY,0.003,67000.0,201.0,0x3accd56e61ffcbc7c47a57723f80d374e8fcb10ebb9c37596c88c54550768f22,"{""proxyWallet"": ""0x3c34771b185e33466b62fb6c5516117610b44b67"", ""side"": ""BUY"", ""asset"": ""108999384188108521715304668689630764454260618208482429430624780380952570648070"", ""conditionId"": ""0x73acf1ef075d83bedb89e5c32e9083477adbde563cd0d76b78b56defdf2d6438"", ""size"": 67000, ""price"": 0.003, ""timestamp"": 1770977461, ""title"": ""Will Ethereum reach $4,400 in February?"", ""slug"": ""will-ethereum-reach-4400-in-february-2026"", ""icon"": ""https://polymarket-upload.s3.us-east-2.amazonaws.com/ETH+fullsize.jpg"", ""eventSlug"": ""what-price-will-ethereum-hit-in-february-2026"", ""outcome"": ""Yes"", ""outcomeIndex"": 0, ""name"": ""kapik"", ""pseudonym"": ""Unique-Moai"", ""bio"": """", ""profileImage"": """", ""profileImageOptimized"": """", ""transactionHash"": ""0x3accd56e61ffcbc7c47a57723f80d374e8fcb10ebb9c37596c88c54550768f22""}"
1770977195,2026-02-14T02:36:14.255444,0xc393c34a2443c6f2f9acb440de0189d2401506432261c277d0a574d72a3f2338:1770977195,1303357,108999384188108521715304668689630764454260618208482429430624780380952570648070,BUY,0.003,66000.0,198.0,0xc393c34a2443c6f2f9acb440de0189d2401506432261c277d0a574d72a3f2338,"{""proxyWallet"": ""0x6b50248b72c6b32a3e42c45cdcf33b5b8ea62ab1"", ""side"": ""BUY"", ""asset"": ""108999384188108521715304668689630764454260618208482429430624780380952570648070"", ""conditionId"": ""0x73acf1ef075d83bedb89e5c32e9083477adbde563cd0d76b78b56defdf2d6438"", ""size"": 66000, ""price"": 0.003, ""timestamp"": 1770977195, ""title"": ""Will Ethereum reach $4,400 in February?"", ""slug"": ""will-ethereum-reach-4400-in-february-2026"", ""icon"": ""https://polymarket-upload.s3.us-east-2.amazonaws.com/ETH+fullsize.jpg"", ""eventSlug"": ""what-price-will-ethereum-hit-in-february-2026"", ""outcome"": ""Yes"", ""outcomeIndex"": 0, ""name"": ""vabui"", ""pseudonym"": ""Heavy-Farmer"", ""bio"": """", ""profileImage"": """", ""profileImageOptimized"": """", ""transactionHash"": ""0xc393c34a2443c6f2f9acb440de0189d2401506432261c277d0a574d72a3f2338""}"
1770977005,2026-02-14T02:36:14.255456,0x2eb590c366806a6ba87842badde10099dc9b24ec4cfe3910631c292c49c8080e:1770977005,1303357,108999384188108521715304668689630764454260618208482429430624780380952570648070,BUY,0.003,66000.0,198.0,0x2eb590c366806a6ba87842badde10099dc9b24ec4cfe3910631c292c49c8080e,"{""proxyWallet"": ""0x595f34927e98099fea05d355954a010e60095611"", ""side"": ""BUY"", ""asset"": ""108999384188108521715304668689630764454260618208482429430624780380952570648070"", ""conditionId"": ""0x73acf1ef075d83bedb89e5c32e9083477adbde563cd0d76b78b56defdf2d6438"", ""size"": 66000, ""price"": 0.003, ""timestamp"": 1770977005, ""title"": ""Will Ethereum reach $4,400 in February?"", ""slug"": ""will-ethereum-reach-4400-in-february-2026"", ""icon"": ""https://polymarket-upload.s3.us-east-2.amazonaws.com/ETH+fullsize.jpg"", ""eventSlug"": ""what-price-will-ethereum-hit-in-february-2026"", ""outcome"": ""Yes"", ""outcomeIndex"": 0, ""name"": ""chang44"", ""pseudonym"": ""Scholarly-Journalism"", ""bio"": """", ""profileImage"": """", ""profileImageOptimized"": """", ""transactionHash"": ""0x2eb590c366806a6ba87842badde10099dc9b24ec4cfe3910631c292c49c8080e""}"
1770976875,2026-02-14T02:36:14.255468,0x7a90d24bca8b54d1511adb54a55258955178de4ac9865af99b456ea8c1462992:1770976875,1303357,108999384188108521715304668689630764454260618208482429430624780380952570648070,SELL,0.003,500.0,1.5,0x7a90d24bca8b54d1511adb54a55258955178de4ac9865af99b456ea8c1462992,"{""proxyWallet"": ""0xb0fb90ee00e455668fd3a86c50877b9da7afa834"", ""side"": ""SELL"", ""asset"": ""108999384188108521715304668689630764454260618208482429430624780380952570648070"", ""conditionId"": ""0x73acf1ef075d83bedb89e5c32e9083477adbde563cd0d76b78b56defdf2d6438"", ""size"": 500, ""price"": 0.003, ""timestamp"": 1770976875, ""title"": ""Will Ethereum reach $4,400 in February?"", ""slug"": ""will-ethereum-reach-4400-in-february-2026"", ""icon"": ""https://polymarket-upload.s3.us-east-2.amazonaws.com/ETH+fullsize.jpg"", ""eventSlug"": ""what-price-will-ethereum-hit-in-february-2026"", ""outcome"": ""Yes"", ""outcomeIndex"": 0, ""name"": ""abhi00001"", ""pseudonym"": ""Massive-Cutlet"", ""bio"": """", ""profileImage"": """", ""profileImageOptimized"": """", ""transactionHash"": ""0x7a90d24bca8b54d1511adb54a55258955178de4ac9865af99b456ea8c1462992""}"
1770976797,2026-02-14T02:36:14.255479,0xd783bfa3f8cfdba14e30f423054c41d488a2c7196e911663a3087703269f166d:1770976797,1303357,108999384188108521715304668689630764454260618208482429430624780380952570648070,BUY,0.003,68434.86,205.30458000000002,0xd783bfa3f8cfdba14e30f423054c41d488a2c7196e911663a3087703269f166d,"{""proxyWallet"": ""0xb0fb90ee00e455668fd3a86c50877b9da7afa834"", ""side"": ""BUY"", ""asset"": ""108999384188108521715304668689630764454260618208482429430624780380952570648070"", ""conditionId"": ""0x73acf1ef075d83bedb89e5c32e9083477adbde563cd0d76b78b56defdf2d6438"", ""size"": 68434.86, ""price"": 0.003, ""timestamp"": 1770976797, ""title"": ""Will Ethereum reach $4,400 in February?"", ""slug"": ""will-ethereum-reach-4400-in-february-2026"", ""icon"": ""https://polymarket-upload.s3.us-east-2.amazonaws.com/ETH+fullsize.jpg"", ""eventSlug"": ""what-price-will-ethereum-hit-in-february-2026"", ""outcome"": ""Yes"", ""outcomeIndex"": 0, ""name"": ""abhi00001"", ""pseudonym"": ""Massive-Cutlet"", ""bio"": """", ""profileImage"": """", ""profileImageOptimized"": """", ""transactionHash"": ""0xd783bfa3f8cfdba14e30f423054c41d488a2c7196e911663a3087703269f166d""}"
1770976671,2026-02-14T02:36:14.255491,0x136f8c063ba8b996aa0e9aa034ea1de2e83056658a1a5262aac7636118ec76d4:1770976671,1303357,108999384188108521715304668689630764454260618208482429430624780380952570648070,BUY,0.003,57000.0,171.0,0x136f8c063ba8b996aa0e9aa034ea1de2e83056658a1a5262aac7636118ec76d4,"{""proxyWallet"": ""0xb1e02694be3ec0d517ccb984f80d04350372547d"", ""side"": ""BUY"", ""asset"": ""108999384188108521715304668689630764454260618208482429430624780380952570648070"", ""conditionId"": ""0x73acf1ef075d83bedb89e5c32e9083477adbde563cd0d76b78b56defdf2d6438"", ""size"": 57000, ""price"": 0.003, ""timestamp"": 1770976671, ""title"": ""Will Ethereum reach $4,400 in February?"", ""slug"": ""will-ethereum-reach-4400-in-february-2026"", ""icon"": ""https://polymarket-upload.s3.us-east-2.amazonaws.com/ETH+fullsize.jpg"", ""eventSlug"": ""what-price-will-ethereum-hit-in-february-2026"", ""outcome"": ""Yes"", ""outcomeIndex"": 0, ""name"": ""ssroy"", ""pseudonym"": ""Shallow-Supplier"", ""bio"": """", ""profileImage"": """", ""profileImageOptimized"": """", ""transactionHash"": ""0x136f8c063ba8b996aa0e9aa034ea1de2e83056658a1a5262aac7636118ec76d4""}"
1770976491,2026-02-14T02:36:14.255503,0x6281b2274cf33248a1843de03559e8b4ddab618fffeb3946fab6b62d569e785d:1770976491,1303357,108999384188108521715304668689630764454260618208482429430624780380952570648070,BUY,0.003,68334.56,205.00368,0x6281b2274cf33248a1843de03559e8b4ddab618fffeb3946fab6b62d569e785d,"{""proxyWallet"": ""0x364e9f116c58f8a8f6e6bd3c82a0d9836777433c"", ""side"": ""BUY"", ""asset"": ""108999384188108521715304668689630764454260618208482429430624780380952570648070"", ""conditionId"": ""0x73acf1ef075d83bedb89e5c32e9083477adbde563cd0d76b78b56defdf2d6438"", ""size"": 68334.56, ""price"": 0.003, ""timestamp"": 1770976491, ""title"": ""Will Ethereum reach $4,400 in February?"", ""slug"": ""will-ethereum-reach-4400-in-february-2026"", ""icon"": ""https://polymarket-upload.s3.us-east-2.amazonaws.com/ETH+fullsize.jpg"", ""eventSlug"": ""what-price-will-ethereum-hit-in-february-2026"", ""outcome"": ""Yes"", ""outcomeIndex"": 0, ""name"": ""roys4"", ""pseudonym"": ""Unusual-Plagiarism"", ""bio"": """", ""profileImage"": """", ""profileImageOptimized"": """", ""transactionHash"": ""0x6281b2274cf33248a1843de03559e8b4ddab618fffeb3946fab6b62d569e785d""}"
1770976437,2026-02-14T02:36:14.255515,0x9b540599b564a820f8a72d61d237ffe2a60f9b719d26dbe029d8c763709c26ad:1770976437,1303357,108999384188108521715304668689630764454260618208482429430624780380952570648070,SELL,0.002,3333.33,6.66666,0x9b540599b564a820f8a72d61d237ffe2a60f9b719d26dbe029d8c763709c26ad,"{""proxyWallet"": ""0x1385c8133700a0e58fc69f4a7ed74f02cc2a1cf9"", ""side"": ""SELL"", ""asset"": ""108999384188108521715304668689630764454260618208482429430624780380952570648070"", ""conditionId"": ""0x73acf1ef075d83bedb89e5c32e9083477adbde563cd0d76b78b56defdf2d6438"", ""size"": 3333.33, ""price"": 0.002, ""timestamp"": 1770976437, ""title"": ""Will Ethereum reach $4,400 in February?"", ""slug"": ""will-ethereum-reach-4400-in-february-2026"", ""icon"": ""https://polymarket-upload.s3.us-east-2.amazonaws.com/ETH+fullsize.jpg"", ""eventSlug"": ""what-price-will-ethereum-hit-in-february-2026"", ""outcome"": ""Yes"", ""outcomeIndex"": 0, ""name"": ""spongebob443"", ""pseudonym"": ""Lively-Granola"", ""bio"": """", ""profileImage"": ""https://polymarket-upload.s3.us-east-2.amazonaws.com/profile-image-4684761-41c2e9fb-87ce-41a1-b117-9e4c76443d87.jpg"", ""profileImageOptimized"": """", ""transactionHash"": ""0x9b540599b564a820f8a72d61d237ffe2a60f9b719d26dbe029d8c763709c26ad""}"
1770976329,2026-02-14T02:36:14.255529,0xacd1f0056d86622465c26b34f87867f175f32b827740ce4f6598713f66ed00a4:1770976329,1303357,108999384188108521715304668689630764454260618208482429430624780380952570648070,BUY,0.003,50000.0,150.0,0xacd1f0056d86622465c26b34f87867f175f32b827740ce4f6598713f66ed00a4,"{""proxyWallet"": ""0xc25af07ba9f48469bd0336a2c870f2fc2a14c62e"", ""side"": ""BUY"", ""asset"": ""108999384188108521715304668689630764454260618208482429430624780380952570648070"", ""conditionId"": ""0x73acf1ef075d83bedb89e5c32e9083477adbde563cd0d76b78b56defdf2d6438"", ""size"": 50000, ""price"": 0.003, ""timestamp"": 1770976329, ""title"": ""Will Ethereum reach $4,400 in February?"", ""slug"": ""will-ethereum-reach-4400-in-february-2026"", ""icon"": ""https://polymarket-upload.s3.us-east-2.amazonaws.com/ETH+fullsize.jpg"", ""eventSlug"": ""what-price-will-ethereum-hit-in-february-2026"", ""outcome"": ""Yes"", ""outcomeIndex"": 0, ""name"": ""mrroy2874"", ""pseudonym"": ""Cute-Motorcar"", ""bio"": """", ""profileImage"": """", ""profileImageOptimized"": """", ""transactionHash"": ""0xacd1f0056d86622465c26b34f87867f175f32b827740ce4f6598713f66ed00a4""}"
1770974971,2026-02-14T02:36:14.255541,0x4cbea50fe969b9e25ec6ecebc9f8d64d7ec887bca127626a1a0815111683bd66:1770974971,1303357,108999384188108521715304668689630764454260618208482429430624780380952570648070,BUY,0.003,68271.05,204.81315,0x4cbea50fe969b9e25ec6ecebc9f8d64d7ec887bca127626a1a0815111683bd66,"{""proxyWallet"": ""0x1b675910a53d86f196f83108b161e61ab824b194"", ""side"": ""BUY"", ""asset"": ""108999384188108521715304668689630764454260618208482429430624780380952570648070"", ""conditionId"": ""0x73acf1ef075d83bedb89e5c32e9083477adbde563cd0d76b78b56defdf2d6438"", ""size"": 68271.05, ""price"": 0.003, ""timestamp"": 1770974971, ""title"": ""Will Ethereum reach $4,400 in February?"", ""slug"": ""will-ethereum-reach-4400-in-february-2026"", ""icon"": ""https://polymarket-upload.s3.us-east-2.amazonaws.com/ETH+fullsize.jpg"", ""eventSlug"": ""what-price-will-ethereum-hit-in-february-2026"", ""outcome"": ""Yes"", ""outcomeIndex"": 0, ""name"": ""bura28"", ""pseudonym"": ""Private-Gran"", ""bio"": """", ""profileImage"": """", ""profileImageOptimized"": """", ""transactionHash"": ""0x4cbea50fe969b9e25ec6ecebc9f8d64d7ec887bca127626a1a0815111683bd66""}"
1770974031,2026-02-14T02:36:14.255552,0x19278bd99811468534b635c45e93cdff28804601e4b0321eed995b524782ed2e:1770974031,1303357,108999384188108521715304668689630764454260618208482429430624780380952570648070,SELL,0.002,57.72,0.11544,0x19278bd99811468534b635c45e93cdff28804601e4b0321eed995b524782ed2e,"{""proxyWallet"": ""0x5dd59885b1eaef74c12d5da09ae7041279e07f2c"", ""side"": ""SELL"", ""asset"": ""108999384188108521715304668689630764454260618208482429430624780380952570648070"", ""conditionId"": ""0x73acf1ef075d83bedb89e5c32e9083477adbde563cd0d76b78b56defdf2d6438"", ""size"": 57.72, ""price"": 0.002, ""timestamp"": 1770974031, ""title"": ""Will Ethereum reach $4,400 in February?"", ""slug"": ""will-ethereum-reach-4400-in-february-2026"", ""icon"": ""https://polymarket-upload.s3.us-east-2.amazonaws.com/ETH+fullsize.jpg"", ""eventSlug"": ""what-price-will-ethereum-hit-in-february-2026"", ""outcome"": ""Yes"", ""outcomeIndex"": 0, ""name"": "".SR."", ""pseudonym"": ""Knowing-Boss"", ""bio"": ""Grow Yourself"", ""profileImage"": ""https://polymarket-upload.s3.us-east-2.amazonaws.com/profile-image-3819256-228a40b6-a336-47c6-b111-842085486c84.jpg"", ""profileImageOptimized"": """", ""transactionHash"": ""0x19278bd99811468534b635c45e93cdff28804601e4b0321eed995b524782ed2e""}"
1770966881,2026-02-14T02:36:14.255567,0xf554a85b577dfe23d4afebf2ef5e344165080eb57673172147b0d4f8fd8876dc:1770966881,1303357,108999384188108521715304668689630764454260618208482429430624780380952570648070,BUY,0.0030000000003,3333.333333,10.0,0xf554a85b577dfe23d4afebf2ef5e344165080eb57673172147b0d4f8fd8876dc,"{""proxyWallet"": ""0x1385c8133700a0e58fc69f4a7ed74f02cc2a1cf9"", ""side"": ""BUY"", ""asset"": ""108999384188108521715304668689630764454260618208482429430624780380952570648070"", ""conditionId"": ""0x73acf1ef075d83bedb89e5c32e9083477adbde563cd0d76b78b56defdf2d6438"", ""size"": 3333.333333, ""price"": 0.0030000000003, ""timestamp"": 1770966881, ""title"": ""Will Ethereum reach $4,400 in February?"", ""slug"": ""will-ethereum-reach-4400-in-february-2026"", ""icon"": ""https://polymarket-upload.s3.us-east-2.amazonaws.com/ETH+fullsize.jpg"", ""eventSlug"": ""what-price-will-ethereum-hit-in-february-2026"", ""outcome"": ""Yes"", ""outcomeIndex"": 0, ""name"": ""spongebob443"", ""pseudonym"": ""Lively-Granola"", ""bio"": """", ""profileImage"": ""https://polymarket-upload.s3.us-east-2.amazonaws.com/profile-image-4684761-41c2e9fb-87ce-41a1-b117-9e4c76443d87.jpg"", ""profileImageOptimized"": """", ""transactionHash"": ""0xf554a85b577dfe23d4afebf2ef5e344165080eb57673172147b0d4f8fd8876dc""}"
1770964981,2026-02-14T02:36:14.255581,0x44fa47fd77b27c7cf79d32457be5236a48f7d62cfb47bf4ea4c772f22ef9978d:1770964981,1303357,108999384188108521715304668689630764454260618208482429430624780380952570648070,BUY,0.003,5.0,0.015,0x44fa47fd77b27c7cf79d32457be5236a48f7d62cfb47bf4ea4c772f22ef9978d,"{""proxyWallet"": ""0xb6be04ecf043f6b1bd84e7457069a424fe7db7e5"", ""side"": ""BUY"", ""asset"": ""108999384188108521715304668689630764454260618208482429430624780380952570648070"", ""conditionId"": ""0x73acf1ef075d83bedb89e5c32e9083477adbde563cd0d76b78b56defdf2d6438"", ""size"": 5, ""price"": 0.003, ""timestamp"": 1770964981, ""title"": ""Will Ethereum reach $4,400 in February?"", ""slug"": ""will-ethereum-reach-4400-in-february-2026"", ""icon"": ""https://polymarket-upload.s3.us-east-2.amazonaws.com/ETH+fullsize.jpg"", ""eventSlug"": ""what-price-will-ethereum-hit-in-february-2026"", ""outcome"": ""Yes"", ""outcomeIndex"": 0, ""name"": ""letstrythis89"", ""pseudonym"": ""Nonstop-First"", ""bio"": """", ""profileImage"": """", ""profileImageOptimized"": """", ""transactionHash"": ""0x44fa47fd77b27c7cf79d32457be5236a48f7d62cfb47bf4ea4c772f22ef9978d""}"
1770964981,2026-02-14T02:36:14.255593,0xd37947da8d6c04536921c317200eaeb568ba43297c2cac869930b85d0450e1fb:1770964981,1303357,108999384188108521715304668689630764454260618208482429430624780380952570648070,BUY,0.003,5.0,0.015,0xd37947da8d6c04536921c317200eaeb568ba43297c2cac869930b85d0450e1fb,"{""proxyWallet"": ""0xb6be04ecf043f6b1bd84e7457069a424fe7db7e5"", ""side"": ""BUY"", ""asset"": ""108999384188108521715304668689630764454260618208482429430624780380952570648070"", ""conditionId"": ""0x73acf1ef075d83bedb89e5c32e9083477adbde563cd0d76b78b56defdf2d6438"", ""size"": 5, ""price"": 0.003, ""timestamp"": 1770964981, ""title"": ""Will Ethereum reach $4,400 in February?"", ""slug"": ""will-ethereum-reach-4400-in-february-2026"", ""icon"": ""https://polymarket-upload.s3.us-east-2.amazonaws.com/ETH+fullsize.jpg"", ""eventSlug"": ""what-price-will-ethereum-hit-in-february-2026"", ""outcome"": ""Yes"", ""outcomeIndex"": 0, ""name"": ""letstrythis89"", ""pseudonym"": ""Nonstop-First"", ""bio"": """", ""profileImage"": """", ""profileImageOptimized"": """", ""transactionHash"": ""0xd37947da8d6c04536921c317200eaeb568ba43297c2cac869930b85d0450e1fb""}"
1770964979,2026-02-14T02:36:14.255604,0xb483b33bbf61047165ea7402cec812a1a6248cca274e1a215bfb3eb60579b426:1770964979,1303357,108999384188108521715304668689630764454260618208482429430624780380952570648070,BUY,0.003,5.0,0.015,0xb483b33bbf61047165ea7402cec812a1a6248cca274e1a215bfb3eb60579b426,"{""proxyWallet"": ""0xb6be04ecf043f6b1bd84e7457069a424fe7db7e5"", ""side"": ""BUY"", ""asset"": ""108999384188108521715304668689630764454260618208482429430624780380952570648070"", ""conditionId"": ""0x73acf1ef075d83bedb89e5c32e9083477adbde563cd0d76b78b56defdf2d6438"", ""size"": 5, ""price"": 0.003, ""timestamp"": 1770964979, ""title"": ""Will Ethereum reach $4,400 in February?"", ""slug"": ""will-ethereum-reach-4400-in-february-2026"", ""icon"": ""https://polymarket-upload.s3.us-east-2.amazonaws.com/ETH+fullsize.jpg"", ""eventSlug"": ""what-price-will-ethereum-hit-in-february-2026"", ""outcome"": ""Yes"", ""outcomeIndex"": 0, ""name"": ""letstrythis89"", ""pseudonym"": ""Nonstop-First"", ""bio"": """", ""profileImage"": """", ""profileImageOptimized"": """", ""transactionHash"": ""0xb483b33bbf61047165ea7402cec812a1a6248cca274e1a215bfb3eb60579b426""}"
1770964971,2026-02-14T02:36:14.255616,0xe158d9913736de4afc29ea8e74681323f78bdb4e56698113e8d28944da4fbb1c:1770964971,1303357,108999384188108521715304668689630764454260618208482429430624780380952570648070,BUY,0.003,5.0,0.015,0xe158d9913736de4afc29ea8e74681323f78bdb4e56698113e8d28944da4fbb1c,"{""proxyWallet"": ""0xb6be04ecf043f6b1bd84e7457069a424fe7db7e5"", ""side"": ""BUY"", ""asset"": ""108999384188108521715304668689630764454260618208482429430624780380952570648070"", ""conditionId"": ""0x73acf1ef075d83bedb89e5c32e9083477adbde563cd0d76b78b56defdf2d6438"", ""size"": 5, ""price"": 0.003, ""timestamp"": 1770964971, ""title"": ""Will Ethereum reach $4,400 in February?"", ""slug"": ""will-ethereum-reach-4400-in-february-2026"", ""icon"": ""https://polymarket-upload.s3.us-east-2.amazonaws.com/ETH+fullsize.jpg"", ""eventSlug"": ""what-price-will-ethereum-hit-in-february-2026"", ""outcome"": ""Yes"", ""outcomeIndex"": 0, ""name"": ""letstrythis89"", ""pseudonym"": ""Nonstop-First"", ""bio"": """", ""profileImage"": """", ""profileImageOptimized"": """", ""transactionHash"": ""0xe158d9913736de4afc29ea8e74681323f78bdb4e56698113e8d28944da4fbb1c""}"
1770964969,2026-02-14T02:36:14.255628,0x0f93eccdfd72408b7c7bba71292bee3b81741491d9e55b38d67851d3c2c004b3:1770964969,1303357,108999384188108521715304668689630764454260618208482429430624780380952570648070,BUY,0.003,5.0,0.015,0x0f93eccdfd72408b7c7bba71292bee3b81741491d9e55b38d67851d3c2c004b3,"{""proxyWallet"": ""0xb6be04ecf043f6b1bd84e7457069a424fe7db7e5"", ""side"": ""BUY"", ""asset"": ""108999384188108521715304668689630764454260618208482429430624780380952570648070"", ""conditionId"": ""0x73acf1ef075d83bedb89e5c32e9083477adbde563cd0d76b78b56defdf2d6438"", ""size"": 5, ""price"": 0.003, ""timestamp"": 1770964969, ""title"": ""Will Ethereum reach $4,400 in February?"", ""slug"": ""will-ethereum-reach-4400-in-february-2026"", ""icon"": ""https://polymarket-upload.s3.us-east-2.amazonaws.com/ETH+fullsize.jpg"", ""eventSlug"": ""what-price-will-ethereum-hit-in-february-2026"", ""outcome"": ""Yes"", ""outcomeIndex"": 0, ""name"": ""letstrythis89"", ""pseudonym"": ""Nonstop-First"", ""bio"": """", ""profileImage"": """", ""profileImageOptimized"": """", ""transactionHash"": ""0x0f93eccdfd72408b7c7bba71292bee3b81741491d9e55b38d67851d3c2c004b3""}"
1770964969,2026-02-14T02:36:14.255645,0x70975f09208a9ccbb6b5dfda601142960182f7687d78bfac35cc1e030e1a4895:1770964969,1303357,108999384188108521715304668689630764454260618208482429430624780380952570648070,BUY,0.003,5.0,0.015,0x70975f09208a9ccbb6b5dfda601142960182f7687d78bfac35cc1e030e1a4895,"{""proxyWallet"": ""0xb6be04ecf043f6b1bd84e7457069a424fe7db7e5"", ""side"": ""BUY"", ""asset"": ""108999384188108521715304668689630764454260618208482429430624780380952570648070"", ""conditionId"": ""0x73acf1ef075d83bedb89e5c32e9083477adbde563cd0d76b78b56defdf2d6438"", ""size"": 5, ""price"": 0.003, ""timestamp"": 1770964969, ""title"": ""Will Ethereum reach $4,400 in February?"", ""slug"": ""will-ethereum-reach-4400-in-february-2026"", ""icon"": ""https://polymarket-upload.s3.us-east-2.amazonaws.com/ETH+fullsize.jpg"", ""eventSlug"": ""what-price-will-ethereum-hit-in-february-2026"", ""outcome"": ""Yes"", ""outcomeIndex"": 0, ""name"": ""letstrythis89"", ""pseudonym"": ""Nonstop-First"", ""bio"": """", ""profileImage"": """", ""profileImageOptimized"": """", ""transactionHash"": ""0x70975f09208a9ccbb6b5dfda601142960182f7687d78bfac35cc1e030e1a4895""}"
1770964961,2026-02-14T02:36:14.255657,0xf6948c1506110dd3f418ab5d0b8b57f997d7992e285bad85384a7a852a445661:1770964961,1303357,108999384188108521715304668689630764454260618208482429430624780380952570648070,BUY,0.003,5.0,0.015,0xf6948c1506110dd3f418ab5d0b8b57f997d7992e285bad85384a7a852a445661,"{""proxyWallet"": ""0xb6be04ecf043f6b1bd84e7457069a424fe7db7e5"", ""side"": ""BUY"", ""asset"": ""108999384188108521715304668689630764454260618208482429430624780380952570648070"", ""conditionId"": ""0x73acf1ef075d83bedb89e5c32e9083477adbde563cd0d76b78b56defdf2d6438"", ""size"": 5, ""price"": 0.003, ""timestamp"": 1770964961, ""title"": ""Will Ethereum reach $4,400 in February?"", ""slug"": ""will-ethereum-reach-4400-in-february-2026"", ""icon"": ""https://polymarket-upload.s3.us-east-2.amazonaws.com/ETH+fullsize.jpg"", ""eventSlug"": ""what-price-will-ethereum-hit-in-february-2026"", ""outcome"": ""Yes"", ""outcomeIndex"": 0, ""name"": ""letstrythis89"", ""pseudonym"": ""Nonstop-First"", ""bio"": """", ""profileImage"": """", ""profileImageOptimized"": """", ""transactionHash"": ""0xf6948c1506110dd3f418ab5d0b8b57f997d7992e285bad85384a7a852a445661""}"
1770964961,2026-02-14T02:36:14.255669,0x4310d0df3795ab6e04d91be591212968e460c1f780d21bdab643b3be1be7c32f:1770964961,1303357,108999384188108521715304668689630764454260618208482429430624780380952570648070,BUY,0.003,5.0,0.015,0x4310d0df3795ab6e04d91be591212968e460c1f780d21bdab643b3be1be7c32f,"{""proxyWallet"": ""0xb6be04ecf043f6b1bd84e7457069a424fe7db7e5"", ""side"": ""BUY"", ""asset"": ""108999384188108521715304668689630764454260618208482429430624780380952570648070"", ""conditionId"": ""0x73acf1ef075d83bedb89e5c32e9083477adbde563cd0d76b78b56defdf2d6438"", ""size"": 5, ""price"": 0.003, ""timestamp"": 1770964961, ""title"": ""Will Ethereum reach $4,400 in February?"", ""slug"": ""will-ethereum-reach-4400-in-february-2026"", ""icon"": ""https://polymarket-upload.s3.us-east-2.amazonaws.com/ETH+fullsize.jpg"", ""eventSlug"": ""what-price-will-ethereum-hit-in-february-2026"", ""outcome"": ""Yes"", ""outcomeIndex"": 0, ""name"": ""letstrythis89"", ""pseudonym"": ""Nonstop-First"", ""bio"": """", ""profileImage"": """", ""profileImageOptimized"": """", ""transactionHash"": ""0x4310d0df3795ab6e04d91be591212968e460c1f780d21bdab643b3be1be7c32f""}"
1770964959,2026-02-14T02:36:14.255680,0x32e41db98e7874a8e46100fe4598e6ea648f9ff6da43804130093a1eff979e8f:1770964959,1303357,108999384188108521715304668689630764454260618208482429430624780380952570648070,BUY,0.003,5.0,0.015,0x32e41db98e7874a8e46100fe4598e6ea648f9ff6da43804130093a1eff979e8f,"{""proxyWallet"": ""0xb6be04ecf043f6b1bd84e7457069a424fe7db7e5"", ""side"": ""BUY"", ""asset"": ""108999384188108521715304668689630764454260618208482429430624780380952570648070"", ""conditionId"": ""0x73acf1ef075d83bedb89e5c32e9083477adbde563cd0d76b78b56defdf2d6438"", ""size"": 5, ""price"": 0.003, ""timestamp"": 1770964959, ""title"": ""Will Ethereum reach $4,400 in February?"", ""slug"": ""will-ethereum-reach-4400-in-february-2026"", ""icon"": ""https://polymarket-upload.s3.us-east-2.amazonaws.com/ETH+fullsize.jpg"", ""eventSlug"": ""what-price-will-ethereum-hit-in-february-2026"", ""outcome"": ""Yes"", ""outcomeIndex"": 0, ""name"": ""letstrythis89"", ""pseudonym"": ""Nonstop-First"", ""bio"": """", ""profileImage"": """", ""profileImageOptimized"": """", ""transactionHash"": ""0x32e41db98e7874a8e46100fe4598e6ea648f9ff6da43804130093a1eff979e8f""}"
1770964951,2026-02-14T02:36:14.255692,0x316b18beff5f1e6241963adb1b8a26ea88be1129f9b4683ad1a5b06238b94549:1770964951,1303357,108999384188108521715304668689630764454260618208482429430624780380952570648070,BUY,0.003,5.29,0.015870000000000002,0x316b18beff5f1e6241963adb1b8a26ea88be1129f9b4683ad1a5b06238b94549,"{""proxyWallet"": ""0xb6be04ecf043f6b1bd84e7457069a424fe7db7e5"", ""side"": ""BUY"", ""asset"": ""108999384188108521715304668689630764454260618208482429430624780380952570648070"", ""conditionId"": ""0x73acf1ef075d83bedb89e5c32e9083477adbde563cd0d76b78b56defdf2d6438"", ""size"": 5.29, ""price"": 0.003, ""timestamp"": 1770964951, ""title"": ""Will Ethereum reach $4,400 in February?"", ""slug"": ""will-ethereum-reach-4400-in-february-2026"", ""icon"": ""https://polymarket-upload.s3.us-east-2.amazonaws.com/ETH+fullsize.jpg"", ""eventSlug"": ""what-price-will-ethereum-hit-in-february-2026"", ""outcome"": ""Yes"", ""outcomeIndex"": 0, ""name"": ""letstrythis89"", ""pseudonym"": ""Nonstop-First"", ""bio"": """", ""profileImage"": """", ""profileImageOptimized"": """", ""transactionHash"": ""0x316b18beff5f1e6241963adb1b8a26ea88be1129f9b4683ad1a5b06238b94549""}"
1770964949,2026-02-14T02:36:14.255704,0x0d9afd13e5ebb69e053a0d3a25f0c3707206cf70d8f19159ae29fb6fa9002beb:1770964949,1303357,108999384188108521715304668689630764454260618208482429430624780380952570648070,BUY,0.003,5.29,0.015870000000000002,0x0d9afd13e5ebb69e053a0d3a25f0c3707206cf70d8f19159ae29fb6fa9002beb,"{""proxyWallet"": ""0xb6be04ecf043f6b1bd84e7457069a424fe7db7e5"", ""side"": ""BUY"", ""asset"": ""108999384188108521715304668689630764454260618208482429430624780380952570648070"", ""conditionId"": ""0x73acf1ef075d83bedb89e5c32e9083477adbde563cd0d76b78b56defdf2d6438"", ""size"": 5.29, ""price"": 0.003, ""timestamp"": 1770964949, ""title"": ""Will Ethereum reach $4,400 in February?"", ""slug"": ""will-ethereum-reach-4400-in-february-2026"", ""icon"": ""https://polymarket-upload.s3.us-east-2.amazonaws.com/ETH+fullsize.jpg"", ""eventSlug"": ""what-price-will-ethereum-hit-in-february-2026"", ""outcome"": ""Yes"", ""outcomeIndex"": 0, ""name"": ""letstrythis89"", ""pseudonym"": ""Nonstop-First"", ""bio"": """", ""profileImage"": """", ""profileImageOptimized"": """", ""transactionHash"": ""0x0d9afd13e5ebb69e053a0d3a25f0c3707206cf70d8f19159ae29fb6fa9002beb""}"
1770964949,2026-02-14T02:36:14.255720,0x2f8eaba042308552fa9f431c6adcff855e3d8ca84e2523645b24d85008fd5615:1770964949,1303357,108999384188108521715304668689630764454260618208482429430624780380952570648070,BUY,0.003,5.29,0.015870000000000002,0x2f8eaba042308552fa9f431c6adcff855e3d8ca84e2523645b24d85008fd5615,"{""proxyWallet"": ""0xb6be04ecf043f6b1bd84e7457069a424fe7db7e5"", ""side"": ""BUY"", ""asset"": ""108999384188108521715304668689630764454260618208482429430624780380952570648070"", ""conditionId"": ""0x73acf1ef075d83bedb89e5c32e9083477adbde563cd0d76b78b56defdf2d6438"", ""size"": 5.29, ""price"": 0.003, ""timestamp"": 1770964949, ""title"": ""Will Ethereum reach $4,400 in February?"", ""slug"": ""will-ethereum-reach-4400-in-february-2026"", ""icon"": ""https://polymarket-upload.s3.us-east-2.amazonaws.com/ETH+fullsize.jpg"", ""eventSlug"": ""what-price-will-ethereum-hit-in-february-2026"", ""outcome"": ""Yes"", ""outcomeIndex"": 0, ""name"": ""letstrythis89"", ""pseudonym"": ""Nonstop-First"", ""bio"": """", ""profileImage"": """", ""profileImageOptimized"": """", ""transactionHash"": ""0x2f8eaba042308552fa9f431c6adcff855e3d8ca84e2523645b24d85008fd5615""}"
1770964941,2026-02-14T02:36:14.255737,0x89033f3be72ae0ccb91e3f0249b2904b9118232eee37ff22a0e60ce33b9d54b6:1770964941,1303357,108999384188108521715304668689630764454260618208482429430624780380952570648070,BUY,0.003,7.56,0.02268,0x89033f3be72ae0ccb91e3f0249b2904b9118232eee37ff22a0e60ce33b9d54b6,"{""proxyWallet"": ""0xb6be04ecf043f6b1bd84e7457069a424fe7db7e5"", ""side"": ""BUY"", ""asset"": ""108999384188108521715304668689630764454260618208482429430624780380952570648070"", ""conditionId"": ""0x73acf1ef075d83bedb89e5c32e9083477adbde563cd0d76b78b56defdf2d6438"", ""size"": 7.56, ""price"": 0.003, ""timestamp"": 1770964941, ""title"": ""Will Ethereum reach $4,400 in February?"", ""slug"": ""will-ethereum-reach-4400-in-february-2026"", ""icon"": ""https://polymarket-upload.s3.us-east-2.amazonaws.com/ETH+fullsize.jpg"", ""eventSlug"": ""what-price-will-ethereum-hit-in-february-2026"", ""outcome"": ""Yes"", ""outcomeIndex"": 0, ""name"": ""letstrythis89"", ""pseudonym"": ""Nonstop-First"", ""bio"": """", ""profileImage"": """", ""profileImageOptimized"": """", ""transactionHash"": ""0x89033f3be72ae0ccb91e3f0249b2904b9118232eee37ff22a0e60ce33b9d54b6""}"
1770964939,2026-02-14T02:36:14.255750,0xb5004c1d4e769d8b08092423ef89a0b5880ee6c2e9f30b8e777a06cbd20d4717:1770964939,1303357,108999384188108521715304668689630764454260618208482429430624780380952570648070,BUY,0.003,7.56,0.02268,0xb5004c1d4e769d8b08092423ef89a0b5880ee6c2e9f30b8e777a06cbd20d4717,"{""proxyWallet"": ""0xb6be04ecf043f6b1bd84e7457069a424fe7db7e5"", ""side"": ""BUY"", ""asset"": ""108999384188108521715304668689630764454260618208482429430624780380952570648070"", ""conditionId"": ""0x73acf1ef075d83bedb89e5c32e9083477adbde563cd0d76b78b56defdf2d6438"", ""size"": 7.56, ""price"": 0.003, ""timestamp"": 1770964939, ""title"": ""Will Ethereum reach $4,400 in February?"", ""slug"": ""will-ethereum-reach-4400-in-february-2026"", ""icon"": ""https://polymarket-upload.s3.us-east-2.amazonaws.com/ETH+fullsize.jpg"", ""eventSlug"": ""what-price-will-ethereum-hit-in-february-2026"", ""outcome"": ""Yes"", ""outcomeIndex"": 0, ""name"": ""letstrythis89"", ""pseudonym"": ""Nonstop-First"", ""bio"": """", ""profileImage"": """", ""profileImageOptimized"": """", ""transactionHash"": ""0xb5004c1d4e769d8b08092423ef89a0b5880ee6c2e9f30b8e777a06cbd20d4717""}"
1770964939,2026-02-14T02:36:14.255762,0xdb212392abd220a852c060898589ef8d84693702cb987fdd15fa222a7bdf909a:1770964939,1303357,108999384188108521715304668689630764454260618208482429430624780380952570648070,BUY,0.003,7.56,0.02268,0xdb212392abd220a852c060898589ef8d84693702cb987fdd15fa222a7bdf909a,"{""proxyWallet"": ""0xb6be04ecf043f6b1bd84e7457069a424fe7db7e5"", ""side"": ""BUY"", ""asset"": ""108999384188108521715304668689630764454260618208482429430624780380952570648070"", ""conditionId"": ""0x73acf1ef075d83bedb89e5c32e9083477adbde563cd0d76b78b56defdf2d6438"", ""size"": 7.56, ""price"": 0.003, ""timestamp"": 1770964939, ""title"": ""Will Ethereum reach $4,400 in February?"", ""slug"": ""will-ethereum-reach-4400-in-february-2026"", ""icon"": ""https://polymarket-upload.s3.us-east-2.amazonaws.com/ETH+fullsize.jpg"", ""eventSlug"": ""what-price-will-ethereum-hit-in-february-2026"", ""outcome"": ""Yes"", ""outcomeIndex"": 0, ""name"": ""letstrythis89"", ""pseudonym"": ""Nonstop-First"", ""bio"": """", ""profileImage"": """", ""profileImageOptimized"": """", ""transactionHash"": ""0xdb212392abd220a852c060898589ef8d84693702cb987fdd15fa222a7bdf909a""}"
1770964931,2026-02-14T02:36:14.255780,0xe10246baf3d7d14de576e5cac44e4ee5febaedd76125d175af79ef0259b99776:1770964931,1303357,108999384188108521715304668689630764454260618208482429430624780380952570648070,BUY,0.003,10.81,0.03243,0xe10246baf3d7d14de576e5cac44e4ee5febaedd76125d175af79ef0259b99776,"{""proxyWallet"": ""0xb6be04ecf043f6b1bd84e7457069a424fe7db7e5"", ""side"": ""BUY"", ""asset"": ""108999384188108521715304668689630764454260618208482429430624780380952570648070"", ""conditionId"": ""0x73acf1ef075d83bedb89e5c32e9083477adbde563cd0d76b78b56defdf2d6438"", ""size"": 10.81, ""price"": 0.003, ""timestamp"": 1770964931, ""title"": ""Will Ethereum reach $4,400 in February?"", ""slug"": ""will-ethereum-reach-4400-in-february-2026"", ""icon"": ""https://polymarket-upload.s3.us-east-2.amazonaws.com/ETH+fullsize.jpg"", ""eventSlug"": ""what-price-will-ethereum-hit-in-february-2026"", ""outcome"": ""Yes"", ""outcomeIndex"": 0, ""name"": ""letstrythis89"", ""pseudonym"": ""Nonstop-First"", ""bio"": """", ""profileImage"": """", ""profileImageOptimized"": """", ""transactionHash"": ""0xe10246baf3d7d14de576e5cac44e4ee5febaedd76125d175af79ef0259b99776""}"
1770964931,2026-02-14T02:36:14.255792,0x2c1c65d7ad1abd82801dc57ea253c9338c7bcd92a664d3339e6c7ab49431bfec:1770964931,1303357,108999384188108521715304668689630764454260618208482429430624780380952570648070,BUY,0.003,10.81,0.03243,0x2c1c65d7ad1abd82801dc57ea253c9338c7bcd92a664d3339e6c7ab49431bfec,"{""proxyWallet"": ""0xb6be04ecf043f6b1bd84e7457069a424fe7db7e5"", ""side"": ""BUY"", ""asset"": ""108999384188108521715304668689630764454260618208482429430624780380952570648070"", ""conditionId"": ""0x73acf1ef075d83bedb89e5c32e9083477adbde563cd0d76b78b56defdf2d6438"", ""size"": 10.81, ""price"": 0.003, ""timestamp"": 1770964931, ""title"": ""Will Ethereum reach $4,400 in February?"", ""slug"": ""will-ethereum-reach-4400-in-february-2026"", ""icon"": ""https://polymarket-upload.s3.us-east-2.amazonaws.com/ETH+fullsize.jpg"", ""eventSlug"": ""what-price-will-ethereum-hit-in-february-2026"", ""outcome"": ""Yes"", ""outcomeIndex"": 0, ""name"": ""letstrythis89"", ""pseudonym"": ""Nonstop-First"", ""bio"": """", ""profileImage"": """", ""profileImageOptimized"": """", ""transactionHash"": ""0x2c1c65d7ad1abd82801dc57ea253c9338c7bcd92a664d3339e6c7ab49431bfec""}"
1770964929,2026-02-14T02:36:14.255804,0xb15eb00af83bc690b790919a4f83e09e63dbb8226fbab448a7c9e631536dda89:1770964929,1303357,108999384188108521715304668689630764454260618208482429430624780380952570648070,BUY,0.003,10.81,0.03243,0xb15eb00af83bc690b790919a4f83e09e63dbb8226fbab448a7c9e631536dda89,"{""proxyWallet"": ""0xb6be04ecf043f6b1bd84e7457069a424fe7db7e5"", ""side"": ""BUY"", ""asset"": ""108999384188108521715304668689630764454260618208482429430624780380952570648070"", ""conditionId"": ""0x73acf1ef075d83bedb89e5c32e9083477adbde563cd0d76b78b56defdf2d6438"", ""size"": 10.81, ""price"": 0.003, ""timestamp"": 1770964929, ""title"": ""Will Ethereum reach $4,400 in February?"", ""slug"": ""will-ethereum-reach-4400-in-february-2026"", ""icon"": ""https://polymarket-upload.s3.us-east-2.amazonaws.com/ETH+fullsize.jpg"", ""eventSlug"": ""what-price-will-ethereum-hit-in-february-2026"", ""outcome"": ""Yes"", ""outcomeIndex"": 0, ""name"": ""letstrythis89"", ""pseudonym"": ""Nonstop-First"", ""bio"": """", ""profileImage"": """", ""profileImageOptimized"": """", ""transactionHash"": ""0xb15eb00af83bc690b790919a4f83e09e63dbb8226fbab448a7c9e631536dda89""}"
1770964921,2026-02-14T02:36:14.255816,0x3a0d4620d4e1954385cbfbe26ca3ad31d896054f24954e0bbb12aaf1ac072ab9:1770964921,1303357,108999384188108521715304668689630764454260618208482429430624780380952570648070,BUY,0.003,15.43,0.04629,0x3a0d4620d4e1954385cbfbe26ca3ad31d896054f24954e0bbb12aaf1ac072ab9,"{""proxyWallet"": ""0xb6be04ecf043f6b1bd84e7457069a424fe7db7e5"", ""side"": ""BUY"", ""asset"": ""108999384188108521715304668689630764454260618208482429430624780380952570648070"", ""conditionId"": ""0x73acf1ef075d83bedb89e5c32e9083477adbde563cd0d76b78b56defdf2d6438"", ""size"": 15.43, ""price"": 0.003, ""timestamp"": 1770964921, ""title"": ""Will Ethereum reach $4,400 in February?"", ""slug"": ""will-ethereum-reach-4400-in-february-2026"", ""icon"": ""https://polymarket-upload.s3.us-east-2.amazonaws.com/ETH+fullsize.jpg"", ""eventSlug"": ""what-price-will-ethereum-hit-in-february-2026"", ""outcome"": ""Yes"", ""outcomeIndex"": 0, ""name"": ""letstrythis89"", ""pseudonym"": ""Nonstop-First"", ""bio"": """", ""profileImage"": """", ""profileImageOptimized"": """", ""transactionHash"": ""0x3a0d4620d4e1954385cbfbe26ca3ad31d896054f24954e0bbb12aaf1ac072ab9""}"
1770964919,2026-02-14T02:36:14.255829,0xa3183f740815b8dc572ff219e774905c99ac46f7c3cecc1c4bf51587579cf42a:1770964919,1303357,108999384188108521715304668689630764454260618208482429430624780380952570648070,BUY,0.003,15.43,0.04629,0xa3183f740815b8dc572ff219e774905c99ac46f7c3cecc1c4bf51587579cf42a,"{""proxyWallet"": ""0xb6be04ecf043f6b1bd84e7457069a424fe7db7e5"", ""side"": ""BUY"", ""asset"": ""108999384188108521715304668689630764454260618208482429430624780380952570648070"", ""conditionId"": ""0x73acf1ef075d83bedb89e5c32e9083477adbde563cd0d76b78b56defdf2d6438"", ""size"": 15.43, ""price"": 0.003, ""timestamp"": 1770964919, ""title"": ""Will Ethereum reach $4,400 in February?"", ""slug"": ""will-ethereum-reach-4400-in-february-2026"", ""icon"": ""https://polymarket-upload.s3.us-east-2.amazonaws.com/ETH+fullsize.jpg"", ""eventSlug"": ""what-price-will-ethereum-hit-in-february-2026"", ""outcome"": ""Yes"", ""outcomeIndex"": 0, ""name"": ""letstrythis89"", ""pseudonym"": ""Nonstop-First"", ""bio"": """", ""profileImage"": """", ""profileImageOptimized"": """", ""transactionHash"": ""0xa3183f740815b8dc572ff219e774905c99ac46f7c3cecc1c4bf51587579cf42a""}"
1770964919,2026-02-14T02:36:14.255841,0x87f6fa6950815d2982b6a2fbd4b208d51e8844d622db7bdd4144708178a7b5e2:1770964919,1303357,108999384188108521715304668689630764454260618208482429430624780380952570648070,BUY,0.003,15.43,0.04629,0x87f6fa6950815d2982b6a2fbd4b208d51e8844d622db7bdd4144708178a7b5e2,"{""proxyWallet"": ""0xb6be04ecf043f6b1bd84e7457069a424fe7db7e5"", ""side"": ""BUY"", ""asset"": ""108999384188108521715304668689630764454260618208482429430624780380952570648070"", ""conditionId"": ""0x73acf1ef075d83bedb89e5c32e9083477adbde563cd0d76b78b56defdf2d6438"", ""size"": 15.43, ""price"": 0.003, ""timestamp"": 1770964919, ""title"": ""Will Ethereum reach $4,400 in February?"", ""slug"": ""will-ethereum-reach-4400-in-february-2026"", ""icon"": ""https://polymarket-upload.s3.us-east-2.amazonaws.com/ETH+fullsize.jpg"", ""eventSlug"": ""what-price-will-ethereum-hit-in-february-2026"", ""outcome"": ""Yes"", ""outcomeIndex"": 0, ""name"": ""letstrythis89"", ""pseudonym"": ""Nonstop-First"", ""bio"": """", ""profileImage"": """", ""profileImageOptimized"": """", ""transactionHash"": ""0x87f6fa6950815d2982b6a2fbd4b208d51e8844d622db7bdd4144708178a7b5e2""}"
1770964911,2026-02-14T02:36:14.255852,0x282999f884e7ff083a80dc65619c11d5b8f2330dd820ab90088c3816f2a664d1:1770964911,1303357,108999384188108521715304668689630764454260618208482429430624780380952570648070,BUY,0.003,22.05,0.06615,0x282999f884e7ff083a80dc65619c11d5b8f2330dd820ab90088c3816f2a664d1,"{""proxyWallet"": ""0xb6be04ecf043f6b1bd84e7457069a424fe7db7e5"", ""side"": ""BUY"", ""asset"": ""108999384188108521715304668689630764454260618208482429430624780380952570648070"", ""conditionId"": ""0x73acf1ef075d83bedb89e5c32e9083477adbde563cd0d76b78b56defdf2d6438"", ""size"": 22.05, ""price"": 0.003, ""timestamp"": 1770964911, ""title"": ""Will Ethereum reach $4,400 in February?"", ""slug"": ""will-ethereum-reach-4400-in-february-2026"", ""icon"": ""https://polymarket-upload.s3.us-east-2.amazonaws.com/ETH+fullsize.jpg"", ""eventSlug"": ""what-price-will-ethereum-hit-in-february-2026"", ""outcome"": ""Yes"", ""outcomeIndex"": 0, ""name"": ""letstrythis89"", ""pseudonym"": ""Nonstop-First"", ""bio"": """", ""profileImage"": """", ""profileImageOptimized"": """", ""transactionHash"": ""0x282999f884e7ff083a80dc65619c11d5b8f2330dd820ab90088c3816f2a664d1""}"
1770964909,2026-02-14T02:36:14.255864,0xc07bed8d68f62d2c4c2881fce2dc0e3ac1b24a24fceabd5de0abe305affbd9ea:1770964909,1303357,108999384188108521715304668689630764454260618208482429430624780380952570648070,BUY,0.003,22.05,0.06615,0xc07bed8d68f62d2c4c2881fce2dc0e3ac1b24a24fceabd5de0abe305affbd9ea,"{""proxyWallet"": ""0xb6be04ecf043f6b1bd84e7457069a424fe7db7e5"", ""side"": ""BUY"", ""asset"": ""108999384188108521715304668689630764454260618208482429430624780380952570648070"", ""conditionId"": ""0x73acf1ef075d83bedb89e5c32e9083477adbde563cd0d76b78b56defdf2d6438"", ""size"": 22.05, ""price"": 0.003, ""timestamp"": 1770964909, ""title"": ""Will Ethereum reach $4,400 in February?"", ""slug"": ""will-ethereum-reach-4400-in-february-2026"", ""icon"": ""https://polymarket-upload.s3.us-east-2.amazonaws.com/ETH+fullsize.jpg"", ""eventSlug"": ""what-price-will-ethereum-hit-in-february-2026"", ""outcome"": ""Yes"", ""outcomeIndex"": 0, ""name"": ""letstrythis89"", ""pseudonym"": ""Nonstop-First"", ""bio"": """", ""profileImage"": """", ""profileImageOptimized"": """", ""transactionHash"": ""0xc07bed8d68f62d2c4c2881fce2dc0e3ac1b24a24fceabd5de0abe305affbd9ea""}"
1770964909,2026-02-14T02:36:14.255876,0x4b9edf8c6187674241bdd0de2ff69e9ab5e4c6519cc0a00a3a6828c42e18d9f9:1770964909,1303357,108999384188108521715304668689630764454260618208482429430624780380952570648070,BUY,0.003,22.05,0.06615,0x4b9edf8c6187674241bdd0de2ff69e9ab5e4c6519cc0a00a3a6828c42e18d9f9,"{""proxyWallet"": ""0xb6be04ecf043f6b1bd84e7457069a424fe7db7e5"", ""side"": ""BUY"", ""asset"": ""108999384188108521715304668689630764454260618208482429430624780380952570648070"", ""conditionId"": ""0x73acf1ef075d83bedb89e5c32e9083477adbde563cd0d76b78b56defdf2d6438"", ""size"": 22.05, ""price"": 0.003, ""timestamp"": 1770964909, ""title"": ""Will Ethereum reach $4,400 in February?"", ""slug"": ""will-ethereum-reach-4400-in-february-2026"", ""icon"": ""https://polymarket-upload.s3.us-east-2.amazonaws.com/ETH+fullsize.jpg"", ""eventSlug"": ""what-price-will-ethereum-hit-in-february-2026"", ""outcome"": ""Yes"", ""outcomeIndex"": 0, ""name"": ""letstrythis89"", ""pseudonym"": ""Nonstop-First"", ""bio"": """", ""profileImage"": """", ""profileImageOptimized"": """", ""transactionHash"": ""0x4b9edf8c6187674241bdd0de2ff69e9ab5e4c6519cc0a00a3a6828c42e18d9f9""}"
1770964901,2026-02-14T02:36:14.255887,0x838c561ad07600e858677b64553fd1ce01cc52a7817da41bf8455e95a80151bd:1770964901,1303357,108999384188108521715304668689630764454260618208482429430624780380952570648070,BUY,0.003,31.5,0.0945,0x838c561ad07600e858677b64553fd1ce01cc52a7817da41bf8455e95a80151bd,"{""proxyWallet"": ""0xb6be04ecf043f6b1bd84e7457069a424fe7db7e5"", ""side"": ""BUY"", ""asset"": ""108999384188108521715304668689630764454260618208482429430624780380952570648070"", ""conditionId"": ""0x73acf1ef075d83bedb89e5c32e9083477adbde563cd0d76b78b56defdf2d6438"", ""size"": 31.5, ""price"": 0.003, ""timestamp"": 1770964901, ""title"": ""Will Ethereum reach $4,400 in February?"", ""slug"": ""will-ethereum-reach-4400-in-february-2026"", ""icon"": ""https://polymarket-upload.s3.us-east-2.amazonaws.com/ETH+fullsize.jpg"", ""eventSlug"": ""what-price-will-ethereum-hit-in-february-2026"", ""outcome"": ""Yes"", ""outcomeIndex"": 0, ""name"": ""letstrythis89"", ""pseudonym"": ""Nonstop-First"", ""bio"": """", ""profileImage"": """", ""profileImageOptimized"": """", ""transactionHash"": ""0x838c561ad07600e858677b64553fd1ce01cc52a7817da41bf8455e95a80151bd""}"
1770964901,2026-02-14T02:36:14.255900,0xa3b5ff87d2195f1418ad3e3caf93fe87c1dfe1698fca03754629f61f1f3df419:1770964901,1303357,108999384188108521715304668689630764454260618208482429430624780380952570648070,BUY,0.003,31.5,0.0945,0xa3b5ff87d2195f1418ad3e3caf93fe87c1dfe1698fca03754629f61f1f3df419,"{""proxyWallet"": ""0xb6be04ecf043f6b1bd84e7457069a424fe7db7e5"", ""side"": ""BUY"", ""asset"": ""108999384188108521715304668689630764454260618208482429430624780380952570648070"", ""conditionId"": ""0x73acf1ef075d83bedb89e5c32e9083477adbde563cd0d76b78b56defdf2d6438"", ""size"": 31.5, ""price"": 0.003, ""timestamp"": 1770964901, ""title"": ""Will Ethereum reach $4,400 in February?"", ""slug"": ""will-ethereum-reach-4400-in-february-2026"", ""icon"": ""https://polymarket-upload.s3.us-east-2.amazonaws.com/ETH+fullsize.jpg"", ""eventSlug"": ""what-price-will-ethereum-hit-in-february-2026"", ""outcome"": ""Yes"", ""outcomeIndex"": 0, ""name"": ""letstrythis89"", ""pseudonym"": ""Nonstop-First"", ""bio"": """", ""profileImage"": """", ""profileImageOptimized"": """", ""transactionHash"": ""0xa3b5ff87d2195f1418ad3e3caf93fe87c1dfe1698fca03754629f61f1f3df419""}"
1770964899,2026-02-14T02:36:14.255921,0xbc0652c34082cdf92f4093cfd5834631a88e7824651ce7a5d658b43626a1b093:1770964899,1303357,108999384188108521715304668689630764454260618208482429430624780380952570648070,BUY,0.003,31.5,0.0945,0xbc0652c34082cdf92f4093cfd5834631a88e7824651ce7a5d658b43626a1b093,"{""proxyWallet"": ""0xb6be04ecf043f6b1bd84e7457069a424fe7db7e5"", ""side"": ""BUY"", ""asset"": ""108999384188108521715304668689630764454260618208482429430624780380952570648070"", ""conditionId"": ""0x73acf1ef075d83bedb89e5c32e9083477adbde563cd0d76b78b56defdf2d6438"", ""size"": 31.5, ""price"": 0.003, ""timestamp"": 1770964899, ""title"": ""Will Ethereum reach $4,400 in February?"", ""slug"": ""will-ethereum-reach-4400-in-february-2026"", ""icon"": ""https://polymarket-upload.s3.us-east-2.amazonaws.com/ETH+fullsize.jpg"", ""eventSlug"": ""what-price-will-ethereum-hit-in-february-2026"", ""outcome"": ""Yes"", ""outcomeIndex"": 0, ""name"": ""letstrythis89"", ""pseudonym"": ""Nonstop-First"", ""bio"": """", ""profileImage"": """", ""profileImageOptimized"": """", ""transactionHash"": ""0xbc0652c34082cdf92f4093cfd5834631a88e7824651ce7a5d658b43626a1b093""}"
1770964889,2026-02-14T02:36:14.255933,0x22ef34f6af653f9a947c670d4cfa7131eec45f1ba1d92b036e75485e2727020f:1770964889,1303357,108999384188108521715304668689630764454260618208482429430624780380952570648070,BUY,0.003,45.0,0.135,0x22ef34f6af653f9a947c670d4cfa7131eec45f1ba1d92b036e75485e2727020f,"{""proxyWallet"": ""0xb6be04ecf043f6b1bd84e7457069a424fe7db7e5"", ""side"": ""BUY"", ""asset"": ""108999384188108521715304668689630764454260618208482429430624780380952570648070"", ""conditionId"": ""0x73acf1ef075d83bedb89e5c32e9083477adbde563cd0d76b78b56defdf2d6438"", ""size"": 45, ""price"": 0.003, ""timestamp"": 1770964889, ""title"": ""Will Ethereum reach $4,400 in February?"", ""slug"": ""will-ethereum-reach-4400-in-february-2026"", ""icon"": ""https://polymarket-upload.s3.us-east-2.amazonaws.com/ETH+fullsize.jpg"", ""eventSlug"": ""what-price-will-ethereum-hit-in-february-2026"", ""outcome"": ""Yes"", ""outcomeIndex"": 0, ""name"": ""letstrythis89"", ""pseudonym"": ""Nonstop-First"", ""bio"": """", ""profileImage"": """", ""profileImageOptimized"": """", ""transactionHash"": ""0x22ef34f6af653f9a947c670d4cfa7131eec45f1ba1d92b036e75485e2727020f""}"
1770964889,2026-02-14T02:36:14.255945,0xbea06ad2cc64154d3c23b6b61601871c1deea63cd8a9fc782db26914837fa1b8:1770964889,1303357,108999384188108521715304668689630764454260618208482429430624780380952570648070,BUY,0.003,45.0,0.135,0xbea06ad2cc64154d3c23b6b61601871c1deea63cd8a9fc782db26914837fa1b8,"{""proxyWallet"": ""0xb6be04ecf043f6b1bd84e7457069a424fe7db7e5"", ""side"": ""BUY"", ""asset"": ""108999384188108521715304668689630764454260618208482429430624780380952570648070"", ""conditionId"": ""0x73acf1ef075d83bedb89e5c32e9083477adbde563cd0d76b78b56defdf2d6438"", ""size"": 45, ""price"": 0.003, ""timestamp"": 1770964889, ""title"": ""Will Ethereum reach $4,400 in February?"", ""slug"": ""will-ethereum-reach-4400-in-february-2026"", ""icon"": ""https://polymarket-upload.s3.us-east-2.amazonaws.com/ETH+fullsize.jpg"", ""eventSlug"": ""what-price-will-ethereum-hit-in-february-2026"", ""outcome"": ""Yes"", ""outcomeIndex"": 0, ""name"": ""letstrythis89"", ""pseudonym"": ""Nonstop-First"", ""bio"": """", ""profileImage"": """", ""profileImageOptimized"": """", ""transactionHash"": ""0xbea06ad2cc64154d3c23b6b61601871c1deea63cd8a9fc782db26914837fa1b8""}"
1770964889,2026-02-14T02:36:14.255956,0x74caba71a5fc82b5057ba37440a5214a62343a4a65c5c3e6a9bdd785f19395c4:1770964889,1303357,108999384188108521715304668689630764454260618208482429430624780380952570648070,BUY,0.003,45.0,0.135,0x74caba71a5fc82b5057ba37440a5214a62343a4a65c5c3e6a9bdd785f19395c4,"{""proxyWallet"": ""0xb6be04ecf043f6b1bd84e7457069a424fe7db7e5"", ""side"": ""BUY"", ""asset"": ""108999384188108521715304668689630764454260618208482429430624780380952570648070"", ""conditionId"": ""0x73acf1ef075d83bedb89e5c32e9083477adbde563cd0d76b78b56defdf2d6438"", ""size"": 45, ""price"": 0.003, ""timestamp"": 1770964889, ""title"": ""Will Ethereum reach $4,400 in February?"", ""slug"": ""will-ethereum-reach-4400-in-february-2026"", ""icon"": ""https://polymarket-upload.s3.us-east-2.amazonaws.com/ETH+fullsize.jpg"", ""eventSlug"": ""what-price-will-ethereum-hit-in-february-2026"", ""outcome"": ""Yes"", ""outcomeIndex"": 0, ""name"": ""letstrythis89"", ""pseudonym"": ""Nonstop-First"", ""bio"": """", ""profileImage"": """", ""profileImageOptimized"": """", ""transactionHash"": ""0x74caba71a5fc82b5057ba37440a5214a62343a4a65c5c3e6a9bdd785f19395c4""}"
1770964879,2026-02-14T02:36:14.255968,0xa4468ed3133a2ae09e56361bc5f6a1a496ca8dd649a47e0d4f5a8cd751dbae5e:1770964879,1303357,108999384188108521715304668689630764454260618208482429430624780380952570648070,BUY,0.003,50.0,0.15,0xa4468ed3133a2ae09e56361bc5f6a1a496ca8dd649a47e0d4f5a8cd751dbae5e,"{""proxyWallet"": ""0xb6be04ecf043f6b1bd84e7457069a424fe7db7e5"", ""side"": ""BUY"", ""asset"": ""108999384188108521715304668689630764454260618208482429430624780380952570648070"", ""conditionId"": ""0x73acf1ef075d83bedb89e5c32e9083477adbde563cd0d76b78b56defdf2d6438"", ""size"": 50, ""price"": 0.003, ""timestamp"": 1770964879, ""title"": ""Will Ethereum reach $4,400 in February?"", ""slug"": ""will-ethereum-reach-4400-in-february-2026"", ""icon"": ""https://polymarket-upload.s3.us-east-2.amazonaws.com/ETH+fullsize.jpg"", ""eventSlug"": ""what-price-will-ethereum-hit-in-february-2026"", ""outcome"": ""Yes"", ""outcomeIndex"": 0, ""name"": ""letstrythis89"", ""pseudonym"": ""Nonstop-First"", ""bio"": """", ""profileImage"": """", ""profileImageOptimized"": """", ""transactionHash"": ""0xa4468ed3133a2ae09e56361bc5f6a1a496ca8dd649a47e0d4f5a8cd751dbae5e""}"
1770964879,2026-02-14T02:36:14.255980,0x66c8c5f3d9e7783cdc39cc383a5e4575b98cf7e87dd7f1e60c7d9a8f1fe3dc11:1770964879,1303357,108999384188108521715304668689630764454260618208482429430624780380952570648070,BUY,0.003,50.0,0.15,0x66c8c5f3d9e7783cdc39cc383a5e4575b98cf7e87dd7f1e60c7d9a8f1fe3dc11,"{""proxyWallet"": ""0xb6be04ecf043f6b1bd84e7457069a424fe7db7e5"", ""side"": ""BUY"", ""asset"": ""108999384188108521715304668689630764454260618208482429430624780380952570648070"", ""conditionId"": ""0x73acf1ef075d83bedb89e5c32e9083477adbde563cd0d76b78b56defdf2d6438"", ""size"": 50, ""price"": 0.003, ""timestamp"": 1770964879, ""title"": ""Will Ethereum reach $4,400 in February?"", ""slug"": ""will-ethereum-reach-4400-in-february-2026"", ""icon"": ""https://polymarket-upload.s3.us-east-2.amazonaws.com/ETH+fullsize.jpg"", ""eventSlug"": ""what-price-will-ethereum-hit-in-february-2026"", ""outcome"": ""Yes"", ""outcomeIndex"": 0, ""name"": ""letstrythis89"", ""pseudonym"": ""Nonstop-First"", ""bio"": """", ""profileImage"": """", ""profileImageOptimized"": """", ""transactionHash"": ""0x66c8c5f3d9e7783cdc39cc383a5e4575b98cf7e87dd7f1e60c7d9a8f1fe3dc11""}"
1770964879,2026-02-14T02:36:14.255991,0xf9ef572f2682e644a8a6f3b7828ca8feb54a32148fab7c8a07d9911695e071d8:1770964879,1303357,108999384188108521715304668689630764454260618208482429430624780380952570648070,BUY,0.003,50.0,0.15,0xf9ef572f2682e644a8a6f3b7828ca8feb54a32148fab7c8a07d9911695e071d8,"{""proxyWallet"": ""0xb6be04ecf043f6b1bd84e7457069a424fe7db7e5"", ""side"": ""BUY"", ""asset"": ""108999384188108521715304668689630764454260618208482429430624780380952570648070"", ""conditionId"": ""0x73acf1ef075d83bedb89e5c32e9083477adbde563cd0d76b78b56defdf2d6438"", ""size"": 50, ""price"": 0.003, ""timestamp"": 1770964879, ""title"": ""Will Ethereum reach $4,400 in February?"", ""slug"": ""will-ethereum-reach-4400-in-february-2026"", ""icon"": ""https://polymarket-upload.s3.us-east-2.amazonaws.com/ETH+fullsize.jpg"", ""eventSlug"": ""what-price-will-ethereum-hit-in-february-2026"", ""outcome"": ""Yes"", ""outcomeIndex"": 0, ""name"": ""letstrythis89"", ""pseudonym"": ""Nonstop-First"", ""bio"": """", ""profileImage"": """", ""profileImageOptimized"": """", ""transactionHash"": ""0xf9ef572f2682e644a8a6f3b7828ca8feb54a32148fab7c8a07d9911695e071d8""}"
1770964779,2026-02-14T02:36:14.256003,0x61a97e20058138304a0c2f6bd8a68094ddf562556003364b370d01aeb4fac756:1770964779,1303357,108999384188108521715304668689630764454260618208482429430624780380952570648070,SELL,0.002,15000.0,30.0,0x61a97e20058138304a0c2f6bd8a68094ddf562556003364b370d01aeb4fac756,"{""proxyWallet"": ""0x849374a3481a4c8cd717e32558ab2aff2078e006"", ""side"": ""SELL"", ""asset"": ""108999384188108521715304668689630764454260618208482429430624780380952570648070"", ""conditionId"": ""0x73acf1ef075d83bedb89e5c32e9083477adbde563cd0d76b78b56defdf2d6438"", ""size"": 15000, ""price"": 0.002, ""timestamp"": 1770964779, ""title"": ""Will Ethereum reach $4,400 in February?"", ""slug"": ""will-ethereum-reach-4400-in-february-2026"", ""icon"": ""https://polymarket-upload.s3.us-east-2.amazonaws.com/ETH+fullsize.jpg"", ""eventSlug"": ""what-price-will-ethereum-hit-in-february-2026"", ""outcome"": ""Yes"", ""outcomeIndex"": 0, ""name"": ""0x849374a3481A4C8CD717e32558ab2aFf2078e006-1767513990478"", ""pseudonym"": ""Defensive-Elevator"", ""bio"": """", ""profileImage"": """", ""profileImageOptimized"": """", ""transactionHash"": ""0x61a97e20058138304a0c2f6bd8a68094ddf562556003364b370d01aeb4fac756""}"
1770958719,2026-02-14T02:36:14.256016,0x4c5c178ff6cc5555e925162816904c155245776296d75f2c0c137a329afbf1f9:1770958719,1303357,108999384188108521715304668689630764454260618208482429430624780380952570648070,BUY,0.003,16117.0,48.351,0x4c5c178ff6cc5555e925162816904c155245776296d75f2c0c137a329afbf1f9,"{""proxyWallet"": ""0x49f06238709780aea736879b9357208515f725dd"", ""side"": ""BUY"", ""asset"": ""108999384188108521715304668689630764454260618208482429430624780380952570648070"", ""conditionId"": ""0x73acf1ef075d83bedb89e5c32e9083477adbde563cd0d76b78b56defdf2d6438"", ""size"": 16117, ""price"": 0.003, ""timestamp"": 1770958719, ""title"": ""Will Ethereum reach $4,400 in February?"", ""slug"": ""will-ethereum-reach-4400-in-february-2026"", ""icon"": ""https://polymarket-upload.s3.us-east-2.amazonaws.com/ETH+fullsize.jpg"", ""eventSlug"": ""what-price-will-ethereum-hit-in-february-2026"", ""outcome"": ""Yes"", ""outcomeIndex"": 0, ""name"": ""0x49f06238709780aea736879b9357208515F725dd-1769174261448"", ""pseudonym"": ""Sweet-Trap"", ""bio"": """", ""profileImage"": """", ""profileImageOptimized"": """", ""transactionHash"": ""0x4c5c178ff6cc5555e925162816904c155245776296d75f2c0c137a329afbf1f9""}"
1770957355,2026-02-14T02:36:14.256029,0x9e4e4e4c37ce8e13269a5a00c310ded398337e9259b180c3bff159780e7269c9:1770957355,1303357,108999384188108521715304668689630764454260618208482429430624780380952570648070,SELL,0.002,2.0,0.004,0x9e4e4e4c37ce8e13269a5a00c310ded398337e9259b180c3bff159780e7269c9,"{""proxyWallet"": ""0x75a7473be6b40cacd4cff8528bf33c8cea376e27"", ""side"": ""SELL"", ""asset"": ""108999384188108521715304668689630764454260618208482429430624780380952570648070"", ""conditionId"": ""0x73acf1ef075d83bedb89e5c32e9083477adbde563cd0d76b78b56defdf2d6438"", ""size"": 2, ""price"": 0.002, ""timestamp"": 1770957355, ""title"": ""Will Ethereum reach $4,400 in February?"", ""slug"": ""will-ethereum-reach-4400-in-february-2026"", ""icon"": ""https://polymarket-upload.s3.us-east-2.amazonaws.com/ETH+fullsize.jpg"", ""eventSlug"": ""what-price-will-ethereum-hit-in-february-2026"", ""outcome"": ""Yes"", ""outcomeIndex"": 0, ""name"": ""deepx"", ""pseudonym"": ""Judicious-Facet"", ""bio"": """", ""profileImage"": """", ""profileImageOptimized"": """", ""transactionHash"": ""0x9e4e4e4c37ce8e13269a5a00c310ded398337e9259b180c3bff159780e7269c9""}"
1770954277,2026-02-14T02:36:14.256042,0x3e4f49b1483c19b5586b6474e1c2e41e1d16993f1e5cc7585a920be743441b8e:1770954277,1303357,108999384188108521715304668689630764454260618208482429430624780380952570648070,BUY,0.003,2.0,0.006,0x3e4f49b1483c19b5586b6474e1c2e41e1d16993f1e5cc7585a920be743441b8e,"{""proxyWallet"": ""0x75a7473be6b40cacd4cff8528bf33c8cea376e27"", ""side"": ""BUY"", ""asset"": ""108999384188108521715304668689630764454260618208482429430624780380952570648070"", ""conditionId"": ""0x73acf1ef075d83bedb89e5c32e9083477adbde563cd0d76b78b56defdf2d6438"", ""size"": 2, ""price"": 0.003, ""timestamp"": 1770954277, ""title"": ""Will Ethereum reach $4,400 in February?"", ""slug"": ""will-ethereum-reach-4400-in-february-2026"", ""icon"": ""https://polymarket-upload.s3.us-east-2.amazonaws.com/ETH+fullsize.jpg"", ""eventSlug"": ""what-price-will-ethereum-hit-in-february-2026"", ""outcome"": ""Yes"", ""outcomeIndex"": 0, ""name"": ""deepx"", ""pseudonym"": ""Judicious-Facet"", ""bio"": """", ""profileImage"": """", ""profileImageOptimized"": """", ""transactionHash"": ""0x3e4f49b1483c19b5586b6474e1c2e41e1d16993f1e5cc7585a920be743441b8e""}"
1770953103,2026-02-14T02:36:14.256054,0x1183db8a15501c1f5c53a9d08370b4a0f3901b22214e0ea573dc35f354accc53:1770953103,1303357,108999384188108521715304668689630764454260618208482429430624780380952570648070,SELL,0.002,1666.66,3.33332,0x1183db8a15501c1f5c53a9d08370b4a0f3901b22214e0ea573dc35f354accc53,"{""proxyWallet"": ""0x710051e5e03e144cef93b6c4bd55492739d4e771"", ""side"": ""SELL"", ""asset"": ""108999384188108521715304668689630764454260618208482429430624780380952570648070"", ""conditionId"": ""0x73acf1ef075d83bedb89e5c32e9083477adbde563cd0d76b78b56defdf2d6438"", ""size"": 1666.66, ""price"": 0.002, ""timestamp"": 1770953103, ""title"": ""Will Ethereum reach $4,400 in February?"", ""slug"": ""will-ethereum-reach-4400-in-february-2026"", ""icon"": ""https://polymarket-upload.s3.us-east-2.amazonaws.com/ETH+fullsize.jpg"", ""eventSlug"": ""what-price-will-ethereum-hit-in-february-2026"", ""outcome"": ""Yes"", ""outcomeIndex"": 0, ""name"": ""TinyVeigar"", ""pseudonym"": ""Spiteful-Essence"", ""bio"": """", ""profileImage"": ""https://polymarket-upload.s3.us-east-2.amazonaws.com/profile-image-5938901-20483657-b66f-466f-a756-f39052b85cd4.jpg"", ""profileImageOptimized"": """", ""transactionHash"": ""0x1183db8a15501c1f5c53a9d08370b4a0f3901b22214e0ea573dc35f354accc53""}"
1770952911,2026-02-14T02:36:14.256067,0xd95eb084645c9ca1be03a5ba8d2ee6d62ad343c87fa9b2eafcc6c0a96674ecf6:1770952911,1303357,108999384188108521715304668689630764454260618208482429430624780380952570648070,BUY,0.0030000000012,1666.666666,5.0,0xd95eb084645c9ca1be03a5ba8d2ee6d62ad343c87fa9b2eafcc6c0a96674ecf6,"{""proxyWallet"": ""0x710051e5e03e144cef93b6c4bd55492739d4e771"", ""side"": ""BUY"", ""asset"": ""108999384188108521715304668689630764454260618208482429430624780380952570648070"", ""conditionId"": ""0x73acf1ef075d83bedb89e5c32e9083477adbde563cd0d76b78b56defdf2d6438"", ""size"": 1666.666666, ""price"": 0.0030000000012, ""timestamp"": 1770952911, ""title"": ""Will Ethereum reach $4,400 in February?"", ""slug"": ""will-ethereum-reach-4400-in-february-2026"", ""icon"": ""https://polymarket-upload.s3.us-east-2.amazonaws.com/ETH+fullsize.jpg"", ""eventSlug"": ""what-price-will-ethereum-hit-in-february-2026"", ""outcome"": ""Yes"", ""outcomeIndex"": 0, ""name"": ""TinyVeigar"", ""pseudonym"": ""Spiteful-Essence"", ""bio"": """", ""profileImage"": ""https://polymarket-upload.s3.us-east-2.amazonaws.com/profile-image-5938901-20483657-b66f-466f-a756-f39052b85cd4.jpg"", ""profileImageOptimized"": """", ""transactionHash"": ""0xd95eb084645c9ca1be03a5ba8d2ee6d62ad343c87fa9b2eafcc6c0a96674ecf6""}"
1770951953,2026-02-14T02:36:14.256081,0xded5cbe391d44f1db80e81833d73f8cfb2e1cf76f56d722be385bf55598e42fa:1770951953,1303357,108999384188108521715304668689630764454260618208482429430624780380952570648070,BUY,0.003,105.0,0.315,0xded5cbe391d44f1db80e81833d73f8cfb2e1cf76f56d722be385bf55598e42fa,"{""proxyWallet"": ""0xa133c9dc7a333f6bf1e6fa14eb927155d080d379"", ""side"": ""BUY"", ""asset"": ""108999384188108521715304668689630764454260618208482429430624780380952570648070"", ""conditionId"": ""0x73acf1ef075d83bedb89e5c32e9083477adbde563cd0d76b78b56defdf2d6438"", ""size"": 105, ""price"": 0.003, ""timestamp"": 1770951953, ""title"": ""Will Ethereum reach $4,400 in February?"", ""slug"": ""will-ethereum-reach-4400-in-february-2026"", ""icon"": ""https://polymarket-upload.s3.us-east-2.amazonaws.com/ETH+fullsize.jpg"", ""eventSlug"": ""what-price-will-ethereum-hit-in-february-2026"", ""outcome"": ""Yes"", ""outcomeIndex"": 0, ""name"": """", ""pseudonym"": """", ""bio"": """", ""profileImage"": """", ""profileImageOptimized"": """", ""transactionHash"": ""0xded5cbe391d44f1db80e81833d73f8cfb2e1cf76f56d722be385bf55598e42fa""}"
1770949281,2026-02-14T02:36:14.256094,0x7386b234ed3e5a3c67abba5ff027f75843e8cdd68d7028999200784b86a17811:1770949281,1303357,108999384188108521715304668689630764454260618208482429430624780380952570648070,BUY,0.003,108.4,0.32520000000000004,0x7386b234ed3e5a3c67abba5ff027f75843e8cdd68d7028999200784b86a17811,"{""proxyWallet"": ""0xa133c9dc7a333f6bf1e6fa14eb927155d080d379"", ""side"": ""BUY"", ""asset"": ""108999384188108521715304668689630764454260618208482429430624780380952570648070"", ""conditionId"": ""0x73acf1ef075d83bedb89e5c32e9083477adbde563cd0d76b78b56defdf2d6438"", ""size"": 108.4, ""price"": 0.003, ""timestamp"": 1770949281, ""title"": ""Will Ethereum reach $4,400 in February?"", ""slug"": ""will-ethereum-reach-4400-in-february-2026"", ""icon"": ""https://polymarket-upload.s3.us-east-2.amazonaws.com/ETH+fullsize.jpg"", ""eventSlug"": ""what-price-will-ethereum-hit-in-february-2026"", ""outcome"": ""Yes"", ""outcomeIndex"": 0, ""name"": """", ""pseudonym"": """", ""bio"": """", ""profileImage"": """", ""profileImageOptimized"": """", ""transactionHash"": ""0x7386b234ed3e5a3c67abba5ff027f75843e8cdd68d7028999200784b86a17811""}"
1770949187,2026-02-14T02:36:14.256105,0x5f42c9efd18dfc0be00c22e6b644b6b7829d94c47956d587f5b569b5d1aef530:1770949187,1303357,108999384188108521715304668689630764454260618208482429430624780380952570648070,BUY,0.003,115.4,0.3462,0x5f42c9efd18dfc0be00c22e6b644b6b7829d94c47956d587f5b569b5d1aef530,"{""proxyWallet"": ""0xa133c9dc7a333f6bf1e6fa14eb927155d080d379"", ""side"": ""BUY"", ""asset"": ""108999384188108521715304668689630764454260618208482429430624780380952570648070"", ""conditionId"": ""0x73acf1ef075d83bedb89e5c32e9083477adbde563cd0d76b78b56defdf2d6438"", ""size"": 115.4, ""price"": 0.003, ""timestamp"": 1770949187, ""title"": ""Will Ethereum reach $4,400 in February?"", ""slug"": ""will-ethereum-reach-4400-in-february-2026"", ""icon"": ""https://polymarket-upload.s3.us-east-2.amazonaws.com/ETH+fullsize.jpg"", ""eventSlug"": ""what-price-will-ethereum-hit-in-february-2026"", ""outcome"": ""Yes"", ""outcomeIndex"": 0, ""name"": """", ""pseudonym"": """", ""bio"": """", ""profileImage"": """", ""profileImageOptimized"": """", ""transactionHash"": ""0x5f42c9efd18dfc0be00c22e6b644b6b7829d94c47956d587f5b569b5d1aef530""}"
1770949097,2026-02-14T02:36:14.256117,0xccb5319d6b14bb93bc05f768a457dafce122786dd122cfc7826338d75bc9121c:1770949097,1303357,108999384188108521715304668689630764454260618208482429430624780380952570648070,BUY,0.003,108.6,0.3258,0xccb5319d6b14bb93bc05f768a457dafce122786dd122cfc7826338d75bc9121c,"{""proxyWallet"": ""0xa133c9dc7a333f6bf1e6fa14eb927155d080d379"", ""side"": ""BUY"", ""asset"": ""108999384188108521715304668689630764454260618208482429430624780380952570648070"", ""conditionId"": ""0x73acf1ef075d83bedb89e5c32e9083477adbde563cd0d76b78b56defdf2d6438"", ""size"": 108.6, ""price"": 0.003, ""timestamp"": 1770949097, ""title"": ""Will Ethereum reach $4,400 in February?"", ""slug"": ""will-ethereum-reach-4400-in-february-2026"", ""icon"": ""https://polymarket-upload.s3.us-east-2.amazonaws.com/ETH+fullsize.jpg"", ""eventSlug"": ""what-price-will-ethereum-hit-in-february-2026"", ""outcome"": ""Yes"", ""outcomeIndex"": 0, ""name"": """", ""pseudonym"": """", ""bio"": """", ""profileImage"": """", ""profileImageOptimized"": """", ""transactionHash"": ""0xccb5319d6b14bb93bc05f768a457dafce122786dd122cfc7826338d75bc9121c""}"
1770948607,2026-02-14T02:36:14.256128,0x6471a69227582fa5a22732083ac318ea660c2ad4f7e9a852423b37b34ae8c8cb:1770948607,1303357,108999384188108521715304668689630764454260618208482429430624780380952570648070,BUY,0.003,101.9,0.3057,0x6471a69227582fa5a22732083ac318ea660c2ad4f7e9a852423b37b34ae8c8cb,"{""proxyWallet"": ""0xa133c9dc7a333f6bf1e6fa14eb927155d080d379"", ""side"": ""BUY"", ""asset"": ""108999384188108521715304668689630764454260618208482429430624780380952570648070"", ""conditionId"": ""0x73acf1ef075d83bedb89e5c32e9083477adbde563cd0d76b78b56defdf2d6438"", ""size"": 101.9, ""price"": 0.003, ""timestamp"": 1770948607, ""title"": ""Will Ethereum reach $4,400 in February?"", ""slug"": ""will-ethereum-reach-4400-in-february-2026"", ""icon"": ""https://polymarket-upload.s3.us-east-2.amazonaws.com/ETH+fullsize.jpg"", ""eventSlug"": ""what-price-will-ethereum-hit-in-february-2026"", ""outcome"": ""Yes"", ""outcomeIndex"": 0, ""name"": """", ""pseudonym"": """", ""bio"": """", ""profileImage"": """", ""profileImageOptimized"": """", ""transactionHash"": ""0x6471a69227582fa5a22732083ac318ea660c2ad4f7e9a852423b37b34ae8c8cb""}"
1770948555,2026-02-14T02:36:14.256140,0xcd4f685714a8d439e1332b5d25ebb2a241436405292d933063954a4bed9c03f8:1770948555,1303357,108999384188108521715304668689630764454260618208482429430624780380952570648070,BUY,0.003,110.1,0.3303,0xcd4f685714a8d439e1332b5d25ebb2a241436405292d933063954a4bed9c03f8,"{""proxyWallet"": ""0xa133c9dc7a333f6bf1e6fa14eb927155d080d379"", ""side"": ""BUY"", ""asset"": ""108999384188108521715304668689630764454260618208482429430624780380952570648070"", ""conditionId"": ""0x73acf1ef075d83bedb89e5c32e9083477adbde563cd0d76b78b56defdf2d6438"", ""size"": 110.1, ""price"": 0.003, ""timestamp"": 1770948555, ""title"": ""Will Ethereum reach $4,400 in February?"", ""slug"": ""will-ethereum-reach-4400-in-february-2026"", ""icon"": ""https://polymarket-upload.s3.us-east-2.amazonaws.com/ETH+fullsize.jpg"", ""eventSlug"": ""what-price-will-ethereum-hit-in-february-2026"", ""outcome"": ""Yes"", ""outcomeIndex"": 0, ""name"": """", ""pseudonym"": """", ""bio"": """", ""profileImage"": """", ""profileImageOptimized"": """", ""transactionHash"": ""0xcd4f685714a8d439e1332b5d25ebb2a241436405292d933063954a4bed9c03f8""}"
1770948469,2026-02-14T02:36:14.256152,0x257091eade624e2637056e8163cad27bc44a546288e1feb017634d501e228abd:1770948469,1303357,108999384188108521715304668689630764454260618208482429430624780380952570648070,BUY,0.003,119.0,0.357,0x257091eade624e2637056e8163cad27bc44a546288e1feb017634d501e228abd,"{""proxyWallet"": ""0xa133c9dc7a333f6bf1e6fa14eb927155d080d379"", ""side"": ""BUY"", ""asset"": ""108999384188108521715304668689630764454260618208482429430624780380952570648070"", ""conditionId"": ""0x73acf1ef075d83bedb89e5c32e9083477adbde563cd0d76b78b56defdf2d6438"", ""size"": 119, ""price"": 0.003, ""timestamp"": 1770948469, ""title"": ""Will Ethereum reach $4,400 in February?"", ""slug"": ""will-ethereum-reach-4400-in-february-2026"", ""icon"": ""https://polymarket-upload.s3.us-east-2.amazonaws.com/ETH+fullsize.jpg"", ""eventSlug"": ""what-price-will-ethereum-hit-in-february-2026"", ""outcome"": ""Yes"", ""outcomeIndex"": 0, ""name"": """", ""pseudonym"": """", ""bio"": """", ""profileImage"": """", ""profileImageOptimized"": """", ""transactionHash"": ""0x257091eade624e2637056e8163cad27bc44a546288e1feb017634d501e228abd""}"
1770948371,2026-02-14T02:36:14.256164,0x90f4264c3c5c299f49c7b9820ed4c7f6ce60d93701bd8a0bf0260dbeaea337f5:1770948371,1303357,108999384188108521715304668689630764454260618208482429430624780380952570648070,BUY,0.003,176.3,0.5289,0x90f4264c3c5c299f49c7b9820ed4c7f6ce60d93701bd8a0bf0260dbeaea337f5,"{""proxyWallet"": ""0xa133c9dc7a333f6bf1e6fa14eb927155d080d379"", ""side"": ""BUY"", ""asset"": ""108999384188108521715304668689630764454260618208482429430624780380952570648070"", ""conditionId"": ""0x73acf1ef075d83bedb89e5c32e9083477adbde563cd0d76b78b56defdf2d6438"", ""size"": 176.3, ""price"": 0.003, ""timestamp"": 1770948371, ""title"": ""Will Ethereum reach $4,400 in February?"", ""slug"": ""will-ethereum-reach-4400-in-february-2026"", ""icon"": ""https://polymarket-upload.s3.us-east-2.amazonaws.com/ETH+fullsize.jpg"", ""eventSlug"": ""what-price-will-ethereum-hit-in-february-2026"", ""outcome"": ""Yes"", ""outcomeIndex"": 0, ""name"": """", ""pseudonym"": """", ""bio"": """", ""profileImage"": """", ""profileImageOptimized"": """", ""transactionHash"": ""0x90f4264c3c5c299f49c7b9820ed4c7f6ce60d93701bd8a0bf0260dbeaea337f5""}"
1770945201,2026-02-14T02:36:14.256177,0x9e722c0ecbeedff93a80ea257fa8bc6645647564803bd52fd6d622f175ab3613:1770945201,1303357,108999384188108521715304668689630764454260618208482429430624780380952570648070,BUY,0.003,20.83,0.06249,0x9e722c0ecbeedff93a80ea257fa8bc6645647564803bd52fd6d622f175ab3613,"{""proxyWallet"": ""0x98ac2b9e6276ba049f82a7bb228aea8933d04b9b"", ""side"": ""BUY"", ""asset"": ""108999384188108521715304668689630764454260618208482429430624780380952570648070"", ""conditionId"": ""0x73acf1ef075d83bedb89e5c32e9083477adbde563cd0d76b78b56defdf2d6438"", ""size"": 20.83, ""price"": 0.003, ""timestamp"": 1770945201, ""title"": ""Will Ethereum reach $4,400 in February?"", ""slug"": ""will-ethereum-reach-4400-in-february-2026"", ""icon"": ""https://polymarket-upload.s3.us-east-2.amazonaws.com/ETH+fullsize.jpg"", ""eventSlug"": ""what-price-will-ethereum-hit-in-february-2026"", ""outcome"": ""Yes"", ""outcomeIndex"": 0, ""name"": """", ""pseudonym"": """", ""bio"": """", ""profileImage"": """", ""profileImageOptimized"": """", ""transactionHash"": ""0x9e722c0ecbeedff93a80ea257fa8bc6645647564803bd52fd6d622f175ab3613""}"
1770945131,2026-02-14T02:36:14.256189,0xdd042a6a5b89b33ebaa6f055db2617b788215ab9c635df9ab2f258ecdb49cc4d:1770945131,1303357,108999384188108521715304668689630764454260618208482429430624780380952570648070,BUY,0.003,20.83,0.06249,0xdd042a6a5b89b33ebaa6f055db2617b788215ab9c635df9ab2f258ecdb49cc4d,"{""proxyWallet"": ""0x98ac2b9e6276ba049f82a7bb228aea8933d04b9b"", ""side"": ""BUY"", ""asset"": ""108999384188108521715304668689630764454260618208482429430624780380952570648070"", ""conditionId"": ""0x73acf1ef075d83bedb89e5c32e9083477adbde563cd0d76b78b56defdf2d6438"", ""size"": 20.83, ""price"": 0.003, ""timestamp"": 1770945131, ""title"": ""Will Ethereum reach $4,400 in February?"", ""slug"": ""will-ethereum-reach-4400-in-february-2026"", ""icon"": ""https://polymarket-upload.s3.us-east-2.amazonaws.com/ETH+fullsize.jpg"", ""eventSlug"": ""what-price-will-ethereum-hit-in-february-2026"", ""outcome"": ""Yes"", ""outcomeIndex"": 0, ""name"": """", ""pseudonym"": """", ""bio"": """", ""profileImage"": """", ""profileImageOptimized"": """", ""transactionHash"": ""0xdd042a6a5b89b33ebaa6f055db2617b788215ab9c635df9ab2f258ecdb49cc4d""}"
1770945059,2026-02-14T02:36:14.256201,0x93156d8eca12d044d489dae0dec57a9b9d6c081a0a53e5f2c603f49b89f05b36:1770945059,1303357,108999384188108521715304668689630764454260618208482429430624780380952570648070,BUY,0.003,20.83,0.06249,0x93156d8eca12d044d489dae0dec57a9b9d6c081a0a53e5f2c603f49b89f05b36,"{""proxyWallet"": ""0x98ac2b9e6276ba049f82a7bb228aea8933d04b9b"", ""side"": ""BUY"", ""asset"": ""108999384188108521715304668689630764454260618208482429430624780380952570648070"", ""conditionId"": ""0x73acf1ef075d83bedb89e5c32e9083477adbde563cd0d76b78b56defdf2d6438"", ""size"": 20.83, ""price"": 0.003, ""timestamp"": 1770945059, ""title"": ""Will Ethereum reach $4,400 in February?"", ""slug"": ""will-ethereum-reach-4400-in-february-2026"", ""icon"": ""https://polymarket-upload.s3.us-east-2.amazonaws.com/ETH+fullsize.jpg"", ""eventSlug"": ""what-price-will-ethereum-hit-in-february-2026"", ""outcome"": ""Yes"", ""outcomeIndex"": 0, ""name"": """", ""pseudonym"": """", ""bio"": """", ""profileImage"": """", ""profileImageOptimized"": """", ""transactionHash"": ""0x93156d8eca12d044d489dae0dec57a9b9d6c081a0a53e5f2c603f49b89f05b36""}"
1770942851,2026-02-14T02:36:14.256213,0x3d97196838f65a72ab3bcee062610563f4f1747d6ccd237b2c114314e6e41fe0:1770942851,1303357,108999384188108521715304668689630764454260618208482429430624780380952570648070,SELL,0.002,1082.67,2.16534,0x3d97196838f65a72ab3bcee062610563f4f1747d6ccd237b2c114314e6e41fe0,"{""proxyWallet"": ""0x330c389c86d915f7f348b6ddb58bc3610f99b9a1"", ""side"": ""SELL"", ""asset"": ""108999384188108521715304668689630764454260618208482429430624780380952570648070"", ""conditionId"": ""0x73acf1ef075d83bedb89e5c32e9083477adbde563cd0d76b78b56defdf2d6438"", ""size"": 1082.67, ""price"": 0.002, ""timestamp"": 1770942851, ""title"": ""Will Ethereum reach $4,400 in February?"", ""slug"": ""will-ethereum-reach-4400-in-february-2026"", ""icon"": ""https://polymarket-upload.s3.us-east-2.amazonaws.com/ETH+fullsize.jpg"", ""eventSlug"": ""what-price-will-ethereum-hit-in-february-2026"", ""outcome"": ""Yes"", ""outcomeIndex"": 0, ""name"": ""mcdope01"", ""pseudonym"": ""Enchanted-Symbol"", ""bio"": """", ""profileImage"": """", ""profileImageOptimized"": """", ""transactionHash"": ""0x3d97196838f65a72ab3bcee062610563f4f1747d6ccd237b2c114314e6e41fe0""}"
1770940963,2026-02-14T02:36:14.256226,0x1d5c6183e2543cedd0a145ca7540db174097316a1c2b3a7c9ee750ce748990a0:1770940963,1303357,108999384188108521715304668689630764454260618208482429430624780380952570648070,BUY,0.003,1082.67,3.2480100000000003,0x1d5c6183e2543cedd0a145ca7540db174097316a1c2b3a7c9ee750ce748990a0,"{""proxyWallet"": ""0x330c389c86d915f7f348b6ddb58bc3610f99b9a1"", ""side"": ""BUY"", ""asset"": ""108999384188108521715304668689630764454260618208482429430624780380952570648070"", ""conditionId"": ""0x73acf1ef075d83bedb89e5c32e9083477adbde563cd0d76b78b56defdf2d6438"", ""size"": 1082.67, ""price"": 0.003, ""timestamp"": 1770940963, ""title"": ""Will Ethereum reach $4,400 in February?"", ""slug"": ""will-ethereum-reach-4400-in-february-2026"", ""icon"": ""https://polymarket-upload.s3.us-east-2.amazonaws.com/ETH+fullsize.jpg"", ""eventSlug"": ""what-price-will-ethereum-hit-in-february-2026"", ""outcome"": ""Yes"", ""outcomeIndex"": 0, ""name"": ""mcdope01"", ""pseudonym"": ""Enchanted-Symbol"", ""bio"": """", ""profileImage"": """", ""profileImageOptimized"": """", ""transactionHash"": ""0x1d5c6183e2543cedd0a145ca7540db174097316a1c2b3a7c9ee750ce748990a0""}"
1770937089,2026-02-14T02:36:14.256238,0x53c24a3fd199bb0f359bc3ac898b6ac75cfc14e9ba90def55401eb2a7f39ca95:1770937089,1303357,108999384188108521715304668689630764454260618208482429430624780380952570648070,BUY,0.003,50.0,0.15,0x53c24a3fd199bb0f359bc3ac898b6ac75cfc14e9ba90def55401eb2a7f39ca95,"{""proxyWallet"": ""0x6bf8f7e1bc993c27ddd49802b8e1940356fa132d"", ""side"": ""BUY"", ""asset"": ""108999384188108521715304668689630764454260618208482429430624780380952570648070"", ""conditionId"": ""0x73acf1ef075d83bedb89e5c32e9083477adbde563cd0d76b78b56defdf2d6438"", ""size"": 50, ""price"": 0.003, ""timestamp"": 1770937089, ""title"": ""Will Ethereum reach $4,400 in February?"", ""slug"": ""will-ethereum-reach-4400-in-february-2026"", ""icon"": ""https://polymarket-upload.s3.us-east-2.amazonaws.com/ETH+fullsize.jpg"", ""eventSlug"": ""what-price-will-ethereum-hit-in-february-2026"", ""outcome"": ""Yes"", ""outcomeIndex"": 0, ""name"": """", ""pseudonym"": """", ""bio"": """", ""profileImage"": """", ""profileImageOptimized"": """", ""transactionHash"": ""0x53c24a3fd199bb0f359bc3ac898b6ac75cfc14e9ba90def55401eb2a7f39ca95""}"
1770936807,2026-02-14T02:36:14.256249,0xe9344c0aeba426c81112dfced48b71d644e95874ecb876a5588fcd2ee888a9a2:1770936807,1303357,108999384188108521715304668689630764454260618208482429430624780380952570648070,BUY,0.003,50.0,0.15,0xe9344c0aeba426c81112dfced48b71d644e95874ecb876a5588fcd2ee888a9a2,"{""proxyWallet"": ""0x6bf8f7e1bc993c27ddd49802b8e1940356fa132d"", ""side"": ""BUY"", ""asset"": ""108999384188108521715304668689630764454260618208482429430624780380952570648070"", ""conditionId"": ""0x73acf1ef075d83bedb89e5c32e9083477adbde563cd0d76b78b56defdf2d6438"", ""size"": 50, ""price"": 0.003, ""timestamp"": 1770936807, ""title"": ""Will Ethereum reach $4,400 in February?"", ""slug"": ""will-ethereum-reach-4400-in-february-2026"", ""icon"": ""https://polymarket-upload.s3.us-east-2.amazonaws.com/ETH+fullsize.jpg"", ""eventSlug"": ""what-price-will-ethereum-hit-in-february-2026"", ""outcome"": ""Yes"", ""outcomeIndex"": 0, ""name"": """", ""pseudonym"": """", ""bio"": """", ""profileImage"": """", ""profileImageOptimized"": """", ""transactionHash"": ""0xe9344c0aeba426c81112dfced48b71d644e95874ecb876a5588fcd2ee888a9a2""}"
1770936703,2026-02-14T02:36:14.256261,0x6aaa617e8d5faeb5a4374ba4301d34e0bb447351fc22b8b7bacf9bf333ba293a:1770936703,1303357,108999384188108521715304668689630764454260618208482429430624780380952570648070,BUY,0.003,50.0,0.15,0x6aaa617e8d5faeb5a4374ba4301d34e0bb447351fc22b8b7bacf9bf333ba293a,"{""proxyWallet"": ""0x6bf8f7e1bc993c27ddd49802b8e1940356fa132d"", ""side"": ""BUY"", ""asset"": ""108999384188108521715304668689630764454260618208482429430624780380952570648070"", ""conditionId"": ""0x73acf1ef075d83bedb89e5c32e9083477adbde563cd0d76b78b56defdf2d6438"", ""size"": 50, ""price"": 0.003, ""timestamp"": 1770936703, ""title"": ""Will Ethereum reach $4,400 in February?"", ""slug"": ""will-ethereum-reach-4400-in-february-2026"", ""icon"": ""https://polymarket-upload.s3.us-east-2.amazonaws.com/ETH+fullsize.jpg"", ""eventSlug"": ""what-price-will-ethereum-hit-in-february-2026"", ""outcome"": ""Yes"", ""outcomeIndex"": 0, ""name"": """", ""pseudonym"": """", ""bio"": """", ""profileImage"": """", ""profileImageOptimized"": """", ""transactionHash"": ""0x6aaa617e8d5faeb5a4374ba4301d34e0bb447351fc22b8b7bacf9bf333ba293a""}"
1770935343,2026-02-14T02:36:14.256272,0xb12cd45e6cb024923409796c65074923f4d538fe3ccdfbde419920476d9395c3:1770935343,1303357,108999384188108521715304668689630764454260618208482429430624780380952570648070,SELL,0.002,2.0,0.004,0xb12cd45e6cb024923409796c65074923f4d538fe3ccdfbde419920476d9395c3,"{""proxyWallet"": ""0xa3ccb7ac64c5e3380709d57b5e2404f5819e447c"", ""side"": ""SELL"", ""asset"": ""108999384188108521715304668689630764454260618208482429430624780380952570648070"", ""conditionId"": ""0x73acf1ef075d83bedb89e5c32e9083477adbde563cd0d76b78b56defdf2d6438"", ""size"": 2, ""price"": 0.002, ""timestamp"": 1770935343, ""title"": ""Will Ethereum reach $4,400 in February?"", ""slug"": ""will-ethereum-reach-4400-in-february-2026"", ""icon"": ""https://polymarket-upload.s3.us-east-2.amazonaws.com/ETH+fullsize.jpg"", ""eventSlug"": ""what-price-will-ethereum-hit-in-february-2026"", ""outcome"": ""Yes"", ""outcomeIndex"": 0, ""name"": ""zoootic"", ""pseudonym"": ""Svelte-Pedal"", ""bio"": """", ""profileImage"": """", ""profileImageOptimized"": """", ""transactionHash"": ""0xb12cd45e6cb024923409796c65074923f4d538fe3ccdfbde419920476d9395c3""}"
1770934133,2026-02-14T02:36:14.256285,0x6dccbc1d33983904e4ead24e474b50778dbfeb4985974e3e4eccc642227bae00:1770934133,1303357,108999384188108521715304668689630764454260618208482429430624780380952570648070,BUY,0.0030000000004893963,2043.333333,6.13,0x6dccbc1d33983904e4ead24e474b50778dbfeb4985974e3e4eccc642227bae00,"{""proxyWallet"": ""0x0c38f8b82ab285c1f7599f7aabc1eb5f697e20a6"", ""side"": ""BUY"", ""asset"": ""108999384188108521715304668689630764454260618208482429430624780380952570648070"", ""conditionId"": ""0x73acf1ef075d83bedb89e5c32e9083477adbde563cd0d76b78b56defdf2d6438"", ""size"": 2043.333333, ""price"": 0.0030000000004893963, ""timestamp"": 1770934133, ""title"": ""Will Ethereum reach $4,400 in February?"", ""slug"": ""will-ethereum-reach-4400-in-february-2026"", ""icon"": ""https://polymarket-upload.s3.us-east-2.amazonaws.com/ETH+fullsize.jpg"", ""eventSlug"": ""what-price-will-ethereum-hit-in-february-2026"", ""outcome"": ""Yes"", ""outcomeIndex"": 0, ""name"": ""0x0C38F8b82ab285C1f7599f7aAbC1eb5f697e20a6-1769979521406"", ""pseudonym"": ""Cheerful-Icicle"", ""bio"": """", ""profileImage"": """", ""profileImageOptimized"": """", ""transactionHash"": ""0x6dccbc1d33983904e4ead24e474b50778dbfeb4985974e3e4eccc642227bae00""}"
1770933995,2026-02-14T02:36:14.256299,0x2ce57f64570e165d6efb89d605eaded45129a6c52c13e91534105adc6288aae7:1770933995,1303357,108999384188108521715304668689630764454260618208482429430624780380952570648070,SELL,0.002,302.0,0.604,0x2ce57f64570e165d6efb89d605eaded45129a6c52c13e91534105adc6288aae7,"{""proxyWallet"": ""0x90b8482cf0d95b9387cea672dff7be863d0063aa"", ""side"": ""SELL"", ""asset"": ""108999384188108521715304668689630764454260618208482429430624780380952570648070"", ""conditionId"": ""0x73acf1ef075d83bedb89e5c32e9083477adbde563cd0d76b78b56defdf2d6438"", ""size"": 302, ""price"": 0.002, ""timestamp"": 1770933995, ""title"": ""Will Ethereum reach $4,400 in February?"", ""slug"": ""will-ethereum-reach-4400-in-february-2026"", ""icon"": ""https://polymarket-upload.s3.us-east-2.amazonaws.com/ETH+fullsize.jpg"", ""eventSlug"": ""what-price-will-ethereum-hit-in-february-2026"", ""outcome"": ""Yes"", ""outcomeIndex"": 0, ""name"": """", ""pseudonym"": """", ""bio"": """", ""profileImage"": """", ""profileImageOptimized"": """", ""transactionHash"": ""0x2ce57f64570e165d6efb89d605eaded45129a6c52c13e91534105adc6288aae7""}"
1770933379,2026-02-14T02:36:14.256310,0x7faa380efcd7063f160eaa209e9fe57346b6281baaec87cbe21ea4898be51134:1770933379,1303357,108999384188108521715304668689630764454260618208482429430624780380952570648070,BUY,0.003,1400.0,4.2,0x7faa380efcd7063f160eaa209e9fe57346b6281baaec87cbe21ea4898be51134,"{""proxyWallet"": ""0x48e94e6f52562a95ee70939b3ba3a411734ef0f9"", ""side"": ""BUY"", ""asset"": ""108999384188108521715304668689630764454260618208482429430624780380952570648070"", ""conditionId"": ""0x73acf1ef075d83bedb89e5c32e9083477adbde563cd0d76b78b56defdf2d6438"", ""size"": 1400, ""price"": 0.003, ""timestamp"": 1770933379, ""title"": ""Will Ethereum reach $4,400 in February?"", ""slug"": ""will-ethereum-reach-4400-in-february-2026"", ""icon"": ""https://polymarket-upload.s3.us-east-2.amazonaws.com/ETH+fullsize.jpg"", ""eventSlug"": ""what-price-will-ethereum-hit-in-february-2026"", ""outcome"": ""Yes"", ""outcomeIndex"": 0, ""name"": """", ""pseudonym"": """", ""bio"": """", ""profileImage"": """", ""profileImageOptimized"": """", ""transactionHash"": ""0x7faa380efcd7063f160eaa209e9fe57346b6281baaec87cbe21ea4898be51134""}"
1770933281,2026-02-14T02:36:14.256321,0x8db6a8f2ca2ac6cb55b7ebe290fff9e122d127266c0fca4033d1c0b6667ab721:1770933281,1303357,108999384188108521715304668689630764454260618208482429430624780380952570648070,BUY,0.003,5.0,0.015,0x8db6a8f2ca2ac6cb55b7ebe290fff9e122d127266c0fca4033d1c0b6667ab721,"{""proxyWallet"": ""0x6bf8f7e1bc993c27ddd49802b8e1940356fa132d"", ""side"": ""BUY"", ""asset"": ""108999384188108521715304668689630764454260618208482429430624780380952570648070"", ""conditionId"": ""0x73acf1ef075d83bedb89e5c32e9083477adbde563cd0d76b78b56defdf2d6438"", ""size"": 5, ""price"": 0.003, ""timestamp"": 1770933281, ""title"": ""Will Ethereum reach $4,400 in February?"", ""slug"": ""will-ethereum-reach-4400-in-february-2026"", ""icon"": ""https://polymarket-upload.s3.us-east-2.amazonaws.com/ETH+fullsize.jpg"", ""eventSlug"": ""what-price-will-ethereum-hit-in-february-2026"", ""outcome"": ""Yes"", ""outcomeIndex"": 0, ""name"": """", ""pseudonym"": """", ""bio"": """", ""profileImage"": """", ""profileImageOptimized"": """", ""transactionHash"": ""0x8db6a8f2ca2ac6cb55b7ebe290fff9e122d127266c0fca4033d1c0b6667ab721""}"
1770933125,2026-02-14T02:36:14.256333,0x14dbd983b4952f64a6b1d84bfffaf4429c5ca13b79be234a7da795a731567367:1770933125,1303357,108999384188108521715304668689630764454260618208482429430624780380952570648070,BUY,0.003,5.0,0.015,0x14dbd983b4952f64a6b1d84bfffaf4429c5ca13b79be234a7da795a731567367,"{""proxyWallet"": ""0x6bf8f7e1bc993c27ddd49802b8e1940356fa132d"", ""side"": ""BUY"", ""asset"": ""108999384188108521715304668689630764454260618208482429430624780380952570648070"", ""conditionId"": ""0x73acf1ef075d83bedb89e5c32e9083477adbde563cd0d76b78b56defdf2d6438"", ""size"": 5, ""price"": 0.003, ""timestamp"": 1770933125, ""title"": ""Will Ethereum reach $4,400 in February?"", ""slug"": ""will-ethereum-reach-4400-in-february-2026"", ""icon"": ""https://polymarket-upload.s3.us-east-2.amazonaws.com/ETH+fullsize.jpg"", ""eventSlug"": ""what-price-will-ethereum-hit-in-february-2026"", ""outcome"": ""Yes"", ""outcomeIndex"": 0, ""name"": """", ""pseudonym"": """", ""bio"": """", ""profileImage"": """", ""profileImageOptimized"": """", ""transactionHash"": ""0x14dbd983b4952f64a6b1d84bfffaf4429c5ca13b79be234a7da795a731567367""}"
1770932833,2026-02-14T02:36:14.256344,0xde497b5a4bab213683fb752ef6ec040ed7043dbffbb0186e089cd81abb5b9ea1:1770932833,1303357,108999384188108521715304668689630764454260618208482429430624780380952570648070,BUY,0.003,5.0,0.015,0xde497b5a4bab213683fb752ef6ec040ed7043dbffbb0186e089cd81abb5b9ea1,"{""proxyWallet"": ""0x6bf8f7e1bc993c27ddd49802b8e1940356fa132d"", ""side"": ""BUY"", ""asset"": ""108999384188108521715304668689630764454260618208482429430624780380952570648070"", ""conditionId"": ""0x73acf1ef075d83bedb89e5c32e9083477adbde563cd0d76b78b56defdf2d6438"", ""size"": 5, ""price"": 0.003, ""timestamp"": 1770932833, ""title"": ""Will Ethereum reach $4,400 in February?"", ""slug"": ""will-ethereum-reach-4400-in-february-2026"", ""icon"": ""https://polymarket-upload.s3.us-east-2.amazonaws.com/ETH+fullsize.jpg"", ""eventSlug"": ""what-price-will-ethereum-hit-in-february-2026"", ""outcome"": ""Yes"", ""outcomeIndex"": 0, ""name"": """", ""pseudonym"": """", ""bio"": """", ""profileImage"": """", ""profileImageOptimized"": """", ""transactionHash"": ""0xde497b5a4bab213683fb752ef6ec040ed7043dbffbb0186e089cd81abb5b9ea1""}"
1770932767,2026-02-14T02:36:14.256355,0x7e7b297e9e6e3f3f96b0bb5676409fc690408e24148a84db3748886086be680a:1770932767,1303357,108999384188108521715304668689630764454260618208482429430624780380952570648070,BUY,0.003,302.0,0.906,0x7e7b297e9e6e3f3f96b0bb5676409fc690408e24148a84db3748886086be680a,"{""proxyWallet"": ""0x90b8482cf0d95b9387cea672dff7be863d0063aa"", ""side"": ""BUY"", ""asset"": ""108999384188108521715304668689630764454260618208482429430624780380952570648070"", ""conditionId"": ""0x73acf1ef075d83bedb89e5c32e9083477adbde563cd0d76b78b56defdf2d6438"", ""size"": 302, ""price"": 0.003, ""timestamp"": 1770932767, ""title"": ""Will Ethereum reach $4,400 in February?"", ""slug"": ""will-ethereum-reach-4400-in-february-2026"", ""icon"": ""https://polymarket-upload.s3.us-east-2.amazonaws.com/ETH+fullsize.jpg"", ""eventSlug"": ""what-price-will-ethereum-hit-in-february-2026"", ""outcome"": ""Yes"", ""outcomeIndex"": 0, ""name"": """", ""pseudonym"": """", ""bio"": """", ""profileImage"": """", ""profileImageOptimized"": """", ""transactionHash"": ""0x7e7b297e9e6e3f3f96b0bb5676409fc690408e24148a84db3748886086be680a""}"
1770932155,2026-02-14T02:36:14.256366,0xd4c57a0136c4f761ff8413dd47a843b33496bb1340e10fde66caba0142447d17:1770932155,1303357,108999384188108521715304668689630764454260618208482429430624780380952570648070,BUY,0.003,1400.0,4.2,0xd4c57a0136c4f761ff8413dd47a843b33496bb1340e10fde66caba0142447d17,"{""proxyWallet"": ""0x48e94e6f52562a95ee70939b3ba3a411734ef0f9"", ""side"": ""BUY"", ""asset"": ""108999384188108521715304668689630764454260618208482429430624780380952570648070"", ""conditionId"": ""0x73acf1ef075d83bedb89e5c32e9083477adbde563cd0d76b78b56defdf2d6438"", ""size"": 1400, ""price"": 0.003, ""timestamp"": 1770932155, ""title"": ""Will Ethereum reach $4,400 in February?"", ""slug"": ""will-ethereum-reach-4400-in-february-2026"", ""icon"": ""https://polymarket-upload.s3.us-east-2.amazonaws.com/ETH+fullsize.jpg"", ""eventSlug"": ""what-price-will-ethereum-hit-in-february-2026"", ""outcome"": ""Yes"", ""outcomeIndex"": 0, ""name"": """", ""pseudonym"": """", ""bio"": """", ""profileImage"": """", ""profileImageOptimized"": """", ""transactionHash"": ""0xd4c57a0136c4f761ff8413dd47a843b33496bb1340e10fde66caba0142447d17""}"
1770930327,2026-02-14T02:36:14.256378,0x2a47d549a621b7c989a72c3918427be365b0eb19d67b36fdf8f2d5e6447633da:1770930327,1303357,108999384188108521715304668689630764454260618208482429430624780380952570648070,BUY,0.003,1400.0,4.2,0x2a47d549a621b7c989a72c3918427be365b0eb19d67b36fdf8f2d5e6447633da,"{""proxyWallet"": ""0x48e94e6f52562a95ee70939b3ba3a411734ef0f9"", ""side"": ""BUY"", ""asset"": ""108999384188108521715304668689630764454260618208482429430624780380952570648070"", ""conditionId"": ""0x73acf1ef075d83bedb89e5c32e9083477adbde563cd0d76b78b56defdf2d6438"", ""size"": 1400, ""price"": 0.003, ""timestamp"": 1770930327, ""title"": ""Will Ethereum reach $4,400 in February?"", ""slug"": ""will-ethereum-reach-4400-in-february-2026"", ""icon"": ""https://polymarket-upload.s3.us-east-2.amazonaws.com/ETH+fullsize.jpg"", ""eventSlug"": ""what-price-will-ethereum-hit-in-february-2026"", ""outcome"": ""Yes"", ""outcomeIndex"": 0, ""name"": """", ""pseudonym"": """", ""bio"": """", ""profileImage"": """", ""profileImageOptimized"": """", ""transactionHash"": ""0x2a47d549a621b7c989a72c3918427be365b0eb19d67b36fdf8f2d5e6447633da""}"
1770924351,2026-02-14T02:36:15.180370,0xd0238d1250318e53c546e67c7061d0fa49bf1727fec76ecd0bdedb2e77b37187:1770924351,1303357,108999384188108521715304668689630764454260618208482429430624780380952570648070,SELL,0.002,100.0,0.2,0xd0238d1250318e53c546e67c7061d0fa49bf1727fec76ecd0bdedb2e77b37187,"{""proxyWallet"": ""0xe91ba0646f1de51c9b0cf1763c3dd9d8b4a6615a"", ""side"": ""SELL"", ""asset"": ""108999384188108521715304668689630764454260618208482429430624780380952570648070"", ""conditionId"": ""0x73acf1ef075d83bedb89e5c32e9083477adbde563cd0d76b78b56defdf2d6438"", ""size"": 100, ""price"": 0.002, ""timestamp"": 1770924351, ""title"": ""Will Ethereum reach $4,400 in February?"", ""slug"": ""will-ethereum-reach-4400-in-february-2026"", ""icon"": ""https://polymarket-upload.s3.us-east-2.amazonaws.com/ETH+fullsize.jpg"", ""eventSlug"": ""what-price-will-ethereum-hit-in-february-2026"", ""outcome"": ""Yes"", ""outcomeIndex"": 0, ""name"": ""0xe91Ba0646f1De51c9b0Cf1763c3dd9D8b4a6615A-1770746361919"", ""pseudonym"": ""Creative-Policeman"", ""bio"": """", ""profileImage"": """", ""profileImageOptimized"": """", ""transactionHash"": ""0xd0238d1250318e53c546e67c7061d0fa49bf1727fec76ecd0bdedb2e77b37187""}"
1770921025,2026-02-14T02:36:15.180421,0x2dd1487adb9decd073e5213962015d26eb88304fa9c8916a60843a60e5487b0b:1770921025,1303357,108999384188108521715304668689630764454260618208482429430624780380952570648070,BUY,0.003,5.0,0.015,0x2dd1487adb9decd073e5213962015d26eb88304fa9c8916a60843a60e5487b0b,"{""proxyWallet"": ""0x0caee788224ef8791b403fa5689beb8cb5b21d42"", ""side"": ""BUY"", ""asset"": ""108999384188108521715304668689630764454260618208482429430624780380952570648070"", ""conditionId"": ""0x73acf1ef075d83bedb89e5c32e9083477adbde563cd0d76b78b56defdf2d6438"", ""size"": 5, ""price"": 0.003, ""timestamp"": 1770921025, ""title"": ""Will Ethereum reach $4,400 in February?"", ""slug"": ""will-ethereum-reach-4400-in-february-2026"", ""icon"": ""https://polymarket-upload.s3.us-east-2.amazonaws.com/ETH+fullsize.jpg"", ""eventSlug"": ""what-price-will-ethereum-hit-in-february-2026"", ""outcome"": ""Yes"", ""outcomeIndex"": 0, ""name"": ""researchman"", ""pseudonym"": ""Ideal-Tiger"", ""bio"": """", ""profileImage"": """", ""profileImageOptimized"": """", ""transactionHash"": ""0x2dd1487adb9decd073e5213962015d26eb88304fa9c8916a60843a60e5487b0b""}"
1770920639,2026-02-14T02:36:15.180439,0xc29b5a0a87260c1f510b5d8b47744fed9928b66b58f8e29e249645aebe1b1f89:1770920639,1303357,108999384188108521715304668689630764454260618208482429430624780380952570648070,BUY,0.003,100.0,0.3,0xc29b5a0a87260c1f510b5d8b47744fed9928b66b58f8e29e249645aebe1b1f89,"{""proxyWallet"": ""0xe91ba0646f1de51c9b0cf1763c3dd9d8b4a6615a"", ""side"": ""BUY"", ""asset"": ""108999384188108521715304668689630764454260618208482429430624780380952570648070"", ""conditionId"": ""0x73acf1ef075d83bedb89e5c32e9083477adbde563cd0d76b78b56defdf2d6438"", ""size"": 100, ""price"": 0.003, ""timestamp"": 1770920639, ""title"": ""Will Ethereum reach $4,400 in February?"", ""slug"": ""will-ethereum-reach-4400-in-february-2026"", ""icon"": ""https://polymarket-upload.s3.us-east-2.amazonaws.com/ETH+fullsize.jpg"", ""eventSlug"": ""what-price-will-ethereum-hit-in-february-2026"", ""outcome"": ""Yes"", ""outcomeIndex"": 0, ""name"": ""0xe91Ba0646f1De51c9b0Cf1763c3dd9D8b4a6615A-1770746361919"", ""pseudonym"": ""Creative-Policeman"", ""bio"": """", ""profileImage"": """", ""profileImageOptimized"": """", ""transactionHash"": ""0xc29b5a0a87260c1f510b5d8b47744fed9928b66b58f8e29e249645aebe1b1f89""}"
1770918249,2026-02-14T02:36:15.180455,0x7a313f322a0363288deb793d46f38524ebc66a8db4542a6bceb15542d1db1e30:1770918249,1303357,108999384188108521715304668689630764454260618208482429430624780380952570648070,BUY,0.003,5.0,0.015,0x7a313f322a0363288deb793d46f38524ebc66a8db4542a6bceb15542d1db1e30,"{""proxyWallet"": ""0x0caee788224ef8791b403fa5689beb8cb5b21d42"", ""side"": ""BUY"", ""asset"": ""108999384188108521715304668689630764454260618208482429430624780380952570648070"", ""conditionId"": ""0x73acf1ef075d83bedb89e5c32e9083477adbde563cd0d76b78b56defdf2d6438"", ""size"": 5, ""price"": 0.003, ""timestamp"": 1770918249, ""title"": ""Will Ethereum reach $4,400 in February?"", ""slug"": ""will-ethereum-reach-4400-in-february-2026"", ""icon"": ""https://polymarket-upload.s3.us-east-2.amazonaws.com/ETH+fullsize.jpg"", ""eventSlug"": ""what-price-will-ethereum-hit-in-february-2026"", ""outcome"": ""Yes"", ""outcomeIndex"": 0, ""name"": ""researchman"", ""pseudonym"": ""Ideal-Tiger"", ""bio"": """", ""profileImage"": """", ""profileImageOptimized"": """", ""transactionHash"": ""0x7a313f322a0363288deb793d46f38524ebc66a8db4542a6bceb15542d1db1e30""}"
1770917563,2026-02-14T02:36:15.180469,0xbaf0caf758d8172562be5de10b9ce5be72e41bc7bbfc11cd0f61c60a5de4d1b7:1770917563,1303357,108999384188108521715304668689630764454260618208482429430624780380952570648070,BUY,0.003,5.0,0.015,0xbaf0caf758d8172562be5de10b9ce5be72e41bc7bbfc11cd0f61c60a5de4d1b7,"{""proxyWallet"": ""0x0caee788224ef8791b403fa5689beb8cb5b21d42"", ""side"": ""BUY"", ""asset"": ""108999384188108521715304668689630764454260618208482429430624780380952570648070"", ""conditionId"": ""0x73acf1ef075d83bedb89e5c32e9083477adbde563cd0d76b78b56defdf2d6438"", ""size"": 5, ""price"": 0.003, ""timestamp"": 1770917563, ""title"": ""Will Ethereum reach $4,400 in February?"", ""slug"": ""will-ethereum-reach-4400-in-february-2026"", ""icon"": ""https://polymarket-upload.s3.us-east-2.amazonaws.com/ETH+fullsize.jpg"", ""eventSlug"": ""what-price-will-ethereum-hit-in-february-2026"", ""outcome"": ""Yes"", ""outcomeIndex"": 0, ""name"": ""researchman"", ""pseudonym"": ""Ideal-Tiger"", ""bio"": """", ""profileImage"": """", ""profileImageOptimized"": """", ""transactionHash"": ""0xbaf0caf758d8172562be5de10b9ce5be72e41bc7bbfc11cd0f61c60a5de4d1b7""}"
1770914455,2026-02-14T02:36:15.180482,0x03aebd127cb1d180ed0233b529d437aec8b0c2e30c2ee37bad639913e35eceb5:1770914455,1303357,108999384188108521715304668689630764454260618208482429430624780380952570648070,BUY,0.003,2.0,0.006,0x03aebd127cb1d180ed0233b529d437aec8b0c2e30c2ee37bad639913e35eceb5,"{""proxyWallet"": ""0xa3ccb7ac64c5e3380709d57b5e2404f5819e447c"", ""side"": ""BUY"", ""asset"": ""108999384188108521715304668689630764454260618208482429430624780380952570648070"", ""conditionId"": ""0x73acf1ef075d83bedb89e5c32e9083477adbde563cd0d76b78b56defdf2d6438"", ""size"": 2, ""price"": 0.003, ""timestamp"": 1770914455, ""title"": ""Will Ethereum reach $4,400 in February?"", ""slug"": ""will-ethereum-reach-4400-in-february-2026"", ""icon"": ""https://polymarket-upload.s3.us-east-2.amazonaws.com/ETH+fullsize.jpg"", ""eventSlug"": ""what-price-will-ethereum-hit-in-february-2026"", ""outcome"": ""Yes"", ""outcomeIndex"": 0, ""name"": ""zoootic"", ""pseudonym"": ""Svelte-Pedal"", ""bio"": """", ""profileImage"": """", ""profileImageOptimized"": """", ""transactionHash"": ""0x03aebd127cb1d180ed0233b529d437aec8b0c2e30c2ee37bad639913e35eceb5""}"
1770914361,2026-02-14T02:36:15.180496,0xb22113fb06bd97e3bdce7092a1e907f934422985cb9daee6566810f37880df67:1770914361,1303357,108999384188108521715304668689630764454260618208482429430624780380952570648070,BUY,0.003,400.0,1.2,0xb22113fb06bd97e3bdce7092a1e907f934422985cb9daee6566810f37880df67,"{""proxyWallet"": ""0xd07003703c2d2335d41d1b392b1b68ff0f86b4b8"", ""side"": ""BUY"", ""asset"": ""108999384188108521715304668689630764454260618208482429430624780380952570648070"", ""conditionId"": ""0x73acf1ef075d83bedb89e5c32e9083477adbde563cd0d76b78b56defdf2d6438"", ""size"": 400, ""price"": 0.003, ""timestamp"": 1770914361, ""title"": ""Will Ethereum reach $4,400 in February?"", ""slug"": ""will-ethereum-reach-4400-in-february-2026"", ""icon"": ""https://polymarket-upload.s3.us-east-2.amazonaws.com/ETH+fullsize.jpg"", ""eventSlug"": ""what-price-will-ethereum-hit-in-february-2026"", ""outcome"": ""Yes"", ""outcomeIndex"": 0, ""name"": ""0xd07003703c2d2335D41D1B392b1B68Ff0f86B4b8-1768823457917"", ""pseudonym"": ""Delightful-Collectivization"", ""bio"": """", ""profileImage"": """", ""profileImageOptimized"": """", ""transactionHash"": ""0xb22113fb06bd97e3bdce7092a1e907f934422985cb9daee6566810f37880df67""}"
1770897663,2026-02-14T02:36:15.180525,0xcdcb27d04f4ce7ed0e07e51aabdca6031e30f30bcd7e7abcdb1b621ab353e5d4:1770897663,1303357,108999384188108521715304668689630764454260618208482429430624780380952570648070,BUY,0.003,64109.26,192.32778000000002,0xcdcb27d04f4ce7ed0e07e51aabdca6031e30f30bcd7e7abcdb1b621ab353e5d4,"{""proxyWallet"": ""0xce906b97b9577fef82836d550f73328ad7cdd285"", ""side"": ""BUY"", ""asset"": ""108999384188108521715304668689630764454260618208482429430624780380952570648070"", ""conditionId"": ""0x73acf1ef075d83bedb89e5c32e9083477adbde563cd0d76b78b56defdf2d6438"", ""size"": 64109.26, ""price"": 0.003, ""timestamp"": 1770897663, ""title"": ""Will Ethereum reach $4,400 in February?"", ""slug"": ""will-ethereum-reach-4400-in-february-2026"", ""icon"": ""https://polymarket-upload.s3.us-east-2.amazonaws.com/ETH+fullsize.jpg"", ""eventSlug"": ""what-price-will-ethereum-hit-in-february-2026"", ""outcome"": ""Yes"", ""outcomeIndex"": 0, ""name"": ""Bro-Sigma"", ""pseudonym"": ""Probable-Possible"", ""bio"": """", ""profileImage"": ""https://polymarket-upload.s3.us-east-2.amazonaws.com/profile-image-577033-cd16fc84-483c-4f6b-a575-ad500e6f1472.png"", ""profileImageOptimized"": """", ""transactionHash"": ""0xcdcb27d04f4ce7ed0e07e51aabdca6031e30f30bcd7e7abcdb1b621ab353e5d4""}"
1770895095,2026-02-14T02:36:15.180540,0x7d1f3a2a9d8088ad08f6bc3cdbe7ed3a800a30a9773a0a395b2242aaa3229640:1770895095,1303357,108999384188108521715304668689630764454260618208482429430624780380952570648070,BUY,0.003,62900.0,188.70000000000002,0x7d1f3a2a9d8088ad08f6bc3cdbe7ed3a800a30a9773a0a395b2242aaa3229640,"{""proxyWallet"": ""0x3eda1413b9bba9657b255e224d7fee04c0f5ccfd"", ""side"": ""BUY"", ""asset"": ""108999384188108521715304668689630764454260618208482429430624780380952570648070"", ""conditionId"": ""0x73acf1ef075d83bedb89e5c32e9083477adbde563cd0d76b78b56defdf2d6438"", ""size"": 62900, ""price"": 0.003, ""timestamp"": 1770895095, ""title"": ""Will Ethereum reach $4,400 in February?"", ""slug"": ""will-ethereum-reach-4400-in-february-2026"", ""icon"": ""https://polymarket-upload.s3.us-east-2.amazonaws.com/ETH+fullsize.jpg"", ""eventSlug"": ""what-price-will-ethereum-hit-in-february-2026"", ""outcome"": ""Yes"", ""outcomeIndex"": 0, ""name"": ""jojoly2"", ""pseudonym"": ""Decisive-Sack"", ""bio"": """", ""profileImage"": """", ""profileImageOptimized"": """", ""transactionHash"": ""0x7d1f3a2a9d8088ad08f6bc3cdbe7ed3a800a30a9773a0a395b2242aaa3229640""}"
1770894919,2026-02-14T02:36:15.180552,0x19c4328e02491dbac9b7fff8b16a64e5c85c274f7508ac8de4e9f542f9c5acec:1770894919,1303357,108999384188108521715304668689630764454260618208482429430624780380952570648070,BUY,0.003,62100.0,186.3,0x19c4328e02491dbac9b7fff8b16a64e5c85c274f7508ac8de4e9f542f9c5acec,"{""proxyWallet"": ""0x8e6aa0b6867f748f2fd1d8b9149de4e1b2852577"", ""side"": ""BUY"", ""asset"": ""108999384188108521715304668689630764454260618208482429430624780380952570648070"", ""conditionId"": ""0x73acf1ef075d83bedb89e5c32e9083477adbde563cd0d76b78b56defdf2d6438"", ""size"": 62100, ""price"": 0.003, ""timestamp"": 1770894919, ""title"": ""Will Ethereum reach $4,400 in February?"", ""slug"": ""will-ethereum-reach-4400-in-february-2026"", ""icon"": ""https://polymarket-upload.s3.us-east-2.amazonaws.com/ETH+fullsize.jpg"", ""eventSlug"": ""what-price-will-ethereum-hit-in-february-2026"", ""outcome"": ""Yes"", ""outcomeIndex"": 0, ""name"": ""maxi69"", ""pseudonym"": ""Steel-Error"", ""bio"": """", ""profileImage"": """", ""profileImageOptimized"": """", ""transactionHash"": ""0x19c4328e02491dbac9b7fff8b16a64e5c85c274f7508ac8de4e9f542f9c5acec""}"
1770894769,2026-02-14T02:36:15.180564,0xad277576a8f27d8e9c444d7dc32200e418d8e9271a35864bc4c02676238bf601:1770894769,1303357,108999384188108521715304668689630764454260618208482429430624780380952570648070,BUY,0.003,62300.0,186.9,0xad277576a8f27d8e9c444d7dc32200e418d8e9271a35864bc4c02676238bf601,"{""proxyWallet"": ""0x6809e9a4170ff1fe395bb8cf7a29a88f1266222d"", ""side"": ""BUY"", ""asset"": ""108999384188108521715304668689630764454260618208482429430624780380952570648070"", ""conditionId"": ""0x73acf1ef075d83bedb89e5c32e9083477adbde563cd0d76b78b56defdf2d6438"", ""size"": 62300, ""price"": 0.003, ""timestamp"": 1770894769, ""title"": ""Will Ethereum reach $4,400 in February?"", ""slug"": ""will-ethereum-reach-4400-in-february-2026"", ""icon"": ""https://polymarket-upload.s3.us-east-2.amazonaws.com/ETH+fullsize.jpg"", ""eventSlug"": ""what-price-will-ethereum-hit-in-february-2026"", ""outcome"": ""Yes"", ""outcomeIndex"": 0, ""name"": ""jen007"", ""pseudonym"": ""Rapid-Caddy"", ""bio"": """", ""profileImage"": """", ""profileImageOptimized"": """", ""transactionHash"": ""0xad277576a8f27d8e9c444d7dc32200e418d8e9271a35864bc4c02676238bf601""}"
1770894637,2026-02-14T02:36:15.180576,0xbf46969a845847d1f9cdcdee12063a996afdc962f46f77d116719b333649adba:1770894637,1303357,108999384188108521715304668689630764454260618208482429430624780380952570648070,BUY,0.003,60000.0,180.0,0xbf46969a845847d1f9cdcdee12063a996afdc962f46f77d116719b333649adba,"{""proxyWallet"": ""0x3a6588d1c1e0a6f37b01716ee6ae185e96e4d1b4"", ""side"": ""BUY"", ""asset"": ""108999384188108521715304668689630764454260618208482429430624780380952570648070"", ""conditionId"": ""0x73acf1ef075d83bedb89e5c32e9083477adbde563cd0d76b78b56defdf2d6438"", ""size"": 60000, ""price"": 0.003, ""timestamp"": 1770894637, ""title"": ""Will Ethereum reach $4,400 in February?"", ""slug"": ""will-ethereum-reach-4400-in-february-2026"", ""icon"": ""https://polymarket-upload.s3.us-east-2.amazonaws.com/ETH+fullsize.jpg"", ""eventSlug"": ""what-price-will-ethereum-hit-in-february-2026"", ""outcome"": ""Yes"", ""outcomeIndex"": 0, ""name"": ""00jama"", ""pseudonym"": ""Slow-Gokart"", ""bio"": """", ""profileImage"": """", ""profileImageOptimized"": """", ""transactionHash"": ""0xbf46969a845847d1f9cdcdee12063a996afdc962f46f77d116719b333649adba""}"
1770894465,2026-02-14T02:36:15.180588,0x2f38ccb64e5aa052152aa9a7bbe942a2026a991009704d7c7af12c444c18e004:1770894465,1303357,108999384188108521715304668689630764454260618208482429430624780380952570648070,BUY,0.003,62900.0,188.70000000000002,0x2f38ccb64e5aa052152aa9a7bbe942a2026a991009704d7c7af12c444c18e004,"{""proxyWallet"": ""0x87f3c1f7d9c52ac880b4a128397205f8b98f0a0d"", ""side"": ""BUY"", ""asset"": ""108999384188108521715304668689630764454260618208482429430624780380952570648070"", ""conditionId"": ""0x73acf1ef075d83bedb89e5c32e9083477adbde563cd0d76b78b56defdf2d6438"", ""size"": 62900, ""price"": 0.003, ""timestamp"": 1770894465, ""title"": ""Will Ethereum reach $4,400 in February?"", ""slug"": ""will-ethereum-reach-4400-in-february-2026"", ""icon"": ""https://polymarket-upload.s3.us-east-2.amazonaws.com/ETH+fullsize.jpg"", ""eventSlug"": ""what-price-will-ethereum-hit-in-february-2026"", ""outcome"": ""Yes"", ""outcomeIndex"": 0, ""name"": ""vorti99"", ""pseudonym"": ""Brisk-Welcome"", ""bio"": """", ""profileImage"": """", ""profileImageOptimized"": """", ""transactionHash"": ""0x2f38ccb64e5aa052152aa9a7bbe942a2026a991009704d7c7af12c444c18e004""}"
1770894315,2026-02-14T02:36:15.180600,0x59b82fc0e1fa06418a76e02e3c58934f900ee418237045c149e62c513f8599a9:1770894315,1303357,108999384188108521715304668689630764454260618208482429430624780380952570648070,BUY,0.003,61888.0,185.66400000000002,0x59b82fc0e1fa06418a76e02e3c58934f900ee418237045c149e62c513f8599a9,"{""proxyWallet"": ""0x4396e57f6da93a6cce6215b51b58838b40f229aa"", ""side"": ""BUY"", ""asset"": ""108999384188108521715304668689630764454260618208482429430624780380952570648070"", ""conditionId"": ""0x73acf1ef075d83bedb89e5c32e9083477adbde563cd0d76b78b56defdf2d6438"", ""size"": 61888, ""price"": 0.003, ""timestamp"": 1770894315, ""title"": ""Will Ethereum reach $4,400 in February?"", ""slug"": ""will-ethereum-reach-4400-in-february-2026"", ""icon"": ""https://polymarket-upload.s3.us-east-2.amazonaws.com/ETH+fullsize.jpg"", ""eventSlug"": ""what-price-will-ethereum-hit-in-february-2026"", ""outcome"": ""Yes"", ""outcomeIndex"": 0, ""name"": ""tom0x"", ""pseudonym"": ""Flat-Glasses"", ""bio"": """", ""profileImage"": """", ""profileImageOptimized"": """", ""transactionHash"": ""0x59b82fc0e1fa06418a76e02e3c58934f900ee418237045c149e62c513f8599a9""}"
1770894169,2026-02-14T02:36:15.180612,0xd1f086d0c08ca371b76fe6e429287612d4620893da6f0b52cabdd6ecac7c6340:1770894169,1303357,108999384188108521715304668689630764454260618208482429430624780380952570648070,BUY,0.003,62000.0,186.0,0xd1f086d0c08ca371b76fe6e429287612d4620893da6f0b52cabdd6ecac7c6340,"{""proxyWallet"": ""0x2ebba0df4a21427a36201b5e1f642e82960331cc"", ""side"": ""BUY"", ""asset"": ""108999384188108521715304668689630764454260618208482429430624780380952570648070"", ""conditionId"": ""0x73acf1ef075d83bedb89e5c32e9083477adbde563cd0d76b78b56defdf2d6438"", ""size"": 62000, ""price"": 0.003, ""timestamp"": 1770894169, ""title"": ""Will Ethereum reach $4,400 in February?"", ""slug"": ""will-ethereum-reach-4400-in-february-2026"", ""icon"": ""https://polymarket-upload.s3.us-east-2.amazonaws.com/ETH+fullsize.jpg"", ""eventSlug"": ""what-price-will-ethereum-hit-in-february-2026"", ""outcome"": ""Yes"", ""outcomeIndex"": 0, ""name"": ""kalyam"", ""pseudonym"": ""Little-Lumberman"", ""bio"": """", ""profileImage"": """", ""profileImageOptimized"": """", ""transactionHash"": ""0xd1f086d0c08ca371b76fe6e429287612d4620893da6f0b52cabdd6ecac7c6340""}"
1770894023,2026-02-14T02:36:15.180623,0x430057465d30815ec42d9f0bb974da88e84c60e13b8a3e82f6055741c952bf2d:1770894023,1303357,108999384188108521715304668689630764454260618208482429430624780380952570648070,BUY,0.003,62555.0,187.665,0x430057465d30815ec42d9f0bb974da88e84c60e13b8a3e82f6055741c952bf2d,"{""proxyWallet"": ""0x7f0e97563a4d3cab669be94ba86687e299f0fb42"", ""side"": ""BUY"", ""asset"": ""108999384188108521715304668689630764454260618208482429430624780380952570648070"", ""conditionId"": ""0x73acf1ef075d83bedb89e5c32e9083477adbde563cd0d76b78b56defdf2d6438"", ""size"": 62555, ""price"": 0.003, ""timestamp"": 1770894023, ""title"": ""Will Ethereum reach $4,400 in February?"", ""slug"": ""will-ethereum-reach-4400-in-february-2026"", ""icon"": ""https://polymarket-upload.s3.us-east-2.amazonaws.com/ETH+fullsize.jpg"", ""eventSlug"": ""what-price-will-ethereum-hit-in-february-2026"", ""outcome"": ""Yes"", ""outcomeIndex"": 0, ""name"": ""ken088"", ""pseudonym"": ""Concrete-Evaluator"", ""bio"": """", ""profileImage"": """", ""profileImageOptimized"": """", ""transactionHash"": ""0x430057465d30815ec42d9f0bb974da88e84c60e13b8a3e82f6055741c952bf2d""}"
1770893835,2026-02-14T02:36:15.180635,0x4c2ec8d15516029e382396c01879609e6aa1dc64cb6d14d9052878f020ffe29f:1770893835,1303357,108999384188108521715304668689630764454260618208482429430624780380952570648070,BUY,0.003,62348.0,187.044,0x4c2ec8d15516029e382396c01879609e6aa1dc64cb6d14d9052878f020ffe29f,"{""proxyWallet"": ""0xbe16c886591d1cc072a3fd8ace06e7e592141824"", ""side"": ""BUY"", ""asset"": ""108999384188108521715304668689630764454260618208482429430624780380952570648070"", ""conditionId"": ""0x73acf1ef075d83bedb89e5c32e9083477adbde563cd0d76b78b56defdf2d6438"", ""size"": 62348, ""price"": 0.003, ""timestamp"": 1770893835, ""title"": ""Will Ethereum reach $4,400 in February?"", ""slug"": ""will-ethereum-reach-4400-in-february-2026"", ""icon"": ""https://polymarket-upload.s3.us-east-2.amazonaws.com/ETH+fullsize.jpg"", ""eventSlug"": ""what-price-will-ethereum-hit-in-february-2026"", ""outcome"": ""Yes"", ""outcomeIndex"": 0, ""name"": ""chank66"", ""pseudonym"": ""Icky-Consent"", ""bio"": """", ""profileImage"": """", ""profileImageOptimized"": """", ""transactionHash"": ""0x4c2ec8d15516029e382396c01879609e6aa1dc64cb6d14d9052878f020ffe29f""}"
1770893685,2026-02-14T02:36:15.180647,0xe05fa063570e6ec3de6c52b6dcc74e13d64bdfec08a2d6a00f139da5fa238140:1770893685,1303357,108999384188108521715304668689630764454260618208482429430624780380952570648070,BUY,0.003,62900.0,188.70000000000002,0xe05fa063570e6ec3de6c52b6dcc74e13d64bdfec08a2d6a00f139da5fa238140,"{""proxyWallet"": ""0xde6f0fe9efd7ba23e55e334ac16025a55761afdf"", ""side"": ""BUY"", ""asset"": ""108999384188108521715304668689630764454260618208482429430624780380952570648070"", ""conditionId"": ""0x73acf1ef075d83bedb89e5c32e9083477adbde563cd0d76b78b56defdf2d6438"", ""size"": 62900, ""price"": 0.003, ""timestamp"": 1770893685, ""title"": ""Will Ethereum reach $4,400 in February?"", ""slug"": ""will-ethereum-reach-4400-in-february-2026"", ""icon"": ""https://polymarket-upload.s3.us-east-2.amazonaws.com/ETH+fullsize.jpg"", ""eventSlug"": ""what-price-will-ethereum-hit-in-february-2026"", ""outcome"": ""Yes"", ""outcomeIndex"": 0, ""name"": ""yari444"", ""pseudonym"": ""Winding-Standardization"", ""bio"": """", ""profileImage"": """", ""profileImageOptimized"": """", ""transactionHash"": ""0xe05fa063570e6ec3de6c52b6dcc74e13d64bdfec08a2d6a00f139da5fa238140""}"
1770893555,2026-02-14T02:36:15.180658,0xe193751ba8ef4720d24530dcc90ba4bff765040733c4ba40f06a8f5fc79678db:1770893555,1303357,108999384188108521715304668689630764454260618208482429430624780380952570648070,BUY,0.003,60000.0,180.0,0xe193751ba8ef4720d24530dcc90ba4bff765040733c4ba40f06a8f5fc79678db,"{""proxyWallet"": ""0xf076666a1ace0206c913ea80c90ecb8a13a3bfda"", ""side"": ""BUY"", ""asset"": ""108999384188108521715304668689630764454260618208482429430624780380952570648070"", ""conditionId"": ""0x73acf1ef075d83bedb89e5c32e9083477adbde563cd0d76b78b56defdf2d6438"", ""size"": 60000, ""price"": 0.003, ""timestamp"": 1770893555, ""title"": ""Will Ethereum reach $4,400 in February?"", ""slug"": ""will-ethereum-reach-4400-in-february-2026"", ""icon"": ""https://polymarket-upload.s3.us-east-2.amazonaws.com/ETH+fullsize.jpg"", ""eventSlug"": ""what-price-will-ethereum-hit-in-february-2026"", ""outcome"": ""Yes"", ""outcomeIndex"": 0, ""name"": ""polu03"", ""pseudonym"": ""Unsteady-Fugato"", ""bio"": """", ""profileImage"": """", ""profileImageOptimized"": """", ""transactionHash"": ""0xe193751ba8ef4720d24530dcc90ba4bff765040733c4ba40f06a8f5fc79678db""}"
1770893413,2026-02-14T02:36:15.180669,0x55c505b395d77b7212e3a79018677f703d7b65a8bf7f048431933773a4495378:1770893413,1303357,108999384188108521715304668689630764454260618208482429430624780380952570648070,BUY,0.003,61002.0,183.006,0x55c505b395d77b7212e3a79018677f703d7b65a8bf7f048431933773a4495378,"{""proxyWallet"": ""0x72080fd2cf25d79a3616d8bc0095dafe61db66fd"", ""side"": ""BUY"", ""asset"": ""108999384188108521715304668689630764454260618208482429430624780380952570648070"", ""conditionId"": ""0x73acf1ef075d83bedb89e5c32e9083477adbde563cd0d76b78b56defdf2d6438"", ""size"": 61002, ""price"": 0.003, ""timestamp"": 1770893413, ""title"": ""Will Ethereum reach $4,400 in February?"", ""slug"": ""will-ethereum-reach-4400-in-february-2026"", ""icon"": ""https://polymarket-upload.s3.us-east-2.amazonaws.com/ETH+fullsize.jpg"", ""eventSlug"": ""what-price-will-ethereum-hit-in-february-2026"", ""outcome"": ""Yes"", ""outcomeIndex"": 0, ""name"": ""0xaver"", ""pseudonym"": ""Ragged-Manner"", ""bio"": """", ""profileImage"": """", ""profileImageOptimized"": """", ""transactionHash"": ""0x55c505b395d77b7212e3a79018677f703d7b65a8bf7f048431933773a4495378""}"
1770893265,2026-02-14T02:36:15.180680,0x858bc660ed2d4aecb5af6e60bff4f03bdf4d80d86b8f23594ecce814d44f68e8:1770893265,1303357,108999384188108521715304668689630764454260618208482429430624780380952570648070,BUY,0.003,62001.65,186.00495,0x858bc660ed2d4aecb5af6e60bff4f03bdf4d80d86b8f23594ecce814d44f68e8,"{""proxyWallet"": ""0xad9696c925b7c68c8b1e16b5faaa5a90025d9a42"", ""side"": ""BUY"", ""asset"": ""108999384188108521715304668689630764454260618208482429430624780380952570648070"", ""conditionId"": ""0x73acf1ef075d83bedb89e5c32e9083477adbde563cd0d76b78b56defdf2d6438"", ""size"": 62001.65, ""price"": 0.003, ""timestamp"": 1770893265, ""title"": ""Will Ethereum reach $4,400 in February?"", ""slug"": ""will-ethereum-reach-4400-in-february-2026"", ""icon"": ""https://polymarket-upload.s3.us-east-2.amazonaws.com/ETH+fullsize.jpg"", ""eventSlug"": ""what-price-will-ethereum-hit-in-february-2026"", ""outcome"": ""Yes"", ""outcomeIndex"": 0, ""name"": ""pradu0"", ""pseudonym"": ""Tall-Canoe"", ""bio"": """", ""profileImage"": """", ""profileImageOptimized"": """", ""transactionHash"": ""0x858bc660ed2d4aecb5af6e60bff4f03bdf4d80d86b8f23594ecce814d44f68e8""}"
1770893213,2026-02-14T02:36:15.180693,0x3f39a11f427b8067bb0bf6d2e0a4d0bbd5d0256fddb382fbf3f5ce1d174253d6:1770893213,1303357,108999384188108521715304668689630764454260618208482429430624780380952570648070,BUY,0.003,62000.0,186.0,0x3f39a11f427b8067bb0bf6d2e0a4d0bbd5d0256fddb382fbf3f5ce1d174253d6,"{""proxyWallet"": ""0xce906b97b9577fef82836d550f73328ad7cdd285"", ""side"": ""BUY"", ""asset"": ""108999384188108521715304668689630764454260618208482429430624780380952570648070"", ""conditionId"": ""0x73acf1ef075d83bedb89e5c32e9083477adbde563cd0d76b78b56defdf2d6438"", ""size"": 62000, ""price"": 0.003, ""timestamp"": 1770893213, ""title"": ""Will Ethereum reach $4,400 in February?"", ""slug"": ""will-ethereum-reach-4400-in-february-2026"", ""icon"": ""https://polymarket-upload.s3.us-east-2.amazonaws.com/ETH+fullsize.jpg"", ""eventSlug"": ""what-price-will-ethereum-hit-in-february-2026"", ""outcome"": ""Yes"", ""outcomeIndex"": 0, ""name"": ""Bro-Sigma"", ""pseudonym"": ""Probable-Possible"", ""bio"": """", ""profileImage"": ""https://polymarket-upload.s3.us-east-2.amazonaws.com/profile-image-577033-cd16fc84-483c-4f6b-a575-ad500e6f1472.png"", ""profileImageOptimized"": """", ""transactionHash"": ""0x3f39a11f427b8067bb0bf6d2e0a4d0bbd5d0256fddb382fbf3f5ce1d174253d6""}"
1770893171,2026-02-14T02:36:15.180705,0x604f46c78cc7dc3bb77a61cc9411045cbb13536a33eeb449a110789635562d12:1770893171,1303357,108999384188108521715304668689630764454260618208482429430624780380952570648070,BUY,0.003,900.0,2.7,0x604f46c78cc7dc3bb77a61cc9411045cbb13536a33eeb449a110789635562d12,"{""proxyWallet"": ""0xce906b97b9577fef82836d550f73328ad7cdd285"", ""side"": ""BUY"", ""asset"": ""108999384188108521715304668689630764454260618208482429430624780380952570648070"", ""conditionId"": ""0x73acf1ef075d83bedb89e5c32e9083477adbde563cd0d76b78b56defdf2d6438"", ""size"": 900, ""price"": 0.003, ""timestamp"": 1770893171, ""title"": ""Will Ethereum reach $4,400 in February?"", ""slug"": ""will-ethereum-reach-4400-in-february-2026"", ""icon"": ""https://polymarket-upload.s3.us-east-2.amazonaws.com/ETH+fullsize.jpg"", ""eventSlug"": ""what-price-will-ethereum-hit-in-february-2026"", ""outcome"": ""Yes"", ""outcomeIndex"": 0, ""name"": ""Bro-Sigma"", ""pseudonym"": ""Probable-Possible"", ""bio"": """", ""profileImage"": ""https://polymarket-upload.s3.us-east-2.amazonaws.com/profile-image-577033-cd16fc84-483c-4f6b-a575-ad500e6f1472.png"", ""profileImageOptimized"": """", ""transactionHash"": ""0x604f46c78cc7dc3bb77a61cc9411045cbb13536a33eeb449a110789635562d12""}"
1770893113,2026-02-14T02:36:15.180717,0x5b53415e879cd4b247e5cc1d73e074849cfaa0639209652d1fdd9c3b01578b3c:1770893113,1303357,108999384188108521715304668689630764454260618208482429430624780380952570648070,BUY,0.003,62000.0,186.0,0x5b53415e879cd4b247e5cc1d73e074849cfaa0639209652d1fdd9c3b01578b3c,"{""proxyWallet"": ""0x2acbfc8b2aeca36cf1fea5a7d833e6b6768edeeb"", ""side"": ""BUY"", ""asset"": ""108999384188108521715304668689630764454260618208482429430624780380952570648070"", ""conditionId"": ""0x73acf1ef075d83bedb89e5c32e9083477adbde563cd0d76b78b56defdf2d6438"", ""size"": 62000, ""price"": 0.003, ""timestamp"": 1770893113, ""title"": ""Will Ethereum reach $4,400 in February?"", ""slug"": ""will-ethereum-reach-4400-in-february-2026"", ""icon"": ""https://polymarket-upload.s3.us-east-2.amazonaws.com/ETH+fullsize.jpg"", ""eventSlug"": ""what-price-will-ethereum-hit-in-february-2026"", ""outcome"": ""Yes"", ""outcomeIndex"": 0, ""name"": ""rama33"", ""pseudonym"": ""Lovable-Latter"", ""bio"": """", ""profileImage"": """", ""profileImageOptimized"": """", ""transactionHash"": ""0x5b53415e879cd4b247e5cc1d73e074849cfaa0639209652d1fdd9c3b01578b3c""}"
1770893001,2026-02-14T02:36:15.180728,0x24289016de375ca20ecf1149933b6b49bf6dc4f2586b359372977a5f85256a0d:1770893001,1303357,108999384188108521715304668689630764454260618208482429430624780380952570648070,BUY,0.003,400.0,1.2,0x24289016de375ca20ecf1149933b6b49bf6dc4f2586b359372977a5f85256a0d,"{""proxyWallet"": ""0xce906b97b9577fef82836d550f73328ad7cdd285"", ""side"": ""BUY"", ""asset"": ""108999384188108521715304668689630764454260618208482429430624780380952570648070"", ""conditionId"": ""0x73acf1ef075d83bedb89e5c32e9083477adbde563cd0d76b78b56defdf2d6438"", ""size"": 400, ""price"": 0.003, ""timestamp"": 1770893001, ""title"": ""Will Ethereum reach $4,400 in February?"", ""slug"": ""will-ethereum-reach-4400-in-february-2026"", ""icon"": ""https://polymarket-upload.s3.us-east-2.amazonaws.com/ETH+fullsize.jpg"", ""eventSlug"": ""what-price-will-ethereum-hit-in-february-2026"", ""outcome"": ""Yes"", ""outcomeIndex"": 0, ""name"": ""Bro-Sigma"", ""pseudonym"": ""Probable-Possible"", ""bio"": """", ""profileImage"": ""https://polymarket-upload.s3.us-east-2.amazonaws.com/profile-image-577033-cd16fc84-483c-4f6b-a575-ad500e6f1472.png"", ""profileImageOptimized"": """", ""transactionHash"": ""0x24289016de375ca20ecf1149933b6b49bf6dc4f2586b359372977a5f85256a0d""}"
1770892981,2026-02-14T02:36:15.180740,0x38cc57d3d2715d1e6d9009413eabf1d959528fd984ce4eeec395b434b9f6c5b9:1770892981,1303357,108999384188108521715304668689630764454260618208482429430624780380952570648070,BUY,0.003,62500.0,187.5,0x38cc57d3d2715d1e6d9009413eabf1d959528fd984ce4eeec395b434b9f6c5b9,"{""proxyWallet"": ""0x109462338bc31e20b31a364c0b14e20f63edc850"", ""side"": ""BUY"", ""asset"": ""108999384188108521715304668689630764454260618208482429430624780380952570648070"", ""conditionId"": ""0x73acf1ef075d83bedb89e5c32e9083477adbde563cd0d76b78b56defdf2d6438"", ""size"": 62500, ""price"": 0.003, ""timestamp"": 1770892981, ""title"": ""Will Ethereum reach $4,400 in February?"", ""slug"": ""will-ethereum-reach-4400-in-february-2026"", ""icon"": ""https://polymarket-upload.s3.us-east-2.amazonaws.com/ETH+fullsize.jpg"", ""eventSlug"": ""what-price-will-ethereum-hit-in-february-2026"", ""outcome"": ""Yes"", ""outcomeIndex"": 0, ""name"": ""kalay99"", ""pseudonym"": ""Loathsome-Prizefight"", ""bio"": """", ""profileImage"": """", ""profileImageOptimized"": """", ""transactionHash"": ""0x38cc57d3d2715d1e6d9009413eabf1d959528fd984ce4eeec395b434b9f6c5b9""}"
1770892859,2026-02-14T02:36:15.180753,0x4d6621977ade84b1e2b1d2d6036bc3d003994e2512d93c07bb237babe8751506:1770892859,1303357,108999384188108521715304668689630764454260618208482429430624780380952570648070,BUY,0.003,62444.0,187.332,0x4d6621977ade84b1e2b1d2d6036bc3d003994e2512d93c07bb237babe8751506,"{""proxyWallet"": ""0xd7d212c41b3cc06f249f226cf25e52f4ea662889"", ""side"": ""BUY"", ""asset"": ""108999384188108521715304668689630764454260618208482429430624780380952570648070"", ""conditionId"": ""0x73acf1ef075d83bedb89e5c32e9083477adbde563cd0d76b78b56defdf2d6438"", ""size"": 62444, ""price"": 0.003, ""timestamp"": 1770892859, ""title"": ""Will Ethereum reach $4,400 in February?"", ""slug"": ""will-ethereum-reach-4400-in-february-2026"", ""icon"": ""https://polymarket-upload.s3.us-east-2.amazonaws.com/ETH+fullsize.jpg"", ""eventSlug"": ""what-price-will-ethereum-hit-in-february-2026"", ""outcome"": ""Yes"", ""outcomeIndex"": 0, ""name"": ""batchla"", ""pseudonym"": ""Each-Auto"", ""bio"": """", ""profileImage"": """", ""profileImageOptimized"": """", ""transactionHash"": ""0x4d6621977ade84b1e2b1d2d6036bc3d003994e2512d93c07bb237babe8751506""}"
1770892729,2026-02-14T02:36:15.180764,0x24200bbea9887cd7989f98f8d7015d180086199650491d48269247f975fc64ad:1770892729,1303357,108999384188108521715304668689630764454260618208482429430624780380952570648070,BUY,0.003,62588.0,187.764,0x24200bbea9887cd7989f98f8d7015d180086199650491d48269247f975fc64ad,"{""proxyWallet"": ""0x99e5633084f530ae8b5293c333264a32bb7ae44f"", ""side"": ""BUY"", ""asset"": ""108999384188108521715304668689630764454260618208482429430624780380952570648070"", ""conditionId"": ""0x73acf1ef075d83bedb89e5c32e9083477adbde563cd0d76b78b56defdf2d6438"", ""size"": 62588, ""price"": 0.003, ""timestamp"": 1770892729, ""title"": ""Will Ethereum reach $4,400 in February?"", ""slug"": ""will-ethereum-reach-4400-in-february-2026"", ""icon"": ""https://polymarket-upload.s3.us-east-2.amazonaws.com/ETH+fullsize.jpg"", ""eventSlug"": ""what-price-will-ethereum-hit-in-february-2026"", ""outcome"": ""Yes"", ""outcomeIndex"": 0, ""name"": ""maria540"", ""pseudonym"": ""Clueless-Boolean"", ""bio"": """", ""profileImage"": """", ""profileImageOptimized"": """", ""transactionHash"": ""0x24200bbea9887cd7989f98f8d7015d180086199650491d48269247f975fc64ad""}"
1770892361,2026-02-14T02:36:15.180775,0x4cf9ffaeea6b32aa599625bb74a14f11cac7367e16dc63d35a8d310281560790:1770892361,1303357,108999384188108521715304668689630764454260618208482429430624780380952570648070,BUY,0.003,62896.64,188.68992,0x4cf9ffaeea6b32aa599625bb74a14f11cac7367e16dc63d35a8d310281560790,"{""proxyWallet"": ""0x8faac16f5470ea2394655ef6ab0dc26f4af7d30d"", ""side"": ""BUY"", ""asset"": ""108999384188108521715304668689630764454260618208482429430624780380952570648070"", ""conditionId"": ""0x73acf1ef075d83bedb89e5c32e9083477adbde563cd0d76b78b56defdf2d6438"", ""size"": 62896.64, ""price"": 0.003, ""timestamp"": 1770892361, ""title"": ""Will Ethereum reach $4,400 in February?"", ""slug"": ""will-ethereum-reach-4400-in-february-2026"", ""icon"": ""https://polymarket-upload.s3.us-east-2.amazonaws.com/ETH+fullsize.jpg"", ""eventSlug"": ""what-price-will-ethereum-hit-in-february-2026"", ""outcome"": ""Yes"", ""outcomeIndex"": 0, ""name"": ""0xjulie"", ""pseudonym"": ""Villainous-Expansion"", ""bio"": """", ""profileImage"": """", ""profileImageOptimized"": """", ""transactionHash"": ""0x4cf9ffaeea6b32aa599625bb74a14f11cac7367e16dc63d35a8d310281560790""}"
1770892177,2026-02-14T02:36:15.180787,0x7486d4a453431f798aaa375c7c2611ce939a0add8fa234bb2f183791e23fa739:1770892177,1303357,108999384188108521715304668689630764454260618208482429430624780380952570648070,BUY,0.003,61822.0,185.466,0x7486d4a453431f798aaa375c7c2611ce939a0add8fa234bb2f183791e23fa739,"{""proxyWallet"": ""0x076e8ba28741ed94b01ffc8b6b8b0b7fdfe7365b"", ""side"": ""BUY"", ""asset"": ""108999384188108521715304668689630764454260618208482429430624780380952570648070"", ""conditionId"": ""0x73acf1ef075d83bedb89e5c32e9083477adbde563cd0d76b78b56defdf2d6438"", ""size"": 61822, ""price"": 0.003, ""timestamp"": 1770892177, ""title"": ""Will Ethereum reach $4,400 in February?"", ""slug"": ""will-ethereum-reach-4400-in-february-2026"", ""icon"": ""https://polymarket-upload.s3.us-east-2.amazonaws.com/ETH+fullsize.jpg"", ""eventSlug"": ""what-price-will-ethereum-hit-in-february-2026"", ""outcome"": ""Yes"", ""outcomeIndex"": 0, ""name"": ""0x076E8BA28741Ed94b01fFC8b6b8b0B7FdFE7365B-1770549060862"", ""pseudonym"": ""Darling-Foal"", ""bio"": """", ""profileImage"": """", ""profileImageOptimized"": """", ""transactionHash"": ""0x7486d4a453431f798aaa375c7c2611ce939a0add8fa234bb2f183791e23fa739""}"
1770892043,2026-02-14T02:36:15.180799,0xf9d4e422cb50021fe9bdb0c8abe6bdbce608c8ece97f33410e77e0448c46955f:1770892043,1303357,108999384188108521715304668689630764454260618208482429430624780380952570648070,BUY,0.003,63000.0,189.0,0xf9d4e422cb50021fe9bdb0c8abe6bdbce608c8ece97f33410e77e0448c46955f,"{""proxyWallet"": ""0xb97246dbbb2f15a63443c94edf2bdf6583610caa"", ""side"": ""BUY"", ""asset"": ""108999384188108521715304668689630764454260618208482429430624780380952570648070"", ""conditionId"": ""0x73acf1ef075d83bedb89e5c32e9083477adbde563cd0d76b78b56defdf2d6438"", ""size"": 63000, ""price"": 0.003, ""timestamp"": 1770892043, ""title"": ""Will Ethereum reach $4,400 in February?"", ""slug"": ""will-ethereum-reach-4400-in-february-2026"", ""icon"": ""https://polymarket-upload.s3.us-east-2.amazonaws.com/ETH+fullsize.jpg"", ""eventSlug"": ""what-price-will-ethereum-hit-in-february-2026"", ""outcome"": ""Yes"", ""outcomeIndex"": 0, ""name"": ""chipcc"", ""pseudonym"": ""Safe-Importance"", ""bio"": """", ""profileImage"": """", ""profileImageOptimized"": """", ""transactionHash"": ""0xf9d4e422cb50021fe9bdb0c8abe6bdbce608c8ece97f33410e77e0448c46955f""}"
1770891989,2026-02-14T02:36:15.180810,0xac31e9a6019b4907dc7c928628847353742793266e1503f98e431299d9e09efb:1770891989,1303357,108999384188108521715304668689630764454260618208482429430624780380952570648070,BUY,0.003000000000031498,63496.666666,190.49,0xac31e9a6019b4907dc7c928628847353742793266e1503f98e431299d9e09efb,"{""proxyWallet"": ""0xce906b97b9577fef82836d550f73328ad7cdd285"", ""side"": ""BUY"", ""asset"": ""108999384188108521715304668689630764454260618208482429430624780380952570648070"", ""conditionId"": ""0x73acf1ef075d83bedb89e5c32e9083477adbde563cd0d76b78b56defdf2d6438"", ""size"": 63496.666666, ""price"": 0.003000000000031498, ""timestamp"": 1770891989, ""title"": ""Will Ethereum reach $4,400 in February?"", ""slug"": ""will-ethereum-reach-4400-in-february-2026"", ""icon"": ""https://polymarket-upload.s3.us-east-2.amazonaws.com/ETH+fullsize.jpg"", ""eventSlug"": ""what-price-will-ethereum-hit-in-february-2026"", ""outcome"": ""Yes"", ""outcomeIndex"": 0, ""name"": ""Bro-Sigma"", ""pseudonym"": ""Probable-Possible"", ""bio"": """", ""profileImage"": ""https://polymarket-upload.s3.us-east-2.amazonaws.com/profile-image-577033-cd16fc84-483c-4f6b-a575-ad500e6f1472.png"", ""profileImageOptimized"": """", ""transactionHash"": ""0xac31e9a6019b4907dc7c928628847353742793266e1503f98e431299d9e09efb""}"
1770891887,2026-02-14T02:36:15.180826,0x03bbe79c0978c6b9f768e43bb6fea3e0c6fddc413bd9dabfce5c7923820f2f03:1770891887,1303357,108999384188108521715304668689630764454260618208482429430624780380952570648070,BUY,0.003,62000.0,186.0,0x03bbe79c0978c6b9f768e43bb6fea3e0c6fddc413bd9dabfce5c7923820f2f03,"{""proxyWallet"": ""0xd4083c99064db357c28d22f0b361df1116cfb293"", ""side"": ""BUY"", ""asset"": ""108999384188108521715304668689630764454260618208482429430624780380952570648070"", ""conditionId"": ""0x73acf1ef075d83bedb89e5c32e9083477adbde563cd0d76b78b56defdf2d6438"", ""size"": 62000, ""price"": 0.003, ""timestamp"": 1770891887, ""title"": ""Will Ethereum reach $4,400 in February?"", ""slug"": ""will-ethereum-reach-4400-in-february-2026"", ""icon"": ""https://polymarket-upload.s3.us-east-2.amazonaws.com/ETH+fullsize.jpg"", ""eventSlug"": ""what-price-will-ethereum-hit-in-february-2026"", ""outcome"": ""Yes"", ""outcomeIndex"": 0, ""name"": ""tonyyt"", ""pseudonym"": ""Damaged-Creator"", ""bio"": """", ""profileImage"": """", ""profileImageOptimized"": """", ""transactionHash"": ""0x03bbe79c0978c6b9f768e43bb6fea3e0c6fddc413bd9dabfce5c7923820f2f03""}"
1770891657,2026-02-14T02:36:15.180837,0xc8f1aa8ff9e34e12a9093e1029c1714ad06b3eb93dc72bb726f0e13d99b703a0:1770891657,1303357,108999384188108521715304668689630764454260618208482429430624780380952570648070,BUY,0.003,63497.2,190.4916,0xc8f1aa8ff9e34e12a9093e1029c1714ad06b3eb93dc72bb726f0e13d99b703a0,"{""proxyWallet"": ""0x2e6b1b0145094c8312b1149b24d57cb7bab313f2"", ""side"": ""BUY"", ""asset"": ""108999384188108521715304668689630764454260618208482429430624780380952570648070"", ""conditionId"": ""0x73acf1ef075d83bedb89e5c32e9083477adbde563cd0d76b78b56defdf2d6438"", ""size"": 63497.2, ""price"": 0.003, ""timestamp"": 1770891657, ""title"": ""Will Ethereum reach $4,400 in February?"", ""slug"": ""will-ethereum-reach-4400-in-february-2026"", ""icon"": ""https://polymarket-upload.s3.us-east-2.amazonaws.com/ETH+fullsize.jpg"", ""eventSlug"": ""what-price-will-ethereum-hit-in-february-2026"", ""outcome"": ""Yes"", ""outcomeIndex"": 0, ""name"": ""jojo0011"", ""pseudonym"": ""Trusty-Futon"", ""bio"": """", ""profileImage"": """", ""profileImageOptimized"": """", ""transactionHash"": ""0xc8f1aa8ff9e34e12a9093e1029c1714ad06b3eb93dc72bb726f0e13d99b703a0""}"
1770891507,2026-02-14T02:36:15.180849,0x9c67768e05500e78a0ea07ee03d0b0b91c6df0e8f1f6c99a8dc760b5a66588b8:1770891507,1303357,108999384188108521715304668689630764454260618208482429430624780380952570648070,BUY,0.003,63001.0,189.00300000000001,0x9c67768e05500e78a0ea07ee03d0b0b91c6df0e8f1f6c99a8dc760b5a66588b8,"{""proxyWallet"": ""0x7a0a57716c1a70bbcb9c3f0bd76509e68696e7b7"", ""side"": ""BUY"", ""asset"": ""108999384188108521715304668689630764454260618208482429430624780380952570648070"", ""conditionId"": ""0x73acf1ef075d83bedb89e5c32e9083477adbde563cd0d76b78b56defdf2d6438"", ""size"": 63001, ""price"": 0.003, ""timestamp"": 1770891507, ""title"": ""Will Ethereum reach $4,400 in February?"", ""slug"": ""will-ethereum-reach-4400-in-february-2026"", ""icon"": ""https://polymarket-upload.s3.us-east-2.amazonaws.com/ETH+fullsize.jpg"", ""eventSlug"": ""what-price-will-ethereum-hit-in-february-2026"", ""outcome"": ""Yes"", ""outcomeIndex"": 0, ""name"": ""firdos0"", ""pseudonym"": ""Coordinated-Knife"", ""bio"": """", ""profileImage"": """", ""profileImageOptimized"": """", ""transactionHash"": ""0x9c67768e05500e78a0ea07ee03d0b0b91c6df0e8f1f6c99a8dc760b5a66588b8""}"
1770891297,2026-02-14T02:36:15.180861,0xcbf3e9a9ecb5729135dbb9e0b7b34d6f212ed8c94de79fc2976b02c0b3615231:1770891297,1303357,108999384188108521715304668689630764454260618208482429430624780380952570648070,BUY,0.003,63497.2,190.4916,0xcbf3e9a9ecb5729135dbb9e0b7b34d6f212ed8c94de79fc2976b02c0b3615231,"{""proxyWallet"": ""0x3667acf66dcb589e5724dc6df3b03f80bd147174"", ""side"": ""BUY"", ""asset"": ""108999384188108521715304668689630764454260618208482429430624780380952570648070"", ""conditionId"": ""0x73acf1ef075d83bedb89e5c32e9083477adbde563cd0d76b78b56defdf2d6438"", ""size"": 63497.2, ""price"": 0.003, ""timestamp"": 1770891297, ""title"": ""Will Ethereum reach $4,400 in February?"", ""slug"": ""will-ethereum-reach-4400-in-february-2026"", ""icon"": ""https://polymarket-upload.s3.us-east-2.amazonaws.com/ETH+fullsize.jpg"", ""eventSlug"": ""what-price-will-ethereum-hit-in-february-2026"", ""outcome"": ""Yes"", ""outcomeIndex"": 0, ""name"": ""babai52"", ""pseudonym"": ""Spiteful-Block"", ""bio"": """", ""profileImage"": """", ""profileImageOptimized"": """", ""transactionHash"": ""0xcbf3e9a9ecb5729135dbb9e0b7b34d6f212ed8c94de79fc2976b02c0b3615231""}"
1770891161,2026-02-14T02:36:15.180872,0xc2318631849b16b62bf77abe0d93111cc6248312da3068352f263c54e7830169:1770891161,1303357,108999384188108521715304668689630764454260618208482429430624780380952570648070,BUY,0.003,63000.0,189.0,0xc2318631849b16b62bf77abe0d93111cc6248312da3068352f263c54e7830169,"{""proxyWallet"": ""0x6599c7e48c28bdd5e5815ffd88f32fe69ff32c99"", ""side"": ""BUY"", ""asset"": ""108999384188108521715304668689630764454260618208482429430624780380952570648070"", ""conditionId"": ""0x73acf1ef075d83bedb89e5c32e9083477adbde563cd0d76b78b56defdf2d6438"", ""size"": 63000, ""price"": 0.003, ""timestamp"": 1770891161, ""title"": ""Will Ethereum reach $4,400 in February?"", ""slug"": ""will-ethereum-reach-4400-in-february-2026"", ""icon"": ""https://polymarket-upload.s3.us-east-2.amazonaws.com/ETH+fullsize.jpg"", ""eventSlug"": ""what-price-will-ethereum-hit-in-february-2026"", ""outcome"": ""Yes"", ""outcomeIndex"": 0, ""name"": ""gaga69"", ""pseudonym"": ""Notable-Cellar"", ""bio"": """", ""profileImage"": """", ""profileImageOptimized"": """", ""transactionHash"": ""0xc2318631849b16b62bf77abe0d93111cc6248312da3068352f263c54e7830169""}"
1770890959,2026-02-14T02:36:15.180884,0xa437888ed67fba6a5feaed7eb9d6a2af768da29c93bd2b9b21f2b250855cacb9:1770890959,1303357,108999384188108521715304668689630764454260618208482429430624780380952570648070,BUY,0.003,63400.0,190.20000000000002,0xa437888ed67fba6a5feaed7eb9d6a2af768da29c93bd2b9b21f2b250855cacb9,"{""proxyWallet"": ""0xfad3e132df30794a8854f0c1c1fb6118e4878727"", ""side"": ""BUY"", ""asset"": ""108999384188108521715304668689630764454260618208482429430624780380952570648070"", ""conditionId"": ""0x73acf1ef075d83bedb89e5c32e9083477adbde563cd0d76b78b56defdf2d6438"", ""size"": 63400, ""price"": 0.003, ""timestamp"": 1770890959, ""title"": ""Will Ethereum reach $4,400 in February?"", ""slug"": ""will-ethereum-reach-4400-in-february-2026"", ""icon"": ""https://polymarket-upload.s3.us-east-2.amazonaws.com/ETH+fullsize.jpg"", ""eventSlug"": ""what-price-will-ethereum-hit-in-february-2026"", ""outcome"": ""Yes"", ""outcomeIndex"": 0, ""name"": ""julie012"", ""pseudonym"": ""Revolving-Piece"", ""bio"": """", ""profileImage"": """", ""profileImageOptimized"": """", ""transactionHash"": ""0xa437888ed67fba6a5feaed7eb9d6a2af768da29c93bd2b9b21f2b250855cacb9""}"
1770890791,2026-02-14T02:36:15.180895,0x18ab007050582224fbdd9888f24225f140850a97bcdbfa0e2a7fa2044b6abf15:1770890791,1303357,108999384188108521715304668689630764454260618208482429430624780380952570648070,BUY,0.003,63000.0,189.0,0x18ab007050582224fbdd9888f24225f140850a97bcdbfa0e2a7fa2044b6abf15,"{""proxyWallet"": ""0x21a797ae9792a555b5c54f46ac0eebdf7891748b"", ""side"": ""BUY"", ""asset"": ""108999384188108521715304668689630764454260618208482429430624780380952570648070"", ""conditionId"": ""0x73acf1ef075d83bedb89e5c32e9083477adbde563cd0d76b78b56defdf2d6438"", ""size"": 63000, ""price"": 0.003, ""timestamp"": 1770890791, ""title"": ""Will Ethereum reach $4,400 in February?"", ""slug"": ""will-ethereum-reach-4400-in-february-2026"", ""icon"": ""https://polymarket-upload.s3.us-east-2.amazonaws.com/ETH+fullsize.jpg"", ""eventSlug"": ""what-price-will-ethereum-hit-in-february-2026"", ""outcome"": ""Yes"", ""outcomeIndex"": 0, ""name"": ""charm12"", ""pseudonym"": ""Scholarly-Obstacle"", ""bio"": """", ""profileImage"": """", ""profileImageOptimized"": """", ""transactionHash"": ""0x18ab007050582224fbdd9888f24225f140850a97bcdbfa0e2a7fa2044b6abf15""}"
1770890617,2026-02-14T02:36:15.180916,0x35af34046feb14a6de7b012a6cc851058d4178929351eab2c6367716e6cb581b:1770890617,1303357,108999384188108521715304668689630764454260618208482429430624780380952570648070,BUY,0.003,61000.0,183.0,0x35af34046feb14a6de7b012a6cc851058d4178929351eab2c6367716e6cb581b,"{""proxyWallet"": ""0x92f7268b62ff2f271fa9782e51b1a8db9847b6f7"", ""side"": ""BUY"", ""asset"": ""108999384188108521715304668689630764454260618208482429430624780380952570648070"", ""conditionId"": ""0x73acf1ef075d83bedb89e5c32e9083477adbde563cd0d76b78b56defdf2d6438"", ""size"": 61000, ""price"": 0.003, ""timestamp"": 1770890617, ""title"": ""Will Ethereum reach $4,400 in February?"", ""slug"": ""will-ethereum-reach-4400-in-february-2026"", ""icon"": ""https://polymarket-upload.s3.us-east-2.amazonaws.com/ETH+fullsize.jpg"", ""eventSlug"": ""what-price-will-ethereum-hit-in-february-2026"", ""outcome"": ""Yes"", ""outcomeIndex"": 0, ""name"": ""varui"", ""pseudonym"": ""Natural-Administration"", ""bio"": """", ""profileImage"": """", ""profileImageOptimized"": """", ""transactionHash"": ""0x35af34046feb14a6de7b012a6cc851058d4178929351eab2c6367716e6cb581b""}"
1770890487,2026-02-14T02:36:15.180928,0xd9dc209ebf4ab63a858ac0785d7d143945e322f08e690accda2516286ad21835:1770890487,1303357,108999384188108521715304668689630764454260618208482429430624780380952570648070,BUY,0.003,62536.0,187.608,0xd9dc209ebf4ab63a858ac0785d7d143945e322f08e690accda2516286ad21835,"{""proxyWallet"": ""0xfafd1e81255b47cc2900968dd4eb8c317bd4470b"", ""side"": ""BUY"", ""asset"": ""108999384188108521715304668689630764454260618208482429430624780380952570648070"", ""conditionId"": ""0x73acf1ef075d83bedb89e5c32e9083477adbde563cd0d76b78b56defdf2d6438"", ""size"": 62536, ""price"": 0.003, ""timestamp"": 1770890487, ""title"": ""Will Ethereum reach $4,400 in February?"", ""slug"": ""will-ethereum-reach-4400-in-february-2026"", ""icon"": ""https://polymarket-upload.s3.us-east-2.amazonaws.com/ETH+fullsize.jpg"", ""eventSlug"": ""what-price-will-ethereum-hit-in-february-2026"", ""outcome"": ""Yes"", ""outcomeIndex"": 0, ""name"": ""bapre"", ""pseudonym"": ""Essential-Roast"", ""bio"": """", ""profileImage"": """", ""profileImageOptimized"": """", ""transactionHash"": ""0xd9dc209ebf4ab63a858ac0785d7d143945e322f08e690accda2516286ad21835""}"
1770890331,2026-02-14T02:36:15.180939,0x2f3c2a3c964190885fd34ab6d5fb1cc3f681186fb378ac5f21ef2927ed6256a8:1770890331,1303357,108999384188108521715304668689630764454260618208482429430624780380952570648070,BUY,0.003,63400.0,190.20000000000002,0x2f3c2a3c964190885fd34ab6d5fb1cc3f681186fb378ac5f21ef2927ed6256a8,"{""proxyWallet"": ""0x881af9581117a96d08aacbc8fed44881755a7183"", ""side"": ""BUY"", ""asset"": ""108999384188108521715304668689630764454260618208482429430624780380952570648070"", ""conditionId"": ""0x73acf1ef075d83bedb89e5c32e9083477adbde563cd0d76b78b56defdf2d6438"", ""size"": 63400, ""price"": 0.003, ""timestamp"": 1770890331, ""title"": ""Will Ethereum reach $4,400 in February?"", ""slug"": ""will-ethereum-reach-4400-in-february-2026"", ""icon"": ""https://polymarket-upload.s3.us-east-2.amazonaws.com/ETH+fullsize.jpg"", ""eventSlug"": ""what-price-will-ethereum-hit-in-february-2026"", ""outcome"": ""Yes"", ""outcomeIndex"": 0, ""name"": ""karukk"", ""pseudonym"": ""Black-Buckle"", ""bio"": """", ""profileImage"": """", ""profileImageOptimized"": """", ""transactionHash"": ""0x2f3c2a3c964190885fd34ab6d5fb1cc3f681186fb378ac5f21ef2927ed6256a8""}"
1770890173,2026-02-14T02:36:15.180951,0x74c008d851f2b875db9e2131045e446c9f596839b49eae9aa5eebc73b253340d:1770890173,1303357,108999384188108521715304668689630764454260618208482429430624780380952570648070,BUY,0.003,62000.0,186.0,0x74c008d851f2b875db9e2131045e446c9f596839b49eae9aa5eebc73b253340d,"{""proxyWallet"": ""0x337d5d3a7a13c8473bd8bbf2187e4ed4234baecb"", ""side"": ""BUY"", ""asset"": ""108999384188108521715304668689630764454260618208482429430624780380952570648070"", ""conditionId"": ""0x73acf1ef075d83bedb89e5c32e9083477adbde563cd0d76b78b56defdf2d6438"", ""size"": 62000, ""price"": 0.003, ""timestamp"": 1770890173, ""title"": ""Will Ethereum reach $4,400 in February?"", ""slug"": ""will-ethereum-reach-4400-in-february-2026"", ""icon"": ""https://polymarket-upload.s3.us-east-2.amazonaws.com/ETH+fullsize.jpg"", ""eventSlug"": ""what-price-will-ethereum-hit-in-february-2026"", ""outcome"": ""Yes"", ""outcomeIndex"": 0, ""name"": ""kayui69"", ""pseudonym"": ""Original-Meme"", ""bio"": """", ""profileImage"": """", ""profileImageOptimized"": """", ""transactionHash"": ""0x74c008d851f2b875db9e2131045e446c9f596839b49eae9aa5eebc73b253340d""}"
1770890007,2026-02-14T02:36:15.180962,0xf18b2b76f6adfbb507d5879b21bc4fb199142b098a590ba8c257566d70ed6a6f:1770890007,1303357,108999384188108521715304668689630764454260618208482429430624780380952570648070,BUY,0.003,63100.0,189.3,0xf18b2b76f6adfbb507d5879b21bc4fb199142b098a590ba8c257566d70ed6a6f,"{""proxyWallet"": ""0x3c34771b185e33466b62fb6c5516117610b44b67"", ""side"": ""BUY"", ""asset"": ""108999384188108521715304668689630764454260618208482429430624780380952570648070"", ""conditionId"": ""0x73acf1ef075d83bedb89e5c32e9083477adbde563cd0d76b78b56defdf2d6438"", ""size"": 63100, ""price"": 0.003, ""timestamp"": 1770890007, ""title"": ""Will Ethereum reach $4,400 in February?"", ""slug"": ""will-ethereum-reach-4400-in-february-2026"", ""icon"": ""https://polymarket-upload.s3.us-east-2.amazonaws.com/ETH+fullsize.jpg"", ""eventSlug"": ""what-price-will-ethereum-hit-in-february-2026"", ""outcome"": ""Yes"", ""outcomeIndex"": 0, ""name"": ""kapik"", ""pseudonym"": ""Unique-Moai"", ""bio"": """", ""profileImage"": """", ""profileImageOptimized"": """", ""transactionHash"": ""0xf18b2b76f6adfbb507d5879b21bc4fb199142b098a590ba8c257566d70ed6a6f""}"
1770889869,2026-02-14T02:36:15.180974,0x9c2894f341cffd81274c80b70f4f0efc70f3e21d3a4b16a22db583f4280f7a59:1770889869,1303357,108999384188108521715304668689630764454260618208482429430624780380952570648070,BUY,0.003,63250.0,189.75,0x9c2894f341cffd81274c80b70f4f0efc70f3e21d3a4b16a22db583f4280f7a59,"{""proxyWallet"": ""0x6b50248b72c6b32a3e42c45cdcf33b5b8ea62ab1"", ""side"": ""BUY"", ""asset"": ""108999384188108521715304668689630764454260618208482429430624780380952570648070"", ""conditionId"": ""0x73acf1ef075d83bedb89e5c32e9083477adbde563cd0d76b78b56defdf2d6438"", ""size"": 63250, ""price"": 0.003, ""timestamp"": 1770889869, ""title"": ""Will Ethereum reach $4,400 in February?"", ""slug"": ""will-ethereum-reach-4400-in-february-2026"", ""icon"": ""https://polymarket-upload.s3.us-east-2.amazonaws.com/ETH+fullsize.jpg"", ""eventSlug"": ""what-price-will-ethereum-hit-in-february-2026"", ""outcome"": ""Yes"", ""outcomeIndex"": 0, ""name"": ""vabui"", ""pseudonym"": ""Heavy-Farmer"", ""bio"": """", ""profileImage"": """", ""profileImageOptimized"": """", ""transactionHash"": ""0x9c2894f341cffd81274c80b70f4f0efc70f3e21d3a4b16a22db583f4280f7a59""}"
1770889733,2026-02-14T02:36:15.180985,0x1faba648971ade32a8ee4ded8e308fed13b967ad8af4ad8eceb1cff7000c8587:1770889733,1303357,108999384188108521715304668689630764454260618208482429430624780380952570648070,BUY,0.003,63400.0,190.20000000000002,0x1faba648971ade32a8ee4ded8e308fed13b967ad8af4ad8eceb1cff7000c8587,"{""proxyWallet"": ""0x595f34927e98099fea05d355954a010e60095611"", ""side"": ""BUY"", ""asset"": ""108999384188108521715304668689630764454260618208482429430624780380952570648070"", ""conditionId"": ""0x73acf1ef075d83bedb89e5c32e9083477adbde563cd0d76b78b56defdf2d6438"", ""size"": 63400, ""price"": 0.003, ""timestamp"": 1770889733, ""title"": ""Will Ethereum reach $4,400 in February?"", ""slug"": ""will-ethereum-reach-4400-in-february-2026"", ""icon"": ""https://polymarket-upload.s3.us-east-2.amazonaws.com/ETH+fullsize.jpg"", ""eventSlug"": ""what-price-will-ethereum-hit-in-february-2026"", ""outcome"": ""Yes"", ""outcomeIndex"": 0, ""name"": ""chang44"", ""pseudonym"": ""Scholarly-Journalism"", ""bio"": """", ""profileImage"": """", ""profileImageOptimized"": """", ""transactionHash"": ""0x1faba648971ade32a8ee4ded8e308fed13b967ad8af4ad8eceb1cff7000c8587""}"
1770889591,2026-02-14T02:36:15.180996,0x3321a15deaf0ecbe5349bc83e677304fbe0830900e25141eb4383a932e2e2ee5:1770889591,1303357,108999384188108521715304668689630764454260618208482429430624780380952570648070,BUY,0.003,62000.0,186.0,0x3321a15deaf0ecbe5349bc83e677304fbe0830900e25141eb4383a932e2e2ee5,"{""proxyWallet"": ""0xb0fb90ee00e455668fd3a86c50877b9da7afa834"", ""side"": ""BUY"", ""asset"": ""108999384188108521715304668689630764454260618208482429430624780380952570648070"", ""conditionId"": ""0x73acf1ef075d83bedb89e5c32e9083477adbde563cd0d76b78b56defdf2d6438"", ""size"": 62000, ""price"": 0.003, ""timestamp"": 1770889591, ""title"": ""Will Ethereum reach $4,400 in February?"", ""slug"": ""will-ethereum-reach-4400-in-february-2026"", ""icon"": ""https://polymarket-upload.s3.us-east-2.amazonaws.com/ETH+fullsize.jpg"", ""eventSlug"": ""what-price-will-ethereum-hit-in-february-2026"", ""outcome"": ""Yes"", ""outcomeIndex"": 0, ""name"": ""abhi00001"", ""pseudonym"": ""Massive-Cutlet"", ""bio"": """", ""profileImage"": """", ""profileImageOptimized"": """", ""transactionHash"": ""0x3321a15deaf0ecbe5349bc83e677304fbe0830900e25141eb4383a932e2e2ee5""}"
1770889447,2026-02-14T02:36:15.181007,0x4f7cfd7ef3322b5aacb14c32e8acc75991feb2647bb154861c9038c45862d6d8:1770889447,1303357,108999384188108521715304668689630764454260618208482429430624780380952570648070,BUY,0.003,45052.0,135.156,0x4f7cfd7ef3322b5aacb14c32e8acc75991feb2647bb154861c9038c45862d6d8,"{""proxyWallet"": ""0xb1e02694be3ec0d517ccb984f80d04350372547d"", ""side"": ""BUY"", ""asset"": ""108999384188108521715304668689630764454260618208482429430624780380952570648070"", ""conditionId"": ""0x73acf1ef075d83bedb89e5c32e9083477adbde563cd0d76b78b56defdf2d6438"", ""size"": 45052, ""price"": 0.003, ""timestamp"": 1770889447, ""title"": ""Will Ethereum reach $4,400 in February?"", ""slug"": ""will-ethereum-reach-4400-in-february-2026"", ""icon"": ""https://polymarket-upload.s3.us-east-2.amazonaws.com/ETH+fullsize.jpg"", ""eventSlug"": ""what-price-will-ethereum-hit-in-february-2026"", ""outcome"": ""Yes"", ""outcomeIndex"": 0, ""name"": ""ssroy"", ""pseudonym"": ""Shallow-Supplier"", ""bio"": """", ""profileImage"": """", ""profileImageOptimized"": """", ""transactionHash"": ""0x4f7cfd7ef3322b5aacb14c32e8acc75991feb2647bb154861c9038c45862d6d8""}"
1770889415,2026-02-14T02:36:15.181019,0x23c04e9fcda457fd308aa717b2ffd2232d76075d3c840cdadcbb33720ea061df:1770889415,1303357,108999384188108521715304668689630764454260618208482429430624780380952570648070,BUY,0.003,63400.0,190.20000000000002,0x23c04e9fcda457fd308aa717b2ffd2232d76075d3c840cdadcbb33720ea061df,"{""proxyWallet"": ""0xce906b97b9577fef82836d550f73328ad7cdd285"", ""side"": ""BUY"", ""asset"": ""108999384188108521715304668689630764454260618208482429430624780380952570648070"", ""conditionId"": ""0x73acf1ef075d83bedb89e5c32e9083477adbde563cd0d76b78b56defdf2d6438"", ""size"": 63400, ""price"": 0.003, ""timestamp"": 1770889415, ""title"": ""Will Ethereum reach $4,400 in February?"", ""slug"": ""will-ethereum-reach-4400-in-february-2026"", ""icon"": ""https://polymarket-upload.s3.us-east-2.amazonaws.com/ETH+fullsize.jpg"", ""eventSlug"": ""what-price-will-ethereum-hit-in-february-2026"", ""outcome"": ""Yes"", ""outcomeIndex"": 0, ""name"": ""Bro-Sigma"", ""pseudonym"": ""Probable-Possible"", ""bio"": """", ""profileImage"": ""https://polymarket-upload.s3.us-east-2.amazonaws.com/profile-image-577033-cd16fc84-483c-4f6b-a575-ad500e6f1472.png"", ""profileImageOptimized"": """", ""transactionHash"": ""0x23c04e9fcda457fd308aa717b2ffd2232d76075d3c840cdadcbb33720ea061df""}"
1770889259,2026-02-14T02:36:15.181032,0x217b21765483025e48f10f9380ce299381081ddfa539b7a8aaa9c4b27b5582a1:1770889259,1303357,108999384188108521715304668689630764454260618208482429430624780380952570648070,BUY,0.003,63400.0,190.20000000000002,0x217b21765483025e48f10f9380ce299381081ddfa539b7a8aaa9c4b27b5582a1,"{""proxyWallet"": ""0x364e9f116c58f8a8f6e6bd3c82a0d9836777433c"", ""side"": ""BUY"", ""asset"": ""108999384188108521715304668689630764454260618208482429430624780380952570648070"", ""conditionId"": ""0x73acf1ef075d83bedb89e5c32e9083477adbde563cd0d76b78b56defdf2d6438"", ""size"": 63400, ""price"": 0.003, ""timestamp"": 1770889259, ""title"": ""Will Ethereum reach $4,400 in February?"", ""slug"": ""will-ethereum-reach-4400-in-february-2026"", ""icon"": ""https://polymarket-upload.s3.us-east-2.amazonaws.com/ETH+fullsize.jpg"", ""eventSlug"": ""what-price-will-ethereum-hit-in-february-2026"", ""outcome"": ""Yes"", ""outcomeIndex"": 0, ""name"": ""roys4"", ""pseudonym"": ""Unusual-Plagiarism"", ""bio"": """", ""profileImage"": """", ""profileImageOptimized"": """", ""transactionHash"": ""0x217b21765483025e48f10f9380ce299381081ddfa539b7a8aaa9c4b27b5582a1""}"
1770889131,2026-02-14T02:36:15.181043,0x44d33b7eaf85b3badab1642f3a690351514316df1520ac76fef44626d8dd351f:1770889131,1303357,108999384188108521715304668689630764454260618208482429430624780380952570648070,BUY,0.003,11600.0,34.800000000000004,0x44d33b7eaf85b3badab1642f3a690351514316df1520ac76fef44626d8dd351f,"{""proxyWallet"": ""0xce906b97b9577fef82836d550f73328ad7cdd285"", ""side"": ""BUY"", ""asset"": ""108999384188108521715304668689630764454260618208482429430624780380952570648070"", ""conditionId"": ""0x73acf1ef075d83bedb89e5c32e9083477adbde563cd0d76b78b56defdf2d6438"", ""size"": 11600, ""price"": 0.003, ""timestamp"": 1770889131, ""title"": ""Will Ethereum reach $4,400 in February?"", ""slug"": ""will-ethereum-reach-4400-in-february-2026"", ""icon"": ""https://polymarket-upload.s3.us-east-2.amazonaws.com/ETH+fullsize.jpg"", ""eventSlug"": ""what-price-will-ethereum-hit-in-february-2026"", ""outcome"": ""Yes"", ""outcomeIndex"": 0, ""name"": ""Bro-Sigma"", ""pseudonym"": ""Probable-Possible"", ""bio"": """", ""profileImage"": ""https://polymarket-upload.s3.us-east-2.amazonaws.com/profile-image-577033-cd16fc84-483c-4f6b-a575-ad500e6f1472.png"", ""profileImageOptimized"": """", ""transactionHash"": ""0x44d33b7eaf85b3badab1642f3a690351514316df1520ac76fef44626d8dd351f""}"
1770889081,2026-02-14T02:36:15.181055,0x7d1f7bdd92df55ad98974b02c3a9934e8e6dcc196665d64551474524e4204979:1770889081,1303357,108999384188108521715304668689630764454260618208482429430624780380952570648070,BUY,0.003,51800.0,155.4,0x7d1f7bdd92df55ad98974b02c3a9934e8e6dcc196665d64551474524e4204979,"{""proxyWallet"": ""0xc25af07ba9f48469bd0336a2c870f2fc2a14c62e"", ""side"": ""BUY"", ""asset"": ""108999384188108521715304668689630764454260618208482429430624780380952570648070"", ""conditionId"": ""0x73acf1ef075d83bedb89e5c32e9083477adbde563cd0d76b78b56defdf2d6438"", ""size"": 51800, ""price"": 0.003, ""timestamp"": 1770889081, ""title"": ""Will Ethereum reach $4,400 in February?"", ""slug"": ""will-ethereum-reach-4400-in-february-2026"", ""icon"": ""https://polymarket-upload.s3.us-east-2.amazonaws.com/ETH+fullsize.jpg"", ""eventSlug"": ""what-price-will-ethereum-hit-in-february-2026"", ""outcome"": ""Yes"", ""outcomeIndex"": 0, ""name"": ""mrroy2874"", ""pseudonym"": ""Cute-Motorcar"", ""bio"": """", ""profileImage"": """", ""profileImageOptimized"": """", ""transactionHash"": ""0x7d1f7bdd92df55ad98974b02c3a9934e8e6dcc196665d64551474524e4204979""}"
1770888863,2026-02-14T02:36:15.181067,0x5c74dda3fba76ecfbbd1a5a0514c9da70bdfb2c0d8ef01650fa4bdf1b073e23d:1770888863,1303357,108999384188108521715304668689630764454260618208482429430624780380952570648070,BUY,0.003,63400.0,190.20000000000002,0x5c74dda3fba76ecfbbd1a5a0514c9da70bdfb2c0d8ef01650fa4bdf1b073e23d,"{""proxyWallet"": ""0x1b675910a53d86f196f83108b161e61ab824b194"", ""side"": ""BUY"", ""asset"": ""108999384188108521715304668689630764454260618208482429430624780380952570648070"", ""conditionId"": ""0x73acf1ef075d83bedb89e5c32e9083477adbde563cd0d76b78b56defdf2d6438"", ""size"": 63400, ""price"": 0.003, ""timestamp"": 1770888863, ""title"": ""Will Ethereum reach $4,400 in February?"", ""slug"": ""will-ethereum-reach-4400-in-february-2026"", ""icon"": ""https://polymarket-upload.s3.us-east-2.amazonaws.com/ETH+fullsize.jpg"", ""eventSlug"": ""what-price-will-ethereum-hit-in-february-2026"", ""outcome"": ""Yes"", ""outcomeIndex"": 0, ""name"": ""bura28"", ""pseudonym"": ""Private-Gran"", ""bio"": """", ""profileImage"": """", ""profileImageOptimized"": """", ""transactionHash"": ""0x5c74dda3fba76ecfbbd1a5a0514c9da70bdfb2c0d8ef01650fa4bdf1b073e23d""}"
1770888657,2026-02-14T02:36:15.181078,0x8c0e23eb3e9a0b12abbcd3e64f20932f8469b37aaf8628c2329be12ed352345d:1770888657,1303357,108999384188108521715304668689630764454260618208482429430624780380952570648070,BUY,0.003,34039.73,102.11919000000002,0x8c0e23eb3e9a0b12abbcd3e64f20932f8469b37aaf8628c2329be12ed352345d,"{""proxyWallet"": ""0x5dd59885b1eaef74c12d5da09ae7041279e07f2c"", ""side"": ""BUY"", ""asset"": ""108999384188108521715304668689630764454260618208482429430624780380952570648070"", ""conditionId"": ""0x73acf1ef075d83bedb89e5c32e9083477adbde563cd0d76b78b56defdf2d6438"", ""size"": 34039.73, ""price"": 0.003, ""timestamp"": 1770888657, ""title"": ""Will Ethereum reach $4,400 in February?"", ""slug"": ""will-ethereum-reach-4400-in-february-2026"", ""icon"": ""https://polymarket-upload.s3.us-east-2.amazonaws.com/ETH+fullsize.jpg"", ""eventSlug"": ""what-price-will-ethereum-hit-in-february-2026"", ""outcome"": ""Yes"", ""outcomeIndex"": 0, ""name"": "".SR."", ""pseudonym"": ""Knowing-Boss"", ""bio"": ""Grow Yourself"", ""profileImage"": ""https://polymarket-upload.s3.us-east-2.amazonaws.com/profile-image-3819256-228a40b6-a336-47c6-b111-842085486c84.jpg"", ""profileImageOptimized"": """", ""transactionHash"": ""0x8c0e23eb3e9a0b12abbcd3e64f20932f8469b37aaf8628c2329be12ed352345d""}"
1770888647,2026-02-14T02:36:15.181091,0x2d74702baeb9d6beadc8b4731603241af197d1b2c665bb9c3cd84bef2b5d4784:1770888647,1303357,108999384188108521715304668689630764454260618208482429430624780380952570648070,BUY,0.003,29410.27,88.23081,0x2d74702baeb9d6beadc8b4731603241af197d1b2c665bb9c3cd84bef2b5d4784,"{""proxyWallet"": ""0x5dd59885b1eaef74c12d5da09ae7041279e07f2c"", ""side"": ""BUY"", ""asset"": ""108999384188108521715304668689630764454260618208482429430624780380952570648070"", ""conditionId"": ""0x73acf1ef075d83bedb89e5c32e9083477adbde563cd0d76b78b56defdf2d6438"", ""size"": 29410.27, ""price"": 0.003, ""timestamp"": 1770888647, ""title"": ""Will Ethereum reach $4,400 in February?"", ""slug"": ""will-ethereum-reach-4400-in-february-2026"", ""icon"": ""https://polymarket-upload.s3.us-east-2.amazonaws.com/ETH+fullsize.jpg"", ""eventSlug"": ""what-price-will-ethereum-hit-in-february-2026"", ""outcome"": ""Yes"", ""outcomeIndex"": 0, ""name"": "".SR."", ""pseudonym"": ""Knowing-Boss"", ""bio"": ""Grow Yourself"", ""profileImage"": ""https://polymarket-upload.s3.us-east-2.amazonaws.com/profile-image-3819256-228a40b6-a336-47c6-b111-842085486c84.jpg"", ""profileImageOptimized"": """", ""transactionHash"": ""0x2d74702baeb9d6beadc8b4731603241af197d1b2c665bb9c3cd84bef2b5d4784""}"
1770875043,2026-02-14T02:36:15.181108,0x5b53217346aa8facef242eb8a6763fb28c660c076a1651363cf729d6ed012764:1770875043,1303357,108999384188108521715304668689630764454260618208482429430624780380952570648070,BUY,0.003,1000.0,3.0,0x5b53217346aa8facef242eb8a6763fb28c660c076a1651363cf729d6ed012764,"{""proxyWallet"": ""0x72dadead3c326cc2a0812fae130e024fe6f83881"", ""side"": ""BUY"", ""asset"": ""108999384188108521715304668689630764454260618208482429430624780380952570648070"", ""conditionId"": ""0x73acf1ef075d83bedb89e5c32e9083477adbde563cd0d76b78b56defdf2d6438"", ""size"": 1000, ""price"": 0.003, ""timestamp"": 1770875043, ""title"": ""Will Ethereum reach $4,400 in February?"", ""slug"": ""will-ethereum-reach-4400-in-february-2026"", ""icon"": ""https://polymarket-upload.s3.us-east-2.amazonaws.com/ETH+fullsize.jpg"", ""eventSlug"": ""what-price-will-ethereum-hit-in-february-2026"", ""outcome"": ""Yes"", ""outcomeIndex"": 0, ""name"": ""david711"", ""pseudonym"": ""Vicious-Feeding"", ""bio"": """", ""profileImage"": """", ""profileImageOptimized"": """", ""transactionHash"": ""0x5b53217346aa8facef242eb8a6763fb28c660c076a1651363cf729d6ed012764""}"
1770765205,2026-02-14T02:36:16.181689,0xf6bb7d7336e3f5f117a618633918534a5438ba9cdd28fe3302823c0378f5417c:1770765205,1303357,108999384188108521715304668689630764454260618208482429430624780380952570648070,SELL,0.003,8899.0,26.697,0xf6bb7d7336e3f5f117a618633918534a5438ba9cdd28fe3302823c0378f5417c,"{""proxyWallet"": ""0xce906b97b9577fef82836d550f73328ad7cdd285"", ""side"": ""SELL"", ""asset"": ""108999384188108521715304668689630764454260618208482429430624780380952570648070"", ""conditionId"": ""0x73acf1ef075d83bedb89e5c32e9083477adbde563cd0d76b78b56defdf2d6438"", ""size"": 8899, ""price"": 0.003, ""timestamp"": 1770765205, ""title"": ""Will Ethereum reach $4,400 in February?"", ""slug"": ""will-ethereum-reach-4400-in-february-2026"", ""icon"": ""https://polymarket-upload.s3.us-east-2.amazonaws.com/ETH+fullsize.jpg"", ""eventSlug"": ""what-price-will-ethereum-hit-in-february-2026"", ""outcome"": ""Yes"", ""outcomeIndex"": 0, ""name"": ""Bro-Sigma"", ""pseudonym"": ""Probable-Possible"", ""bio"": """", ""profileImage"": ""https://polymarket-upload.s3.us-east-2.amazonaws.com/profile-image-577033-cd16fc84-483c-4f6b-a575-ad500e6f1472.png"", ""profileImageOptimized"": """", ""transactionHash"": ""0xf6bb7d7336e3f5f117a618633918534a5438ba9cdd28fe3302823c0378f5417c""}"
1770764127,2026-02-14T02:36:16.181738,0xb1860f10450d409b8440a2747e136494717d1ff9da0b87b5819cc6faf8528ac5:1770764127,1303357,108999384188108521715304668689630764454260618208482429430624780380952570648070,SELL,0.003,142.85,0.42855,0xb1860f10450d409b8440a2747e136494717d1ff9da0b87b5819cc6faf8528ac5,"{""proxyWallet"": ""0xd4c8eb63fa3517bca0b28cb24347afea378d6efc"", ""side"": ""SELL"", ""asset"": ""108999384188108521715304668689630764454260618208482429430624780380952570648070"", ""conditionId"": ""0x73acf1ef075d83bedb89e5c32e9083477adbde563cd0d76b78b56defdf2d6438"", ""size"": 142.85, ""price"": 0.003, ""timestamp"": 1770764127, ""title"": ""Will Ethereum reach $4,400 in February?"", ""slug"": ""will-ethereum-reach-4400-in-february-2026"", ""icon"": ""https://polymarket-upload.s3.us-east-2.amazonaws.com/ETH+fullsize.jpg"", ""eventSlug"": ""what-price-will-ethereum-hit-in-february-2026"", ""outcome"": ""Yes"", ""outcomeIndex"": 0, ""name"": ""MrrMr"", ""pseudonym"": ""Dead-Chop"", ""bio"": """", ""profileImage"": """", ""profileImageOptimized"": """", ""transactionHash"": ""0xb1860f10450d409b8440a2747e136494717d1ff9da0b87b5819cc6faf8528ac5""}"
1770755473,2026-02-14T02:36:16.181758,0x7bce26507ae560ddbb2a7196d417e8c7352c56011e1e837ef0ad8f8f2249a19d:1770755473,1303357,108999384188108521715304668689630764454260618208482429430624780380952570648070,BUY,0.004,400.0,1.6,0x7bce26507ae560ddbb2a7196d417e8c7352c56011e1e837ef0ad8f8f2249a19d,"{""proxyWallet"": ""0xd23fb82f629a2702ed984565f8b300ddf2d89898"", ""side"": ""BUY"", ""asset"": ""108999384188108521715304668689630764454260618208482429430624780380952570648070"", ""conditionId"": ""0x73acf1ef075d83bedb89e5c32e9083477adbde563cd0d76b78b56defdf2d6438"", ""size"": 400, ""price"": 0.004, ""timestamp"": 1770755473, ""title"": ""Will Ethereum reach $4,400 in February?"", ""slug"": ""will-ethereum-reach-4400-in-february-2026"", ""icon"": ""https://polymarket-upload.s3.us-east-2.amazonaws.com/ETH+fullsize.jpg"", ""eventSlug"": ""what-price-will-ethereum-hit-in-february-2026"", ""outcome"": ""Yes"", ""outcomeIndex"": 0, ""name"": ""Vincent720"", ""pseudonym"": ""Jolly-Lunchmeat"", ""bio"": """", ""profileImage"": """", ""profileImageOptimized"": """", ""transactionHash"": ""0x7bce26507ae560ddbb2a7196d417e8c7352c56011e1e837ef0ad8f8f2249a19d""}"
1770743889,2026-02-14T02:36:16.181774,0x643958ad3f05a503af2b7253ea3679d4542154de892ec3591e62ce12f2ad907f:1770743889,1303357,108999384188108521715304668689630764454260618208482429430624780380952570648070,SELL,0.003,250.0,0.75,0x643958ad3f05a503af2b7253ea3679d4542154de892ec3591e62ce12f2ad907f,"{""proxyWallet"": ""0xce41a80cfb76bb72af1197ce217339093ee72aed"", ""side"": ""SELL"", ""asset"": ""108999384188108521715304668689630764454260618208482429430624780380952570648070"", ""conditionId"": ""0x73acf1ef075d83bedb89e5c32e9083477adbde563cd0d76b78b56defdf2d6438"", ""size"": 250, ""price"": 0.003, ""timestamp"": 1770743889, ""title"": ""Will Ethereum reach $4,400 in February?"", ""slug"": ""will-ethereum-reach-4400-in-february-2026"", ""icon"": ""https://polymarket-upload.s3.us-east-2.amazonaws.com/ETH+fullsize.jpg"", ""eventSlug"": ""what-price-will-ethereum-hit-in-february-2026"", ""outcome"": ""Yes"", ""outcomeIndex"": 0, ""name"": """", ""pseudonym"": """", ""bio"": """", ""profileImage"": """", ""profileImageOptimized"": """", ""transactionHash"": ""0x643958ad3f05a503af2b7253ea3679d4542154de892ec3591e62ce12f2ad907f""}"
1770715187,2026-02-14T02:36:16.181798,0xa1b8e40c3e5458079db1ef62ac7f84b875572478c181fa6f5ef80600377b4b43:1770715187,1303357,108999384188108521715304668689630764454260618208482429430624780380952570648070,SELL,0.003,591.44,1.7743200000000001,0xa1b8e40c3e5458079db1ef62ac7f84b875572478c181fa6f5ef80600377b4b43,"{""proxyWallet"": ""0xfa394a598dbf573202a8286b45f512c7a383977f"", ""side"": ""SELL"", ""asset"": ""108999384188108521715304668689630764454260618208482429430624780380952570648070"", ""conditionId"": ""0x73acf1ef075d83bedb89e5c32e9083477adbde563cd0d76b78b56defdf2d6438"", ""size"": 591.44, ""price"": 0.003, ""timestamp"": 1770715187, ""title"": ""Will Ethereum reach $4,400 in February?"", ""slug"": ""will-ethereum-reach-4400-in-february-2026"", ""icon"": ""https://polymarket-upload.s3.us-east-2.amazonaws.com/ETH+fullsize.jpg"", ""eventSlug"": ""what-price-will-ethereum-hit-in-february-2026"", ""outcome"": ""Yes"", ""outcomeIndex"": 0, ""name"": """", ""pseudonym"": """", ""bio"": """", ""profileImage"": """", ""profileImageOptimized"": """", ""transactionHash"": ""0xa1b8e40c3e5458079db1ef62ac7f84b875572478c181fa6f5ef80600377b4b43""}"
1770710837,2026-02-14T02:36:16.181814,0x0b2eb05b5d67b972e8d7b0b926934e87ed94c1d829a2c512871077fa5a4db930:1770710837,1303357,108999384188108521715304668689630764454260618208482429430624780380952570648070,SELL,0.003,572.0,1.716,0x0b2eb05b5d67b972e8d7b0b926934e87ed94c1d829a2c512871077fa5a4db930,"{""proxyWallet"": ""0x05ad85357e48d0acb82983282db97f9387b37560"", ""side"": ""SELL"", ""asset"": ""108999384188108521715304668689630764454260618208482429430624780380952570648070"", ""conditionId"": ""0x73acf1ef075d83bedb89e5c32e9083477adbde563cd0d76b78b56defdf2d6438"", ""size"": 572, ""price"": 0.003, ""timestamp"": 1770710837, ""title"": ""Will Ethereum reach $4,400 in February?"", ""slug"": ""will-ethereum-reach-4400-in-february-2026"", ""icon"": ""https://polymarket-upload.s3.us-east-2.amazonaws.com/ETH+fullsize.jpg"", ""eventSlug"": ""what-price-will-ethereum-hit-in-february-2026"", ""outcome"": ""Yes"", ""outcomeIndex"": 0, ""name"": ""0x05AD85357e48d0aCB82983282DB97f9387B37560-1762307456795"", ""pseudonym"": ""Orderly-Host"", ""bio"": """", ""profileImage"": """", ""profileImageOptimized"": """", ""transactionHash"": ""0x0b2eb05b5d67b972e8d7b0b926934e87ed94c1d829a2c512871077fa5a4db930""}"
1770710523,2026-02-14T02:36:16.181826,0x37097c99a41754a9919f48e0b7b3d32f83ecae48e2d995a36cc7cf9c9ede2f09:1770710523,1303357,108999384188108521715304668689630764454260618208482429430624780380952570648070,BUY,0.004,572.0,2.2880000000000003,0x37097c99a41754a9919f48e0b7b3d32f83ecae48e2d995a36cc7cf9c9ede2f09,"{""proxyWallet"": ""0x05ad85357e48d0acb82983282db97f9387b37560"", ""side"": ""BUY"", ""asset"": ""108999384188108521715304668689630764454260618208482429430624780380952570648070"", ""conditionId"": ""0x73acf1ef075d83bedb89e5c32e9083477adbde563cd0d76b78b56defdf2d6438"", ""size"": 572, ""price"": 0.004, ""timestamp"": 1770710523, ""title"": ""Will Ethereum reach $4,400 in February?"", ""slug"": ""will-ethereum-reach-4400-in-february-2026"", ""icon"": ""https://polymarket-upload.s3.us-east-2.amazonaws.com/ETH+fullsize.jpg"", ""eventSlug"": ""what-price-will-ethereum-hit-in-february-2026"", ""outcome"": ""Yes"", ""outcomeIndex"": 0, ""name"": ""0x05AD85357e48d0aCB82983282DB97f9387B37560-1762307456795"", ""pseudonym"": ""Orderly-Host"", ""bio"": """", ""profileImage"": """", ""profileImageOptimized"": """", ""transactionHash"": ""0x37097c99a41754a9919f48e0b7b3d32f83ecae48e2d995a36cc7cf9c9ede2f09""}"
1770710383,2026-02-14T02:36:16.181838,0x5d192f4e5bf135b77a827503085c3f5a35c1baa92594c7695cab020f390c2b4a:1770710383,1303357,108999384188108521715304668689630764454260618208482429430624780380952570648070,SELL,0.003,572.0,1.716,0x5d192f4e5bf135b77a827503085c3f5a35c1baa92594c7695cab020f390c2b4a,"{""proxyWallet"": ""0x05ad85357e48d0acb82983282db97f9387b37560"", ""side"": ""SELL"", ""asset"": ""108999384188108521715304668689630764454260618208482429430624780380952570648070"", ""conditionId"": ""0x73acf1ef075d83bedb89e5c32e9083477adbde563cd0d76b78b56defdf2d6438"", ""size"": 572, ""price"": 0.003, ""timestamp"": 1770710383, ""title"": ""Will Ethereum reach $4,400 in February?"", ""slug"": ""will-ethereum-reach-4400-in-february-2026"", ""icon"": ""https://polymarket-upload.s3.us-east-2.amazonaws.com/ETH+fullsize.jpg"", ""eventSlug"": ""what-price-will-ethereum-hit-in-february-2026"", ""outcome"": ""Yes"", ""outcomeIndex"": 0, ""name"": ""0x05AD85357e48d0aCB82983282DB97f9387B37560-1762307456795"", ""pseudonym"": ""Orderly-Host"", ""bio"": """", ""profileImage"": """", ""profileImageOptimized"": """", ""transactionHash"": ""0x5d192f4e5bf135b77a827503085c3f5a35c1baa92594c7695cab020f390c2b4a""}"
1770709219,2026-02-14T02:36:16.181851,0xe7580e50e1c5efb11b9ab74a1a61a733d8cfd2d2ece1bd140853b5e5cb6482c1:1770709219,1303357,108999384188108521715304668689630764454260618208482429430624780380952570648070,BUY,0.004,572.0,2.2880000000000003,0xe7580e50e1c5efb11b9ab74a1a61a733d8cfd2d2ece1bd140853b5e5cb6482c1,"{""proxyWallet"": ""0x05ad85357e48d0acb82983282db97f9387b37560"", ""side"": ""BUY"", ""asset"": ""108999384188108521715304668689630764454260618208482429430624780380952570648070"", ""conditionId"": ""0x73acf1ef075d83bedb89e5c32e9083477adbde563cd0d76b78b56defdf2d6438"", ""size"": 572, ""price"": 0.004, ""timestamp"": 1770709219, ""title"": ""Will Ethereum reach $4,400 in February?"", ""slug"": ""will-ethereum-reach-4400-in-february-2026"", ""icon"": ""https://polymarket-upload.s3.us-east-2.amazonaws.com/ETH+fullsize.jpg"", ""eventSlug"": ""what-price-will-ethereum-hit-in-february-2026"", ""outcome"": ""Yes"", ""outcomeIndex"": 0, ""name"": ""0x05AD85357e48d0aCB82983282DB97f9387B37560-1762307456795"", ""pseudonym"": ""Orderly-Host"", ""bio"": """", ""profileImage"": """", ""profileImageOptimized"": """", ""transactionHash"": ""0xe7580e50e1c5efb11b9ab74a1a61a733d8cfd2d2ece1bd140853b5e5cb6482c1""}"
1770709089,2026-02-14T02:36:16.181863,0xbcbf22bea24c8a763bdd0147fdcf58c49dca6e6bf31e90cc981c4ea30e867a30:1770709089,1303357,108999384188108521715304668689630764454260618208482429430624780380952570648070,SELL,0.003,572.0,1.716,0xbcbf22bea24c8a763bdd0147fdcf58c49dca6e6bf31e90cc981c4ea30e867a30,"{""proxyWallet"": ""0x05ad85357e48d0acb82983282db97f9387b37560"", ""side"": ""SELL"", ""asset"": ""108999384188108521715304668689630764454260618208482429430624780380952570648070"", ""conditionId"": ""0x73acf1ef075d83bedb89e5c32e9083477adbde563cd0d76b78b56defdf2d6438"", ""size"": 572, ""price"": 0.003, ""timestamp"": 1770709089, ""title"": ""Will Ethereum reach $4,400 in February?"", ""slug"": ""will-ethereum-reach-4400-in-february-2026"", ""icon"": ""https://polymarket-upload.s3.us-east-2.amazonaws.com/ETH+fullsize.jpg"", ""eventSlug"": ""what-price-will-ethereum-hit-in-february-2026"", ""outcome"": ""Yes"", ""outcomeIndex"": 0, ""name"": ""0x05AD85357e48d0aCB82983282DB97f9387B37560-1762307456795"", ""pseudonym"": ""Orderly-Host"", ""bio"": """", ""profileImage"": """", ""profileImageOptimized"": """", ""transactionHash"": ""0xbcbf22bea24c8a763bdd0147fdcf58c49dca6e6bf31e90cc981c4ea30e867a30""}"
1770708579,2026-02-14T02:36:16.181875,0x0510de5d5dee7ac02397b43a04b7b971587fbb5b68ec9427ef047c768200a31d:1770708579,1303357,108999384188108521715304668689630764454260618208482429430624780380952570648070,BUY,0.004,572.0,2.2880000000000003,0x0510de5d5dee7ac02397b43a04b7b971587fbb5b68ec9427ef047c768200a31d,"{""proxyWallet"": ""0x05ad85357e48d0acb82983282db97f9387b37560"", ""side"": ""BUY"", ""asset"": ""108999384188108521715304668689630764454260618208482429430624780380952570648070"", ""conditionId"": ""0x73acf1ef075d83bedb89e5c32e9083477adbde563cd0d76b78b56defdf2d6438"", ""size"": 572, ""price"": 0.004, ""timestamp"": 1770708579, ""title"": ""Will Ethereum reach $4,400 in February?"", ""slug"": ""will-ethereum-reach-4400-in-february-2026"", ""icon"": ""https://polymarket-upload.s3.us-east-2.amazonaws.com/ETH+fullsize.jpg"", ""eventSlug"": ""what-price-will-ethereum-hit-in-february-2026"", ""outcome"": ""Yes"", ""outcomeIndex"": 0, ""name"": ""0x05AD85357e48d0aCB82983282DB97f9387B37560-1762307456795"", ""pseudonym"": ""Orderly-Host"", ""bio"": """", ""profileImage"": """", ""profileImageOptimized"": """", ""transactionHash"": ""0x0510de5d5dee7ac02397b43a04b7b971587fbb5b68ec9427ef047c768200a31d""}"
1770708505,2026-02-14T02:36:16.181888,0x7536609717307e653345e957358e3131df48b8116f1333fe5808edaf884076e2:1770708505,1303357,108999384188108521715304668689630764454260618208482429430624780380952570648070,SELL,0.003,572.0,1.716,0x7536609717307e653345e957358e3131df48b8116f1333fe5808edaf884076e2,"{""proxyWallet"": ""0x05ad85357e48d0acb82983282db97f9387b37560"", ""side"": ""SELL"", ""asset"": ""108999384188108521715304668689630764454260618208482429430624780380952570648070"", ""conditionId"": ""0x73acf1ef075d83bedb89e5c32e9083477adbde563cd0d76b78b56defdf2d6438"", ""size"": 572, ""price"": 0.003, ""timestamp"": 1770708505, ""title"": ""Will Ethereum reach $4,400 in February?"", ""slug"": ""will-ethereum-reach-4400-in-february-2026"", ""icon"": ""https://polymarket-upload.s3.us-east-2.amazonaws.com/ETH+fullsize.jpg"", ""eventSlug"": ""what-price-will-ethereum-hit-in-february-2026"", ""outcome"": ""Yes"", ""outcomeIndex"": 0, ""name"": ""0x05AD85357e48d0aCB82983282DB97f9387B37560-1762307456795"", ""pseudonym"": ""Orderly-Host"", ""bio"": """", ""profileImage"": """", ""profileImageOptimized"": """", ""transactionHash"": ""0x7536609717307e653345e957358e3131df48b8116f1333fe5808edaf884076e2""}"
1770708269,2026-02-14T02:36:16.181900,0x85751183439c6e1bb4367f4656df196ad88e4bbce622017430f32420fd4b8f9e:1770708269,1303357,108999384188108521715304668689630764454260618208482429430624780380952570648070,BUY,0.004,572.0,2.2880000000000003,0x85751183439c6e1bb4367f4656df196ad88e4bbce622017430f32420fd4b8f9e,"{""proxyWallet"": ""0x05ad85357e48d0acb82983282db97f9387b37560"", ""side"": ""BUY"", ""asset"": ""108999384188108521715304668689630764454260618208482429430624780380952570648070"", ""conditionId"": ""0x73acf1ef075d83bedb89e5c32e9083477adbde563cd0d76b78b56defdf2d6438"", ""size"": 572, ""price"": 0.004, ""timestamp"": 1770708269, ""title"": ""Will Ethereum reach $4,400 in February?"", ""slug"": ""will-ethereum-reach-4400-in-february-2026"", ""icon"": ""https://polymarket-upload.s3.us-east-2.amazonaws.com/ETH+fullsize.jpg"", ""eventSlug"": ""what-price-will-ethereum-hit-in-february-2026"", ""outcome"": ""Yes"", ""outcomeIndex"": 0, ""name"": ""0x05AD85357e48d0aCB82983282DB97f9387B37560-1762307456795"", ""pseudonym"": ""Orderly-Host"", ""bio"": """", ""profileImage"": """", ""profileImageOptimized"": """", ""transactionHash"": ""0x85751183439c6e1bb4367f4656df196ad88e4bbce622017430f32420fd4b8f9e""}"
1770708219,2026-02-14T02:36:16.181923,0x059dc2fffac90cdd5413374bf06aaca4c33ccd3e38ec0c748b442e4eaaeaff5a:1770708219,1303357,108999384188108521715304668689630764454260618208482429430624780380952570648070,SELL,0.003,1144.0,3.432,0x059dc2fffac90cdd5413374bf06aaca4c33ccd3e38ec0c748b442e4eaaeaff5a,"{""proxyWallet"": ""0x05ad85357e48d0acb82983282db97f9387b37560"", ""side"": ""SELL"", ""asset"": ""108999384188108521715304668689630764454260618208482429430624780380952570648070"", ""conditionId"": ""0x73acf1ef075d83bedb89e5c32e9083477adbde563cd0d76b78b56defdf2d6438"", ""size"": 1144, ""price"": 0.003, ""timestamp"": 1770708219, ""title"": ""Will Ethereum reach $4,400 in February?"", ""slug"": ""will-ethereum-reach-4400-in-february-2026"", ""icon"": ""https://polymarket-upload.s3.us-east-2.amazonaws.com/ETH+fullsize.jpg"", ""eventSlug"": ""what-price-will-ethereum-hit-in-february-2026"", ""outcome"": ""Yes"", ""outcomeIndex"": 0, ""name"": ""0x05AD85357e48d0aCB82983282DB97f9387B37560-1762307456795"", ""pseudonym"": ""Orderly-Host"", ""bio"": """", ""profileImage"": """", ""profileImageOptimized"": """", ""transactionHash"": ""0x059dc2fffac90cdd5413374bf06aaca4c33ccd3e38ec0c748b442e4eaaeaff5a""}"
1770697213,2026-02-14T02:36:16.181939,0x002075b6e29a96815b625abf093d4c1f5e91e29c0ab39c582c540c2f48a333be:1770697213,1303357,108999384188108521715304668689630764454260618208482429430624780380952570648070,BUY,0.004,572.0,2.2880000000000003,0x002075b6e29a96815b625abf093d4c1f5e91e29c0ab39c582c540c2f48a333be,"{""proxyWallet"": ""0x05ad85357e48d0acb82983282db97f9387b37560"", ""side"": ""BUY"", ""asset"": ""108999384188108521715304668689630764454260618208482429430624780380952570648070"", ""conditionId"": ""0x73acf1ef075d83bedb89e5c32e9083477adbde563cd0d76b78b56defdf2d6438"", ""size"": 572, ""price"": 0.004, ""timestamp"": 1770697213, ""title"": ""Will Ethereum reach $4,400 in February?"", ""slug"": ""will-ethereum-reach-4400-in-february-2026"", ""icon"": ""https://polymarket-upload.s3.us-east-2.amazonaws.com/ETH+fullsize.jpg"", ""eventSlug"": ""what-price-will-ethereum-hit-in-february-2026"", ""outcome"": ""Yes"", ""outcomeIndex"": 0, ""name"": ""0x05AD85357e48d0aCB82983282DB97f9387B37560-1762307456795"", ""pseudonym"": ""Orderly-Host"", ""bio"": """", ""profileImage"": """", ""profileImageOptimized"": """", ""transactionHash"": ""0x002075b6e29a96815b625abf093d4c1f5e91e29c0ab39c582c540c2f48a333be""}"
1770688625,2026-02-14T02:36:17.104242,0x74e2e943b6fd627c2308af9c94a2911df60c419208084ece09f472ba278dbe86:1770688625,1303357,108999384188108521715304668689630764454260618208482429430624780380952570648070,BUY,0.004,572.0,2.2880000000000003,0x74e2e943b6fd627c2308af9c94a2911df60c419208084ece09f472ba278dbe86,"{""proxyWallet"": ""0x05ad85357e48d0acb82983282db97f9387b37560"", ""side"": ""BUY"", ""asset"": ""108999384188108521715304668689630764454260618208482429430624780380952570648070"", ""conditionId"": ""0x73acf1ef075d83bedb89e5c32e9083477adbde563cd0d76b78b56defdf2d6438"", ""size"": 572, ""price"": 0.004, ""timestamp"": 1770688625, ""title"": ""Will Ethereum reach $4,400 in February?"", ""slug"": ""will-ethereum-reach-4400-in-february-2026"", ""icon"": ""https://polymarket-upload.s3.us-east-2.amazonaws.com/ETH+fullsize.jpg"", ""eventSlug"": ""what-price-will-ethereum-hit-in-february-2026"", ""outcome"": ""Yes"", ""outcomeIndex"": 0, ""name"": ""0x05AD85357e48d0aCB82983282DB97f9387B37560-1762307456795"", ""pseudonym"": ""Orderly-Host"", ""bio"": """", ""profileImage"": """", ""profileImageOptimized"": """", ""transactionHash"": ""0x74e2e943b6fd627c2308af9c94a2911df60c419208084ece09f472ba278dbe86""}"
1770685063,2026-02-14T02:36:17.104293,0x9e6e2f6100fbf0a530151a8923f3edc4c46b573ae4f9b49ad51b88204b4699ec:1770685063,1303357,108999384188108521715304668689630764454260618208482429430624780380952570648070,BUY,0.004,250.0,1.0,0x9e6e2f6100fbf0a530151a8923f3edc4c46b573ae4f9b49ad51b88204b4699ec,"{""proxyWallet"": ""0xce41a80cfb76bb72af1197ce217339093ee72aed"", ""side"": ""BUY"", ""asset"": ""108999384188108521715304668689630764454260618208482429430624780380952570648070"", ""conditionId"": ""0x73acf1ef075d83bedb89e5c32e9083477adbde563cd0d76b78b56defdf2d6438"", ""size"": 250, ""price"": 0.004, ""timestamp"": 1770685063, ""title"": ""Will Ethereum reach $4,400 in February?"", ""slug"": ""will-ethereum-reach-4400-in-february-2026"", ""icon"": ""https://polymarket-upload.s3.us-east-2.amazonaws.com/ETH+fullsize.jpg"", ""eventSlug"": ""what-price-will-ethereum-hit-in-february-2026"", ""outcome"": ""Yes"", ""outcomeIndex"": 0, ""name"": """", ""pseudonym"": """", ""bio"": """", ""profileImage"": """", ""profileImageOptimized"": """", ""transactionHash"": ""0x9e6e2f6100fbf0a530151a8923f3edc4c46b573ae4f9b49ad51b88204b4699ec""}"
1770667319,2026-02-14T02:36:17.104314,0x9bc4b2136b33ade59ea122b0ac5b2d1b3b0787861d5290597bc3c9ff5b71f033:1770667319,1303357,108999384188108521715304668689630764454260618208482429430624780380952570648070,BUY,0.003,13210.16,39.63048,0x9bc4b2136b33ade59ea122b0ac5b2d1b3b0787861d5290597bc3c9ff5b71f033,"{""proxyWallet"": ""0xa77611b436679ae7fbab47dd8efa4809ede311c5"", ""side"": ""BUY"", ""asset"": ""108999384188108521715304668689630764454260618208482429430624780380952570648070"", ""conditionId"": ""0x73acf1ef075d83bedb89e5c32e9083477adbde563cd0d76b78b56defdf2d6438"", ""size"": 13210.16, ""price"": 0.003, ""timestamp"": 1770667319, ""title"": ""Will Ethereum reach $4,400 in February?"", ""slug"": ""will-ethereum-reach-4400-in-february-2026"", ""icon"": ""https://polymarket-upload.s3.us-east-2.amazonaws.com/ETH+fullsize.jpg"", ""eventSlug"": ""what-price-will-ethereum-hit-in-february-2026"", ""outcome"": ""Yes"", ""outcomeIndex"": 0, ""name"": ""ShishaBar"", ""pseudonym"": ""Lone-Retina"", ""bio"": """", ""profileImage"": """", ""profileImageOptimized"": """", ""transactionHash"": ""0x9bc4b2136b33ade59ea122b0ac5b2d1b3b0787861d5290597bc3c9ff5b71f033""}"
1770656231,2026-02-14T02:36:17.104331,0xbb8618f6bc4b73c98007f69670b89c16ca0d5d0cec025e9740102fd58312ef8a:1770656231,1303357,108999384188108521715304668689630764454260618208482429430624780380952570648070,BUY,0.003,13019.16,39.05748,0xbb8618f6bc4b73c98007f69670b89c16ca0d5d0cec025e9740102fd58312ef8a,"{""proxyWallet"": ""0xce906b97b9577fef82836d550f73328ad7cdd285"", ""side"": ""BUY"", ""asset"": ""108999384188108521715304668689630764454260618208482429430624780380952570648070"", ""conditionId"": ""0x73acf1ef075d83bedb89e5c32e9083477adbde563cd0d76b78b56defdf2d6438"", ""size"": 13019.16, ""price"": 0.003, ""timestamp"": 1770656231, ""title"": ""Will Ethereum reach $4,400 in February?"", ""slug"": ""will-ethereum-reach-4400-in-february-2026"", ""icon"": ""https://polymarket-upload.s3.us-east-2.amazonaws.com/ETH+fullsize.jpg"", ""eventSlug"": ""what-price-will-ethereum-hit-in-february-2026"", ""outcome"": ""Yes"", ""outcomeIndex"": 0, ""name"": ""Bro-Sigma"", ""pseudonym"": ""Probable-Possible"", ""bio"": """", ""profileImage"": ""https://polymarket-upload.s3.us-east-2.amazonaws.com/profile-image-577033-cd16fc84-483c-4f6b-a575-ad500e6f1472.png"", ""profileImageOptimized"": """", ""transactionHash"": ""0xbb8618f6bc4b73c98007f69670b89c16ca0d5d0cec025e9740102fd58312ef8a""}"
1770654315,2026-02-14T02:36:17.104347,0xfb8e4bc222d4800a386ea174c81bbedb14a2a46528e19315b6619407563d15e3:1770654315,1303357,108999384188108521715304668689630764454260618208482429430624780380952570648070,BUY,0.003,5000.0,15.0,0xfb8e4bc222d4800a386ea174c81bbedb14a2a46528e19315b6619407563d15e3,"{""proxyWallet"": ""0xd93421686ba1a321314411fbc649627aae0ebf8d"", ""side"": ""BUY"", ""asset"": ""108999384188108521715304668689630764454260618208482429430624780380952570648070"", ""conditionId"": ""0x73acf1ef075d83bedb89e5c32e9083477adbde563cd0d76b78b56defdf2d6438"", ""size"": 5000, ""price"": 0.003, ""timestamp"": 1770654315, ""title"": ""Will Ethereum reach $4,400 in February?"", ""slug"": ""will-ethereum-reach-4400-in-february-2026"", ""icon"": ""https://polymarket-upload.s3.us-east-2.amazonaws.com/ETH+fullsize.jpg"", ""eventSlug"": ""what-price-will-ethereum-hit-in-february-2026"", ""outcome"": ""Yes"", ""outcomeIndex"": 0, ""name"": ""1919use11"", ""pseudonym"": ""Piercing-Pompom"", ""bio"": """", ""profileImage"": """", ""profileImageOptimized"": """", ""transactionHash"": ""0xfb8e4bc222d4800a386ea174c81bbedb14a2a46528e19315b6619407563d15e3""}"
1770631083,2026-02-14T02:36:17.104367,0x2d0c9fed43e2cd0b6f2f38a8d01a157b43bbe48d9361eb5ca4e0ba373ce4b745:1770631083,1303357,108999384188108521715304668689630764454260618208482429430624780380952570648070,BUY,0.0030000000005029337,7953.333332,23.86,0x2d0c9fed43e2cd0b6f2f38a8d01a157b43bbe48d9361eb5ca4e0ba373ce4b745,"{""proxyWallet"": ""0xce906b97b9577fef82836d550f73328ad7cdd285"", ""side"": ""BUY"", ""asset"": ""108999384188108521715304668689630764454260618208482429430624780380952570648070"", ""conditionId"": ""0x73acf1ef075d83bedb89e5c32e9083477adbde563cd0d76b78b56defdf2d6438"", ""size"": 7953.333332, ""price"": 0.0030000000005029337, ""timestamp"": 1770631083, ""title"": ""Will Ethereum reach $4,400 in February?"", ""slug"": ""will-ethereum-reach-4400-in-february-2026"", ""icon"": ""https://polymarket-upload.s3.us-east-2.amazonaws.com/ETH+fullsize.jpg"", ""eventSlug"": ""what-price-will-ethereum-hit-in-february-2026"", ""outcome"": ""Yes"", ""outcomeIndex"": 0, ""name"": ""Bro-Sigma"", ""pseudonym"": ""Probable-Possible"", ""bio"": """", ""profileImage"": ""https://polymarket-upload.s3.us-east-2.amazonaws.com/profile-image-577033-cd16fc84-483c-4f6b-a575-ad500e6f1472.png"", ""profileImageOptimized"": """", ""transactionHash"": ""0x2d0c9fed43e2cd0b6f2f38a8d01a157b43bbe48d9361eb5ca4e0ba373ce4b745""}"
1770630121,2026-02-14T02:36:17.104384,0x6b9fae79c2fb86c3e60c27d8ea71a4c47788c049679beaf4f6e3d5f183fc33b5:1770630121,1303357,108999384188108521715304668689630764454260618208482429430624780380952570648070,SELL,0.002,10000.0,20.0,0x6b9fae79c2fb86c3e60c27d8ea71a4c47788c049679beaf4f6e3d5f183fc33b5,"{""proxyWallet"": ""0xe13f086b0c7f1f3bd65b68df4074c804b822407d"", ""side"": ""SELL"", ""asset"": ""108999384188108521715304668689630764454260618208482429430624780380952570648070"", ""conditionId"": ""0x73acf1ef075d83bedb89e5c32e9083477adbde563cd0d76b78b56defdf2d6438"", ""size"": 10000, ""price"": 0.002, ""timestamp"": 1770630121, ""title"": ""Will Ethereum reach $4,400 in February?"", ""slug"": ""will-ethereum-reach-4400-in-february-2026"", ""icon"": ""https://polymarket-upload.s3.us-east-2.amazonaws.com/ETH+fullsize.jpg"", ""eventSlug"": ""what-price-will-ethereum-hit-in-february-2026"", ""outcome"": ""Yes"", ""outcomeIndex"": 0, ""name"": ""123amz"", ""pseudonym"": ""Humble-Blister"", ""bio"": ""up"", ""profileImage"": """", ""profileImageOptimized"": """", ""transactionHash"": ""0x6b9fae79c2fb86c3e60c27d8ea71a4c47788c049679beaf4f6e3d5f183fc33b5""}"
1770625435,2026-02-14T02:36:17.104417,0x69b5026d7e171b2a283610b52f6318f96430c26817e3861ad44e4ba828a2a982:1770625435,1303357,108999384188108521715304668689630764454260618208482429430624780380952570648070,BUY,0.003,10000.0,30.0,0x69b5026d7e171b2a283610b52f6318f96430c26817e3861ad44e4ba828a2a982,"{""proxyWallet"": ""0xe13f086b0c7f1f3bd65b68df4074c804b822407d"", ""side"": ""BUY"", ""asset"": ""108999384188108521715304668689630764454260618208482429430624780380952570648070"", ""conditionId"": ""0x73acf1ef075d83bedb89e5c32e9083477adbde563cd0d76b78b56defdf2d6438"", ""size"": 10000, ""price"": 0.003, ""timestamp"": 1770625435, ""title"": ""Will Ethereum reach $4,400 in February?"", ""slug"": ""will-ethereum-reach-4400-in-february-2026"", ""icon"": ""https://polymarket-upload.s3.us-east-2.amazonaws.com/ETH+fullsize.jpg"", ""eventSlug"": ""what-price-will-ethereum-hit-in-february-2026"", ""outcome"": ""Yes"", ""outcomeIndex"": 0, ""name"": ""123amz"", ""pseudonym"": ""Humble-Blister"", ""bio"": ""up"", ""profileImage"": """", ""profileImageOptimized"": """", ""transactionHash"": ""0x69b5026d7e171b2a283610b52f6318f96430c26817e3861ad44e4ba828a2a982""}"
1771009639,2026-02-14T03:18:16.331401,0x3c72a9203736516c8412abd380daf2df0dcc7a9b201fde49fba5a62c36bcb7e0:1771009639,1303357,108999384188108521715304668689630764454260618208482429430624780380952570648070,BUY,0.003,285.0,0.855,0x3c72a9203736516c8412abd380daf2df0dcc7a9b201fde49fba5a62c36bcb7e0,"{""proxyWallet"": ""0xb08be1d3d798f8a85ca9333fb84963cd5ab87ce7"", ""side"": ""BUY"", ""asset"": ""108999384188108521715304668689630764454260618208482429430624780380952570648070"", ""conditionId"": ""0x73acf1ef075d83bedb89e5c32e9083477adbde563cd0d76b78b56defdf2d6438"", ""size"": 285, ""price"": 0.003, ""timestamp"": 1771009639, ""title"": ""Will Ethereum reach $4,400 in February?"", ""slug"": ""will-ethereum-reach-4400-in-february-2026"", ""icon"": ""https://polymarket-upload.s3.us-east-2.amazonaws.com/ETH+fullsize.jpg"", ""eventSlug"": ""what-price-will-ethereum-hit-in-february-2026"", ""outcome"": ""Yes"", ""outcomeIndex"": 0, ""name"": ""caldwellkristin"", ""pseudonym"": ""Cold-Joey"", ""bio"": """", ""profileImage"": """", ""profileImageOptimized"": """", ""transactionHash"": ""0x3c72a9203736516c8412abd380daf2df0dcc7a9b201fde49fba5a62c36bcb7e0""}"
1771016169,2026-02-14T05:00:15.931885,0x67ebccc6e48591aaadaffe3e3f9b42f0791060f91fcdf09bd3bc55606a5f01fa:1771016169,1303357,108999384188108521715304668689630764454260618208482429430624780380952570648070,BUY,0.003,1250.0,3.75,0x67ebccc6e48591aaadaffe3e3f9b42f0791060f91fcdf09bd3bc55606a5f01fa,"{""proxyWallet"": ""0x40d663be9c050cde15edbaf748506abdf802d9d2"", ""side"": ""BUY"", ""asset"": ""108999384188108521715304668689630764454260618208482429430624780380952570648070"", ""conditionId"": ""0x73acf1ef075d83bedb89e5c32e9083477adbde563cd0d76b78b56defdf2d6438"", ""size"": 1250, ""price"": 0.003, ""timestamp"": 1771016169, ""title"": ""Will Ethereum reach $4,400 in February?"", ""slug"": ""will-ethereum-reach-4400-in-february-2026"", ""icon"": ""https://polymarket-upload.s3.us-east-2.amazonaws.com/ETH+fullsize.jpg"", ""eventSlug"": ""what-price-will-ethereum-hit-in-february-2026"", ""outcome"": ""Yes"", ""outcomeIndex"": 0, ""name"": ""0x40d663be9C050CdE15edbAF748506aBdF802d9d2-1765918293937"", ""pseudonym"": ""Immense-Roast"", ""bio"": """", ""profileImage"": """", ""profileImageOptimized"": """", ""transactionHash"": ""0x67ebccc6e48591aaadaffe3e3f9b42f0791060f91fcdf09bd3bc55606a5f01fa""}"
1771016905,2026-02-14T05:12:15.310158,0x180bf20cf6de68654ed3987db8b4459996f438070d3e148b21a3659b5440d122:1771016905,1303357,108999384188108521715304668689630764454260618208482429430624780380952570648070,BUY,0.003,1666.67,5.0000100000000005,0x180bf20cf6de68654ed3987db8b4459996f438070d3e148b21a3659b5440d122,"{""proxyWallet"": ""0x2bfa5b63e3b62065cbf4e75929cc87140eca91cf"", ""side"": ""BUY"", ""asset"": ""108999384188108521715304668689630764454260618208482429430624780380952570648070"", ""conditionId"": ""0x73acf1ef075d83bedb89e5c32e9083477adbde563cd0d76b78b56defdf2d6438"", ""size"": 1666.67, ""price"": 0.003, ""timestamp"": 1771016905, ""title"": ""Will Ethereum reach $4,400 in February?"", ""slug"": ""will-ethereum-reach-4400-in-february-2026"", ""icon"": ""https://polymarket-upload.s3.us-east-2.amazonaws.com/ETH+fullsize.jpg"", ""eventSlug"": ""what-price-will-ethereum-hit-in-february-2026"", ""outcome"": ""Yes"", ""outcomeIndex"": 0, ""name"": ""Vivenho"", ""pseudonym"": ""Lawful-Wit"", ""bio"": """", ""profileImage"": """", ""profileImageOptimized"": """", ""transactionHash"": ""0x180bf20cf6de68654ed3987db8b4459996f438070d3e148b21a3659b5440d122""}"
1771016869,2026-02-14T05:12:15.310212,0xcbc3f161ac8c2f66c1acb52d5603a42f2c6dfc81fb1518ed41ac216f9101892a:1771016869,1303357,108999384188108521715304668689630764454260618208482429430624780380952570648070,BUY,0.003,666.67,2.00001,0xcbc3f161ac8c2f66c1acb52d5603a42f2c6dfc81fb1518ed41ac216f9101892a,"{""proxyWallet"": ""0x2bfa5b63e3b62065cbf4e75929cc87140eca91cf"", ""side"": ""BUY"", ""asset"": ""108999384188108521715304668689630764454260618208482429430624780380952570648070"", ""conditionId"": ""0x73acf1ef075d83bedb89e5c32e9083477adbde563cd0d76b78b56defdf2d6438"", ""size"": 666.67, ""price"": 0.003, ""timestamp"": 1771016869, ""title"": ""Will Ethereum reach $4,400 in February?"", ""slug"": ""will-ethereum-reach-4400-in-february-2026"", ""icon"": ""https://polymarket-upload.s3.us-east-2.amazonaws.com/ETH+fullsize.jpg"", ""eventSlug"": ""what-price-will-ethereum-hit-in-february-2026"", ""outcome"": ""Yes"", ""outcomeIndex"": 0, ""name"": ""Vivenho"", ""pseudonym"": ""Lawful-Wit"", ""bio"": """", ""profileImage"": """", ""profileImageOptimized"": """", ""transactionHash"": ""0xcbc3f161ac8c2f66c1acb52d5603a42f2c6dfc81fb1518ed41ac216f9101892a""}"
1771016861,2026-02-14T05:12:15.310232,0xd48806700d013e48ae1bebc7019028a5eec566227317cdce4d0d66134509a2d1:1771016861,1303357,108999384188108521715304668689630764454260618208482429430624780380952570648070,BUY,0.003,666.67,2.00001,0xd48806700d013e48ae1bebc7019028a5eec566227317cdce4d0d66134509a2d1,"{""proxyWallet"": ""0x2bfa5b63e3b62065cbf4e75929cc87140eca91cf"", ""side"": ""BUY"", ""asset"": ""108999384188108521715304668689630764454260618208482429430624780380952570648070"", ""conditionId"": ""0x73acf1ef075d83bedb89e5c32e9083477adbde563cd0d76b78b56defdf2d6438"", ""size"": 666.67, ""price"": 0.003, ""timestamp"": 1771016861, ""title"": ""Will Ethereum reach $4,400 in February?"", ""slug"": ""will-ethereum-reach-4400-in-february-2026"", ""icon"": ""https://polymarket-upload.s3.us-east-2.amazonaws.com/ETH+fullsize.jpg"", ""eventSlug"": ""what-price-will-ethereum-hit-in-february-2026"", ""outcome"": ""Yes"", ""outcomeIndex"": 0, ""name"": ""Vivenho"", ""pseudonym"": ""Lawful-Wit"", ""bio"": """", ""profileImage"": """", ""profileImageOptimized"": """", ""transactionHash"": ""0xd48806700d013e48ae1bebc7019028a5eec566227317cdce4d0d66134509a2d1""}"
1771017973,2026-02-14T05:27:15.877974,0xd42ce4690bac9234f27d9884d235fbdf7d2b39ea1a44871ad5b74b517d25b8e5:1771017973,1303357,108999384188108521715304668689630764454260618208482429430624780380952570648070,SELL,0.002,3000.01,6.00002,0xd42ce4690bac9234f27d9884d235fbdf7d2b39ea1a44871ad5b74b517d25b8e5,"{""proxyWallet"": ""0x2bfa5b63e3b62065cbf4e75929cc87140eca91cf"", ""side"": ""SELL"", ""asset"": ""108999384188108521715304668689630764454260618208482429430624780380952570648070"", ""conditionId"": ""0x73acf1ef075d83bedb89e5c32e9083477adbde563cd0d76b78b56defdf2d6438"", ""size"": 3000.01, ""price"": 0.002, ""timestamp"": 1771017973, ""title"": ""Will Ethereum reach $4,400 in February?"", ""slug"": ""will-ethereum-reach-4400-in-february-2026"", ""icon"": ""https://polymarket-upload.s3.us-east-2.amazonaws.com/ETH+fullsize.jpg"", ""eventSlug"": ""what-price-will-ethereum-hit-in-february-2026"", ""outcome"": ""Yes"", ""outcomeIndex"": 0, ""name"": ""Vivenho"", ""pseudonym"": ""Lawful-Wit"", ""bio"": """", ""profileImage"": """", ""profileImageOptimized"": """", ""transactionHash"": ""0xd42ce4690bac9234f27d9884d235fbdf7d2b39ea1a44871ad5b74b517d25b8e5""}"
1771023395,2026-02-14T07:03:16.484808,0x16daebbe4bc69f0cf6df89d3817d9fade5e64e5b2cf2bdfcae9f3cc5cc684b74:1771023395,1303357,108999384188108521715304668689630764454260618208482429430624780380952570648070,BUY,0.003000000003,333.333333,1.0,0x16daebbe4bc69f0cf6df89d3817d9fade5e64e5b2cf2bdfcae9f3cc5cc684b74,"{""proxyWallet"": ""0x367d94b546ea4e2d56033aef9681ae2f5c7c4a9e"", ""side"": ""BUY"", ""asset"": ""108999384188108521715304668689630764454260618208482429430624780380952570648070"", ""conditionId"": ""0x73acf1ef075d83bedb89e5c32e9083477adbde563cd0d76b78b56defdf2d6438"", ""size"": 333.333333, ""price"": 0.003000000003, ""timestamp"": 1771023395, ""title"": ""Will Ethereum reach $4,400 in February?"", ""slug"": ""will-ethereum-reach-4400-in-february-2026"", ""icon"": ""https://polymarket-upload.s3.us-east-2.amazonaws.com/ETH+fullsize.jpg"", ""eventSlug"": ""what-price-will-ethereum-hit-in-february-2026"", ""outcome"": ""Yes"", ""outcomeIndex"": 0, ""name"": ""AlphaAnalyst1"", ""pseudonym"": ""Expensive-Ethernet"", ""bio"": """", ""profileImage"": """", ""profileImageOptimized"": """", ""transactionHash"": ""0x16daebbe4bc69f0cf6df89d3817d9fade5e64e5b2cf2bdfcae9f3cc5cc684b74""}"
1771023995,2026-02-14T07:09:15.942658,0xf3248e7c672048cc54160a2326b9dbf69456dc9e7857e5e7e351ecd44e712906:1771023995,1303357,108999384188108521715304668689630764454260618208482429430624780380952570648070,BUY,0.003,100.0,0.3,0xf3248e7c672048cc54160a2326b9dbf69456dc9e7857e5e7e351ecd44e712906,"{""proxyWallet"": ""0x0828fbb78255d527c756e4f3b3dd1494c5083851"", ""side"": ""BUY"", ""asset"": ""108999384188108521715304668689630764454260618208482429430624780380952570648070"", ""conditionId"": ""0x73acf1ef075d83bedb89e5c32e9083477adbde563cd0d76b78b56defdf2d6438"", ""size"": 100, ""price"": 0.003, ""timestamp"": 1771023995, ""title"": ""Will Ethereum reach $4,400 in February?"", ""slug"": ""will-ethereum-reach-4400-in-february-2026"", ""icon"": ""https://polymarket-upload.s3.us-east-2.amazonaws.com/ETH+fullsize.jpg"", ""eventSlug"": ""what-price-will-ethereum-hit-in-february-2026"", ""outcome"": ""Yes"", ""outcomeIndex"": 0, ""name"": ""0x0828fBB78255d527C756e4F3B3Dd1494C5083851-1770998576097"", ""pseudonym"": ""Authentic-Joey"", ""bio"": """", ""profileImage"": """", ""profileImageOptimized"": """", ""transactionHash"": ""0xf3248e7c672048cc54160a2326b9dbf69456dc9e7857e5e7e351ecd44e712906""}"
1771027639,2026-02-14T08:09:16.583269,0xc99dc3a8e4ff5899efc623e620f373360cf54a55f9ebcb250d4bc5e704f9e7d2:1771027639,1303357,108999384188108521715304668689630764454260618208482429430624780380952570648070,BUY,0.003,161.0,0.483,0xc99dc3a8e4ff5899efc623e620f373360cf54a55f9ebcb250d4bc5e704f9e7d2,"{""proxyWallet"": ""0xa133c9dc7a333f6bf1e6fa14eb927155d080d379"", ""side"": ""BUY"", ""asset"": ""108999384188108521715304668689630764454260618208482429430624780380952570648070"", ""conditionId"": ""0x73acf1ef075d83bedb89e5c32e9083477adbde563cd0d76b78b56defdf2d6438"", ""size"": 161, ""price"": 0.003, ""timestamp"": 1771027639, ""title"": ""Will Ethereum reach $4,400 in February?"", ""slug"": ""will-ethereum-reach-4400-in-february-2026"", ""icon"": ""https://polymarket-upload.s3.us-east-2.amazonaws.com/ETH+fullsize.jpg"", ""eventSlug"": ""what-price-will-ethereum-hit-in-february-2026"", ""outcome"": ""Yes"", ""outcomeIndex"": 0, ""name"": """", ""pseudonym"": """", ""bio"": """", ""profileImage"": """", ""profileImageOptimized"": """", ""transactionHash"": ""0xc99dc3a8e4ff5899efc623e620f373360cf54a55f9ebcb250d4bc5e704f9e7d2""}"
1771028643,2026-02-14T08:27:16.511131,0xbd81eac8625f81106905427b25635bfb699415312c2818b946ba158ba52e3a48:1771028643,1303357,108999384188108521715304668689630764454260618208482429430624780380952570648070,BUY,0.003,108.6,0.3258,0xbd81eac8625f81106905427b25635bfb699415312c2818b946ba158ba52e3a48,"{""proxyWallet"": ""0xa133c9dc7a333f6bf1e6fa14eb927155d080d379"", ""side"": ""BUY"", ""asset"": ""108999384188108521715304668689630764454260618208482429430624780380952570648070"", ""conditionId"": ""0x73acf1ef075d83bedb89e5c32e9083477adbde563cd0d76b78b56defdf2d6438"", ""size"": 108.6, ""price"": 0.003, ""timestamp"": 1771028643, ""title"": ""Will Ethereum reach $4,400 in February?"", ""slug"": ""will-ethereum-reach-4400-in-february-2026"", ""icon"": ""https://polymarket-upload.s3.us-east-2.amazonaws.com/ETH+fullsize.jpg"", ""eventSlug"": ""what-price-will-ethereum-hit-in-february-2026"", ""outcome"": ""Yes"", ""outcomeIndex"": 0, ""name"": """", ""pseudonym"": """", ""bio"": """", ""profileImage"": """", ""profileImageOptimized"": """", ""transactionHash"": ""0xbd81eac8625f81106905427b25635bfb699415312c2818b946ba158ba52e3a48""}"
1771035839,2026-02-14T10:24:17.839202,0x9b84e47513cb4b7fbd336c281ef7724ce4b902d854a5c0cf80c5d0f6204433d1:1771035839,1303357,108999384188108521715304668689630764454260618208482429430624780380952570648070,SELL,0.002,1214.3,2.4286,0x9b84e47513cb4b7fbd336c281ef7724ce4b902d854a5c0cf80c5d0f6204433d1,"{""proxyWallet"": ""0xa133c9dc7a333f6bf1e6fa14eb927155d080d379"", ""side"": ""SELL"", ""asset"": ""108999384188108521715304668689630764454260618208482429430624780380952570648070"", ""conditionId"": ""0x73acf1ef075d83bedb89e5c32e9083477adbde563cd0d76b78b56defdf2d6438"", ""size"": 1214.3, ""price"": 0.002, ""timestamp"": 1771035839, ""title"": ""Will Ethereum reach $4,400 in February?"", ""slug"": ""will-ethereum-reach-4400-in-february-2026"", ""icon"": ""https://polymarket-upload.s3.us-east-2.amazonaws.com/ETH+fullsize.jpg"", ""eventSlug"": ""what-price-will-ethereum-hit-in-february-2026"", ""outcome"": ""Yes"", ""outcomeIndex"": 0, ""name"": """", ""pseudonym"": """", ""bio"": """", ""profileImage"": """", ""profileImageOptimized"": """", ""transactionHash"": ""0x9b84e47513cb4b7fbd336c281ef7724ce4b902d854a5c0cf80c5d0f6204433d1""}"
1771036623,2026-02-14T10:42:17.950594,0x6647761dfc386bee039678524a95893b2fc6ae007900e8b834f09db2b4d2e241:1771036623,1303357,108999384188108521715304668689630764454260618208482429430624780380952570648070,BUY,0.003,108.6,0.3258,0x6647761dfc386bee039678524a95893b2fc6ae007900e8b834f09db2b4d2e241,"{""proxyWallet"": ""0xa133c9dc7a333f6bf1e6fa14eb927155d080d379"", ""side"": ""BUY"", ""asset"": ""108999384188108521715304668689630764454260618208482429430624780380952570648070"", ""conditionId"": ""0x73acf1ef075d83bedb89e5c32e9083477adbde563cd0d76b78b56defdf2d6438"", ""size"": 108.6, ""price"": 0.003, ""timestamp"": 1771036623, ""title"": ""Will Ethereum reach $4,400 in February?"", ""slug"": ""will-ethereum-reach-4400-in-february-2026"", ""icon"": ""https://polymarket-upload.s3.us-east-2.amazonaws.com/ETH+fullsize.jpg"", ""eventSlug"": ""what-price-will-ethereum-hit-in-february-2026"", ""outcome"": ""Yes"", ""outcomeIndex"": 0, ""name"": """", ""pseudonym"": """", ""bio"": """", ""profileImage"": """", ""profileImageOptimized"": """", ""transactionHash"": ""0x6647761dfc386bee039678524a95893b2fc6ae007900e8b834f09db2b4d2e241""}"
1771038797,2026-02-14T11:15:18.287985,0xd1f090b97afcbb37c40e8660e52522748d1f5fdcea6454b2fa113879a73d383a:1771038797,1303357,108999384188108521715304668689630764454260618208482429430624780380952570648070,SELL,0.002,108.6,0.2172,0xd1f090b97afcbb37c40e8660e52522748d1f5fdcea6454b2fa113879a73d383a,"{""proxyWallet"": ""0xa133c9dc7a333f6bf1e6fa14eb927155d080d379"", ""side"": ""SELL"", ""asset"": ""108999384188108521715304668689630764454260618208482429430624780380952570648070"", ""conditionId"": ""0x73acf1ef075d83bedb89e5c32e9083477adbde563cd0d76b78b56defdf2d6438"", ""size"": 108.6, ""price"": 0.002, ""timestamp"": 1771038797, ""title"": ""Will Ethereum reach $4,400 in February?"", ""slug"": ""will-ethereum-reach-4400-in-february-2026"", ""icon"": ""https://polymarket-upload.s3.us-east-2.amazonaws.com/ETH+fullsize.jpg"", ""eventSlug"": ""what-price-will-ethereum-hit-in-february-2026"", ""outcome"": ""Yes"", ""outcomeIndex"": 0, ""name"": """", ""pseudonym"": """", ""bio"": """", ""profileImage"": """", ""profileImageOptimized"": """", ""transactionHash"": ""0xd1f090b97afcbb37c40e8660e52522748d1f5fdcea6454b2fa113879a73d383a""}"
1771039795,2026-02-14T11:33:18.399876,0x0715e3a4ccb22cbb61524c85347029c46c83b618e3340d0e468f6569f8557edb:1771039795,1303357,108999384188108521715304668689630764454260618208482429430624780380952570648070,BUY,0.0030000000000545454,18333.333333,54.99999999999999,0x0715e3a4ccb22cbb61524c85347029c46c83b618e3340d0e468f6569f8557edb,"{""proxyWallet"": ""0xcccbd95b0a4de4cbfd533a0b38fb606d67d0d731"", ""side"": ""BUY"", ""asset"": ""108999384188108521715304668689630764454260618208482429430624780380952570648070"", ""conditionId"": ""0x73acf1ef075d83bedb89e5c32e9083477adbde563cd0d76b78b56defdf2d6438"", ""size"": 18333.333333, ""price"": 0.0030000000000545454, ""timestamp"": 1771039795, ""title"": ""Will Ethereum reach $4,400 in February?"", ""slug"": ""will-ethereum-reach-4400-in-february-2026"", ""icon"": ""https://polymarket-upload.s3.us-east-2.amazonaws.com/ETH+fullsize.jpg"", ""eventSlug"": ""what-price-will-ethereum-hit-in-february-2026"", ""outcome"": ""Yes"", ""outcomeIndex"": 0, ""name"": """", ""pseudonym"": """", ""bio"": """", ""profileImage"": """", ""profileImageOptimized"": """", ""transactionHash"": ""0x0715e3a4ccb22cbb61524c85347029c46c83b618e3340d0e468f6569f8557edb""}"
1771040157,2026-02-14T11:39:17.978044,0xdf6db3524afe46bd4499093c5449b315ad05bffe728ab23695974f8cd4068856:1771040157,1303357,108999384188108521715304668689630764454260618208482429430624780380952570648070,BUY,0.003,305.6,0.9168000000000001,0xdf6db3524afe46bd4499093c5449b315ad05bffe728ab23695974f8cd4068856,"{""proxyWallet"": ""0xa133c9dc7a333f6bf1e6fa14eb927155d080d379"", ""side"": ""BUY"", ""asset"": ""108999384188108521715304668689630764454260618208482429430624780380952570648070"", ""conditionId"": ""0x73acf1ef075d83bedb89e5c32e9083477adbde563cd0d76b78b56defdf2d6438"", ""size"": 305.6, ""price"": 0.003, ""timestamp"": 1771040157, ""title"": ""Will Ethereum reach $4,400 in February?"", ""slug"": ""will-ethereum-reach-4400-in-february-2026"", ""icon"": ""https://polymarket-upload.s3.us-east-2.amazonaws.com/ETH+fullsize.jpg"", ""eventSlug"": ""what-price-will-ethereum-hit-in-february-2026"", ""outcome"": ""Yes"", ""outcomeIndex"": 0, ""name"": """", ""pseudonym"": """", ""bio"": """", ""profileImage"": """", ""profileImageOptimized"": """", ""transactionHash"": ""0xdf6db3524afe46bd4499093c5449b315ad05bffe728ab23695974f8cd4068856""}"
1771040679,2026-02-14T11:45:17.796114,0xfc7a2f7ea5dcae0e5d505b3ba442bc9a3a4a8fcb01257a56964b5488e1f81eb6:1771040679,1303357,108999384188108521715304668689630764454260618208482429430624780380952570648070,SELL,0.002,18333.33,36.66666000000001,0xfc7a2f7ea5dcae0e5d505b3ba442bc9a3a4a8fcb01257a56964b5488e1f81eb6,"{""proxyWallet"": ""0xcccbd95b0a4de4cbfd533a0b38fb606d67d0d731"", ""side"": ""SELL"", ""asset"": ""108999384188108521715304668689630764454260618208482429430624780380952570648070"", ""conditionId"": ""0x73acf1ef075d83bedb89e5c32e9083477adbde563cd0d76b78b56defdf2d6438"", ""size"": 18333.33, ""price"": 0.002, ""timestamp"": 1771040679, ""title"": ""Will Ethereum reach $4,400 in February?"", ""slug"": ""will-ethereum-reach-4400-in-february-2026"", ""icon"": ""https://polymarket-upload.s3.us-east-2.amazonaws.com/ETH+fullsize.jpg"", ""eventSlug"": ""what-price-will-ethereum-hit-in-february-2026"", ""outcome"": ""Yes"", ""outcomeIndex"": 0, ""name"": """", ""pseudonym"": """", ""bio"": """", ""profileImage"": """", ""profileImageOptimized"": """", ""transactionHash"": ""0xfc7a2f7ea5dcae0e5d505b3ba442bc9a3a4a8fcb01257a56964b5488e1f81eb6""}"
1771040895,2026-02-14T11:51:18.089383,0x582bd212d1ba555d2202be70212564465052e05a3bc43a3bb6ab48769e4c0907:1771040895,1303357,108999384188108521715304668689630764454260618208482429430624780380952570648070,BUY,0.003,137.4,0.4122,0x582bd212d1ba555d2202be70212564465052e05a3bc43a3bb6ab48769e4c0907,"{""proxyWallet"": ""0xa133c9dc7a333f6bf1e6fa14eb927155d080d379"", ""side"": ""BUY"", ""asset"": ""108999384188108521715304668689630764454260618208482429430624780380952570648070"", ""conditionId"": ""0x73acf1ef075d83bedb89e5c32e9083477adbde563cd0d76b78b56defdf2d6438"", ""size"": 137.4, ""price"": 0.003, ""timestamp"": 1771040895, ""title"": ""Will Ethereum reach $4,400 in February?"", ""slug"": ""will-ethereum-reach-4400-in-february-2026"", ""icon"": ""https://polymarket-upload.s3.us-east-2.amazonaws.com/ETH+fullsize.jpg"", ""eventSlug"": ""what-price-will-ethereum-hit-in-february-2026"", ""outcome"": ""Yes"", ""outcomeIndex"": 0, ""name"": """", ""pseudonym"": """", ""bio"": """", ""profileImage"": """", ""profileImageOptimized"": """", ""transactionHash"": ""0x582bd212d1ba555d2202be70212564465052e05a3bc43a3bb6ab48769e4c0907""}"
1771045025,2026-02-14T13:03:18.834854,0xdac9f41934ac4db0133eda07e7e528ecb2799ca312d848bd11d707d924049984:1771045025,1303357,108999384188108521715304668689630764454260618208482429430624780380952570648070,BUY,0.003,112.8,0.3384,0xdac9f41934ac4db0133eda07e7e528ecb2799ca312d848bd11d707d924049984,"{""proxyWallet"": ""0xa133c9dc7a333f6bf1e6fa14eb927155d080d379"", ""side"": ""BUY"", ""asset"": ""108999384188108521715304668689630764454260618208482429430624780380952570648070"", ""conditionId"": ""0x73acf1ef075d83bedb89e5c32e9083477adbde563cd0d76b78b56defdf2d6438"", ""size"": 112.8, ""price"": 0.003, ""timestamp"": 1771045025, ""title"": ""Will Ethereum reach $4,400 in February?"", ""slug"": ""will-ethereum-reach-4400-in-february-2026"", ""icon"": ""https://polymarket-upload.s3.us-east-2.amazonaws.com/ETH+fullsize.jpg"", ""eventSlug"": ""what-price-will-ethereum-hit-in-february-2026"", ""outcome"": ""Yes"", ""outcomeIndex"": 0, ""name"": """", ""pseudonym"": """", ""bio"": """", ""profileImage"": """", ""profileImageOptimized"": """", ""transactionHash"": ""0xdac9f41934ac4db0133eda07e7e528ecb2799ca312d848bd11d707d924049984""}"
1771061313,2026-02-14T17:33:22.699375,0xb708290487cfddf350407d66ca90fd6de6db7d451bf8b7bcadb0e774c3a5102d:1771061313,1303357,108999384188108521715304668689630764454260618208482429430624780380952570648070,BUY,0.0030000000012,1666.666666,5.0,0xb708290487cfddf350407d66ca90fd6de6db7d451bf8b7bcadb0e774c3a5102d,"{""proxyWallet"": ""0xfd5b6e50982a3ac69de6b8fd24b3dd178ccf0f93"", ""side"": ""BUY"", ""asset"": ""108999384188108521715304668689630764454260618208482429430624780380952570648070"", ""conditionId"": ""0x73acf1ef075d83bedb89e5c32e9083477adbde563cd0d76b78b56defdf2d6438"", ""size"": 1666.666666, ""price"": 0.0030000000012, ""timestamp"": 1771061313, ""title"": ""Will Ethereum reach $4,400 in February?"", ""slug"": ""will-ethereum-reach-4400-in-february-2026"", ""icon"": ""https://polymarket-upload.s3.us-east-2.amazonaws.com/ETH+fullsize.jpg"", ""eventSlug"": ""what-price-will-ethereum-hit-in-february-2026"", ""outcome"": ""Yes"", ""outcomeIndex"": 0, ""name"": """", ""pseudonym"": """", ""bio"": """", ""profileImage"": """", ""profileImageOptimized"": """", ""transactionHash"": ""0xb708290487cfddf350407d66ca90fd6de6db7d451bf8b7bcadb0e774c3a5102d""}"
1771064431,2026-02-14T18:21:21.408585,0x369981fd5eb8287c4f27f7b168e66f54db6d04c5bfda448a855bfb6f8a4f5881:1771064431,1303357,108999384188108521715304668689630764454260618208482429430624780380952570648070,BUY,0.003,1000.0,3.0,0x369981fd5eb8287c4f27f7b168e66f54db6d04c5bfda448a855bfb6f8a4f5881,"{""proxyWallet"": ""0x75f0a2ad74e8069de8b542138009cc462ec53fda"", ""side"": ""BUY"", ""asset"": ""108999384188108521715304668689630764454260618208482429430624780380952570648070"", ""conditionId"": ""0x73acf1ef075d83bedb89e5c32e9083477adbde563cd0d76b78b56defdf2d6438"", ""size"": 1000, ""price"": 0.003, ""timestamp"": 1771064431, ""title"": ""Will Ethereum reach $4,400 in February?"", ""slug"": ""will-ethereum-reach-4400-in-february-2026"", ""icon"": ""https://polymarket-upload.s3.us-east-2.amazonaws.com/ETH+fullsize.jpg"", ""eventSlug"": ""what-price-will-ethereum-hit-in-february-2026"", ""outcome"": ""Yes"", ""outcomeIndex"": 0, ""name"": ""0x75f0A2AD74e8069dE8b542138009cC462eC53fDa-1771063548714"", ""pseudonym"": ""Mixed-Outhouse"", ""bio"": """", ""profileImage"": """", ""profileImageOptimized"": """", ""transactionHash"": ""0x369981fd5eb8287c4f27f7b168e66f54db6d04c5bfda448a855bfb6f8a4f5881""}"
1771066777,2026-02-14T19:03:22.122873,0x76bf273b2224444ccb6f0051b1f3bde7288aa2e2a6ca0f08a7c40d25d7ba8fa2:1771066777,1303357,108999384188108521715304668689630764454260618208482429430624780380952570648070,SELL,0.002,1000.0,2.0,0x76bf273b2224444ccb6f0051b1f3bde7288aa2e2a6ca0f08a7c40d25d7ba8fa2,"{""proxyWallet"": ""0x75f0a2ad74e8069de8b542138009cc462ec53fda"", ""side"": ""SELL"", ""asset"": ""108999384188108521715304668689630764454260618208482429430624780380952570648070"", ""conditionId"": ""0x73acf1ef075d83bedb89e5c32e9083477adbde563cd0d76b78b56defdf2d6438"", ""size"": 1000, ""price"": 0.002, ""timestamp"": 1771066777, ""title"": ""Will Ethereum reach $4,400 in February?"", ""slug"": ""will-ethereum-reach-4400-in-february-2026"", ""icon"": ""https://polymarket-upload.s3.us-east-2.amazonaws.com/ETH+fullsize.jpg"", ""eventSlug"": ""what-price-will-ethereum-hit-in-february-2026"", ""outcome"": ""Yes"", ""outcomeIndex"": 0, ""name"": ""0x75f0A2AD74e8069dE8b542138009cC462eC53fDa-1771063548714"", ""pseudonym"": ""Mixed-Outhouse"", ""bio"": """", ""profileImage"": """", ""profileImageOptimized"": """", ""transactionHash"": ""0x76bf273b2224444ccb6f0051b1f3bde7288aa2e2a6ca0f08a7c40d25d7ba8fa2""}"
1771074927,2026-02-14T21:21:22.915375,0x0c1d3d3b27d74e21fb51e201176a0975f9aff762845ff0082e985d6da888fe3f:1771074927,1303357,108999384188108521715304668689630764454260618208482429430624780380952570648070,BUY,0.003,10.0,0.03,0x0c1d3d3b27d74e21fb51e201176a0975f9aff762845ff0082e985d6da888fe3f,"{""proxyWallet"": ""0x41a23a56f7c4573ce42fdd8c5358212c95db8462"", ""side"": ""BUY"", ""asset"": ""108999384188108521715304668689630764454260618208482429430624780380952570648070"", ""conditionId"": ""0x73acf1ef075d83bedb89e5c32e9083477adbde563cd0d76b78b56defdf2d6438"", ""size"": 10, ""price"": 0.003, ""timestamp"": 1771074927, ""title"": ""Will Ethereum reach $4,400 in February?"", ""slug"": ""will-ethereum-reach-4400-in-february-2026"", ""icon"": ""https://polymarket-upload.s3.us-east-2.amazonaws.com/ETH+fullsize.jpg"", ""eventSlug"": ""what-price-will-ethereum-hit-in-february-2026"", ""outcome"": ""Yes"", ""outcomeIndex"": 0, ""name"": """", ""pseudonym"": """", ""bio"": """", ""profileImage"": """", ""profileImageOptimized"": """", ""transactionHash"": ""0x0c1d3d3b27d74e21fb51e201176a0975f9aff762845ff0082e985d6da888fe3f""}"
1771078789,2026-02-14T22:26:09.125395,0xfbe2b9d7c1f5fc4612986d8d0f20382a40ef838289e3fea778c71efe16d78331:1771078789,1303357,108999384188108521715304668689630764454260618208482429430624780380952570648070,BUY,0.003000000003,333.333333,1.0,0xfbe2b9d7c1f5fc4612986d8d0f20382a40ef838289e3fea778c71efe16d78331,"{""proxyWallet"": ""0xd993eeaa086420c215e64270ccc1a7de95e63aea"", ""side"": ""BUY"", ""asset"": ""108999384188108521715304668689630764454260618208482429430624780380952570648070"", ""conditionId"": ""0x73acf1ef075d83bedb89e5c32e9083477adbde563cd0d76b78b56defdf2d6438"", ""size"": 333.333333, ""price"": 0.003000000003, ""timestamp"": 1771078789, ""title"": ""Will Ethereum reach $4,400 in February?"", ""slug"": ""will-ethereum-reach-4400-in-february-2026"", ""icon"": ""https://polymarket-upload.s3.us-east-2.amazonaws.com/ETH+fullsize.jpg"", ""eventSlug"": ""what-price-will-ethereum-hit-in-february-2026"", ""outcome"": ""Yes"", ""outcomeIndex"": 0, ""name"": ""mariakristi"", ""pseudonym"": ""Demanding-Initial"", ""bio"": """", ""profileImage"": """", ""profileImageOptimized"": """", ""transactionHash"": ""0xfbe2b9d7c1f5fc4612986d8d0f20382a40ef838289e3fea778c71efe16d78331""}"
1771079767,2026-02-14T22:36:23.457269,0x17555d434d09b6e127d5e33820bfdad8d22691acce88abaf61b55bea729066f7:1771079767,1303357,108999384188108521715304668689630764454260618208482429430624780380952570648070,BUY,0.003,200.0,0.6,0x17555d434d09b6e127d5e33820bfdad8d22691acce88abaf61b55bea729066f7,"{""proxyWallet"": ""0xb76a8f662bf0c06dc41973dcd0ff6c8a48b3376b"", ""side"": ""BUY"", ""asset"": ""108999384188108521715304668689630764454260618208482429430624780380952570648070"", ""conditionId"": ""0x73acf1ef075d83bedb89e5c32e9083477adbde563cd0d76b78b56defdf2d6438"", ""size"": 200, ""price"": 0.003, ""timestamp"": 1771079767, ""title"": ""Will Ethereum reach $4,400 in February?"", ""slug"": ""will-ethereum-reach-4400-in-february-2026"", ""icon"": ""https://polymarket-upload.s3.us-east-2.amazonaws.com/ETH+fullsize.jpg"", ""eventSlug"": ""what-price-will-ethereum-hit-in-february-2026"", ""outcome"": ""Yes"", ""outcomeIndex"": 0, ""name"": ""0xb76A8F662BF0c06dc41973DCD0FF6C8A48b3376B-1771050524288"", ""pseudonym"": ""Back-Calculus"", ""bio"": """", ""profileImage"": """", ""profileImageOptimized"": """", ""transactionHash"": ""0x17555d434d09b6e127d5e33820bfdad8d22691acce88abaf61b55bea729066f7""}"
1771079747,2026-02-14T22:36:23.457318,0x271fa94d582f4d07739d82215bf09c7327490ed97936466bdc4fa804a3ac6832:1771079747,1303357,108999384188108521715304668689630764454260618208482429430624780380952570648070,BUY,0.003,200.0,0.6,0x271fa94d582f4d07739d82215bf09c7327490ed97936466bdc4fa804a3ac6832,"{""proxyWallet"": ""0xb76a8f662bf0c06dc41973dcd0ff6c8a48b3376b"", ""side"": ""BUY"", ""asset"": ""108999384188108521715304668689630764454260618208482429430624780380952570648070"", ""conditionId"": ""0x73acf1ef075d83bedb89e5c32e9083477adbde563cd0d76b78b56defdf2d6438"", ""size"": 200, ""price"": 0.003, ""timestamp"": 1771079747, ""title"": ""Will Ethereum reach $4,400 in February?"", ""slug"": ""will-ethereum-reach-4400-in-february-2026"", ""icon"": ""https://polymarket-upload.s3.us-east-2.amazonaws.com/ETH+fullsize.jpg"", ""eventSlug"": ""what-price-will-ethereum-hit-in-february-2026"", ""outcome"": ""Yes"", ""outcomeIndex"": 0, ""name"": ""0xb76A8F662BF0c06dc41973DCD0FF6C8A48b3376B-1771050524288"", ""pseudonym"": ""Back-Calculus"", ""bio"": """", ""profileImage"": """", ""profileImageOptimized"": """", ""transactionHash"": ""0x271fa94d582f4d07739d82215bf09c7327490ed97936466bdc4fa804a3ac6832""}"
1771106109,2026-02-15T06:00:28.306277,0xc7cfe18fc5c3a3b3ae8428883eea6bbbd1a33e53f694039b2102676564651778:1771106109,1303357,108999384188108521715304668689630764454260618208482429430624780380952570648070,SELL,0.002,333.33,0.66666,0xc7cfe18fc5c3a3b3ae8428883eea6bbbd1a33e53f694039b2102676564651778,"{""proxyWallet"": ""0x367d94b546ea4e2d56033aef9681ae2f5c7c4a9e"", ""side"": ""SELL"", ""asset"": ""108999384188108521715304668689630764454260618208482429430624780380952570648070"", ""conditionId"": ""0x73acf1ef075d83bedb89e5c32e9083477adbde563cd0d76b78b56defdf2d6438"", ""size"": 333.33, ""price"": 0.002, ""timestamp"": 1771106109, ""title"": ""Will Ethereum reach $4,400 in February?"", ""slug"": ""will-ethereum-reach-4400-in-february-2026"", ""icon"": ""https://polymarket-upload.s3.us-east-2.amazonaws.com/ETH+fullsize.jpg"", ""eventSlug"": ""what-price-will-ethereum-hit-in-february-2026"", ""outcome"": ""Yes"", ""outcomeIndex"": 0, ""name"": ""AlphaAnalyst1"", ""pseudonym"": ""Expensive-Ethernet"", ""bio"": """", ""profileImage"": """", ""profileImageOptimized"": """", ""transactionHash"": ""0xc7cfe18fc5c3a3b3ae8428883eea6bbbd1a33e53f694039b2102676564651778""}"
1771113551,2026-02-15T08:03:29.024767,0x0aa106b5cb423ab843c64c73dad976d3669c5bb72b06fc3187fe362d3b4c5a2b:1771113551,1303357,108999384188108521715304668689630764454260618208482429430624780380952570648070,BUY,0.003,27348.37,82.04511,0x0aa106b5cb423ab843c64c73dad976d3669c5bb72b06fc3187fe362d3b4c5a2b,"{""proxyWallet"": ""0xce906b97b9577fef82836d550f73328ad7cdd285"", ""side"": ""BUY"", ""asset"": ""108999384188108521715304668689630764454260618208482429430624780380952570648070"", ""conditionId"": ""0x73acf1ef075d83bedb89e5c32e9083477adbde563cd0d76b78b56defdf2d6438"", ""size"": 27348.37, ""price"": 0.003, ""timestamp"": 1771113551, ""title"": ""Will Ethereum reach $4,400 in February?"", ""slug"": ""will-ethereum-reach-4400-in-february-2026"", ""icon"": ""https://polymarket-upload.s3.us-east-2.amazonaws.com/ETH+fullsize.jpg"", ""eventSlug"": ""what-price-will-ethereum-hit-in-february-2026"", ""outcome"": ""Yes"", ""outcomeIndex"": 0, ""name"": ""Bro-Sigma"", ""pseudonym"": ""Probable-Possible"", ""bio"": """", ""profileImage"": ""https://polymarket-upload.s3.us-east-2.amazonaws.com/profile-image-577033-cd16fc84-483c-4f6b-a575-ad500e6f1472.png"", ""profileImageOptimized"": """", ""transactionHash"": ""0x0aa106b5cb423ab843c64c73dad976d3669c5bb72b06fc3187fe362d3b4c5a2b""}"
1771125847,2026-02-15T11:27:30.875494,0xbe3760127622f1c89bfe31d6238ed7a38e885d07c01b39615451f9e79e141026:1771125847,1303357,108999384188108521715304668689630764454260618208482429430624780380952570648070,BUY,0.003000000003,333.333333,1.0,0xbe3760127622f1c89bfe31d6238ed7a38e885d07c01b39615451f9e79e141026,"{""proxyWallet"": ""0xc16493d1130be09fbd3b0c28af0536ebb6854dce"", ""side"": ""BUY"", ""asset"": ""108999384188108521715304668689630764454260618208482429430624780380952570648070"", ""conditionId"": ""0x73acf1ef075d83bedb89e5c32e9083477adbde563cd0d76b78b56defdf2d6438"", ""size"": 333.333333, ""price"": 0.003000000003, ""timestamp"": 1771125847, ""title"": ""Will Ethereum reach $4,400 in February?"", ""slug"": ""will-ethereum-reach-4400-in-february-2026"", ""icon"": ""https://polymarket-upload.s3.us-east-2.amazonaws.com/ETH+fullsize.jpg"", ""eventSlug"": ""what-price-will-ethereum-hit-in-february-2026"", ""outcome"": ""Yes"", ""outcomeIndex"": 0, ""name"": """", ""pseudonym"": """", ""bio"": """", ""profileImage"": """", ""profileImageOptimized"": """", ""transactionHash"": ""0xbe3760127622f1c89bfe31d6238ed7a38e885d07c01b39615451f9e79e141026""}"
1771133637,2026-02-15T13:39:31.849203,0xaa5cd7e6d543317f00ef5813559045511ec33a732bd4a25370513a787efa0f56:1771133637,1303357,108999384188108521715304668689630764454260618208482429430624780380952570648070,SELL,0.002,16117.0,32.234,0xaa5cd7e6d543317f00ef5813559045511ec33a732bd4a25370513a787efa0f56,"{""proxyWallet"": ""0x49f06238709780aea736879b9357208515f725dd"", ""side"": ""SELL"", ""asset"": ""108999384188108521715304668689630764454260618208482429430624780380952570648070"", ""conditionId"": ""0x73acf1ef075d83bedb89e5c32e9083477adbde563cd0d76b78b56defdf2d6438"", ""size"": 16117, ""price"": 0.002, ""timestamp"": 1771133637, ""title"": ""Will Ethereum reach $4,400 in February?"", ""slug"": ""will-ethereum-reach-4400-in-february-2026"", ""icon"": ""https://polymarket-upload.s3.us-east-2.amazonaws.com/ETH+fullsize.jpg"", ""eventSlug"": ""what-price-will-ethereum-hit-in-february-2026"", ""outcome"": ""Yes"", ""outcomeIndex"": 0, ""name"": ""0x49f06238709780aea736879b9357208515F725dd-1769174261448"", ""pseudonym"": ""Sweet-Trap"", ""bio"": """", ""profileImage"": """", ""profileImageOptimized"": """", ""transactionHash"": ""0xaa5cd7e6d543317f00ef5813559045511ec33a732bd4a25370513a787efa0f56""}"
1771139987,2026-02-15T15:21:32.687249,0x0e89a5c0305642712d986e7e9550bd96e9dbd92454fba847f062e2d35719f2ad:1771139987,1303357,108999384188108521715304668689630764454260618208482429430624780380952570648070,SELL,0.002,123.0,0.246,0x0e89a5c0305642712d986e7e9550bd96e9dbd92454fba847f062e2d35719f2ad,"{""proxyWallet"": ""0xb08be1d3d798f8a85ca9333fb84963cd5ab87ce7"", ""side"": ""SELL"", ""asset"": ""108999384188108521715304668689630764454260618208482429430624780380952570648070"", ""conditionId"": ""0x73acf1ef075d83bedb89e5c32e9083477adbde563cd0d76b78b56defdf2d6438"", ""size"": 123, ""price"": 0.002, ""timestamp"": 1771139987, ""title"": ""Will Ethereum reach $4,400 in February?"", ""slug"": ""will-ethereum-reach-4400-in-february-2026"", ""icon"": ""https://polymarket-upload.s3.us-east-2.amazonaws.com/ETH+fullsize.jpg"", ""eventSlug"": ""what-price-will-ethereum-hit-in-february-2026"", ""outcome"": ""Yes"", ""outcomeIndex"": 0, ""name"": ""caldwellkristin"", ""pseudonym"": ""Cold-Joey"", ""bio"": """", ""profileImage"": """", ""profileImageOptimized"": """", ""transactionHash"": ""0x0e89a5c0305642712d986e7e9550bd96e9dbd92454fba847f062e2d35719f2ad""}"
1771141733,2026-02-15T15:51:31.606748,0x1d89c6f90846fa0fafbe8b78010a2fc9c2c045ce52e0b17368eaa90567b9fc0a:1771141733,1303357,108999384188108521715304668689630764454260618208482429430624780380952570648070,BUY,0.003,15594.0,46.782000000000004,0x1d89c6f90846fa0fafbe8b78010a2fc9c2c045ce52e0b17368eaa90567b9fc0a,"{""proxyWallet"": ""0x22e206523cffbf1312befda77cb60ef13d916688"", ""side"": ""BUY"", ""asset"": ""108999384188108521715304668689630764454260618208482429430624780380952570648070"", ""conditionId"": ""0x73acf1ef075d83bedb89e5c32e9083477adbde563cd0d76b78b56defdf2d6438"", ""size"": 15594, ""price"": 0.003, ""timestamp"": 1771141733, ""title"": ""Will Ethereum reach $4,400 in February?"", ""slug"": ""will-ethereum-reach-4400-in-february-2026"", ""icon"": ""https://polymarket-upload.s3.us-east-2.amazonaws.com/ETH+fullsize.jpg"", ""eventSlug"": ""what-price-will-ethereum-hit-in-february-2026"", ""outcome"": ""Yes"", ""outcomeIndex"": 0, ""name"": ""0x22e206523cfFbF1312BEfDa77cb60eF13d916688-1768537765550"", ""pseudonym"": ""Alert-Antique"", ""bio"": """", ""profileImage"": """", ""profileImageOptimized"": """", ""transactionHash"": ""0x1d89c6f90846fa0fafbe8b78010a2fc9c2c045ce52e0b17368eaa90567b9fc0a""}"
1771149111,2026-02-15T17:54:32.635086,0x8e1ee6eb9d1131d40a033e633ced994bd5b913e6cd0ee4c51572295f27d5c558:1771149111,1303357,108999384188108521715304668689630764454260618208482429430624780380952570648070,BUY,0.003,7137.19,21.411569999999998,0x8e1ee6eb9d1131d40a033e633ced994bd5b913e6cd0ee4c51572295f27d5c558,"{""proxyWallet"": ""0xce906b97b9577fef82836d550f73328ad7cdd285"", ""side"": ""BUY"", ""asset"": ""108999384188108521715304668689630764454260618208482429430624780380952570648070"", ""conditionId"": ""0x73acf1ef075d83bedb89e5c32e9083477adbde563cd0d76b78b56defdf2d6438"", ""size"": 7137.19, ""price"": 0.003, ""timestamp"": 1771149111, ""title"": ""Will Ethereum reach $4,400 in February?"", ""slug"": ""will-ethereum-reach-4400-in-february-2026"", ""icon"": ""https://polymarket-upload.s3.us-east-2.amazonaws.com/ETH+fullsize.jpg"", ""eventSlug"": ""what-price-will-ethereum-hit-in-february-2026"", ""outcome"": ""Yes"", ""outcomeIndex"": 0, ""name"": ""Bro-Sigma"", ""pseudonym"": ""Probable-Possible"", ""bio"": """", ""profileImage"": ""https://polymarket-upload.s3.us-east-2.amazonaws.com/profile-image-577033-cd16fc84-483c-4f6b-a575-ad500e6f1472.png"", ""profileImageOptimized"": """", ""transactionHash"": ""0x8e1ee6eb9d1131d40a033e633ced994bd5b913e6cd0ee4c51572295f27d5c558""}"
1771168251,2026-02-15T23:16:12.476828,0x22802804c6fc7828f51d14d7ac2809274125cd4543d1c7c897b1e5e7b28ddb71:1771168251,1303357,108999384188108521715304668689630764454260618208482429430624780380952570648070,SELL,0.002,100.0,0.2,0x22802804c6fc7828f51d14d7ac2809274125cd4543d1c7c897b1e5e7b28ddb71,"{""proxyWallet"": ""0x0828fbb78255d527c756e4f3b3dd1494c5083851"", ""side"": ""SELL"", ""asset"": ""108999384188108521715304668689630764454260618208482429430624780380952570648070"", ""conditionId"": ""0x73acf1ef075d83bedb89e5c32e9083477adbde563cd0d76b78b56defdf2d6438"", ""size"": 100, ""price"": 0.002, ""timestamp"": 1771168251, ""title"": ""Will Ethereum reach $4,400 in February?"", ""slug"": ""will-ethereum-reach-4400-in-february-2026"", ""icon"": ""https://polymarket-upload.s3.us-east-2.amazonaws.com/ETH+fullsize.jpg"", ""eventSlug"": ""what-price-will-ethereum-hit-in-february-2026"", ""outcome"": ""Yes"", ""outcomeIndex"": 0, ""name"": ""0x0828fBB78255d527C756e4F3B3Dd1494C5083851-1770998576097"", ""pseudonym"": ""Authentic-Joey"", ""bio"": """", ""profileImage"": """", ""profileImageOptimized"": """", ""transactionHash"": ""0x22802804c6fc7828f51d14d7ac2809274125cd4543d1c7c897b1e5e7b28ddb71""}"
1771168511,2026-02-15T23:22:13.009183,0xc5ff1a2fada66a3955ccb66963a642b23aa59e706e408d93b0cf566c72a5fdc0:1771168511,1303357,108999384188108521715304668689630764454260618208482429430624780380952570648070,BUY,0.003,5000.0,15.0,0xc5ff1a2fada66a3955ccb66963a642b23aa59e706e408d93b0cf566c72a5fdc0,"{""proxyWallet"": ""0xf741a97bdf59a1d186df07597944a0f1a78dca9e"", ""side"": ""BUY"", ""asset"": ""108999384188108521715304668689630764454260618208482429430624780380952570648070"", ""conditionId"": ""0x73acf1ef075d83bedb89e5c32e9083477adbde563cd0d76b78b56defdf2d6438"", ""size"": 5000, ""price"": 0.003, ""timestamp"": 1771168511, ""title"": ""Will Ethereum reach $4,400 in February?"", ""slug"": ""will-ethereum-reach-4400-in-february-2026"", ""icon"": ""https://polymarket-upload.s3.us-east-2.amazonaws.com/ETH+fullsize.jpg"", ""eventSlug"": ""what-price-will-ethereum-hit-in-february-2026"", ""outcome"": ""Yes"", ""outcomeIndex"": 0, ""name"": ""whatcanisay24"", ""pseudonym"": ""Knobby-Canvas"", ""bio"": """", ""profileImage"": """", ""profileImageOptimized"": """", ""transactionHash"": ""0xc5ff1a2fada66a3955ccb66963a642b23aa59e706e408d93b0cf566c72a5fdc0""}"
1771196967,2026-02-16T07:10:16.617108,0xe789ab18618721634a3ba250c3baa34a7f7d970d3394db166b843d6912c465ac:1771196967,1303357,108999384188108521715304668689630764454260618208482429430624780380952570648070,BUY,0.002,500.0,1.0,0xe789ab18618721634a3ba250c3baa34a7f7d970d3394db166b843d6912c465ac,"{""proxyWallet"": ""0x8f1d8f6bd5ac6c8e24756ad468c66ca1ff0b7963"", ""side"": ""BUY"", ""asset"": ""108999384188108521715304668689630764454260618208482429430624780380952570648070"", ""conditionId"": ""0x73acf1ef075d83bedb89e5c32e9083477adbde563cd0d76b78b56defdf2d6438"", ""size"": 500, ""price"": 0.002, ""timestamp"": 1771196967, ""title"": ""Will Ethereum reach $4,400 in February?"", ""slug"": ""will-ethereum-reach-4400-in-february-2026"", ""icon"": ""https://polymarket-upload.s3.us-east-2.amazonaws.com/ETH+fullsize.jpg"", ""eventSlug"": ""what-price-will-ethereum-hit-in-february-2026"", ""outcome"": ""Yes"", ""outcomeIndex"": 0, ""name"": ""fguarinr"", ""pseudonym"": ""Agreeable-Derivative"", ""bio"": """", ""profileImage"": """", ""profileImageOptimized"": """", ""transactionHash"": ""0xe789ab18618721634a3ba250c3baa34a7f7d970d3394db166b843d6912c465ac""}"
1771196883,2026-02-16T07:10:16.617227,0xd2b7567bf911a0d587130b7525e28322f036018114c4c537c9376372e5071458:1771196883,1303357,108999384188108521715304668689630764454260618208482429430624780380952570648070,SELL,0.001,2.17,0.00217,0xd2b7567bf911a0d587130b7525e28322f036018114c4c537c9376372e5071458,"{""proxyWallet"": ""0xcd0ee3172158b8b44554eb5e88ddc46437626033"", ""side"": ""SELL"", ""asset"": ""108999384188108521715304668689630764454260618208482429430624780380952570648070"", ""conditionId"": ""0x73acf1ef075d83bedb89e5c32e9083477adbde563cd0d76b78b56defdf2d6438"", ""size"": 2.17, ""price"": 0.001, ""timestamp"": 1771196883, ""title"": ""Will Ethereum reach $4,400 in February?"", ""slug"": ""will-ethereum-reach-4400-in-february-2026"", ""icon"": ""https://polymarket-upload.s3.us-east-2.amazonaws.com/ETH+fullsize.jpg"", ""eventSlug"": ""what-price-will-ethereum-hit-in-february-2026"", ""outcome"": ""Yes"", ""outcomeIndex"": 0, ""name"": ""MAYA-T"", ""pseudonym"": ""Delirious-Officer"", ""bio"": """", ""profileImage"": """", ""profileImageOptimized"": """", ""transactionHash"": ""0xd2b7567bf911a0d587130b7525e28322f036018114c4c537c9376372e5071458""}"
1771196819,2026-02-16T07:10:16.617289,0x5517f49768af1547300068c184b82e1eec32717146029edb9ead3c6ca03baf5c:1771196819,1303357,108999384188108521715304668689630764454260618208482429430624780380952570648070,BUY,0.0022663620288238782,2894.506666,6.5600000000000005,0x5517f49768af1547300068c184b82e1eec32717146029edb9ead3c6ca03baf5c,"{""proxyWallet"": ""0xcd0ee3172158b8b44554eb5e88ddc46437626033"", ""side"": ""BUY"", ""asset"": ""108999384188108521715304668689630764454260618208482429430624780380952570648070"", ""conditionId"": ""0x73acf1ef075d83bedb89e5c32e9083477adbde563cd0d76b78b56defdf2d6438"", ""size"": 2894.506666, ""price"": 0.0022663620288238782, ""timestamp"": 1771196819, ""title"": ""Will Ethereum reach $4,400 in February?"", ""slug"": ""will-ethereum-reach-4400-in-february-2026"", ""icon"": ""https://polymarket-upload.s3.us-east-2.amazonaws.com/ETH+fullsize.jpg"", ""eventSlug"": ""what-price-will-ethereum-hit-in-february-2026"", ""outcome"": ""Yes"", ""outcomeIndex"": 0, ""name"": ""MAYA-T"", ""pseudonym"": ""Delirious-Officer"", ""bio"": """", ""profileImage"": """", ""profileImageOptimized"": """", ""transactionHash"": ""0x5517f49768af1547300068c184b82e1eec32717146029edb9ead3c6ca03baf5c""}"
1771197139,2026-02-16T07:16:16.628964,0x8268c5a131ef515e04a6f42e33e204ca975d543fee50659308a53eccedccd601:1771197139,1303357,108999384188108521715304668689630764454260618208482429430624780380952570648070,SELL,0.001,2.88,0.0028799999999999997,0x8268c5a131ef515e04a6f42e33e204ca975d543fee50659308a53eccedccd601,"{""proxyWallet"": ""0xcd0ee3172158b8b44554eb5e88ddc46437626033"", ""side"": ""SELL"", ""asset"": ""108999384188108521715304668689630764454260618208482429430624780380952570648070"", ""conditionId"": ""0x73acf1ef075d83bedb89e5c32e9083477adbde563cd0d76b78b56defdf2d6438"", ""size"": 2.88, ""price"": 0.001, ""timestamp"": 1771197139, ""title"": ""Will Ethereum reach $4,400 in February?"", ""slug"": ""will-ethereum-reach-4400-in-february-2026"", ""icon"": ""https://polymarket-upload.s3.us-east-2.amazonaws.com/ETH+fullsize.jpg"", ""eventSlug"": ""what-price-will-ethereum-hit-in-february-2026"", ""outcome"": ""Yes"", ""outcomeIndex"": 0, ""name"": ""MAYA-T"", ""pseudonym"": ""Delirious-Officer"", ""bio"": """", ""profileImage"": """", ""profileImageOptimized"": """", ""transactionHash"": ""0x8268c5a131ef515e04a6f42e33e204ca975d543fee50659308a53eccedccd601""}"
1771197071,2026-02-16T07:16:16.629023,0xe82fb5d9fbc1b101cb0e8eb84ecc893f896ef903b2309b9a7a9ed74337b56286:1771197071,1303357,108999384188108521715304668689630764454260618208482429430624780380952570648070,SELL,0.001,5.78,0.00578,0xe82fb5d9fbc1b101cb0e8eb84ecc893f896ef903b2309b9a7a9ed74337b56286,"{""proxyWallet"": ""0xcd0ee3172158b8b44554eb5e88ddc46437626033"", ""side"": ""SELL"", ""asset"": ""108999384188108521715304668689630764454260618208482429430624780380952570648070"", ""conditionId"": ""0x73acf1ef075d83bedb89e5c32e9083477adbde563cd0d76b78b56defdf2d6438"", ""size"": 5.78, ""price"": 0.001, ""timestamp"": 1771197071, ""title"": ""Will Ethereum reach $4,400 in February?"", ""slug"": ""will-ethereum-reach-4400-in-february-2026"", ""icon"": ""https://polymarket-upload.s3.us-east-2.amazonaws.com/ETH+fullsize.jpg"", ""eventSlug"": ""what-price-will-ethereum-hit-in-february-2026"", ""outcome"": ""Yes"", ""outcomeIndex"": 0, ""name"": ""MAYA-T"", ""pseudonym"": ""Delirious-Officer"", ""bio"": """", ""profileImage"": """", ""profileImageOptimized"": """", ""transactionHash"": ""0xe82fb5d9fbc1b101cb0e8eb84ecc893f896ef903b2309b9a7a9ed74337b56286""}"
1771198421,2026-02-16T07:34:16.845598,0x4057761fbcc58535e5327516bc583e5f56e40fdb8958fa618dcf3736c88d69ba:1771198421,1303357,108999384188108521715304668689630764454260618208482429430624780380952570648070,SELL,0.001,2.9,0.0029,0x4057761fbcc58535e5327516bc583e5f56e40fdb8958fa618dcf3736c88d69ba,"{""proxyWallet"": ""0xcd0ee3172158b8b44554eb5e88ddc46437626033"", ""side"": ""SELL"", ""asset"": ""108999384188108521715304668689630764454260618208482429430624780380952570648070"", ""conditionId"": ""0x73acf1ef075d83bedb89e5c32e9083477adbde563cd0d76b78b56defdf2d6438"", ""size"": 2.9, ""price"": 0.001, ""timestamp"": 1771198421, ""title"": ""Will Ethereum reach $4,400 in February?"", ""slug"": ""will-ethereum-reach-4400-in-february-2026"", ""icon"": ""https://polymarket-upload.s3.us-east-2.amazonaws.com/ETH+fullsize.jpg"", ""eventSlug"": ""what-price-will-ethereum-hit-in-february-2026"", ""outcome"": ""Yes"", ""outcomeIndex"": 0, ""name"": ""MAYA-T"", ""pseudonym"": ""Delirious-Officer"", ""bio"": """", ""profileImage"": """", ""profileImageOptimized"": """", ""transactionHash"": ""0x4057761fbcc58535e5327516bc583e5f56e40fdb8958fa618dcf3736c88d69ba""}"
1771198775,2026-02-16T07:40:16.792692,0x131dceb08abad197269c932460c06cb3a1ceed4b039a9608cae39119ce907161:1771198775,1303357,108999384188108521715304668689630764454260618208482429430624780380952570648070,SELL,0.001,4.36,0.00436,0x131dceb08abad197269c932460c06cb3a1ceed4b039a9608cae39119ce907161,"{""proxyWallet"": ""0xcd0ee3172158b8b44554eb5e88ddc46437626033"", ""side"": ""SELL"", ""asset"": ""108999384188108521715304668689630764454260618208482429430624780380952570648070"", ""conditionId"": ""0x73acf1ef075d83bedb89e5c32e9083477adbde563cd0d76b78b56defdf2d6438"", ""size"": 4.36, ""price"": 0.001, ""timestamp"": 1771198775, ""title"": ""Will Ethereum reach $4,400 in February?"", ""slug"": ""will-ethereum-reach-4400-in-february-2026"", ""icon"": ""https://polymarket-upload.s3.us-east-2.amazonaws.com/ETH+fullsize.jpg"", ""eventSlug"": ""what-price-will-ethereum-hit-in-february-2026"", ""outcome"": ""Yes"", ""outcomeIndex"": 0, ""name"": ""MAYA-T"", ""pseudonym"": ""Delirious-Officer"", ""bio"": """", ""profileImage"": """", ""profileImageOptimized"": """", ""transactionHash"": ""0x131dceb08abad197269c932460c06cb3a1ceed4b039a9608cae39119ce907161""}"
1771198713,2026-02-16T07:40:16.792754,0x35e5119f8b998554abe10c642ae211220255e5a069cf1c00c5f1ad27ae75dafd:1771198713,1303357,108999384188108521715304668689630764454260618208482429430624780380952570648070,SELL,0.001,2.9,0.0029,0x35e5119f8b998554abe10c642ae211220255e5a069cf1c00c5f1ad27ae75dafd,"{""proxyWallet"": ""0xcd0ee3172158b8b44554eb5e88ddc46437626033"", ""side"": ""SELL"", ""asset"": ""108999384188108521715304668689630764454260618208482429430624780380952570648070"", ""conditionId"": ""0x73acf1ef075d83bedb89e5c32e9083477adbde563cd0d76b78b56defdf2d6438"", ""size"": 2.9, ""price"": 0.001, ""timestamp"": 1771198713, ""title"": ""Will Ethereum reach $4,400 in February?"", ""slug"": ""will-ethereum-reach-4400-in-february-2026"", ""icon"": ""https://polymarket-upload.s3.us-east-2.amazonaws.com/ETH+fullsize.jpg"", ""eventSlug"": ""what-price-will-ethereum-hit-in-february-2026"", ""outcome"": ""Yes"", ""outcomeIndex"": 0, ""name"": ""MAYA-T"", ""pseudonym"": ""Delirious-Officer"", ""bio"": """", ""profileImage"": """", ""profileImageOptimized"": """", ""transactionHash"": ""0x35e5119f8b998554abe10c642ae211220255e5a069cf1c00c5f1ad27ae75dafd""}"
1771206519,2026-02-16T09:52:18.258096,0x03b1696b56738bcaa1f12901bc9140eddf658d9eb97290cd565f6a6450cb3b01:1771206519,1303357,108999384188108521715304668689630764454260618208482429430624780380952570648070,SELL,0.002,333.33,0.66666,0x03b1696b56738bcaa1f12901bc9140eddf658d9eb97290cd565f6a6450cb3b01,"{""proxyWallet"": ""0xc16493d1130be09fbd3b0c28af0536ebb6854dce"", ""side"": ""SELL"", ""asset"": ""108999384188108521715304668689630764454260618208482429430624780380952570648070"", ""conditionId"": ""0x73acf1ef075d83bedb89e5c32e9083477adbde563cd0d76b78b56defdf2d6438"", ""size"": 333.33, ""price"": 0.002, ""timestamp"": 1771206519, ""title"": ""Will Ethereum reach $4,400 in February?"", ""slug"": ""will-ethereum-reach-4400-in-february-2026"", ""icon"": ""https://polymarket-upload.s3.us-east-2.amazonaws.com/ETH+fullsize.jpg"", ""eventSlug"": ""what-price-will-ethereum-hit-in-february-2026"", ""outcome"": ""Yes"", ""outcomeIndex"": 0, ""name"": """", ""pseudonym"": """", ""bio"": """", ""profileImage"": """", ""profileImageOptimized"": """", ""transactionHash"": ""0x03b1696b56738bcaa1f12901bc9140eddf658d9eb97290cd565f6a6450cb3b01""}"
1771207101,2026-02-16T10:04:17.998020,0xa6d4a9ad17829e385c17b465c6236d880f128e8038562ed6b9a93c9118cb0bb8:1771207101,1303357,108999384188108521715304668689630764454260618208482429430624780380952570648070,BUY,0.003000000012,333.333332,0.9999999999999999,0xa6d4a9ad17829e385c17b465c6236d880f128e8038562ed6b9a93c9118cb0bb8,"{""proxyWallet"": ""0xc16493d1130be09fbd3b0c28af0536ebb6854dce"", ""side"": ""BUY"", ""asset"": ""108999384188108521715304668689630764454260618208482429430624780380952570648070"", ""conditionId"": ""0x73acf1ef075d83bedb89e5c32e9083477adbde563cd0d76b78b56defdf2d6438"", ""size"": 333.333332, ""price"": 0.003000000012, ""timestamp"": 1771207101, ""title"": ""Will Ethereum reach $4,400 in February?"", ""slug"": ""will-ethereum-reach-4400-in-february-2026"", ""icon"": ""https://polymarket-upload.s3.us-east-2.amazonaws.com/ETH+fullsize.jpg"", ""eventSlug"": ""what-price-will-ethereum-hit-in-february-2026"", ""outcome"": ""Yes"", ""outcomeIndex"": 0, ""name"": """", ""pseudonym"": """", ""bio"": """", ""profileImage"": """", ""profileImageOptimized"": """", ""transactionHash"": ""0xa6d4a9ad17829e385c17b465c6236d880f128e8038562ed6b9a93c9118cb0bb8""}"
1771207081,2026-02-16T10:04:17.998142,0xe2bb337b6f9070da99319ba3aa30a2c99c6b67068453c3a01374f8d18e4c2532:1771207081,1303357,108999384188108521715304668689630764454260618208482429430624780380952570648070,BUY,0.003000000012,333.333332,0.9999999999999999,0xe2bb337b6f9070da99319ba3aa30a2c99c6b67068453c3a01374f8d18e4c2532,"{""proxyWallet"": ""0x6dcd213d0edc764a1a520a7d3ba64e6b73b80015"", ""side"": ""BUY"", ""asset"": ""108999384188108521715304668689630764454260618208482429430624780380952570648070"", ""conditionId"": ""0x73acf1ef075d83bedb89e5c32e9083477adbde563cd0d76b78b56defdf2d6438"", ""size"": 333.333332, ""price"": 0.003000000012, ""timestamp"": 1771207081, ""title"": ""Will Ethereum reach $4,400 in February?"", ""slug"": ""will-ethereum-reach-4400-in-february-2026"", ""icon"": ""https://polymarket-upload.s3.us-east-2.amazonaws.com/ETH+fullsize.jpg"", ""eventSlug"": ""what-price-will-ethereum-hit-in-february-2026"", ""outcome"": ""Yes"", ""outcomeIndex"": 0, ""name"": """", ""pseudonym"": """", ""bio"": """", ""profileImage"": """", ""profileImageOptimized"": """", ""transactionHash"": ""0xe2bb337b6f9070da99319ba3aa30a2c99c6b67068453c3a01374f8d18e4c2532""}"
1771207075,2026-02-16T10:04:17.998205,0x19f3d9a4d0251126c969ecc551a7f8c8a2b59302a98dd32881c78853e325b4b9:1771207075,1303357,108999384188108521715304668689630764454260618208482429430624780380952570648070,BUY,0.003000000013636364,366.666665,1.1,0x19f3d9a4d0251126c969ecc551a7f8c8a2b59302a98dd32881c78853e325b4b9,"{""proxyWallet"": ""0x7bac55570e77579db12626b7566d5a39f181815d"", ""side"": ""BUY"", ""asset"": ""108999384188108521715304668689630764454260618208482429430624780380952570648070"", ""conditionId"": ""0x73acf1ef075d83bedb89e5c32e9083477adbde563cd0d76b78b56defdf2d6438"", ""size"": 366.666665, ""price"": 0.003000000013636364, ""timestamp"": 1771207075, ""title"": ""Will Ethereum reach $4,400 in February?"", ""slug"": ""will-ethereum-reach-4400-in-february-2026"", ""icon"": ""https://polymarket-upload.s3.us-east-2.amazonaws.com/ETH+fullsize.jpg"", ""eventSlug"": ""what-price-will-ethereum-hit-in-february-2026"", ""outcome"": ""Yes"", ""outcomeIndex"": 0, ""name"": """", ""pseudonym"": """", ""bio"": """", ""profileImage"": """", ""profileImageOptimized"": """", ""transactionHash"": ""0x19f3d9a4d0251126c969ecc551a7f8c8a2b59302a98dd32881c78853e325b4b9""}"
1771215693,2026-02-16T12:25:54.971288,0xf58b5ce89714b97b2e083520bb41ffe6bbf073818ec36c957d76171397eed575:1771215693,1303357,108999384188108521715304668689630764454260618208482429430624780380952570648070,BUY,0.003,250.5,0.7515000000000001,0xf58b5ce89714b97b2e083520bb41ffe6bbf073818ec36c957d76171397eed575,"{""proxyWallet"": ""0x1fd14149fd726f6d8cce4556149aec8d9cfabdac"", ""side"": ""BUY"", ""asset"": ""108999384188108521715304668689630764454260618208482429430624780380952570648070"", ""conditionId"": ""0x73acf1ef075d83bedb89e5c32e9083477adbde563cd0d76b78b56defdf2d6438"", ""size"": 250.5, ""price"": 0.003, ""timestamp"": 1771215693, ""title"": ""Will Ethereum reach $4,400 in February?"", ""slug"": ""will-ethereum-reach-4400-in-february-2026"", ""icon"": ""https://polymarket-upload.s3.us-east-2.amazonaws.com/ETH+fullsize.jpg"", ""eventSlug"": ""what-price-will-ethereum-hit-in-february-2026"", ""outcome"": ""Yes"", ""outcomeIndex"": 0, ""name"": """", ""pseudonym"": """", ""bio"": """", ""profileImage"": """", ""profileImageOptimized"": """", ""transactionHash"": ""0xf58b5ce89714b97b2e083520bb41ffe6bbf073818ec36c957d76171397eed575""}"
1771260707,2026-02-17T00:53:01.722986,0xccad30a32b4a8f3d765ca6e7ab7712226c7644504399356ea81c888d29c76c9a:1771260707,1303357,108999384188108521715304668689630764454260618208482429430624780380952570648070,BUY,0.003,100.5,0.3015,0xccad30a32b4a8f3d765ca6e7ab7712226c7644504399356ea81c888d29c76c9a,"{""proxyWallet"": ""0xb1dcf794d2f42d56737f56a6a5232ef91b267525"", ""side"": ""BUY"", ""asset"": ""108999384188108521715304668689630764454260618208482429430624780380952570648070"", ""conditionId"": ""0x73acf1ef075d83bedb89e5c32e9083477adbde563cd0d76b78b56defdf2d6438"", ""size"": 100.5, ""price"": 0.003, ""timestamp"": 1771260707, ""title"": ""Will Ethereum reach $4,400 in February?"", ""slug"": ""will-ethereum-reach-4400-in-february-2026"", ""icon"": ""https://polymarket-upload.s3.us-east-2.amazonaws.com/ETH+fullsize.jpg"", ""eventSlug"": ""what-price-will-ethereum-hit-in-february-2026"", ""outcome"": ""Yes"", ""outcomeIndex"": 0, ""name"": ""Hoofin"", ""pseudonym"": ""Dense-Camper"", ""bio"": """", ""profileImage"": """", ""profileImageOptimized"": """", ""transactionHash"": ""0xccad30a32b4a8f3d765ca6e7ab7712226c7644504399356ea81c888d29c76c9a""}"
1771262731,2026-02-17T01:29:02.094075,0x6fb26671978a3d15074211b9c4e2eb3f35d8e9aeb0cfbc4604618f8947b7e994:1771262731,1303357,108999384188108521715304668689630764454260618208482429430624780380952570648070,BUY,0.003,100.39,0.30117,0x6fb26671978a3d15074211b9c4e2eb3f35d8e9aeb0cfbc4604618f8947b7e994,"{""proxyWallet"": ""0xb1dcf794d2f42d56737f56a6a5232ef91b267525"", ""side"": ""BUY"", ""asset"": ""108999384188108521715304668689630764454260618208482429430624780380952570648070"", ""conditionId"": ""0x73acf1ef075d83bedb89e5c32e9083477adbde563cd0d76b78b56defdf2d6438"", ""size"": 100.39, ""price"": 0.003, ""timestamp"": 1771262731, ""title"": ""Will Ethereum reach $4,400 in February?"", ""slug"": ""will-ethereum-reach-4400-in-february-2026"", ""icon"": ""https://polymarket-upload.s3.us-east-2.amazonaws.com/ETH+fullsize.jpg"", ""eventSlug"": ""what-price-will-ethereum-hit-in-february-2026"", ""outcome"": ""Yes"", ""outcomeIndex"": 0, ""name"": ""Hoofin"", ""pseudonym"": ""Dense-Camper"", ""bio"": """", ""profileImage"": """", ""profileImageOptimized"": """", ""transactionHash"": ""0x6fb26671978a3d15074211b9c4e2eb3f35d8e9aeb0cfbc4604618f8947b7e994""}"
1771264251,2026-02-17T01:53:02.361991,0x4d3817f6c97044cac90d9f8b11b6b67011075c83649c71d597db8ed4ce7f78b5:1771264251,1303357,108999384188108521715304668689630764454260618208482429430624780380952570648070,SELL,0.001518373000267965,2873.51,4.363060000000001,0x4d3817f6c97044cac90d9f8b11b6b67011075c83649c71d597db8ed4ce7f78b5,"{""proxyWallet"": ""0xcd0ee3172158b8b44554eb5e88ddc46437626033"", ""side"": ""SELL"", ""asset"": ""108999384188108521715304668689630764454260618208482429430624780380952570648070"", ""conditionId"": ""0x73acf1ef075d83bedb89e5c32e9083477adbde563cd0d76b78b56defdf2d6438"", ""size"": 2873.51, ""price"": 0.001518373000267965, ""timestamp"": 1771264251, ""title"": ""Will Ethereum reach $4,400 in February?"", ""slug"": ""will-ethereum-reach-4400-in-february-2026"", ""icon"": ""https://polymarket-upload.s3.us-east-2.amazonaws.com/ETH+fullsize.jpg"", ""eventSlug"": ""what-price-will-ethereum-hit-in-february-2026"", ""outcome"": ""Yes"", ""outcomeIndex"": 0, ""name"": ""MAYA-T"", ""pseudonym"": ""Delirious-Officer"", ""bio"": """", ""profileImage"": """", ""profileImageOptimized"": """", ""transactionHash"": ""0x4d3817f6c97044cac90d9f8b11b6b67011075c83649c71d597db8ed4ce7f78b5""}"
1771266383,2026-02-17T02:29:02.603279,0x75620c97db8ad1e2885264c4a36a1372995c75d73fa37ae0b995a5602e849ae4:1771266383,1303357,108999384188108521715304668689630764454260618208482429430624780380952570648070,SELL,0.001,200.88,0.20088,0x75620c97db8ad1e2885264c4a36a1372995c75d73fa37ae0b995a5602e849ae4,"{""proxyWallet"": ""0xb1dcf794d2f42d56737f56a6a5232ef91b267525"", ""side"": ""SELL"", ""asset"": ""108999384188108521715304668689630764454260618208482429430624780380952570648070"", ""conditionId"": ""0x73acf1ef075d83bedb89e5c32e9083477adbde563cd0d76b78b56defdf2d6438"", ""size"": 200.88, ""price"": 0.001, ""timestamp"": 1771266383, ""title"": ""Will Ethereum reach $4,400 in February?"", ""slug"": ""will-ethereum-reach-4400-in-february-2026"", ""icon"": ""https://polymarket-upload.s3.us-east-2.amazonaws.com/ETH+fullsize.jpg"", ""eventSlug"": ""what-price-will-ethereum-hit-in-february-2026"", ""outcome"": ""Yes"", ""outcomeIndex"": 0, ""name"": ""Hoofin"", ""pseudonym"": ""Dense-Camper"", ""bio"": """", ""profileImage"": """", ""profileImageOptimized"": """", ""transactionHash"": ""0x75620c97db8ad1e2885264c4a36a1372995c75d73fa37ae0b995a5602e849ae4""}"
1771271981,2026-02-17T04:02:03.245602,0x1e0a06900c0a914ecef00e1dbaf649d34b1d542c071f067ba65c8b38a857f158:1771271981,1303357,108999384188108521715304668689630764454260618208482429430624780380952570648070,SELL,0.001,162.0,0.162,0x1e0a06900c0a914ecef00e1dbaf649d34b1d542c071f067ba65c8b38a857f158,"{""proxyWallet"": ""0xb08be1d3d798f8a85ca9333fb84963cd5ab87ce7"", ""side"": ""SELL"", ""asset"": ""108999384188108521715304668689630764454260618208482429430624780380952570648070"", ""conditionId"": ""0x73acf1ef075d83bedb89e5c32e9083477adbde563cd0d76b78b56defdf2d6438"", ""size"": 162, ""price"": 0.001, ""timestamp"": 1771271981, ""title"": ""Will Ethereum reach $4,400 in February?"", ""slug"": ""will-ethereum-reach-4400-in-february-2026"", ""icon"": ""https://polymarket-upload.s3.us-east-2.amazonaws.com/ETH+fullsize.jpg"", ""eventSlug"": ""what-price-will-ethereum-hit-in-february-2026"", ""outcome"": ""Yes"", ""outcomeIndex"": 0, ""name"": ""caldwellkristin"", ""pseudonym"": ""Cold-Joey"", ""bio"": """", ""profileImage"": """", ""profileImageOptimized"": """", ""transactionHash"": ""0x1e0a06900c0a914ecef00e1dbaf649d34b1d542c071f067ba65c8b38a857f158""}"
1771274555,2026-02-17T04:44:03.842852,0xd734ddcc1f5a325943e85bfde68ddac41e0450ff6341a9174566083f394c9f2c:1771274555,1303357,108999384188108521715304668689630764454260618208482429430624780380952570648070,BUY,0.002,500.0,1.0,0xd734ddcc1f5a325943e85bfde68ddac41e0450ff6341a9174566083f394c9f2c,"{""proxyWallet"": ""0xba92862d737a6635aa12258e5a75da94454ac14c"", ""side"": ""BUY"", ""asset"": ""108999384188108521715304668689630764454260618208482429430624780380952570648070"", ""conditionId"": ""0x73acf1ef075d83bedb89e5c32e9083477adbde563cd0d76b78b56defdf2d6438"", ""size"": 500, ""price"": 0.002, ""timestamp"": 1771274555, ""title"": ""Will Ethereum reach $4,400 in February?"", ""slug"": ""will-ethereum-reach-4400-in-february-2026"", ""icon"": ""https://polymarket-upload.s3.us-east-2.amazonaws.com/ETH+fullsize.jpg"", ""eventSlug"": ""what-price-will-ethereum-hit-in-february-2026"", ""outcome"": ""Yes"", ""outcomeIndex"": 0, ""name"": ""0xba92862D737a6635AA12258e5A75dA94454Ac14c-1771181310295"", ""pseudonym"": ""Limited-Revascularisation"", ""bio"": """", ""profileImage"": """", ""profileImageOptimized"": """", ""transactionHash"": ""0xd734ddcc1f5a325943e85bfde68ddac41e0450ff6341a9174566083f394c9f2c""}"
1771275973,2026-02-17T05:08:03.674378,0x95cdfdadffe38d0e2de1fe328fb7daf25c2d61b4e19c2b6378989440a400b857:1771275973,1303357,108999384188108521715304668689630764454260618208482429430624780380952570648070,BUY,0.002,1333.33,2.66666,0x95cdfdadffe38d0e2de1fe328fb7daf25c2d61b4e19c2b6378989440a400b857,"{""proxyWallet"": ""0x583d81247b1f6dd897dd095dca37805f0bc86143"", ""side"": ""BUY"", ""asset"": ""108999384188108521715304668689630764454260618208482429430624780380952570648070"", ""conditionId"": ""0x73acf1ef075d83bedb89e5c32e9083477adbde563cd0d76b78b56defdf2d6438"", ""size"": 1333.33, ""price"": 0.002, ""timestamp"": 1771275973, ""title"": ""Will Ethereum reach $4,400 in February?"", ""slug"": ""will-ethereum-reach-4400-in-february-2026"", ""icon"": ""https://polymarket-upload.s3.us-east-2.amazonaws.com/ETH+fullsize.jpg"", ""eventSlug"": ""what-price-will-ethereum-hit-in-february-2026"", ""outcome"": ""Yes"", ""outcomeIndex"": 0, ""name"": ""quoshasher"", ""pseudonym"": ""Annual-Dugout"", ""bio"": """", ""profileImage"": """", ""profileImageOptimized"": """", ""transactionHash"": ""0x95cdfdadffe38d0e2de1fe328fb7daf25c2d61b4e19c2b6378989440a400b857""}"
1771278105,2026-02-17T05:44:03.995784,0x78adb1fe617b27fc3b955a1174e5cefe7c35a3de5e6f5482b5ff4636b9042685:1771278105,1303357,108999384188108521715304668689630764454260618208482429430624780380952570648070,BUY,0.002,5590.0,11.18,0x78adb1fe617b27fc3b955a1174e5cefe7c35a3de5e6f5482b5ff4636b9042685,"{""proxyWallet"": ""0x65989258b3e0ea9c2e5f8f5450d1135bc81d0b0b"", ""side"": ""BUY"", ""asset"": ""108999384188108521715304668689630764454260618208482429430624780380952570648070"", ""conditionId"": ""0x73acf1ef075d83bedb89e5c32e9083477adbde563cd0d76b78b56defdf2d6438"", ""size"": 5590, ""price"": 0.002, ""timestamp"": 1771278105, ""title"": ""Will Ethereum reach $4,400 in February?"", ""slug"": ""will-ethereum-reach-4400-in-february-2026"", ""icon"": ""https://polymarket-upload.s3.us-east-2.amazonaws.com/ETH+fullsize.jpg"", ""eventSlug"": ""what-price-will-ethereum-hit-in-february-2026"", ""outcome"": ""Yes"", ""outcomeIndex"": 0, ""name"": ""tomomatsumoto"", ""pseudonym"": ""Interesting-Evaluator"", ""bio"": """", ""profileImage"": """", ""profileImageOptimized"": """", ""transactionHash"": ""0x78adb1fe617b27fc3b955a1174e5cefe7c35a3de5e6f5482b5ff4636b9042685""}"
1771278693,2026-02-17T05:56:04.265086,0xbc480dd8c2b1e641bc68b703cf605137b95fa60ab9033675b241a6d15b0dfa54:1771278693,1303357,108999384188108521715304668689630764454260618208482429430624780380952570648070,SELL,0.001,5590.0,5.59,0xbc480dd8c2b1e641bc68b703cf605137b95fa60ab9033675b241a6d15b0dfa54,"{""proxyWallet"": ""0x65989258b3e0ea9c2e5f8f5450d1135bc81d0b0b"", ""side"": ""SELL"", ""asset"": ""108999384188108521715304668689630764454260618208482429430624780380952570648070"", ""conditionId"": ""0x73acf1ef075d83bedb89e5c32e9083477adbde563cd0d76b78b56defdf2d6438"", ""size"": 5590, ""price"": 0.001, ""timestamp"": 1771278693, ""title"": ""Will Ethereum reach $4,400 in February?"", ""slug"": ""will-ethereum-reach-4400-in-february-2026"", ""icon"": ""https://polymarket-upload.s3.us-east-2.amazonaws.com/ETH+fullsize.jpg"", ""eventSlug"": ""what-price-will-ethereum-hit-in-february-2026"", ""outcome"": ""Yes"", ""outcomeIndex"": 0, ""name"": ""tomomatsumoto"", ""pseudonym"": ""Interesting-Evaluator"", ""bio"": """", ""profileImage"": """", ""profileImageOptimized"": """", ""transactionHash"": ""0xbc480dd8c2b1e641bc68b703cf605137b95fa60ab9033675b241a6d15b0dfa54""}"
1771280317,2026-02-17T06:20:04.381368,0x2733c1a6d8ae621f456019dc4e151ddbe7e0ad061abe22395156697929d93171:1771280317,1303357,108999384188108521715304668689630764454260618208482429430624780380952570648070,BUY,0.002,3075.0,6.15,0x2733c1a6d8ae621f456019dc4e151ddbe7e0ad061abe22395156697929d93171,"{""proxyWallet"": ""0x65989258b3e0ea9c2e5f8f5450d1135bc81d0b0b"", ""side"": ""BUY"", ""asset"": ""108999384188108521715304668689630764454260618208482429430624780380952570648070"", ""conditionId"": ""0x73acf1ef075d83bedb89e5c32e9083477adbde563cd0d76b78b56defdf2d6438"", ""size"": 3075, ""price"": 0.002, ""timestamp"": 1771280317, ""title"": ""Will Ethereum reach $4,400 in February?"", ""slug"": ""will-ethereum-reach-4400-in-february-2026"", ""icon"": ""https://polymarket-upload.s3.us-east-2.amazonaws.com/ETH+fullsize.jpg"", ""eventSlug"": ""what-price-will-ethereum-hit-in-february-2026"", ""outcome"": ""Yes"", ""outcomeIndex"": 0, ""name"": ""tomomatsumoto"", ""pseudonym"": ""Interesting-Evaluator"", ""bio"": """", ""profileImage"": """", ""profileImageOptimized"": """", ""transactionHash"": ""0x2733c1a6d8ae621f456019dc4e151ddbe7e0ad061abe22395156697929d93171""}"
1771280945,2026-02-17T06:32:04.843160,0x53ca6fe841493fd54cc6f3c8d0d725d656622eeb28eae87876a88d35b321bc77:1771280945,1303357,108999384188108521715304668689630764454260618208482429430624780380952570648070,SELL,0.001,3075.0,3.075,0x53ca6fe841493fd54cc6f3c8d0d725d656622eeb28eae87876a88d35b321bc77,"{""proxyWallet"": ""0x65989258b3e0ea9c2e5f8f5450d1135bc81d0b0b"", ""side"": ""SELL"", ""asset"": ""108999384188108521715304668689630764454260618208482429430624780380952570648070"", ""conditionId"": ""0x73acf1ef075d83bedb89e5c32e9083477adbde563cd0d76b78b56defdf2d6438"", ""size"": 3075, ""price"": 0.001, ""timestamp"": 1771280945, ""title"": ""Will Ethereum reach $4,400 in February?"", ""slug"": ""will-ethereum-reach-4400-in-february-2026"", ""icon"": ""https://polymarket-upload.s3.us-east-2.amazonaws.com/ETH+fullsize.jpg"", ""eventSlug"": ""what-price-will-ethereum-hit-in-february-2026"", ""outcome"": ""Yes"", ""outcomeIndex"": 0, ""name"": ""tomomatsumoto"", ""pseudonym"": ""Interesting-Evaluator"", ""bio"": """", ""profileImage"": """", ""profileImageOptimized"": """", ""transactionHash"": ""0x53ca6fe841493fd54cc6f3c8d0d725d656622eeb28eae87876a88d35b321bc77""}"
1771289703,2026-02-17T08:56:06.471326,0x54059695ad4745559c1c2adcd41608b64dcd9db2ffcab2a0249541cf6f23cbd2:1771289703,1303357,108999384188108521715304668689630764454260618208482429430624780380952570648070,BUY,0.002,6686.55,13.3731,0x54059695ad4745559c1c2adcd41608b64dcd9db2ffcab2a0249541cf6f23cbd2,"{""proxyWallet"": ""0x5adf2d48b5f1d51e5ac682a88c920a89ae582f3a"", ""side"": ""BUY"", ""asset"": ""108999384188108521715304668689630764454260618208482429430624780380952570648070"", ""conditionId"": ""0x73acf1ef075d83bedb89e5c32e9083477adbde563cd0d76b78b56defdf2d6438"", ""size"": 6686.55, ""price"": 0.002, ""timestamp"": 1771289703, ""title"": ""Will Ethereum reach $4,400 in February?"", ""slug"": ""will-ethereum-reach-4400-in-february-2026"", ""icon"": ""https://polymarket-upload.s3.us-east-2.amazonaws.com/ETH+fullsize.jpg"", ""eventSlug"": ""what-price-will-ethereum-hit-in-february-2026"", ""outcome"": ""Yes"", ""outcomeIndex"": 0, ""name"": ""wowww"", ""pseudonym"": ""Menacing-Novel"", ""bio"": """", ""profileImage"": """", ""profileImageOptimized"": """", ""transactionHash"": ""0x54059695ad4745559c1c2adcd41608b64dcd9db2ffcab2a0249541cf6f23cbd2""}"
1771318199,2026-02-17T16:53:09.025765,0x129f47e11cdf2550b1b5857bb24d131ce06401d50f681fd7585bc9a6e0512484:1771318199,1303357,108999384188108521715304668689630764454260618208482429430624780380952570648070,SELL,0.001,333.33,0.33333,0x129f47e11cdf2550b1b5857bb24d131ce06401d50f681fd7585bc9a6e0512484,"{""proxyWallet"": ""0xc16493d1130be09fbd3b0c28af0536ebb6854dce"", ""side"": ""SELL"", ""asset"": ""108999384188108521715304668689630764454260618208482429430624780380952570648070"", ""conditionId"": ""0x73acf1ef075d83bedb89e5c32e9083477adbde563cd0d76b78b56defdf2d6438"", ""size"": 333.33, ""price"": 0.001, ""timestamp"": 1771318199, ""title"": ""Will Ethereum reach $4,400 in February?"", ""slug"": ""will-ethereum-reach-4400-in-february-2026"", ""icon"": ""https://polymarket-upload.s3.us-east-2.amazonaws.com/ETH+fullsize.jpg"", ""eventSlug"": ""what-price-will-ethereum-hit-in-february-2026"", ""outcome"": ""Yes"", ""outcomeIndex"": 0, ""name"": """", ""pseudonym"": """", ""bio"": """", ""profileImage"": """", ""profileImageOptimized"": """", ""transactionHash"": ""0x129f47e11cdf2550b1b5857bb24d131ce06401d50f681fd7585bc9a6e0512484""}"
1771318175,2026-02-17T16:53:09.025832,0x70871c04c6c2f1f7f2acf51c2191dd3637e5a0449113cff4f4a25d76b9962bf1:1771318175,1303357,108999384188108521715304668689630764454260618208482429430624780380952570648070,SELL,0.001,333.33,0.33333,0x70871c04c6c2f1f7f2acf51c2191dd3637e5a0449113cff4f4a25d76b9962bf1,"{""proxyWallet"": ""0x6dcd213d0edc764a1a520a7d3ba64e6b73b80015"", ""side"": ""SELL"", ""asset"": ""108999384188108521715304668689630764454260618208482429430624780380952570648070"", ""conditionId"": ""0x73acf1ef075d83bedb89e5c32e9083477adbde563cd0d76b78b56defdf2d6438"", ""size"": 333.33, ""price"": 0.001, ""timestamp"": 1771318175, ""title"": ""Will Ethereum reach $4,400 in February?"", ""slug"": ""will-ethereum-reach-4400-in-february-2026"", ""icon"": ""https://polymarket-upload.s3.us-east-2.amazonaws.com/ETH+fullsize.jpg"", ""eventSlug"": ""what-price-will-ethereum-hit-in-february-2026"", ""outcome"": ""Yes"", ""outcomeIndex"": 0, ""name"": """", ""pseudonym"": """", ""bio"": """", ""profileImage"": """", ""profileImageOptimized"": """", ""transactionHash"": ""0x70871c04c6c2f1f7f2acf51c2191dd3637e5a0449113cff4f4a25d76b9962bf1""}"
1771318165,2026-02-17T16:53:09.025858,0x882058cc1c7652877b62d4b07aac9df065a0c3a7b81062afe0c5709849f6c67e:1771318165,1303357,108999384188108521715304668689630764454260618208482429430624780380952570648070,SELL,0.001,366.66,0.36666000000000004,0x882058cc1c7652877b62d4b07aac9df065a0c3a7b81062afe0c5709849f6c67e,"{""proxyWallet"": ""0x7bac55570e77579db12626b7566d5a39f181815d"", ""side"": ""SELL"", ""asset"": ""108999384188108521715304668689630764454260618208482429430624780380952570648070"", ""conditionId"": ""0x73acf1ef075d83bedb89e5c32e9083477adbde563cd0d76b78b56defdf2d6438"", ""size"": 366.66, ""price"": 0.001, ""timestamp"": 1771318165, ""title"": ""Will Ethereum reach $4,400 in February?"", ""slug"": ""will-ethereum-reach-4400-in-february-2026"", ""icon"": ""https://polymarket-upload.s3.us-east-2.amazonaws.com/ETH+fullsize.jpg"", ""eventSlug"": ""what-price-will-ethereum-hit-in-february-2026"", ""outcome"": ""Yes"", ""outcomeIndex"": 0, ""name"": """", ""pseudonym"": """", ""bio"": """", ""profileImage"": """", ""profileImageOptimized"": """", ""transactionHash"": ""0x882058cc1c7652877b62d4b07aac9df065a0c3a7b81062afe0c5709849f6c67e""}"
1771341605,2026-02-17T23:23:13.686985,0xe9edc5a01b6af8509e3e39b7765ee2f7bea7b9b8f3b9104f922c09850c55950b:1771341605,1303357,108999384188108521715304668689630764454260618208482429430624780380952570648070,BUY,0.002,666.66,1.33332,0xe9edc5a01b6af8509e3e39b7765ee2f7bea7b9b8f3b9104f922c09850c55950b,"{""proxyWallet"": ""0x583d81247b1f6dd897dd095dca37805f0bc86143"", ""side"": ""BUY"", ""asset"": ""108999384188108521715304668689630764454260618208482429430624780380952570648070"", ""conditionId"": ""0x73acf1ef075d83bedb89e5c32e9083477adbde563cd0d76b78b56defdf2d6438"", ""size"": 666.66, ""price"": 0.002, ""timestamp"": 1771341605, ""title"": ""Will Ethereum reach $4,400 in February?"", ""slug"": ""will-ethereum-reach-4400-in-february-2026"", ""icon"": ""https://polymarket-upload.s3.us-east-2.amazonaws.com/ETH+fullsize.jpg"", ""eventSlug"": ""what-price-will-ethereum-hit-in-february-2026"", ""outcome"": ""Yes"", ""outcomeIndex"": 0, ""name"": ""quoshasher"", ""pseudonym"": ""Annual-Dugout"", ""bio"": """", ""profileImage"": """", ""profileImageOptimized"": """", ""transactionHash"": ""0xe9edc5a01b6af8509e3e39b7765ee2f7bea7b9b8f3b9104f922c09850c55950b""}"
1771342289,2026-02-17T23:35:13.713719,0x408666c147f7c648ac7cbf755247e0ede5c0f547ce396a43a0c5d0144cf4a441:1771342289,1303357,108999384188108521715304668689630764454260618208482429430624780380952570648070,BUY,0.002,666.66,1.33332,0x408666c147f7c648ac7cbf755247e0ede5c0f547ce396a43a0c5d0144cf4a441,"{""proxyWallet"": ""0x583d81247b1f6dd897dd095dca37805f0bc86143"", ""side"": ""BUY"", ""asset"": ""108999384188108521715304668689630764454260618208482429430624780380952570648070"", ""conditionId"": ""0x73acf1ef075d83bedb89e5c32e9083477adbde563cd0d76b78b56defdf2d6438"", ""size"": 666.66, ""price"": 0.002, ""timestamp"": 1771342289, ""title"": ""Will Ethereum reach $4,400 in February?"", ""slug"": ""will-ethereum-reach-4400-in-february-2026"", ""icon"": ""https://polymarket-upload.s3.us-east-2.amazonaws.com/ETH+fullsize.jpg"", ""eventSlug"": ""what-price-will-ethereum-hit-in-february-2026"", ""outcome"": ""Yes"", ""outcomeIndex"": 0, ""name"": ""quoshasher"", ""pseudonym"": ""Annual-Dugout"", ""bio"": """", ""profileImage"": """", ""profileImageOptimized"": """", ""transactionHash"": ""0x408666c147f7c648ac7cbf755247e0ede5c0f547ce396a43a0c5d0144cf4a441""}"
1771355999,2026-02-18T03:20:15.601831,0x46d1560653792f41289e38de19c8f56c8dae4f3010f110e2d2303cc97c0aacf1:1771355999,1303357,108999384188108521715304668689630764454260618208482429430624780380952570648070,SELL,0.001,2666.65,2.66665,0x46d1560653792f41289e38de19c8f56c8dae4f3010f110e2d2303cc97c0aacf1,"{""proxyWallet"": ""0x583d81247b1f6dd897dd095dca37805f0bc86143"", ""side"": ""SELL"", ""asset"": ""108999384188108521715304668689630764454260618208482429430624780380952570648070"", ""conditionId"": ""0x73acf1ef075d83bedb89e5c32e9083477adbde563cd0d76b78b56defdf2d6438"", ""size"": 2666.65, ""price"": 0.001, ""timestamp"": 1771355999, ""title"": ""Will Ethereum reach $4,400 in February?"", ""slug"": ""will-ethereum-reach-4400-in-february-2026"", ""icon"": ""https://polymarket-upload.s3.us-east-2.amazonaws.com/ETH+fullsize.jpg"", ""eventSlug"": ""what-price-will-ethereum-hit-in-february-2026"", ""outcome"": ""Yes"", ""outcomeIndex"": 0, ""name"": ""quoshasher"", ""pseudonym"": ""Annual-Dugout"", ""bio"": """", ""profileImage"": """", ""profileImageOptimized"": """", ""transactionHash"": ""0x46d1560653792f41289e38de19c8f56c8dae4f3010f110e2d2303cc97c0aacf1""}"
1771381135,2026-02-18T10:23:19.187039,0x23f6e06a1e9893de83fcf28e64406e0f2888c70169e8bb7d2195348a67ca2c2f:1771381135,1303357,108999384188108521715304668689630764454260618208482429430624780380952570648070,SELL,0.001,15.0,0.015,0x23f6e06a1e9893de83fcf28e64406e0f2888c70169e8bb7d2195348a67ca2c2f,"{""proxyWallet"": ""0xc2ae2539aaaf2627699e56059f9e39d3045a414a"", ""side"": ""SELL"", ""asset"": ""108999384188108521715304668689630764454260618208482429430624780380952570648070"", ""conditionId"": ""0x73acf1ef075d83bedb89e5c32e9083477adbde563cd0d76b78b56defdf2d6438"", ""size"": 15, ""price"": 0.001, ""timestamp"": 1771381135, ""title"": ""Will Ethereum reach $4,400 in February?"", ""slug"": ""will-ethereum-reach-4400-in-february-2026"", ""icon"": ""https://polymarket-upload.s3.us-east-2.amazonaws.com/ETH+fullsize.jpg"", ""eventSlug"": ""what-price-will-ethereum-hit-in-february-2026"", ""outcome"": ""Yes"", ""outcomeIndex"": 0, ""name"": ""0xc2AE2539aAAf2627699E56059f9E39d3045a414A-1771167236799"", ""pseudonym"": ""Velvety-Rye"", ""bio"": """", ""profileImage"": """", ""profileImageOptimized"": """", ""transactionHash"": ""0x23f6e06a1e9893de83fcf28e64406e0f2888c70169e8bb7d2195348a67ca2c2f""}"
1771389668,2026-02-18T12:44:20.201742,0x14ef485bf32d05ea136a48163d4b052a971261d7415d7d4a8263c07210c04a0e:1771389668,1303357,108999384188108521715304668689630764454260618208482429430624780380952570648070,BUY,0.002,1000.0,2.0,0x14ef485bf32d05ea136a48163d4b052a971261d7415d7d4a8263c07210c04a0e,"{""proxyWallet"": ""0xd1a7a6bdd65d927a4fc8200f18468c4b1743f60d"", ""side"": ""BUY"", ""asset"": ""108999384188108521715304668689630764454260618208482429430624780380952570648070"", ""conditionId"": ""0x73acf1ef075d83bedb89e5c32e9083477adbde563cd0d76b78b56defdf2d6438"", ""size"": 1000, ""price"": 0.002, ""timestamp"": 1771389668, ""title"": ""Will Ethereum reach $4,400 in February?"", ""slug"": ""will-ethereum-reach-4400-in-february-2026"", ""icon"": ""https://polymarket-upload.s3.us-east-2.amazonaws.com/ETH+fullsize.jpg"", ""eventSlug"": ""what-price-will-ethereum-hit-in-february-2026"", ""outcome"": ""Yes"", ""outcomeIndex"": 0, ""name"": ""Yaoliuling"", ""pseudonym"": ""Rotten-Adjective"", ""bio"": """", ""profileImage"": """", ""profileImageOptimized"": """", ""transactionHash"": ""0x14ef485bf32d05ea136a48163d4b052a971261d7415d7d4a8263c07210c04a0e""}"
1771397996,2026-02-18T15:02:21.920420,0x14fa5c2ae8e4f687b74ee66c1062513ce7faea6112b055a30fe8cbb1bbd15ee3:1771397996,1303357,108999384188108521715304668689630764454260618208482429430624780380952570648070,SELL,0.001,77181.23,77.18123,0x14fa5c2ae8e4f687b74ee66c1062513ce7faea6112b055a30fe8cbb1bbd15ee3,"{""proxyWallet"": ""0x0eb9ae0d153cc864335f1e6bcf4125c5284bbb3c"", ""side"": ""SELL"", ""asset"": ""108999384188108521715304668689630764454260618208482429430624780380952570648070"", ""conditionId"": ""0x73acf1ef075d83bedb89e5c32e9083477adbde563cd0d76b78b56defdf2d6438"", ""size"": 77181.23, ""price"": 0.001, ""timestamp"": 1771397996, ""title"": ""Will Ethereum reach $4,400 in February?"", ""slug"": ""will-ethereum-reach-4400-in-february-2026"", ""icon"": ""https://polymarket-upload.s3.us-east-2.amazonaws.com/ETH+fullsize.jpg"", ""eventSlug"": ""what-price-will-ethereum-hit-in-february-2026"", ""outcome"": ""Yes"", ""outcomeIndex"": 0, ""name"": ""K10576"", ""pseudonym"": ""Stained-Electronics"", ""bio"": """", ""profileImage"": ""https://polymarket-upload.s3.us-east-2.amazonaws.com/profile-image-5179254-9a513876-2028-4bae-a6e2-691b3704441d.jpg"", ""profileImageOptimized"": """", ""transactionHash"": ""0x14fa5c2ae8e4f687b74ee66c1062513ce7faea6112b055a30fe8cbb1bbd15ee3""}"
1771448348,2026-02-19T05:05:33.580480,0x0433988828bf24a251c24de779165f4e00fb22f4131ee5d4d5965e5e42194aac:1771448348,1303357,108999384188108521715304668689630764454260618208482429430624780380952570648070,BUY,0.002,500.0,1.0,0x0433988828bf24a251c24de779165f4e00fb22f4131ee5d4d5965e5e42194aac,"{""proxyWallet"": ""0xc524ca2f1a041b9c9106ccd4840b5ad48730c956"", ""side"": ""BUY"", ""asset"": ""108999384188108521715304668689630764454260618208482429430624780380952570648070"", ""conditionId"": ""0x73acf1ef075d83bedb89e5c32e9083477adbde563cd0d76b78b56defdf2d6438"", ""size"": 500, ""price"": 0.002, ""timestamp"": 1771448348, ""title"": ""Will Ethereum reach $4,400 in February?"", ""slug"": ""will-ethereum-reach-4400-in-february-2026"", ""icon"": ""https://polymarket-upload.s3.us-east-2.amazonaws.com/ETH+fullsize.jpg"", ""eventSlug"": ""what-price-will-ethereum-hit-in-february-2026"", ""outcome"": ""Yes"", ""outcomeIndex"": 0, ""name"": ""0xC524Ca2f1a041b9C9106Ccd4840b5aD48730c956-1767690432670"", ""pseudonym"": ""Unwitting-Memory"", ""bio"": """", ""profileImage"": """", ""profileImageOptimized"": """", ""transactionHash"": ""0x0433988828bf24a251c24de779165f4e00fb22f4131ee5d4d5965e5e42194aac""}"
1771450346,2026-02-19T05:35:29.394109,0x8e4cc55e64bd94513c7c5373cca264d456efef523de24bd37f11e35cc7075913:1771450346,1303357,108999384188108521715304668689630764454260618208482429430624780380952570648070,BUY,0.002,510.0,1.02,0x8e4cc55e64bd94513c7c5373cca264d456efef523de24bd37f11e35cc7075913,"{""proxyWallet"": ""0xa332381e11409313a6a1fecdf797793dd060416a"", ""side"": ""BUY"", ""asset"": ""108999384188108521715304668689630764454260618208482429430624780380952570648070"", ""conditionId"": ""0x73acf1ef075d83bedb89e5c32e9083477adbde563cd0d76b78b56defdf2d6438"", ""size"": 510, ""price"": 0.002, ""timestamp"": 1771450346, ""title"": ""Will Ethereum reach $4,400 in February?"", ""slug"": ""will-ethereum-reach-4400-in-february-2026"", ""icon"": ""https://polymarket-upload.s3.us-east-2.amazonaws.com/ETH+fullsize.jpg"", ""eventSlug"": ""what-price-will-ethereum-hit-in-february-2026"", ""outcome"": ""Yes"", ""outcomeIndex"": 0, ""name"": ""clarkfaith"", ""pseudonym"": ""Impure-Giraffe"", ""bio"": """", ""profileImage"": """", ""profileImageOptimized"": """", ""transactionHash"": ""0x8e4cc55e64bd94513c7c5373cca264d456efef523de24bd37f11e35cc7075913""}"
1771510734,2026-02-19T22:20:39.377959,0x9dece3f05a95c2bd087e72cad3adf9f3c956669f24878f2eead4e35a09272fca:1771510734,1303357,108999384188108521715304668689630764454260618208482429430624780380952570648070,BUY,0.002,500.0,1.0,0x9dece3f05a95c2bd087e72cad3adf9f3c956669f24878f2eead4e35a09272fca,"{""proxyWallet"": ""0xe82270ef3d0817a16b12d55e5c0cd96256b92490"", ""side"": ""BUY"", ""asset"": ""108999384188108521715304668689630764454260618208482429430624780380952570648070"", ""conditionId"": ""0x73acf1ef075d83bedb89e5c32e9083477adbde563cd0d76b78b56defdf2d6438"", ""size"": 500, ""price"": 0.002, ""timestamp"": 1771510734, ""title"": ""Will Ethereum reach $4,400 in February?"", ""slug"": ""will-ethereum-reach-4400-in-february-2026"", ""icon"": ""https://polymarket-upload.s3.us-east-2.amazonaws.com/ETH+fullsize.jpg"", ""eventSlug"": ""what-price-will-ethereum-hit-in-february-2026"", ""outcome"": ""Yes"", ""outcomeIndex"": 0, ""name"": ""quanta11"", ""pseudonym"": ""Windy-Elevator"", ""bio"": """", ""profileImage"": """", ""profileImageOptimized"": """", ""transactionHash"": ""0x9dece3f05a95c2bd087e72cad3adf9f3c956669f24878f2eead4e35a09272fca""}"
1771515086,2026-02-19T23:32:38.835101,0xd0f07e263a505bc8490b8be1a1c92be2d6a67cc17ca40c07f11aed0be914c019:1771515086,1303357,108999384188108521715304668689630764454260618208482429430624780380952570648070,BUY,0.002,625.0,1.25,0xd0f07e263a505bc8490b8be1a1c92be2d6a67cc17ca40c07f11aed0be914c019,"{""proxyWallet"": ""0x36bd78f3c936262dc559ae30b5a8fd04f9eb6c22"", ""side"": ""BUY"", ""asset"": ""108999384188108521715304668689630764454260618208482429430624780380952570648070"", ""conditionId"": ""0x73acf1ef075d83bedb89e5c32e9083477adbde563cd0d76b78b56defdf2d6438"", ""size"": 625, ""price"": 0.002, ""timestamp"": 1771515086, ""title"": ""Will Ethereum reach $4,400 in February?"", ""slug"": ""will-ethereum-reach-4400-in-february-2026"", ""icon"": ""https://polymarket-upload.s3.us-east-2.amazonaws.com/ETH+fullsize.jpg"", ""eventSlug"": ""what-price-will-ethereum-hit-in-february-2026"", ""outcome"": ""Yes"", ""outcomeIndex"": 0, ""name"": ""0x36bd78F3C936262dc559aE30b5a8fD04f9Eb6c22-1771331432337"", ""pseudonym"": ""Cuddly-Yak"", ""bio"": """", ""profileImage"": """", ""profileImageOptimized"": """", ""transactionHash"": ""0xd0f07e263a505bc8490b8be1a1c92be2d6a67cc17ca40c07f11aed0be914c019""}"
1771515066,2026-02-19T23:32:38.835164,0x13f7d6f0c225f44d5469c756cbed4ba2cf8e7d87e104029a8a3e8b5aaadbca44:1771515066,1303357,108999384188108521715304668689630764454260618208482429430624780380952570648070,BUY,0.002,655.0,1.31,0x13f7d6f0c225f44d5469c756cbed4ba2cf8e7d87e104029a8a3e8b5aaadbca44,"{""proxyWallet"": ""0x36bd78f3c936262dc559ae30b5a8fd04f9eb6c22"", ""side"": ""BUY"", ""asset"": ""108999384188108521715304668689630764454260618208482429430624780380952570648070"", ""conditionId"": ""0x73acf1ef075d83bedb89e5c32e9083477adbde563cd0d76b78b56defdf2d6438"", ""size"": 655, ""price"": 0.002, ""timestamp"": 1771515066, ""title"": ""Will Ethereum reach $4,400 in February?"", ""slug"": ""will-ethereum-reach-4400-in-february-2026"", ""icon"": ""https://polymarket-upload.s3.us-east-2.amazonaws.com/ETH+fullsize.jpg"", ""eventSlug"": ""what-price-will-ethereum-hit-in-february-2026"", ""outcome"": ""Yes"", ""outcomeIndex"": 0, ""name"": ""0x36bd78F3C936262dc559aE30b5a8fD04f9Eb6c22-1771331432337"", ""pseudonym"": ""Cuddly-Yak"", ""bio"": """", ""profileImage"": """", ""profileImageOptimized"": """", ""transactionHash"": ""0x13f7d6f0c225f44d5469c756cbed4ba2cf8e7d87e104029a8a3e8b5aaadbca44""}"
1771515046,2026-02-19T23:32:38.835191,0xe44781eac071b54ce19014d119ef3ae16875f1d20e2d305b953db982131be835:1771515046,1303357,108999384188108521715304668689630764454260618208482429430624780380952570648070,BUY,0.002,680.0,1.36,0xe44781eac071b54ce19014d119ef3ae16875f1d20e2d305b953db982131be835,"{""proxyWallet"": ""0x36bd78f3c936262dc559ae30b5a8fd04f9eb6c22"", ""side"": ""BUY"", ""asset"": ""108999384188108521715304668689630764454260618208482429430624780380952570648070"", ""conditionId"": ""0x73acf1ef075d83bedb89e5c32e9083477adbde563cd0d76b78b56defdf2d6438"", ""size"": 680, ""price"": 0.002, ""timestamp"": 1771515046, ""title"": ""Will Ethereum reach $4,400 in February?"", ""slug"": ""will-ethereum-reach-4400-in-february-2026"", ""icon"": ""https://polymarket-upload.s3.us-east-2.amazonaws.com/ETH+fullsize.jpg"", ""eventSlug"": ""what-price-will-ethereum-hit-in-february-2026"", ""outcome"": ""Yes"", ""outcomeIndex"": 0, ""name"": ""0x36bd78F3C936262dc559aE30b5a8fD04f9Eb6c22-1771331432337"", ""pseudonym"": ""Cuddly-Yak"", ""bio"": """", ""profileImage"": """", ""profileImageOptimized"": """", ""transactionHash"": ""0xe44781eac071b54ce19014d119ef3ae16875f1d20e2d305b953db982131be835""}"
1771515200,2026-02-19T23:38:39.633944,0x8b40636534d4ecd5b780ec9d1c03fed520a118a7dcca929f6345e7d692e75356:1771515200,1303357,108999384188108521715304668689630764454260618208482429430624780380952570648070,SELL,0.001,1960.0,1.96,0x8b40636534d4ecd5b780ec9d1c03fed520a118a7dcca929f6345e7d692e75356,"{""proxyWallet"": ""0x36bd78f3c936262dc559ae30b5a8fd04f9eb6c22"", ""side"": ""SELL"", ""asset"": ""108999384188108521715304668689630764454260618208482429430624780380952570648070"", ""conditionId"": ""0x73acf1ef075d83bedb89e5c32e9083477adbde563cd0d76b78b56defdf2d6438"", ""size"": 1960, ""price"": 0.001, ""timestamp"": 1771515200, ""title"": ""Will Ethereum reach $4,400 in February?"", ""slug"": ""will-ethereum-reach-4400-in-february-2026"", ""icon"": ""https://polymarket-upload.s3.us-east-2.amazonaws.com/ETH+fullsize.jpg"", ""eventSlug"": ""what-price-will-ethereum-hit-in-february-2026"", ""outcome"": ""Yes"", ""outcomeIndex"": 0, ""name"": ""0x36bd78F3C936262dc559aE30b5a8fD04f9Eb6c22-1771331432337"", ""pseudonym"": ""Cuddly-Yak"", ""bio"": """", ""profileImage"": """", ""profileImageOptimized"": """", ""transactionHash"": ""0x8b40636534d4ecd5b780ec9d1c03fed520a118a7dcca929f6345e7d692e75356""}"
1771516784,2026-02-20T00:02:39.526538,0xe527ef0e3edaaacc3e2f89c0671f5d404e06af8fb2e6abaccee1cc056721f263:1771516784,1303357,108999384188108521715304668689630764454260618208482429430624780380952570648070,SELL,0.001,15.0,0.015,0xe527ef0e3edaaacc3e2f89c0671f5d404e06af8fb2e6abaccee1cc056721f263,"{""proxyWallet"": ""0x0caee788224ef8791b403fa5689beb8cb5b21d42"", ""side"": ""SELL"", ""asset"": ""108999384188108521715304668689630764454260618208482429430624780380952570648070"", ""conditionId"": ""0x73acf1ef075d83bedb89e5c32e9083477adbde563cd0d76b78b56defdf2d6438"", ""size"": 15, ""price"": 0.001, ""timestamp"": 1771516784, ""title"": ""Will Ethereum reach $4,400 in February?"", ""slug"": ""will-ethereum-reach-4400-in-february-2026"", ""icon"": ""https://polymarket-upload.s3.us-east-2.amazonaws.com/ETH+fullsize.jpg"", ""eventSlug"": ""what-price-will-ethereum-hit-in-february-2026"", ""outcome"": ""Yes"", ""outcomeIndex"": 0, ""name"": ""researchman"", ""pseudonym"": ""Ideal-Tiger"", ""bio"": """", ""profileImage"": """", ""profileImageOptimized"": """", ""transactionHash"": ""0xe527ef0e3edaaacc3e2f89c0671f5d404e06af8fb2e6abaccee1cc056721f263""}"
1771530070,2026-02-20T03:44:40.236828,0x0746644e94dad1ec8d1b8fdae5c7f3be2ce25b0bd64ebb3fdf2075de51b864d8:1771530070,1303357,108999384188108521715304668689630764454260618208482429430624780380952570648070,SELL,0.001,333.33,0.33333,0x0746644e94dad1ec8d1b8fdae5c7f3be2ce25b0bd64ebb3fdf2075de51b864d8,"{""proxyWallet"": ""0xd993eeaa086420c215e64270ccc1a7de95e63aea"", ""side"": ""SELL"", ""asset"": ""108999384188108521715304668689630764454260618208482429430624780380952570648070"", ""conditionId"": ""0x73acf1ef075d83bedb89e5c32e9083477adbde563cd0d76b78b56defdf2d6438"", ""size"": 333.33, ""price"": 0.001, ""timestamp"": 1771530070, ""title"": ""Will Ethereum reach $4,400 in February?"", ""slug"": ""will-ethereum-reach-4400-in-february-2026"", ""icon"": ""https://polymarket-upload.s3.us-east-2.amazonaws.com/ETH+fullsize.jpg"", ""eventSlug"": ""what-price-will-ethereum-hit-in-february-2026"", ""outcome"": ""Yes"", ""outcomeIndex"": 0, ""name"": ""mariakristi"", ""pseudonym"": ""Demanding-Initial"", ""bio"": """", ""profileImage"": """", ""profileImageOptimized"": """", ""transactionHash"": ""0x0746644e94dad1ec8d1b8fdae5c7f3be2ce25b0bd64ebb3fdf2075de51b864d8""}"
1771571898,2026-02-20T15:23:47.129534,0x1134dc11158fac82b0d7dddbefd78d8a1dc174775b40380ae5dd1cba92421f95:1771571898,1303357,108999384188108521715304668689630764454260618208482429430624780380952570648070,SELL,0.001,154.0,0.154,0x1134dc11158fac82b0d7dddbefd78d8a1dc174775b40380ae5dd1cba92421f95,"{""proxyWallet"": ""0xa332381e11409313a6a1fecdf797793dd060416a"", ""side"": ""SELL"", ""asset"": ""108999384188108521715304668689630764454260618208482429430624780380952570648070"", ""conditionId"": ""0x73acf1ef075d83bedb89e5c32e9083477adbde563cd0d76b78b56defdf2d6438"", ""size"": 154, ""price"": 0.001, ""timestamp"": 1771571898, ""title"": ""Will Ethereum reach $4,400 in February?"", ""slug"": ""will-ethereum-reach-4400-in-february-2026"", ""icon"": ""https://polymarket-upload.s3.us-east-2.amazonaws.com/ETH+fullsize.jpg"", ""eventSlug"": ""what-price-will-ethereum-hit-in-february-2026"", ""outcome"": ""Yes"", ""outcomeIndex"": 0, ""name"": ""clarkfaith"", ""pseudonym"": ""Impure-Giraffe"", ""bio"": """", ""profileImage"": """", ""profileImageOptimized"": """", ""transactionHash"": ""0x1134dc11158fac82b0d7dddbefd78d8a1dc174775b40380ae5dd1cba92421f95""}"
1771601748,2026-02-20T23:41:52.127440,0x1639ef5e8253e5bb4f9bf412725b500722215ee9c8accde8ef87a384b9f87aee:1771601748,1303357,108999384188108521715304668689630764454260618208482429430624780380952570648070,SELL,0.001,333.33,0.33333,0x1639ef5e8253e5bb4f9bf412725b500722215ee9c8accde8ef87a384b9f87aee,"{""proxyWallet"": ""0x2e452c7050ee7136e5ab8d447ef82ad2359731d4"", ""side"": ""SELL"", ""asset"": ""108999384188108521715304668689630764454260618208482429430624780380952570648070"", ""conditionId"": ""0x73acf1ef075d83bedb89e5c32e9083477adbde563cd0d76b78b56defdf2d6438"", ""size"": 333.33, ""price"": 0.001, ""timestamp"": 1771601748, ""title"": ""Will Ethereum reach $4,400 in February?"", ""slug"": ""will-ethereum-reach-4400-in-february-2026"", ""icon"": ""https://polymarket-upload.s3.us-east-2.amazonaws.com/ETH+fullsize.jpg"", ""eventSlug"": ""what-price-will-ethereum-hit-in-february-2026"", ""outcome"": ""Yes"", ""outcomeIndex"": 0, ""name"": ""flynn03"", ""pseudonym"": ""Angry-Plugin"", ""bio"": """", ""profileImage"": """", ""profileImageOptimized"": """", ""transactionHash"": ""0x1639ef5e8253e5bb4f9bf412725b500722215ee9c8accde8ef87a384b9f87aee""}"
1771606598,2026-02-21T00:59:52.875223,0x0b91cbb2e7f0f9f37e24f9b3f901cbf6351b9e58556459b80e58ce9dbf8212ff:1771606598,1303357,108999384188108521715304668689630764454260618208482429430624780380952570648070,SELL,0.001,2043.33,2.04333,0x0b91cbb2e7f0f9f37e24f9b3f901cbf6351b9e58556459b80e58ce9dbf8212ff,"{""proxyWallet"": ""0x0c38f8b82ab285c1f7599f7aabc1eb5f697e20a6"", ""side"": ""SELL"", ""asset"": ""108999384188108521715304668689630764454260618208482429430624780380952570648070"", ""conditionId"": ""0x73acf1ef075d83bedb89e5c32e9083477adbde563cd0d76b78b56defdf2d6438"", ""size"": 2043.33, ""price"": 0.001, ""timestamp"": 1771606598, ""title"": ""Will Ethereum reach $4,400 in February?"", ""slug"": ""will-ethereum-reach-4400-in-february-2026"", ""icon"": ""https://polymarket-upload.s3.us-east-2.amazonaws.com/ETH+fullsize.jpg"", ""eventSlug"": ""what-price-will-ethereum-hit-in-february-2026"", ""outcome"": ""Yes"", ""outcomeIndex"": 0, ""name"": ""0x0C38F8b82ab285C1f7599f7aAbC1eb5f697e20a6-1769979521406"", ""pseudonym"": ""Cheerful-Icicle"", ""bio"": """", ""profileImage"": """", ""profileImageOptimized"": """", ""transactionHash"": ""0x0b91cbb2e7f0f9f37e24f9b3f901cbf6351b9e58556459b80e58ce9dbf8212ff""}"
