timestamp,datetime,midpoint,best_bid,best_ask,spread,bid_depth_top5,ask_depth_top5
1771007700,2026-02-14T02:35:00.448268,0.9625,0.963,0.962,0.001,44116.83,20078.31
1771007950,2026-02-14T02:39:10.080369,0.963,0.964,0.962,0.002,37456.97,35722.17
1771008130,2026-02-14T02:42:10.055486,0.963,0.964,0.962,0.002,37290.65,35616.93
1771008310,2026-02-14T02:45:10.261796,0.963,0.964,0.962,0.002,37265.94,36509.99
1771008490,2026-02-14T02:48:10.023010,0.963,0.964,0.962,0.002,37392.94,36267.51
1771008676,2026-02-14T02:51:16.647661,0.963,0.964,0.962,0.002,37250.47,36266.19
1771008850,2026-02-14T02:54:10.205158,0.9615,0.962,0.961,0.001,37809.1,14517.82
1771009034,2026-02-14T02:57:14.957752,0.962,0.963,0.961,0.002,36883.65,20108.37
1771009210,2026-02-14T03:00:10.249681,0.9635,0.964,0.963,0.001,27681.28,37155.2
1771009390,2026-02-14T03:03:10.306447,0.964,0.965,0.963,0.002,27551.260000000002,136204.44
1771009570,2026-02-14T03:06:10.219614,0.964,0.965,0.963,0.002,18144.010000000002,136050.81
1771009750,2026-02-14T03:09:10.237830,0.964,0.965,0.963,0.002,18446.99,136151.49
1771009935,2026-02-14T03:12:15.277030,0.964,0.965,0.963,0.002,18350.15,135801.88
1771010110,2026-02-14T03:15:10.448004,0.964,0.965,0.963,0.002,18225.5,135746.49
1771010290,2026-02-14T03:18:10.667843,0.964,0.965,0.963,0.002,27490.74,135560.94
1771010470,2026-02-14T03:21:10.489722,0.962,0.963,0.961,0.002,43489.28,18078.07
1771010650,2026-02-14T03:24:10.480638,0.9625,0.963,0.962,0.001,34013.18,18102.06
1771010830,2026-02-14T03:27:10.447204,0.962,0.963,0.961,0.002,41332.01,17721.95
1771011010,2026-02-14T03:30:10.672207,0.962,0.963,0.961,0.002,41969.05,18185.95
1771011190,2026-02-14T03:33:10.311423,0.9625,0.963,0.962,0.001,32064.95,18835.95
1771011370,2026-02-14T03:36:10.675544,0.9615,0.962,0.961,0.001,44165.950000000004,12529.51
1771011550,2026-02-14T03:39:10.695727,0.963,0.964,0.962,0.002,34077.1,26194.02
1771011730,2026-02-14T03:42:10.687801,0.9635,0.964,0.963,0.001,22272.39,36904.91
1771011910,2026-02-14T03:45:10.883088,0.963,0.964,0.962,0.002,35439.23,138032.89
1771012090,2026-02-14T03:48:10.668180,0.9625,0.963,0.962,0.001,33545.68,39031.36
1771012270,2026-02-14T03:51:10.661235,0.9615,0.962,0.961,0.001,41337.13,18426.35
1771012450,2026-02-14T03:54:10.617637,0.9635,0.964,0.963,0.001,42505.82,62140.950000000004
1771012631,2026-02-14T03:57:11.001602,0.9615,0.962,0.961,0.001,52707.0,23395.09
1771012810,2026-02-14T04:00:10.892129,0.962,0.963,0.961,0.002,52564.87,40051.5
1771012990,2026-02-14T04:03:10.926579,0.962,0.963,0.961,0.002,52514.78,39955.51
1771013170,2026-02-14T04:06:10.879593,0.9615,0.962,0.961,0.001,49524.51,22536.57
1771013351,2026-02-14T04:09:11.102514,0.9625,0.963,0.962,0.001,41732.38,34416.270000000004
1771013530,2026-02-14T04:12:10.941097,0.9625,0.963,0.962,0.001,41411.340000000004,34277.19
1771013711,2026-02-14T04:15:11.221177,0.9625,0.963,0.962,0.001,44832.24,34238.08
1771013890,2026-02-14T04:18:10.890308,0.9615,0.962,0.961,0.001,49724.86,74145.64
1771014070,2026-02-14T04:21:10.950286,0.9615,0.962,0.961,0.001,46450.84,74145.64
1771014250,2026-02-14T04:24:10.856376,0.9615,0.962,0.961,0.001,46247.06,173528.12
1771014431,2026-02-14T04:27:11.081211,0.9595,0.96,0.959,0.001,57529.520000000004,138542.76
1771014611,2026-02-14T04:30:11.150053,0.9595,0.96,0.959,0.001,56851.43,138080.1
1771014791,2026-02-14T04:33:11.079145,0.9595,0.96,0.959,0.001,57449.92,137922.03
1771014971,2026-02-14T04:36:11.096476,0.9595,0.96,0.959,0.001,57434.92,137842.08000000002
1771015151,2026-02-14T04:39:11.142962,0.9595,0.96,0.959,0.001,57313.28,137722.19
1771015331,2026-02-14T04:42:11.102536,0.9595,0.96,0.959,0.001,57784.8,133774.81
1771015511,2026-02-14T04:45:11.256056,0.9595,0.96,0.959,0.001,52969.56,133951.71
1771015691,2026-02-14T04:48:11.283111,0.9595,0.96,0.959,0.001,52921.23,134793.39
1771015871,2026-02-14T04:51:11.308782,0.9595,0.96,0.959,0.001,49869.37,131652.48
1771016051,2026-02-14T04:54:11.286678,0.9595,0.96,0.959,0.001,43961.549999999996,131689.08
1771016231,2026-02-14T04:57:11.688779,0.9595,0.96,0.959,0.001,43960.51,131687.99
1771016411,2026-02-14T05:00:11.677545,0.9595,0.96,0.959,0.001,43861.13,131614.76
1771016591,2026-02-14T05:03:11.242003,0.9595,0.96,0.959,0.001,44246.8,131614.76
1771016771,2026-02-14T05:06:11.362519,0.9595,0.96,0.959,0.001,44206.909999999996,130974.87
1771016951,2026-02-14T05:09:11.463524,0.9585,0.959,0.958,0.001,72079.02,131292.55
1771017131,2026-02-14T05:12:11.437932,0.9585,0.959,0.958,0.001,71962.94,131130.34
1771017311,2026-02-14T05:15:11.520821,0.9585,0.959,0.958,0.001,71800.36,131105.95
1771017495,2026-02-14T05:18:15.452088,0.9595,0.96,0.959,0.001,44066.64,130734.56
1771017671,2026-02-14T05:21:11.624655,0.9595,0.96,0.959,0.001,46209.22,130647.14
1771017851,2026-02-14T05:24:11.454682,0.9595,0.96,0.959,0.001,46209.22,121833.94
1771018031,2026-02-14T05:27:11.654630,0.9595,0.96,0.959,0.001,46671.72,121429.20999999999
1771018215,2026-02-14T05:30:15.686871,0.9595,0.96,0.959,0.001,46671.72,121329.20999999999
1771018391,2026-02-14T05:33:11.491794,0.9595,0.96,0.959,0.001,46250.58,121281.11
1771018571,2026-02-14T05:36:11.642836,0.959,0.96,0.958,0.002,62272.49,121208.08
1771018751,2026-02-14T05:39:11.675124,0.959,0.96,0.958,0.002,63413.340000000004,120900.59
1771018935,2026-02-14T05:42:15.775233,0.959,0.96,0.958,0.002,63149.26,120589.69
1771019111,2026-02-14T05:45:11.658009,0.959,0.96,0.958,0.002,75058.39,120538.81999999999
1771019291,2026-02-14T05:48:11.680215,0.959,0.96,0.958,0.002,77403.39,120538.81999999999
1771019471,2026-02-14T05:51:11.680243,0.959,0.96,0.958,0.002,77353.06,120485.36
1771019651,2026-02-14T05:54:11.588432,0.959,0.96,0.958,0.002,77186.68,120316.89
1771019831,2026-02-14T05:57:11.870616,0.959,0.96,0.958,0.002,77185.63,118139.1
1771020011,2026-02-14T06:00:11.883996,0.959,0.96,0.958,0.002,77035.54,117944.82
1771020191,2026-02-14T06:03:11.882176,0.959,0.96,0.958,0.002,77009.81,117639.46
1771020371,2026-02-14T06:06:11.632773,0.959,0.96,0.958,0.002,76890.76,117639.46
1771020552,2026-02-14T06:09:12.094390,0.959,0.96,0.958,0.002,76838.28,117093.02
1771020732,2026-02-14T06:12:12.150608,0.959,0.96,0.958,0.002,76784.98,117004.83
1771020911,2026-02-14T06:15:11.892596,0.9585,0.959,0.958,0.001,78705.84,117751.89
1771021092,2026-02-14T06:18:12.094890,0.9585,0.959,0.958,0.001,78652.42,117599.66
1771021271,2026-02-14T06:21:11.859129,0.9585,0.959,0.958,0.001,78526.34999999999,117473.68
1771021452,2026-02-14T06:24:12.054436,0.9585,0.959,0.958,0.001,78486.79,117331.0
1771021632,2026-02-14T06:27:12.107137,0.9585,0.959,0.958,0.001,78206.59,117434.71
1771021812,2026-02-14T06:30:12.221401,0.9585,0.959,0.958,0.001,78427.55,118669.8
1771021992,2026-02-14T06:33:12.082192,0.959,0.96,0.958,0.002,78363.54,127310.67
1771022176,2026-02-14T06:36:16.672527,0.9575,0.958,0.957,0.001,76881.61,115002.86
1771022352,2026-02-14T06:39:12.035997,0.958,0.959,0.957,0.002,80066.59999999999,114940.5
1771022532,2026-02-14T06:42:12.011384,0.958,0.959,0.957,0.002,80069.73999999999,114851.33
1771022712,2026-02-14T06:45:12.079672,0.958,0.959,0.957,0.002,80068.72,114742.25
1771022892,2026-02-14T06:48:12.064197,0.958,0.959,0.957,0.002,79623.37,114844.21
1771023072,2026-02-14T06:51:12.419116,0.958,0.959,0.957,0.002,79456.4,114668.93
1771023252,2026-02-14T06:54:12.228547,0.958,0.959,0.957,0.002,74078.39,110465.5
1771023432,2026-02-14T06:57:12.226579,0.9595,0.96,0.959,0.001,26432.75,111706.26
1771023792,2026-02-14T07:03:12.228899,0.9575,0.958,0.957,0.001,72665.84,111719.53
1771023972,2026-02-14T07:06:12.228656,0.958,0.959,0.957,0.002,72695.83,111826.54
1771024152,2026-02-14T07:09:12.225934,0.958,0.959,0.957,0.002,72670.23999999999,111824.91
1771024332,2026-02-14T07:12:12.452991,0.958,0.959,0.957,0.002,72670.23999999999,136977.68
1771024512,2026-02-14T07:15:12.450044,0.9565,0.957,0.956,0.001,82672.84,119976.54000000001
1771024692,2026-02-14T07:18:12.429432,0.957,0.958,0.956,0.002,72795.98999999999,119950.56
1771024872,2026-02-14T07:21:12.451591,0.957,0.958,0.956,0.002,72751.65,119820.89
1771025052,2026-02-14T07:24:12.613139,0.9585,0.959,0.958,0.001,54780.909999999996,121605.24
1771025232,2026-02-14T07:27:12.568409,0.957,0.958,0.956,0.002,79106.29,119334.04000000001
1771025412,2026-02-14T07:30:12.444445,0.958,0.959,0.957,0.002,72085.72,141551.43
1771025592,2026-02-14T07:33:12.449636,0.958,0.959,0.957,0.002,71399.29,141076.0
1771025772,2026-02-14T07:36:12.564333,0.9585,0.959,0.958,0.001,61394.99,140834.55
1771025952,2026-02-14T07:39:12.648728,0.9585,0.959,0.958,0.001,62294.99,141007.08000000002
1771026132,2026-02-14T07:42:12.627489,0.9585,0.959,0.958,0.001,63523.39,141104.55
1771026312,2026-02-14T07:45:12.533160,0.9585,0.959,0.958,0.001,63425.759999999995,141054.48
1771026492,2026-02-14T07:48:12.662618,0.9585,0.959,0.958,0.001,63409.78999999999,141038.51
1771026672,2026-02-14T07:51:12.650923,0.9585,0.959,0.958,0.001,66318.48,138932.2
1771026852,2026-02-14T07:54:12.665647,0.9585,0.959,0.958,0.001,66318.48,138927.2
1771027032,2026-02-14T07:57:12.843482,0.9585,0.959,0.958,0.001,66265.43,138894.97
1771027212,2026-02-14T08:00:12.854268,0.9585,0.959,0.958,0.001,65986.25,138894.97
1771027392,2026-02-14T08:03:12.674099,0.9575,0.958,0.957,0.001,76046.29,137624.07
1771027572,2026-02-14T08:06:12.873852,0.9575,0.958,0.957,0.001,75953.73999999999,137531.52
1771027752,2026-02-14T08:09:12.852156,0.9575,0.958,0.957,0.001,75536.38,137393.77
1771027932,2026-02-14T08:12:12.853698,0.9575,0.958,0.957,0.001,74646.38,137293.77
1771028112,2026-02-14T08:15:12.839322,0.9575,0.958,0.957,0.001,74464.92,137131.97
1771028292,2026-02-14T08:18:12.837081,0.9575,0.958,0.957,0.001,74476.63,137089.56
1771028472,2026-02-14T08:21:12.790439,0.9575,0.958,0.957,0.001,74456.64,136910.97
1771028652,2026-02-14T08:24:12.855018,0.9575,0.958,0.957,0.001,73994.12,136781.01
1771028833,2026-02-14T08:27:13.064159,0.9575,0.958,0.957,0.001,73900.70999999999,136665.3
1771029013,2026-02-14T08:30:13.049680,0.9575,0.958,0.957,0.001,73316.26999999999,136149.3
1771029193,2026-02-14T08:33:13.031567,0.958,0.959,0.957,0.002,72021.9,136110.65
1771029373,2026-02-14T08:36:13.094143,0.9585,0.959,0.958,0.001,62680.0,136110.65
1771029733,2026-02-14T08:42:13.089580,0.9585,0.959,0.958,0.001,63247.469999999994,136562.64
1771029913,2026-02-14T08:45:13.071265,0.9585,0.959,0.958,0.001,63166.85,136505.82
1771030093,2026-02-14T08:48:13.099996,0.9585,0.959,0.958,0.001,63000.2,136556.23
1771030273,2026-02-14T08:51:13.234664,0.9585,0.959,0.958,0.001,63000.2,129241.78
1771030457,2026-02-14T08:54:17.946864,0.9585,0.959,0.958,0.001,60684.7,129141.78
1771030633,2026-02-14T08:57:13.227808,0.9585,0.959,0.958,0.001,60633.049999999996,129091.12000000001
1771030813,2026-02-14T09:00:13.273867,0.9585,0.959,0.958,0.001,60475.579999999994,129039.52
1771030993,2026-02-14T09:03:13.238469,0.9585,0.959,0.958,0.001,60475.579999999994,129039.52
1771031173,2026-02-14T09:06:13.434178,0.9585,0.959,0.958,0.001,60427.969999999994,129038.47
1771031353,2026-02-14T09:09:13.055317,0.9575,0.958,0.957,0.001,117006.79,129525.39
1771031533,2026-02-14T09:12:13.274408,0.958,0.959,0.957,0.002,117006.79,126541.34
1771031713,2026-02-14T09:15:13.428589,0.9575,0.958,0.957,0.001,116804.79,126479.32
1771031893,2026-02-14T09:18:13.437140,0.957,0.958,0.956,0.002,126765.81999999999,126479.32
1771032073,2026-02-14T09:21:13.254523,0.957,0.958,0.956,0.002,126860.04,126474.58
1771032253,2026-02-14T09:24:13.443182,0.957,0.958,0.956,0.002,125902.85999999999,126474.58
1771032433,2026-02-14T09:27:13.495212,0.957,0.958,0.956,0.002,125851.04999999999,126422.77
1771032613,2026-02-14T09:30:13.468752,0.958,0.959,0.957,0.002,116442.82999999999,126536.97
1771032793,2026-02-14T09:33:13.454691,0.958,0.959,0.957,0.002,116233.56,126427.7
1771032973,2026-02-14T09:36:13.637379,0.958,0.959,0.957,0.002,116046.26999999999,126240.41
1771033153,2026-02-14T09:39:13.762487,0.958,0.959,0.957,0.002,116015.62,126099.76000000001
1771033333,2026-02-14T09:42:13.852773,0.9565,0.957,0.956,0.001,125848.95999999999,125914.24
1771033513,2026-02-14T09:45:13.641880,0.9565,0.957,0.956,0.001,125927.23,94795.07
1771033693,2026-02-14T09:48:13.666734,0.957,0.958,0.956,0.002,125860.01,145774.93
1771033873,2026-02-14T09:51:13.663777,0.9565,0.957,0.956,0.001,125654.85999999999,95051.82
1771034053,2026-02-14T09:54:13.668877,0.9565,0.957,0.956,0.001,125854.85999999999,95017.72
1771034237,2026-02-14T09:57:17.590758,0.9565,0.957,0.956,0.001,125720.76,95017.72
1771034413,2026-02-14T10:00:13.669768,0.9565,0.957,0.956,0.001,125731.17,94928.13
1771034593,2026-02-14T10:03:13.655625,0.9565,0.957,0.956,0.001,125631.17,94928.13
1771034773,2026-02-14T10:06:13.600678,0.9565,0.957,0.956,0.001,125525.70999999999,94822.67
1771034953,2026-02-14T10:09:13.875334,0.9565,0.957,0.956,0.001,125294.90999999999,94714.61
1771035133,2026-02-14T10:12:13.814018,0.9565,0.957,0.956,0.001,125079.51999999999,94498.17
1771035313,2026-02-14T10:15:13.872500,0.9565,0.957,0.956,0.001,125079.51999999999,94446.66
1771035493,2026-02-14T10:18:13.858318,0.9575,0.958,0.957,0.001,115526.43,145618.41
1771035673,2026-02-14T10:21:13.885785,0.9575,0.958,0.957,0.001,115525.37,145613.41
1771035853,2026-02-14T10:24:13.866211,0.9575,0.958,0.957,0.001,115167.15,145076.13
1771036034,2026-02-14T10:27:14.053336,0.9575,0.958,0.957,0.001,115427.61,144733.18
1771036214,2026-02-14T10:30:14.020019,0.9575,0.958,0.957,0.001,115576.79,144731.66
1771036394,2026-02-14T10:33:14.209236,0.9565,0.957,0.956,0.001,124965.07999999999,93528.1
1771036578,2026-02-14T10:36:18.716624,0.9565,,,0.001,124856.78,93479.82
1771036753,2026-02-14T10:39:13.865249,0.9565,0.957,0.956,0.001,124644.79,93267.83
1771036934,2026-02-14T10:42:14.064439,0.9565,0.957,0.956,0.001,124547.06,93246.93000000001
1771037114,2026-02-14T10:45:14.211156,0.957,0.958,0.956,0.002,124547.06,144469.55000000002
1771037294,2026-02-14T10:48:14.230769,0.957,0.958,0.956,0.002,123713.0,144414.03
1771037474,2026-02-14T10:51:14.051637,0.9575,0.958,0.957,0.001,114202.29,149303.32
1771037654,2026-02-14T10:54:14.033590,0.9575,0.958,0.957,0.001,114202.29,149303.32
1771037834,2026-02-14T10:57:14.434048,0.957,0.958,0.956,0.002,123544.86,149199.1
1771038014,2026-02-14T11:00:14.241104,0.957,0.958,0.956,0.002,123664.86,150978.44
1771038194,2026-02-14T11:03:14.219631,0.9565,0.957,0.956,0.001,123619.93999999999,99714.21
1771038374,2026-02-14T11:06:14.243235,0.957,0.958,0.956,0.002,123619.93999999999,150978.44
1771038554,2026-02-14T11:09:14.420878,0.957,0.958,0.956,0.002,123529.57999999999,150721.42
1771038734,2026-02-14T11:12:14.238000,0.9575,0.958,0.957,0.001,113875.37,150367.98
1771038914,2026-02-14T11:15:14.310707,0.9565,0.957,0.956,0.001,122513.42,99764.82
1771039094,2026-02-14T11:18:14.438520,0.9565,0.957,0.956,0.001,122195.9,99664.94
1771039274,2026-02-14T11:21:14.376042,0.9565,0.957,0.956,0.001,121976.06999999999,99445.12
1771039454,2026-02-14T11:24:14.215827,0.9565,0.957,0.956,0.001,121929.18,99353.97
1771039634,2026-02-14T11:27:14.285201,0.9565,0.957,0.956,0.001,121649.12999999999,101653.97
1771039814,2026-02-14T11:30:14.406735,0.9565,0.957,0.956,0.001,121649.12999999999,101653.97
1771039994,2026-02-14T11:33:14.662669,0.9565,0.957,0.956,0.001,121556.81999999999,101561.66
1771040174,2026-02-14T11:36:14.566329,0.9565,0.957,0.956,0.001,121556.81999999999,101561.66
1771040354,2026-02-14T11:39:14.652494,0.9565,0.957,0.956,0.001,121404.53,101408.32
1771040534,2026-02-14T11:42:14.434791,0.9565,0.957,0.956,0.001,123866.37,101181.42
1771040714,2026-02-14T11:45:14.550246,0.9565,0.957,0.956,0.001,123513.64,100600.47
1771040894,2026-02-14T11:48:14.627796,0.9565,0.957,0.956,0.001,124459.4,100479.36
1771041074,2026-02-14T11:51:14.808846,0.9565,0.957,0.956,0.001,124459.4,100451.46
1771041259,2026-02-14T11:54:19.461896,0.9565,0.957,0.956,0.001,124203.53,100276.75
1771041434,2026-02-14T11:57:14.675294,0.9565,0.957,0.956,0.001,121421.81999999999,100085.04000000001
1771041614,2026-02-14T12:00:14.635626,0.9565,0.957,0.956,0.001,121761.34,100082.95
1771041794,2026-02-14T12:03:14.838428,0.9565,0.957,0.956,0.001,122872.34,100029.52
1771041974,2026-02-14T12:06:14.885473,0.9565,0.957,0.956,0.001,123237.04,100011.08
1771042155,2026-02-14T12:09:15.108771,0.9565,0.957,0.956,0.001,123309.48,99857.37
1771042334,2026-02-14T12:12:14.728941,0.9565,0.957,0.956,0.001,123235.37999999999,99719.82
1771042515,2026-02-14T12:15:15.054927,0.9565,0.957,0.956,0.001,122546.71999999999,99607.48
1771042695,2026-02-14T12:18:15.097876,0.956,0.957,0.955,0.002,132735.18,99645.49
1771042874,2026-02-14T12:21:14.851443,0.9565,0.957,0.956,0.001,119762.51999999999,99782.87
1771043054,2026-02-14T12:24:14.892524,0.9555,0.956,0.955,0.001,132730.74,98238.56
1771043235,2026-02-14T12:27:15.060406,0.956,0.957,0.955,0.002,132600.31,99509.08
1771043415,2026-02-14T12:30:15.222100,0.956,0.957,0.955,0.002,132600.31,99409.08
1771043595,2026-02-14T12:33:15.260924,0.956,0.957,0.955,0.002,132653.84,99221.54000000001
1771043775,2026-02-14T12:36:15.083439,0.956,0.957,0.955,0.002,132516.19999999998,99392.46
1771043955,2026-02-14T12:39:15.110804,0.956,0.957,0.955,0.002,132625.51,99474.82
1771044135,2026-02-14T12:42:15.065398,0.9565,0.957,0.956,0.001,119478.84,99247.35
1771044315,2026-02-14T12:45:15.029343,0.957,0.958,0.956,0.002,119909.33,152147.48
1771044495,2026-02-14T12:48:15.211377,0.9575,0.958,0.957,0.001,109794.31999999999,152147.48
1771044675,2026-02-14T12:51:15.242166,0.957,0.958,0.956,0.002,119799.26999999999,152047.43
1771044855,2026-02-14T12:54:15.265347,0.957,0.958,0.956,0.002,119849.37,146641.34
1771045035,2026-02-14T12:57:15.222275,0.957,0.958,0.956,0.002,119486.76,146593.31
1771045215,2026-02-14T13:00:15.436676,0.956,0.957,0.955,0.002,132751.33,93659.92
1771045395,2026-02-14T13:03:15.224529,0.956,0.957,0.955,0.002,132738.24,93716.83
1771045575,2026-02-14T13:06:15.256661,0.956,0.957,0.955,0.002,132688.24,93711.83
1771045755,2026-02-14T13:09:15.449630,0.956,0.957,0.955,0.002,132554.58,93671.77
1771045935,2026-02-14T13:12:15.456817,0.956,0.957,0.955,0.002,132469.07,93580.54000000001
1771046115,2026-02-14T13:15:15.412134,0.957,0.958,0.956,0.002,121724.5,148356.43
1771046295,2026-02-14T13:18:15.466720,0.957,0.958,0.956,0.002,121604.76999999999,148304.34
1771046475,2026-02-14T13:21:15.459921,0.9565,0.957,0.956,0.001,122140.43,95595.95
1771046655,2026-02-14T13:24:15.447024,0.9565,0.957,0.956,0.001,122185.59,95485.40000000001
1771046835,2026-02-14T13:27:15.655628,0.9565,0.957,0.956,0.001,122029.87999999999,95507.98
1771047015,2026-02-14T13:30:15.463969,0.9565,0.957,0.956,0.001,121967.70999999999,95494.91
1771047195,2026-02-14T13:33:15.590295,0.9565,0.957,0.956,0.001,122310.48999999999,95122.64
1771047375,2026-02-14T13:36:15.662849,0.9565,0.957,0.956,0.001,123122.76,95550.51000000001
1771047555,2026-02-14T13:39:15.622238,0.9565,0.957,0.956,0.001,126517.42,95545.17
1771047735,2026-02-14T13:42:15.624960,0.9565,0.957,0.956,0.001,126517.42,95545.17
1771047915,2026-02-14T13:45:15.649001,0.9565,0.957,0.956,0.001,126504.48999999999,95418.94
1771048095,2026-02-14T13:48:15.641268,0.9565,0.957,0.956,0.001,126956.01999999999,95427.24
1771048275,2026-02-14T13:51:15.623932,0.9565,0.957,0.956,0.001,126956.01999999999,95427.24
1771048455,2026-02-14T13:54:15.621901,0.9565,0.957,0.956,0.001,126856.01999999999,95527.24
1771048635,2026-02-14T13:57:15.668612,0.9565,0.957,0.956,0.001,127374.04999999999,95369.04000000001
1771048815,2026-02-14T14:00:15.777247,0.9565,0.957,0.956,0.001,127831.42,95326.41
1771048995,2026-02-14T14:03:15.776740,0.9565,0.957,0.956,0.001,127179.95999999999,95348.09
1771049175,2026-02-14T14:06:15.764696,0.9565,0.957,0.956,0.001,127434.29999999999,95276.41
1771049355,2026-02-14T14:09:15.868805,0.9565,0.957,0.956,0.001,129364.95,95032.07
1771049536,2026-02-14T14:12:16.287256,0.9565,0.957,0.956,0.001,126861.81,94996.56
1771049715,2026-02-14T14:15:15.772598,0.9565,0.957,0.956,0.001,126741.81,93558.93000000001
1771049896,2026-02-14T14:18:16.029036,0.9555,0.956,0.955,0.001,135175.11,91204.08
1771050075,2026-02-14T14:21:15.830184,0.9555,0.956,0.955,0.001,135106.47999999998,91120.05
1771050256,2026-02-14T14:24:16.100050,0.9555,0.956,0.955,0.001,134535.51,89858.92
1771050436,2026-02-14T14:27:16.034930,0.9555,0.956,0.955,0.001,134959.21,89865.42
1771050616,2026-02-14T14:30:16.090354,0.9555,0.956,0.955,0.001,135059.21,86008.14
1771050796,2026-02-14T14:33:16.251414,0.956,0.957,0.955,0.002,134874.34,87041.08
1771050976,2026-02-14T14:36:16.041381,0.956,0.957,0.955,0.002,137209.63999999998,86911.43000000001
1771051156,2026-02-14T14:39:16.072322,0.956,0.957,0.955,0.002,137252.19,86851.11
1771051336,2026-02-14T14:42:16.252655,0.9555,0.956,0.955,0.001,137498.91,85452.88
1771051516,2026-02-14T14:45:16.220274,0.9565,0.957,0.956,0.001,124693.22,86728.27
1771051696,2026-02-14T14:48:16.218321,0.9565,0.957,0.956,0.001,124501.42,86141.98
1771051876,2026-02-14T14:51:16.201293,0.9565,0.957,0.956,0.001,124355.78,85976.36
1771052056,2026-02-14T14:54:16.227147,0.9565,0.957,0.956,0.001,124455.78,85662.88
1771052236,2026-02-14T14:57:16.475836,0.9565,0.957,0.956,0.001,124406.2,85298.77
1771052416,2026-02-14T15:00:16.257071,0.956,0.957,0.955,0.002,137499.37,84771.15000000001
1771052596,2026-02-14T15:03:16.454266,0.956,0.957,0.955,0.002,137228.25,84901.87000000001
1771052776,2026-02-14T15:06:16.478603,0.956,0.957,0.955,0.002,137103.24,85025.90000000001
1771052956,2026-02-14T15:09:16.511063,0.9555,0.956,0.955,0.001,137061.18,84309.42
1771053136,2026-02-14T15:12:16.456215,0.9555,0.956,0.955,0.001,137061.18,84980.42
1771053316,2026-02-14T15:15:16.602295,0.9555,0.956,0.955,0.001,137061.18,84980.42
1771053496,2026-02-14T15:18:16.486122,0.9555,0.956,0.955,0.001,137104.56,84920.97
1771053680,2026-02-14T15:21:20.498127,0.9555,0.956,0.955,0.001,136825.5,84753.96
1771053856,2026-02-14T15:24:16.385197,0.9555,0.956,0.955,0.001,136372.72,84671.06
1771054041,2026-02-14T15:27:21.216837,0.956,0.957,0.955,0.002,134916.53,85667.83
1771054216,2026-02-14T15:30:16.451814,0.956,0.957,0.955,0.002,134823.43,85609.01000000001
1771054396,2026-02-14T15:33:16.434843,0.956,0.957,0.955,0.002,134810.19999999998,85603.89
1771054576,2026-02-14T15:36:16.672554,0.956,0.957,0.955,0.002,134810.19999999998,85503.89
1771054756,2026-02-14T15:39:16.710087,0.956,0.957,0.955,0.002,134601.71,85197.21
1771054936,2026-02-14T15:42:16.652542,0.956,0.957,0.955,0.002,134693.19,85188.7
1771055116,2026-02-14T15:45:16.678433,0.956,0.957,0.955,0.002,134639.33,85075.02
1771055296,2026-02-14T15:48:16.634592,0.9565,0.957,0.956,0.001,121907.48999999999,85019.79000000001
1771055476,2026-02-14T15:51:16.628519,0.9565,0.957,0.956,0.001,122007.48999999999,84724.06
1771055656,2026-02-14T15:54:16.571939,0.9575,0.958,0.957,0.001,118918.95,119706.52
1771055836,2026-02-14T15:57:16.944233,0.9575,0.958,0.957,0.001,123971.73,62092.420000000006
1771056016,2026-02-14T16:00:16.860113,0.9585,0.96,0.957,0.003,123862.84999999999,65288.14000000001
1771056196,2026-02-14T16:03:16.822177,0.9595,0.96,0.959,0.001,33486.21,12846.84
1771056376,2026-02-14T16:06:16.905027,0.9605,0.961,0.96,0.001,18528.63,13155.93
1771056556,2026-02-14T16:09:16.804571,0.9615,0.962,0.961,0.001,29402.07,19459.88
1771056736,2026-02-14T16:12:16.839302,0.9615,0.962,0.961,0.001,22861.94,19266.99
1771056916,2026-02-14T16:15:16.974318,0.9615,0.962,0.961,0.001,22893.17,19055.99
1771057096,2026-02-14T16:18:16.822377,0.9615,0.962,0.961,0.001,22947.36,18440.05
1771057277,2026-02-14T16:21:17.091890,0.9615,0.962,0.961,0.001,22748.44,18480.62
1771057457,2026-02-14T16:24:17.107172,0.9615,0.962,0.961,0.001,20870.09,19258.33
1771057637,2026-02-14T16:27:17.097020,0.9615,0.962,0.961,0.001,20828.59,69201.15
1771057817,2026-02-14T16:30:17.228503,0.9615,0.962,0.961,0.001,20786.31,68002.91
1771057997,2026-02-14T16:33:17.069740,0.9615,0.962,0.961,0.001,20791.68,71259.06
1771058177,2026-02-14T16:36:17.081296,0.9615,0.962,0.961,0.001,23042.219999999998,70736.59999999999
1771058357,2026-02-14T16:39:17.235017,0.9615,0.962,0.961,0.001,23497.219999999998,70069.59999999999
1771058537,2026-02-14T16:42:17.282747,0.9615,0.962,0.961,0.001,22389.01,70069.59
1771058717,2026-02-14T16:45:17.229509,0.9615,0.962,0.961,0.001,22399.01,70263.34999999999
1771058897,2026-02-14T16:48:17.285062,0.9615,0.962,0.961,0.001,22884.15,70158.48999999999
1771059077,2026-02-14T16:51:17.241961,0.9615,0.962,0.961,0.001,22872.39,70049.44
1771059257,2026-02-14T16:54:17.440700,0.9615,0.962,0.961,0.001,23195.44,67893.53
1771059441,2026-02-14T16:57:21.104663,0.9615,0.962,0.961,0.001,21899.4,67536.03
1771059617,2026-02-14T17:00:17.445517,0.9615,0.962,0.961,0.001,21499.4,67897.70999999999
1771059797,2026-02-14T17:03:17.489971,0.9615,0.962,0.961,0.001,22499.4,67917.70999999999
1771059977,2026-02-14T17:06:17.218717,0.9615,0.962,0.961,0.001,22499.4,68649.81
1771060157,2026-02-14T17:09:17.430196,0.9615,0.962,0.961,0.001,22158.67,68629.61
1771060337,2026-02-14T17:12:17.539512,0.9615,0.962,0.961,0.001,61990.54,68461.47
1771060517,2026-02-14T17:15:17.449574,0.9615,0.962,0.961,0.001,62090.54,68496.47
1771060697,2026-02-14T17:18:17.412684,0.9615,0.962,0.961,0.001,61894.45,73519.37999999999
1771060877,2026-02-14T17:21:17.444633,0.9615,0.962,0.961,0.001,61831.61,73438.41
1771061057,2026-02-14T17:24:17.636013,0.9615,0.962,0.961,0.001,60773.87,73391.29
1771061242,2026-02-14T17:27:22.370155,0.9615,0.962,0.961,0.001,59564.32,73540.06
1771061417,2026-02-14T17:30:17.881616,0.962,0.963,0.961,0.002,59256.32,61264.08
1771061597,2026-02-14T17:33:17.888333,0.9615,0.962,0.961,0.001,59811.48,61915.41
1771061777,2026-02-14T17:36:17.679575,0.9615,0.962,0.961,0.001,59751.630000000005,61901.03
1771061957,2026-02-14T17:39:17.645365,0.9615,0.962,0.961,0.001,60001.76,61544.94
1771062137,2026-02-14T17:42:17.683317,0.9615,0.962,0.961,0.001,60645.96,62221.240000000005
1771062317,2026-02-14T17:45:17.856406,0.9615,0.962,0.961,0.001,59845.85,61908.16
1771062497,2026-02-14T17:48:17.644343,0.962,0.963,0.961,0.002,60179.0,62321.72
1771062677,2026-02-14T17:51:17.781466,0.962,0.963,0.961,0.002,60152.67,62264.94
1771062857,2026-02-14T17:54:17.921331,0.962,0.963,0.961,0.002,60060.34,62152.62
1771063038,2026-02-14T17:57:18.001428,0.962,0.963,0.961,0.002,60148.34,61112.02
1771063221,2026-02-14T18:00:21.750184,0.962,0.963,0.961,0.002,62033.34,61067.02
1771063397,2026-02-14T18:03:17.842422,0.9625,0.963,0.962,0.001,46950.18,54617.07
1771063578,2026-02-14T18:06:18.067456,0.9615,0.962,0.961,0.001,64345.04,60898.49
1771063758,2026-02-14T18:09:18.055291,0.9615,0.962,0.961,0.001,68861.01000000001,58460.48
1771063938,2026-02-14T18:12:18.076716,0.9615,0.962,0.961,0.001,68571.99,58465.96000000001
1771064118,2026-02-14T18:15:18.222998,0.9615,0.962,0.961,0.001,67983.92,58637.64
1771064302,2026-02-14T18:18:22.695731,0.9615,,,0.001,67483.88,16910.4
1771064478,2026-02-14T18:21:18.076180,0.9615,0.962,0.961,0.001,77148.56,19118.15
1771064658,2026-02-14T18:24:18.061697,0.9615,0.962,0.961,0.001,76856.57,21239.11
1771064837,2026-02-14T18:27:17.915259,0.9625,0.963,0.962,0.001,74264.91,32580.93
1771065018,2026-02-14T18:30:18.220340,0.9625,0.963,0.962,0.001,74261.85,32479.87
1771065198,2026-02-14T18:33:18.281232,0.9625,0.963,0.962,0.001,74276.85,32508.36
1771065378,2026-02-14T18:36:18.093399,0.9625,0.963,0.962,0.001,74055.64,32401.07
1771065558,2026-02-14T18:39:18.223488,0.9625,0.963,0.962,0.001,64061.93,42239.229999999996
1771065738,2026-02-14T18:42:18.154111,0.9625,0.963,0.962,0.001,63977.19,42146.66
1771065918,2026-02-14T18:45:18.095879,0.9625,0.963,0.962,0.001,62643.619999999995,42245.62
1771066098,2026-02-14T18:48:18.213384,0.963,0.964,0.962,0.002,62256.43,79071.69
1771066278,2026-02-14T18:51:18.156753,0.963,0.964,0.962,0.002,62191.31,78883.25
1771066463,2026-02-14T18:54:23.025203,0.963,0.964,0.962,0.002,,
1771066638,2026-02-14T18:57:18.629161,0.9625,0.963,0.962,0.001,62407.0,30748.88
1771066818,2026-02-14T19:00:18.441426,0.963,0.964,0.962,0.002,62353.88,78840.74
1771066998,2026-02-14T19:03:18.526257,0.9625,0.963,0.962,0.001,63466.88,32431.41
1771067178,2026-02-14T19:06:18.460169,0.9625,0.963,0.962,0.001,63204.42,32405.25
1771067358,2026-02-14T19:09:18.248184,0.9625,0.963,0.962,0.001,63185.29,36233.11
1771067538,2026-02-14T19:12:18.434276,0.9625,0.963,0.962,0.001,63064.84,45539.97
1771067718,2026-02-14T19:15:18.470584,0.9625,0.963,0.962,0.001,62978.47,37108.32
1771067898,2026-02-14T19:18:18.640991,0.9625,0.963,0.962,0.001,62973.47,45448.54
1771068078,2026-02-14T19:21:18.610838,0.9625,0.963,0.962,0.001,62611.89,48615.770000000004
1771068258,2026-02-14T19:24:18.424624,0.9625,0.963,0.962,0.001,63195.11,48333.69
1771068438,2026-02-14T19:27:18.621988,0.9625,0.963,0.962,0.001,62246.13,47575.66
1771068618,2026-02-14T19:30:18.623765,0.9625,0.963,0.962,0.001,62220.38,49579.83
1771068803,2026-02-14T19:33:23.464374,0.9625,0.963,0.962,0.001,62198.85,49586.3
1771068978,2026-02-14T19:36:18.680703,0.9625,0.963,0.962,0.001,61778.26,50111.9
1771069158,2026-02-14T19:39:18.647320,0.9625,0.963,0.962,0.001,61734.63,50126.8
1771069343,2026-02-14T19:42:23.463875,0.9625,0.963,0.962,0.001,82255.01,45562.1
1771069518,2026-02-14T19:45:18.909280,0.9625,0.963,0.962,0.001,77189.8,36307.79
1771069698,2026-02-14T19:48:18.990000,0.9625,0.963,0.962,0.001,76204.76,35727.53
1771069878,2026-02-14T19:51:18.850863,0.9625,0.963,0.962,0.001,76118.82,35710.130000000005
1771070059,2026-02-14T19:54:19.097308,0.9625,0.963,0.962,0.001,75980.54000000001,35663.6
1771070238,2026-02-14T19:57:18.842608,0.9625,0.963,0.962,0.001,76301.56,45663.6
1771070418,2026-02-14T20:00:18.634116,0.9625,0.963,0.962,0.001,78611.6,43446.6
1771070598,2026-02-14T20:03:18.884711,0.9625,0.963,0.962,0.001,79070.94,38937.94
1771070778,2026-02-14T20:06:18.928425,0.9625,0.963,0.962,0.001,77169.6,36515.37
1771070959,2026-02-14T20:09:19.031547,0.9625,0.963,0.962,0.001,87949.95,36451.090000000004
1771071139,2026-02-14T20:12:19.063010,0.9625,0.963,0.962,0.001,87991.89,30638.850000000002
1771071319,2026-02-14T20:15:19.349997,0.9625,0.963,0.962,0.001,86633.51000000001,30698.690000000002
1771071499,2026-02-14T20:18:19.051712,0.9625,0.963,0.962,0.001,86633.51000000001,30697.65
1771071679,2026-02-14T20:21:19.085497,0.9625,0.963,0.962,0.001,86583.5,30420.38
1771071859,2026-02-14T20:24:19.243296,0.9625,0.963,0.962,0.001,86613.21,29282.09
1771072039,2026-02-14T20:27:19.265401,0.9625,0.963,0.962,0.001,85433.09,24668.33
1771072219,2026-02-14T20:30:19.273864,0.9625,0.963,0.962,0.001,85543.09,25277.77
1771072399,2026-02-14T20:33:19.255001,0.9625,0.963,0.962,0.001,85419.14,25204.370000000003
1771072579,2026-02-14T20:36:19.152167,0.9625,0.963,0.962,0.001,82664.56,25084.77
1771072759,2026-02-14T20:39:19.444828,0.9635,0.964,0.963,0.001,79050.74,71124.24
1771072939,2026-02-14T20:42:19.254490,0.9635,0.964,0.963,0.001,98995.37,70865.89
1771073119,2026-02-14T20:45:19.632747,0.9635,0.964,0.963,0.001,92864.73,70590.94
1771073299,2026-02-14T20:48:19.442377,0.9635,0.964,0.963,0.001,102927.34,70748.74
1771073479,2026-02-14T20:51:19.455713,0.9635,0.964,0.963,0.001,102898.5,70345.95
1771073664,2026-02-14T20:54:24.310005,0.9635,0.964,0.963,0.001,102898.5,79748.95
1771073839,2026-02-14T20:57:19.231796,0.9635,0.964,0.963,0.001,102782.16,72526.64
1771074019,2026-02-14T21:00:19.627626,0.9635,0.964,0.963,0.001,102663.62,86003.01
1771074199,2026-02-14T21:03:19.511265,0.9635,0.964,0.963,0.001,102286.25,85931.66
1771074379,2026-02-14T21:06:19.473513,0.9635,0.964,0.963,0.001,101983.45,85879.54
1771074559,2026-02-14T21:09:19.645703,0.9635,0.964,0.963,0.001,101474.79000000001,85989.54
1771074739,2026-02-14T21:12:19.637766,0.9635,0.964,0.963,0.001,101307.33,85957.22
1771074919,2026-02-14T21:15:19.453805,0.964,0.965,0.963,0.002,96970.19,177938.53
1771075099,2026-02-14T21:18:19.648381,0.964,0.965,0.963,0.002,96970.19,177937.49
1771075279,2026-02-14T21:21:19.684101,0.964,0.965,0.963,0.002,96970.19,177936.45
1771075459,2026-02-14T21:24:19.746138,0.9645,0.965,0.964,0.001,86928.19,177883.63999999998
1771075639,2026-02-14T21:27:19.623371,0.9645,0.965,0.964,0.001,86888.29000000001,177841.24
1771075819,2026-02-14T21:30:19.678886,0.9645,0.965,0.964,0.001,86863.33,168645.42
1771075999,2026-02-14T21:33:19.862817,0.964,0.965,0.963,0.002,96250.65,168867.16
1771076179,2026-02-14T21:36:19.824391,0.9635,0.964,0.963,0.001,96094.67,70399.61
1771076359,2026-02-14T21:39:19.668091,0.964,0.965,0.963,0.002,95948.41,170556.9
1771076540,2026-02-14T21:42:20.157155,0.964,0.965,0.963,0.002,94500.98,170496.16
1771076724,2026-02-14T21:45:24.464085,0.964,0.965,0.963,0.002,93797.62,170529.49
1771076899,2026-02-14T21:48:19.898847,0.964,0.965,0.963,0.002,93897.62,175510.13
1771077079,2026-02-14T21:51:19.850616,0.964,0.965,0.963,0.002,93589.03,175448.0
1771077259,2026-02-14T21:54:19.964979,0.964,0.965,0.963,0.002,93479.04000000001,176179.06
1771077439,2026-02-14T21:57:19.825900,0.964,0.965,0.963,0.002,82206.55,177749.72
1771077619,2026-02-14T22:00:19.904114,0.9635,0.964,0.963,0.001,64706.31,74028.77
1771077799,2026-02-14T22:03:19.972274,0.9635,0.964,0.963,0.001,64816.36,74546.77
1771077980,2026-02-14T22:06:20.049844,0.9635,0.964,0.963,0.001,63743.4,74498.62
1771078160,2026-02-14T22:09:20.224777,0.9635,0.964,0.963,0.001,63732.92,74512.44
1771078340,2026-02-14T22:12:20.060378,0.9635,0.964,0.963,0.001,63622.92,74502.44
1771078520,2026-02-14T22:15:20.069120,0.9635,0.964,0.963,0.001,63622.92,74602.44
1771078700,2026-02-14T22:18:20.037284,0.9635,0.964,0.963,0.001,63363.4,74675.78
1771078880,2026-02-14T22:21:20.055688,0.9635,0.964,0.963,0.001,62016.869999999995,75311.67
1771079065,2026-02-14T22:24:25.037798,0.9635,0.964,0.963,0.001,,
1771079240,2026-02-14T22:27:20.221166,0.9635,0.964,0.963,0.001,59222.18,74626.67
1771079420,2026-02-14T22:30:20.442330,0.9635,0.964,0.963,0.001,59027.77,74142.76
1771079600,2026-02-14T22:33:20.194158,0.9635,0.964,0.963,0.001,58962.32,74186.01
1771079780,2026-02-14T22:36:20.236549,0.9635,0.964,0.963,0.001,58952.1,74033.59
1771079960,2026-02-14T22:39:20.224121,0.9635,0.964,0.963,0.001,58552.1,82160.94
1771080140,2026-02-14T22:42:20.229255,0.9635,0.964,0.963,0.001,58552.1,82386.38
1771080320,2026-02-14T22:45:20.415258,0.9635,0.964,0.963,0.001,58406.85,82390.85
1771080500,2026-02-14T22:48:20.438381,0.9635,0.964,0.963,0.001,58268.909999999996,81924.91
1771080680,2026-02-14T22:51:20.331811,0.9635,0.964,0.963,0.001,58278.909999999996,82252.91
1771080860,2026-02-14T22:54:20.248248,0.9635,0.964,0.963,0.001,55191.909999999996,83797.55
1771081040,2026-02-14T22:57:20.454178,0.963,0.964,0.962,0.002,64974.76,80377.19
1771081225,2026-02-14T23:00:25.444142,0.963,0.964,0.962,0.002,64806.87,100899.64
1771081400,2026-02-14T23:03:20.430505,0.963,0.964,0.962,0.002,64429.92,90354.95
1771081580,2026-02-14T23:06:20.350576,0.9625,0.963,0.962,0.001,64234.14,41555.13
1771081760,2026-02-14T23:09:20.434736,0.962,0.963,0.961,0.002,68078.52,48422.08
1771081940,2026-02-14T23:12:20.617595,0.962,0.963,0.961,0.002,68018.94,47434.86
1771082120,2026-02-14T23:15:20.732516,0.962,0.963,0.961,0.002,68008.94,44488.68
1771082301,2026-02-14T23:18:21.281309,0.962,0.963,0.961,0.002,67435.17,44245.549999999996
1771082481,2026-02-14T23:21:21.419771,0.962,0.963,0.961,0.002,67435.17,48897.38
1771082660,2026-02-14T23:24:20.889861,0.962,0.963,0.961,0.002,67527.21,48388.29
1771082840,2026-02-14T23:27:20.861619,0.962,0.963,0.961,0.002,67515.59,48088.29
1771083020,2026-02-14T23:30:20.703443,0.962,0.963,0.961,0.002,67495.59,49047.03
1771083200,2026-02-14T23:33:20.704617,0.962,0.963,0.961,0.002,67454.32,48240.33
1771083381,2026-02-14T23:36:21.210378,0.9625,0.963,0.962,0.001,53113.37,48328.51
1771083561,2026-02-14T23:39:21.219956,0.9625,0.963,0.962,0.001,53111.44,48312.45
1771083741,2026-02-14T23:42:21.200730,0.9625,0.963,0.962,0.001,51917.8,54339.13
1771083921,2026-02-14T23:45:21.212323,0.962,0.963,0.961,0.002,67365.83,54128.72
1771084101,2026-02-14T23:48:21.220493,0.962,0.963,0.961,0.002,67380.68000000001,45389.72
1771084281,2026-02-14T23:51:21.046950,0.962,0.963,0.961,0.002,67380.68000000001,44489.29
1771084461,2026-02-14T23:54:21.222260,0.962,0.963,0.961,0.002,67060.82,48759.79
1771084641,2026-02-14T23:57:21.202085,0.962,0.963,0.961,0.002,74053.82,125809.2
1771084821,2026-02-15T00:00:21.113042,0.962,0.963,0.961,0.002,74053.82,137640.13
1771085001,2026-02-15T00:03:21.160814,0.9615,0.962,0.961,0.001,74053.82,53672.53
1771085181,2026-02-15T00:06:21.247410,0.962,0.963,0.961,0.002,74069.57,138585.51
1771085361,2026-02-15T00:09:21.157447,0.962,0.963,0.961,0.002,74081.57,138485.51
1771085541,2026-02-15T00:12:21.218610,0.962,0.963,0.961,0.002,58896.06,138367.58
1771085721,2026-02-15T00:15:21.229273,0.962,0.963,0.961,0.002,58834.87,138311.38999999998
1771085901,2026-02-15T00:18:21.096314,0.962,0.963,0.961,0.002,58834.87,138220.78
1771086081,2026-02-15T00:21:21.155807,0.962,0.963,0.961,0.002,58697.22,138420.78
1771086261,2026-02-15T00:24:21.104132,0.962,0.963,0.961,0.002,58802.22,138420.78
1771086441,2026-02-15T00:27:21.310397,0.962,0.963,0.961,0.002,58779.93,138320.82
1771086621,2026-02-15T00:30:21.447514,0.962,0.963,0.961,0.002,58722.630000000005,138124.47999999998
1771086805,2026-02-15T00:33:25.631014,0.962,0.963,0.961,0.002,58597.19,126078.12999999999
1771086981,2026-02-15T00:36:21.279643,0.962,0.963,0.961,0.002,58597.19,126018.12999999999
1771087161,2026-02-15T00:39:21.294383,0.962,0.963,0.961,0.002,58542.37,124556.87999999999
1771087341,2026-02-15T00:42:21.544877,0.962,0.963,0.961,0.002,58453.85,130393.06999999999
1771087521,2026-02-15T00:45:21.262106,0.962,0.963,0.961,0.002,58428.21,133727.13
1771087701,2026-02-15T00:48:21.662638,0.9615,0.962,0.961,0.001,58442.15,45181.909999999996
1771087881,2026-02-15T00:51:21.244652,0.9615,0.962,0.961,0.001,57488.06,43763.1
1771088061,2026-02-15T00:54:21.438733,0.9615,0.962,0.961,0.001,57501.020000000004,42784.81
1771088241,2026-02-15T00:57:21.674770,0.9615,0.962,0.961,0.001,57498.93,49870.7
1771088421,2026-02-15T01:00:21.498245,0.9615,0.962,0.961,0.001,57488.93,49670.7
1771088601,2026-02-15T01:03:21.448665,0.9615,0.962,0.961,0.001,57327.22,75380.99
1771088781,2026-02-15T01:06:21.445717,0.9615,0.962,0.961,0.001,57270.78,74379.34
1771088961,2026-02-15T01:09:21.602214,0.9615,0.962,0.961,0.001,57219.53,73819.09
1771089141,2026-02-15T01:12:21.678494,0.9615,0.962,0.961,0.001,57219.53,74247.09
1771089325,2026-02-15T01:15:25.472253,0.961,0.962,0.96,0.002,62370.16,74156.16
1771089501,2026-02-15T01:18:21.533782,0.961,0.962,0.96,0.002,62215.97,73943.34
1771089681,2026-02-15T01:21:21.663402,0.961,0.962,0.96,0.002,62090.97,73985.51999999999
1771089861,2026-02-15T01:24:21.669101,0.9605,0.961,0.96,0.001,62087.24,58546.35
1771090041,2026-02-15T01:27:21.701180,0.9605,0.961,0.96,0.001,62001.16,58440.28
1771090226,2026-02-15T01:30:26.470751,0.9605,,,0.001,61987.83,64003.42
1771090401,2026-02-15T01:33:21.674388,0.9605,0.961,0.96,0.001,62035.44,63303.42
1771090581,2026-02-15T01:36:21.611304,0.9605,0.961,0.96,0.001,62134.4,63202.37
1771090761,2026-02-15T01:39:21.699583,0.9605,0.961,0.96,0.001,62168.44,71729.55
1771090941,2026-02-15T01:42:21.719552,0.9605,0.961,0.96,0.001,62087.04,71668.15
1771091121,2026-02-15T01:45:21.906222,0.9605,0.961,0.96,0.001,61936.770000000004,71617.88
1771091301,2026-02-15T01:48:21.874169,0.96,0.961,0.959,0.002,74634.32,61823.89
1771091481,2026-02-15T01:51:21.855765,0.9595,0.96,0.959,0.001,74880.63,45781.89
1771091661,2026-02-15T01:54:21.848529,0.96,0.961,0.959,0.002,74663.62,59042.83
1771091841,2026-02-15T01:57:21.934810,0.9605,0.961,0.96,0.001,62031.47,58755.59
1771092022,2026-02-15T02:00:22.100630,0.9605,0.961,0.96,0.001,61979.42,68052.54
1771092201,2026-02-15T02:03:21.860261,0.9595,0.96,0.959,0.001,74763.62,64701.22
1771092381,2026-02-15T02:06:21.890825,0.96,0.961,0.959,0.002,74508.04000000001,82505.04000000001
1771092562,2026-02-15T02:09:22.020048,0.9595,0.96,0.959,0.001,74508.04000000001,70797.14
1771092742,2026-02-15T02:12:22.085752,0.9595,0.96,0.959,0.001,74408.38,70691.23
1771092922,2026-02-15T02:15:22.069205,0.9595,0.96,0.959,0.001,73201.02,70595.03
1771093102,2026-02-15T02:18:22.115632,0.9595,0.96,0.959,0.001,68131.43000000001,70457.36
1771093282,2026-02-15T02:21:22.158783,0.9595,0.96,0.959,0.001,67924.64,72149.28
1771093462,2026-02-15T02:24:22.241025,0.9595,0.96,0.959,0.001,67818.23,72040.71
1771093642,2026-02-15T02:27:22.098360,0.9595,0.96,0.959,0.001,67818.23,72040.71
1771093822,2026-02-15T02:30:22.303489,0.9595,0.96,0.959,0.001,67774.51,71996.99
1771094002,2026-02-15T02:33:22.232336,0.9595,0.96,0.959,0.001,67559.57,71890.46
1771094187,2026-02-15T02:36:27.101237,0.9595,0.96,0.959,0.001,67489.88,71787.45999999999
1771094362,2026-02-15T02:39:22.240972,0.9595,0.96,0.959,0.001,67381.41,72522.44
1771094542,2026-02-15T02:42:22.390500,0.9595,0.96,0.959,0.001,67226.35,72367.38
1771094722,2026-02-15T02:45:22.230185,0.9595,0.96,0.959,0.001,65170.41,72246.9
1771094902,2026-02-15T02:48:22.436988,0.9605,0.961,0.96,0.001,52825.2,77635.64
1771095082,2026-02-15T02:51:22.597115,0.9605,0.961,0.96,0.001,52877.590000000004,77576.43
1771095262,2026-02-15T02:54:22.460174,0.9605,0.961,0.96,0.001,52877.590000000004,77576.43
1771095442,2026-02-15T02:57:22.665673,0.9605,0.961,0.96,0.001,52833.49,69922.33
1771095622,2026-02-15T03:00:22.437066,0.9605,0.961,0.96,0.001,52790.04,69240.88
1771095802,2026-02-15T03:03:22.650305,0.9605,0.961,0.96,0.001,52790.04,69239.7
1771095982,2026-02-15T03:06:22.668296,0.9605,0.961,0.96,0.001,52726.51,69296.17
1771096162,2026-02-15T03:09:22.689129,0.9595,0.961,0.959,0.001,67774.68000000001,78117.7
1771096342,2026-02-15T03:12:22.706643,0.9595,0.96,0.959,0.001,67575.35,67302.25
1771096522,2026-02-15T03:15:22.474839,0.96,0.961,0.959,0.002,67177.32,78555.8
1771096702,2026-02-15T03:18:22.515554,0.959,0.96,0.958,0.002,104630.87,68064.15
1771096882,2026-02-15T03:21:22.652876,0.9585,0.959,0.958,0.001,104730.87,57447.72
1771097062,2026-02-15T03:24:22.654028,0.9595,0.96,0.959,0.001,70825.99,70171.78
1771097242,2026-02-15T03:27:22.630784,0.9595,0.96,0.959,0.001,70581.67,67410.64
1771097422,2026-02-15T03:30:22.662245,0.9595,0.96,0.959,0.001,70517.04000000001,67449.23
1771097602,2026-02-15T03:33:22.940715,0.9605,0.961,0.96,0.001,57886.14,78136.67
1771097782,2026-02-15T03:36:22.636107,0.9605,0.961,0.96,0.001,61582.020000000004,84080.75
1771097962,2026-02-15T03:39:22.690121,0.9605,0.961,0.96,0.001,61510.020000000004,83423.8
1771098143,2026-02-15T03:42:23.221739,0.9605,0.961,0.96,0.001,61253.06,83523.8
1771098323,2026-02-15T03:45:23.098681,0.9605,0.961,0.96,0.001,61079.65,85853.52
1771098503,2026-02-15T03:48:23.259323,0.9605,0.961,0.96,0.001,60967.33,85741.2
1771098683,2026-02-15T03:51:23.277164,0.9595,0.96,0.959,0.001,75965.11,71974.41
1771098862,2026-02-15T03:54:22.888387,0.9595,0.96,0.959,0.001,75357.84,72001.07
1771099043,2026-02-15T03:57:23.230006,0.9595,0.96,0.959,0.001,75347.85,71956.33
1771099223,2026-02-15T04:00:23.100438,0.9595,0.96,0.959,0.001,74505.08,78475.33
1771099403,2026-02-15T04:03:23.041135,0.9595,0.96,0.959,0.001,72232.84,75284.79
1771099583,2026-02-15T04:06:23.239537,0.9595,0.96,0.959,0.001,71835.15,77274.98999999999
1771099763,2026-02-15T04:09:23.196106,0.9595,0.96,0.959,0.001,71723.53,77597.06999999999
1771099943,2026-02-15T04:12:23.213996,0.9595,0.96,0.959,0.001,71555.25,77404.70999999999
1771100124,2026-02-15T04:15:24.096254,0.9595,0.96,0.959,0.001,71410.02,77415.1
1771100303,2026-02-15T04:18:23.224293,0.9595,0.96,0.959,0.001,71071.84,83228.81
1771100483,2026-02-15T04:21:23.237004,0.9585,0.959,0.958,0.001,104243.38,73441.53
1771100663,2026-02-15T04:24:23.273948,0.9585,0.959,0.958,0.001,104243.38,79217.53
1771100843,2026-02-15T04:27:23.255008,0.9585,0.959,0.958,0.001,104203.16,82143.1
1771101023,2026-02-15T04:30:23.434538,0.9585,0.959,0.958,0.001,104113.64,82125.18000000001
1771101203,2026-02-15T04:33:23.375759,0.9585,0.959,0.958,0.001,104061.29,76587.12999999999
1771101383,2026-02-15T04:36:23.674164,0.9585,0.959,0.958,0.001,103885.39,78780.3
1771101568,2026-02-15T04:39:28.241454,0.9585,,,0.001,103723.58,76604.67
1771101743,2026-02-15T04:42:23.510528,0.9585,0.959,0.958,0.001,103823.58,76475.01
1771101923,2026-02-15T04:45:23.503691,0.9585,0.959,0.958,0.001,103723.58,76463.20999999999
1771102103,2026-02-15T04:48:23.459605,0.9585,0.959,0.958,0.001,103661.06,76332.93
1771102463,2026-02-15T04:54:23.570648,0.9585,0.959,0.958,0.001,103525.94,81307.73
1771102643,2026-02-15T04:57:23.503883,0.9585,0.959,0.958,0.001,103625.94,81536.73
1771102827,2026-02-15T05:00:27.871744,0.9585,0.959,0.958,0.001,103572.93,81421.84
1771103003,2026-02-15T05:03:23.702683,0.9585,0.959,0.958,0.001,103287.23999999999,81421.84
1771103183,2026-02-15T05:06:23.660896,0.9585,0.959,0.958,0.001,103387.23999999999,81352.55
1771103363,2026-02-15T05:09:23.768794,0.9585,0.959,0.958,0.001,103342.53,81307.84
1771103543,2026-02-15T05:12:23.721411,0.9585,0.959,0.958,0.001,103204.13,79766.44
1771103723,2026-02-15T05:15:23.743811,0.9585,0.959,0.958,0.001,103204.13,80174.44
1771103903,2026-02-15T05:18:23.673924,0.9585,0.959,0.958,0.001,103077.83,80048.14
1771104083,2026-02-15T05:21:23.938861,0.9585,0.959,0.958,0.001,102881.69,80577.91
1771104263,2026-02-15T05:24:23.655845,0.9585,0.959,0.958,0.001,104773.86,80042.08
1771104444,2026-02-15T05:27:24.223297,0.9585,0.959,0.958,0.001,104773.86,79880.08
1771104623,2026-02-15T05:30:23.891428,0.9585,0.959,0.958,0.001,104773.86,79815.38
1771104804,2026-02-15T05:33:24.087011,0.9585,0.959,0.958,0.001,104591.98999999999,79693.83
1771105163,2026-02-15T05:39:23.704496,0.9585,0.959,0.958,0.001,104644.95,79594.77
1771105343,2026-02-15T05:42:23.926700,0.9595,0.96,0.959,0.001,74875.22,91615.97
1771105524,2026-02-15T05:45:24.248121,0.9595,0.96,0.959,0.001,74642.08,93267.3
1771105703,2026-02-15T05:48:23.785181,0.9595,0.96,0.959,0.001,74350.93000000001,93410.88
1771105883,2026-02-15T05:51:23.870916,0.9595,0.96,0.959,0.001,74233.47,93363.7
1771106063,2026-02-15T05:54:23.934292,0.9595,0.96,0.959,0.001,73805.94,93109.65
1771106243,2026-02-15T05:57:23.929007,0.9595,0.96,0.959,0.001,73667.72,93062.64
1771106424,2026-02-15T06:00:24.311655,0.9595,0.96,0.959,0.001,73579.47,92905.08
1771106604,2026-02-15T06:03:24.231170,0.9595,0.96,0.959,0.001,66912.59,85931.73
1771106783,2026-02-15T06:06:23.920347,0.959,0.96,0.958,0.002,104349.72,86378.23
1771106964,2026-02-15T06:09:24.232794,0.959,0.96,0.958,0.002,104188.75,80736.66
1771107144,2026-02-15T06:12:24.020458,0.959,0.96,0.958,0.002,104251.54,79873.70999999999
1771107324,2026-02-15T06:15:24.247427,0.959,0.96,0.958,0.002,104144.73999999999,80600.78
1771107504,2026-02-15T06:18:24.036416,0.959,0.96,0.958,0.002,103989.63,80466.78
1771107684,2026-02-15T06:21:24.224292,0.959,0.96,0.958,0.002,103979.19,80432.78
1771107864,2026-02-15T06:24:24.230495,0.959,0.96,0.958,0.002,113698.54,80210.23
1771108044,2026-02-15T06:27:24.266260,0.959,0.96,0.958,0.002,113698.54,80270.23
1771108224,2026-02-15T06:30:24.265361,0.959,0.96,0.958,0.002,112400.62999999999,79578.45
1771108404,2026-02-15T06:33:24.230655,0.959,0.96,0.958,0.002,112352.45,77314.43
1771108584,2026-02-15T06:36:24.259697,0.959,0.96,0.958,0.002,111750.56,86148.29
1771108764,2026-02-15T06:39:24.425284,0.9595,0.96,0.959,0.001,75506.35,86382.85
1771108944,2026-02-15T06:42:24.609198,0.9595,0.96,0.959,0.001,75626.35,85904.85
1771109124,2026-02-15T06:45:24.430558,0.9595,0.96,0.959,0.001,75856.35,86415.85
1771109304,2026-02-15T06:48:24.435066,0.9595,0.96,0.959,0.001,76056.35,79440.52
1771109484,2026-02-15T06:51:24.493872,0.9595,0.96,0.959,0.001,75944.08,86530.25
1771109664,2026-02-15T06:54:24.468759,0.9595,0.96,0.959,0.001,75812.13,86377.71
1771109844,2026-02-15T06:57:24.431711,0.9595,0.96,0.959,0.001,75562.62,86016.2
1771110024,2026-02-15T07:00:24.446654,0.9595,0.96,0.959,0.001,75519.77,85945.84
1771110204,2026-02-15T07:03:24.455863,0.9595,0.96,0.959,0.001,75157.14,86838.48
1771110384,2026-02-15T07:06:24.623106,0.9585,0.959,0.958,0.001,111877.28,71951.45
1771110564,2026-02-15T07:09:24.530260,0.9585,0.959,0.958,0.001,111779.95999999999,71863.0
1771110744,2026-02-15T07:12:24.632724,0.9585,0.959,0.958,0.001,111592.06,71292.15
1771110924,2026-02-15T07:15:24.645280,0.9585,0.959,0.958,0.001,112097.29999999999,70804.33
1771111104,2026-02-15T07:18:24.668040,0.9585,0.959,0.958,0.001,112133.09999999999,70940.17
1771111284,2026-02-15T07:21:24.650070,0.9585,0.959,0.958,0.001,111990.45999999999,69915.36
1771111464,2026-02-15T07:24:24.623747,0.959,0.96,0.958,0.002,110942.81,79448.71
1771111644,2026-02-15T07:27:24.635640,0.959,0.96,0.958,0.002,110818.93,79538.87
1771111824,2026-02-15T07:30:24.853105,0.959,0.96,0.958,0.002,110812.25,79537.82
1771112004,2026-02-15T07:33:24.637663,0.959,0.96,0.958,0.002,110812.25,79387.09
1771112184,2026-02-15T07:36:24.881346,0.959,0.96,0.958,0.002,110778.31,79152.15
1771112364,2026-02-15T07:39:24.888285,0.959,0.96,0.958,0.002,110978.31,81174.15
1771112544,2026-02-15T07:42:24.869065,0.9585,0.959,0.958,0.001,111032.79999999999,62020.8
1771112724,2026-02-15T07:45:24.732396,0.9585,0.959,0.958,0.001,111032.79999999999,64062.8
1771112904,2026-02-15T07:48:24.875567,0.959,0.96,0.958,0.002,111032.79999999999,77120.67
1771113084,2026-02-15T07:51:24.709365,0.9595,0.96,0.959,0.001,73797.56,87496.45999999999
1771113265,2026-02-15T07:54:25.221519,0.9595,0.96,0.959,0.001,73797.56,87490.83
1771113445,2026-02-15T07:57:25.108178,0.9595,0.96,0.959,0.001,73599.69,87446.79000000001
1771113625,2026-02-15T08:00:25.091741,0.9595,0.96,0.959,0.001,73698.95999999999,87442.62
1771113805,2026-02-15T08:03:25.086341,0.9595,0.96,0.959,0.001,73692.81,87436.47
1771113985,2026-02-15T08:06:25.235630,0.9595,0.96,0.959,0.001,73737.55,87384.98
1771114165,2026-02-15T08:09:25.085943,0.9595,0.96,0.959,0.001,73648.25,87341.14
1771114344,2026-02-15T08:12:24.955541,0.9595,0.96,0.959,0.001,73753.4,87296.29000000001
1771114525,2026-02-15T08:15:25.229781,0.9595,0.96,0.959,0.001,74953.4,87249.29000000001
1771114705,2026-02-15T08:18:25.259225,0.9595,0.96,0.959,0.001,73709.63,87205.52
1771114885,2026-02-15T08:21:25.185651,0.9595,0.96,0.959,0.001,73615.39,87095.45
1771115065,2026-02-15T08:24:25.174627,0.9595,0.96,0.959,0.001,73449.98,87030.21
1771115245,2026-02-15T08:27:25.226525,0.9595,0.96,0.959,0.001,73284.75,87030.21
1771115425,2026-02-15T08:30:25.286737,0.9585,0.959,0.958,0.001,111279.68,73628.38
1771115605,2026-02-15T08:33:25.080410,0.9585,0.959,0.958,0.001,111279.68,73678.38
1771115785,2026-02-15T08:36:25.663713,0.9585,0.959,0.958,0.001,110576.59,73208.05
1771115965,2026-02-15T08:39:25.142621,0.9585,0.959,0.958,0.001,111146.36,73508.07
1771116145,2026-02-15T08:42:25.479333,0.9585,0.959,0.958,0.001,110987.37,73508.34
1771116325,2026-02-15T08:45:25.432683,0.9585,0.959,0.958,0.001,110810.44,73343.39
1771116505,2026-02-15T08:48:25.214668,0.9585,0.959,0.958,0.001,110752.75,72812.74
1771116685,2026-02-15T08:51:25.437929,0.959,0.96,0.958,0.002,109904.23999999999,87289.8
1771116865,2026-02-15T08:54:25.496462,0.959,0.96,0.958,0.002,109926.23999999999,87249.45999999999
1771117045,2026-02-15T08:57:25.829838,0.959,0.96,0.958,0.002,109968.59999999999,87133.31
1771117225,2026-02-15T09:00:25.637941,0.959,0.96,0.958,0.002,109790.09,78480.18
1771117405,2026-02-15T09:03:25.457217,0.959,0.96,0.958,0.002,109790.09,78968.31
1771117585,2026-02-15T09:06:25.655874,0.959,0.96,0.958,0.002,105874.95999999999,78968.31
1771117765,2026-02-15T09:09:25.647654,0.959,0.96,0.958,0.002,105974.95999999999,78791.29
1771117945,2026-02-15T09:12:25.415417,0.959,0.96,0.958,0.002,105851.65,78870.09
1771118125,2026-02-15T09:15:25.494655,0.959,0.96,0.958,0.002,105734.09999999999,78340.98
1771118305,2026-02-15T09:18:25.583660,0.959,0.96,0.958,0.002,105606.45,77988.88
1771118485,2026-02-15T09:21:25.418509,0.959,0.96,0.958,0.002,105650.56999999999,78082.26000000001
1771118665,2026-02-15T09:24:25.651841,0.9595,0.96,0.959,0.001,68358.31999999999,85739.56
1771118846,2026-02-15T09:27:26.097268,0.9595,0.96,0.959,0.001,68378.92,85745.53
1771119030,2026-02-15T09:30:30.236873,0.9595,0.96,0.959,0.001,68242.11,77951.83
1771119205,2026-02-15T09:33:25.813663,0.9595,0.96,0.959,0.001,68214.89,77733.57
1771119385,2026-02-15T09:36:25.855504,0.9595,0.96,0.959,0.001,68098.08,77633.45
1771119565,2026-02-15T09:39:25.927226,0.9595,0.96,0.959,0.001,68198.08,86090.7
1771119745,2026-02-15T09:42:25.824033,0.96,0.961,0.959,0.002,68422.94,79363.06
1771119929,2026-02-15T09:45:29.914714,0.96,0.961,0.959,0.002,68466.9,71106.07
1771120105,2026-02-15T09:48:25.871004,0.9595,0.96,0.959,0.001,68496.38,59469.83
1771120286,2026-02-15T09:51:26.086996,0.96,0.961,0.959,0.002,68271.26,70238.73
1771120465,2026-02-15T09:54:25.912100,0.9595,0.96,0.959,0.001,68686.92,60309.619999999995
1771120646,2026-02-15T09:57:26.025001,0.9595,0.96,0.959,0.001,68697.16,60720.19
1771120826,2026-02-15T10:00:26.164207,0.9595,0.96,0.959,0.001,68516.09,61221.39
1771121005,2026-02-15T10:03:25.983319,0.9595,0.96,0.959,0.001,68280.87,61005.87
1771121186,2026-02-15T10:06:26.055602,0.9595,0.96,0.959,0.001,68247.9,61055.87
1771121366,2026-02-15T10:09:26.075138,0.9595,0.96,0.959,0.001,68124.22,60477.37
1771121546,2026-02-15T10:12:26.084514,0.9595,0.96,0.959,0.001,68347.85,60437.07
1771121725,2026-02-15T10:15:25.853711,0.959,0.96,0.958,0.002,105998.15999999999,69840.95
1771121906,2026-02-15T10:18:26.230968,0.959,0.96,0.958,0.002,105419.58,71225.70999999999
1771122086,2026-02-15T10:21:26.308918,0.959,0.96,0.958,0.002,105478.25,71263.77
1771122266,2026-02-15T10:24:26.004467,0.959,0.96,0.958,0.002,105478.26,70551.39
1771122446,2026-02-15T10:27:26.304530,0.959,0.96,0.958,0.002,105410.68,70712.73
1771122626,2026-02-15T10:30:26.232488,0.959,0.96,0.958,0.002,105410.68,70446.82
1771122806,2026-02-15T10:33:26.150153,0.9595,0.96,0.959,0.001,67637.98,70446.87
1771122986,2026-02-15T10:36:26.191013,0.959,0.96,0.958,0.002,105263.56,70347.73
1771123166,2026-02-15T10:39:26.312843,0.9595,0.96,0.959,0.001,67753.95,70244.64
1771123346,2026-02-15T10:42:26.195792,0.959,0.96,0.958,0.002,104734.44,69702.3
1771123526,2026-02-15T10:45:26.402097,0.9595,0.96,0.959,0.001,67491.74,69287.28
1771123706,2026-02-15T10:48:26.420299,0.9595,0.96,0.959,0.001,67591.74,69254.45999999999
1771123886,2026-02-15T10:51:26.340253,0.9595,0.96,0.959,0.001,67591.74,69912.39
1771124066,2026-02-15T10:54:26.267933,0.959,0.96,0.958,0.002,103160.15,76407.05
1771124246,2026-02-15T10:57:26.447767,0.959,0.96,0.958,0.002,103054.97,76631.2
1771124426,2026-02-15T11:00:26.644442,0.9595,0.96,0.959,0.001,77278.37,81853.33
1771124606,2026-02-15T11:03:26.865796,0.9595,0.96,0.959,0.001,77161.36,81771.53
1771124786,2026-02-15T11:06:26.667663,0.9605,0.961,0.96,0.001,42449.26,85198.08
1771125146,2026-02-15T11:12:26.450524,0.9605,0.961,0.96,0.001,43203.15,84746.2
1771125326,2026-02-15T11:15:26.654074,0.9605,0.961,0.96,0.001,42517.29,81744.87
1771125506,2026-02-15T11:18:26.575105,0.96,0.961,0.959,0.002,67166.22,72167.64
1771125686,2026-02-15T11:21:26.656954,0.9595,0.96,0.959,0.001,67698.22,61929.0
1771125866,2026-02-15T11:24:26.649970,0.9595,0.96,0.959,0.001,68213.93,62580.0
1771126046,2026-02-15T11:27:26.560892,0.96,0.961,0.959,0.002,68062.42,74033.03
1771126227,2026-02-15T11:30:27.056737,0.9605,0.961,0.96,0.001,42728.22,73341.44
1771126406,2026-02-15T11:33:26.850463,0.9595,0.96,0.959,0.001,66867.23999999999,56607.79
1771126590,2026-02-15T11:36:30.826741,0.959,0.96,0.958,0.002,102686.11,56470.79
1771126766,2026-02-15T11:39:26.881707,0.959,0.96,0.958,0.002,102627.94,56912.62
1771126947,2026-02-15T11:42:27.082831,0.959,0.96,0.958,0.002,102033.94,62280.15
1771127131,2026-02-15T11:45:31.053183,0.959,0.96,0.958,0.002,103035.65999999999,63116.509999999995
1771127306,2026-02-15T11:48:26.775110,0.959,0.96,0.958,0.002,102235.61,64160.509999999995
1771127486,2026-02-15T11:51:26.847980,0.9585,0.959,0.958,0.001,102235.61,50183.78
1771127667,2026-02-15T11:54:27.044450,0.9585,0.959,0.958,0.001,101066.39,48486.369999999995
1771127846,2026-02-15T11:57:26.868206,0.9585,0.959,0.958,0.001,101011.26,50994.509999999995
1771128027,2026-02-15T12:00:27.099597,0.9585,0.959,0.958,0.001,101011.26,51043.64
1771128211,2026-02-15T12:03:31.241197,0.9575,0.958,0.957,0.001,157736.93,38109.59
1771128386,2026-02-15T12:06:26.982950,0.9575,0.958,0.957,0.001,159956.05,39900.87
1771128567,2026-02-15T12:09:27.041277,0.9575,0.958,0.957,0.001,152071.21,39937.99
1771128747,2026-02-15T12:12:27.061623,0.9575,0.958,0.957,0.001,149701.12,42628.56
1771128926,2026-02-15T12:15:26.973297,0.9575,0.958,0.957,0.001,148411.37,42749.49
1771129107,2026-02-15T12:18:27.044326,0.9575,0.958,0.957,0.001,146946.13,42384.92
1771129287,2026-02-15T12:21:27.441071,0.9575,0.958,0.957,0.001,146894.16,42639.71
1771129467,2026-02-15T12:24:27.040180,0.9575,0.958,0.957,0.001,145725.72,39236.5
1771129647,2026-02-15T12:27:27.300133,0.9575,0.958,0.957,0.001,145675.53,39367.39
1771129827,2026-02-15T12:30:27.624750,0.957,0.958,0.956,0.002,187709.15,37820.61
1771130007,2026-02-15T12:33:27.306852,0.961,0.962,0.96,0.002,34794.75,60026.09
1771130187,2026-02-15T12:36:27.217532,0.9595,0.96,0.959,0.001,61246.549999999996,19902.55
1771130367,2026-02-15T12:39:27.462458,0.959,0.96,0.958,0.002,101504.22,27766.420000000002
1771130547,2026-02-15T12:42:27.590760,0.959,0.96,0.958,0.002,101604.22,28085.010000000002
1771130727,2026-02-15T12:45:27.440076,0.959,0.96,0.958,0.002,101642.33,19806.75
1771130907,2026-02-15T12:48:27.464966,0.959,0.96,0.958,0.002,101677.33,20326.52
1771131087,2026-02-15T12:51:27.463596,0.96,0.961,0.959,0.002,64106.18,28221.45
1771131267,2026-02-15T12:54:27.662158,0.9595,0.96,0.959,0.001,66106.18,18644.54
1771131447,2026-02-15T12:57:27.489893,0.9585,0.959,0.958,0.001,103723.95999999999,12859.09
1771131627,2026-02-15T13:00:27.641275,0.959,0.96,0.958,0.002,103222.06999999999,19193.45
1771131807,2026-02-15T13:03:27.427852,0.9585,0.959,0.958,0.001,103157.26999999999,12918.8
1771131987,2026-02-15T13:06:27.634899,0.9585,0.959,0.958,0.001,103464.04,12266.57
1771132167,2026-02-15T13:09:27.832311,0.959,0.96,0.958,0.002,103240.69,19071.31
1771132347,2026-02-15T13:12:27.728031,0.96,0.961,0.959,0.002,65077.49,31084.31
1771132527,2026-02-15T13:15:27.634198,0.9605,0.961,0.96,0.001,41854.340000000004,36249.4
1771132707,2026-02-15T13:18:27.704456,0.9605,0.961,0.96,0.001,41959.61,36002.22
1771132887,2026-02-15T13:21:27.820226,0.9595,0.96,0.959,0.001,65613.53,24964.9
1771133067,2026-02-15T13:24:27.864280,0.9595,0.96,0.959,0.001,64157.1,24982.510000000002
1771133247,2026-02-15T13:27:27.957215,0.961,0.962,0.96,0.002,41036.840000000004,65040.53
1771133427,2026-02-15T13:30:27.867674,0.961,0.962,0.96,0.002,40886.75,64870.310000000005
1771133607,2026-02-15T13:33:27.688666,0.9605,0.961,0.96,0.001,40944.06,35860.07
1771133787,2026-02-15T13:36:27.826879,0.9595,0.96,0.959,0.001,64366.96,36800.61
1771133968,2026-02-15T13:39:28.058606,0.959,0.96,0.958,0.002,102432.83,24960.56
1771134148,2026-02-15T13:42:28.222004,0.9605,0.961,0.96,0.001,41017.71,36172.98
1771134327,2026-02-15T13:45:27.885668,0.96,0.961,0.959,0.002,54934.11,66040.99
1771134508,2026-02-15T13:48:28.027357,0.9605,0.961,0.96,0.001,32344.38,32911.57
1771134688,2026-02-15T13:51:28.097918,0.9605,0.961,0.96,0.001,32428.79,56863.87
1771134868,2026-02-15T13:54:28.050376,0.9595,0.96,0.959,0.001,56104.77,27582.22
1771135048,2026-02-15T13:57:28.144268,0.9605,0.961,0.96,0.001,34132.03,32012.22
1771135228,2026-02-15T14:00:28.089770,0.9605,0.961,0.96,0.001,34200.22,31943.45
1771135407,2026-02-15T14:03:27.973838,0.9605,0.961,0.96,0.001,34485.24,28794.8
1771135588,2026-02-15T14:06:28.070064,0.9605,0.961,0.96,0.001,31615.54,28643.47
1771135768,2026-02-15T14:09:28.082705,0.9605,0.961,0.96,0.001,31407.65,28996.58
1771135948,2026-02-15T14:12:28.448409,0.9605,0.961,0.96,0.001,30446.65,31094.89
1771136128,2026-02-15T14:15:28.220898,0.9605,0.961,0.96,0.001,33646.99,33372.25
1771136308,2026-02-15T14:18:28.152560,0.959,0.96,0.958,0.002,94599.95999999999,22549.52
1771136488,2026-02-15T14:21:28.243826,0.959,0.96,0.958,0.002,94433.36,22737.46
1771136668,2026-02-15T14:24:28.216526,0.9595,0.96,0.959,0.001,56608.24,22697.239999999998
1771136848,2026-02-15T14:27:28.234730,0.9595,0.96,0.959,0.001,56621.24,23379.239999999998
1771137028,2026-02-15T14:30:28.307698,0.9595,0.96,0.959,0.001,56596.84,26044.239999999998
1771137208,2026-02-15T14:33:28.460565,0.9595,0.96,0.959,0.001,56565.1,30724.9
1771137388,2026-02-15T14:36:28.238466,0.9595,0.96,0.959,0.001,56422.35,30448.82
1771137568,2026-02-15T14:39:28.439718,0.9595,0.96,0.959,0.001,56378.36,30404.83
1771137748,2026-02-15T14:42:28.464679,0.9595,0.96,0.959,0.001,56591.549999999996,29528.27
1771137928,2026-02-15T14:45:28.395338,0.9595,0.96,0.959,0.001,57091.549999999996,29997.33
1771138108,2026-02-15T14:48:28.454062,0.9595,0.96,0.959,0.001,57034.22,30037.33
1771138288,2026-02-15T14:51:28.571521,0.9595,0.96,0.959,0.001,56974.53,29992.64
1771138468,2026-02-15T14:54:28.619716,0.9595,0.96,0.959,0.001,56994.21,29992.64
1771138648,2026-02-15T14:57:28.644311,0.9595,0.96,0.959,0.001,56906.99,31346.78
1771138828,2026-02-15T15:00:28.690611,0.9595,0.96,0.959,0.001,56812.03,31616.82
1771139008,2026-02-15T15:03:28.602123,0.9595,0.96,0.959,0.001,56812.03,31616.82
1771139188,2026-02-15T15:06:28.640185,0.9595,0.96,0.959,0.001,56812.03,31616.82
1771139368,2026-02-15T15:09:28.622982,0.9595,0.96,0.959,0.001,56857.6,29477.39
1771139548,2026-02-15T15:12:28.091443,0.9595,0.96,0.959,0.001,56757.6,31477.39
1771139727,2026-02-15T15:15:27.735978,0.9595,0.96,0.959,0.001,56757.6,28940.760000000002
1771139908,2026-02-15T15:18:28.107799,0.9595,0.96,0.959,0.001,56705.22,33324.71
1771140088,2026-02-15T15:21:28.066443,0.9595,0.96,0.959,0.001,56712.53,33097.47
1771140267,2026-02-15T15:24:27.872058,0.959,0.96,0.958,0.002,94588.68,28502.16
1771140447,2026-02-15T15:27:27.760444,0.9585,0.959,0.958,0.001,89640.59,26698.07
1771140627,2026-02-15T15:30:27.838142,0.9585,0.959,0.958,0.001,89595.83,22837.88
1771140811,2026-02-15T15:33:31.886121,0.9585,0.959,0.958,0.001,89594.75,26075.63
1771140988,2026-02-15T15:36:28.012969,0.9585,0.959,0.958,0.001,89494.75,26029.63
1771141168,2026-02-15T15:39:28.078018,0.9585,0.959,0.958,0.001,86620.95999999999,19257.3
1771141348,2026-02-15T15:42:28.060963,0.9585,0.959,0.958,0.001,86556.40999999999,19545.83
1771141528,2026-02-15T15:45:28.086455,0.9585,0.959,0.958,0.001,86681.04999999999,19765.83
1771141708,2026-02-15T15:48:28.072511,0.9585,0.959,0.958,0.001,86624.69,19647.47
1771141887,2026-02-15T15:51:27.870243,0.9585,0.959,0.958,0.001,86624.69,19453.47
1771142068,2026-02-15T15:54:28.056216,0.9585,0.959,0.958,0.001,86303.34999999999,18007.15
1771142248,2026-02-15T15:57:28.279191,0.9585,0.959,0.958,0.001,86238.87999999999,20369.61
1771142428,2026-02-15T16:00:28.222817,0.9585,0.959,0.958,0.001,86326.54,18374.440000000002
1771142608,2026-02-15T16:03:28.238374,0.9585,0.959,0.958,0.001,86226.54,16274.44
1771142788,2026-02-15T16:06:28.478698,0.9595,0.96,0.959,0.001,49522.42,26539.13
1771142968,2026-02-15T16:09:28.454460,0.9585,0.959,0.958,0.001,88007.23,20671.21
1771143148,2026-02-15T16:12:28.389003,0.9585,0.959,0.958,0.001,86964.87,22606.33
1771143328,2026-02-15T16:15:28.512173,0.9585,0.959,0.958,0.001,86864.12,22501.62
1771143508,2026-02-15T16:18:28.422363,0.9585,0.959,0.958,0.001,86779.61,22704.37
1771143688,2026-02-15T16:21:28.509079,0.9585,0.959,0.958,0.001,86686.31999999999,17141.5
1771143868,2026-02-15T16:24:28.459106,0.9585,0.959,0.958,0.001,86533.56999999999,21047.65
1771144048,2026-02-15T16:27:28.365708,0.9585,0.959,0.958,0.001,87599.69,20901.09
1771144228,2026-02-15T16:30:28.417712,0.9585,0.959,0.958,0.001,87690.42,15464.09
1771144408,2026-02-15T16:33:28.429500,0.959,0.96,0.958,0.002,88380.08,18745.170000000002
1771144588,2026-02-15T16:36:28.490192,0.959,0.96,0.958,0.002,88327.34,21246.59
1771144768,2026-02-15T16:39:28.694039,0.959,0.96,0.958,0.002,88527.34,21555.38
1771144948,2026-02-15T16:42:28.577922,0.959,0.96,0.958,0.002,88423.37,21503.87
1771145128,2026-02-15T16:45:28.643296,0.959,0.96,0.958,0.002,90274.79,20938.31
1771145308,2026-02-15T16:48:28.675208,0.959,0.96,0.958,0.002,90770.59999999999,20976.95
1771145488,2026-02-15T16:51:28.640116,0.9595,0.96,0.959,0.001,63661.59,22060.71
1771145668,2026-02-15T16:54:28.839882,0.9595,0.96,0.959,0.001,63565.75,22998.870000000003
1771145848,2026-02-15T16:57:28.628193,0.9595,0.96,0.959,0.001,63023.53,19642.14
1771146028,2026-02-15T17:00:28.708142,0.9595,0.96,0.959,0.001,62485.299999999996,19925.65
1771146208,2026-02-15T17:03:28.772170,0.9595,0.96,0.959,0.001,60443.939999999995,23281.72
1771146388,2026-02-15T17:06:28.928983,0.9595,0.96,0.959,0.001,60338.29,35051.23
1771146568,2026-02-15T17:09:28.756647,0.9595,0.96,0.959,0.001,59744.45,35051.23
1771146748,2026-02-15T17:12:28.921297,0.9595,0.96,0.959,0.001,59616.13,35039.5
1771146928,2026-02-15T17:15:28.821485,0.9595,0.96,0.959,0.001,59520.15,34955.6
1771147108,2026-02-15T17:18:28.988944,0.9595,0.96,0.959,0.001,59790.61,37931.65
1771147288,2026-02-15T17:21:28.819035,0.9595,0.96,0.959,0.001,59533.799999999996,35203.55
1771147469,2026-02-15T17:24:29.082969,0.9595,0.96,0.959,0.001,59536.72,37263.47
1771147649,2026-02-15T17:27:29.233534,0.9595,0.96,0.959,0.001,59796.53,36705.82
1771147828,2026-02-15T17:30:28.965151,0.9595,0.96,0.959,0.001,61649.54,37115.82
1771148008,2026-02-15T17:33:28.998049,0.9595,0.96,0.959,0.001,59162.43,29791.210000000003
1771148189,2026-02-15T17:36:29.163855,0.9595,0.96,0.959,0.001,59122.909999999996,30140.81
1771148369,2026-02-15T17:39:29.231191,0.9595,0.96,0.959,0.001,62769.19,35039.48
1771148549,2026-02-15T17:42:29.088540,0.9595,0.96,0.959,0.001,62661.44,34860.340000000004
1771148729,2026-02-15T17:45:29.225418,0.9595,0.96,0.959,0.001,61483.14,37616.83
1771148908,2026-02-15T17:48:28.985205,0.9595,0.96,0.959,0.001,61483.14,38044.83
1771149089,2026-02-15T17:51:29.676048,0.9595,0.96,0.959,0.001,61441.28,39950.77
1771149269,2026-02-15T17:54:29.233796,0.9595,0.96,0.959,0.001,56349.36,39858.86
1771149449,2026-02-15T17:57:29.413420,0.9585,0.959,0.958,0.001,85805.16,35626.73
1771149629,2026-02-15T18:00:29.232348,0.9585,0.959,0.958,0.001,85806.34,36026.95
1771149809,2026-02-15T18:03:29.430999,0.9575,0.958,0.957,0.001,142901.36,27857.07
1771149989,2026-02-15T18:06:29.224677,0.9575,0.958,0.957,0.001,142768.32,27907.38
1771150169,2026-02-15T18:09:29.305665,0.9575,0.958,0.957,0.001,142682.44,27786.66
1771150349,2026-02-15T18:12:29.432722,0.9575,0.958,0.957,0.001,142604.08,27872.92
1771150529,2026-02-15T18:15:29.430677,0.9575,0.958,0.957,0.001,142604.08,27389.26
1771150709,2026-02-15T18:18:29.456706,0.9575,0.958,0.957,0.001,142571.77,27743.95
1771150889,2026-02-15T18:21:29.492452,0.9575,0.958,0.957,0.001,142474.05,27646.23
1771151069,2026-02-15T18:24:29.433380,0.9575,0.958,0.957,0.001,147529.38,27464.38
1771151249,2026-02-15T18:27:29.524353,0.9575,0.958,0.957,0.001,149797.82,28726.75
1771151429,2026-02-15T18:30:29.608744,0.9575,0.958,0.957,0.001,149613.11,29784.83
1771151609,2026-02-15T18:33:29.682171,0.9575,0.958,0.957,0.001,149713.11,29783.26
1771151799,2026-02-15T18:36:39.623766,0.9575,0.958,0.957,0.001,149664.22,28933.35
1771151969,2026-02-15T18:39:29.676263,0.9575,0.958,0.957,0.001,149604.68,28800.76
1771152149,2026-02-15T18:42:29.734644,0.9575,0.958,0.957,0.001,148355.8,30868.23
1771152329,2026-02-15T18:45:29.563466,0.9575,0.958,0.957,0.001,148293.50999999998,30853.41
1771152509,2026-02-15T18:48:29.610554,0.9575,0.958,0.957,0.001,148202.61,30192.05
1771152689,2026-02-15T18:51:29.619519,0.9575,0.958,0.957,0.001,148202.61,30107.949999999997
1771152869,2026-02-15T18:54:29.881751,0.9575,0.958,0.957,0.001,147716.77,30697.41
1771153049,2026-02-15T18:57:29.871832,0.9575,0.958,0.957,0.001,147648.3,26098.0
1771153229,2026-02-15T19:00:29.822954,0.9585,0.959,0.958,0.001,90695.19,38256.7
1771153410,2026-02-15T19:03:30.097203,0.9585,0.959,0.958,0.001,90655.89,38361.7
1771153589,2026-02-15T19:06:29.884745,0.9575,0.958,0.957,0.001,146602.62,28598.48
1771153770,2026-02-15T19:09:30.068584,0.9575,0.958,0.957,0.001,143722.37,31194.670000000002
1771153949,2026-02-15T19:12:29.952494,0.957,0.958,0.956,0.002,142933.28,32671.58
1771154310,2026-02-15T19:18:30.440317,0.9575,0.958,0.957,0.001,138640.74,46490.5
1771154490,2026-02-15T19:21:30.067803,0.957,0.958,0.956,0.002,179574.31,47590.5
1771154670,2026-02-15T19:24:30.072406,0.9575,0.958,0.957,0.001,137402.13,47348.94
1771154850,2026-02-15T19:27:30.376587,0.9565,0.957,0.956,0.001,179530.19999999998,42302.49
1771155034,2026-02-15T19:30:34.408403,0.9565,0.957,0.956,0.001,177721.83,43511.77
1771155210,2026-02-15T19:33:30.220627,0.9555,0.956,0.955,0.001,173485.66,37619.47
1771155390,2026-02-15T19:36:30.256153,0.956,0.957,0.955,0.002,173358.06,41468.869999999995
1771155570,2026-02-15T19:39:30.242848,0.956,0.957,0.955,0.002,173217.24,41169.15
1771155750,2026-02-15T19:42:30.199038,0.956,0.957,0.955,0.002,173084.19999999998,41056.11
1771155930,2026-02-15T19:45:30.217504,0.956,0.957,0.955,0.002,172965.53,40937.43
1771156110,2026-02-15T19:48:30.444343,0.956,0.957,0.955,0.002,172876.35,40795.59
1771156290,2026-02-15T19:51:30.438698,0.956,0.957,0.955,0.002,172823.69,43490.38
1771156470,2026-02-15T19:54:30.533873,0.956,0.957,0.955,0.002,172738.81,43405.5
1771156653,2026-02-15T19:57:33.430445,0.956,0.957,0.955,0.002,172034.59,40329.32
1771156830,2026-02-15T20:00:30.659728,0.9565,0.957,0.956,0.001,159509.56,38795.14
1771157010,2026-02-15T20:03:30.280385,0.9565,0.957,0.956,0.001,159428.71,38568.49
1771157190,2026-02-15T20:06:30.640578,0.9565,0.957,0.956,0.001,159415.13999999998,39342.14
1771157370,2026-02-15T20:09:30.617147,0.9565,0.957,0.956,0.001,159415.13999999998,39264.14
1771157550,2026-02-15T20:12:30.671645,0.9565,0.957,0.956,0.001,159580.28,27817.32
1771157730,2026-02-15T20:15:30.642415,0.9565,0.957,0.956,0.001,158967.32,33531.32
1771157910,2026-02-15T20:18:30.531389,0.9565,0.957,0.956,0.001,160414.96,27772.69
1771158090,2026-02-15T20:21:30.834866,0.957,0.958,0.956,0.002,160322.66,33055.11
1771158274,2026-02-15T20:24:34.735861,0.9565,0.957,0.956,0.001,159727.75,34093.33
1771158450,2026-02-15T20:27:30.668291,0.9565,0.957,0.956,0.001,160677.6,33868.23
1771158630,2026-02-15T20:30:30.845245,0.9565,0.957,0.956,0.001,160572.00999999998,33862.65
1771158810,2026-02-15T20:33:30.887755,0.9565,0.957,0.956,0.001,160539.75999999998,33102.73
1771158990,2026-02-15T20:36:30.630100,0.9565,0.957,0.956,0.001,160448.49,27729.95
1771159171,2026-02-15T20:39:31.059637,0.9565,0.957,0.956,0.001,160355.27,28298.11
1771159350,2026-02-15T20:42:30.853386,0.9565,0.957,0.956,0.001,160251.02,28391.329999999998
1771159530,2026-02-15T20:45:30.852106,0.9565,0.957,0.956,0.001,159936.9,27913.12
1771159710,2026-02-15T20:48:30.837147,0.9565,0.957,0.956,0.001,159897.93,27869.14
1771159890,2026-02-15T20:51:30.856646,0.9565,0.957,0.956,0.001,159857.03,27628.23
1771160070,2026-02-15T20:54:30.804995,0.9565,0.957,0.956,0.001,159864.32,27465.72
1771160287,2026-02-15T20:58:07.445138,0.9565,0.957,0.956,0.001,159820.91999999998,26007.93
1771160467,2026-02-15T21:01:07.507433,0.9565,0.957,0.956,0.001,159807.28,26856.47
1771160647,2026-02-15T21:04:07.665460,0.9565,0.957,0.956,0.001,159965.56,23053.19
1771160827,2026-02-15T21:07:07.730273,0.9575,0.958,0.957,0.001,118175.51999999999,22185.7
1771161007,2026-02-15T21:10:07.442033,0.959,0.96,0.958,0.002,62131.96,37695.14
1771161187,2026-02-15T21:13:07.457747,0.959,0.96,0.958,0.002,69282.65,37722.68
1771161367,2026-02-15T21:16:07.432041,0.959,0.96,0.958,0.002,67132.48,37527.59
1771161547,2026-02-15T21:19:07.318078,0.9595,0.96,0.959,0.001,60252.189999999995,37105.18
1771161727,2026-02-15T21:22:07.437473,0.9595,0.96,0.959,0.001,28895.14,46538.75
1771161908,2026-02-15T21:25:08.724073,0.9595,0.96,0.959,0.001,28895.14,46017.78
1771162087,2026-02-15T21:28:07.675036,0.9595,0.96,0.959,0.001,28895.14,49544.26
1771162267,2026-02-15T21:31:07.905136,0.9595,0.96,0.959,0.001,28842.19,49039.22
1771162447,2026-02-15T21:34:07.885571,0.9595,0.96,0.959,0.001,28774.28,48961.32
1771162627,2026-02-15T21:37:07.881971,0.9595,0.96,0.959,0.001,28774.28,48559.23
1771162807,2026-02-15T21:40:07.899302,0.9595,0.96,0.959,0.001,66872.36,48554.61
1771162987,2026-02-15T21:43:07.872037,0.9595,0.96,0.959,0.001,66808.98,49028.909999999996
1771163167,2026-02-15T21:46:07.891314,0.9595,0.96,0.959,0.001,66802.36,49142.29
1771163347,2026-02-15T21:49:07.899375,0.9595,0.96,0.959,0.001,66802.36,49195.89
1771163528,2026-02-15T21:52:08.096307,0.9595,0.96,0.959,0.001,61313.60999999999,49603.36
1771163708,2026-02-15T21:55:08.107716,0.9595,0.96,0.959,0.001,61318.60999999999,49169.03
1771163887,2026-02-15T21:58:07.943731,0.9595,0.96,0.959,0.001,61318.60999999999,49516.24
1771164068,2026-02-15T22:01:08.106279,0.9595,0.96,0.959,0.001,61308.60999999999,41368.78
1771164248,2026-02-15T22:04:08.160172,0.9595,0.96,0.959,0.001,61238.85999999999,42704.37
1771164428,2026-02-15T22:07:08.449302,0.9595,0.96,0.959,0.001,61174.159999999996,40411.67
1771164608,2026-02-15T22:10:08.225285,0.9595,0.96,0.959,0.001,61083.009999999995,46462.520000000004
1771164788,2026-02-15T22:13:08.133857,0.9595,0.96,0.959,0.001,60982.35999999999,46571.79
1771164968,2026-02-15T22:16:08.223169,0.9595,0.96,0.959,0.001,64561.729999999996,45888.35
1771165148,2026-02-15T22:19:08.250556,0.9595,0.96,0.959,0.001,64981.149999999994,46791.810000000005
1771165328,2026-02-15T22:22:08.218952,0.9595,0.96,0.959,0.001,64878.13,72141.76
1771165508,2026-02-15T22:25:08.709617,0.9595,0.96,0.959,0.001,64878.13,77743.18000000001
1771165688,2026-02-15T22:28:08.295107,0.9595,0.96,0.959,0.001,64878.13,77118.18000000001
1771165868,2026-02-15T22:31:08.224352,0.9595,0.96,0.959,0.001,64721.229999999996,76913.08
1771166048,2026-02-15T22:34:08.309161,0.9595,0.96,0.959,0.001,64621.909999999996,76682.99
1771166228,2026-02-15T22:37:08.274335,0.9595,0.96,0.959,0.001,64621.909999999996,76617.05
1771166408,2026-02-15T22:40:08.254669,0.9595,0.96,0.959,0.001,63856.95,76618.03
1771166588,2026-02-15T22:43:08.297172,0.958,0.96,0.956,0.004,162916.07,75456.7
1771166768,2026-02-15T22:46:08.309435,0.957,0.958,0.956,0.002,162196.93,54827.450000000004
1771166948,2026-02-15T22:49:08.261191,0.957,0.958,0.956,0.002,162296.93,54709.61
1771167128,2026-02-15T22:52:08.451462,0.957,0.958,0.956,0.002,162282.94999999998,54293.87
1771167308,2026-02-15T22:55:08.680058,0.957,0.958,0.956,0.002,162282.94999999998,59567.87
1771167488,2026-02-15T22:58:08.520875,0.957,0.958,0.956,0.002,162333.08,59735.73
1771167668,2026-02-15T23:01:08.677088,0.957,0.958,0.956,0.002,162233.08,58995.15
1771167848,2026-02-15T23:04:08.485242,0.957,0.958,0.956,0.002,162323.41,59097.54
1771168028,2026-02-15T23:07:08.678208,0.958,0.959,0.957,0.002,120106.40999999999,69972.13
1771168208,2026-02-15T23:10:08.683088,0.957,0.958,0.956,0.002,162261.21,61674.38
1771168388,2026-02-15T23:13:08.664294,0.957,0.958,0.956,0.002,162216.11,61625.34
1771168568,2026-02-15T23:16:08.618195,0.9565,0.957,0.956,0.001,162015.05,54109.44
1771168748,2026-02-15T23:19:08.671373,0.957,0.958,0.956,0.002,162081.41,61765.34
1771168928,2026-02-15T23:22:08.660607,0.957,0.958,0.956,0.002,161809.68,60759.48
1771169108,2026-02-15T23:25:08.513152,0.9575,0.958,0.957,0.001,158133.9,64467.71
1771169288,2026-02-15T23:28:08.681106,0.9575,0.958,0.957,0.001,158133.9,64435.76
1771169468,2026-02-15T23:31:08.698273,0.9575,0.958,0.957,0.001,158123.49,63022.15
1771169648,2026-02-15T23:34:08.736840,0.956,0.957,0.955,0.002,170300.49,57636.689999999995
1771169828,2026-02-15T23:37:08.685657,0.9565,0.957,0.956,0.001,156911.96,58006.39
1771170008,2026-02-15T23:40:08.907063,0.957,0.958,0.956,0.002,157215.78,67539.0
1771170188,2026-02-15T23:43:08.732569,0.957,0.958,0.956,0.002,157514.97999999998,67469.2
1771170368,2026-02-15T23:46:08.904096,0.957,0.958,0.956,0.002,157412.78999999998,67459.09
1771170548,2026-02-15T23:49:08.885324,0.957,0.958,0.956,0.002,158402.78999999998,66277.12
1771170728,2026-02-15T23:52:08.817343,0.957,0.958,0.956,0.002,160842.8,66277.12
1771170909,2026-02-15T23:55:09.114489,0.9575,0.958,0.957,0.001,118946.53,65684.89
1771171088,2026-02-15T23:58:08.867895,0.9575,0.958,0.957,0.001,119446.53,65683.84
1771171268,2026-02-16T00:01:08.841542,0.9575,0.958,0.957,0.001,119356.43999999999,65994.79000000001
1771171448,2026-02-16T00:04:08.896625,0.957,0.958,0.956,0.002,161542.85,67659.25
1771171628,2026-02-16T00:07:08.888485,0.957,0.958,0.956,0.002,161467.06,70038.17
1771171809,2026-02-16T00:10:09.093551,0.957,0.958,0.956,0.002,159807.74,70695.13
1771171989,2026-02-16T00:13:09.167471,0.957,0.958,0.956,0.002,159851.03,70767.8
1771172168,2026-02-16T00:16:08.999302,0.957,0.958,0.956,0.002,160263.19999999998,69970.63
1771172349,2026-02-16T00:19:09.107271,0.957,0.958,0.956,0.002,160139.24,69929.2
1771172529,2026-02-16T00:22:09.091385,0.957,0.958,0.956,0.002,161160.83,70659.72
1771172709,2026-02-16T00:25:09.100622,0.957,0.958,0.956,0.002,160174.37,70733.14
1771172889,2026-02-16T00:28:09.220032,0.957,0.958,0.956,0.002,160176.09,70534.86
1771173069,2026-02-16T00:31:09.208143,0.957,0.958,0.956,0.002,160175.04,70534.86
1771173249,2026-02-16T00:34:09.260262,0.957,0.958,0.956,0.002,160307.36,69778.40000000001
1771173429,2026-02-16T00:37:09.461335,0.957,0.958,0.956,0.002,159790.15,69736.58
1771173609,2026-02-16T00:40:09.278346,0.957,0.958,0.956,0.002,159617.26,70060.37
1771173789,2026-02-16T00:43:09.281948,0.957,0.958,0.956,0.002,159854.1,70033.24
1771173969,2026-02-16T00:46:09.254039,0.9555,0.956,0.955,0.001,172901.04,58816.950000000004
1771174149,2026-02-16T00:49:09.235666,0.9555,0.956,0.955,0.001,172572.04,58456.25
1771174329,2026-02-16T00:52:09.240298,0.9555,0.956,0.955,0.001,172535.66,58414.850000000006
1771174509,2026-02-16T00:55:09.682103,0.9555,0.956,0.955,0.001,172406.36,53219.9
1771174689,2026-02-16T00:58:09.667235,0.9555,0.956,0.955,0.001,172363.69999999998,53120.990000000005
1771174869,2026-02-16T01:01:09.448216,0.956,0.957,0.955,0.002,172281.19,58898.840000000004
1771175049,2026-02-16T01:04:09.638792,0.957,0.958,0.956,0.002,159211.62,71973.49
1771175229,2026-02-16T01:07:09.481429,0.9565,0.957,0.956,0.001,159419.78999999998,60143.5
1771175409,2026-02-16T01:10:09.487632,0.9565,0.957,0.956,0.001,159519.78999999998,59368.11
1771175589,2026-02-16T01:13:09.714400,0.9565,0.957,0.956,0.001,159414.53,59469.41
1771175769,2026-02-16T01:16:09.791869,0.9565,0.957,0.956,0.001,159457.94,59427.1
1771175954,2026-02-16T01:19:14.425857,0.9565,0.957,0.956,0.001,159175.25,58517.43
1771176129,2026-02-16T01:22:09.688209,0.956,0.957,0.955,0.002,172271.78,59169.12
1771176309,2026-02-16T01:25:09.444214,0.9565,0.958,0.955,0.003,171708.77,69999.86
1771176489,2026-02-16T01:28:09.534889,0.956,0.957,0.955,0.002,171742.87,57818.61
1771176669,2026-02-16T01:31:09.668646,0.957,0.958,0.956,0.002,158891.53,69455.7
1771176849,2026-02-16T01:34:09.665360,0.957,0.958,0.956,0.002,158842.9,70072.46
1771177029,2026-02-16T01:37:09.681337,0.957,0.958,0.956,0.002,158762.18,72146.43000000001
1771177209,2026-02-16T01:40:09.904403,0.9575,0.958,0.957,0.001,128737.2,72003.01000000001
1771177389,2026-02-16T01:43:09.748445,0.9575,0.958,0.957,0.001,128457.65999999999,67832.63
1771177569,2026-02-16T01:46:09.918029,0.9575,0.958,0.957,0.001,128501.15,68630.6
1771177749,2026-02-16T01:49:09.863708,0.9575,0.958,0.957,0.001,128332.84999999999,68534.11
1771177929,2026-02-16T01:52:09.739178,0.9575,0.958,0.957,0.001,128282.43,67823.6
1771178109,2026-02-16T01:55:09.852422,0.9575,0.958,0.957,0.001,135973.87,62323.42
1771178289,2026-02-16T01:58:09.920731,0.9575,0.958,0.957,0.001,138255.44999999998,70723.63
1771178469,2026-02-16T02:01:09.898546,0.9575,0.958,0.957,0.001,138255.44999999998,70723.63
1771178650,2026-02-16T02:04:10.114797,0.958,0.958,0.957,0.001,138256.74,70610.04
1771178829,2026-02-16T02:07:09.896159,0.958,0.959,0.957,0.002,138116.94999999998,85205.7
1771179010,2026-02-16T02:10:10.237743,0.958,0.959,0.957,0.002,137947.22999999998,85097.75
1771179189,2026-02-16T02:13:09.887709,0.958,0.959,0.957,0.002,137896.63999999998,84673.97
1771179370,2026-02-16T02:16:10.174712,0.958,0.959,0.957,0.002,137896.63999999998,84576.41
1771179550,2026-02-16T02:19:10.044866,0.958,0.959,0.957,0.002,137108.03,84379.26
1771179730,2026-02-16T02:22:10.088283,0.958,0.959,0.957,0.002,137098.5,84254.3
1771179910,2026-02-16T02:25:10.092451,0.958,0.959,0.957,0.002,136878.85,84015.11
1771180090,2026-02-16T02:28:10.223131,0.958,0.959,0.957,0.002,136778.66,84015.09
1771180270,2026-02-16T02:31:10.051359,0.9575,0.958,0.957,0.001,136560.0,70656.33
1771180454,2026-02-16T02:34:14.381298,0.9575,0.958,0.957,0.001,136421.86,70650.93000000001
1771180630,2026-02-16T02:37:10.463285,0.958,0.959,0.957,0.002,136177.61,79225.18000000001
1771180810,2026-02-16T02:40:10.131991,0.9575,0.958,0.957,0.001,136225.97999999998,70277.88
1771180990,2026-02-16T02:43:10.229944,0.9585,0.959,0.958,0.001,78553.31,78696.7
1771181170,2026-02-16T02:46:10.291644,0.9585,0.959,0.958,0.001,78409.84,70005.32
1771181350,2026-02-16T02:49:10.373208,0.9585,0.959,0.958,0.001,78144.70999999999,70344.22
1771181530,2026-02-16T02:52:10.488394,0.9585,0.959,0.958,0.001,78094.43,70151.08
1771181710,2026-02-16T02:55:10.249956,0.958,0.959,0.957,0.002,136318.25999999998,75827.88
1771181890,2026-02-16T02:58:10.442877,0.958,0.959,0.957,0.002,136274.13,75843.14
1771182070,2026-02-16T03:01:10.495900,0.958,0.959,0.957,0.002,136274.13,70070.20999999999
1771182250,2026-02-16T03:04:10.448727,0.958,0.959,0.957,0.002,136215.19999999998,78737.01
1771182430,2026-02-16T03:07:10.530353,0.958,0.959,0.957,0.002,136107.32,78658.33
1771182610,2026-02-16T03:10:10.677260,0.9575,0.958,0.957,0.001,132107.32,60264.520000000004
1771182790,2026-02-16T03:13:10.448046,0.958,0.959,0.957,0.002,131723.02,78369.09
1771182970,2026-02-16T03:16:10.662465,0.958,0.959,0.957,0.002,131723.02,77359.36
1771183150,2026-02-16T03:19:10.542230,0.958,0.959,0.957,0.002,131581.13,77064.48
1771183330,2026-02-16T03:22:10.465496,0.958,0.959,0.957,0.002,131581.13,82778.48
1771183510,2026-02-16T03:25:10.655797,0.958,0.959,0.957,0.002,131478.22,82148.49
1771183690,2026-02-16T03:28:10.504560,0.958,0.959,0.957,0.002,131205.03,82689.94
1771183870,2026-02-16T03:31:10.468345,0.958,0.959,0.957,0.002,131205.03,82716.94
1771184050,2026-02-16T03:34:10.678137,0.958,0.959,0.957,0.002,131016.45,76234.52
1771184230,2026-02-16T03:37:10.676181,0.958,0.959,0.957,0.002,130969.79999999999,76181.19
1771184410,2026-02-16T03:40:10.760635,0.958,0.959,0.957,0.002,130135.40999999999,70702.11
1771184590,2026-02-16T03:43:10.892505,0.958,0.959,0.957,0.002,130235.40999999999,73486.13
1771184770,2026-02-16T03:46:10.784377,0.9575,0.958,0.957,0.001,129264.49999999999,67783.87
1771184950,2026-02-16T03:49:10.665152,0.958,0.959,0.957,0.002,129154.26,76603.69
1771185130,2026-02-16T03:52:10.883643,0.958,0.959,0.957,0.002,129075.35999999999,76517.7
1771185310,2026-02-16T03:55:10.854226,0.9575,0.958,0.957,0.001,129029.74999999999,67515.52
1771185490,2026-02-16T03:58:10.895406,0.958,0.959,0.957,0.002,128220.42,68153.23000000001
1771185671,2026-02-16T04:01:11.070416,0.958,0.959,0.957,0.002,122976.70999999999,67024.54000000001
1771185850,2026-02-16T04:04:10.891012,0.9545,0.955,0.954,0.001,133658.98,46259.78
1771186030,2026-02-16T04:07:10.885812,0.955,0.956,0.954,0.002,134202.27,46473.65
1771186211,2026-02-16T04:10:11.118023,0.955,0.956,0.954,0.002,134113.56,46714.200000000004
1771186390,2026-02-16T04:13:10.876950,0.956,0.957,0.955,0.002,110536.99,53967.53
1771186571,2026-02-16T04:16:11.170488,0.9565,0.958,0.955,0.003,110652.09,70128.52
1771186751,2026-02-16T04:19:11.267112,0.956,0.957,0.955,0.002,110522.26,64250.4
1771186931,2026-02-16T04:22:11.217416,0.956,0.957,0.955,0.002,110656.56,64250.4
1771187111,2026-02-16T04:25:11.067336,0.9555,0.957,0.954,0.003,134008.74,64226.76
1771187291,2026-02-16T04:28:11.071715,0.955,0.956,0.954,0.002,134189.67,59072.75
1771187471,2026-02-16T04:31:11.231596,0.955,0.956,0.954,0.002,133846.48,59072.75
1771187651,2026-02-16T04:34:11.288539,0.9555,0.956,0.955,0.001,110250.73,59207.07
1771187831,2026-02-16T04:37:11.233148,0.955,0.956,0.954,0.002,133847.85,59121.44
1771188011,2026-02-16T04:40:11.490001,0.9565,0.957,0.956,0.001,111243.34,64416.13
1771188191,2026-02-16T04:43:11.302561,0.957,0.958,0.956,0.002,111217.44,70136.74
1771188371,2026-02-16T04:46:11.281576,0.957,0.958,0.956,0.002,111164.3,70092.13
1771188551,2026-02-16T04:49:11.675398,0.957,0.958,0.956,0.002,111112.0,70082.34
1771188731,2026-02-16T04:52:11.440008,0.9565,0.957,0.956,0.001,111182.0,63918.37
1771188911,2026-02-16T04:55:11.439331,0.9555,0.956,0.955,0.001,133010.74,63435.96
1771189091,2026-02-16T04:58:11.460858,0.9555,0.956,0.955,0.001,136610.74,63435.96
1771189271,2026-02-16T05:01:11.665808,0.9555,0.956,0.955,0.001,136610.74,63455.06
1771189451,2026-02-16T05:04:11.441440,0.9555,0.956,0.955,0.001,136710.74,63695.06
1771189631,2026-02-16T05:07:11.670737,0.9555,0.956,0.955,0.001,136510.74,59358.590000000004
1771189811,2026-02-16T05:10:11.385263,0.956,0.957,0.955,0.002,136464.4,65996.54
1771189991,2026-02-16T05:13:11.549394,0.956,0.957,0.955,0.002,136423.13,66004.03
1771190171,2026-02-16T05:16:11.675862,0.956,0.957,0.955,0.002,136324.24,65897.66
1771190351,2026-02-16T05:19:11.682203,0.956,0.957,0.955,0.002,136056.93,65737.84
1771190531,2026-02-16T05:22:11.636184,0.956,0.957,0.955,0.002,136056.93,65750.35
1771190711,2026-02-16T05:25:11.720960,0.956,0.957,0.955,0.002,136056.93,65750.35
1771190891,2026-02-16T05:28:11.667570,0.956,0.957,0.955,0.002,135958.26,65400.28
1771191071,2026-02-16T05:31:11.671439,0.956,0.957,0.955,0.002,135906.87,65366.95
1771191251,2026-02-16T05:34:11.880044,0.956,0.957,0.955,0.002,135688.13,65374.44
1771191431,2026-02-16T05:37:11.723836,0.956,0.957,0.955,0.002,135597.6,65376.42
1771191611,2026-02-16T05:40:11.834196,0.9545,0.955,0.954,0.001,117608.64,58668.81
1771191791,2026-02-16T05:43:11.897121,0.9565,0.957,0.956,0.001,95495.03,64173.23
1771191971,2026-02-16T05:46:11.874605,0.955,0.956,0.954,0.002,123398.81999999999,64878.06
1771192151,2026-02-16T05:49:11.858462,0.955,0.956,0.954,0.002,121003.64,64827.69
1771192331,2026-02-16T05:52:11.953819,0.955,0.956,0.954,0.002,120947.49,64792.32
1771192512,2026-02-16T05:55:12.113886,0.9555,0.956,0.955,0.001,95053.64,64740.37
1771192691,2026-02-16T05:58:11.894458,0.956,0.957,0.955,0.002,79105.39,70478.59
1771192871,2026-02-16T06:01:11.843996,0.956,0.957,0.955,0.002,79105.39,70478.59
1771193052,2026-02-16T06:04:12.221577,0.956,0.957,0.955,0.002,79052.4,70381.97
1771193235,2026-02-16T06:07:15.926126,0.956,0.957,0.955,0.002,81364.96,70747.28
1771193412,2026-02-16T06:10:12.083147,0.956,0.957,0.955,0.002,81364.96,70797.95
1771193592,2026-02-16T06:13:12.235799,0.956,0.957,0.955,0.002,101292.96,80777.95
1771193772,2026-02-16T06:16:12.097492,0.956,0.957,0.955,0.002,77445.41,54843.18
1771193952,2026-02-16T06:19:12.050665,0.956,0.957,0.955,0.002,77279.73,64198.18
1771194132,2026-02-16T06:22:12.283959,0.956,0.957,0.955,0.002,77295.5,64858.340000000004
1771194312,2026-02-16T06:25:12.233312,0.956,0.957,0.955,0.002,76661.64,64828.99
1771194492,2026-02-16T06:28:12.042827,0.956,0.957,0.955,0.002,77018.64,64746.8
1771194672,2026-02-16T06:31:12.240885,0.956,0.957,0.955,0.002,76972.27,64659.03
1771194852,2026-02-16T06:34:12.246400,0.9555,0.956,0.955,0.001,78063.82,53765.65
1771195036,2026-02-16T06:37:16.434368,0.956,0.957,0.955,0.002,77625.28,68577.44
1771195212,2026-02-16T06:40:12.470503,0.9545,0.956,0.953,0.003,97396.87,55749.67
1771195392,2026-02-16T06:43:12.663729,0.955,0.956,0.954,0.002,92508.28,19283.61
1771195572,2026-02-16T06:46:12.649495,0.955,0.956,0.954,0.002,95235.84,19004.94
1771195752,2026-02-16T06:49:12.579872,0.9555,0.956,0.955,0.001,69517.69,19407.61
1771195932,2026-02-16T06:52:12.435482,0.9555,0.957,0.954,0.003,105003.06,25090.67
1771196112,2026-02-16T06:55:12.365430,0.9555,0.956,0.955,0.001,79217.76,19838.06
1771196292,2026-02-16T06:58:12.434129,0.9555,0.957,0.954,0.003,104783.69,24544.67
1771196472,2026-02-16T07:01:12.469720,0.956,0.957,0.955,0.002,79131.92,23559.12
1771196652,2026-02-16T07:04:12.660551,0.955,0.956,0.954,0.002,104808.7,19471.59
1771196832,2026-02-16T07:07:12.654680,0.955,0.956,0.954,0.002,104823.22,19471.59
1771197012,2026-02-16T07:10:12.710780,0.955,0.956,0.954,0.002,104875.36,19010.25
1771197192,2026-02-16T07:13:12.628753,0.9555,0.956,0.955,0.001,79154.98,18886.39
1771197372,2026-02-16T07:16:12.677176,0.9555,0.956,0.955,0.001,78918.58,17883.28
1771197552,2026-02-16T07:19:12.653983,0.955,0.956,0.954,0.002,104729.4,17830.8
1771197732,2026-02-16T07:22:12.680920,0.955,0.956,0.954,0.002,104569.05,17776.21
1771197912,2026-02-16T07:25:12.643417,0.955,0.956,0.954,0.002,104669.06,17636.16
1771198092,2026-02-16T07:28:12.855495,0.955,0.956,0.954,0.002,104569.06,17636.16
1771198272,2026-02-16T07:31:12.880366,0.9565,0.957,0.956,0.001,104479.11,17564.45
1771198452,2026-02-16T07:34:12.898222,0.9565,0.957,0.956,0.001,66465.89,23140.38
1771198632,2026-02-16T07:37:12.869715,0.9565,0.957,0.956,0.001,66565.89,23133.8
1771198812,2026-02-16T07:40:12.916021,0.9555,0.956,0.955,0.001,76280.43,18655.72
1771198992,2026-02-16T07:43:12.870804,0.9555,0.956,0.955,0.001,76278.54,18627.76
1771199172,2026-02-16T07:46:12.891422,0.9555,0.956,0.955,0.001,76978.54,15457.86
1771199353,2026-02-16T07:49:13.043573,0.956,0.957,0.955,0.002,77572.20999999999,21098.93
1771199533,2026-02-16T07:52:13.107708,0.956,0.957,0.955,0.002,77000.43,21098.93
1771199713,2026-02-16T07:55:13.032013,0.9555,0.956,0.955,0.001,76913.20999999999,15501.75
1771199893,2026-02-16T07:58:13.048139,0.9555,0.956,0.955,0.001,76869.49,15390.74
1771200073,2026-02-16T08:01:13.044308,0.956,0.957,0.955,0.002,76724.45999999999,20932.579999999998
1771200253,2026-02-16T08:04:13.121994,0.956,0.957,0.955,0.002,76863.95999999999,20972.079999999998
1771200433,2026-02-16T08:07:13.242829,0.956,0.957,0.955,0.002,76725.86,21531.98
1771200613,2026-02-16T08:10:13.097463,0.956,0.957,0.955,0.002,76648.66,21577.01
1771200793,2026-02-16T08:13:13.261525,0.956,0.957,0.955,0.002,76694.6,21588.75
1771200973,2026-02-16T08:16:13.254851,0.956,0.957,0.955,0.002,76587.84,21504.22
1771201153,2026-02-16T08:19:13.268580,0.956,0.957,0.955,0.002,77126.04,21442.42
1771201333,2026-02-16T08:22:13.232092,0.955,0.956,0.954,0.002,93632.05,16419.37
1771201513,2026-02-16T08:25:13.234565,0.9545,0.955,0.954,0.001,93766.87,16469.37
1771201693,2026-02-16T08:28:13.405515,0.955,0.956,0.954,0.002,93306.57,25263.75
1771201873,2026-02-16T08:31:13.565856,0.955,0.956,0.954,0.002,93306.6,25263.75
1771202053,2026-02-16T08:34:13.460398,0.955,0.956,0.954,0.002,93704.85,25863.8
1771202233,2026-02-16T08:37:13.475438,0.9555,0.957,0.954,0.003,93304.85,30028.84
1771202413,2026-02-16T08:40:13.459945,0.956,0.957,0.955,0.002,67754.06,29884.510000000002
1771202598,2026-02-16T08:43:18.232152,0.956,0.957,0.955,0.002,67661.26,29878.739999999998
1771202773,2026-02-16T08:46:13.465143,0.9545,0.955,0.954,0.001,93170.06,24545.579999999998
1771202953,2026-02-16T08:49:13.512261,0.954,0.955,0.953,0.002,95986.68000000001,24115.850000000002
1771203133,2026-02-16T08:52:13.415245,0.955,0.956,0.954,0.002,92964.78,25735.22
1771203313,2026-02-16T08:55:13.668597,0.955,0.956,0.954,0.002,92964.66,25686.25
1771203493,2026-02-16T08:58:13.438099,0.955,0.956,0.954,0.002,92964.66,25852.05
1771203673,2026-02-16T09:01:13.589263,0.955,0.956,0.954,0.002,92964.66,25952.05
1771203853,2026-02-16T09:04:13.608534,0.955,0.956,0.954,0.002,92871.9,25415.88
1771204033,2026-02-16T09:07:13.657405,0.955,0.956,0.954,0.002,92967.0,25406.16
1771204213,2026-02-16T09:10:13.854401,0.955,0.956,0.954,0.002,92896.11,25330.03
1771204393,2026-02-16T09:13:13.672523,0.955,0.956,0.954,0.002,92843.4,25774.15
1771204573,2026-02-16T09:16:13.844893,0.955,0.956,0.954,0.002,92806.31999999999,25849.1
1771204753,2026-02-16T09:19:13.730257,0.955,0.956,0.954,0.002,92717.45,25775.36
1771204933,2026-02-16T09:22:13.857444,0.956,0.957,0.955,0.002,66466.81,30884.91
1771205113,2026-02-16T09:25:13.838404,0.955,0.956,0.954,0.002,92118.36,25562.989999999998
1771205293,2026-02-16T09:28:13.822248,0.9545,0.955,0.954,0.001,92273.18,24756.39
1771205473,2026-02-16T09:31:13.937722,0.955,0.956,0.954,0.002,92078.13,25426.34
1771205654,2026-02-16T09:34:14.066366,0.955,0.956,0.954,0.002,91990.44,25482.78
1771205834,2026-02-16T09:37:14.057226,0.955,0.956,0.954,0.002,91885.62,25503.64
1771206014,2026-02-16T09:40:14.168285,0.9555,0.956,0.955,0.001,66409.62,24826.23
1771206194,2026-02-16T09:43:14.058768,0.956,0.957,0.955,0.002,66409.63,29957.32
1771206374,2026-02-16T09:46:14.063328,0.955,0.956,0.954,0.002,91648.91,24832.969999999998
1771206554,2026-02-16T09:49:14.078018,0.956,0.957,0.955,0.002,66669.05,30767.22
1771206734,2026-02-16T09:52:14.046589,0.955,0.956,0.954,0.002,91896.53,27810.3
1771206914,2026-02-16T09:55:14.206584,0.955,0.956,0.954,0.002,91783.81,27696.87
1771207094,2026-02-16T09:58:14.233246,0.9555,0.956,0.955,0.001,66098.16,27622.739999999998
1771207279,2026-02-16T10:01:19.091031,0.955,0.956,0.954,0.002,91741.06999999999,27716.57
1771207454,2026-02-16T10:04:14.228031,0.955,0.956,0.954,0.002,91594.5,27716.57
1771207634,2026-02-16T10:07:14.463434,0.955,0.956,0.954,0.002,91594.5,27676.67
1771207814,2026-02-16T10:10:14.293001,0.9535,0.954,0.953,0.001,95477.38,15255.76
1771207994,2026-02-16T10:13:14.271036,0.9545,0.956,0.953,0.003,91218.27,27567.88
1771208174,2026-02-16T10:16:14.219655,0.9545,0.956,0.953,0.003,91208.24,27567.88
1771208354,2026-02-16T10:19:14.454186,0.9545,0.956,0.953,0.003,91208.28,27567.38
1771208534,2026-02-16T10:22:14.460173,0.955,0.956,0.954,0.002,87192.94,27563.9
1771208714,2026-02-16T10:25:14.304070,0.955,0.956,0.954,0.002,87197.83,27563.9
1771208894,2026-02-16T10:28:14.625408,0.955,0.956,0.954,0.002,87222.51999999999,27646.98
1771209074,2026-02-16T10:31:14.443535,0.955,0.956,0.954,0.002,87246.31999999999,27623.18
1771209254,2026-02-16T10:34:14.424995,0.9545,0.955,0.954,0.001,89177.53,26841.670000000002
1771209434,2026-02-16T10:37:14.452424,0.9545,0.955,0.954,0.001,89132.73,26795.35
1771209614,2026-02-16T10:40:14.486126,0.9545,0.955,0.954,0.001,89132.73,26853.45
1771209794,2026-02-16T10:43:14.418434,0.9545,0.955,0.954,0.001,89080.83,26901.55
1771209979,2026-02-16T10:46:19.238382,0.9545,0.955,0.954,0.001,88891.62999999999,27056.39
1771210154,2026-02-16T10:49:14.700702,0.9545,0.955,0.954,0.001,88891.62999999999,27097.49
1771210334,2026-02-16T10:52:14.690247,0.9545,0.955,0.954,0.001,88742.23999999999,26948.100000000002
1771210514,2026-02-16T10:55:14.677150,0.9555,0.956,0.955,0.001,81057.83,26708.16
1771210694,2026-02-16T10:58:14.624526,0.9555,0.956,0.955,0.001,81057.83,26228.61
1771210874,2026-02-16T11:01:14.639487,0.956,0.957,0.955,0.002,80999.97,35894.19
1771211056,2026-02-16T11:04:16.487329,0.956,0.957,0.955,0.002,76724.78,35813.47
1771211234,2026-02-16T11:07:14.699087,0.9555,0.956,0.955,0.001,76721.03,26317.77
1771211414,2026-02-16T11:10:14.644985,0.9555,0.956,0.955,0.001,76628.35,26150.99
1771211594,2026-02-16T11:13:14.878395,0.9555,0.956,0.955,0.001,76628.26,26750.98
1771211774,2026-02-16T11:16:14.882420,0.9565,0.957,0.956,0.001,64453.81,35667.62
1771211954,2026-02-16T11:19:14.819724,0.956,0.957,0.955,0.002,72478.79,35563.57
1771212135,2026-02-16T11:22:15.100166,0.956,0.957,0.955,0.002,72384.7,35380.47
1771212314,2026-02-16T11:25:14.852398,0.956,0.957,0.955,0.002,72338.99,35475.76
1771212495,2026-02-16T11:28:15.037655,0.9565,0.957,0.956,0.001,59741.4,35849.86
1771212674,2026-02-16T11:31:14.896662,0.956,0.957,0.955,0.002,71319.39,35906.86
1771212855,2026-02-16T11:34:15.047978,0.956,0.957,0.955,0.002,71308.9,35637.63
1771213035,2026-02-16T11:37:15.133070,0.956,0.957,0.955,0.002,71225.27,39195.5
1771213215,2026-02-16T11:40:15.094413,0.956,0.957,0.955,0.002,71114.62,39084.85
1771213394,2026-02-16T11:43:14.954272,0.956,0.957,0.955,0.002,71054.67,39428.85
1771213579,2026-02-16T11:46:19.683267,0.956,0.957,0.955,0.002,71023.42,33656.46
1771213755,2026-02-16T11:49:15.087839,0.956,0.957,0.955,0.002,70960.69,33593.73
1771213934,2026-02-16T11:52:14.994149,0.956,0.957,0.955,0.002,70865.81,33498.85
1771214115,2026-02-16T11:55:15.232363,0.956,0.957,0.955,0.002,70865.81,37071.24
1771214295,2026-02-16T11:58:15.059673,0.956,0.957,0.955,0.002,70810.81,38216.24
1771214475,2026-02-16T12:01:15.152991,0.956,0.957,0.955,0.002,70765.75,37991.6
1771214655,2026-02-16T12:04:15.225537,0.956,0.957,0.955,0.002,70720.46,37760.04
1771214870,2026-02-16T12:07:50.812323,0.956,0.957,0.955,0.002,70820.46,36786.1
1771215050,2026-02-16T12:10:50.826311,0.956,0.957,0.955,0.002,70606.67,36935.31
1771215230,2026-02-16T12:13:50.840469,0.956,0.957,0.955,0.002,70502.53,36922.09
1771215411,2026-02-16T12:16:51.241004,0.9555,0.956,0.955,0.001,70502.53,27636.54
1771215591,2026-02-16T12:19:51.091825,0.9555,0.956,0.955,0.001,70502.53,27636.54
1771215771,2026-02-16T12:22:51.081302,0.9555,0.956,0.955,0.001,70502.53,27601.77
1771215951,2026-02-16T12:25:51.042101,0.9555,0.956,0.955,0.001,70444.52,27543.76
1771216131,2026-02-16T12:28:51.102615,0.9555,0.956,0.955,0.001,70405.68,27643.76
1771216311,2026-02-16T12:31:51.103502,0.9555,0.956,0.955,0.001,68850.14,27643.76
1771216491,2026-02-16T12:34:51.096669,0.9555,0.956,0.955,0.001,68760.13,27451.629999999997
1771216670,2026-02-16T12:37:50.981636,0.9555,0.956,0.955,0.001,68600.24,27492.7
1771216851,2026-02-16T12:40:51.234533,0.9555,0.956,0.955,0.001,78562.93,27355.39
1771217031,2026-02-16T12:43:51.239270,0.9555,0.956,0.955,0.001,78475.87,27268.32
1771217211,2026-02-16T12:46:51.258519,0.9555,0.956,0.955,0.001,78475.83,27268.32
1771217391,2026-02-16T12:49:51.079837,0.9555,0.956,0.955,0.001,78444.15,27268.32
1771217571,2026-02-16T12:52:51.252767,0.9555,0.956,0.955,0.001,78444.09,27268.32
1771217751,2026-02-16T12:55:51.226808,0.9555,0.956,0.955,0.001,78422.28,27368.32
1771217931,2026-02-16T12:58:51.456702,0.9555,0.956,0.955,0.001,78342.62,27187.34
1771218111,2026-02-16T13:01:51.354825,0.9555,0.956,0.955,0.001,78442.62,27126.45
1771218291,2026-02-16T13:04:51.447619,0.956,0.957,0.955,0.002,73394.22,37337.0
1771218471,2026-02-16T13:07:51.438463,0.956,0.957,0.955,0.002,73349.57,36100.6
1771218651,2026-02-16T13:10:51.409418,0.956,0.957,0.955,0.002,74703.28,27147.44
1771218831,2026-02-16T13:13:51.447258,0.956,0.957,0.955,0.002,74651.47,36191.17
1771219011,2026-02-16T13:16:51.414839,0.956,0.957,0.955,0.002,74609.89,36002.01
1771219191,2026-02-16T13:19:51.637449,0.956,0.957,0.955,0.002,74413.25,35955.18
1771219371,2026-02-16T13:22:51.674786,0.956,0.957,0.955,0.002,74351.94,35855.18
1771219551,2026-02-16T13:25:51.556627,0.956,0.957,0.955,0.002,74351.94,35955.18
1771219731,2026-02-16T13:28:51.450657,0.9565,0.957,0.956,0.001,92927.91,35705.49
1771219911,2026-02-16T13:31:51.477383,0.9565,0.957,0.956,0.001,93898.29,35654.97
1771220091,2026-02-16T13:34:51.642822,0.9565,0.957,0.956,0.001,94383.27,35518.28
1771220271,2026-02-16T13:37:51.718546,0.9565,0.957,0.956,0.001,94360.91,34614.020000000004
1771220451,2026-02-16T13:40:51.561037,0.9555,0.956,0.955,0.001,100372.43,30143.27
1771220631,2026-02-16T13:43:51.695000,0.9555,0.956,0.955,0.001,100372.43,30023.27
1771220811,2026-02-16T13:46:51.802745,0.9555,0.956,0.955,0.001,100472.43,30395.7
1771220991,2026-02-16T13:49:51.834122,0.9555,0.956,0.955,0.001,100311.09,33639.36
1771221171,2026-02-16T13:52:51.921900,0.9555,0.956,0.955,0.001,100208.28,33431.31
1771221351,2026-02-16T13:55:51.826608,0.9555,0.956,0.955,0.001,100097.16,33531.31
1771221532,2026-02-16T13:58:52.019140,0.9555,0.956,0.955,0.001,100044.29,33500.44
1771221712,2026-02-16T14:01:52.097631,0.956,0.957,0.955,0.002,92371.54,39023.659999999996
1771221892,2026-02-16T14:04:52.021741,0.9565,0.957,0.956,0.001,79778.95999999999,39005.17
1771222071,2026-02-16T14:07:51.855444,0.956,0.957,0.955,0.002,92366.51,39115.17
1771222252,2026-02-16T14:10:52.090205,0.9565,0.957,0.956,0.001,79717.79,38942.06
1771222431,2026-02-16T14:13:51.910446,0.9555,0.956,0.955,0.001,92331.97,34448.159999999996
1771222612,2026-02-16T14:16:52.242130,0.9555,0.956,0.955,0.001,90696.28,33842.64
1771222791,2026-02-16T14:19:51.900212,0.9555,0.956,0.955,0.001,90548.81,23620.38
1771222972,2026-02-16T14:22:52.238387,0.9555,0.956,0.955,0.001,90470.81,23439.49
1771223152,2026-02-16T14:25:52.225372,0.9555,0.956,0.955,0.001,90318.51,23389.19
1771223332,2026-02-16T14:28:52.169893,0.9555,0.956,0.955,0.001,89339.04,24305.94
1771223512,2026-02-16T14:31:52.240599,0.956,0.957,0.955,0.002,87426.05,39635.16
1771223692,2026-02-16T14:34:52.248145,0.956,0.957,0.955,0.002,86660.51,39493.15
1771223872,2026-02-16T14:37:52.229196,0.956,0.957,0.955,0.002,86660.51,39405.45
1771224052,2026-02-16T14:40:52.275737,0.956,0.957,0.955,0.002,86454.06999999999,40425.97
1771224232,2026-02-16T14:43:52.489332,0.9565,0.957,0.956,0.001,74479.41,39451.48
1771224412,2026-02-16T14:46:52.417725,0.9565,0.957,0.956,0.001,75036.18,38245.020000000004
1771224592,2026-02-16T14:49:52.468950,0.9565,0.957,0.956,0.001,74221.70999999999,38914.4
1771224772,2026-02-16T14:52:52.430563,0.956,0.957,0.955,0.002,85404.84999999999,40114.38
1771224952,2026-02-16T14:55:52.465878,0.9555,0.956,0.955,0.001,85339.41,25552.83
1771225132,2026-02-16T14:58:52.426378,0.956,0.957,0.955,0.002,85603.94,31809.08
1771225312,2026-02-16T15:01:52.471959,0.956,0.957,0.955,0.002,85606.20999999999,32047.4
1771225492,2026-02-16T15:04:52.684453,0.956,0.957,0.955,0.002,84271.67,32069.7
1771225672,2026-02-16T15:07:52.718298,0.956,0.957,0.955,0.002,82421.75,31951.94
1771225852,2026-02-16T15:10:52.343345,0.9555,0.956,0.955,0.001,82521.75,29426.68
1771226032,2026-02-16T15:13:52.627753,0.9555,0.956,0.955,0.001,82200.66,27609.36
1771226212,2026-02-16T15:16:52.652144,0.9555,0.956,0.955,0.001,81084.59,27559.99
1771226392,2026-02-16T15:19:52.658088,0.9555,0.956,0.955,0.001,80211.12,27531.53
1771226572,2026-02-16T15:22:52.652133,0.9555,0.956,0.955,0.001,80061.95999999999,27651.2
1771226752,2026-02-16T15:25:52.689255,0.9555,0.956,0.955,0.001,78805.91,27251.2
1771226932,2026-02-16T15:28:52.640269,0.9555,0.956,0.955,0.001,78571.31,27172.03
1771227112,2026-02-16T15:31:52.606126,0.9555,0.956,0.955,0.001,78013.3,27422.29
1771227292,2026-02-16T15:34:52.848557,0.9555,0.956,0.955,0.001,78113.3,26206.22
1771227472,2026-02-16T15:37:52.835427,0.9555,0.956,0.955,0.001,78070.54,27798.86
1771227652,2026-02-16T15:40:52.907139,0.9545,0.955,0.954,0.001,92665.84999999999,25623.35
1771227837,2026-02-16T15:43:57.485629,0.9545,0.955,0.954,0.001,92825.23,26764.29
1771228012,2026-02-16T15:46:52.735354,0.9545,0.955,0.954,0.001,92688.59,25939.489999999998
1771228192,2026-02-16T15:49:52.714796,0.9545,0.955,0.954,0.001,92688.59,25898.6
1771228373,2026-02-16T15:52:53.095753,0.9545,0.955,0.954,0.001,95007.12,25958.02
1771228552,2026-02-16T15:55:52.868668,0.9545,0.955,0.954,0.001,94955.09999999999,25866.12
1771228733,2026-02-16T15:58:53.030311,0.955,0.956,0.954,0.002,94911.16,26763.12
1771228913,2026-02-16T16:01:53.062953,0.9545,0.955,0.954,0.001,94956.95999999999,26854.63
1771229093,2026-02-16T16:04:53.009731,0.9545,0.955,0.954,0.001,94956.95999999999,26854.63
1771229273,2026-02-16T16:07:53.225362,0.9545,0.955,0.954,0.001,94879.19,26776.86
1771229453,2026-02-16T16:10:53.223785,0.9545,0.955,0.954,0.001,94394.54,26671.3
1771229632,2026-02-16T16:13:52.950758,0.9545,0.955,0.954,0.001,94360.34999999999,26637.11
1771229813,2026-02-16T16:16:53.223940,0.9545,0.955,0.954,0.001,94324.18,26357.08
1771229993,2026-02-16T16:19:53.221221,0.9545,0.955,0.954,0.001,94163.55,26261.33
1771230173,2026-02-16T16:22:53.230812,0.9555,0.956,0.955,0.001,94028.03,26092.43
1771230353,2026-02-16T16:25:53.221518,0.9555,0.956,0.955,0.001,91574.48,26038.88
1771230533,2026-02-16T16:28:53.235730,0.9555,0.956,0.955,0.001,91266.09999999999,26007.8
1771230713,2026-02-16T16:31:53.161853,0.956,0.957,0.955,0.002,91061.76,28522.78
1771230893,2026-02-16T16:34:53.406341,0.956,0.957,0.955,0.002,91002.91,28374.34
1771231073,2026-02-16T16:37:53.438036,0.956,0.957,0.955,0.002,90947.06,28694.89
1771231253,2026-02-16T16:40:53.277486,0.956,0.957,0.955,0.002,90863.01,28694.89
1771231433,2026-02-16T16:43:53.440214,0.9565,0.957,0.956,0.001,78743.4,28651.08
1771231613,2026-02-16T16:46:53.420201,0.9555,0.956,0.955,0.001,90961.97,22354.45
1771231793,2026-02-16T16:49:53.441811,0.956,0.957,0.955,0.002,90917.29,27884.55
1771231973,2026-02-16T16:52:53.475732,0.9565,0.957,0.956,0.001,85591.08,28236.46
1771232153,2026-02-16T16:55:53.395266,0.9565,0.957,0.956,0.001,85437.14,28231.23
1771232333,2026-02-16T16:58:53.484513,0.9565,0.957,0.956,0.001,92523.23,28122.27
1771232513,2026-02-16T17:01:53.561082,0.9565,0.957,0.956,0.001,92467.03,27257.940000000002
1771232693,2026-02-16T17:04:53.628514,0.9565,0.957,0.956,0.001,92318.44,27267.94
1771232873,2026-02-16T17:07:53.662618,0.9565,0.957,0.956,0.001,92318.44,27267.94
1771233053,2026-02-16T17:10:53.544378,0.9565,0.957,0.956,0.001,92318.45,30123.940000000002
1771233233,2026-02-16T17:13:53.641397,0.9565,0.957,0.956,0.001,92264.78,29550.28
1771233413,2026-02-16T17:16:53.656958,0.9565,0.957,0.956,0.001,92364.78,29280.670000000002
1771233593,2026-02-16T17:19:53.563067,0.9565,0.957,0.956,0.001,92202.16,29220.670000000002
1771233773,2026-02-16T17:22:53.668535,0.9565,0.957,0.956,0.001,92144.03,29161.22
1771233953,2026-02-16T17:25:53.770763,0.9565,0.957,0.956,0.001,93144.04,29110.22
1771234133,2026-02-16T17:28:53.713736,0.9565,0.957,0.956,0.001,93093.75,29162.93
1771234313,2026-02-16T17:31:53.817505,0.9565,0.957,0.956,0.001,93193.76,30816.1
1771234493,2026-02-16T17:34:53.859881,0.9565,0.957,0.956,0.001,93193.75,31642.1
1771234674,2026-02-16T17:37:54.083325,0.9565,0.957,0.956,0.001,93193.73999999999,31742.1
1771234853,2026-02-16T17:40:53.829717,0.9565,0.957,0.956,0.001,93032.11,33680.49
1771235033,2026-02-16T17:43:53.750930,0.9565,0.957,0.956,0.001,93032.11,35742.51
1771235214,2026-02-16T17:46:54.230546,0.9565,0.957,0.956,0.001,92643.81,38638.96
1771235394,2026-02-16T17:49:54.068764,0.9565,0.957,0.956,0.001,92562.66,31183.06
1771235574,2026-02-16T17:52:54.060467,0.9565,0.957,0.956,0.001,92509.87,31129.26
1771235754,2026-02-16T17:55:54.074294,0.957,0.958,0.956,0.002,92921.95999999999,28781.23
1771235934,2026-02-16T17:58:54.254863,0.9565,0.957,0.956,0.001,100412.37,24490.98
1771236113,2026-02-16T18:01:53.900817,0.957,0.958,0.956,0.002,100411.98999999999,29167.37
1771236294,2026-02-16T18:04:54.267931,0.957,0.958,0.956,0.002,89128.62,29062.98
1771236474,2026-02-16T18:07:54.287057,0.957,0.958,0.956,0.002,89132.84,29025.079999999998
1771236654,2026-02-16T18:10:54.226238,0.957,0.958,0.956,0.002,89079.27,28828.26
1771236834,2026-02-16T18:13:54.227730,0.957,0.958,0.956,0.002,90053.58,29879.67
1771237014,2026-02-16T18:16:54.243205,0.957,0.958,0.956,0.002,90103.49,29670.45
1771237194,2026-02-16T18:19:54.532951,0.957,0.958,0.956,0.002,89842.74,29619.28
1771237374,2026-02-16T18:22:54.452631,0.957,0.958,0.956,0.002,89804.14,29781.03
1771237554,2026-02-16T18:25:54.560883,0.957,0.958,0.956,0.002,89787.06,31765.03
1771237734,2026-02-16T18:28:54.465865,0.957,0.958,0.956,0.002,89684.99,31765.03
1771237914,2026-02-16T18:31:54.433728,0.9575,0.958,0.957,0.001,46862.54,31673.98
1771238094,2026-02-16T18:34:54.664120,0.9575,0.958,0.957,0.001,46802.54,28681.12
1771238274,2026-02-16T18:37:54.471424,0.9575,0.958,0.957,0.001,46698.159999999996,28483.06
1771238454,2026-02-16T18:40:54.389536,0.9575,0.958,0.957,0.001,46554.31,28831.3
1771238634,2026-02-16T18:43:54.450386,0.9575,0.958,0.957,0.001,46242.22,28588.09
1771238814,2026-02-16T18:46:54.657697,0.9575,0.958,0.957,0.001,46265.44,28392.22
1771238994,2026-02-16T18:49:54.647092,0.9575,0.958,0.957,0.001,46167.86,28545.55
1771239174,2026-02-16T18:52:54.634123,0.9575,0.958,0.957,0.001,45968.88,27350.66
1771239354,2026-02-16T18:55:54.820860,0.9575,0.958,0.957,0.001,45968.88,27450.66
1771239538,2026-02-16T18:58:58.661305,0.9575,0.958,0.957,0.001,45914.24,28609.73
1771239714,2026-02-16T19:01:54.621485,0.9575,0.958,0.957,0.001,45808.13,29370.07
1771239894,2026-02-16T19:04:54.854402,0.9575,0.958,0.957,0.001,46458.94,29270.07
1771240074,2026-02-16T19:07:54.943550,0.9575,0.958,0.957,0.001,46458.95,40513.29
1771240254,2026-02-16T19:10:54.892967,0.9575,0.958,0.957,0.001,47085.79,39248.68
1771240434,2026-02-16T19:13:54.864329,0.9575,0.958,0.957,0.001,47098.61,40957.44
1771240614,2026-02-16T19:16:54.791693,0.9575,0.958,0.957,0.001,47394.75,40000.1
1771240794,2026-02-16T19:19:54.876666,0.957,0.958,0.956,0.002,91456.15,36929.8
1771240975,2026-02-16T19:22:55.089191,0.957,0.958,0.956,0.002,91405.84,36682.72
1771241155,2026-02-16T19:25:55.240651,0.957,0.958,0.956,0.002,91905.84999999999,36677.5
1771241335,2026-02-16T19:28:55.103147,0.957,0.958,0.956,0.002,91248.94,36307.53
1771241515,2026-02-16T19:31:55.064891,0.957,0.958,0.956,0.002,91348.94,31533.7
1771241695,2026-02-16T19:34:55.092749,0.9575,0.958,0.957,0.001,50758.64,31470.64
1771241875,2026-02-16T19:37:55.223764,0.9575,0.958,0.957,0.001,50758.61,31429.95
1771242055,2026-02-16T19:40:55.016072,0.9575,0.958,0.957,0.001,50686.369999999995,31397.27
1771242234,2026-02-16T19:43:54.922268,0.9575,0.958,0.957,0.001,47158.89,33049.06
1771242415,2026-02-16T19:46:55.270926,0.9575,0.958,0.957,0.001,47107.36,35676.52
1771242595,2026-02-16T19:49:55.055973,0.957,0.958,0.956,0.002,91249.86,35414.229999999996
1771242775,2026-02-16T19:52:55.055436,0.9575,0.958,0.957,0.001,47227.86,35464.229999999996
1771242955,2026-02-16T19:55:55.219607,0.957,0.958,0.956,0.002,90351.06,35404.88
1771243135,2026-02-16T19:58:55.234782,0.957,0.958,0.956,0.002,90083.45999999999,35331.04
1771243315,2026-02-16T20:01:55.221477,0.9565,0.957,0.956,0.001,89772.20999999999,31270.79
1771243495,2026-02-16T20:04:55.224863,0.9565,0.957,0.956,0.001,89708.97,31487.940000000002
1771243675,2026-02-16T20:07:55.368217,0.9565,0.957,0.956,0.001,88726.33,30465.8
1771243855,2026-02-16T20:10:55.444253,0.957,0.958,0.956,0.002,87467.76,35133.37
1771244035,2026-02-16T20:13:55.400867,0.9575,0.958,0.957,0.001,43191.17,38107.79
1771244215,2026-02-16T20:16:55.442168,0.9575,0.958,0.957,0.001,43191.17,38107.79
1771244395,2026-02-16T20:19:55.430080,0.9575,0.958,0.957,0.001,43144.65,38207.79
1771244575,2026-02-16T20:22:55.653727,0.9575,0.958,0.957,0.001,43096.67,38161.89
1771244755,2026-02-16T20:25:55.434064,0.9575,0.958,0.957,0.001,43196.67,38017.340000000004
1771244935,2026-02-16T20:28:55.683642,0.9575,0.958,0.957,0.001,42953.15,37863.81
1771245115,2026-02-16T20:31:55.588900,0.9565,0.957,0.956,0.001,87220.38,53047.87
1771245299,2026-02-16T20:34:59.652186,0.9565,0.957,0.956,0.001,87220.38,53066.47
1771245475,2026-02-16T20:37:55.484521,0.9565,0.957,0.956,0.001,87220.38,52966.47
1771245655,2026-02-16T20:40:55.624679,0.9565,0.957,0.956,0.001,87163.47,52909.55
1771245835,2026-02-16T20:43:55.693932,0.9565,0.957,0.956,0.001,87063.66,49901.76
1771246015,2026-02-16T20:46:55.752076,0.9565,0.957,0.956,0.001,87063.66,47901.76
1771246195,2026-02-16T20:49:55.627750,0.9565,0.957,0.956,0.001,87037.6,47899.43
1771246375,2026-02-16T20:52:55.857132,0.9565,0.957,0.956,0.001,86974.58,47340.23
1771246555,2026-02-16T20:55:55.836105,0.9565,0.957,0.956,0.001,86859.79,47643.44
1771246735,2026-02-16T20:58:55.824998,0.9565,0.957,0.956,0.001,86830.94,46953.2
1771246915,2026-02-16T21:01:55.821390,0.9565,0.957,0.956,0.001,86785.67,47332.83
1771247095,2026-02-16T21:04:55.834149,0.9565,0.957,0.956,0.001,86503.64,47195.47
1771247276,2026-02-16T21:07:56.055310,0.9565,0.957,0.956,0.001,86400.22,47092.05
1771247456,2026-02-16T21:10:56.011730,0.9565,0.957,0.956,0.001,86498.11,47071.73
1771247636,2026-02-16T21:13:56.095738,0.9565,0.957,0.956,0.001,86498.11,50757.630000000005
1771247816,2026-02-16T21:16:56.082276,0.9565,0.957,0.956,0.001,86463.53,50679.06
1771247996,2026-02-16T21:19:56.243304,0.9565,0.957,0.956,0.001,86305.16,50540.61
1771248176,2026-02-16T21:22:56.276598,0.9565,0.957,0.956,0.001,86205.16,50740.61
1771248356,2026-02-16T21:25:56.046654,0.9565,0.957,0.956,0.001,86205.16,50491.56
1771248535,2026-02-16T21:28:55.919878,0.9565,0.957,0.956,0.001,86100.67,48745.56
1771248716,2026-02-16T21:31:56.044863,0.9565,0.957,0.956,0.001,85786.12,47988.22
1771248896,2026-02-16T21:34:56.257617,0.9565,0.957,0.956,0.001,85780.9,46482.990000000005
1771249076,2026-02-16T21:37:56.223987,0.9565,0.957,0.956,0.001,85672.44,45506.46
1771249256,2026-02-16T21:40:56.395633,0.9565,0.957,0.956,0.001,85572.85,38837.11
1771249441,2026-02-16T21:44:01.153737,0.9565,0.957,0.956,0.001,85572.85,38780.45
1771249616,2026-02-16T21:46:56.256417,0.9565,0.957,0.956,0.001,85416.19,38780.45
1771249796,2026-02-16T21:49:56.269641,0.9565,0.957,0.956,0.001,85402.55,38613.840000000004
1771249976,2026-02-16T21:52:56.236849,0.9565,0.957,0.956,0.001,86162.55,38610.7
1771250156,2026-02-16T21:55:56.439637,0.9565,0.957,0.956,0.001,86062.6,38511.36
1771250336,2026-02-16T21:58:56.477882,0.9565,0.957,0.956,0.001,85342.52,38418.56
1771250516,2026-02-16T22:01:56.443328,0.9565,0.957,0.956,0.001,84679.37,38418.56
1771250696,2026-02-16T22:04:56.438189,0.9565,0.957,0.956,0.001,84589.15,38328.340000000004
1771250881,2026-02-16T22:08:01.237701,0.9565,0.957,0.956,0.001,84900.23,38266.7
1771251056,2026-02-16T22:10:56.442541,0.9565,0.957,0.956,0.001,84714.37,38106.74
1771251236,2026-02-16T22:13:56.432211,0.9565,0.957,0.956,0.001,84814.37,47837.51
1771251416,2026-02-16T22:16:56.448618,0.9565,0.957,0.956,0.001,83836.88,48182.8
1771251596,2026-02-16T22:19:56.452183,0.9565,0.957,0.956,0.001,83781.66,48071.880000000005
1771251776,2026-02-16T22:22:56.991244,0.9565,0.957,0.956,0.001,83686.36,47711.490000000005
1771251956,2026-02-16T22:25:56.565421,0.9565,0.957,0.956,0.001,83686.36,35937.46
1771252136,2026-02-16T22:28:56.743053,0.9565,0.957,0.956,0.001,83624.74,37875.840000000004
1771252316,2026-02-16T22:31:56.627281,0.9565,0.957,0.956,0.001,84083.77,37834.86
1771252496,2026-02-16T22:34:56.668940,0.9565,0.957,0.956,0.001,83993.03,37898.05
1771252681,2026-02-16T22:38:01.051794,0.9565,0.957,0.956,0.001,83943.56999999999,37848.590000000004
1771252856,2026-02-16T22:40:56.704809,0.9565,0.957,0.956,0.001,83741.03,36868.04
1771253036,2026-02-16T22:43:56.740703,0.9565,0.957,0.956,0.001,83298.61,37445.73
1771253216,2026-02-16T22:46:56.887855,0.9565,0.957,0.956,0.001,83518.61,37445.73
1771253396,2026-02-16T22:49:56.882592,0.9565,0.957,0.956,0.001,83471.31999999999,37457.15
1771253576,2026-02-16T22:52:56.836092,0.9565,0.957,0.956,0.001,82712.72,37697.15
1771253757,2026-02-16T22:55:57.089501,0.9565,0.957,0.956,0.001,82599.99,43583.48
1771253936,2026-02-16T22:58:56.866637,0.9565,0.957,0.956,0.001,82699.99,35623.69
1771254116,2026-02-16T23:01:56.855850,0.9565,0.957,0.956,0.001,83048.15,36388.26
1771254297,2026-02-16T23:04:57.153853,0.9565,0.957,0.956,0.001,83643.12,39348.0
1771254477,2026-02-16T23:07:57.059996,0.9565,0.957,0.956,0.001,83315.34,39867.41
1771254657,2026-02-16T23:10:57.097386,0.9555,0.956,0.955,0.001,95292.05,36090.36
1771254837,2026-02-16T23:13:57.099929,0.956,0.957,0.955,0.002,95392.05,35267.229999999996
1771255017,2026-02-16T23:16:57.079230,0.956,0.957,0.955,0.002,95392.05,35223.37
1771255197,2026-02-16T23:19:57.062625,0.956,0.957,0.955,0.002,95306.31,35274.97
1771255376,2026-02-16T23:22:56.970439,0.956,0.957,0.955,0.002,65205.259999999995,35274.97
1771255556,2026-02-16T23:25:56.998663,0.956,0.957,0.955,0.002,65299.259999999995,35504.35
1771255736,2026-02-16T23:28:56.878180,0.956,0.957,0.955,0.002,64991.5,35504.35
1771255917,2026-02-16T23:31:57.269789,0.956,0.957,0.955,0.002,64991.5,35504.35
1771256097,2026-02-16T23:34:57.235573,0.956,0.957,0.955,0.002,64826.880000000005,35538.83
1771256277,2026-02-16T23:37:57.247035,0.9565,0.957,0.956,0.001,53574.74,35487.13
1771256457,2026-02-16T23:40:57.231860,0.956,0.957,0.955,0.002,64677.46,35495.95
1771256637,2026-02-16T23:43:57.683931,0.9565,0.957,0.956,0.001,67518.76000000001,33311.09
1771256817,2026-02-16T23:46:57.620591,0.9565,0.957,0.956,0.001,67518.76000000001,33307.52
1771256997,2026-02-16T23:49:57.444230,0.9565,0.957,0.956,0.001,67020.23,33244.909999999996
1771257177,2026-02-16T23:52:57.252890,0.9565,0.957,0.956,0.001,66021.19,34481.909999999996
1771257357,2026-02-16T23:55:57.445024,0.9565,0.957,0.956,0.001,65823.85,34416.659999999996
1771257537,2026-02-16T23:58:57.449445,0.9565,0.957,0.956,0.001,65823.85,34416.659999999996
1771257717,2026-02-17T00:01:57.440693,0.9565,0.957,0.956,0.001,65623.85,34316.659999999996
1771257897,2026-02-17T00:04:57.434407,0.9565,0.957,0.956,0.001,65602.63,34295.44
1771258077,2026-02-17T00:07:57.652824,0.9565,0.957,0.956,0.001,65602.63,33934.07
1771258257,2026-02-17T00:10:57.424036,0.9565,0.957,0.956,0.001,65549.68000000001,33881.12
1771258437,2026-02-17T00:13:57.394710,0.9565,0.957,0.956,0.001,65501.590000000004,33833.03
1771258617,2026-02-17T00:16:57.447571,0.9565,0.957,0.956,0.001,65184.97,34735.409999999996
1771258797,2026-02-17T00:19:57.654024,0.9565,0.957,0.956,0.001,65096.97,34539.409999999996
1771258977,2026-02-17T00:22:57.887757,0.9565,0.957,0.956,0.001,63093.9,34411.01
1771259157,2026-02-17T00:25:57.640513,0.9565,0.957,0.956,0.001,63125.48,34743.549999999996
1771259337,2026-02-17T00:28:57.656194,0.9565,0.957,0.956,0.001,63026.51,34591.72
1771259517,2026-02-17T00:31:57.490349,0.9565,0.957,0.956,0.001,63026.51,32591.72
1771259697,2026-02-17T00:34:57.638464,0.9565,0.957,0.956,0.001,62972.31,32614.53
1771259877,2026-02-17T00:37:57.701266,0.9565,0.957,0.956,0.001,62961.69,32712.5
1771260057,2026-02-17T00:40:57.677443,0.9565,0.957,0.956,0.001,62839.8,32963.59
1771260237,2026-02-17T00:43:57.853899,0.9565,0.957,0.956,0.001,57844.91,32912.57
1771260417,2026-02-17T00:46:57.786700,0.9565,0.957,0.956,0.001,57747.840000000004,32469.55
1771260597,2026-02-17T00:49:57.844589,0.9565,0.957,0.956,0.001,56594.490000000005,32478.149999999998
1771260777,2026-02-17T00:52:57.849393,0.9565,0.957,0.956,0.001,53184.130000000005,30478.149999999998
1771260957,2026-02-17T00:55:57.828445,0.9555,0.956,0.955,0.001,64406.009999999995,33750.19
1771261138,2026-02-17T00:58:58.062251,0.9555,0.956,0.955,0.001,64406.009999999995,33668.31
1771261317,2026-02-17T01:01:57.824448,0.9555,0.956,0.955,0.001,64298.380000000005,33660.69
1771261498,2026-02-17T01:04:58.058302,0.9555,0.956,0.955,0.001,64293.479999999996,33660.69
1771261677,2026-02-17T01:07:57.845543,0.9565,0.957,0.956,0.001,54762.31,40458.32
1771261857,2026-02-17T01:10:57.888965,0.9565,0.957,0.956,0.001,54752.58,42143.42
1771262038,2026-02-17T01:13:58.058319,0.9565,0.957,0.956,0.001,54641.97,42479.049999999996
1771262217,2026-02-17T01:16:57.985509,0.9565,0.957,0.956,0.001,54641.97,42839.049999999996
1771262398,2026-02-17T01:19:58.049101,0.9565,0.957,0.956,0.001,54232.03,42267.69
1771262578,2026-02-17T01:22:58.140215,0.9565,0.957,0.956,0.001,53767.9,42000.1
1771262758,2026-02-17T01:25:58.231268,0.9565,0.957,0.956,0.001,53724.08,42003.07
1771262938,2026-02-17T01:28:58.235178,0.956,0.957,0.955,0.002,64444.479999999996,41650.36
1771263118,2026-02-17T01:31:58.250338,0.956,0.957,0.955,0.002,64322.25,41650.36
1771263298,2026-02-17T01:34:58.244553,0.956,0.957,0.955,0.002,64238.2,41185.06
1771263478,2026-02-17T01:37:58.808832,0.956,0.957,0.955,0.002,64095.44,41455.41
1771263658,2026-02-17T01:40:58.459527,0.956,0.957,0.955,0.002,64050.74,41366.57
1771263838,2026-02-17T01:43:58.588203,0.956,0.957,0.955,0.002,64050.74,41217.53
1771264018,2026-02-17T01:46:58.464035,0.956,0.957,0.955,0.002,64050.74,41180.67
1771264198,2026-02-17T01:49:58.513557,0.956,0.957,0.955,0.002,63663.270000000004,41232.82
1771264378,2026-02-17T01:52:58.510550,0.956,0.957,0.955,0.002,63663.270000000004,39852.55
1771264558,2026-02-17T01:55:58.446745,0.956,0.957,0.955,0.002,63577.89,39767.17
1771264738,2026-02-17T01:58:58.463243,0.956,0.957,0.955,0.002,61836.130000000005,39712.45
1771264918,2026-02-17T02:01:58.480366,0.9565,0.957,0.956,0.001,54437.73,39657.95
1771265098,2026-02-17T02:04:58.654218,0.9565,0.957,0.956,0.001,53980.91,39271.13
1771265278,2026-02-17T02:07:58.719052,0.9565,0.957,0.956,0.001,53873.85,39264.07
1771265458,2026-02-17T02:10:58.662093,0.9565,0.957,0.956,0.001,49773.880000000005,39209.56
1771265638,2026-02-17T02:13:58.672535,0.9565,0.957,0.956,0.001,49773.880000000005,39109.56
1771265818,2026-02-17T02:16:58.681055,0.9565,0.957,0.956,0.001,49773.880000000005,39037.11
1771265998,2026-02-17T02:19:58.672255,0.9565,0.957,0.956,0.001,49822.880000000005,39105.439999999995
1771266178,2026-02-17T02:22:58.681522,0.9565,0.957,0.956,0.001,49822.880000000005,39005.439999999995
1771266358,2026-02-17T02:25:58.665248,0.9565,0.957,0.956,0.001,49922.880000000005,38866.07
1771266538,2026-02-17T02:28:58.651182,0.9565,0.957,0.956,0.001,49937.810000000005,39733.909999999996
1771266718,2026-02-17T02:31:58.913233,0.9565,0.957,0.956,0.001,49936.770000000004,39710.74
1771266898,2026-02-17T02:34:58.665371,0.9565,0.957,0.956,0.001,49890.12,39617.97
1771267078,2026-02-17T02:37:58.909687,0.9565,0.957,0.956,0.001,49844.0,38958.729999999996
1771267258,2026-02-17T02:40:58.867211,0.9555,0.956,0.955,0.001,61307.63,38160.78
1771267438,2026-02-17T02:43:58.908037,0.9555,0.956,0.955,0.001,61240.52,38115.9
1771267618,2026-02-17T02:46:58.901110,0.9555,0.956,0.955,0.001,61240.52,38057.61
1771267799,2026-02-17T02:49:59.214288,0.9555,0.956,0.955,0.001,61192.229999999996,38157.61
1771267979,2026-02-17T02:52:59.101355,0.9555,0.956,0.955,0.001,61192.229999999996,38157.61
1771268159,2026-02-17T02:55:59.108042,0.9565,0.957,0.956,0.001,53363.5,39313.04
1771268339,2026-02-17T02:58:59.070046,0.9565,0.957,0.956,0.001,53302.26,39266.33
1771268519,2026-02-17T03:01:59.094737,0.9565,0.957,0.956,0.001,53140.55,39308.43
1771268699,2026-02-17T03:04:59.217152,0.9565,0.957,0.956,0.001,53540.54,39256.549999999996
1771268879,2026-02-17T03:07:59.083774,0.9565,0.957,0.956,0.001,53381.54,42132.02
1771269059,2026-02-17T03:10:59.077418,0.9565,0.957,0.956,0.001,53234.14,42084.61
1771269239,2026-02-17T03:13:59.283934,0.9565,0.957,0.956,0.001,53230.81,41935.299999999996
1771269419,2026-02-17T03:16:59.044261,0.9565,0.957,0.956,0.001,53179.83,41835.299999999996
1771269599,2026-02-17T03:19:59.305649,0.9565,0.957,0.956,0.001,52942.96,41790.43
1771269779,2026-02-17T03:22:59.242441,0.9565,0.957,0.956,0.001,52779.3,41796.95
1771269959,2026-02-17T03:25:59.286564,0.9565,0.957,0.956,0.001,52632.97,41295.98
1771270139,2026-02-17T03:28:59.270611,0.9565,0.957,0.956,0.001,52552.82,39839.3
1771270319,2026-02-17T03:31:59.296367,0.9565,0.957,0.956,0.001,52560.49,39697.68
1771270499,2026-02-17T03:34:59.454384,0.9565,0.957,0.956,0.001,52392.31,39678.78
1771270679,2026-02-17T03:37:59.679045,0.9565,0.957,0.956,0.001,52489.47,39518.68
1771270859,2026-02-17T03:40:59.324898,0.9565,0.957,0.956,0.001,52323.82,39502.8
1771271039,2026-02-17T03:43:59.496500,0.9565,0.957,0.956,0.001,52323.82,39502.8
1771271219,2026-02-17T03:46:59.458750,0.9565,0.957,0.956,0.001,52176.93,39402.8
1771271399,2026-02-17T03:49:59.464403,0.9565,0.957,0.956,0.001,51440.24,39347.93
1771271579,2026-02-17T03:52:59.451711,0.9565,0.957,0.956,0.001,51378.41,39280.92
1771271759,2026-02-17T03:55:59.487569,0.9565,0.957,0.956,0.001,51428.46,39279.090000000004
1771271939,2026-02-17T03:58:59.686181,0.9565,0.957,0.956,0.001,49061.72,39130.64
1771272119,2026-02-17T04:01:59.623688,0.9555,0.956,0.955,0.001,61192.229999999996,38512.36
1771272299,2026-02-17T04:04:59.657855,0.956,0.957,0.955,0.002,61093.82,38958.9
1771272479,2026-02-17T04:07:59.653385,0.956,0.957,0.955,0.002,60996.99,38862.47
1771272659,2026-02-17T04:10:59.664258,0.9565,0.957,0.956,0.001,48870.369999999995,38703.21
1771272839,2026-02-17T04:13:59.649440,0.9565,0.957,0.956,0.001,48870.369999999995,38803.21
1771273019,2026-02-17T04:16:59.723538,0.9565,0.957,0.956,0.001,49335.63,38370.76
1771273199,2026-02-17T04:19:59.686486,0.9565,0.957,0.956,0.001,49509.119999999995,38379.05
1771273379,2026-02-17T04:22:59.691303,0.9565,0.957,0.956,0.001,49276.78,38073.96
1771273559,2026-02-17T04:25:59.663527,0.9565,0.957,0.956,0.001,49276.78,37873.52
1771273739,2026-02-17T04:28:59.719130,0.9565,0.957,0.956,0.001,49269.78,37828.03
1771273919,2026-02-17T04:31:59.690205,0.9565,0.957,0.956,0.001,49124.29,37775.91
1771274099,2026-02-17T04:34:59.725116,0.9565,0.957,0.956,0.001,49073.22,37775.119999999995
1771274284,2026-02-17T04:38:04.364759,0.956,,,0.002,61373.47,37698.98
1771274459,2026-02-17T04:40:59.834189,0.956,0.957,0.955,0.002,59479.61,35918.979999999996
1771274639,2026-02-17T04:43:59.884802,0.9555,0.956,0.955,0.001,59424.44,35842.67
1771274819,2026-02-17T04:46:59.903511,0.9555,0.956,0.955,0.001,59446.55,35518.86
1771274999,2026-02-17T04:49:59.847839,0.941,0.95,0.932,0.018,41095.43,16004.11
1771275180,2026-02-17T04:53:00.074407,0.945,0.947,0.943,0.004,4248.7,133.45999999999998
1771275359,2026-02-17T04:55:59.866420,0.951,0.953,0.949,0.004,1984.05,23892.719999999998
1771275540,2026-02-17T04:59:00.251728,0.953,0.954,0.952,0.002,243.14000000000001,30813.61
1771275720,2026-02-17T05:02:00.237715,0.9535,0.954,0.953,0.001,18281.53,30774.86
1771275900,2026-02-17T05:05:00.690775,0.9465,0.945,0.943,0.007,17502.89,2451.65
1771276080,2026-02-17T05:08:00.081221,0.946,0.947,0.945,0.002,14592.27,283.78999999999996
1771276260,2026-02-17T05:11:00.055958,0.9465,0.947,0.946,0.001,4648.84,547.99
1771276440,2026-02-17T05:14:00.100379,0.948,0.95,0.946,0.004,4830.84,7989.7
1771276620,2026-02-17T05:17:00.228198,0.948,0.95,0.946,0.004,4830.84,8122.86
1771276804,2026-02-17T05:20:04.450507,0.948,0.95,0.946,0.004,14199.13,3165.75
1771276980,2026-02-17T05:23:00.255116,0.948,0.949,0.947,0.002,6904.36,870.75
1771277160,2026-02-17T05:26:00.329204,0.9445,0.945,0.944,0.001,1087.99,6351.0
1771277340,2026-02-17T05:29:00.253644,0.9425,0.943,0.942,0.001,18628.78,23483.59
1771277520,2026-02-17T05:32:00.283470,0.9435,0.944,0.943,0.001,26012.0,26462.26
1771277700,2026-02-17T05:35:00.318598,0.9435,0.944,0.943,0.001,25632.56,4724.46
1771277880,2026-02-17T05:38:00.302591,0.944,0.945,0.943,0.002,25576.57,13761.1
1771278060,2026-02-17T05:41:00.484012,0.945,0.946,0.944,0.002,24732.01,13091.820000000002
1771278240,2026-02-17T05:44:00.302958,0.9455,0.946,0.945,0.001,19402.11,13134.24
1771278420,2026-02-17T05:47:00.452523,0.9455,0.946,0.945,0.001,19416.79,13275.09
1771278600,2026-02-17T05:50:00.665197,0.946,0.947,0.945,0.002,16741.09,13152.69
1771278960,2026-02-17T05:56:00.593039,0.9445,0.945,0.944,0.001,32844.75,7322.780000000001
1771279140,2026-02-17T05:59:00.452197,0.9445,0.945,0.944,0.001,25939.75,5280.780000000001
1771279320,2026-02-17T06:02:00.479791,0.945,0.946,0.944,0.002,26081.42,13631.11
1771279500,2026-02-17T06:05:00.496361,0.9445,0.945,0.944,0.001,26156.42,20216.26
1771279680,2026-02-17T06:08:00.658833,0.9445,0.945,0.944,0.001,27315.35,20359.059999999998
1771279860,2026-02-17T06:11:00.667733,0.944,0.944,0.943,0.001,25424.85,19339.66
1771280040,2026-02-17T06:14:00.579931,0.9445,0.945,0.944,0.001,25473.93,63616.35
1771280220,2026-02-17T06:17:00.696360,0.9445,0.945,0.944,0.001,24730.09,63516.869999999995
1771280400,2026-02-17T06:20:00.715112,0.9435,0.944,0.943,0.001,25103.63,18620.11
1771280580,2026-02-17T06:23:00.739466,0.943,0.944,0.942,0.002,28347.9,18599.620000000003
1771280760,2026-02-17T06:26:00.847835,0.944,0.945,0.943,0.002,23791.85,62933.63
1771280940,2026-02-17T06:29:00.866160,0.9425,0.943,0.942,0.001,29389.33,19595.27
1771281121,2026-02-17T06:32:01.214862,0.944,0.945,0.943,0.002,28873.670000000002,67994.22
1771281300,2026-02-17T06:35:00.883531,0.943,0.944,0.942,0.002,31758.74,23374.4
1771281480,2026-02-17T06:38:00.871824,0.943,0.944,0.942,0.002,31707.05,23308.55
1771281661,2026-02-17T06:41:01.177427,0.943,0.944,0.942,0.002,31700.05,23706.61
1771281841,2026-02-17T06:44:01.100606,0.943,0.944,0.942,0.002,31906.11,23180.010000000002
1771282021,2026-02-17T06:47:01.251027,0.9435,0.944,0.943,0.001,27420.53,23492.28
1771282201,2026-02-17T06:50:01.225245,0.9425,0.943,0.942,0.001,31794.34,22045.54
1771282381,2026-02-17T06:53:01.126837,0.943,0.944,0.942,0.002,34208.48,23444.18
1771282561,2026-02-17T06:56:01.107002,0.943,0.944,0.942,0.002,34166.75,23444.18
1771282741,2026-02-17T06:59:01.062311,0.943,0.944,0.942,0.002,34166.75,20374.29
1771282921,2026-02-17T07:02:01.247176,0.944,0.945,0.943,0.002,32663.17,64676.29
1771283101,2026-02-17T07:05:01.219797,0.943,0.944,0.942,0.002,37130.93,20414.56
1771283281,2026-02-17T07:08:01.274705,0.9435,0.944,0.943,0.001,31451.7,18231.5
1771283461,2026-02-17T07:11:01.112459,0.944,0.945,0.943,0.002,31575.7,62748.17
1771283641,2026-02-17T07:14:01.229428,0.9435,0.944,0.943,0.001,31670.7,18224.83
1771283821,2026-02-17T07:17:01.382531,0.945,0.946,0.944,0.002,30808.68,60994.96
1771284001,2026-02-17T07:20:01.471497,0.945,0.946,0.944,0.002,30781.1,60258.759999999995
1771284181,2026-02-17T07:23:01.303515,0.945,0.946,0.944,0.002,28025.77,80209.33
1771284361,2026-02-17T07:26:01.306305,0.945,0.946,0.944,0.002,27872.77,79788.33
1771284541,2026-02-17T07:29:01.648288,0.945,0.946,0.944,0.002,27933.579999999998,80117.14
1771284721,2026-02-17T07:32:01.684497,0.945,0.946,0.944,0.002,29886.239999999998,80069.8
1771284901,2026-02-17T07:35:01.472229,0.9445,0.945,0.944,0.001,30390.989999999998,80074.5
1771285081,2026-02-17T07:38:01.470185,0.945,0.946,0.944,0.002,30335.3,80019.84999999999
1771285261,2026-02-17T07:41:01.645977,0.9445,0.945,0.944,0.001,30278.69,80063.23999999999
1771285441,2026-02-17T07:44:01.441148,0.9455,0.946,0.945,0.001,18254.91,80017.56
1771285621,2026-02-17T07:47:01.579404,0.945,0.946,0.944,0.002,27479.19,77758.70999999999
1771285801,2026-02-17T07:50:01.637799,0.945,0.946,0.944,0.002,27474.19,77958.70999999999
1771285981,2026-02-17T07:53:01.685155,0.945,0.946,0.944,0.002,27574.19,78603.0
1771286161,2026-02-17T07:56:01.484948,0.945,0.946,0.944,0.002,29674.21,77724.86
1771286341,2026-02-17T07:59:01.703068,0.9445,0.945,0.944,0.001,29628.99,78661.79
1771286521,2026-02-17T08:02:01.666531,0.943,0.944,0.942,0.002,37727.54,13927.91
1771286701,2026-02-17T08:05:01.676233,0.9435,0.944,0.943,0.001,33412.06,14447.81
1771286881,2026-02-17T08:08:01.731487,0.9435,0.944,0.943,0.001,33438.090000000004,14536.53
1771287061,2026-02-17T08:11:01.874404,0.9435,0.944,0.943,0.001,33338.090000000004,14724.07
1771287241,2026-02-17T08:14:01.697351,0.9435,0.944,0.943,0.001,33338.090000000004,15107.23
1771287421,2026-02-17T08:17:01.698146,0.943,0.944,0.942,0.002,37830.04,15048.53
1771287601,2026-02-17T08:20:01.661870,0.943,0.944,0.942,0.002,37753.52,14950.43
1771287781,2026-02-17T08:23:01.897344,0.9425,0.943,0.942,0.001,36741.93,13474.43
1771287961,2026-02-17T08:26:01.626669,0.943,0.944,0.942,0.002,36491.89,19717.39
1771288141,2026-02-17T08:29:01.907655,0.943,0.944,0.942,0.002,36536.75,19786.89
1771288321,2026-02-17T08:32:01.899177,0.943,0.944,0.942,0.002,36682.12,19766.89
1771288501,2026-02-17T08:35:01.973439,0.943,0.944,0.942,0.002,36627.94,19812.71
1771288682,2026-02-17T08:38:02.159799,0.943,0.944,0.942,0.002,36483.49,19313.26
1771288861,2026-02-17T08:41:01.913465,0.943,0.944,0.942,0.002,36180.89,19403.54
1771289045,2026-02-17T08:44:05.934873,0.943,0.944,0.942,0.002,36127.17,19211.81
1771289222,2026-02-17T08:47:02.084242,0.9435,0.944,0.943,0.001,32210.13,19691.81
1771289402,2026-02-17T08:50:02.037258,0.9445,0.945,0.944,0.001,26026.8,81523.20999999999
1771289582,2026-02-17T08:53:02.225827,0.944,0.945,0.943,0.002,31917.91,81377.94
1771289762,2026-02-17T08:56:02.237085,0.943,0.944,0.942,0.002,34405.69,24427.56
1771289942,2026-02-17T08:59:02.038347,0.943,0.944,0.942,0.002,34405.69,24991.28
1771290122,2026-02-17T09:02:02.098473,0.943,0.944,0.942,0.002,34490.12,24845.71
1771290302,2026-02-17T09:05:02.134725,0.9435,0.944,0.943,0.001,30106.670000000002,24799.75
1771290482,2026-02-17T09:08:02.230448,0.9435,0.944,0.943,0.001,30106.670000000002,24799.75
1771290662,2026-02-17T09:11:02.263260,0.9435,0.944,0.943,0.001,30106.670000000002,24742.33
1771290842,2026-02-17T09:14:02.287146,0.9435,0.944,0.943,0.001,29911.690000000002,24690.72
1771291022,2026-02-17T09:17:02.259587,0.943,0.944,0.942,0.002,34369.46,24684.73
1771291202,2026-02-17T09:20:02.309725,0.945,0.946,0.944,0.002,24022.170000000002,78648.27
1771291382,2026-02-17T09:23:02.287772,0.945,0.946,0.944,0.002,24912.170000000002,78648.27
1771291562,2026-02-17T09:26:02.433538,0.9435,0.944,0.943,0.001,31000.850000000002,16690.71
1771291742,2026-02-17T09:29:02.643145,0.944,0.945,0.943,0.002,31040.54,78355.98999999999
1771291922,2026-02-17T09:32:02.700946,0.944,0.945,0.943,0.002,30915.190000000002,78492.5
1771292102,2026-02-17T09:35:02.534639,0.944,0.945,0.943,0.002,30783.21,78593.17
1771292282,2026-02-17T09:38:02.435538,0.944,0.945,0.943,0.002,30829.21,78546.89
1771292462,2026-02-17T09:41:02.703729,0.944,0.945,0.943,0.002,30894.16,79560.56999999999
1771292642,2026-02-17T09:44:02.448928,0.9425,0.943,0.942,0.001,34409.46,10379.61
1771292822,2026-02-17T09:47:02.455658,0.944,0.945,0.943,0.002,31046.690000000002,77502.84999999999
1771293002,2026-02-17T09:50:02.713740,0.9445,0.945,0.944,0.001,25051.690000000002,77427.13
1771293182,2026-02-17T09:53:02.643034,0.944,0.945,0.943,0.002,32064.06,77491.38
1771293362,2026-02-17T09:56:02.751811,0.9445,0.945,0.944,0.001,26063.23,77301.88
1771293542,2026-02-17T09:59:02.693249,0.945,0.946,0.944,0.002,26011.03,77352.06
1771293722,2026-02-17T10:02:02.631173,0.9435,0.944,0.943,0.001,31981.3,16277.48
1771293902,2026-02-17T10:05:02.750170,0.9435,0.944,0.943,0.001,32101.4,16077.48
1771294082,2026-02-17T10:08:02.736521,0.9435,0.944,0.943,0.001,32323.66,16051.44
1771294262,2026-02-17T10:11:02.728523,0.943,0.944,0.942,0.002,36837.29,16147.11
1771294442,2026-02-17T10:14:02.910061,0.943,0.944,0.942,0.002,36628.79,15957.65
1771294622,2026-02-17T10:17:02.894837,0.944,0.945,0.943,0.002,32195.190000000002,77769.65
1771294802,2026-02-17T10:20:02.730971,0.944,0.945,0.943,0.002,32315.190000000002,77937.59999999999
1771294983,2026-02-17T10:23:03.150681,0.944,0.945,0.943,0.002,32223.71,77855.12
1771295162,2026-02-17T10:26:02.914492,0.9435,0.944,0.943,0.001,32243.53,15891.41
1771295342,2026-02-17T10:29:02.888449,0.944,0.945,0.943,0.002,31953.87,77989.70999999999
1771295523,2026-02-17T10:32:03.235489,0.944,0.945,0.943,0.002,31923.850000000002,77488.62999999999
1771295703,2026-02-17T10:35:03.223296,0.944,0.945,0.943,0.002,31883.03,77447.81
1771295883,2026-02-17T10:38:03.213245,0.9425,0.943,0.942,0.001,36246.86,15590.78
1771296063,2026-02-17T10:41:03.170161,0.944,0.945,0.943,0.002,31797.190000000002,77458.62999999999
1771296243,2026-02-17T10:44:03.082745,0.944,0.945,0.943,0.002,31942.81,77257.28
1771296423,2026-02-17T10:47:03.072155,0.944,0.945,0.943,0.002,31942.81,77257.28
1771296602,2026-02-17T10:50:02.957832,0.9425,0.943,0.942,0.001,36434.39,77170.37999999999
1771296783,2026-02-17T10:53:03.227452,0.9445,0.945,0.944,0.001,30339.56,77094.03
1771296963,2026-02-17T10:56:03.324938,0.9445,0.945,0.944,0.001,30968.5,77121.91
1771297143,2026-02-17T10:59:03.309953,0.9445,0.945,0.944,0.001,30866.4,77121.91
1771297323,2026-02-17T11:02:03.311644,0.9445,0.945,0.944,0.001,29702.49,77096.31999999999
1771297507,2026-02-17T11:05:07.917043,0.9445,0.945,0.944,0.001,29742.88,77108.53
1771297683,2026-02-17T11:08:03.217521,0.9445,0.945,0.944,0.001,29642.88,78108.55
1771297863,2026-02-17T11:11:03.309661,0.9445,0.945,0.944,0.001,29521.38,77987.05
1771298043,2026-02-17T11:14:03.285220,0.9445,0.945,0.944,0.001,29521.38,78087.05
1771298223,2026-02-17T11:17:03.692876,0.944,0.945,0.943,0.002,35334.56,78408.54
1771298403,2026-02-17T11:20:03.434412,0.944,0.945,0.943,0.002,35334.56,78408.54
1771298583,2026-02-17T11:23:03.495580,0.9445,0.945,0.944,0.001,59324.56,16391.59
1771298763,2026-02-17T11:26:03.530958,0.9445,0.945,0.944,0.001,59270.04,15817.07
1771298943,2026-02-17T11:29:03.440740,0.9445,0.945,0.944,0.001,58505.090000000004,15922.07
1771299123,2026-02-17T11:32:03.676209,0.9445,0.945,0.944,0.001,58551.65,15544.34
1771299303,2026-02-17T11:35:03.635627,0.9445,0.945,0.944,0.001,58451.65,15544.34
1771299483,2026-02-17T11:38:03.516788,0.9445,0.945,0.944,0.001,58492.520000000004,14935.21
1771299663,2026-02-17T11:41:03.654324,0.9445,0.945,0.944,0.001,58440.72,15423.41
1771299843,2026-02-17T11:44:03.674161,0.9445,0.945,0.944,0.001,58330.51,15313.289999999999
1771300023,2026-02-17T11:47:03.683452,0.9445,0.945,0.944,0.001,58140.15,18490.03
1771300203,2026-02-17T11:50:03.699556,0.9445,0.945,0.944,0.001,58084.63,18434.51
1771300383,2026-02-17T11:53:03.686735,0.9445,0.945,0.944,0.001,58084.63,18434.51
1771300563,2026-02-17T11:56:03.632840,0.9445,0.945,0.944,0.001,58778.05,18317.93
1771300743,2026-02-17T11:59:03.672405,0.9445,0.945,0.944,0.001,58672.05,18315.98
1771300923,2026-02-17T12:02:03.566489,0.9445,0.945,0.944,0.001,58668.36,18212.29
1771301103,2026-02-17T12:05:03.710209,0.9445,0.945,0.944,0.001,58462.07,18112.29
1771301283,2026-02-17T12:08:03.678986,0.9445,0.945,0.944,0.001,58409.369999999995,18015.4
1771301463,2026-02-17T12:11:03.721002,0.9445,0.945,0.944,0.001,58465.18,18002.67
1771301643,2026-02-17T12:14:03.641718,0.9445,0.945,0.944,0.001,58305.369999999995,17939.12
1771301823,2026-02-17T12:17:03.871691,0.9445,0.945,0.944,0.001,58184.77,17882.07
1771302003,2026-02-17T12:20:03.856180,0.9445,0.945,0.944,0.001,58084.869999999995,17882.07
1771302184,2026-02-17T12:23:04.099264,0.9445,0.945,0.944,0.001,57980.93,17678.23
1771302363,2026-02-17T12:26:03.842953,0.9445,0.945,0.944,0.001,57928.96,17626.25
1771302543,2026-02-17T12:29:03.865678,0.9445,0.945,0.944,0.001,57785.11,17482.4
1771302724,2026-02-17T12:32:04.227962,0.9445,0.945,0.944,0.001,57733.81,17331.1
1771302903,2026-02-17T12:35:03.937638,0.9445,0.945,0.944,0.001,57833.81,17431.1
1771303083,2026-02-17T12:38:03.988836,0.9445,0.945,0.944,0.001,57733.81,17436.1
1771303264,2026-02-17T12:41:04.090515,0.9445,0.945,0.944,0.001,57733.81,17435.04
1771303444,2026-02-17T12:44:04.076878,0.9445,0.945,0.944,0.001,57733.81,17435.04
1771303628,2026-02-17T12:47:08.897093,0.9445,0.945,0.944,0.001,57688.69,17389.92
1771303804,2026-02-17T12:50:04.261266,0.9445,0.945,0.944,0.001,57637.369999999995,17432.4
1771303984,2026-02-17T12:53:04.042266,0.9445,0.945,0.944,0.001,57637.369999999995,17332.4
1771304164,2026-02-17T12:56:04.241311,0.9445,0.945,0.944,0.001,57363.78,17383.86
1771304344,2026-02-17T12:59:04.072384,0.944,0.945,0.943,0.002,53113.91,17289.63
1771304524,2026-02-17T13:02:04.273294,0.9435,0.944,0.943,0.001,53064.7,10809.63
1771304704,2026-02-17T13:05:04.185883,0.944,0.945,0.943,0.002,53034.7,16886.42
1771304884,2026-02-17T13:08:04.327124,0.9445,0.945,0.944,0.001,47272.49,16916.239999999998
1771305064,2026-02-17T13:11:04.663255,0.9445,0.945,0.944,0.001,47668.69,16977.95
1771305244,2026-02-17T13:14:04.248583,0.9445,0.945,0.944,0.001,48406.729999999996,17073.71
1771305424,2026-02-17T13:17:04.246325,0.944,0.945,0.943,0.002,52996.63,16994.4
1771305608,2026-02-17T13:20:08.234476,0.9445,0.945,0.944,0.001,47429.63,18961.75
1771305784,2026-02-17T13:23:04.466765,0.9445,0.945,0.944,0.001,48138.1,18976.71
1771305964,2026-02-17T13:26:04.248463,0.9445,0.945,0.944,0.001,48003.38,18839.89
1771306144,2026-02-17T13:29:04.468482,0.9445,0.945,0.944,0.001,47881.08,20339.03
1771306324,2026-02-17T13:32:04.485370,0.9445,0.945,0.944,0.001,47826.2,20132.239999999998
1771306504,2026-02-17T13:35:04.688681,0.9445,0.945,0.944,0.001,47567.74,20117.78
1771306684,2026-02-17T13:38:04.606297,0.9445,0.945,0.944,0.001,47637.74,20017.78
1771306864,2026-02-17T13:41:04.863323,0.9445,0.945,0.944,0.001,47670.75,20050.79
1771307044,2026-02-17T13:44:04.903563,0.9445,0.945,0.944,0.001,47737.92,19962.41
1771307224,2026-02-17T13:47:04.692405,0.9445,0.945,0.944,0.001,47261.13,20173.4
1771307404,2026-02-17T13:50:04.692700,0.9435,0.944,0.943,0.001,53112.63,12076.9
1771307584,2026-02-17T13:53:04.855702,0.9435,0.944,0.943,0.001,53112.63,12929.880000000001
1771307764,2026-02-17T13:56:04.648316,0.9455,0.946,0.945,0.001,42950.73,77895.01
1771308124,2026-02-17T14:02:04.870265,0.9455,0.946,0.945,0.001,51321.24,78010.98999999999
1771308304,2026-02-17T14:05:04.698719,0.9455,0.946,0.945,0.001,51315.090000000004,78004.84
1771308484,2026-02-17T14:08:04.659112,0.9455,0.946,0.945,0.001,51315.090000000004,78004.84
1771308669,2026-02-17T14:11:09.624351,0.9455,0.946,0.945,0.001,31578.27,77819.97
1771308844,2026-02-17T14:14:04.807303,0.9455,0.946,0.945,0.001,31578.27,77819.97
1771309024,2026-02-17T14:17:04.836643,0.9455,0.946,0.945,0.001,31515.63,77842.33
1771309204,2026-02-17T14:20:04.923700,0.9455,0.946,0.945,0.001,31003.13,77880.09
1771309385,2026-02-17T14:23:05.035056,0.9455,0.946,0.945,0.001,30957.48,77796.68
1771309565,2026-02-17T14:26:05.219605,0.9455,0.946,0.945,0.001,30957.48,77550.54
1771309745,2026-02-17T14:29:05.066530,0.9455,0.946,0.945,0.001,30795.34,77388.4
1771309925,2026-02-17T14:32:05.255556,0.9455,0.946,0.945,0.001,30795.34,77388.4
1771310105,2026-02-17T14:35:05.093343,0.9455,0.946,0.945,0.001,30809.34,77526.16
1771310285,2026-02-17T14:38:05.225185,0.9455,0.946,0.945,0.001,30732.9,77311.95
1771310465,2026-02-17T14:41:05.242697,0.9455,0.946,0.945,0.001,30796.53,75107.0
1771310645,2026-02-17T14:44:05.240372,0.9455,0.946,0.945,0.001,30726.18,75121.59999999999
1771310825,2026-02-17T14:47:05.085688,0.9455,0.946,0.945,0.001,51333.5,75042.7
1771311005,2026-02-17T14:50:05.326972,0.9455,0.946,0.945,0.001,51292.3,74996.22
1771311185,2026-02-17T14:53:05.074478,0.9455,0.946,0.945,0.001,51207.880000000005,75011.79
1771311365,2026-02-17T14:56:05.224651,0.946,0.947,0.945,0.002,30726.93,75089.69
1771311545,2026-02-17T14:59:05.246430,0.946,0.947,0.945,0.002,30673.47,75036.23
1771311725,2026-02-17T15:02:05.238649,0.9465,0.947,0.946,0.001,31770.98,74758.34
1771311905,2026-02-17T15:05:05.318435,0.9465,0.947,0.946,0.001,31940.73,74664.66
1771312085,2026-02-17T15:08:05.449739,0.9465,0.947,0.946,0.001,31895.3,74687.23999999999
1771312265,2026-02-17T15:11:05.238866,0.9465,0.947,0.946,0.001,31385.54,74669.59999999999
1771312445,2026-02-17T15:14:05.439421,0.9465,0.947,0.946,0.001,31485.54,75005.77
1771312625,2026-02-17T15:17:05.236265,0.9465,0.947,0.946,0.001,31485.54,75005.77
1771312805,2026-02-17T15:20:05.704022,0.9465,0.947,0.946,0.001,30755.69,75589.75
1771312985,2026-02-17T15:23:05.720513,0.9465,0.947,0.946,0.001,30755.69,75551.98999999999
1771313165,2026-02-17T15:26:05.460606,0.9465,0.947,0.946,0.001,30974.76,75521.01
1771313345,2026-02-17T15:29:05.464044,0.9465,0.947,0.946,0.001,33832.58,75974.37
1771313525,2026-02-17T15:32:05.669416,0.9465,0.947,0.946,0.001,37424.11,75887.34
1771313705,2026-02-17T15:35:05.493075,0.9465,0.947,0.946,0.001,37841.46,75827.69
1771313885,2026-02-17T15:38:05.650373,0.9465,0.947,0.946,0.001,37758.08,75744.3
1771314065,2026-02-17T15:41:05.454027,0.9465,0.947,0.946,0.001,37865.479999999996,75844.3
1771314245,2026-02-17T15:44:05.822163,0.9465,0.947,0.946,0.001,37809.96,75788.78
1771314425,2026-02-17T15:47:05.972590,0.9465,0.947,0.946,0.001,37809.96,75788.78
1771314605,2026-02-17T15:50:05.720152,0.9465,0.947,0.946,0.001,37755.68,75734.5
1771314785,2026-02-17T15:53:05.671130,0.9465,0.947,0.946,0.001,40707.38,75686.2
1771314965,2026-02-17T15:56:05.703045,0.9465,0.947,0.946,0.001,40662.36,75641.18
1771315145,2026-02-17T15:59:05.912810,0.9465,0.947,0.946,0.001,40233.659999999996,74828.98
1771315325,2026-02-17T16:02:05.731983,0.9465,0.947,0.946,0.001,40141.84,74693.4
1771315506,2026-02-17T16:05:06.237832,0.9465,0.947,0.946,0.001,40141.84,74686.51
1771315685,2026-02-17T16:08:05.657071,0.9465,0.947,0.946,0.001,40134.95,74724.27
1771315866,2026-02-17T16:11:06.230837,0.9465,0.947,0.946,0.001,40068.5,74550.05
1771316046,2026-02-17T16:14:06.238166,0.9465,0.947,0.946,0.001,40068.5,74508.06999999999
1771316226,2026-02-17T16:17:06.254524,0.9465,0.947,0.946,0.001,39926.55,74843.53
1771316406,2026-02-17T16:20:06.161748,0.9465,0.947,0.946,0.001,39730.6,74946.48999999999
1771316586,2026-02-17T16:23:06.250766,0.9465,0.947,0.946,0.001,39585.65,74899.54
1771316765,2026-02-17T16:26:05.899088,0.9465,0.947,0.946,0.001,39560.34,74951.04
1771316946,2026-02-17T16:29:06.227485,0.9465,0.947,0.946,0.001,39361.34,74945.76
1771317126,2026-02-17T16:32:06.227785,0.9465,0.947,0.946,0.001,39312.67,74898.31999999999
1771317306,2026-02-17T16:35:06.251508,0.9465,0.947,0.946,0.001,39629.7,74717.58
1771317486,2026-02-17T16:38:06.155099,0.9465,0.947,0.946,0.001,39542.25,74965.12999999999
1771317666,2026-02-17T16:41:06.075387,0.9465,0.947,0.946,0.001,39387.06,75102.89
1771317850,2026-02-17T16:44:10.971659,0.9465,0.947,0.946,0.001,39507.06,75065.12999999999
1771318026,2026-02-17T16:47:06.250493,0.9465,0.947,0.946,0.001,39158.19,74492.27
1771318206,2026-02-17T16:50:06.241824,0.9465,0.947,0.946,0.001,39095.45,74428.14
1771318386,2026-02-17T16:53:06.053572,0.9465,0.947,0.946,0.001,38923.15,74375.84
1771318566,2026-02-17T16:56:06.230488,0.9465,0.947,0.946,0.001,38874.74,74367.29
1771318751,2026-02-17T16:59:11.086631,0.9465,0.947,0.946,0.001,38672.06,74126.84
1771318926,2026-02-17T17:02:06.300082,0.9465,0.947,0.946,0.001,38672.06,74156.84
1771319106,2026-02-17T17:05:06.454693,0.9465,0.947,0.946,0.001,38672.06,74156.84
1771319286,2026-02-17T17:08:06.265667,0.9465,0.947,0.946,0.001,38619.729999999996,74104.51
1771319466,2026-02-17T17:11:06.436560,0.9465,0.947,0.946,0.001,38552.17,74036.95
1771319646,2026-02-17T17:14:06.424231,0.947,0.948,0.946,0.002,33256.54,69201.69
1771319826,2026-02-17T17:17:06.462161,0.9465,0.948,0.945,0.003,54197.43,69298.52
1771320006,2026-02-17T17:20:06.686776,0.9465,0.948,0.945,0.003,54197.43,69398.52
1771320186,2026-02-17T17:23:06.661022,0.947,0.948,0.946,0.002,33685.54,69498.52
1771320366,2026-02-17T17:26:06.457544,0.9475,0.948,0.947,0.001,22395.45,69901.34
1771320546,2026-02-17T17:29:06.454517,0.9475,0.948,0.947,0.001,22395.45,69901.34
1771320726,2026-02-17T17:32:06.505736,0.9475,0.948,0.947,0.001,22276.64,69725.34
1771320907,2026-02-17T17:35:07.058272,0.948,0.949,0.947,0.002,12307.59,83024.78
1771321086,2026-02-17T17:38:06.475233,0.9485,0.949,0.948,0.001,5081.76,83014.26
1771321266,2026-02-17T17:41:06.693510,0.9485,0.949,0.948,0.001,4963.6,80173.36
1771321446,2026-02-17T17:44:06.749870,0.9485,0.949,0.948,0.001,4963.6,80210.77
1771321626,2026-02-17T17:47:06.738722,0.9485,0.949,0.948,0.001,4963.6,80210.77
1771321807,2026-02-17T17:50:07.109971,0.9485,0.949,0.948,0.001,4963.6,80210.77
1771321987,2026-02-17T17:53:07.087683,0.9485,0.949,0.948,0.001,4963.6,79889.77
1771322166,2026-02-17T17:56:06.646419,0.9485,0.949,0.948,0.001,5063.6,79889.77
1771322346,2026-02-17T17:59:06.888019,0.9485,0.949,0.948,0.001,4963.6,77999.81
1771322526,2026-02-17T18:02:06.696429,0.9485,0.949,0.948,0.001,4963.6,77952.51
1771322706,2026-02-17T18:05:06.888352,0.9475,0.948,0.947,0.001,8047.34,63757.96
1771322887,2026-02-17T18:08:07.165727,0.9465,0.947,0.946,0.001,18684.73,63731.12
1771323066,2026-02-17T18:11:06.888803,0.947,0.948,0.946,0.002,18610.32,63606.53
1771323246,2026-02-17T18:14:06.927014,0.947,0.948,0.946,0.002,18608.91,63660.32
1771323426,2026-02-17T18:17:06.910126,0.947,0.948,0.946,0.002,19501.39,63887.14
1771323606,2026-02-17T18:20:06.887144,0.947,0.948,0.946,0.002,19559.38,63887.14
1771323787,2026-02-17T18:23:07.080897,0.947,0.948,0.946,0.002,19529.63,63786.33
1771323967,2026-02-17T18:26:07.097390,0.9475,0.948,0.947,0.001,9440.630000000001,63913.43
1771324147,2026-02-17T18:29:07.071183,0.9475,0.948,0.947,0.001,9440.630000000001,63901.82
1771324327,2026-02-17T18:32:07.108895,0.9475,0.948,0.947,0.001,9397.050000000001,63857.18
1771324507,2026-02-17T18:35:07.060271,0.9475,0.948,0.947,0.001,9343.06,63805.69
1771324687,2026-02-17T18:38:07.059848,0.9475,0.948,0.947,0.001,9643.050000000001,63825.87
1771324867,2026-02-17T18:41:07.078508,0.948,0.949,0.947,0.002,9506.36,78161.88
1771325047,2026-02-17T18:44:07.067420,0.948,0.949,0.947,0.002,9487.300000000001,77282.88
1771325227,2026-02-17T18:47:07.227178,0.9475,0.948,0.947,0.001,9970.35,59842.37
1771325407,2026-02-17T18:50:07.242432,0.948,0.949,0.947,0.002,9918.34,75294.79
1771325587,2026-02-17T18:53:07.323998,0.948,0.949,0.947,0.002,32743.55,74716.07
1771325767,2026-02-17T18:56:07.279571,0.948,0.949,0.947,0.002,32691.28,74216.8
1771325947,2026-02-17T18:59:07.308207,0.9485,0.949,0.948,0.001,29649.51,74216.8
1771326127,2026-02-17T19:02:07.245603,0.949,0.95,0.948,0.002,29506.23,75628.92
1771326307,2026-02-17T19:05:07.317215,0.949,0.95,0.948,0.002,29402.37,79333.58
1771326487,2026-02-17T19:08:07.310444,0.949,0.95,0.948,0.002,29402.37,78668.19
1771326667,2026-02-17T19:11:07.453146,0.9475,0.948,0.947,0.001,32236.43,75077.1
1771326847,2026-02-17T19:14:07.506836,0.949,0.95,0.948,0.002,32171.52,75022.19
1771327027,2026-02-17T19:17:07.581227,0.9475,0.948,0.947,0.001,32148.29,59740.76
1771327207,2026-02-17T19:20:07.672755,0.9495,0.95,0.949,0.001,29121.21,74338.91
1771327387,2026-02-17T19:23:07.624879,0.948,0.949,0.947,0.002,32096.579999999998,74345.89
1771327567,2026-02-17T19:26:07.561356,0.948,0.949,0.947,0.002,32096.579999999998,74345.89
1771327747,2026-02-17T19:29:07.459879,0.9465,0.947,0.946,0.001,42260.39,59432.69
1771327927,2026-02-17T19:32:07.478729,0.9465,0.947,0.946,0.001,42122.35,60824.89
1771328107,2026-02-17T19:35:07.778755,0.9465,0.947,0.946,0.001,42088.979999999996,59883.01
1771328287,2026-02-17T19:38:07.682934,0.945,0.946,0.944,0.002,52620.520000000004,59706.25
1771328467,2026-02-17T19:41:07.671732,0.9455,0.946,0.945,0.001,40319.24,59523.6
1771328647,2026-02-17T19:44:07.610563,0.9455,0.946,0.945,0.001,40319.24,59623.6
1771328827,2026-02-17T19:47:07.749213,0.9455,0.946,0.945,0.001,44219.15,59493.51
1771329007,2026-02-17T19:50:07.717226,0.9465,0.947,0.946,0.001,33358.25,60480.71
1771329187,2026-02-17T19:53:07.689771,0.9465,0.947,0.946,0.001,33355.75,60580.71
1771329367,2026-02-17T19:56:07.744607,0.9465,0.947,0.946,0.001,33655.75,60480.71
1771329547,2026-02-17T19:59:07.908319,0.9465,0.947,0.946,0.001,33655.75,70480.71
1771329727,2026-02-17T20:02:07.905961,0.9465,0.947,0.946,0.001,33695.75,70570.15
1771329908,2026-02-17T20:05:08.243799,0.9465,0.947,0.946,0.001,33695.75,70558.53
1771330088,2026-02-17T20:08:08.121603,0.9465,0.947,0.946,0.001,33695.75,70558.53
1771330268,2026-02-17T20:11:08.000140,0.9465,0.947,0.946,0.001,33695.75,70554.52
1771330447,2026-02-17T20:14:07.999155,0.9465,0.947,0.946,0.001,33636.45,71577.28
1771330627,2026-02-17T20:17:07.878825,0.9465,0.947,0.946,0.001,33636.45,71352.28
1771330808,2026-02-17T20:20:08.092207,0.9465,0.947,0.946,0.001,33631.22,71606.36
1771330988,2026-02-17T20:23:08.226041,0.946,0.947,0.945,0.002,38001.32,51534.05
1771331168,2026-02-17T20:26:08.229333,0.9455,0.946,0.945,0.001,37951.54,41417.01
1771331348,2026-02-17T20:29:08.030208,0.9455,0.946,0.945,0.001,37903.98,41369.450000000004
1771331528,2026-02-17T20:32:08.151777,0.9455,0.946,0.945,0.001,37903.98,41369.450000000004
1771331708,2026-02-17T20:35:08.327332,0.9455,0.946,0.945,0.001,37920.63,41324.72
1771331888,2026-02-17T20:38:08.228075,0.9455,0.946,0.945,0.001,37796.65,41344.4
1771332068,2026-02-17T20:41:08.262155,0.9455,0.946,0.945,0.001,37762.36,41229.3
1771332248,2026-02-17T20:44:08.223241,0.9455,0.946,0.945,0.001,37717.67,41184.61
1771332428,2026-02-17T20:47:08.444029,0.9455,0.946,0.945,0.001,37740.52,41342.81
1771332608,2026-02-17T20:50:08.461148,0.9455,0.946,0.945,0.001,37717.159999999996,41079.27
1771332788,2026-02-17T20:53:08.286943,0.9455,0.946,0.945,0.001,37639.07,40990.6
1771332968,2026-02-17T20:56:08.499952,0.9455,0.946,0.945,0.001,37639.07,40990.6
1771333148,2026-02-17T20:59:08.479131,0.9455,0.946,0.945,0.001,37589.64,41241.17
1771333328,2026-02-17T21:02:08.690607,0.9455,0.946,0.945,0.001,37689.64,41029.75
1771333508,2026-02-17T21:05:08.698415,0.946,0.947,0.945,0.002,37571.57,41033.0
1771333688,2026-02-17T21:08:08.431877,0.946,0.947,0.945,0.002,37491.64,40953.07
1771333868,2026-02-17T21:11:08.546123,0.9445,0.945,0.944,0.001,43295.9,40080.98
1771334048,2026-02-17T21:14:08.584290,0.9465,0.947,0.946,0.001,26136.1,40180.45
1771334228,2026-02-17T21:17:08.894416,0.9465,0.947,0.946,0.001,26136.1,40967.15
1771334408,2026-02-17T21:20:08.701296,0.946,0.947,0.945,0.002,38184.659999999996,40084.65
1771334588,2026-02-17T21:23:08.725189,0.946,0.947,0.945,0.002,38284.659999999996,40178.59
1771334768,2026-02-17T21:26:08.669146,0.9465,0.947,0.946,0.001,27129.76,40091.15
1771334948,2026-02-17T21:29:08.728696,0.9465,0.947,0.946,0.001,27129.76,40185.15
1771335128,2026-02-17T21:32:08.595890,0.9465,0.947,0.946,0.001,27129.76,40508.87
1771335308,2026-02-17T21:35:08.742895,0.9465,0.947,0.946,0.001,27249.76,40508.87
1771335488,2026-02-17T21:38:08.761199,0.944,0.945,0.943,0.002,38763.67,2743.6099999999997
1771335669,2026-02-17T21:41:09.970481,0.944,0.945,0.943,0.002,38640.64,3043.64
1771335848,2026-02-17T21:44:08.841790,0.9445,0.945,0.944,0.001,38175.54,3082.1099999999997
1771336028,2026-02-17T21:47:08.897570,0.9445,0.945,0.944,0.001,38128.340000000004,3131.67
1771336208,2026-02-17T21:50:08.859228,0.9445,0.945,0.944,0.001,38070.36,3031.67
1771336389,2026-02-17T21:53:09.276046,0.9445,0.945,0.944,0.001,37908.48,41019.87
1771336569,2026-02-17T21:56:09.233142,0.9445,0.945,0.944,0.001,37798.65,40991.17
1771336748,2026-02-17T21:59:08.861837,0.9445,0.945,0.944,0.001,37762.55,40758.12
1771336929,2026-02-17T22:02:09.504480,0.9445,0.945,0.944,0.001,37762.55,45462.06
1771337109,2026-02-17T22:05:09.229373,0.9445,0.945,0.944,0.001,42731.08,7515.12
1771337289,2026-02-17T22:08:09.247138,0.9445,0.945,0.944,0.001,43711.16,7543.41
1771337469,2026-02-17T22:11:09.194665,0.9445,0.945,0.944,0.001,43100.82,45223.18
1771337649,2026-02-17T22:14:09.255480,0.945,0.946,0.944,0.002,43148.5,45359.43
1771337829,2026-02-17T22:17:09.485286,0.945,0.946,0.944,0.002,43004.75,45339.0
1771338009,2026-02-17T22:20:09.206040,0.945,0.946,0.944,0.002,43004.75,45339.0
1771338189,2026-02-17T22:23:09.087699,0.9455,0.946,0.945,0.001,37481.73,45591.55
1771338369,2026-02-17T22:26:09.273045,0.946,0.947,0.945,0.002,37601.73,45645.76
1771338549,2026-02-17T22:29:09.313297,0.946,0.947,0.945,0.002,37459.69,46173.69
1771338729,2026-02-17T22:32:09.328931,0.9455,0.946,0.945,0.001,37380.04,45117.87
1771338909,2026-02-17T22:35:09.302302,0.945,0.946,0.944,0.002,42879.78,45376.560000000005
1771339089,2026-02-17T22:38:09.510793,0.945,0.946,0.944,0.002,42858.78,45326.46
1771339269,2026-02-17T22:41:09.378842,0.9455,0.946,0.945,0.001,37844.43,45281.130000000005
1771339449,2026-02-17T22:44:09.697748,0.9455,0.946,0.945,0.001,37944.43,45208.880000000005
1771339629,2026-02-17T22:47:09.475118,0.9455,0.946,0.945,0.001,37844.43,45208.880000000005
1771339809,2026-02-17T22:50:09.615305,0.9455,0.946,0.945,0.001,42805.41,49714.57
1771339990,2026-02-17T22:53:10.357068,0.9455,0.946,0.945,0.001,42721.46,49624.57
1771340169,2026-02-17T22:56:09.511900,0.9445,0.945,0.944,0.001,48142.18,16256.519999999999
1771340349,2026-02-17T22:59:09.707189,0.945,0.946,0.944,0.002,48142.18,54524.6
1771340529,2026-02-17T23:02:09.631293,0.9445,0.945,0.944,0.001,48142.18,21888.26
1771340709,2026-02-17T23:05:09.693046,0.9445,0.945,0.944,0.001,48142.18,21466.56
1771340889,2026-02-17T23:08:09.675683,0.9445,0.945,0.944,0.001,48065.520000000004,21611.04
1771341069,2026-02-17T23:11:09.761151,0.944,0.945,0.943,0.002,27553.96,22149.99
1771341249,2026-02-17T23:14:09.502599,0.9435,0.944,0.943,0.001,23524.94,21092.039999999997
1771341429,2026-02-17T23:17:09.919434,0.943,0.944,0.942,0.002,23360.09,16552.85
1771341609,2026-02-17T23:20:09.928117,0.9435,0.944,0.943,0.001,22534.91,22680.04
1771341789,2026-02-17T23:23:09.702969,0.943,0.944,0.942,0.002,21896.11,22733.670000000002
1771341969,2026-02-17T23:26:09.780357,0.9435,0.944,0.943,0.001,20899.739999999998,22619.19
1771342149,2026-02-17T23:29:09.641643,0.9435,0.944,0.943,0.001,20899.739999999998,22519.19
1771342329,2026-02-17T23:32:09.941957,0.9435,0.944,0.943,0.001,20859.18,22473.33
1771342509,2026-02-17T23:35:09.936527,0.9435,0.944,0.943,0.001,20853.09,22456.64
1771342689,2026-02-17T23:38:09.930643,0.943,0.944,0.942,0.002,21809.47,22413.02
1771342870,2026-02-17T23:41:10.233509,0.943,0.944,0.942,0.002,21766.45,22370.0
1771343050,2026-02-17T23:44:10.225686,0.943,0.944,0.942,0.002,21190.59,22516.6
1771343229,2026-02-17T23:47:09.851417,0.943,0.944,0.942,0.002,21190.59,22416.6
1771343410,2026-02-17T23:50:10.229056,0.943,0.944,0.942,0.002,21190.59,22416.6
1771343589,2026-02-17T23:53:09.898064,0.943,0.944,0.942,0.002,21178.4,22304.41
1771343770,2026-02-17T23:56:10.099629,0.943,0.944,0.942,0.002,21124.2,22250.21
1771343950,2026-02-17T23:59:10.115326,0.9435,0.944,0.943,0.001,20189.03,22126.34
1771344130,2026-02-18T00:02:10.040592,0.9435,0.944,0.943,0.001,20243.4,21791.25
1771344310,2026-02-18T00:05:10.244861,0.9435,0.944,0.943,0.001,20154.86,21702.71
1771344490,2026-02-18T00:08:10.107858,0.9435,0.944,0.943,0.001,20193.76,21631.26
1771344670,2026-02-18T00:11:10.165390,0.9425,0.943,0.942,0.001,21120.7,15494.570000000002
1771344850,2026-02-18T00:14:10.248411,0.943,0.944,0.942,0.002,20933.37,21643.93
1771345030,2026-02-18T00:17:10.168897,0.9435,0.944,0.943,0.001,19954.44,21606.79
1771345210,2026-02-18T00:20:10.240167,0.9435,0.944,0.943,0.001,21389.17,21394.07
1771345390,2026-02-18T00:23:10.856655,0.9425,0.943,0.942,0.001,17663.09,15465.289999999999
1771345570,2026-02-18T00:26:10.789998,0.943,0.944,0.942,0.002,18645.5,21265.579999999998
1771345750,2026-02-18T00:29:10.215119,0.943,0.944,0.942,0.002,22585.89,21132.82
1771345930,2026-02-18T00:32:10.280416,0.943,0.944,0.942,0.002,26472.19,21431.12
1771346110,2026-02-18T00:35:10.302521,0.943,0.944,0.942,0.002,26428.22,21431.12
1771346290,2026-02-18T00:38:10.689184,0.943,0.944,0.942,0.002,26364.88,21167.79
1771346470,2026-02-18T00:41:10.628002,0.943,0.944,0.942,0.002,26364.88,21017.0
1771346650,2026-02-18T00:44:10.513414,0.943,0.944,0.942,0.002,26324.45,21074.45
1771346830,2026-02-18T00:47:10.627352,0.943,0.944,0.942,0.002,26444.45,21235.0
1771347010,2026-02-18T00:50:10.448724,0.943,0.944,0.942,0.002,26259.99,21135.0
1771347190,2026-02-18T00:53:10.662389,0.9425,0.943,0.942,0.001,26204.14,14886.36
1771347370,2026-02-18T00:56:10.474470,0.943,0.944,0.942,0.002,26153.32,20871.6
1771347550,2026-02-18T00:59:10.489283,0.943,0.944,0.942,0.002,26103.65,20771.600000000002
1771347730,2026-02-18T01:02:10.698857,0.9425,0.943,0.942,0.001,26061.97,14742.62
1771347910,2026-02-18T01:05:10.456338,0.943,0.944,0.942,0.002,26061.97,20640.64
1771348090,2026-02-18T01:08:10.655464,0.943,0.944,0.942,0.002,25979.94,20513.7
1771348270,2026-02-18T01:11:10.660665,0.943,0.944,0.942,0.002,25883.12,20189.96
1771348450,2026-02-18T01:14:10.700182,0.9415,0.942,0.941,0.001,39760.24,14302.23
1771348630,2026-02-18T01:17:10.506750,0.9425,0.943,0.942,0.001,26016.579999999998,14352.65
1771348810,2026-02-18T01:20:10.734139,0.9425,0.943,0.942,0.001,27266.579999999998,14348.06
1771348990,2026-02-18T01:23:10.716650,0.943,0.944,0.942,0.002,27243.13,20274.5
1771349170,2026-02-18T01:26:10.889772,0.943,0.944,0.942,0.002,27038.35,20315.010000000002
1771349350,2026-02-18T01:29:10.681566,0.9425,0.943,0.942,0.001,26838.35,14696.2
1771349531,2026-02-18T01:32:11.205394,0.942,0.943,0.941,0.002,40743.57,14537.32
1771349710,2026-02-18T01:35:10.900041,0.942,0.943,0.941,0.002,40743.57,14507.76
1771349891,2026-02-18T01:38:11.140885,0.9425,0.943,0.942,0.001,28025.5,14323.02
1771350070,2026-02-18T01:41:10.849040,0.9425,0.943,0.942,0.001,28005.5,14141.95
1771350250,2026-02-18T01:44:10.898214,0.9425,0.943,0.942,0.001,27879.81,14103.54
1771350435,2026-02-18T01:47:15.937367,0.9425,0.944,0.942,0.001,22084.07,19434.1
1771350610,2026-02-18T01:50:10.858220,0.943,0.944,0.942,0.002,22033.25,19334.1
1771350790,2026-02-18T01:53:10.863965,0.9425,0.943,0.942,0.001,31948.61,13257.72
1771350970,2026-02-18T01:56:10.886080,0.943,0.944,0.942,0.002,22071.47,19189.26
1771351150,2026-02-18T01:59:10.938267,0.943,0.944,0.942,0.002,31060.63,19182.260000000002
1771351335,2026-02-18T02:02:15.177404,0.943,0.944,0.942,0.002,30914.07,18749.69
1771351511,2026-02-18T02:05:11.234395,0.943,0.944,0.942,0.002,22256.2,18591.010000000002
1771351691,2026-02-18T02:08:11.292403,0.943,0.944,0.942,0.002,23416.53,18241.010000000002
1771351871,2026-02-18T02:11:11.105977,0.9425,0.943,0.942,0.001,23406.16,9565.720000000001
1771352051,2026-02-18T02:14:11.245701,0.9445,0.945,0.944,0.001,18624.98,16012.07
1771352231,2026-02-18T02:17:11.229257,0.943,0.944,0.942,0.002,23798.94,15597.87
1771352411,2026-02-18T02:20:11.241571,0.943,0.944,0.942,0.002,23898.94,15611.380000000001
1771352591,2026-02-18T02:23:11.259453,0.943,0.944,0.942,0.002,23692.35,15651.28
1771352771,2026-02-18T02:26:11.232323,0.943,0.944,0.942,0.002,23656.98,15238.08
1771352951,2026-02-18T02:29:11.265372,0.944,0.945,0.943,0.002,18609.11,15972.73
1771353131,2026-02-18T02:32:11.228162,0.944,0.945,0.943,0.002,19851.010000000002,16025.23
1771353311,2026-02-18T02:35:11.248569,0.944,0.945,0.943,0.002,19851.010000000002,16935.93
1771353491,2026-02-18T02:38:11.531653,0.9435,0.944,0.943,0.001,19765.4,36566.96
1771353671,2026-02-18T02:41:11.233373,0.941,0.942,0.94,0.002,79169.02,29434.329999999998
1771353851,2026-02-18T02:44:11.487125,0.942,0.943,0.941,0.002,45047.1,30683.96
1771354031,2026-02-18T02:47:11.484538,0.942,0.943,0.941,0.002,47452.79,30646.74
1771354211,2026-02-18T02:50:11.431734,0.942,0.943,0.941,0.002,49452.79,30836.13
1771354391,2026-02-18T02:53:11.319136,0.943,0.944,0.942,0.002,35372.549999999996,36727.54
1771354571,2026-02-18T02:56:11.648588,0.9425,0.943,0.942,0.001,35318.53,10847.42
1771354751,2026-02-18T02:59:11.610595,0.943,0.944,0.942,0.002,40279.78,16694.4
1771354936,2026-02-18T03:02:16.637623,0.943,0.944,0.942,0.002,40361.57,16094.69
1771355111,2026-02-18T03:05:11.525232,0.943,0.944,0.942,0.002,40444.299999999996,16194.689999999999
1771355291,2026-02-18T03:08:11.868370,0.943,0.944,0.942,0.002,41099.4,16394.69
1771355471,2026-02-18T03:11:11.667189,0.944,0.945,0.943,0.002,25946.149999999998,17398.84
1771355651,2026-02-18T03:14:11.673863,0.944,0.945,0.943,0.002,26078.46,17339.12
1771355831,2026-02-18T03:17:11.644112,0.9435,0.944,0.943,0.001,25950.95,16760.29
1771356011,2026-02-18T03:20:11.688569,0.943,0.944,0.942,0.002,142378.35,16684.69
1771356191,2026-02-18T03:23:11.661733,0.944,0.945,0.943,0.002,176005.68,17265.989999999998
1771356371,2026-02-18T03:26:11.685552,0.944,0.945,0.943,0.002,176008.59,17389.29
1771356551,2026-02-18T03:29:11.657230,0.9445,0.945,0.944,0.001,175121.8,17296.68
1771356736,2026-02-18T03:32:16.302100,0.944,0.945,0.943,0.002,181181.07,17347.8
1771356911,2026-02-18T03:35:11.694648,0.944,0.945,0.943,0.002,181069.41,17268.66
1771357092,2026-02-18T03:38:12.059537,0.945,0.946,0.944,0.002,180091.31,55119.23
1771357271,2026-02-18T03:41:11.915824,0.945,0.946,0.944,0.002,179944.8,55119.23
1771357451,2026-02-18T03:44:11.924391,0.9435,0.944,0.943,0.001,181448.12,15867.09
1771357631,2026-02-18T03:47:11.924047,0.944,0.945,0.943,0.002,181407.3,16897.03
1771357811,2026-02-18T03:50:11.785724,0.9445,0.945,0.944,0.001,178936.96,16486.27
1771357992,2026-02-18T03:53:12.242315,0.9435,0.944,0.942,0.003,195253.15,15737.65
1771358171,2026-02-18T03:56:11.945731,0.9425,0.943,0.942,0.001,197518.02,22555.9
1771358352,2026-02-18T03:59:12.091049,0.9425,0.943,0.942,0.001,197603.02,22667.45
1771358532,2026-02-18T04:02:12.067025,0.9425,0.943,0.942,0.001,199603.02,22767.45
1771358712,2026-02-18T04:05:12.464089,0.9415,0.942,0.941,0.001,196550.46,12721.990000000002
1771358892,2026-02-18T04:08:12.092538,0.9425,0.943,0.942,0.001,192514.94,18228.94
1771359072,2026-02-18T04:11:12.116008,0.9415,0.942,0.941,0.001,196592.47,12661.810000000001
1771359252,2026-02-18T04:14:12.059617,0.942,0.943,0.941,0.002,196601.25,12862.95
1771359432,2026-02-18T04:17:12.286278,0.9425,0.944,0.941,0.003,195559.88999999998,18278.77
1771359612,2026-02-18T04:20:12.054371,0.9425,0.944,0.941,0.003,195559.88999999998,18336.98
1771359792,2026-02-18T04:23:12.280373,0.943,0.944,0.942,0.002,191609.46999999997,24865.02
1771359972,2026-02-18T04:26:12.254660,0.943,0.944,0.942,0.002,191604.46999999997,24960.52
1771360152,2026-02-18T04:29:12.276877,0.942,0.943,0.941,0.002,195582.37999999998,17836.120000000003
1771360332,2026-02-18T04:32:12.297808,0.942,0.943,0.941,0.002,195090.00999999998,17869.27
1771360512,2026-02-18T04:35:12.253104,0.942,0.943,0.941,0.002,195046.88999999998,17752.4
1771360692,2026-02-18T04:38:12.442059,0.942,0.943,0.941,0.002,194899.31999999998,17685.21
1771360872,2026-02-18T04:41:12.265136,0.942,0.943,0.941,0.002,194962.31999999998,17683.61
1771361052,2026-02-18T04:44:12.472874,0.9425,0.943,0.942,0.001,191457.21999999997,17618.41
1771361232,2026-02-18T04:47:12.458751,0.9425,0.943,0.942,0.001,191555.18999999997,17618.41
1771361412,2026-02-18T04:50:12.518926,0.9425,0.943,0.942,0.001,191506.63999999998,17540.66
1771361592,2026-02-18T04:53:12.351692,0.943,0.944,0.942,0.002,191561.49,24471.23
1771361772,2026-02-18T04:56:12.464181,0.943,0.944,0.942,0.002,191561.49,24471.23
1771361952,2026-02-18T04:59:12.439377,0.9425,0.943,0.942,0.001,191508.06,17628.940000000002
1771362132,2026-02-18T05:02:12.654526,0.9425,0.943,0.942,0.001,191461.43,17538.73
1771362312,2026-02-18T05:05:12.429542,0.943,0.944,0.942,0.002,192701.3,23605.29
1771362492,2026-02-18T05:08:12.638382,0.943,0.944,0.942,0.002,192754.00999999998,23554.0
1771362672,2026-02-18T05:11:12.660321,0.943,0.944,0.942,0.002,188627.78,23554.0
1771362852,2026-02-18T05:14:12.889067,0.943,0.944,0.942,0.002,188605.5,23546.72
1771363032,2026-02-18T05:17:12.659295,0.9425,0.943,0.942,0.001,191252.56,16547.61
1771363212,2026-02-18T05:20:12.648438,0.943,0.944,0.942,0.002,191162.37,23126.56
1771363397,2026-02-18T05:23:17.245402,0.943,,,0.002,191302.65,22889.79
1771363572,2026-02-18T05:26:12.676600,0.943,0.944,0.942,0.002,191171.66999999998,22900.38
1771363752,2026-02-18T05:29:12.661262,0.943,0.944,0.942,0.002,194074.21,22902.920000000002
1771363932,2026-02-18T05:32:12.884090,0.943,0.944,0.942,0.002,44030.52,22759.23
1771364112,2026-02-18T05:35:12.887400,0.943,0.944,0.942,0.002,44030.52,22711.82
1771364292,2026-02-18T05:38:12.907360,0.943,0.944,0.942,0.002,43723.65,22646.850000000002
1771364472,2026-02-18T05:41:12.883006,0.943,0.944,0.942,0.002,43595.39,22498.49
1771364652,2026-02-18T05:44:12.917657,0.943,0.944,0.942,0.002,43572.52,22166.73
1771364833,2026-02-18T05:47:13.210311,0.943,0.944,0.942,0.002,42577.52,22166.73
1771365012,2026-02-18T05:50:12.894613,0.9425,0.943,0.942,0.001,42582.52,20203.0
1771365192,2026-02-18T05:53:12.798237,0.9425,0.943,0.942,0.001,42560.159999999996,19985.640000000003
1771365372,2026-02-18T05:56:12.975721,0.9425,0.943,0.942,0.001,42473.08,19859.18
1771365553,2026-02-18T05:59:13.043110,0.9415,0.942,0.941,0.001,44019.32,17757.58
1771365733,2026-02-18T06:02:13.061805,0.9415,0.942,0.941,0.001,33989.32,17757.58
1771365913,2026-02-18T06:05:13.226836,0.9415,0.942,0.941,0.001,33902.94,17701.370000000003
1771366093,2026-02-18T06:08:13.070788,0.9415,0.942,0.941,0.001,33902.94,17601.370000000003
1771366273,2026-02-18T06:11:13.278353,0.9415,0.942,0.941,0.001,33903.0,17601.370000000003
1771366453,2026-02-18T06:14:13.059621,0.9415,0.942,0.941,0.001,33897.7,17545.14
1771366633,2026-02-18T06:17:13.035093,0.9425,0.943,0.942,0.001,29941.52,17304.99
1771366813,2026-02-18T06:20:13.060356,0.9425,0.943,0.942,0.001,29847.75,17179.18
1771366993,2026-02-18T06:23:13.244570,0.942,0.943,0.941,0.002,33732.44,17079.18
1771367173,2026-02-18T06:26:13.236362,0.9415,0.942,0.941,0.001,33752.44,15993.960000000001
1771367353,2026-02-18T06:29:13.229775,0.942,0.943,0.941,0.002,33486.87,17067.36
1771367533,2026-02-18T06:32:13.226109,0.942,0.943,0.941,0.002,33375.16,17023.43
1771367713,2026-02-18T06:35:13.223351,0.943,0.944,0.942,0.002,30404.76,16746.37
1771367893,2026-02-18T06:38:13.448979,0.9425,0.943,0.942,0.001,30399.72,9926.640000000001
1771368073,2026-02-18T06:41:13.365615,0.943,0.944,0.942,0.002,30479.73,16746.37
1771368253,2026-02-18T06:44:13.487570,0.943,0.944,0.942,0.002,30479.73,19246.37
1771368433,2026-02-18T06:47:13.691713,0.943,0.944,0.942,0.002,26609.72,19234.53
1771368613,2026-02-18T06:50:13.491545,0.944,0.945,0.943,0.002,12454.5,19696.43
1771368793,2026-02-18T06:53:13.503324,0.9435,0.944,0.943,0.001,12454.5,19324.53
1771368973,2026-02-18T06:56:13.446520,0.9435,0.944,0.943,0.001,12437.56,29281.66
1771369153,2026-02-18T06:59:13.635186,0.943,0.944,0.942,0.002,26535.780000000002,29251.66
1771369333,2026-02-18T07:02:13.435600,0.943,0.944,0.942,0.002,26490.88,29232.73
1771369513,2026-02-18T07:05:13.478279,0.9455,0.946,0.945,0.001,110323.82,51795.43
1771369693,2026-02-18T07:08:13.644082,0.9455,0.946,0.945,0.001,4048.8399999999997,52105.01
1771369873,2026-02-18T07:11:13.625402,0.9455,0.946,0.945,0.001,3933.3799999999997,46459.880000000005
1771370053,2026-02-18T07:14:13.663054,0.9455,0.946,0.945,0.001,3933.3799999999997,46409.880000000005
1771370233,2026-02-18T07:17:13.648773,0.9455,0.946,0.945,0.001,3819.93,46295.43
1771370413,2026-02-18T07:20:13.867931,0.945,0.946,0.944,0.002,11275.41,46224.560000000005
1771370593,2026-02-18T07:23:13.702540,0.9445,0.945,0.944,0.001,11226.4,8177.4800000000005
1771370773,2026-02-18T07:26:13.666930,0.944,0.945,0.943,0.002,12210.880000000001,8201.21
1771370953,2026-02-18T07:29:13.921196,0.9435,0.944,0.943,0.001,12174.61,7392.58
1771371133,2026-02-18T07:32:13.874728,0.944,0.945,0.943,0.002,12194.61,8199.19
1771371313,2026-02-18T07:35:13.866606,0.9425,0.944,0.941,0.003,30424.09,7272.240000000001
1771371493,2026-02-18T07:38:13.867092,0.943,0.944,0.942,0.002,126426.09,7305.68
1771371673,2026-02-18T07:41:13.872590,0.943,0.944,0.942,0.002,126425.97,7305.68
1771371854,2026-02-18T07:44:14.063811,0.9435,0.945,0.942,0.003,112590.89,7770.2
1771372034,2026-02-18T07:47:14.105224,0.9445,0.945,0.944,0.001,97389.24,7695.7
1771372214,2026-02-18T07:50:14.076517,0.9455,0.946,0.945,0.001,89764.47,45714.72
1771372394,2026-02-18T07:53:14.095701,0.9425,0.943,0.942,0.001,88431.19,6895.4
1771372574,2026-02-18T07:56:14.048400,0.9425,0.943,0.942,0.001,88431.19,7089.01
1771372754,2026-02-18T07:59:14.080492,0.9425,0.943,0.942,0.001,86037.56999999999,8040.67
1771372934,2026-02-18T08:02:14.406891,0.9435,0.944,0.943,0.001,72616.56999999999,7596.860000000001
1771373114,2026-02-18T08:05:14.251746,0.944,0.945,0.943,0.002,72596.56999999999,7600.71
1771373294,2026-02-18T08:08:14.228577,0.945,0.946,0.944,0.002,71625.79,45984.21
1771373474,2026-02-18T08:11:14.239963,0.9435,0.944,0.943,0.001,72595.8,7481.13
1771373658,2026-02-18T08:14:18.185898,0.944,0.945,0.943,0.002,72526.05,7442.68
1771373834,2026-02-18T08:17:14.609218,0.945,0.946,0.944,0.002,71801.05,45900.76
1771374014,2026-02-18T08:20:14.456308,0.9455,0.946,0.945,0.001,57431.91,45920.76
1771374194,2026-02-18T08:23:14.669683,0.9455,0.946,0.945,0.001,56461.91,46000.76
1771374374,2026-02-18T08:26:14.426970,0.9435,0.944,0.943,0.001,57450.280000000006,7691.58
1771374554,2026-02-18T08:29:14.506187,0.943,0.944,0.942,0.002,54419.47,7824.95
1771374734,2026-02-18T08:32:14.461293,0.9425,0.943,0.942,0.001,54419.47,6931.3
1771374914,2026-02-18T08:35:14.392197,0.9425,0.943,0.942,0.001,54247.049999999996,7880.03
1771375094,2026-02-18T08:38:14.435034,0.9425,0.943,0.942,0.001,54247.049999999996,7005.8
1771375274,2026-02-18T08:41:14.448761,0.943,0.944,0.942,0.002,54247.049999999996,7803.85
1771375454,2026-02-18T08:44:14.649982,0.943,0.944,0.942,0.002,54244.549999999996,7823.85
1771375634,2026-02-18T08:47:14.466265,0.943,0.944,0.942,0.002,54072.13,7823.85
1771375814,2026-02-18T08:50:14.686940,0.9435,0.944,0.943,0.001,39897.299999999996,7767.66
1771375994,2026-02-18T08:53:14.655041,0.943,0.944,0.942,0.002,53870.18,7867.65
1771376174,2026-02-18T08:56:14.700303,0.943,0.944,0.942,0.002,53870.18,8197.66
1771376354,2026-02-18T08:59:14.539890,0.943,0.944,0.942,0.002,53803.51,8096.08
1771376534,2026-02-18T09:02:14.736750,0.943,0.944,0.942,0.002,53764.65,7856.21
1771376714,2026-02-18T09:05:14.648090,0.943,0.944,0.942,0.002,53764.65,7856.21
1771376894,2026-02-18T09:08:14.595373,0.944,0.945,0.943,0.002,39658.65,8298.11
1771377075,2026-02-18T09:11:15.163682,0.9435,0.944,0.943,0.001,39658.65,7926.21
1771377254,2026-02-18T09:14:14.872611,0.943,0.944,0.942,0.002,53743.96,7945.03
1771377435,2026-02-18T09:17:15.056610,0.943,0.944,0.942,0.002,53758.96,7925.03
1771377614,2026-02-18T09:20:14.836795,0.943,0.944,0.942,0.002,53674.64,7845.7
1771377795,2026-02-18T09:23:15.187387,0.943,0.944,0.942,0.002,53694.64,7869.99
1771377974,2026-02-18T09:26:14.875854,0.944,0.945,0.943,0.002,39845.5,8291.89
1771378154,2026-02-18T09:29:14.763261,0.944,0.945,0.943,0.002,39790.38,8177.4
1771378335,2026-02-18T09:32:15.342970,0.944,0.945,0.943,0.002,39685.64,8156.27
1771378515,2026-02-18T09:35:15.067247,0.944,0.945,0.943,0.002,39637.86,8088.49
1771378695,2026-02-18T09:38:15.032599,0.944,0.945,0.943,0.002,39659.76,8088.49
1771378875,2026-02-18T09:41:15.083168,0.9435,0.944,0.943,0.001,43057.39,7667.29
1771379055,2026-02-18T09:44:15.073105,0.9435,0.944,0.943,0.001,42567.71,7560.61
1771379235,2026-02-18T09:47:15.086287,0.944,0.945,0.943,0.002,42477.85,7930.73
1771379415,2026-02-18T09:50:15.163083,0.944,0.945,0.943,0.002,42477.85,7952.63
1771379595,2026-02-18T09:53:15.274220,0.944,0.945,0.943,0.002,42436.3,7911.09
1771379775,2026-02-18T09:56:15.245528,0.944,0.945,0.943,0.002,42395.11,7869.9
1771379955,2026-02-18T09:59:15.639435,0.944,0.945,0.943,0.002,42246.79,7796.76
1771380135,2026-02-18T10:02:15.248334,0.9445,0.945,0.944,0.001,41879.11,7876.76
1771380315,2026-02-18T10:05:15.084180,0.9445,0.945,0.944,0.001,41686.26,7815.16
1771380495,2026-02-18T10:08:15.300464,0.9445,0.945,0.944,0.001,41771.72,7757.2
1771380675,2026-02-18T10:11:15.552374,0.945,0.946,0.944,0.002,41485.04,46196.520000000004
1771380855,2026-02-18T10:14:15.311911,0.945,0.946,0.944,0.002,41470.18,46170.21
1771381035,2026-02-18T10:17:15.493056,0.945,0.946,0.944,0.002,41420.55,46099.520000000004
1771381215,2026-02-18T10:20:15.241300,0.945,0.946,0.944,0.002,41399.49,45842.91
1771381395,2026-02-18T10:23:15.436325,0.944,0.945,0.943,0.002,42196.59,7399.83
1771381579,2026-02-18T10:26:19.432963,0.944,0.945,0.943,0.002,42214.42,7549.82
1771381755,2026-02-18T10:29:15.432426,0.944,0.945,0.943,0.002,42169.36,7871.459999999999
1771381935,2026-02-18T10:32:15.435024,0.944,0.945,0.943,0.002,42121.06,7946.25
1771382115,2026-02-18T10:35:15.432302,0.944,0.945,0.943,0.002,42024.82,7890.98
1771382295,2026-02-18T10:38:15.441199,0.944,0.945,0.943,0.002,43858.3,7795.509999999999
1771382475,2026-02-18T10:41:15.700674,0.944,0.945,0.943,0.002,43820.75,7795.509999999999
1771382655,2026-02-18T10:44:15.640407,0.944,0.945,0.943,0.002,43840.75,6865.51
1771382835,2026-02-18T10:47:15.630990,0.944,0.945,0.943,0.002,43840.75,6816.39
1771383015,2026-02-18T10:50:15.669568,0.945,0.946,0.944,0.002,42976.75,44593.76
1771383195,2026-02-18T10:53:15.549088,0.944,0.945,0.943,0.002,43891.630000000005,6118.68
1771383375,2026-02-18T10:56:15.621450,0.9445,0.945,0.943,0.002,43911.630000000005,6059.19
1771383555,2026-02-18T10:59:15.640632,0.944,0.945,0.943,0.002,43883.67,5965.37
1771383735,2026-02-18T11:02:15.646336,0.945,0.946,0.944,0.002,42902.130000000005,44397.44
1771383915,2026-02-18T11:05:15.836429,0.945,0.946,0.944,0.002,42900.01,44494.62
1771384095,2026-02-18T11:08:15.842339,0.9445,0.945,0.944,0.001,43408.75,5888.46
1771384276,2026-02-18T11:11:16.094695,0.9445,0.945,0.944,0.001,43369.16,5848.860000000001
1771384455,2026-02-18T11:14:15.918709,0.9445,0.945,0.944,0.001,43519.16,5847.8
1771384635,2026-02-18T11:17:15.910394,0.945,0.946,0.944,0.002,43497.96,44467.15
1771384816,2026-02-18T11:20:16.075979,0.945,0.946,0.944,0.002,43777.96,44467.15
1771384995,2026-02-18T11:23:15.825529,0.945,0.946,0.944,0.002,43777.96,44381.810000000005
1771385175,2026-02-18T11:26:15.901935,0.945,0.946,0.944,0.002,43729.87,44353.22
1771385356,2026-02-18T11:29:16.097054,0.9445,0.945,0.944,0.001,44511.55,6066.64
1771385536,2026-02-18T11:32:16.028239,0.9445,0.945,0.944,0.001,44437.740000000005,6082.4
1771385716,2026-02-18T11:35:16.106137,0.9445,0.945,0.944,0.001,44386.1,5951.1
1771385896,2026-02-18T11:38:16.090703,0.9445,0.945,0.944,0.001,44267.68,5924.0
1771386076,2026-02-18T11:41:16.057019,0.9445,0.945,0.944,0.001,44267.68,5904.0
1771386256,2026-02-18T11:44:16.227305,0.9445,0.945,0.944,0.001,46995.42,5924.0
1771386435,2026-02-18T11:47:15.947046,0.9445,0.945,0.944,0.001,46739.29,5834.35
1771386616,2026-02-18T11:50:16.063231,0.9445,0.945,0.944,0.001,46697.37,5802.19
1771386796,2026-02-18T11:53:16.238587,0.9445,0.945,0.944,0.001,46697.37,5802.19
1771386981,2026-02-18T11:56:21.070816,0.945,0.946,0.944,0.002,46697.37,42943.770000000004
1771387156,2026-02-18T11:59:16.080828,0.945,0.946,0.944,0.002,46676.48,43002.880000000005
1771387336,2026-02-18T12:02:16.235263,0.945,0.946,0.944,0.002,46674.990000000005,42958.8
1771387516,2026-02-18T12:05:16.451608,0.945,0.946,0.944,0.002,46549.58,42901.270000000004
1771387696,2026-02-18T12:08:16.297818,0.9455,0.946,0.945,0.001,39491.55,42743.94
1771387880,2026-02-18T12:11:20.328142,0.9455,0.946,0.945,0.001,39825.44,42231.1
1771388056,2026-02-18T12:14:16.666002,0.9455,0.946,0.945,0.001,42052.85,42171.35
1771388236,2026-02-18T12:17:16.687696,0.9455,0.946,0.945,0.001,43962.75,42081.25
1771388416,2026-02-18T12:20:16.704239,0.9445,0.945,0.944,0.001,50544.58,8474.4
1771388596,2026-02-18T12:23:16.484797,0.9445,0.945,0.944,0.001,50435.97,8311.84
1771388776,2026-02-18T12:26:16.696163,0.9445,0.945,0.944,0.001,50301.41,9012.84
1771388956,2026-02-18T12:29:16.669170,0.9445,0.945,0.944,0.001,49879.98,8542.81
1771389136,2026-02-18T12:32:16.688437,0.9445,0.945,0.944,0.001,49859.98,8542.81
1771389316,2026-02-18T12:35:16.736731,0.9445,0.945,0.944,0.001,49829.3,8501.89
1771389496,2026-02-18T12:38:16.606406,0.9445,0.945,0.944,0.001,49829.3,8501.89
1771389676,2026-02-18T12:41:16.879674,0.9445,0.945,0.944,0.001,49829.3,8396.06
1771389856,2026-02-18T12:44:16.559243,0.9445,0.945,0.944,0.001,46161.450000000004,8261.09
1771390036,2026-02-18T12:47:16.677747,0.9445,0.945,0.944,0.001,43251.43,12178.89
1771390216,2026-02-18T12:50:16.677010,0.9445,0.945,0.944,0.001,43141.560000000005,11809.109999999999
1771390396,2026-02-18T12:53:16.856744,0.9445,0.945,0.944,0.001,43451.43,11682.48
1771390576,2026-02-18T12:56:16.717294,0.9445,0.945,0.944,0.001,43744.490000000005,12302.5
1771390756,2026-02-18T12:59:16.862633,0.9445,0.945,0.944,0.001,43829.92,12382.5
1771390936,2026-02-18T13:02:16.902456,0.9445,0.945,0.944,0.001,44013.58,12190.65
1771391117,2026-02-18T13:05:17.237274,0.9445,0.945,0.944,0.001,44013.58,12486.57
1771391297,2026-02-18T13:08:17.238088,0.9445,0.945,0.944,0.001,44013.58,12640.65
1771391477,2026-02-18T13:11:17.229519,0.9445,0.945,0.944,0.001,44272.770000000004,12589.84
1771391656,2026-02-18T13:14:16.888024,0.944,0.945,0.943,0.002,44596.270000000004,12181.74
1771391836,2026-02-18T13:17:16.940167,0.944,0.945,0.943,0.002,45260.270000000004,12592.51
1771392017,2026-02-18T13:20:17.096823,0.944,0.945,0.943,0.002,45257.64,12612.51
1771392197,2026-02-18T13:23:17.091534,0.944,0.945,0.943,0.002,45457.64,12592.33
1771392377,2026-02-18T13:26:17.094251,0.9435,0.944,0.943,0.001,45324.32,11942.11
1771392557,2026-02-18T13:29:17.098711,0.9435,0.944,0.943,0.001,45298.71,11962.11
1771392737,2026-02-18T13:32:17.318121,0.9435,0.944,0.943,0.001,45249.49,11892.890000000001
1771392917,2026-02-18T13:35:17.092047,0.9435,0.944,0.943,0.001,45189.590000000004,11942.11
1771393097,2026-02-18T13:38:17.221303,0.9435,0.944,0.943,0.001,45140.08,11892.6
1771393277,2026-02-18T13:41:17.252341,0.9435,0.944,0.943,0.001,45140.08,11892.6
1771393457,2026-02-18T13:44:17.285389,0.9435,0.944,0.943,0.001,45140.08,11871.17
1771393637,2026-02-18T13:47:17.277683,0.9435,0.944,0.943,0.001,45120.08,11747.4
1771393817,2026-02-18T13:50:17.287607,0.944,0.945,0.943,0.002,43038.43,12122.640000000001
1771393997,2026-02-18T13:53:17.276296,0.9435,0.944,0.943,0.001,42990.950000000004,11566.43
1771394177,2026-02-18T13:56:17.345541,0.9445,0.945,0.944,0.001,42965.950000000004,12055.16
1771394357,2026-02-18T13:59:17.481890,0.9445,0.945,0.944,0.001,43324.950000000004,12055.16
1771394537,2026-02-18T14:02:17.426179,0.9445,0.945,0.944,0.001,43170.16,11965.58
1771394717,2026-02-18T14:05:17.488089,0.9445,0.945,0.944,0.001,43039.270000000004,7640.64
1771394897,2026-02-18T14:08:17.648402,0.9445,0.945,0.944,0.001,42840.69,7560.82
1771395077,2026-02-18T14:11:17.492559,0.944,0.945,0.943,0.002,43991.26,6851.17
1771395257,2026-02-18T14:14:17.667005,0.944,0.944,0.943,0.002,43989.14,6430.03
1771395437,2026-02-18T14:17:17.591350,0.944,0.945,0.943,0.002,43871.62,6839.41
1771395617,2026-02-18T14:20:17.671164,0.944,0.945,0.943,0.002,44554.82,6822.59
1771395797,2026-02-18T14:23:17.473204,0.944,0.945,0.943,0.002,44551.65,6814.11
1771395977,2026-02-18T14:26:17.470791,0.944,0.945,0.943,0.002,44527.43,6814.11
1771396157,2026-02-18T14:29:17.721835,0.944,0.945,0.943,0.002,44465.950000000004,6752.63
1771396337,2026-02-18T14:32:17.647987,0.944,0.945,0.943,0.002,44320.310000000005,6772.45
1771396517,2026-02-18T14:35:17.669944,0.9435,0.944,0.943,0.001,43233.0,6377.24
1771396697,2026-02-18T14:38:17.669511,0.9435,0.944,0.943,0.001,42230.57,6611.92
1771396877,2026-02-18T14:41:17.664176,0.9435,0.944,0.943,0.001,42181.57,6630.86
1771397057,2026-02-18T14:44:17.660188,0.9435,0.944,0.943,0.001,41635.520000000004,6608.74
1771397237,2026-02-18T14:47:17.664463,0.944,0.945,0.943,0.002,41606.98,6504.52
1771397417,2026-02-18T14:50:17.860324,0.944,0.945,0.943,0.002,41455.51,6397.17
1771397597,2026-02-18T14:53:17.693970,0.944,0.945,0.943,0.002,41455.51,6386.57
1771397777,2026-02-18T14:56:17.898550,0.944,0.945,0.943,0.002,41300.48,5467.1
1771397957,2026-02-18T14:59:17.973215,0.944,0.945,0.943,0.002,41158.01,5509.74
1771398137,2026-02-18T15:02:17.966605,0.944,0.945,0.943,0.002,41158.01,5499.610000000001
1771398318,2026-02-18T15:05:18.031803,0.944,0.945,0.943,0.002,41109.89,5451.49
1771398498,2026-02-18T15:08:18.241883,0.944,0.945,0.943,0.002,41109.89,5451.49
1771398678,2026-02-18T15:11:18.237552,0.944,0.945,0.943,0.002,41109.89,5451.49
1771398858,2026-02-18T15:14:18.010753,0.944,0.945,0.943,0.002,40958.0,5571.49
1771399038,2026-02-18T15:17:18.075275,0.944,0.945,0.943,0.002,40889.39,5409.38
1771399218,2026-02-18T15:20:18.216409,0.944,0.945,0.943,0.002,40889.39,5409.38
1771399398,2026-02-18T15:23:18.166161,0.9445,0.945,0.944,0.001,39989.39,5389.38
1771399578,2026-02-18T15:26:18.172223,0.9445,0.945,0.944,0.001,40109.39,4894.52
1771399758,2026-02-18T15:29:18.094378,0.944,0.945,0.943,0.002,40096.94,5014.52
1771399938,2026-02-18T15:32:18.284454,0.944,0.945,0.943,0.002,39789.48,5464.52
1771400118,2026-02-18T15:35:18.220917,0.944,0.945,0.943,0.002,39789.48,5444.52
1771400298,2026-02-18T15:38:18.280690,0.944,0.945,0.943,0.002,39690.270000000004,5345.31
1771400478,2026-02-18T15:41:18.233737,0.9435,0.944,0.943,0.001,39643.82,4781.96
1771400658,2026-02-18T15:44:18.214178,0.9435,0.945,0.942,0.003,52840.56,5107.88
1771400838,2026-02-18T15:47:18.243616,0.9435,0.944,0.943,0.001,38637.49,4639.92
1771401018,2026-02-18T15:50:18.285236,0.944,0.945,0.943,0.002,38637.49,4657.88
1771401198,2026-02-18T15:53:18.649307,0.944,0.945,0.943,0.002,41636.35,5006.75
1771401378,2026-02-18T15:56:18.224957,0.944,0.945,0.943,0.002,41691.76,5152.16
1771401558,2026-02-18T15:59:18.667789,0.944,0.945,0.943,0.002,41681.76,5152.16
1771401738,2026-02-18T16:02:18.454363,0.9435,0.944,0.943,0.001,41577.55,4993.07
1771401918,2026-02-18T16:05:18.680597,0.9435,0.944,0.943,0.001,40495.23,5013.07
1771402102,2026-02-18T16:08:22.455946,0.9435,0.944,0.943,0.001,40337.03,4944.37
1771402278,2026-02-18T16:11:18.685886,0.9435,0.944,0.943,0.001,40213.630000000005,4873.18
1771402458,2026-02-18T16:14:18.700382,0.944,0.945,0.943,0.002,39745.41,5123.49
1771402638,2026-02-18T16:17:18.716222,0.944,0.945,0.943,0.002,39157.26,4993.11
1771402823,2026-02-18T16:20:23.372590,0.944,,,0.002,39025.75,4961.29
1771402998,2026-02-18T16:23:18.439870,0.944,0.945,0.943,0.002,39087.1,4842.94
1771403178,2026-02-18T16:26:18.656607,0.9425,0.943,0.942,0.001,52607.85,4318.79
1771403358,2026-02-18T16:29:18.719307,0.9435,0.944,0.943,0.001,38381.85,4247.72
1771403538,2026-02-18T16:32:18.711045,0.9435,0.944,0.943,0.001,38436.85,4248.79
1771403718,2026-02-18T16:35:18.709259,0.943,0.944,0.942,0.002,57438.92,4333.65
1771403898,2026-02-18T16:38:18.611288,0.943,0.944,0.942,0.002,61219.06,3803.82
1771404078,2026-02-18T16:41:18.710165,0.944,0.945,0.943,0.002,47191.3,4239.86
1771404258,2026-02-18T16:44:18.680424,0.9435,0.944,0.943,0.001,47239.630000000005,3751.59
1771404438,2026-02-18T16:47:18.883607,0.944,0.945,0.943,0.002,47202.130000000005,4236.61
1771404618,2026-02-18T16:50:18.632183,0.944,0.945,0.943,0.002,40368.77,4119.51
1771404798,2026-02-18T16:53:18.880851,0.944,0.945,0.943,0.002,40668.77,5119.51
1771404978,2026-02-18T16:56:18.847443,0.944,0.945,0.943,0.002,41808.81,5048.55
1771405158,2026-02-18T16:59:18.880839,0.944,0.945,0.943,0.002,42296.63,4375.0
1771405339,2026-02-18T17:02:19.181494,0.943,0.944,0.942,0.002,54387.5,3361.06
1771405519,2026-02-18T17:05:19.175697,0.944,0.945,0.943,0.002,40290.59,3671.47
1771405699,2026-02-18T17:08:19.085041,0.9435,0.945,0.942,0.003,54467.5,3770.69
1771405878,2026-02-18T17:11:18.860812,0.944,0.945,0.943,0.002,54342.5,2940.96
1771406059,2026-02-18T17:14:19.065663,0.9425,0.943,0.942,0.001,54176.1,3904.56
1771406239,2026-02-18T17:17:19.145490,0.9425,0.943,0.942,0.001,54165.979999999996,4392.5599999999995
1771406418,2026-02-18T17:20:18.970427,0.9425,0.943,0.942,0.001,54105.88,4276.55
1771406598,2026-02-18T17:23:18.941048,0.9425,0.943,0.942,0.001,53969.97,4296.55
1771406779,2026-02-18T17:26:19.054019,0.9425,0.943,0.942,0.001,53969.97,4195.48
1771406959,2026-02-18T17:29:19.080641,0.9425,0.943,0.942,0.001,53865.62,4051.48
1771407139,2026-02-18T17:32:19.268144,0.9425,0.943,0.942,0.001,52995.52,3954.0299999999997
1771407319,2026-02-18T17:35:19.281602,0.9425,0.943,0.942,0.001,52969.82,3725.79
1771407499,2026-02-18T17:38:19.250419,0.9425,0.943,0.942,0.001,52648.09,3725.79
1771407679,2026-02-18T17:41:19.261819,0.9425,0.943,0.942,0.001,52573.93,3651.63
1771407859,2026-02-18T17:44:19.259518,0.943,0.944,0.942,0.002,52526.43,3678.29
1771408219,2026-02-18T17:50:19.244474,0.945,0.946,0.944,0.002,38617.380000000005,47417.57
1771408399,2026-02-18T17:53:19.238876,0.945,0.946,0.944,0.002,38617.380000000005,48417.57
1771408579,2026-02-18T17:56:19.435145,0.945,0.946,0.944,0.002,38617.380000000005,48417.57
1771408759,2026-02-18T17:59:19.520317,0.945,0.946,0.944,0.002,38887.29,47844.55
1771408939,2026-02-18T18:02:19.496051,0.945,0.946,0.944,0.002,38509.37,47464.37
1771409119,2026-02-18T18:05:19.459023,0.944,0.945,0.943,0.002,39629.22,8586.75
1771409299,2026-02-18T18:08:19.457008,0.944,0.945,0.943,0.002,39451.12,8194.42
1771409479,2026-02-18T18:11:19.442513,0.944,0.945,0.943,0.002,39451.12,8194.42
1771409659,2026-02-18T18:14:19.532552,0.944,0.945,0.943,0.002,39412.91,8153.57
1771409839,2026-02-18T18:17:19.461700,0.944,0.945,0.943,0.002,39507.090000000004,8205.22
1771410019,2026-02-18T18:20:19.419854,0.9445,0.946,0.943,0.003,44718.520000000004,46518.26
1771410199,2026-02-18T18:23:19.681504,0.9445,0.946,0.943,0.003,44693.28,46518.26
1771410379,2026-02-18T18:26:19.646999,0.9445,0.946,0.943,0.003,45125.32,46301.13
1771410559,2026-02-18T18:29:19.480104,0.9445,0.946,0.943,0.003,45120.1,46300.07
1771410739,2026-02-18T18:32:19.641957,0.944,0.945,0.943,0.002,44966.13,7014.179999999999
1771410919,2026-02-18T18:35:19.666189,0.944,0.945,0.943,0.002,44931.93,7418.07
1771411099,2026-02-18T18:38:19.627846,0.944,0.945,0.943,0.002,44931.9,7418.07
1771411279,2026-02-18T18:41:19.786154,0.944,0.945,0.943,0.002,44837.35,7262.25
1771411459,2026-02-18T18:44:19.881580,0.944,0.945,0.943,0.002,44383.87,7229.389999999999
1771411639,2026-02-18T18:47:19.898103,0.944,0.945,0.943,0.002,44378.23,7303.75
1771411819,2026-02-18T18:50:19.850078,0.944,0.945,0.943,0.002,34488.23,7647.099999999999
1771411999,2026-02-18T18:53:19.913764,0.944,0.945,0.943,0.002,34347.48,13075.27
1771412179,2026-02-18T18:56:19.859064,0.9425,0.943,0.942,0.001,46728.93,7092.87
1771412360,2026-02-18T18:59:20.096994,0.944,0.945,0.943,0.002,32829.22,13424.359999999999
1771412539,2026-02-18T19:02:19.968235,0.9435,0.944,0.943,0.001,32829.22,9965.97
1771412720,2026-02-18T19:05:20.077946,0.944,0.945,0.943,0.002,32877.91,16496.04
1771412900,2026-02-18T19:08:20.053992,0.9435,0.944,0.943,0.001,32680.7,9854.55
1771413080,2026-02-18T19:11:20.088573,0.9435,0.944,0.943,0.001,32560.7,9754.55
1771413260,2026-02-18T19:14:20.025181,0.943,0.944,0.942,0.002,46624.88,9932.62
1771413440,2026-02-18T19:17:20.256975,0.943,0.944,0.942,0.002,46649.88,9914.86
1771413620,2026-02-18T19:20:20.224552,0.943,0.944,0.942,0.002,41601.84,5391.46
1771413800,2026-02-18T19:23:20.018515,0.9435,0.944,0.943,0.001,28413.73,9882.970000000001
1771413980,2026-02-18T19:26:20.445683,0.9435,0.944,0.943,0.001,28413.73,7882.97
1771414160,2026-02-18T19:29:20.055885,0.944,0.945,0.943,0.002,33350.06,17368.59
1771414340,2026-02-18T19:32:20.247570,0.944,0.945,0.943,0.002,33227.950000000004,17366.47
1771414524,2026-02-18T19:35:24.238222,0.9465,0.947,0.946,0.001,30129.07,48841.87
1771414700,2026-02-18T19:38:20.274401,0.946,0.947,0.945,0.002,33288.01,48557.23
1771414880,2026-02-18T19:41:20.233016,0.9465,0.947,0.946,0.001,30421.07,48552.23
1771415060,2026-02-18T19:44:20.312457,0.9465,0.947,0.946,0.001,30421.83,48547.21
1771415240,2026-02-18T19:47:20.200141,0.947,0.948,0.946,0.002,30170.76,49263.67
1771415425,2026-02-18T19:50:25.107097,0.948,0.949,0.947,0.002,15285.0,62546.840000000004
1771415600,2026-02-18T19:53:20.302781,0.9465,0.947,0.946,0.001,30793.190000000002,51890.64
1771415780,2026-02-18T19:56:20.420398,0.948,0.949,0.947,0.002,15348.77,65954.91
1771415960,2026-02-18T19:59:20.513151,0.947,0.948,0.946,0.002,30825.28,52600.22
1771416140,2026-02-18T20:02:20.684178,0.9485,0.95,0.947,0.003,32023.2,60964.66
1771416320,2026-02-18T20:05:20.485596,0.948,0.949,0.947,0.002,32003.41,67531.33
1771416500,2026-02-18T20:08:20.477013,0.948,0.949,0.947,0.002,32003.41,69100.33
1771416680,2026-02-18T20:11:20.504128,0.948,0.949,0.947,0.002,37123.41,67532.33
1771416860,2026-02-18T20:14:20.483868,0.948,0.949,0.947,0.002,37030.85,67470.56999999999
1771417040,2026-02-18T20:17:20.480591,0.948,0.949,0.947,0.002,36508.090000000004,67560.03
1771417220,2026-02-18T20:20:20.436036,0.948,0.949,0.947,0.002,36560.49,67512.45999999999
1771417400,2026-02-18T20:23:20.389750,0.9475,0.948,0.947,0.001,36287.36,60371.409999999996
1771417580,2026-02-18T20:26:20.609152,0.9475,0.948,0.947,0.001,36277.4,60371.409999999996
1771417760,2026-02-18T20:29:20.680348,0.9475,0.948,0.947,0.001,35863.34,53291.86
1771417940,2026-02-18T20:32:20.700491,0.9475,0.948,0.947,0.001,35863.34,53291.86
1771418120,2026-02-18T20:35:20.761390,0.9475,0.948,0.947,0.001,35700.52,50245.05
1771418300,2026-02-18T20:38:20.683256,0.9475,0.948,0.947,0.001,36079.3,49721.73
1771418480,2026-02-18T20:41:20.662874,0.948,0.949,0.947,0.002,36079.3,63145.659999999996
1771418660,2026-02-18T20:44:20.766542,0.948,0.949,0.947,0.002,33095.94,60582.29
1771418840,2026-02-18T20:47:20.652483,0.9475,0.948,0.947,0.001,29368.53,45524.380000000005
1771419020,2026-02-18T20:50:20.802192,0.9475,0.948,0.947,0.001,28713.059999999998,45720.24
1771419200,2026-02-18T20:53:20.653529,0.9475,0.948,0.947,0.001,29228.06,45447.04
1771419381,2026-02-18T20:56:21.088424,0.948,0.949,0.947,0.002,29209.69,59204.23
1771419560,2026-02-18T20:59:20.850385,0.9475,0.948,0.947,0.001,29209.69,45731.43
1771419741,2026-02-18T21:02:21.067286,0.9475,0.948,0.947,0.001,29165.74,43862.43
1771419920,2026-02-18T21:05:20.805592,0.9455,0.946,0.945,0.001,40677.63,47493.82
1771420101,2026-02-18T21:08:21.098748,0.9455,0.946,0.945,0.001,40677.63,47663.82
1771420281,2026-02-18T21:11:21.227462,0.946,0.947,0.945,0.002,40677.63,47688.590000000004
1771420461,2026-02-18T21:14:21.109300,0.9465,0.948,0.945,0.003,40609.369999999995,50774.880000000005
1771420641,2026-02-18T21:17:21.253705,0.946,0.947,0.945,0.002,40552.869999999995,47467.71000000001
1771420821,2026-02-18T21:20:21.243029,0.9455,0.946,0.945,0.001,39998.41,47432.78
1771421001,2026-02-18T21:23:21.056707,0.9465,0.948,0.945,0.003,39451.979999999996,50600.64
1771421181,2026-02-18T21:26:21.233713,0.946,0.947,0.945,0.002,39346.6,67695.37
1771421361,2026-02-18T21:29:21.093707,0.9455,0.946,0.945,0.001,39351.6,67632.67
1771421541,2026-02-18T21:32:21.079181,0.9465,0.948,0.945,0.003,39289.34,68569.17
1771421721,2026-02-18T21:35:21.242229,0.9465,0.948,0.945,0.003,39287.229999999996,68569.17
1771421901,2026-02-18T21:38:21.244010,0.9465,0.948,0.945,0.003,39277.229999999996,68468.11
1771422081,2026-02-18T21:41:21.257378,0.9465,0.948,0.945,0.003,39157.229999999996,68468.11
1771422261,2026-02-18T21:44:21.261505,0.9465,0.948,0.945,0.003,39277.229999999996,68468.11
1771422441,2026-02-18T21:47:21.277435,0.9475,0.948,0.947,0.001,17577.079999999998,68416.31
1771422621,2026-02-18T21:50:21.231646,0.947,0.948,0.946,0.002,32916.76,69142.62
1771422801,2026-02-18T21:53:21.646127,0.9475,0.948,0.947,0.001,18561.59,79254.62
1771422981,2026-02-18T21:56:21.661846,0.9475,0.948,0.947,0.001,19578.25,78102.76
1771423161,2026-02-18T21:59:21.397171,0.9455,0.946,0.945,0.001,25043.84,83972.01
1771423341,2026-02-18T22:02:21.494486,0.945,0.946,0.944,0.002,37866.82,73205.62
1771423521,2026-02-18T22:05:21.647319,0.946,0.947,0.945,0.002,29987.61,73488.46
1771423701,2026-02-18T22:08:21.575563,0.9445,0.945,0.944,0.001,42687.69,84596.31
1771423881,2026-02-18T22:11:21.639708,0.9445,0.945,0.944,0.001,42687.69,84586.31
1771424061,2026-02-18T22:14:21.517294,0.9445,0.945,0.944,0.001,42516.73,84537.16
1771424241,2026-02-18T22:17:21.742332,0.944,0.945,0.943,0.002,38249.61,73645.11
1771424421,2026-02-18T22:20:21.878162,0.944,0.945,0.943,0.002,38254.61,76396.91
1771424601,2026-02-18T22:23:21.652877,0.9435,0.944,0.943,0.001,38185.82,15284.68
1771424781,2026-02-18T22:26:21.734567,0.9435,0.944,0.943,0.001,38305.82,15184.68
1771424961,2026-02-18T22:29:21.911218,0.9435,0.944,0.943,0.001,38121.3,15374.32
1771425141,2026-02-18T22:32:21.931882,0.9435,0.944,0.943,0.001,48022.29,15316.150000000001
1771425321,2026-02-18T22:35:21.921409,0.944,0.945,0.943,0.002,47429.07,48643.93
1771425501,2026-02-18T22:38:21.650777,0.9445,0.945,0.944,0.001,46857.159999999996,48418.03
1771425686,2026-02-18T22:41:26.467792,0.9445,0.945,0.944,0.001,46866.71,48418.03
1771425861,2026-02-18T22:44:21.850795,0.9445,0.945,0.944,0.001,46910.46,48261.78
1771426041,2026-02-18T22:47:21.923204,0.9445,0.945,0.944,0.001,46910.46,48239.45
1771426221,2026-02-18T22:50:21.892955,0.9445,0.945,0.944,0.001,46839.37,46584.549999999996
1771426402,2026-02-18T22:53:22.255302,0.9445,0.945,0.944,0.001,46745.75,46392.79
1771426581,2026-02-18T22:56:21.892377,0.9445,0.945,0.944,0.001,46658.15,46278.19
1771426761,2026-02-18T22:59:21.884545,0.9445,0.945,0.944,0.001,46658.15,53327.14
1771426942,2026-02-18T23:02:22.050630,0.9445,0.945,0.944,0.001,46573.05,52735.83
1771427122,2026-02-18T23:05:22.068842,0.9445,0.945,0.944,0.001,46573.05,55172.079999999994
1771427302,2026-02-18T23:08:22.107696,0.944,0.945,0.943,0.002,47518.86,54752.25
1771427482,2026-02-18T23:11:22.083163,0.944,0.945,0.943,0.002,47459.56,54761.89
1771427662,2026-02-18T23:14:22.085479,0.9435,0.944,0.943,0.001,47310.59,20790.0
1771427842,2026-02-18T23:17:22.086006,0.9435,0.944,0.943,0.001,47249.54,20727.9
1771428022,2026-02-18T23:20:22.317753,0.9435,0.944,0.943,0.001,47249.54,21177.9
1771428202,2026-02-18T23:23:22.447173,0.9435,0.944,0.943,0.001,47129.54,20827.9
1771428382,2026-02-18T23:26:22.086254,0.9435,0.944,0.943,0.001,47249.54,20627.9
1771428562,2026-02-18T23:29:22.279623,0.9435,0.944,0.943,0.001,47229.54,71081.32
1771428742,2026-02-18T23:32:22.284925,0.9435,0.944,0.943,0.001,47092.54,72116.54000000001
1771428922,2026-02-18T23:35:22.288241,0.9445,0.945,0.944,0.001,47968.51,105812.51
1771429102,2026-02-18T23:38:22.252959,0.9435,0.944,0.943,0.001,46759.54,89884.40000000001
1771429282,2026-02-18T23:41:22.291715,0.9435,0.944,0.943,0.001,46695.98,89931.05
1771429462,2026-02-18T23:44:22.666853,0.9435,0.944,0.943,0.001,46695.98,89819.29000000001
1771429642,2026-02-18T23:47:22.243168,0.9435,0.944,0.943,0.001,46678.43,89819.29000000001
1771429822,2026-02-18T23:50:22.558824,0.9435,0.944,0.943,0.001,46604.41,89752.40000000001
1771430002,2026-02-18T23:53:22.650334,0.9435,0.944,0.943,0.001,46480.09,89614.08
1771430182,2026-02-18T23:56:22.658235,0.9435,0.944,0.943,0.001,42408.91,123106.77
1771430366,2026-02-18T23:59:26.462977,0.9435,0.944,0.943,0.001,42832.95,122647.88
1771430542,2026-02-19T00:02:22.675032,0.9435,0.944,0.943,0.001,42832.95,122647.88
1771430722,2026-02-19T00:05:22.659785,0.9435,0.944,0.943,0.001,42832.95,122547.88
1771430902,2026-02-19T00:08:22.547718,0.9435,0.944,0.943,0.001,42832.95,122547.88
1771431082,2026-02-19T00:11:22.770073,0.9435,0.944,0.943,0.001,42832.95,122547.88
1771431262,2026-02-19T00:14:22.711308,0.9435,0.944,0.943,0.001,42563.87,122382.74
1771431442,2026-02-19T00:17:22.804939,0.9435,0.944,0.943,0.001,42528.33,122347.2
1771431622,2026-02-19T00:20:22.775790,0.9435,0.944,0.943,0.001,42354.79,122273.66
1771431802,2026-02-19T00:23:22.731997,0.9435,0.944,0.943,0.001,42108.0,122146.87
1771431982,2026-02-19T00:26:22.891224,0.9435,0.944,0.943,0.001,42223.29,121942.16
1771432162,2026-02-19T00:29:22.895840,0.9435,0.944,0.943,0.001,40468.9,121888.84
1771432342,2026-02-19T00:32:22.703311,0.9435,0.944,0.943,0.001,40319.91,121798.34
1771432522,2026-02-19T00:35:22.887982,0.9435,0.944,0.943,0.001,40144.47,121798.34
1771432702,2026-02-19T00:38:22.862581,0.9435,0.944,0.943,0.001,37615.65,121571.01
1771432882,2026-02-19T00:41:22.876293,0.9435,0.944,0.943,0.001,37570.56,121571.01
1771433062,2026-02-19T00:44:22.922710,0.9435,0.944,0.943,0.001,37526.54,121492.05
1771433242,2026-02-19T00:47:22.911517,0.9435,0.944,0.943,0.001,37791.6,121492.05
1771433423,2026-02-19T00:50:23.261828,0.9435,0.944,0.943,0.001,37675.42,121226.43000000001
1771433603,2026-02-19T00:53:23.108639,0.9435,0.944,0.943,0.001,37474.7,121175.15
1771433783,2026-02-19T00:56:23.115114,0.9435,0.944,0.943,0.001,37422.61,121123.06
1771433963,2026-02-19T00:59:23.067165,0.9435,0.944,0.943,0.001,37343.6,120944.05
1771434143,2026-02-19T01:02:23.224845,0.943,0.944,0.942,0.002,53519.93,120887.38
1771434323,2026-02-19T01:05:23.316455,0.943,0.944,0.942,0.002,54347.51,120887.38
1771434503,2026-02-19T01:08:23.099983,0.943,0.944,0.942,0.002,54284.29,120824.16
1771434683,2026-02-19T01:11:23.160415,0.943,0.944,0.942,0.002,54237.5,120877.37
1771434863,2026-02-19T01:14:23.439603,0.942,0.943,0.941,0.002,190939.79,68916.61
1771435043,2026-02-19T01:17:23.250537,0.942,0.943,0.941,0.002,190944.79,68942.81
1771435223,2026-02-19T01:20:23.311720,0.9425,0.943,0.942,0.001,36908.67,69807.02
1771435403,2026-02-19T01:23:23.457774,0.9425,0.943,0.942,0.001,36788.67,70094.09
1771435583,2026-02-19T01:26:23.472528,0.9425,0.943,0.942,0.001,36767.62,70173.02
1771435763,2026-02-19T01:29:23.302890,0.942,0.943,0.941,0.002,190725.0,70126.39
1771435943,2026-02-19T01:32:23.381070,0.942,0.943,0.941,0.002,190669.82,69971.21
1771436123,2026-02-19T01:35:23.287520,0.942,0.943,0.941,0.002,190665.41,69846.8
1771436303,2026-02-19T01:38:23.519204,0.942,0.943,0.941,0.002,190608.72,69890.11
1771436483,2026-02-19T01:41:23.594396,0.9415,0.942,0.941,0.001,190488.72,64432.0
1771436663,2026-02-19T01:44:23.488562,0.9415,0.942,0.941,0.001,190488.72,64432.0
1771436843,2026-02-19T01:47:23.455475,0.942,0.943,0.941,0.002,190474.83,70023.41
1771437023,2026-02-19T01:50:23.475200,0.942,0.943,0.941,0.002,190474.83,70023.41
1771437203,2026-02-19T01:53:23.545051,0.942,0.943,0.941,0.002,188422.74,69973.41
1771437383,2026-02-19T01:56:23.665878,0.942,0.943,0.941,0.002,188322.68,69825.06
1771437563,2026-02-19T01:59:23.487188,0.942,0.943,0.941,0.002,188225.2,69776.77
1771437743,2026-02-19T02:02:23.459051,0.942,0.943,0.941,0.002,188225.2,69286.77
1771437923,2026-02-19T02:05:23.590719,0.942,0.943,0.941,0.002,188225.2,69486.77
1771438103,2026-02-19T02:08:23.655769,0.9425,0.944,0.941,0.003,188172.28,121482.48
1771438283,2026-02-19T02:11:23.654171,0.9425,0.943,0.942,0.001,36913.2,70183.22
1771438463,2026-02-19T02:14:23.663872,0.9425,0.943,0.942,0.001,37027.82,69828.79000000001
1771438643,2026-02-19T02:17:23.783487,0.9425,0.943,0.942,0.001,36978.07,69969.04000000001
1771438823,2026-02-19T02:20:23.859413,0.942,0.943,0.941,0.002,198399.56,69930.0
1771439003,2026-02-19T02:23:23.696325,0.9415,0.942,0.941,0.001,198178.49,64206.89000000001
1771439183,2026-02-19T02:26:23.878980,0.9425,0.943,0.942,0.001,48518.5,69875.01000000001
1771439363,2026-02-19T02:29:23.933157,0.9425,0.943,0.942,0.001,48618.5,69828.47
1771439544,2026-02-19T02:32:24.101522,0.9425,0.943,0.942,0.001,48581.96,69828.47
1771439728,2026-02-19T02:35:28.687035,0.9425,0.943,0.942,0.001,48571.96,71228.47
1771439903,2026-02-19T02:38:23.912801,0.942,0.943,0.941,0.002,197923.5,71228.47
1771440083,2026-02-19T02:41:23.930236,0.942,0.943,0.941,0.002,197817.68,71228.47
1771440264,2026-02-19T02:44:24.112111,0.942,0.943,0.941,0.002,197729.45,66620.42
1771440444,2026-02-19T02:47:24.073821,0.942,0.943,0.941,0.002,197350.0,66577.59
1771440624,2026-02-19T02:50:24.156768,0.942,0.943,0.941,0.002,197250.79,66578.38
1771440804,2026-02-19T02:53:24.102828,0.942,0.943,0.941,0.002,197250.79,66198.32
1771440983,2026-02-19T02:56:23.900001,0.942,0.943,0.941,0.002,197223.84,66198.32
1771441164,2026-02-19T02:59:24.236230,0.942,0.943,0.941,0.002,197234.84,66198.32
1771441344,2026-02-19T03:02:24.104224,0.942,0.943,0.941,0.002,197244.84,66198.32
1771441524,2026-02-19T03:05:24.130874,0.942,0.943,0.941,0.002,197279.84,66198.32
1771441704,2026-02-19T03:08:24.111386,0.942,0.943,0.941,0.002,197279.84,66198.32
1771441884,2026-02-19T03:11:24.096762,0.942,0.943,0.941,0.002,197238.63,66295.69
1771442064,2026-02-19T03:14:24.168878,0.942,0.943,0.941,0.002,197238.63,66295.69
1771442244,2026-02-19T03:17:24.117892,0.942,0.943,0.941,0.002,197189.17,66236.23
1771442424,2026-02-19T03:20:24.283150,0.9425,0.944,0.941,0.003,197030.55,115200.52
1771442604,2026-02-19T03:23:24.071888,0.942,0.943,0.941,0.002,197910.55,63189.76
1771442784,2026-02-19T03:26:24.309256,0.943,0.944,0.942,0.002,43525.8,115200.52
1771442964,2026-02-19T03:29:24.293025,0.943,0.944,0.942,0.002,43645.8,115199.1
1771443144,2026-02-19T03:32:24.250052,0.943,0.944,0.942,0.002,43645.8,115199.1
1771443324,2026-02-19T03:35:24.467379,0.943,0.944,0.942,0.002,43645.8,115199.1
1771443504,2026-02-19T03:38:24.512780,0.9425,0.943,0.942,0.001,43698.1,63180.54
1771443684,2026-02-19T03:41:24.473859,0.942,0.943,0.941,0.002,195151.3,63133.74
1771443864,2026-02-19T03:44:24.504071,0.943,0.944,0.942,0.002,43588.54,115213.51
1771444044,2026-02-19T03:47:24.458801,0.942,0.943,0.941,0.002,195002.97,63190.11
1771444224,2026-02-19T03:50:24.615736,0.942,0.943,0.941,0.002,194989.68,63031.5
1771444404,2026-02-19T03:53:24.679265,0.9425,0.943,0.942,0.001,43489.68,62965.56
1771444584,2026-02-19T03:56:24.692639,0.942,0.943,0.941,0.002,194938.55,62980.36
1771444764,2026-02-19T03:59:24.523230,0.942,0.943,0.941,0.002,194938.55,64180.36
1771444944,2026-02-19T04:02:24.653326,0.9415,0.942,0.941,0.001,194938.55,59372.25
1771445124,2026-02-19T04:05:24.677836,0.9415,0.942,0.941,0.001,194812.44,59227.28
1771445304,2026-02-19T04:08:24.690732,0.942,0.943,0.941,0.002,194572.68,64071.34
1771445484,2026-02-19T04:11:24.673790,0.942,0.943,0.941,0.002,194519.29,64171.34
1771445664,2026-02-19T04:14:24.703935,0.942,0.943,0.941,0.002,194519.29,64271.34
1771445844,2026-02-19T04:17:24.666402,0.942,0.943,0.941,0.002,194417.51,64171.99
1771446025,2026-02-19T04:20:25.482971,0.942,0.943,0.941,0.002,194327.42,64171.99
1771446204,2026-02-19T04:23:24.908993,0.942,0.943,0.941,0.002,194427.42,64171.99
1771446384,2026-02-19T04:26:24.670881,0.9415,0.942,0.941,0.001,194432.42,59874.369999999995
1771446564,2026-02-19T04:29:24.872250,0.9415,0.942,0.941,0.001,194432.42,59874.369999999995
1771446744,2026-02-19T04:32:24.899003,0.9415,0.942,0.941,0.001,194432.42,59874.369999999995
1771446924,2026-02-19T04:35:24.909524,0.9415,0.942,0.941,0.001,194632.42,59873.87
1771447104,2026-02-19T04:38:24.890988,0.9415,0.942,0.941,0.001,194583.2,59824.64
1771447284,2026-02-19T04:41:24.887809,0.9415,0.942,0.941,0.001,194524.62,59766.06
1771447465,2026-02-19T04:44:25.092215,0.9415,0.942,0.941,0.001,194509.62,59766.06
1771447645,2026-02-19T04:47:25.093250,0.9415,0.942,0.941,0.001,194218.85,59717.04
1771447825,2026-02-19T04:50:25.115051,0.9415,0.942,0.941,0.001,194173.68,59571.87
1771448005,2026-02-19T04:53:25.071855,0.9415,0.942,0.941,0.001,194173.68,59571.87
1771448185,2026-02-19T04:56:25.212891,0.9415,0.942,0.941,0.001,194108.59,59671.87
1771448365,2026-02-19T04:59:25.270798,0.9415,0.942,0.941,0.001,193986.17,59481.78
1771448545,2026-02-19T05:02:25.226117,0.9415,0.942,0.941,0.001,193971.17,59481.78
1771448905,2026-02-19T05:08:25.296979,0.9415,0.942,0.941,0.001,193971.17,59144.28
1771449085,2026-02-19T05:11:25.277791,0.9415,0.942,0.941,0.001,193871.17,59027.08
1771449265,2026-02-19T05:14:25.289667,0.942,0.943,0.941,0.002,193231.22,64053.29
1771449445,2026-02-19T05:17:25.299546,0.942,0.943,0.941,0.002,193231.22,64053.29
1771449625,2026-02-19T05:20:25.447918,0.942,0.943,0.941,0.002,193289.92,64011.99
1771449805,2026-02-19T05:23:25.451042,0.942,0.943,0.941,0.002,193247.06,63933.52
1771449985,2026-02-19T05:26:25.471421,0.942,0.943,0.941,0.002,193277.16,63894.119999999995
1771450165,2026-02-19T05:29:25.595739,0.942,0.943,0.941,0.002,192996.66,63888.81
1771450345,2026-02-19T05:32:25.264501,0.942,0.943,0.941,0.002,192906.98,63849.979999999996
1771450525,2026-02-19T05:35:25.537435,0.942,0.943,0.941,0.002,192857.41,63900.409999999996
1771450705,2026-02-19T05:38:25.460111,0.942,0.943,0.941,0.002,192857.41,63801.409999999996
1771450885,2026-02-19T05:41:25.509663,0.942,0.943,0.941,0.002,192745.56,63604.82
1771451065,2026-02-19T05:44:25.673523,0.942,0.943,0.941,0.002,192701.55,65628.5
1771451245,2026-02-19T05:47:25.535695,0.942,0.943,0.941,0.002,192653.86,65580.81
1771451425,2026-02-19T05:50:25.657560,0.942,0.943,0.941,0.002,192614.91,65541.86
1771451605,2026-02-19T05:53:25.689429,0.942,0.943,0.941,0.002,191614.91,65498.78
1771451785,2026-02-19T05:56:25.655264,0.942,0.943,0.941,0.002,189071.82,65498.78
1771451965,2026-02-19T05:59:25.728375,0.942,0.943,0.941,0.002,189056.82,65598.78
1771452145,2026-02-19T06:02:25.665308,0.942,0.943,0.941,0.002,189017.61,65458.189999999995
1771452325,2026-02-19T06:05:25.701699,0.942,0.943,0.941,0.002,188977.02,65507.7
1771452505,2026-02-19T06:08:25.806678,0.9425,0.943,0.942,0.001,39320.92,65452.09
1771452685,2026-02-19T06:11:25.767341,0.9425,0.943,0.942,0.001,39268.61,65159.38
1771452865,2026-02-19T06:14:25.897794,0.9425,0.943,0.942,0.001,39272.42,65063.189999999995
1771453045,2026-02-19T06:17:25.882176,0.9425,0.943,0.942,0.001,39274.3,64965.07
1771453225,2026-02-19T06:20:25.941950,0.9425,0.943,0.942,0.001,39239.04,65019.81
1771453406,2026-02-19T06:23:26.100563,0.9425,0.943,0.942,0.001,39229.04,64919.81
1771453585,2026-02-19T06:26:25.962750,0.9425,0.943,0.942,0.001,39184.29,64975.06
1771453766,2026-02-19T06:29:26.021624,0.9425,0.943,0.942,0.001,39204.29,64920.59
1771453945,2026-02-19T06:32:25.838489,0.9425,0.943,0.942,0.001,41129.82,64919.59
1771454125,2026-02-19T06:35:25.922190,0.9425,0.943,0.942,0.001,41069.82,64919.59
1771454306,2026-02-19T06:38:26.229331,0.9425,0.943,0.942,0.001,40069.82,66285.22
1771454486,2026-02-19T06:41:26.082004,0.9425,0.943,0.942,0.001,38038.02,66230.13
1771454666,2026-02-19T06:44:26.097490,0.9425,0.943,0.942,0.001,37383.52,66147.69
1771454846,2026-02-19T06:47:26.162620,0.9425,0.943,0.942,0.001,38959.52,65825.69
1771455026,2026-02-19T06:50:26.078173,0.942,0.943,0.941,0.002,190359.52,65781.17
1771455206,2026-02-19T06:53:26.091425,0.942,0.943,0.941,0.002,190257.27,65687.42
1771455386,2026-02-19T06:56:26.291592,0.942,0.943,0.941,0.002,190307.43,65678.61
1771455566,2026-02-19T06:59:26.173456,0.942,0.943,0.941,0.002,190716.52,66081.7
1771455746,2026-02-19T07:02:26.076477,0.942,0.943,0.941,0.002,190674.32,66039.5
1771455926,2026-02-19T07:05:26.478067,0.942,0.943,0.941,0.002,190674.32,66139.5
1771456106,2026-02-19T07:08:26.240428,0.9425,0.943,0.942,0.001,41644.32,66039.5
1771456286,2026-02-19T07:11:26.320051,0.9425,0.943,0.942,0.001,40894.72,66000.22
1771456471,2026-02-19T07:14:31.243433,0.9425,0.943,0.942,0.001,40795.7,65900.2
1771456646,2026-02-19T07:17:26.372717,0.9425,0.943,0.942,0.001,40753.93,65858.43
1771456826,2026-02-19T07:20:26.276769,0.9425,0.943,0.942,0.001,40710.18,65814.68
1771457006,2026-02-19T07:23:26.337863,0.9425,0.943,0.942,0.001,41296.16,65800.66
1771457186,2026-02-19T07:26:26.479926,0.9425,0.943,0.942,0.001,34542.92,65958.92
1771457366,2026-02-19T07:29:26.496978,0.9425,0.943,0.942,0.001,34432.2,65848.2
1771457546,2026-02-19T07:32:26.500464,0.9425,0.943,0.942,0.001,34432.2,65848.2
1771457726,2026-02-19T07:35:26.495141,0.9425,0.943,0.942,0.001,34411.3,65948.2
1771457906,2026-02-19T07:38:26.683398,0.9425,0.943,0.942,0.001,34373.04,65909.94
1771458086,2026-02-19T07:41:26.702392,0.9425,0.943,0.942,0.001,34373.04,65809.94
1771458266,2026-02-19T07:44:26.680417,0.9425,0.943,0.942,0.001,35373.04,65807.81
1771458446,2026-02-19T07:47:26.609234,0.942,0.943,0.941,0.002,184149.25,65710.3
1771458626,2026-02-19T07:50:26.636364,0.9415,0.942,0.941,0.001,184909.25,60902.2
1771458806,2026-02-19T07:53:26.692094,0.9415,0.942,0.941,0.001,184909.25,60902.2
1771458986,2026-02-19T07:56:26.659377,0.9415,0.942,0.941,0.001,184909.25,61002.2
1771459171,2026-02-19T07:59:31.542648,0.9415,0.942,0.941,0.001,184108.84,60871.829999999994
1771459346,2026-02-19T08:02:26.690573,0.9415,0.942,0.941,0.001,184078.18,60782.049999999996
1771459526,2026-02-19T08:05:26.710367,0.9415,0.942,0.941,0.001,184078.18,60744.96
1771459706,2026-02-19T08:08:26.710930,0.941,0.942,0.94,0.002,229003.74,60703.619999999995
1771459886,2026-02-19T08:11:26.669562,0.941,0.942,0.94,0.002,228960.66,60560.54
1771460066,2026-02-19T08:14:26.699221,0.941,0.942,0.94,0.002,228947.61,60560.54
1771460246,2026-02-19T08:17:26.824657,0.941,0.942,0.94,0.002,228947.61,60560.54
1771460426,2026-02-19T08:20:26.809648,0.942,0.943,0.941,0.002,183995.44,65340.03
1771460606,2026-02-19T08:23:26.895871,0.942,0.943,0.941,0.002,184005.44,65420.03
1771460786,2026-02-19T08:26:26.889311,0.942,0.943,0.941,0.002,184005.44,65430.03
1771460966,2026-02-19T08:29:26.929844,0.942,0.943,0.941,0.002,184772.14,65430.03
1771461146,2026-02-19T08:32:26.885475,0.942,0.943,0.941,0.002,184792.14,65330.03
1771461327,2026-02-19T08:35:27.070479,0.942,0.943,0.941,0.002,184772.14,65345.03
1771461507,2026-02-19T08:38:27.086666,0.942,0.943,0.941,0.002,185015.7,65288.59
1771461687,2026-02-19T08:41:27.115775,0.942,0.943,0.941,0.002,185015.7,65288.59
1771461867,2026-02-19T08:44:27.156295,0.9415,0.942,0.941,0.001,185015.7,59966.68
1771462047,2026-02-19T08:47:27.093100,0.9415,0.942,0.941,0.001,184973.71,59904.689999999995
1771462227,2026-02-19T08:50:27.102071,0.9415,0.942,0.941,0.001,185573.71,59904.689999999995
1771462407,2026-02-19T08:53:27.228181,0.942,0.943,0.941,0.002,185446.02,65284.299999999996
1771462587,2026-02-19T08:56:27.109299,0.942,0.943,0.941,0.002,185446.02,53370.46
1771462767,2026-02-19T08:59:27.298449,0.942,0.943,0.941,0.002,185398.8,53344.23
1771462947,2026-02-19T09:02:27.319347,0.942,0.943,0.941,0.002,185398.8,53344.23
1771463127,2026-02-19T09:05:27.478543,0.942,0.943,0.941,0.002,185350.99,53110.43
1771463307,2026-02-19T09:08:27.450536,0.942,0.943,0.941,0.002,185360.99,53120.43
1771463487,2026-02-19T09:11:27.473145,0.942,0.943,0.941,0.002,185339.36,53104.01
1771463667,2026-02-19T09:14:27.323606,0.942,0.943,0.941,0.002,185339.36,53204.01
1771463847,2026-02-19T09:17:27.469923,0.9415,0.942,0.941,0.001,185265.6,47622.15
1771464027,2026-02-19T09:20:27.464122,0.942,0.943,0.941,0.002,185188.52,52973.18
1771464207,2026-02-19T09:23:27.447047,0.942,0.943,0.941,0.002,185208.52,53073.18
1771464387,2026-02-19T09:26:27.696632,0.942,0.943,0.941,0.002,185208.52,53073.18
1771464567,2026-02-19T09:29:27.528959,0.941,0.942,0.94,0.002,222889.78,48289.76
1771464747,2026-02-19T09:32:27.670270,0.941,0.942,0.94,0.002,222889.78,48189.76
1771464927,2026-02-19T09:35:27.560417,0.941,0.942,0.94,0.002,222889.78,48289.76
1771465107,2026-02-19T09:38:27.451675,0.9415,0.942,0.941,0.001,177996.09,58265.07
1771465287,2026-02-19T09:41:27.711885,0.941,0.942,0.94,0.002,221936.36,57947.340000000004
1771465467,2026-02-19T09:44:27.695355,0.941,0.942,0.94,0.002,221885.66,57996.64
1771465647,2026-02-19T09:47:27.716852,0.9415,0.942,0.941,0.001,176386.66,57962.64
1771465827,2026-02-19T09:50:27.922234,0.9415,0.942,0.941,0.001,176277.96,57796.85
1771466007,2026-02-19T09:53:27.706434,0.9415,0.942,0.941,0.001,176130.42,57694.71
1771466187,2026-02-19T09:56:27.679657,0.9415,0.942,0.941,0.001,176730.42,57694.71
1771466367,2026-02-19T09:59:27.879849,0.942,0.943,0.941,0.002,176670.24,62942.64
1771466547,2026-02-19T10:02:27.901937,0.942,0.943,0.941,0.002,176551.39,62823.79
1771466727,2026-02-19T10:05:27.898664,0.942,0.943,0.941,0.002,176551.39,62921.66
1771466907,2026-02-19T10:08:27.896011,0.9405,0.941,0.94,0.001,217458.58,57650.24
1771467087,2026-02-19T10:11:27.880029,0.941,0.942,0.94,0.002,217433.39,57649.86
1771467268,2026-02-19T10:14:28.164149,0.941,0.942,0.94,0.002,217395.2,57622.86
1771467448,2026-02-19T10:17:28.108138,0.941,0.942,0.94,0.002,217393.66,57722.86
1771467628,2026-02-19T10:20:28.180999,0.941,0.942,0.94,0.002,217370.64,57689.840000000004
1771467808,2026-02-19T10:23:28.209703,0.941,0.942,0.94,0.002,217322.42,58055.97
1771467988,2026-02-19T10:26:28.066080,0.941,0.942,0.94,0.002,218322.42,57955.97
1771468168,2026-02-19T10:29:28.240325,0.941,0.942,0.94,0.002,218236.99,57870.54
1771468348,2026-02-19T10:32:28.103604,0.941,0.942,0.94,0.002,218170.78,57804.33
1771468528,2026-02-19T10:35:28.237358,0.941,0.942,0.94,0.002,218170.78,57904.33
1771468708,2026-02-19T10:38:28.232038,0.941,0.942,0.94,0.002,218069.56,57747.840000000004
1771468888,2026-02-19T10:41:28.316565,0.941,0.942,0.94,0.002,217984.83,48405.95
1771469248,2026-02-19T10:47:28.329418,0.942,0.943,0.941,0.002,177168.64,53842.87
1771469428,2026-02-19T10:50:28.284702,0.9425,0.943,0.942,0.001,25957.64,53742.869999999995
1771469608,2026-02-19T10:53:28.294037,0.942,0.943,0.941,0.002,177379.41,53653.64
1771469788,2026-02-19T10:56:28.334074,0.942,0.943,0.941,0.002,177332.45,53606.67999999999
1771469968,2026-02-19T10:59:28.308575,0.942,0.943,0.941,0.002,177278.24,53652.469999999994
1771470148,2026-02-19T11:02:28.265691,0.941,0.942,0.94,0.002,218077.64,53204.270000000004
1771470328,2026-02-19T11:05:28.677918,0.941,0.942,0.94,0.002,218030.41,53157.46
1771470508,2026-02-19T11:08:28.508461,0.942,0.943,0.941,0.002,176978.21,58502.38
1771470688,2026-02-19T11:11:28.706133,0.942,0.943,0.941,0.002,176978.21,58502.38
1771470868,2026-02-19T11:14:28.578556,0.9405,0.941,0.94,0.001,217992.67,53088.73
1771471048,2026-02-19T11:17:28.519591,0.9415,0.942,0.94,0.003,217945.67,53072.72
1771471228,2026-02-19T11:20:28.497505,0.9415,0.942,0.941,0.001,177144.61,53021.07
1771471408,2026-02-19T11:23:28.710570,0.942,0.943,0.941,0.002,177093.65,58388.23
1771471588,2026-02-19T11:26:28.542508,0.9415,0.942,0.941,0.001,177042.67,52987.24
1771471768,2026-02-19T11:29:28.822305,0.942,0.943,0.941,0.002,177023.32,58356.3
1771471948,2026-02-19T11:32:28.749552,0.942,0.943,0.941,0.002,176980.36,58313.340000000004
1771472128,2026-02-19T11:35:28.650725,0.942,0.943,0.941,0.002,176826.61,58059.58
1771472308,2026-02-19T11:38:28.698543,0.942,0.943,0.941,0.002,176826.61,58081.479999999996
1771472488,2026-02-19T11:41:28.694839,0.942,0.943,0.941,0.002,176826.61,58178.560000000005
1771472668,2026-02-19T11:44:28.674524,0.942,0.943,0.941,0.002,176747.19,58099.14000000001
1771472848,2026-02-19T11:47:28.702535,0.942,0.943,0.941,0.002,176747.19,58099.14000000001
1771473028,2026-02-19T11:50:28.684839,0.942,0.943,0.941,0.002,176747.19,57999.14
1771473208,2026-02-19T11:53:28.863803,0.941,0.942,0.94,0.002,217762.73,52691.03
1771473388,2026-02-19T11:56:28.933046,0.941,0.942,0.94,0.002,222185.49,52667.78999999999
1771473568,2026-02-19T11:59:28.815303,0.9415,0.942,0.941,0.001,181186.49,52667.78999999999
1771473749,2026-02-19T12:02:29.095678,0.942,0.943,0.941,0.002,181191.49,58065.899999999994
1771473929,2026-02-19T12:05:29.094883,0.9405,0.942,0.939,0.003,232726.0,52667.78999999999
1771474109,2026-02-19T12:08:29.109018,0.94,0.941,0.939,0.002,229337.0,43362.259999999995
1771474293,2026-02-19T12:11:33.891684,0.94,0.941,0.939,0.002,229289.31,44014.56999999999
1771474468,2026-02-19T12:14:28.859831,0.94,0.941,0.939,0.002,229265.86,44298.71
1771474649,2026-02-19T12:17:29.096754,0.94,0.941,0.939,0.002,229182.42,43760.16
1771474829,2026-02-19T12:20:29.090517,0.94,0.941,0.939,0.002,229182.42,53364.52
1771475009,2026-02-19T12:23:29.063171,0.94,0.941,0.939,0.002,229182.42,53264.91
1771475189,2026-02-19T12:26:29.224850,0.94,0.941,0.939,0.002,229002.91,52992.42
1771475369,2026-02-19T12:29:29.305207,0.943,0.945,0.941,0.004,175452.9,49833.06
1771475549,2026-02-19T12:32:29.075380,0.9425,0.944,0.941,0.003,175813.55,49818.06
1771475729,2026-02-19T12:35:29.235580,0.9435,0.945,0.942,0.003,24372.55,49782.32
1771475909,2026-02-19T12:38:29.121834,0.945,0.947,0.943,0.004,24419.54,43688.5
1771476089,2026-02-19T12:41:29.081923,0.945,0.946,0.944,0.002,2945.91,43851.28
1771476269,2026-02-19T12:44:29.318622,0.946,0.947,0.945,0.002,24439.530000000002,34619.450000000004
1771476453,2026-02-19T12:47:33.455442,0.943,0.945,0.941,0.004,176550.22,31469.980000000003
1771476629,2026-02-19T12:50:29.461376,0.942,0.943,0.941,0.002,215447.03,531.23
1771476809,2026-02-19T12:53:29.275127,0.942,0.943,0.941,0.002,175481.72,595.23
1771476989,2026-02-19T12:56:29.313069,0.9415,0.942,0.941,0.001,175461.72,19060.440000000002
1771477169,2026-02-19T12:59:29.209768,0.9415,0.942,0.941,0.001,175384.72,32149.100000000002
1771477349,2026-02-19T13:02:29.433508,0.9415,0.942,0.941,0.001,175384.72,32499.100000000002
1771477529,2026-02-19T13:05:29.440178,0.943,0.944,0.942,0.002,24071.72,28958.35
1771477709,2026-02-19T13:08:29.684714,0.943,0.944,0.942,0.002,24071.72,28958.35
1771477889,2026-02-19T13:11:29.518511,0.943,0.944,0.942,0.002,24653.45,29384.28
1771478069,2026-02-19T13:14:29.469183,0.9445,0.945,0.944,0.001,1839.34,32477.12
1771478249,2026-02-19T13:17:29.479864,0.9445,0.945,0.944,0.001,1839.34,32477.12
1771478429,2026-02-19T13:20:29.669659,0.9445,0.945,0.944,0.001,1849.34,32477.12
1771478609,2026-02-19T13:23:29.611569,0.9445,0.945,0.944,0.001,1949.34,32477.12
1771478789,2026-02-19T13:26:29.475389,0.945,0.946,0.944,0.002,1954.34,32533.24
1771478969,2026-02-19T13:29:29.529381,0.946,0.947,0.945,0.002,837.92,32610.420000000002
1771479149,2026-02-19T13:32:29.676148,0.946,0.947,0.945,0.002,837.92,32610.420000000002
1771479329,2026-02-19T13:35:29.727976,0.946,0.947,0.945,0.002,876.5,32606.0
1771479509,2026-02-19T13:38:29.686539,0.946,0.947,0.945,0.002,1432.22,32561.72
1771479689,2026-02-19T13:41:29.715640,0.9445,0.945,0.944,0.001,3643.6,29382.74
1771479869,2026-02-19T13:44:29.701924,0.945,0.946,0.944,0.002,1407.1,32240.08
1771480049,2026-02-19T13:47:29.716848,0.945,0.946,0.944,0.002,1407.1,32240.08
1771480229,2026-02-19T13:50:29.903669,0.945,0.946,0.944,0.002,1380.35,32194.87
1771480409,2026-02-19T13:53:29.896706,0.9455,0.946,0.945,0.001,822.3,32112.12
1771480589,2026-02-19T13:56:29.903357,0.9475,0.948,0.947,0.001,666.87,33042.04
1771480770,2026-02-19T13:59:30.124633,0.946,0.947,0.945,0.002,10718.460000000001,32190.46
1771480949,2026-02-19T14:02:29.998681,0.9465,0.947,0.946,0.001,10694.99,32260.14
1771481129,2026-02-19T14:05:29.858755,0.946,0.947,0.945,0.002,10787.960000000001,32191.23
1771481310,2026-02-19T14:08:30.233171,0.946,0.947,0.945,0.002,10797.960000000001,32205.12
1771481490,2026-02-19T14:11:30.097951,0.947,0.948,0.946,0.002,10782.439999999999,33878.87
1771481670,2026-02-19T14:14:30.234798,0.947,0.948,0.946,0.002,10719.17,33677.85
1771481850,2026-02-19T14:17:30.077413,0.947,0.948,0.946,0.002,11300.43,36437.85
1771482030,2026-02-19T14:20:30.247777,0.947,0.948,0.946,0.002,11264.51,36631.93
1771482210,2026-02-19T14:23:30.116940,0.947,0.948,0.946,0.002,10728.55,36354.869999999995
1771482390,2026-02-19T14:26:30.152236,0.9465,0.947,0.946,0.001,10687.22,34778.72
1771482570,2026-02-19T14:29:30.133602,0.947,0.948,0.946,0.002,10608.14,36243.1
1771482750,2026-02-19T14:32:30.159683,0.947,0.948,0.946,0.002,10591.72,36255.299999999996
1771482930,2026-02-19T14:35:30.357069,0.947,0.948,0.946,0.002,10591.72,35937.65
1771483110,2026-02-19T14:38:30.247735,0.947,0.948,0.946,0.002,10545.93,35891.86
1771483290,2026-02-19T14:41:30.393407,0.946,0.947,0.945,0.002,11141.929999999998,34224.24
1771483470,2026-02-19T14:44:30.312745,0.9465,0.947,0.946,0.001,11141.929999999998,34251.07
1771483650,2026-02-19T14:47:30.322752,0.9465,0.947,0.946,0.001,11140.88,34253.18
1771483830,2026-02-19T14:50:30.237686,0.9465,0.947,0.946,0.001,11029.439999999999,34223.840000000004
1771484010,2026-02-19T14:53:30.291475,0.9465,0.947,0.946,0.001,10775.25,34169.65
1771484190,2026-02-19T14:56:30.455737,0.947,0.948,0.946,0.002,10730.15,35797.03
1771484370,2026-02-19T14:59:30.305118,0.947,0.948,0.946,0.002,10719.66,35797.03
1771484550,2026-02-19T15:02:30.511256,0.9465,0.947,0.946,0.001,12554.33,34527.36
1771484730,2026-02-19T15:05:30.625470,0.946,0.947,0.945,0.002,7424.4,34353.03
1771484910,2026-02-19T15:08:30.672208,0.946,0.947,0.945,0.002,7392.25,34353.03
1771485090,2026-02-19T15:11:30.663756,0.946,0.947,0.945,0.002,7392.25,34453.03
1771485270,2026-02-19T15:14:30.685931,0.9465,0.947,0.946,0.001,7784.67,34337.92
1771485450,2026-02-19T15:17:30.714883,0.9465,0.947,0.946,0.001,7706.91,34663.71
1771485630,2026-02-19T15:20:30.988842,0.9465,0.947,0.946,0.001,7639.38,34782.23
1771485810,2026-02-19T15:23:30.675863,0.9465,0.947,0.946,0.001,7566.299999999999,34701.32
1771485990,2026-02-19T15:26:30.660784,0.9465,0.947,0.946,0.001,7617.43,35032.23
1771486170,2026-02-19T15:29:30.918649,0.9465,0.947,0.946,0.001,7570.59,34818.39
1771486350,2026-02-19T15:32:30.701215,0.9465,0.947,0.946,0.001,7593.07,34918.39
1771486530,2026-02-19T15:35:30.665680,0.9465,0.947,0.946,0.001,7540.12,34865.450000000004
1771486710,2026-02-19T15:38:30.698009,0.9465,0.947,0.946,0.001,7454.0,34779.33
1771486891,2026-02-19T15:41:31.032558,0.947,0.948,0.946,0.002,7454.009999999999,34168.58
1771487070,2026-02-19T15:44:30.894555,0.9465,0.947,0.946,0.001,7438.2,32723.6
1771487251,2026-02-19T15:47:31.106848,0.9465,0.947,0.946,0.001,7438.1900000000005,32723.6
1771487431,2026-02-19T15:50:31.245028,0.9465,0.947,0.946,0.001,7369.04,32779.46
1771487610,2026-02-19T15:53:30.885365,0.9465,0.947,0.946,0.001,7394.05,32750.89
1771487791,2026-02-19T15:56:31.071994,0.9465,0.947,0.946,0.001,7394.05,32710.969999999998
1771487970,2026-02-19T15:59:30.900064,0.9465,0.947,0.946,0.001,7394.06,32710.969999999998
1771488151,2026-02-19T16:02:31.035188,0.9465,0.947,0.946,0.001,7347.25,32664.149999999998
1771488330,2026-02-19T16:05:30.997194,0.9465,0.947,0.946,0.001,6873.08,32640.35
1771488511,2026-02-19T16:08:31.260259,0.9465,0.947,0.946,0.001,6850.62,32518.35
1771488691,2026-02-19T16:11:31.129929,0.9465,0.947,0.946,0.001,6850.61,32857.84
1771488871,2026-02-19T16:14:31.230926,0.9465,0.947,0.946,0.001,6821.13,32857.84
1771489051,2026-02-19T16:17:31.232434,0.9465,0.947,0.946,0.001,6741.280000000001,32809.92
1771489231,2026-02-19T16:20:31.280465,0.9465,0.947,0.946,0.001,6716.240000000001,32809.92
1771489411,2026-02-19T16:23:31.275854,0.9465,0.947,0.946,0.001,10670.66,33167.56
1771489591,2026-02-19T16:26:31.260282,0.9465,0.947,0.946,0.001,10693.150000000001,33067.56
1771489771,2026-02-19T16:29:31.164757,0.9465,0.947,0.946,0.001,10693.140000000001,33067.56
1771489951,2026-02-19T16:32:31.464303,0.9455,0.946,0.945,0.001,10806.310000000001,33111.659999999996
1771490131,2026-02-19T16:35:31.380608,0.946,0.947,0.945,0.002,10758.94,33029.2
1771490311,2026-02-19T16:38:31.263735,0.946,0.947,0.945,0.002,10174.44,32305.27
1771490491,2026-02-19T16:41:31.338994,0.9465,0.947,0.946,0.001,9473.3,31772.46
1771490671,2026-02-19T16:44:31.467253,0.947,0.948,0.946,0.002,9443.869999999999,33731.9
1771490851,2026-02-19T16:47:31.546118,0.9465,0.947,0.946,0.001,9439.69,31618.28
1771491031,2026-02-19T16:50:31.400068,0.947,0.948,0.946,0.002,9439.69,33672.57
1771491211,2026-02-19T16:53:31.498470,0.9465,0.947,0.946,0.001,9675.289999999999,31567.85
1771491391,2026-02-19T16:56:31.553240,0.9465,0.947,0.946,0.001,9630.91,31567.85
1771491571,2026-02-19T16:59:31.684587,0.9465,0.947,0.946,0.001,9630.91,31567.85
1771491751,2026-02-19T17:02:31.508482,0.9465,0.947,0.946,0.001,9532.49,33438.22
1771491931,2026-02-19T17:05:31.676363,0.9465,0.947,0.946,0.001,9532.49,33419.22
1771492111,2026-02-19T17:08:31.677089,0.9465,0.947,0.946,0.001,9490.72,33477.45
1771492291,2026-02-19T17:11:31.713997,0.946,0.947,0.945,0.002,9559.32,33507.049999999996
1771492471,2026-02-19T17:14:31.616349,0.946,0.947,0.945,0.002,9506.35,33379.07
1771492651,2026-02-19T17:17:31.520824,0.946,0.947,0.945,0.002,9396.05,33151.06
1771492831,2026-02-19T17:20:31.678052,0.946,0.947,0.945,0.002,9396.16,32623.07
1771493011,2026-02-19T17:23:31.622319,0.946,0.947,0.945,0.002,12882.37,32575.989999999998
1771493191,2026-02-19T17:26:31.648933,0.946,0.947,0.945,0.002,9246.02,32436.09
1771493371,2026-02-19T17:29:31.691044,0.946,0.947,0.945,0.002,9246.02,32384.5
1771493551,2026-02-19T17:32:31.699267,0.946,0.947,0.945,0.002,9172.27,29190.1
1771493731,2026-02-19T17:35:31.665671,0.946,0.947,0.945,0.002,9172.27,29190.1
1771493911,2026-02-19T17:38:31.670872,0.946,0.947,0.945,0.002,9061.49,29085.2
1771494091,2026-02-19T17:41:31.874693,0.946,0.947,0.945,0.002,13948.970000000001,29082.88
1771494271,2026-02-19T17:44:31.890380,0.946,0.947,0.945,0.002,13968.970000000001,29082.88
1771494451,2026-02-19T17:47:31.723205,0.946,0.947,0.945,0.002,13886.19,30996.829999999998
1771494632,2026-02-19T17:50:32.073493,0.946,0.947,0.945,0.002,13886.19,30995.67
1771494812,2026-02-19T17:53:32.245407,0.946,0.947,0.945,0.002,13850.080000000002,31058.41
1771494992,2026-02-19T17:56:32.164114,0.946,0.947,0.945,0.002,13845.41,30920.379999999997
1771495172,2026-02-19T17:59:32.158048,0.946,0.947,0.945,0.002,13840.41,30870.01
1771495351,2026-02-19T18:02:31.985377,0.946,0.947,0.945,0.002,13720.74,30819.55
1771495532,2026-02-19T18:05:32.243478,0.946,0.947,0.945,0.002,13740.74,30819.55
1771495712,2026-02-19T18:08:32.228181,0.9465,0.947,0.946,0.001,13206.76,30781.59
1771495892,2026-02-19T18:11:32.090761,0.9465,0.947,0.946,0.001,13881.76,30781.59
1771496072,2026-02-19T18:14:32.141721,0.946,0.947,0.945,0.002,13301.15,30781.59
1771496252,2026-02-19T18:17:32.027069,0.9455,0.946,0.945,0.001,13260.82,31307.26
1771496432,2026-02-19T18:20:32.115700,0.9455,0.946,0.945,0.001,14866.67,30873.75
1771496612,2026-02-19T18:23:32.153217,0.9455,0.946,0.945,0.001,14858.61,32406.95
1771496792,2026-02-19T18:26:32.306123,0.9455,0.946,0.945,0.001,15181.06,32342.399999999998
1771496972,2026-02-19T18:29:32.116744,0.9455,0.946,0.945,0.001,15053.64,31272.59
1771497152,2026-02-19T18:32:32.250346,0.9455,0.946,0.945,0.001,15033.64,31282.59
1771497332,2026-02-19T18:35:32.658299,0.9455,0.946,0.945,0.001,14947.64,30917.739999999998
1771497512,2026-02-19T18:38:32.251061,0.9455,0.946,0.945,0.001,15407.95,30553.57
1771497692,2026-02-19T18:41:32.328353,0.9455,0.946,0.945,0.001,15235.64,30466.82
1771497876,2026-02-19T18:44:36.242138,0.9455,0.946,0.945,0.001,14032.78,30788.059999999998
1771498052,2026-02-19T18:47:32.666245,0.9455,0.946,0.945,0.001,14031.14,31726.01
1771498232,2026-02-19T18:50:32.474942,0.9455,0.946,0.945,0.001,13964.51,31774.37
1771498412,2026-02-19T18:53:32.522101,0.946,0.947,0.945,0.002,13980.33,31751.95
1771498592,2026-02-19T18:56:32.483439,0.946,0.947,0.945,0.002,13687.28,31712.36
1771498772,2026-02-19T18:59:32.522525,0.946,0.947,0.945,0.002,13687.28,31559.79
1771498952,2026-02-19T19:02:32.536705,0.946,0.947,0.945,0.002,13687.28,31559.79
1771499132,2026-02-19T19:05:32.591869,0.9465,0.947,0.946,0.001,12896.24,32022.39
1771499312,2026-02-19T19:08:32.638405,0.9465,0.947,0.946,0.001,12896.24,30971.14
1771499492,2026-02-19T19:11:32.478275,0.946,0.947,0.945,0.002,13689.76,32809.84
1771499672,2026-02-19T19:14:32.668787,0.9465,0.947,0.946,0.001,12823.2,35972.549999999996
1771499852,2026-02-19T19:17:32.682306,0.9465,0.947,0.946,0.001,12686.14,35885.06
1771500032,2026-02-19T19:20:32.691015,0.9465,0.947,0.946,0.001,12786.14,36200.06
1771500212,2026-02-19T19:23:32.690358,0.9465,0.947,0.946,0.001,12723.64,36116.79
1771500392,2026-02-19T19:26:32.854676,0.9465,0.947,0.946,0.001,12571.32,35979.47
1771500572,2026-02-19T19:29:32.767616,0.9465,0.947,0.946,0.001,12323.56,35875.47
1771500752,2026-02-19T19:32:32.817473,0.9465,0.947,0.946,0.001,12314.09,35875.47
1771500932,2026-02-19T19:35:32.705537,0.9465,0.947,0.946,0.001,12585.09,35875.47
1771501112,2026-02-19T19:38:32.887164,0.9455,0.946,0.945,0.001,13440.01,36366.909999999996
1771501292,2026-02-19T19:41:32.859070,0.9455,0.946,0.945,0.001,13388.89,36259.36
1771501472,2026-02-19T19:44:32.903880,0.9455,0.946,0.945,0.001,13241.49,36228.63
1771501653,2026-02-19T19:47:33.242192,0.9455,0.946,0.945,0.001,12551.49,36338.63
1771501833,2026-02-19T19:50:33.241740,0.9455,0.946,0.945,0.001,12374.53,36286.51
1771502013,2026-02-19T19:53:33.139130,0.9455,0.946,0.945,0.001,12286.88,36198.86
1771502192,2026-02-19T19:56:32.935631,0.9455,0.946,0.945,0.001,12286.88,36198.86
1771502373,2026-02-19T19:59:33.235991,0.9455,0.946,0.945,0.001,12179.18,38026.479999999996
1771502553,2026-02-19T20:02:33.103275,0.9455,0.946,0.945,0.001,12000.960000000001,37506.03
1771502733,2026-02-19T20:05:33.113697,0.946,0.947,0.945,0.002,11978.14,37913.11
1771502913,2026-02-19T20:08:33.167769,0.946,0.947,0.945,0.002,11978.14,37928.11
1771503093,2026-02-19T20:11:33.095411,0.946,0.947,0.945,0.002,11936.19,37886.159999999996
1771503273,2026-02-19T20:14:33.172260,0.946,0.947,0.945,0.002,12736.19,37886.159999999996
1771503453,2026-02-19T20:17:33.389848,0.946,0.947,0.945,0.002,12631.32,37781.29
1771503637,2026-02-19T20:20:37.456638,0.946,0.947,0.945,0.002,12580.82,37730.79
1771503813,2026-02-19T20:23:33.325233,0.946,0.947,0.945,0.002,12686.58,37679.01
1771503993,2026-02-19T20:26:33.272139,0.9465,0.947,0.946,0.001,12007.91,37779.01
1771504173,2026-02-19T20:29:33.306642,0.946,0.947,0.945,0.002,12835.42,37726.409999999996
1771504353,2026-02-19T20:32:33.252224,0.9465,0.947,0.946,0.001,12005.53,37691.99
1771504533,2026-02-19T20:35:33.290849,0.9455,0.946,0.945,0.001,12004.53,37189.97
1771504713,2026-02-19T20:38:33.691256,0.946,0.947,0.945,0.002,12813.98,37199.83
1771504893,2026-02-19T20:41:33.452483,0.946,0.947,0.945,0.002,12723.07,37627.83
1771505073,2026-02-19T20:44:33.596522,0.9455,0.946,0.945,0.001,12663.07,35471.6
1771505253,2026-02-19T20:47:33.674118,0.9455,0.946,0.945,0.001,12663.07,35471.6
1771505433,2026-02-19T20:50:33.525219,0.9475,0.948,0.947,0.001,11920.48,34763.0
1771505613,2026-02-19T20:53:33.697797,0.9465,0.947,0.946,0.001,11706.79,31647.91
1771505793,2026-02-19T20:56:33.602408,0.946,0.947,0.945,0.002,12761.18,31290.11
1771505973,2026-02-19T20:59:33.685710,0.946,0.947,0.945,0.002,13033.2,31380.11
1771506153,2026-02-19T21:02:33.695280,0.946,0.947,0.945,0.002,13033.2,41290.88
1771506333,2026-02-19T21:05:33.717101,0.946,0.947,0.945,0.002,13033.2,41290.88
1771506513,2026-02-19T21:08:33.738660,0.946,0.947,0.945,0.002,12616.28,41355.71
1771506693,2026-02-19T21:11:33.663250,0.9445,0.946,0.943,0.003,36278.59,41397.189999999995
1771506873,2026-02-19T21:14:33.707427,0.9445,0.946,0.943,0.003,14724.56,41317.56
1771507053,2026-02-19T21:17:33.699163,0.944,0.945,0.943,0.002,34657.2,24231.79
1771507233,2026-02-19T21:20:33.880770,0.944,0.945,0.943,0.002,34654.24,24269.399999999998
1771507413,2026-02-19T21:23:33.677145,0.944,0.945,0.943,0.002,34652.1,24269.399999999998
1771507593,2026-02-19T21:26:33.719244,0.9445,0.945,0.944,0.001,13277.59,24206.899999999998
1771507773,2026-02-19T21:29:33.907650,0.944,0.945,0.943,0.002,33731.65,25005.899999999998
1771507953,2026-02-19T21:32:33.906735,0.944,0.945,0.943,0.002,8803.08,40713.649999999994
1771508133,2026-02-19T21:35:33.977137,0.944,0.945,0.943,0.002,33816.64,40693.07
1771508313,2026-02-19T21:38:33.898192,0.944,0.945,0.943,0.002,33760.58,40637.009999999995
1771508493,2026-02-19T21:41:33.871041,0.944,0.945,0.943,0.002,33760.58,40767.439999999995
1771508674,2026-02-19T21:44:34.087541,0.9465,0.947,0.946,0.001,2775.6699999999996,40791.77
1771508854,2026-02-19T21:47:34.088869,0.946,0.947,0.945,0.002,3659.8599999999997,41076.35
1771509033,2026-02-19T21:50:33.923039,0.9455,0.946,0.945,0.001,3659.8599999999997,41144.45
1771509213,2026-02-19T21:53:33.888409,0.946,0.947,0.945,0.002,3770.81,40406.14
1771509394,2026-02-19T21:56:34.102429,0.9465,0.947,0.946,0.001,3506.77,40362.71
1771509574,2026-02-19T21:59:34.082211,0.9455,0.946,0.945,0.001,4354.87,40367.88
1771509754,2026-02-19T22:02:34.237341,0.946,0.947,0.945,0.002,4304.799999999999,40228.759999999995
1771509934,2026-02-19T22:05:34.215555,0.946,0.947,0.945,0.002,14747.369999999999,31434.289999999997
1771510114,2026-02-19T22:08:34.073525,0.945,0.947,0.943,0.004,17204.149999999998,31455.0
1771510294,2026-02-19T22:11:34.129458,0.946,0.947,0.945,0.002,17497.54,31425.699999999997
1771510474,2026-02-19T22:14:34.039333,0.946,0.947,0.945,0.002,14418.28,31383.85
1771510654,2026-02-19T22:17:34.257532,0.946,0.947,0.945,0.002,14500.09,31283.85
1771510834,2026-02-19T22:20:34.097031,0.946,0.947,0.945,0.002,14325.22,33777.13
1771511014,2026-02-19T22:23:34.305486,0.944,0.945,0.943,0.002,35788.49,16781.66
1771511194,2026-02-19T22:26:34.245968,0.944,0.945,0.943,0.002,15382.199999999999,33917.79
1771511374,2026-02-19T22:29:34.386899,0.944,0.945,0.943,0.002,35815.22,34015.049999999996
1771511554,2026-02-19T22:32:34.477896,0.9445,0.945,0.944,0.001,15385.22,31901.039999999997
1771511734,2026-02-19T22:35:34.029960,0.945,,,0.002,15363.699999999999,31741.829999999998
1771511914,2026-02-19T22:38:34.455715,0.9455,0.946,0.945,0.001,13206.66,31763.86
1771512094,2026-02-19T22:41:34.472639,0.945,0.946,0.944,0.002,15466.77,31718.5
1771512274,2026-02-19T22:44:34.692020,0.945,0.946,0.944,0.002,15498.02,32192.12
1771512454,2026-02-19T22:47:34.711471,0.945,0.947,0.943,0.004,35562.7,31762.86
1771512634,2026-02-19T22:50:34.573658,0.9455,0.947,0.944,0.003,15148.699999999999,31744.969999999998
1771512814,2026-02-19T22:53:34.679160,0.9435,0.944,0.943,0.001,35592.7,14415.81
1771512994,2026-02-19T22:56:34.746106,0.9455,0.946,0.945,0.001,3131.47,31771.539999999997
1771513174,2026-02-19T22:59:34.698159,0.946,0.947,0.945,0.002,37876.009999999995,35970.85
1771513354,2026-02-19T23:02:34.826953,0.9465,0.947,0.946,0.001,42394.17,35918.049999999996
1771513534,2026-02-19T23:05:34.764826,0.9465,0.947,0.946,0.001,42368.7,35766.979999999996
1771513714,2026-02-19T23:08:34.766898,0.9465,0.947,0.946,0.001,42411.76,35743.53
1771513894,2026-02-19T23:11:34.951410,0.9465,0.947,0.946,0.001,42378.880000000005,35741.58
1771514074,2026-02-19T23:14:34.906207,0.9465,0.947,0.946,0.001,42421.95,41743.58
1771514254,2026-02-19T23:17:34.647804,0.9465,0.947,0.946,0.001,42441.38,41743.58
1771514434,2026-02-19T23:20:34.739112,0.9465,0.947,0.946,0.001,42370.11,41690.83
1771514614,2026-02-19T23:23:34.690664,0.9465,0.947,0.946,0.001,42369.48,41522.42
1771514794,2026-02-19T23:26:34.903440,0.9465,0.947,0.946,0.001,42369.48,41522.42
1771514974,2026-02-19T23:29:34.880944,0.9465,0.947,0.946,0.001,41527.16,41532.42
1771515154,2026-02-19T23:32:34.887009,0.9465,0.947,0.946,0.001,41557.16,41622.42
1771515334,2026-02-19T23:35:34.822114,0.9465,0.947,0.946,0.001,41511.97,41577.229999999996
1771515514,2026-02-19T23:38:34.838027,0.9465,0.947,0.946,0.001,40711.97,41577.229999999996
1771515694,2026-02-19T23:41:34.872821,0.9465,0.947,0.946,0.001,40626.850000000006,41592.11
1771515875,2026-02-19T23:44:35.272032,0.9465,0.947,0.946,0.001,41628.490000000005,41057.759999999995
1771516055,2026-02-19T23:47:35.202283,0.9465,0.947,0.946,0.001,41608.490000000005,40957.759999999995
1771516235,2026-02-19T23:50:35.110227,0.9465,0.947,0.946,0.001,38015.04,40916.759999999995
1771516415,2026-02-19T23:53:35.256770,0.9465,0.947,0.946,0.001,37100.200000000004,40976.72
1771516595,2026-02-19T23:56:35.246007,0.9465,0.947,0.946,0.001,37110.200000000004,40906.72
1771516775,2026-02-19T23:59:35.259528,0.9455,0.946,0.945,0.001,36951.13,43633.15
1771516955,2026-02-20T00:02:35.248633,0.9455,0.946,0.945,0.001,36900.48,43674.63
1771517135,2026-02-20T00:05:35.331718,0.9455,0.946,0.945,0.001,22263.92,43588.07
1771517315,2026-02-20T00:08:35.487219,0.9455,0.946,0.945,0.001,22263.949999999997,43398.25
1771517500,2026-02-20T00:11:40.100262,0.9455,0.946,0.945,0.001,22263.949999999997,43398.25
1771517675,2026-02-20T00:14:35.480352,0.9455,0.946,0.945,0.001,22263.949999999997,43498.25
1771517855,2026-02-20T00:17:35.391131,0.9455,0.946,0.945,0.001,22263.949999999997,43498.25
1771518035,2026-02-20T00:20:35.325964,0.9455,0.946,0.945,0.001,22264.09,43356.42
1771518215,2026-02-20T00:23:35.331304,0.9455,0.946,0.945,0.001,22222.26,43456.42
1771518395,2026-02-20T00:26:35.643833,0.9455,0.946,0.945,0.001,21706.28,41387.61
1771518575,2026-02-20T00:29:35.509344,0.9455,0.946,0.945,0.001,21706.28,41387.61
1771518755,2026-02-20T00:32:35.573050,0.9455,0.946,0.945,0.001,21706.28,41187.61
1771518935,2026-02-20T00:35:35.697820,0.9455,0.946,0.945,0.001,21706.309999999998,41156.9
1771519115,2026-02-20T00:38:35.685473,0.9455,0.946,0.945,0.001,21518.899999999998,41206.939999999995
1771519295,2026-02-20T00:41:35.690791,0.9455,0.946,0.945,0.001,21528.93,41206.939999999995
1771519475,2026-02-20T00:44:35.689013,0.9455,0.946,0.945,0.001,21485.22,41131.53
1771519655,2026-02-20T00:47:35.786315,0.9455,0.946,0.945,0.001,21431.34,41037.84
1771519835,2026-02-20T00:50:35.930157,0.9455,0.946,0.945,0.001,21354.91,41001.2
1771520015,2026-02-20T00:53:35.706625,0.946,0.947,0.945,0.002,21355.23,40841.0
1771520195,2026-02-20T00:56:35.890291,0.9435,0.945,0.942,0.003,32565.96,24721.92
1771520375,2026-02-20T00:59:35.678114,0.9435,0.945,0.942,0.003,32565.96,24751.92
1771520555,2026-02-20T01:02:35.895119,0.9435,0.945,0.942,0.003,32565.96,24651.92
1771520735,2026-02-20T01:05:35.901293,0.9435,0.945,0.942,0.003,32565.96,24751.92
1771520915,2026-02-20T01:08:35.717194,0.9435,0.945,0.942,0.003,32548.71,24783.129999999997
1771521095,2026-02-20T01:11:35.912603,0.9435,0.944,0.943,0.001,12179.8,14027.64
1771521275,2026-02-20T01:14:35.918935,0.9435,0.944,0.943,0.001,12162.89,14098.84
1771521456,2026-02-20T01:17:36.104808,0.943,0.944,0.942,0.002,37537.19,13946.08
1771521635,2026-02-20T01:20:35.850318,0.943,0.944,0.942,0.002,37563.37,13862.34
1771521816,2026-02-20T01:23:36.064092,0.943,0.944,0.942,0.002,37563.37,13962.34
1771521996,2026-02-20T01:26:36.098776,0.944,0.945,0.943,0.002,37537.0,24784.42
1771522175,2026-02-20T01:29:35.894609,0.944,0.945,0.943,0.002,17138.899999999998,24536.329999999998
1771522356,2026-02-20T01:32:36.065964,0.9435,0.945,0.942,0.003,37472.96,25749.559999999998
1771522536,2026-02-20T01:35:36.099399,0.9435,0.944,0.943,0.001,17171.23,14612.74
1771522716,2026-02-20T01:38:36.133177,0.944,0.945,0.943,0.002,17102.75,25269.95
1771522896,2026-02-20T01:41:36.093712,0.944,0.945,0.943,0.002,17146.399999999998,25313.75
1771523076,2026-02-20T01:44:36.047162,0.943,0.944,0.942,0.002,37525.05,14566.64
1771523256,2026-02-20T01:47:36.032661,0.944,0.945,0.943,0.002,19719.48,25779.739999999998
1771523436,2026-02-20T01:50:36.072885,0.944,0.945,0.943,0.002,70247.86,25738.12
1771523616,2026-02-20T01:53:36.149021,0.944,0.945,0.943,0.002,69641.08,25691.45
1771523796,2026-02-20T01:56:36.278505,0.9445,0.945,0.944,0.001,69123.27,25552.289999999997
1771523976,2026-02-20T01:59:36.218762,0.9425,0.943,0.942,0.001,88764.28,14805.47
1771524156,2026-02-20T02:02:36.294701,0.9425,0.943,0.942,0.001,88851.18000000001,5423.5
1771524516,2026-02-20T02:08:36.267997,0.943,0.944,0.942,0.002,87907.29000000001,13826.95
1771524696,2026-02-20T02:11:36.228565,0.943,0.944,0.942,0.002,87957.29000000001,13715.25
1771524876,2026-02-20T02:14:36.319160,0.943,0.944,0.942,0.002,87833.04000000001,13715.25
1771525056,2026-02-20T02:17:36.501961,0.943,0.944,0.942,0.002,86977.06,13725.52
1771525236,2026-02-20T02:20:36.450048,0.943,0.944,0.942,0.002,87271.13,13688.11
1771525416,2026-02-20T02:23:36.470561,0.9435,0.944,0.943,0.001,66860.35,13755.69
1771525596,2026-02-20T02:26:36.700489,0.943,0.944,0.942,0.002,87243.76000000001,13763.7
1771525776,2026-02-20T02:29:36.634276,0.9435,0.944,0.943,0.001,66785.76000000001,13710.47
1771525956,2026-02-20T02:32:36.634035,0.944,0.945,0.943,0.002,66704.05,24398.81
1771526136,2026-02-20T02:35:36.552204,0.943,0.944,0.942,0.002,87160.75,13685.19
1771526316,2026-02-20T02:38:36.632633,0.942,0.943,0.941,0.002,138436.78,5639.79
1771526496,2026-02-20T02:41:36.695980,0.942,0.943,0.941,0.002,138435.38,5639.79
1771526676,2026-02-20T02:44:36.685645,0.9435,0.944,0.943,0.001,66388.48,13739.06
1771526856,2026-02-20T02:47:36.701716,0.943,0.944,0.942,0.002,86895.39,13674.77
1771527036,2026-02-20T02:50:36.692806,0.943,0.944,0.942,0.002,92023.38,13674.77
1771527216,2026-02-20T02:53:36.917140,0.943,0.944,0.942,0.002,91971.55,13656.74
1771527396,2026-02-20T02:56:36.684531,0.943,0.944,0.942,0.002,91931.76000000001,13627.28
1771527576,2026-02-20T02:59:36.675413,0.943,0.944,0.942,0.002,91931.76000000001,24838.28
1771527757,2026-02-20T03:02:37.423829,0.942,0.943,0.941,0.002,143435.38,16170.17
1771527936,2026-02-20T03:05:36.695301,0.942,0.943,0.941,0.002,143405.38999999998,16170.17
1771528116,2026-02-20T03:08:36.901519,0.942,0.943,0.941,0.002,143405.38999999998,16118.93
1771528297,2026-02-20T03:11:37.251374,0.942,0.943,0.941,0.002,143341.5,16196.279999999999
1771528476,2026-02-20T03:14:36.893558,0.942,0.943,0.941,0.002,143333.67,16226.279999999999
1771528661,2026-02-20T03:17:41.737331,0.942,0.943,0.941,0.002,143240.38999999998,16133.0
1771528836,2026-02-20T03:20:36.880771,0.942,0.943,0.941,0.002,143240.38999999998,16033.0
1771529016,2026-02-20T03:23:36.913846,0.942,0.943,0.941,0.002,143182.57,15766.42
1771529201,2026-02-20T03:26:41.938411,0.942,0.943,0.941,0.002,143127.23,15416.42
1771529376,2026-02-20T03:29:36.868221,0.9425,0.943,0.942,0.001,91657.54000000001,15470.980000000001
1771529557,2026-02-20T03:32:37.172389,0.9425,0.943,0.942,0.001,91647.54000000001,15763.25
1771529737,2026-02-20T03:35:37.233275,0.942,0.943,0.941,0.002,133884.25,15670.1
1771529917,2026-02-20T03:38:37.092073,0.942,0.943,0.941,0.002,138219.74,15459.75
1771530097,2026-02-20T03:41:37.251550,0.942,0.943,0.941,0.002,138166.09,15489.75
1771530277,2026-02-20T03:44:37.223796,0.942,0.943,0.941,0.002,138166.09,15489.75
1771530457,2026-02-20T03:47:37.260639,0.942,0.943,0.941,0.002,138165.03,15488.68
1771530641,2026-02-20T03:50:41.998016,0.942,0.943,0.941,0.002,138165.03,15484.37
1771530817,2026-02-20T03:53:37.769595,0.942,0.943,0.941,0.002,138113.88999999998,15527.640000000001
1771530997,2026-02-20T03:56:37.485553,0.942,0.943,0.941,0.002,138146.74,15494.59
1771531177,2026-02-20T03:59:37.303623,0.942,0.943,0.941,0.002,138113.7,15844.59
1771531357,2026-02-20T04:02:37.251283,0.942,0.943,0.941,0.002,137993.7,15394.59
1771531537,2026-02-20T04:05:37.260416,0.942,0.943,0.941,0.002,138113.7,15820.550000000001
1771531717,2026-02-20T04:08:37.237179,0.942,0.943,0.941,0.002,137920.41,15868.240000000002
1771531897,2026-02-20T04:11:37.271564,0.942,0.943,0.941,0.002,137771.46,14372.48
1771532077,2026-02-20T04:14:37.461355,0.9415,0.942,0.941,0.001,127881.19,13939.1
1771532257,2026-02-20T04:17:37.676708,0.9415,0.942,0.941,0.001,128171.99,13890.050000000001
1771532437,2026-02-20T04:20:37.497471,0.9425,0.943,0.942,0.001,76642.76,14348.2
1771532617,2026-02-20T04:23:37.492560,0.9425,0.943,0.942,0.001,77611.05,13898.2
1771532797,2026-02-20T04:26:37.936767,0.9425,0.943,0.942,0.001,77748.17,14353.52
1771532977,2026-02-20T04:29:37.532555,0.943,0.944,0.942,0.002,77709.11,22873.61
1771533157,2026-02-20T04:32:37.675996,0.943,0.944,0.942,0.002,78541.70999999999,22674.9
1771533337,2026-02-20T04:35:37.700090,0.943,0.944,0.942,0.002,78605.75,22674.9
1771533517,2026-02-20T04:38:37.687521,0.943,0.944,0.942,0.002,78506.69,22575.84
1771533697,2026-02-20T04:41:37.734515,0.943,0.944,0.942,0.002,78452.15000000001,22520.239999999998
1771533877,2026-02-20T04:44:37.689176,0.943,0.944,0.942,0.002,78452.15000000001,22520.239999999998
1771534057,2026-02-20T04:47:37.706421,0.943,0.944,0.942,0.002,78332.15000000001,22420.239999999998
1771534237,2026-02-20T04:50:37.893618,0.943,0.944,0.942,0.002,78383.15000000001,22420.239999999998
1771534417,2026-02-20T04:53:37.697121,0.9415,0.942,0.941,0.001,124763.36,13538.42
1771534597,2026-02-20T04:56:37.887207,0.942,0.943,0.941,0.002,124675.16,13997.89
1771534777,2026-02-20T04:59:37.921182,0.942,0.943,0.941,0.002,124498.16,22422.79
1771534957,2026-02-20T05:02:37.880787,0.942,0.943,0.941,0.002,124518.26,22373.6
1771535137,2026-02-20T05:05:37.866025,0.942,0.943,0.941,0.002,124477.75,22381.55
1771535317,2026-02-20T05:08:37.893092,0.942,0.943,0.941,0.002,124477.75,21931.55
1771535497,2026-02-20T05:11:37.902819,0.9435,0.944,0.943,0.001,52552.740000000005,33079.19
1771535678,2026-02-20T05:14:38.080347,0.9425,0.943,0.942,0.001,73075.61,22321.16
1771535857,2026-02-20T05:17:37.883614,0.942,0.943,0.941,0.002,123506.11,22282.76
1771536038,2026-02-20T05:20:38.075785,0.942,0.943,0.941,0.002,123506.11,22282.76
1771536218,2026-02-20T05:23:38.090726,0.942,0.943,0.941,0.002,123457.98,22244.82
1771536398,2026-02-20T05:26:38.047647,0.942,0.943,0.941,0.002,123374.45,22322.48
1771536578,2026-02-20T05:29:38.106144,0.9425,0.943,0.942,0.001,123272.18000000001,22286.52
1771536758,2026-02-20T05:32:38.102459,0.9415,0.942,0.941,0.001,123296.33,13797.52
1771536938,2026-02-20T05:35:38.101157,0.942,0.943,0.941,0.002,123387.51,22370.79
1771537118,2026-02-20T05:38:38.243290,0.941,0.942,0.94,0.002,164346.32,13942.52
1771537298,2026-02-20T05:41:38.245285,0.941,0.942,0.94,0.002,164287.33,13899.86
1771537478,2026-02-20T05:44:38.049418,0.941,0.942,0.94,0.002,164346.33,13899.86
1771537658,2026-02-20T05:47:38.271846,0.941,0.942,0.94,0.002,164256.33,13869.86
1771537838,2026-02-20T05:50:38.279172,0.941,0.942,0.94,0.002,164304.23,13736.61
1771538018,2026-02-20T05:53:38.259766,0.941,0.942,0.94,0.002,164304.23,13766.61
1771538198,2026-02-20T05:56:38.293788,0.942,0.943,0.941,0.002,123155.08,22177.84
1771538378,2026-02-20T05:59:38.187609,0.9425,0.943,0.942,0.001,71690.36,22284.23
1771538558,2026-02-20T06:02:38.253977,0.9435,0.944,0.943,0.001,51229.829999999994,32873.42
1771538738,2026-02-20T06:05:38.311770,0.943,0.944,0.942,0.002,71785.45,32891.18
1771538922,2026-02-20T06:08:42.677175,0.942,0.943,0.941,0.002,123250.62,22163.58
1771539098,2026-02-20T06:11:38.658664,0.9425,0.943,0.942,0.001,71739.65,22097.57
1771539278,2026-02-20T06:14:38.671036,0.942,0.943,0.941,0.002,123084.06999999999,22209.420000000002
1771539458,2026-02-20T06:17:38.462387,0.9425,0.943,0.942,0.001,71624.17,22190.52
1771539638,2026-02-20T06:20:38.585677,0.9425,0.943,0.942,0.001,71624.17,22190.52
1771539818,2026-02-20T06:23:38.482975,0.9425,0.943,0.942,0.001,71624.17,22290.52
1771539998,2026-02-20T06:26:38.472626,0.9425,0.943,0.942,0.001,71624.17,22290.52
1771540183,2026-02-20T06:29:43.164284,0.9415,0.942,0.941,0.001,123423.89,13709.650000000001
1771540358,2026-02-20T06:32:38.661297,0.942,0.943,0.941,0.002,123386.09999999999,22234.56
1771540538,2026-02-20T06:35:38.636764,0.942,0.943,0.941,0.002,123386.09999999999,22146.86
1771540718,2026-02-20T06:38:38.694236,0.942,0.943,0.941,0.002,123286.56,22167.24
1771540898,2026-02-20T06:41:38.683687,0.942,0.943,0.941,0.002,123291.84999999999,22150.63
1771541078,2026-02-20T06:44:38.703927,0.942,0.943,0.941,0.002,123241.84999999999,22150.63
1771541258,2026-02-20T06:47:38.697267,0.942,0.943,0.941,0.002,123203.16,22250.63
1771541438,2026-02-20T06:50:38.741953,0.942,0.943,0.941,0.002,123203.16,22257.02
1771541618,2026-02-20T06:53:38.685938,0.941,0.942,0.94,0.002,164085.11000000002,13790.210000000001
1771541798,2026-02-20T06:56:38.701243,0.941,0.942,0.94,0.002,164205.11000000002,13895.35
1771541978,2026-02-20T06:59:38.889425,0.941,0.942,0.94,0.002,164205.11000000002,13895.35
1771542158,2026-02-20T07:02:38.860070,0.9415,0.942,0.941,0.001,123087.37000000001,13851.85
1771542339,2026-02-20T07:05:39.075657,0.941,0.942,0.94,0.002,164120.24,13744.87
1771542518,2026-02-20T07:08:38.899814,0.9415,0.943,0.94,0.003,164118.3,22210.16
1771542698,2026-02-20T07:11:38.899026,0.941,0.942,0.94,0.002,164143.15,13904.91
1771542878,2026-02-20T07:14:38.891639,0.941,0.942,0.94,0.002,164143.15,13804.91
1771543059,2026-02-20T07:17:39.107341,0.941,0.942,0.94,0.002,163982.16,13795.400000000001
1771543239,2026-02-20T07:20:39.228674,0.9425,0.943,0.942,0.001,72144.61,22244.260000000002
1771543419,2026-02-20T07:23:39.083695,0.942,0.943,0.941,0.002,123618.7,22189.55
1771543599,2026-02-20T07:26:39.260091,0.9415,0.942,0.941,0.001,123530.87,13677.720000000001
1771543779,2026-02-20T07:29:39.177742,0.942,0.943,0.941,0.002,123338.91,22062.52
1771543959,2026-02-20T07:32:39.285979,0.942,0.943,0.941,0.002,123203.52,22062.52
1771544139,2026-02-20T07:35:39.000934,0.942,0.943,0.941,0.002,124203.52,22029.0
1771544319,2026-02-20T07:38:39.251106,0.942,0.943,0.941,0.002,124169.99,22029.0
1771544499,2026-02-20T07:41:39.290329,0.942,0.943,0.941,0.002,124046.35,21980.63
1771544679,2026-02-20T07:44:39.297848,0.942,0.943,0.941,0.002,124102.27,21902.13
1771544859,2026-02-20T07:47:39.280034,0.942,0.943,0.941,0.002,124102.27,21844.34
1771545039,2026-02-20T07:50:39.055767,0.9415,0.942,0.941,0.001,124129.48,13950.330000000002
1771545219,2026-02-20T07:53:39.271971,0.9415,0.942,0.941,0.001,124112.41,13950.330000000002
1771545399,2026-02-20T07:56:39.315756,0.9415,0.942,0.941,0.001,124090.65000000001,13874.11
1771545579,2026-02-20T07:59:39.491831,0.9415,0.942,0.941,0.001,124165.69,13829.150000000001
1771545759,2026-02-20T08:02:39.681687,0.941,0.942,0.94,0.002,165125.1,13873.230000000001
1771545939,2026-02-20T08:05:39.694160,0.941,0.942,0.94,0.002,165019.14,13823.19
1771546119,2026-02-20T08:08:39.476599,0.941,0.942,0.94,0.002,165884.72,13688.77
1771546299,2026-02-20T08:11:39.515836,0.941,0.942,0.94,0.002,165856.37,13660.42
1771546479,2026-02-20T08:14:39.696176,0.9415,0.942,0.941,0.001,124965.63,13660.42
1771546659,2026-02-20T08:17:39.539861,0.9415,0.942,0.941,0.001,124863.94,13573.310000000001
1771546839,2026-02-20T08:20:39.674861,0.9405,0.941,0.94,0.001,165856.37,13083.36
1771547019,2026-02-20T08:23:39.656960,0.9405,0.941,0.94,0.001,165835.52,13083.36
1771547199,2026-02-20T08:26:39.684011,0.9415,0.942,0.941,0.001,131290.52,13380.34
1771547379,2026-02-20T08:29:39.667492,0.942,0.943,0.941,0.002,131238.03,21791.850000000002
1771547559,2026-02-20T08:32:39.694933,0.942,0.943,0.941,0.002,131215.85,21724.41
1771547739,2026-02-20T08:35:39.682926,0.942,0.943,0.941,0.002,131215.85,21724.41
1771547919,2026-02-20T08:38:39.674488,0.942,0.943,0.941,0.002,131117.52,21573.96
1771548099,2026-02-20T08:41:39.905073,0.942,0.943,0.941,0.002,131075.05,21531.49
1771548279,2026-02-20T08:44:39.784321,0.942,0.943,0.941,0.002,131069.64,21485.780000000002
1771548459,2026-02-20T08:47:39.715444,0.942,0.943,0.941,0.002,130979.54,21335.97
1771548639,2026-02-20T08:50:39.894714,0.942,0.943,0.941,0.002,130807.59,21384.02
1771548820,2026-02-20T08:53:40.231726,0.942,0.943,0.941,0.002,130875.6,21332.030000000002
1771548999,2026-02-20T08:56:39.934803,0.942,0.943,0.941,0.002,130875.6,21295.62
1771549180,2026-02-20T08:59:40.248964,0.942,0.943,0.941,0.002,131875.6,21295.62
1771549360,2026-02-20T09:02:40.170233,0.942,0.943,0.941,0.002,131875.6,21295.62
1771549543,2026-02-20T09:05:43.704673,0.942,0.943,0.941,0.002,131831.09,21251.12
1771549720,2026-02-20T09:08:40.237768,0.942,0.943,0.941,0.002,131831.09,21138.97
1771549900,2026-02-20T09:11:40.118801,0.9415,0.942,0.941,0.001,131746.68,12730.560000000001
1771550080,2026-02-20T09:14:40.037032,0.942,0.943,0.941,0.002,131700.92,20998.4
1771550260,2026-02-20T09:17:40.247554,0.9425,0.943,0.942,0.001,79791.09,20854.16
1771550440,2026-02-20T09:20:40.105810,0.9425,0.943,0.942,0.001,79796.09,21055.06
1771550620,2026-02-20T09:23:40.110508,0.942,0.943,0.941,0.002,131441.05,9542.26
1771550800,2026-02-20T09:26:40.101304,0.942,0.943,0.941,0.002,131182.51,9558.08
1771550980,2026-02-20T09:29:40.143178,0.9425,0.943,0.942,0.001,80091.05,9012.24
1771551160,2026-02-20T09:32:40.314657,0.9425,0.943,0.942,0.001,80191.05,9025.24
1771551340,2026-02-20T09:35:40.390135,0.9425,0.943,0.942,0.001,80191.05,8995.24
1771551520,2026-02-20T09:38:40.263887,0.943,0.944,0.942,0.002,80103.20999999999,9014.4
1771551700,2026-02-20T09:41:40.271526,0.9445,0.945,0.944,0.001,57765.659999999996,19425.45
1771551880,2026-02-20T09:44:40.332045,0.942,0.943,0.941,0.002,130715.08,8744.33
1771552060,2026-02-20T09:47:40.546687,0.942,0.943,0.941,0.002,130359.58,8834.85
1771552240,2026-02-20T09:50:40.482796,0.9445,0.945,0.944,0.001,55789.15,19541.37
1771552420,2026-02-20T09:53:40.713368,0.943,0.944,0.942,0.002,78421.79000000001,8861.89
1771552600,2026-02-20T09:56:40.619407,0.943,0.944,0.942,0.002,78421.79000000001,9860.09
1771552780,2026-02-20T09:59:40.485183,0.944,0.945,0.943,0.002,57963.75,20464.14
1771552960,2026-02-20T10:02:40.509216,0.944,0.945,0.943,0.002,57930.62,19457.65
1771553140,2026-02-20T10:05:40.682808,0.9435,0.944,0.943,0.001,57910.62,8832.23
1771553320,2026-02-20T10:08:40.725847,0.942,0.943,0.941,0.002,129609.6,471.5
1771553500,2026-02-20T10:11:40.681500,0.9425,0.944,0.941,0.003,129609.6,8841.77
1771553680,2026-02-20T10:14:40.725653,0.9425,0.943,0.942,0.001,78108.61,494.03
1771553860,2026-02-20T10:17:40.696179,0.9445,0.945,0.944,0.001,55442.79,19110.59
1771554040,2026-02-20T10:20:40.699216,0.942,0.943,0.941,0.002,129559.71,499.71999999999997
1771554220,2026-02-20T10:23:40.655471,0.9425,0.944,0.941,0.003,129469.96,19631.329999999998
1771554400,2026-02-20T10:26:40.688889,0.9425,0.944,0.941,0.003,129474.96,8954.97
1771554585,2026-02-20T10:29:45.493183,0.942,0.943,0.941,0.002,,
1771554760,2026-02-20T10:32:40.925869,0.942,0.943,0.941,0.002,129461.91,10633.39
1771554940,2026-02-20T10:35:40.874001,0.942,0.943,0.941,0.002,129461.91,10562.72
1771555120,2026-02-20T10:38:40.921192,0.942,0.943,0.941,0.002,129433.12,1333.73
1771555301,2026-02-20T10:41:41.104496,0.942,0.943,0.941,0.002,129433.12,8899.03
1771555480,2026-02-20T10:44:40.908535,0.942,0.943,0.941,0.002,129333.12,9099.03
1771555660,2026-02-20T10:47:40.892206,0.942,0.943,0.941,0.002,129353.12,376.51
1771555840,2026-02-20T10:50:40.934607,0.942,0.943,0.941,0.002,129319.6,376.51
1771556021,2026-02-20T10:53:41.105081,0.943,0.944,0.942,0.002,77774.59,19483.91
1771556201,2026-02-20T10:56:41.004139,0.9435,0.944,0.943,0.001,57808.630000000005,19104.84
1771556381,2026-02-20T10:59:41.165419,0.944,0.945,0.943,0.002,57735.840000000004,19494.46
1771556561,2026-02-20T11:02:41.141113,0.944,0.945,0.943,0.002,58863.37,19486.3
1771556741,2026-02-20T11:05:41.163138,0.943,0.944,0.943,0.001,58826.3,8832.13
1771556921,2026-02-20T11:08:41.234736,0.944,0.945,0.943,0.002,59950.78,21328.43
1771557101,2026-02-20T11:11:41.232551,0.9455,0.947,0.944,0.003,57891.65,39387.42
1771557281,2026-02-20T11:14:41.240661,0.9435,0.944,0.943,0.001,59745.03,8728.79
1771557461,2026-02-20T11:17:41.082194,0.9435,0.945,0.942,0.003,80308.23,19499.21
1771557641,2026-02-20T11:20:41.128410,0.9425,0.943,0.942,0.001,80301.91,427.39
1771557821,2026-02-20T11:23:41.285613,0.943,0.944,0.942,0.002,80307.71,8787.63
1771558001,2026-02-20T11:26:41.297753,0.9435,0.944,0.943,0.001,59837.87,8768.19
1771558181,2026-02-20T11:29:41.310443,0.943,0.944,0.942,0.002,80284.0,8822.34
1771558365,2026-02-20T11:32:45.264761,0.943,0.944,0.942,0.002,80297.0,8813.64
1771558541,2026-02-20T11:35:41.665513,0.944,0.945,0.943,0.002,60704.58,19457.76
1771558721,2026-02-20T11:38:41.624737,0.9435,0.945,0.942,0.003,80187.75,19649.82
1771558901,2026-02-20T11:41:41.675713,0.943,0.945,0.941,0.004,131573.61000000002,19635.69
1771559081,2026-02-20T11:44:41.635386,0.946,0.947,0.945,0.002,2697.3199999999997,38216.39
1771559261,2026-02-20T11:47:41.457385,0.946,0.947,0.945,0.002,3103.22,38747.32
1771559441,2026-02-20T11:50:41.684999,0.9455,0.946,0.945,0.001,3019.81,39277.869999999995
1771559621,2026-02-20T11:53:41.683704,0.9455,0.946,0.945,0.001,3019.81,39314.27
1771559801,2026-02-20T11:56:41.462313,0.945,0.946,0.944,0.002,57928.270000000004,39224.909999999996
1771559981,2026-02-20T11:59:41.538282,0.9425,0.944,0.941,0.003,132050.98,7489.87
1771560161,2026-02-20T12:02:41.547991,0.9425,0.944,0.941,0.003,131433.93,7455.9400000000005
1771560341,2026-02-20T12:05:41.693246,0.9445,0.945,0.944,0.001,57464.18,36994.659999999996
1771560521,2026-02-20T12:08:41.667521,0.9425,0.943,0.942,0.001,79927.93000000001,7332.25
1771560701,2026-02-20T12:11:41.713592,0.9425,0.943,0.942,0.001,79836.46,7300.21
1771560881,2026-02-20T12:14:41.928602,0.9425,0.943,0.942,0.001,68758.96,7253.23
1771561061,2026-02-20T12:17:41.665643,0.9425,0.943,0.942,0.001,69426.16,7842.24
1771561241,2026-02-20T12:20:41.930594,0.9415,0.942,0.941,0.001,121206.26000000001,1095.33
1771561421,2026-02-20T12:23:41.685932,0.9415,0.942,0.941,0.001,121018.54000000001,1269.22
1771561601,2026-02-20T12:26:41.920170,0.9415,0.942,0.941,0.001,120589.2,956.26
1771561781,2026-02-20T12:29:41.864372,0.9415,0.942,0.941,0.001,119848.98,1119.94
1771561961,2026-02-20T12:32:41.908193,0.9415,0.942,0.941,0.001,119748.8,1014.46
1771562142,2026-02-20T12:35:42.093690,0.9415,0.942,0.941,0.001,119333.61,1479.45
1771562321,2026-02-20T12:38:41.922113,0.9415,0.942,0.941,0.001,119483.75,2290.37
1771562502,2026-02-20T12:41:42.094894,0.9415,0.942,0.941,0.001,119782.27,2247.9
1771562682,2026-02-20T12:44:42.148015,0.9415,0.942,0.941,0.001,119782.27,2247.9
1771562862,2026-02-20T12:47:42.277199,0.9415,0.942,0.941,0.001,120260.44,2108.1099999999997
1771563042,2026-02-20T12:50:42.249371,0.9415,0.942,0.941,0.001,120213.02,3041.13
1771563222,2026-02-20T12:53:42.118972,0.9415,0.942,0.941,0.001,120213.02,3191.13
1771563402,2026-02-20T12:56:42.110604,0.9415,0.942,0.941,0.001,120213.02,3168.1
1771563582,2026-02-20T12:59:42.235886,0.9415,0.942,0.941,0.001,120066.01000000001,2894.13
1771563762,2026-02-20T13:02:42.171164,0.9415,0.942,0.941,0.001,120005.52,2812.4
1771563942,2026-02-20T13:05:42.244191,0.9415,0.942,0.941,0.001,119885.98,2692.85
1771564122,2026-02-20T13:08:42.313934,0.9415,0.942,0.941,0.001,119885.98,2569.8199999999997
1771564302,2026-02-20T13:11:42.289275,0.9415,0.942,0.941,0.001,119884.83,2552.74
1771564482,2026-02-20T13:14:42.228979,0.9415,0.942,0.941,0.001,119884.83,2552.74
1771564662,2026-02-20T13:17:42.258599,0.941,0.942,0.94,0.002,118758.19,2036.5500000000002
1771564842,2026-02-20T13:20:42.471337,0.941,0.942,0.94,0.002,118609.59,1832.8200000000002
1771565022,2026-02-20T13:23:42.459191,0.941,0.942,0.94,0.002,81502.76,1429.9499999999998
1771565202,2026-02-20T13:26:42.658256,0.9405,0.941,0.94,0.001,81302.99,1713.4099999999999
1771565382,2026-02-20T13:29:42.488635,0.9415,0.942,0.941,0.001,88927.64,1628.45
1771565562,2026-02-20T13:32:42.503154,0.9415,0.942,0.941,0.001,88752.02,1923.8
1771565742,2026-02-20T13:35:42.702032,0.9415,0.942,0.941,0.001,88697.89,2511.07
1771565922,2026-02-20T13:38:42.491239,0.9415,0.942,0.941,0.001,88390.52,3752.83
1771566102,2026-02-20T13:41:42.675710,0.9445,0.945,0.944,0.001,27789.780000000002,19676.23
1771566282,2026-02-20T13:44:42.672394,0.9445,0.945,0.944,0.001,25816.3,20132.66
1771566462,2026-02-20T13:47:42.688387,0.944,0.945,0.943,0.002,32966.020000000004,17624.96
1771566642,2026-02-20T13:50:42.692486,0.942,0.943,0.941,0.002,88792.4,708.24
1771566823,2026-02-20T13:53:43.262731,0.943,0.944,0.942,0.002,36622.950000000004,6981.47
1771567002,2026-02-20T13:56:42.670617,0.943,0.944,0.942,0.002,37115.22,6956.11
1771567182,2026-02-20T13:59:42.672093,0.943,0.944,0.942,0.002,37112.44,6905.8
1771567362,2026-02-20T14:02:42.691429,0.942,0.943,0.941,0.002,88583.89,654.28
1771567542,2026-02-20T14:05:42.892486,0.9425,0.943,0.942,0.001,37093.46,626.0799999999999
1771567722,2026-02-20T14:08:42.885816,0.942,0.943,0.941,0.002,88541.5,694.27
1771567902,2026-02-20T14:11:42.911485,0.944,0.946,0.942,0.004,37022.43,37540.57
1771568083,2026-02-20T14:14:43.258700,0.9465,0.948,0.945,0.003,9649.17,39740.78
1771568263,2026-02-20T14:17:43.237081,0.946,0.947,0.945,0.002,10013.09,34112.81
1771568443,2026-02-20T14:20:43.107134,0.9465,0.947,0.946,0.001,740.52,34153.86
1771568623,2026-02-20T14:23:43.103861,0.9455,0.947,0.944,0.003,24866.2,34152.6
1771568803,2026-02-20T14:26:43.170993,0.9455,0.946,0.945,0.001,10272.68,34131.86
1771568982,2026-02-20T14:29:42.906943,0.9455,0.946,0.945,0.001,10230.65,34146.71
1771569163,2026-02-20T14:32:43.161709,0.9465,0.947,0.946,0.001,819.64,36682.53
1771569343,2026-02-20T14:35:43.231617,0.945,0.946,0.944,0.002,24526.77,34180.86
1771569523,2026-02-20T14:38:43.141016,0.945,0.946,0.944,0.002,23556.76,34173.729999999996
1771569703,2026-02-20T14:41:43.249457,0.943,0.944,0.942,0.002,34408.92,5530.5
1771569883,2026-02-20T14:44:43.073867,0.944,0.945,0.943,0.002,25117.93,16783.489999999998
1771570063,2026-02-20T14:47:43.102559,0.943,0.944,0.942,0.002,34213.92,5997.08
1771570243,2026-02-20T14:50:43.046382,0.943,0.944,0.942,0.002,33975.6,6328.21
1771570423,2026-02-20T14:53:43.337459,0.942,0.943,0.941,0.002,85486.67,629.0
1771570603,2026-02-20T14:56:43.263113,0.942,0.943,0.941,0.002,85506.73,1643.91
1771570783,2026-02-20T14:59:43.295061,0.942,0.943,0.941,0.002,85509.73,1668.91
1771570963,2026-02-20T15:02:43.515007,0.9425,0.943,0.942,0.001,34001.25,1319.04
1771571143,2026-02-20T15:05:43.297481,0.942,0.943,0.941,0.002,85374.13,1205.34
1771571323,2026-02-20T15:08:43.278623,0.942,0.943,0.941,0.002,90394.13,7140.629999999999
1771571503,2026-02-20T15:11:43.330220,0.942,0.943,0.941,0.002,90374.11,7189.5599999999995
1771571683,2026-02-20T15:14:43.374125,0.942,0.943,0.941,0.002,90374.07,7189.5599999999995
1771571863,2026-02-20T15:17:43.465782,0.942,0.943,0.941,0.002,90305.55,7142.32
1771572043,2026-02-20T15:20:43.512183,0.942,0.943,0.941,0.002,90305.53,7142.32
1771572223,2026-02-20T15:23:43.631056,0.942,0.943,0.941,0.002,90305.53,7142.32
1771572403,2026-02-20T15:26:43.503680,0.942,0.943,0.941,0.002,90266.79,7092.969999999999
1771572583,2026-02-20T15:29:43.604870,0.942,0.943,0.941,0.002,90291.06999999999,7092.969999999999
1771572763,2026-02-20T15:32:43.846311,0.942,0.943,0.941,0.002,90246.14,6948.049999999999
1771572943,2026-02-20T15:35:43.670217,0.942,0.943,0.941,0.002,90145.49,6841.339999999999
1771573123,2026-02-20T15:38:43.489856,0.942,0.943,0.941,0.002,90086.17,6655.98
1771573303,2026-02-20T15:41:43.673399,0.942,0.943,0.941,0.002,90039.84,718.75
1771573483,2026-02-20T15:44:43.696215,0.942,0.943,0.941,0.002,89680.85,818.75
1771573663,2026-02-20T15:47:43.697376,0.942,0.943,0.941,0.002,89700.85,818.75
1771573843,2026-02-20T15:50:43.853498,0.942,0.943,0.941,0.002,89721.23,756.21
1771574023,2026-02-20T15:53:43.728421,0.942,0.943,0.941,0.002,89734.06,754.25
1771574203,2026-02-20T15:56:43.884983,0.9425,0.943,0.942,0.001,38208.62,448.0
1771574383,2026-02-20T15:59:43.711487,0.944,0.945,0.943,0.002,28886.97,16926.059999999998
1771574563,2026-02-20T16:02:43.793896,0.945,0.946,0.944,0.002,26891.71,34963.97
1771574748,2026-02-20T16:05:48.019218,0.945,0.946,0.944,0.002,26890.51,34962.77
1771574924,2026-02-20T16:08:44.233053,0.945,0.946,0.944,0.002,26971.719999999998,34893.14
1771575103,2026-02-20T16:11:43.918894,0.9455,0.946,0.945,0.001,13561.349999999999,35032.64
1771575284,2026-02-20T16:14:44.124960,0.9455,0.946,0.945,0.001,9121.349999999999,35130.27
1771575464,2026-02-20T16:17:44.233012,0.9455,0.946,0.945,0.001,9435.56,35025.2
1771575643,2026-02-20T16:20:43.929381,0.946,0.947,0.945,0.002,9348.47,34743.3
1771575824,2026-02-20T16:23:44.244725,0.946,0.947,0.945,0.002,9027.359999999999,35410.08
1771576004,2026-02-20T16:26:44.149976,0.946,0.947,0.945,0.002,9017.359999999999,35509.08
1771576184,2026-02-20T16:29:44.097537,0.946,0.947,0.945,0.002,9058.56,35422.409999999996
1771576364,2026-02-20T16:32:44.117716,0.946,0.947,0.945,0.002,9028.919999999998,35422.409999999996
1771576544,2026-02-20T16:35:44.089933,0.946,0.947,0.945,0.002,9092.81,36218.2
1771576724,2026-02-20T16:38:44.484607,0.9445,0.945,0.944,0.001,22411.7,17940.75
1771576904,2026-02-20T16:41:44.243976,0.944,0.945,0.943,0.002,29497.64,35597.56
1771577084,2026-02-20T16:44:44.361238,0.9445,0.945,0.944,0.001,27890.649999999998,35536.39
1771577264,2026-02-20T16:47:44.235829,0.944,0.945,0.943,0.002,29739.109999999997,36198.34
1771577444,2026-02-20T16:50:44.428662,0.944,0.945,0.943,0.002,29773.839999999997,36198.34
1771577624,2026-02-20T16:53:44.437489,0.944,0.945,0.943,0.002,29859.05,36298.34
1771577804,2026-02-20T16:56:44.257042,0.944,0.945,0.943,0.002,30120.579999999998,18483.67
1771577984,2026-02-20T16:59:44.356741,0.9445,0.945,0.944,0.001,28231.71,17693.78
1771578164,2026-02-20T17:02:44.652339,0.944,0.945,0.943,0.002,30249.989999999998,17664.95
1771578344,2026-02-20T17:05:44.411776,0.944,0.945,0.943,0.002,30249.989999999998,17664.99
1771578524,2026-02-20T17:08:44.697504,0.944,0.945,0.943,0.002,30269.989999999998,17617.8
1771578704,2026-02-20T17:11:44.825154,0.944,0.945,0.943,0.002,30208.69,17735.16
1771578884,2026-02-20T17:14:44.681857,0.9445,0.945,0.944,0.001,28154.569999999996,17714.32
1771579064,2026-02-20T17:17:44.720399,0.9445,0.945,0.944,0.001,27903.269999999997,17760.85
1771579244,2026-02-20T17:20:44.674878,0.945,0.946,0.944,0.002,27860.499999999996,36085.63
1771579424,2026-02-20T17:23:44.605385,0.9445,0.945,0.944,0.001,27874.12,17715.43
1771579604,2026-02-20T17:26:44.666589,0.944,0.945,0.943,0.002,29910.469999999998,17811.6
1771579784,2026-02-20T17:29:44.685639,0.943,0.944,0.942,0.002,39189.659999999996,6957.910000000001
1771579964,2026-02-20T17:32:44.534614,0.943,0.944,0.942,0.002,39209.659999999996,6927.93
1771580144,2026-02-20T17:35:44.705266,0.944,0.945,0.943,0.002,30169.769999999997,35045.45
1771580324,2026-02-20T17:38:44.691848,0.944,0.945,0.943,0.002,30175.719999999998,17624.22
1771580504,2026-02-20T17:41:44.671741,0.944,0.945,0.943,0.002,20524.26,22684.07
1771580684,2026-02-20T17:44:44.892814,0.944,0.945,0.943,0.002,20524.26,22716.92
1771580864,2026-02-20T17:47:44.707898,0.944,0.945,0.943,0.002,20524.26,22766.92
1771581044,2026-02-20T17:50:44.908561,0.944,0.945,0.943,0.002,20524.26,22760.99
1771581224,2026-02-20T17:53:44.911865,0.9435,0.944,0.943,0.001,20884.609999999997,23042.16
1771581404,2026-02-20T17:56:44.936977,0.943,0.944,0.942,0.002,30193.67,22931.86
1771581584,2026-02-20T17:59:44.921463,0.943,0.944,0.942,0.002,30631.84,22944.75
1771581764,2026-02-20T18:02:44.677482,0.9435,0.944,0.943,0.001,21684.86,22954.75
1771581944,2026-02-20T18:05:44.899651,0.9435,0.944,0.943,0.001,21664.86,24442.75
1771582124,2026-02-20T18:08:44.940027,0.9435,0.944,0.943,0.001,21664.86,24255.75
1771582304,2026-02-20T18:11:44.939004,0.943,0.944,0.942,0.002,30948.449999999997,24515.75
1771582484,2026-02-20T18:14:44.929263,0.943,0.944,0.942,0.002,30937.64,24157.14
1771582665,2026-02-20T18:17:45.165201,0.943,0.944,0.942,0.002,31149.66,23971.17
1771582845,2026-02-20T18:20:45.234468,0.9425,0.943,0.942,0.001,31553.44,12119.26
1771583025,2026-02-20T18:23:45.096203,0.943,0.944,0.942,0.002,31548.44,23964.37
1771583205,2026-02-20T18:26:45.088956,0.943,0.944,0.942,0.002,31548.44,23913.35
1771583385,2026-02-20T18:29:45.238428,0.943,0.944,0.942,0.002,31517.42,24013.35
1771583565,2026-02-20T18:32:45.238402,0.9435,0.944,0.943,0.001,22774.42,23913.35
1771583745,2026-02-20T18:35:45.068427,0.944,0.945,0.943,0.002,22682.699999999997,42220.99
1771583929,2026-02-20T18:38:49.223099,0.944,0.945,0.943,0.002,22132.66,42185.020000000004
1771584105,2026-02-20T18:41:45.243799,0.9425,0.943,0.942,0.001,31573.199999999997,22706.97
1771584285,2026-02-20T18:44:45.261054,0.9435,0.944,0.943,0.001,22396.82,22752.55
1771584465,2026-02-20T18:47:45.476717,0.944,0.945,0.943,0.002,22474.48,40991.36
1771584645,2026-02-20T18:50:45.328060,0.943,0.944,0.942,0.002,31525.68,23783.59
1771584825,2026-02-20T18:53:45.481101,0.9435,0.944,0.943,0.001,22286.71,23758.52
1771585005,2026-02-20T18:56:45.300933,0.9435,0.944,0.943,0.001,22286.71,24058.52
1771585185,2026-02-20T18:59:45.381177,0.943,0.944,0.942,0.002,31568.42,24003.36
1771585365,2026-02-20T19:02:45.334009,0.943,0.944,0.942,0.002,31514.31,23964.99
1771585545,2026-02-20T19:05:45.662985,0.943,0.944,0.942,0.002,31485.09,23925.77
1771585725,2026-02-20T19:08:45.702519,0.943,0.944,0.942,0.002,31440.63,24491.47
1771585905,2026-02-20T19:11:45.633748,0.943,0.944,0.942,0.002,31458.69,24481.35
1771586085,2026-02-20T19:14:45.656155,0.943,0.944,0.942,0.002,31469.69,24381.35
1771586265,2026-02-20T19:17:45.444621,0.943,0.944,0.942,0.002,31469.69,24481.35
1771586445,2026-02-20T19:20:45.697288,0.943,0.944,0.942,0.002,31466.9,23010.19
1771586625,2026-02-20T19:23:45.650102,0.943,0.944,0.942,0.002,31375.17,22989.84
1771586805,2026-02-20T19:26:45.480192,0.943,0.944,0.942,0.002,31375.17,22969.920000000002
1771586985,2026-02-20T19:29:45.522335,0.943,0.944,0.942,0.002,31375.17,22969.920000000002
1771587165,2026-02-20T19:32:45.515674,0.943,0.944,0.942,0.002,31471.92,22840.73
1771587345,2026-02-20T19:35:45.692812,0.943,0.944,0.942,0.002,31392.54,23399.97
1771587525,2026-02-20T19:38:45.668327,0.943,0.944,0.942,0.002,31338.2,23513.66
1771587705,2026-02-20T19:41:45.698191,0.943,0.944,0.942,0.002,31358.2,23333.23
1771587885,2026-02-20T19:44:45.704694,0.943,0.944,0.942,0.002,31311.53,23517.55
1771588065,2026-02-20T19:47:45.699546,0.943,0.944,0.942,0.002,31134.4,23361.47
1771588245,2026-02-20T19:50:45.692091,0.942,0.943,0.941,0.002,81757.06,12569.28
1771588425,2026-02-20T19:53:45.673030,0.942,0.943,0.941,0.002,81757.06,12619.28
1771588605,2026-02-20T19:56:45.689871,0.942,0.943,0.941,0.002,81743.72,12619.28
1771588785,2026-02-20T19:59:45.684598,0.942,0.943,0.941,0.002,81753.72,12619.28
1771588965,2026-02-20T20:02:45.889226,0.943,0.944,0.942,0.002,30170.79,23853.86
1771589145,2026-02-20T20:05:45.915081,0.9425,0.943,0.942,0.001,30140.68,12397.539999999999
1771589325,2026-02-20T20:08:45.905442,0.9415,0.942,0.941,0.001,81621.27,7064.400000000001
1771589506,2026-02-20T20:11:46.241956,0.9425,0.943,0.942,0.001,30649.08,12342.38
1771589686,2026-02-20T20:14:46.161141,0.9425,0.943,0.942,0.001,30708.86,12393.28
1771589866,2026-02-20T20:17:46.082814,0.9425,0.943,0.942,0.001,30839.86,12401.03
1771590046,2026-02-20T20:20:46.065385,0.9425,0.943,0.942,0.001,30713.920000000002,12412.03
1771590226,2026-02-20T20:23:46.347100,0.9425,0.943,0.942,0.001,30833.93,12412.05
1771590406,2026-02-20T20:26:46.250982,0.9425,0.943,0.942,0.001,30927.920000000002,12456.039999999999
1771590586,2026-02-20T20:29:46.259731,0.9425,0.943,0.942,0.001,30963.2,12456.039999999999
1771590766,2026-02-20T20:32:46.160167,0.9425,0.943,0.942,0.001,30734.09,12400.289999999999
1771590946,2026-02-20T20:35:46.057851,0.943,0.944,0.942,0.002,30742.0,12419.32
1771591126,2026-02-20T20:38:46.103881,0.943,0.944,0.942,0.002,30742.0,12419.32
1771591306,2026-02-20T20:41:46.067870,0.943,0.944,0.942,0.002,30742.0,12383.42
1771591486,2026-02-20T20:44:46.008485,0.943,0.944,0.942,0.002,30742.0,12383.42
1771591666,2026-02-20T20:47:46.241530,0.943,0.944,0.942,0.002,30742.0,12383.42
1771591846,2026-02-20T20:50:46.245079,0.943,0.944,0.942,0.002,30699.13,12340.55
1771592027,2026-02-20T20:53:47.673540,0.943,0.944,0.942,0.002,30699.13,12339.49
1771592206,2026-02-20T20:56:46.246861,0.943,0.944,0.942,0.002,30653.5,12291.74
1771592386,2026-02-20T20:59:46.245503,0.943,0.944,0.942,0.002,70607.2,12345.44
1771592566,2026-02-20T21:02:46.455405,0.943,0.944,0.942,0.002,70558.87,12197.11
1771592746,2026-02-20T21:05:46.435155,0.943,0.944,0.942,0.002,70515.56999999999,12753.82
1771592926,2026-02-20T21:08:46.389745,0.943,0.944,0.942,0.002,70515.56999999999,12753.82
1771593106,2026-02-20T21:11:46.334971,0.943,0.944,0.942,0.002,70478.04,12716.289999999999
1771593286,2026-02-20T21:14:46.474326,0.943,0.944,0.942,0.002,70473.04,12716.289999999999
1771593466,2026-02-20T21:17:46.504817,0.943,0.944,0.942,0.002,70473.04,12714.17
1771593646,2026-02-20T21:20:46.454915,0.943,0.944,0.942,0.002,69473.04,12714.17
1771593826,2026-02-20T21:23:46.447402,0.943,0.944,0.942,0.002,69443.31999999999,12240.71
1771594006,2026-02-20T21:26:46.448781,0.943,0.944,0.942,0.002,69443.31999999999,12140.71
1771594186,2026-02-20T21:29:46.461437,0.943,0.944,0.942,0.002,69411.62,12140.71
1771594366,2026-02-20T21:32:46.735094,0.943,0.944,0.942,0.002,69513.09,12135.41
1771594546,2026-02-20T21:35:46.907281,0.943,0.944,0.942,0.002,69512.03,12135.41
1771594726,2026-02-20T21:38:46.887256,0.942,0.943,0.941,0.002,120535.18,7828.89
1771594906,2026-02-20T21:41:46.924293,0.9425,0.943,0.942,0.001,69034.18,7848.89
1771595086,2026-02-20T21:44:46.955056,0.9415,0.942,0.941,0.001,120543.44,8003.88
1771595266,2026-02-20T21:47:46.951707,0.943,0.944,0.942,0.002,69072.02,12265.05
1771595446,2026-02-20T21:50:46.797703,0.9425,0.943,0.942,0.001,67579.75,10737.51
1771595626,2026-02-20T21:53:46.926204,0.942,0.943,0.941,0.002,117604.01,4479.79
1771595807,2026-02-20T21:56:47.161484,0.942,0.943,0.941,0.002,117614.55,5052.64
1771595987,2026-02-20T21:59:47.221030,0.942,0.943,0.941,0.002,117715.11,5124.150000000001
1771596167,2026-02-20T22:02:47.259884,0.9425,0.943,0.942,0.001,67141.97,5012.030000000001
1771596347,2026-02-20T22:05:47.262803,0.943,0.944,0.942,0.002,67311.64,10976.54
1771596527,2026-02-20T22:08:47.203370,0.9415,0.942,0.941,0.001,117702.66,9586.5
1771596706,2026-02-20T22:11:46.932482,0.9405,0.942,0.939,0.003,77419.7,8894.91
1771596887,2026-02-20T22:14:47.292465,0.9405,0.941,0.94,0.001,64203.479999999996,9460.66
1771597067,2026-02-20T22:17:47.272226,0.9405,0.942,0.939,0.003,80243.01,31039.059999999998
1771597247,2026-02-20T22:20:47.271490,0.941,0.942,0.94,0.002,66775.49,31198.89
1771597427,2026-02-20T22:23:47.285810,0.9405,0.941,0.94,0.001,62882.74,31107.489999999998
1771597607,2026-02-20T22:26:47.263574,0.941,0.942,0.94,0.002,63622.81,35810.52
1771597787,2026-02-20T22:29:47.225639,0.941,0.942,0.94,0.002,63642.81,35818.7
1771597967,2026-02-20T22:32:47.233759,0.94,0.941,0.939,0.002,75985.73,30813.42
1771598147,2026-02-20T22:35:47.489042,0.9405,0.941,0.94,0.001,63031.229999999996,31801.219999999998
1771598327,2026-02-20T22:38:47.486263,0.941,0.942,0.94,0.002,63031.229999999996,31412.7
1771598507,2026-02-20T22:41:47.322129,0.9415,0.942,0.941,0.001,12669.84,31171.19
1771598687,2026-02-20T22:44:47.465186,0.9415,0.942,0.941,0.001,12667.81,31251.19
1771598867,2026-02-20T22:47:47.346864,0.941,0.942,0.94,0.002,63754.43,31331.98
1771599047,2026-02-20T22:50:47.341591,0.941,0.942,0.94,0.002,63889.32,30227.26
1771599227,2026-02-20T22:53:47.492467,0.941,0.942,0.94,0.002,63361.27,29504.44
1771599407,2026-02-20T22:56:47.614057,0.94,0.941,0.939,0.002,75419.46,29291.65
1771599587,2026-02-20T22:59:47.719810,0.94,0.941,0.939,0.002,75313.2,29899.12
1771599767,2026-02-20T23:02:47.710729,0.9415,0.942,0.941,0.001,11413.519999999999,30014.179999999997
1771599947,2026-02-20T23:05:47.690669,0.9415,0.942,0.941,0.001,11937.75,30019.219999999998
1771600127,2026-02-20T23:08:47.698692,0.9415,0.942,0.941,0.001,11854.41,10494.12
1771600307,2026-02-20T23:11:47.535130,0.941,0.942,0.94,0.002,62843.71,9323.89
1771600487,2026-02-20T23:14:47.672398,0.9385,0.94,0.937,0.003,45433.64,4596.5
1771600667,2026-02-20T23:17:47.700114,0.9395,0.94,0.939,0.001,55457.19,7580.45
1771600847,2026-02-20T23:20:47.690711,0.9405,0.941,0.94,0.001,163459.63,7863.5199999999995
1771601027,2026-02-20T23:23:47.682762,0.941,0.942,0.94,0.002,163102.74,9025.21
1771601207,2026-02-20T23:26:47.687014,0.9415,0.942,0.941,0.001,161652.34,8924.039999999999
1771601387,2026-02-20T23:29:47.736068,0.9415,0.942,0.941,0.001,161759.34,8924.039999999999
1771601567,2026-02-20T23:32:47.686945,0.941,0.942,0.94,0.002,165571.74,12130.15
1771601747,2026-02-20T23:35:47.872873,0.941,0.942,0.94,0.002,165653.64,6792.65
1771601927,2026-02-20T23:38:47.674562,0.941,0.942,0.94,0.002,165653.64,4634.57
1771602107,2026-02-20T23:41:47.710777,0.9415,0.942,0.941,0.001,161884.33,4681.61
1771602287,2026-02-20T23:44:47.759552,0.9415,0.942,0.941,0.001,162118.8,4575.64
1771602467,2026-02-20T23:47:47.957601,0.9435,0.944,0.943,0.001,99597.16,20618.48
1771602648,2026-02-20T23:50:48.160454,0.942,0.943,0.941,0.002,162046.46,12193.66
1771602827,2026-02-20T23:53:47.900813,0.942,0.943,0.941,0.002,162051.46,7160.26
1771603007,2026-02-20T23:56:47.927831,0.9405,0.941,0.94,0.001,165770.2,7528.85
1771603188,2026-02-20T23:59:48.241692,0.9405,0.941,0.94,0.001,165542.46,7356.19
1771603368,2026-02-21T00:02:48.224767,0.941,0.942,0.94,0.002,165542.46,4169.969999999999
1771603547,2026-02-21T00:05:47.932076,0.9415,0.942,0.941,0.001,164100.76,6271.75
1771603727,2026-02-21T00:08:47.888557,0.9415,0.942,0.941,0.001,164088.33,6219.32
1771603908,2026-02-21T00:11:48.021825,0.942,0.943,0.941,0.002,164085.45,6957.0
1771604088,2026-02-21T00:14:48.165327,0.941,0.942,0.94,0.002,166639.73,3859.2599999999998
1771604268,2026-02-21T00:17:48.251529,0.942,0.943,0.941,0.002,164189.81,7006.48
1771604448,2026-02-21T00:20:48.172661,0.9415,0.942,0.941,0.001,164156.52,3835.2999999999997
1771604628,2026-02-21T00:23:48.234096,0.942,0.943,0.941,0.002,164331.36,6207.95
1771604808,2026-02-21T00:26:48.124568,0.9425,0.943,0.942,0.001,152392.99,6207.95
1771604988,2026-02-21T00:29:48.093273,0.943,0.944,0.942,0.002,152370.49,11680.519999999999
1771605168,2026-02-21T00:32:48.239056,0.9415,0.942,0.941,0.001,166233.67,5529.349999999999
1771605348,2026-02-21T00:35:48.324163,0.942,0.943,0.941,0.002,166240.74,5495.5199999999995
1771605528,2026-02-21T00:38:48.378293,0.942,0.943,0.941,0.002,166218.92,5648.18
1771605708,2026-02-21T00:41:48.449444,0.942,0.943,0.941,0.002,171218.92,6647.280000000001
1771605888,2026-02-21T00:44:48.312503,0.942,0.943,0.941,0.002,170963.8,7241.79
1771606068,2026-02-21T00:47:48.316156,0.942,0.943,0.941,0.002,170495.73,9512.38
1771606248,2026-02-21T00:50:48.282203,0.9425,0.943,0.942,0.001,158537.62,8391.01
1771606428,2026-02-21T00:53:48.470971,0.9425,0.944,0.941,0.003,170673.32,11329.71
1771606608,2026-02-21T00:56:48.680716,0.942,0.943,0.941,0.002,170691.22,8896.39
1771606788,2026-02-21T00:59:48.590799,0.942,0.943,0.941,0.002,170763.12,8857.92
1771606968,2026-02-21T01:02:48.503566,0.943,0.944,0.942,0.002,158739.08,16321.76
1771607148,2026-02-21T01:05:48.459010,0.943,0.944,0.942,0.002,158785.76,26220.9
1771607328,2026-02-21T01:08:48.520575,0.943,0.944,0.942,0.002,158797.51,15540.24
1771607508,2026-02-21T01:11:48.685153,0.943,0.944,0.942,0.002,158754.27,15583.83
1771607688,2026-02-21T01:14:48.441748,0.943,0.944,0.942,0.002,158735.97,14482.41
1771607868,2026-02-21T01:17:48.642131,0.942,0.943,0.941,0.002,168646.07,6901.67
1771608048,2026-02-21T01:20:48.680429,0.9415,0.942,0.941,0.001,168612.3,6792.889999999999
1771608228,2026-02-21T01:23:48.748356,0.9415,0.942,0.941,0.001,168632.83,4644.639999999999
1771608408,2026-02-21T01:26:48.709943,0.9415,0.942,0.941,0.001,168615.48,4479.48
1771608588,2026-02-21T01:29:48.681295,0.942,0.943,0.941,0.002,168589.35,7979.75
1771608768,2026-02-21T01:32:48.692828,0.942,0.943,0.941,0.002,168569.35,7996.759999999999
1771608948,2026-02-21T01:35:48.661539,0.943,0.944,0.942,0.002,158924.06,15452.16
1771609128,2026-02-21T01:38:48.882919,0.943,0.944,0.942,0.002,158925.11000000002,13615.47
1771609308,2026-02-21T01:41:48.698700,0.942,0.943,0.941,0.002,168567.41,6156.69
1771609488,2026-02-21T01:44:48.711439,0.9415,0.942,0.941,0.001,168639.87,2819.2799999999997
1771609668,2026-02-21T01:47:48.888412,0.9435,0.944,0.943,0.001,108630.57,28258.76
1771609849,2026-02-21T01:50:49.161391,0.945,0.946,0.944,0.002,58780.380000000005,45259.86
1771610028,2026-02-21T01:53:48.929019,0.944,0.945,0.943,0.002,108658.43000000001,28403.78
1771610209,2026-02-21T01:56:49.123610,0.945,0.946,0.944,0.002,58688.43,45790.64
1771610389,2026-02-21T01:59:49.098530,0.9445,0.946,0.943,0.003,108650.79,45789.97
1771610569,2026-02-21T02:02:49.244596,0.9425,0.944,0.941,0.003,168173.97,17885.35
1771610749,2026-02-21T02:05:49.226968,0.943,0.944,0.942,0.002,159996.55,17935.35
1771610928,2026-02-21T02:08:48.894011,0.943,0.944,0.942,0.002,159996.55,17935.35
1771611109,2026-02-21T02:11:49.220107,0.9435,0.944,0.943,0.001,109379.06999999999,17998.76
1771611289,2026-02-21T02:14:49.253208,0.9435,0.944,0.943,0.001,109379.06999999999,17991.76
1771611469,2026-02-21T02:17:49.113401,0.9435,0.944,0.943,0.001,109379.06999999999,17991.76
1771611649,2026-02-21T02:20:49.099006,0.9435,0.944,0.943,0.001,109379.06999999999,17991.76
1771611829,2026-02-21T02:23:49.156011,0.9435,0.944,0.943,0.001,109379.06999999999,14565.76
1771612009,2026-02-21T02:26:49.116823,0.9435,0.944,0.943,0.001,109379.06999999999,13968.98
1771612189,2026-02-21T02:29:49.285263,0.943,0.944,0.942,0.002,159031.85,14646.48
1771612369,2026-02-21T02:32:49.264868,0.943,0.944,0.942,0.002,158969.04,13887.32
1771612549,2026-02-21T02:35:49.288481,0.9435,0.944,0.943,0.001,108882.03,13921.32
