bucket,datetime,trade_count,size_sum,amount_sum,vwap,avg_trade_size,max_trade_size,midpoint,midpoint_return,abs_midpoint_return,spread,spread_pct,bid_depth_top5,ask_depth_top5,total_depth,depth_change,depth_imbalance,depth_drop,abs_depth_imbalance,z_trade_count,z_amount_sum,z_avg_trade_size,z_spread,z_depth_drop,z_abs_midpoint_return,z_abs_depth_imbalance,activity_score,liquidity_score,price_dislocation_score,stress_score,is_stress_anomaly,market_file,market_stem
1770790800,2026-02-11 06:20:00,1,250.0,50.0,0.1999999999992,50.0,,,0.0,0.0,,0.0,,,,0.0,,-0.0,,0.0,0.0,0.0,0.0,0.0,0.0,0.0,0.0,0.0,0.0,0.0,False,1345822_YES.csv,1345822_YES
1770791220,2026-02-11 06:27:00,1,27.0,5.67,0.2099999999922222,5.67,,,0.0,0.0,,0.0,,,,0.0,,-0.0,,0.0,0.0,0.0,0.0,0.0,0.0,0.0,0.0,0.0,0.0,0.0,False,1345822_YES.csv,1345822_YES
1770792480,2026-02-11 06:48:00,3,30.0,5.699999999999999,0.18999999999366665,1.8999999999999997,,,0.0,0.0,,0.0,,,,0.0,,-0.0,,0.0,0.0,0.0,0.0,0.0,0.0,0.0,0.0,0.0,0.0,0.0,False,1345822_YES.csv,1345822_YES
1770792540,2026-02-11 06:49:00,1,10.0,1.9,0.18999999998099998,1.9,,,0.0,0.0,,0.0,,,,0.0,,-0.0,,0.0,0.0,0.0,0.0,0.0,0.0,0.0,0.0,0.0,0.0,0.0,False,1345822_YES.csv,1345822_YES
1770792600,2026-02-11 06:50:00,5,89.95,17.0905,0.1899999999978877,3.4181,,,0.0,0.0,,0.0,,,,0.0,,-0.0,,0.0,0.0,0.0,0.0,0.0,0.0,0.0,0.0,0.0,0.0,0.0,False,1345822_YES.csv,1345822_YES
1770792780,2026-02-11 06:53:00,5,601.0,108.17999999999999,0.17999999999970048,21.636,,,0.0,0.0,,0.0,,,,0.0,,-0.0,,0.0,0.0,0.0,0.0,0.0,0.0,0.0,0.0,0.0,0.0,0.0,False,1345822_YES.csv,1345822_YES
1770792840,2026-02-11 06:54:00,4,451.0,81.18,0.17999999999960087,20.295,,,0.0,0.0,,0.0,,,,0.0,,-0.0,,0.0,0.0,0.0,0.0,0.0,0.0,0.0,0.0,0.0,0.0,0.0,False,1345822_YES.csv,1345822_YES
1770792960,2026-02-11 06:56:00,2,42.0,7.56,0.17999999999571428,3.78,,,0.0,0.0,,0.0,,,,0.0,,-0.0,,0.0,0.0,0.0,0.0,0.0,0.0,0.0,0.0,0.0,0.0,0.0,False,1345822_YES.csv,1345822_YES
1770793020,2026-02-11 06:57:00,2,42.0,7.56,0.17999999999571428,3.78,,,0.0,0.0,,0.0,,,,0.0,,-0.0,,0.0,0.0,0.0,0.0,0.0,0.0,0.0,0.0,0.0,0.0,0.0,False,1345822_YES.csv,1345822_YES
1770793320,2026-02-11 07:02:00,2,40.0,7.2,0.1799999999955,3.6,,,0.0,0.0,,0.0,,,,0.0,,-0.0,,0.0,0.0,0.0,0.0,0.0,0.0,0.0,0.0,0.0,0.0,0.0,False,1345822_YES.csv,1345822_YES
1770793440,2026-02-11 07:04:00,1,8.0,1.44,0.1799999999775,1.44,,,0.0,0.0,,0.0,,,,0.0,,-0.0,,0.0,0.0,0.0,0.0,0.0,0.0,0.0,0.0,0.0,0.0,0.0,False,1345822_YES.csv,1345822_YES
1770793980,2026-02-11 07:13:00,1,8.97,1.6146,0.1799999999799331,1.6146,,,0.0,0.0,,0.0,,,,0.0,,-0.0,,0.0,0.0,0.0,0.0,0.0,0.0,0.0,0.0,0.0,0.0,0.0,False,1345822_YES.csv,1345822_YES
1770794040,2026-02-11 07:14:00,1,410.0,77.9,0.1899999999995366,77.9,,,0.0,0.0,,0.0,,,,0.0,,-0.0,,0.0,0.0,0.0,0.0,0.0,0.0,0.0,0.0,0.0,0.0,0.0,False,1345822_YES.csv,1345822_YES
1770794220,2026-02-11 07:17:00,1,5.0,0.8999999999999999,0.17999999996399998,0.8999999999999999,,,0.0,0.0,,0.0,,,,0.0,,-0.0,,0.0,0.0,0.0,0.0,0.0,0.0,0.0,0.0,0.0,0.0,0.0,False,1345822_YES.csv,1345822_YES
1770794460,2026-02-11 07:21:00,1,104.36,20.872,0.19999999999808354,20.872,,,0.0,0.0,,0.0,,,,0.0,,-0.0,,0.0,0.0,0.0,0.0,0.0,0.0,0.0,0.0,0.0,0.0,0.0,False,1345822_YES.csv,1345822_YES
1770794520,2026-02-11 07:22:00,1,45.7,9.14,0.19999999999562365,9.14,,,0.0,0.0,,0.0,,,,0.0,,-0.0,,0.0,0.0,0.0,0.0,0.0,0.0,0.0,0.0,0.0,0.0,0.0,False,1345822_YES.csv,1345822_YES
1770795720,2026-02-11 07:42:00,1,120.14,21.6252,0.17999999999850175,21.6252,,,0.0,0.0,,0.0,,,,0.0,,-0.0,,0.0,0.0,0.0,0.0,0.0,0.0,0.0,0.0,0.0,0.0,0.0,False,1345822_YES.csv,1345822_YES
1770797280,2026-02-11 08:08:00,1,84.0,15.12,0.17999999999785712,15.12,,,0.0,0.0,,0.0,,,,0.0,,-0.0,,0.0,0.0,0.0,0.0,0.0,0.0,0.0,0.0,0.0,0.0,0.0,False,1345822_YES.csv,1345822_YES
1770800700,2026-02-11 09:05:00,2,9.99,1.998,0.19999999997998,0.999,,,0.0,0.0,,0.0,,,,0.0,,-0.0,,0.0,0.0,0.0,0.0,0.0,0.0,0.0,0.0,0.0,0.0,0.0,False,1345822_YES.csv,1345822_YES
1770802680,2026-02-11 09:38:00,1,52.631577,9.999999,0.1899999880263895,9.999999,,,0.0,0.0,,0.0,,,,0.0,,-0.0,,-0.6303354033327383,-0.4051847636045018,-0.19599316185818796,0.0,0.0,0.0,0.0,-1.231513328795428,0.0,0.0,-1.231513328795428,False,1345822_YES.csv,1345822_YES
1770807600,2026-02-11 11:00:00,4,99.1875,15.87,0.15999999999838688,3.9675,,,0.0,0.0,,0.0,,,,0.0,,-0.0,,1.4672264726165067,-0.21169416645680972,-0.49398456958841996,0.0,0.0,0.0,0.0,0.7615477365712771,0.0,0.0,0.7615477365712771,False,1345822_YES.csv,1345822_YES
1770807660,2026-02-11 11:01:00,2,185.0,29.6,0.15999999999913514,14.8,,,0.0,0.0,,0.0,,,,0.0,,-0.0,,0.033373971903812534,0.23403745442875531,0.07691311939303887,0.0,0.0,0.0,0.0,0.3443245457256067,0.0,0.0,0.3443245457256067,False,1345822_YES.csv,1345822_YES
1770808740,2026-02-11 11:19:00,1,100.0,17.0,0.16999999999829998,17.0,,,0.0,0.0,,0.0,,,,0.0,,-0.0,,-0.6786080080246291,-0.1856313137975133,0.1917853083528758,0.0,0.0,0.0,0.0,-0.6724540134692666,0.0,0.0,-0.6724540134692666,False,1345822_YES.csv,1345822_YES
1770809820,2026-02-11 11:37:00,1,79.5,15.9,0.19999999999748427,15.9,,,0.0,0.0,,0.0,,,,0.0,,-0.0,,-0.6583779601881723,-0.21873351861252652,0.1281792041872747,0.0,0.0,0.0,0.0,-0.7489322746134242,0.0,0.0,-0.7489322746134242,False,1345822_YES.csv,1345822_YES
1770812100,2026-02-11 12:15:00,1,5.0,0.95,0.18999999996199998,0.95,,,0.0,0.0,,0.0,,,,0.0,,-0.0,,-0.6398742623099725,-0.7212919901091156,-0.6967741633381954,0.0,0.0,0.0,0.0,-2.0579404157572836,0.0,0.0,-2.0579404157572836,False,1345822_YES.csv,1345822_YES
1770812460,2026-02-11 12:21:00,1,79.0,15.8,0.19999999999746834,15.8,,,0.0,0.0,,0.0,,,,0.0,,-0.0,,-0.6228630156509113,-0.1906285907567508,0.14994145451951363,0.0,0.0,0.0,0.0,-0.6635501518881484,0.0,0.0,-0.6635501518881484,False,1345822_YES.csv,1345822_YES
1770812520,2026-02-11 12:22:00,1,14.4,2.736,0.18999999998680556,2.736,,,0.0,0.0,,0.0,,,,0.0,,-0.0,,-0.6071525831776222,-0.6459864824437328,-0.5972574380834026,0.0,0.0,0.0,0.0,-1.8503965037047576,0.0,0.0,-1.8503965037047576,False,1345822_YES.csv,1345822_YES
1770812580,2026-02-11 12:23:00,1,0.5,0.095,0.18999999962000003,0.095,,,0.0,0.0,,0.0,,,,0.0,,-0.0,,-0.5925842297632988,-0.722397798620403,-0.7325968780694397,0.0,0.0,0.0,0.0,-2.0475789064531416,0.0,0.0,-2.0475789064531416,False,1345822_YES.csv,1345822_YES
1770813180,2026-02-11 12:33:00,1,16.18,2.9124,0.17999999998887514,2.9124,,,0.0,0.0,,0.0,,,,0.0,,-0.0,,-0.5790251809684038,-0.6039112452777111,-0.5520767080696496,0.0,0.0,0.0,0.0,-1.7350131343157646,0.0,0.0,-1.7350131343157646,False,1345822_YES.csv,1345822_YES
1770817500,2026-02-11 13:45:00,1,136.363635,29.999998999999995,0.21999999486505328,29.999998999999995,,,0.0,0.0,,0.0,,,,0.0,,-0.0,,-0.5663633942590739,0.3997243319244489,1.0441687089726617,0.0,0.0,0.0,0.0,0.8775296466380367,0.0,0.0,0.8775296466380367,False,1345822_YES.csv,1345822_YES
1770818820,2026-02-11 14:07:00,1,3.846152,0.999999,0.2599998647323351,0.999999,,,0.0,0.0,,0.0,,,,0.0,,-0.0,,-0.5545035643209695,-0.6825624444965466,-0.6853265684437774,0.0,0.0,0.0,0.0,-1.9223925772612933,0.0,0.0,-1.9223925772612933,False,1345822_YES.csv,1345822_YES
1770819000,2026-02-11 14:10:00,3,25.0,7.9,0.31599999998736,2.6333333333333333,,,0.0,0.0,,0.0,,,,0.0,,-0.0,,1.0464879458681517,-0.4112489197122411,-0.5740066922879634,0.0,0.0,0.0,0.0,0.06123233386794724,0.0,0.0,0.06123233386794724,False,1345822_YES.csv,1345822_YES
1770819180,2026-02-11 14:13:00,3,43.0,13.129999999999999,0.3053488372022012,4.376666666666666,,,0.0,0.0,,0.0,,,,0.0,,-0.0,,1.0137953255993992,-0.20536336585650047,-0.45848635127265236,0.0,0.0,0.0,0.0,0.34994560847024636,0.0,0.0,0.34994560847024636,False,1345822_YES.csv,1345822_YES
1770819300,2026-02-11 14:15:00,3,452.34,140.2254,0.30999999999931466,46.741800000000005,,,0.0,0.0,,0.0,,,,0.0,,-0.0,,0.984014313039558,3.627567374370503,2.005344967642612,0.0,0.0,0.0,0.0,6.616926655052673,0.0,0.0,6.616926655052673,False,1345822_YES.csv,1345822_YES
1770821040,2026-02-11 14:44:00,2,31.0,5.58,0.17999999999419355,2.79,,,0.0,0.0,,0.0,,,,0.0,,-0.0,,0.16558790668013673,-0.4927077360279849,-0.5786498218797878,0.0,0.0,0.0,0.0,-0.9057696512276359,0.0,0.0,-0.9057696512276359,False,1345822_YES.csv,1345822_YES
1770821340,2026-02-11 14:49:00,1,111.11111,19.999999,0.1799999927983799,19.999999,,,0.0,0.0,,0.0,,,,0.0,,-0.0,,-0.6492942996148134,-0.04488038782276414,0.44023616515477065,0.0,0.0,0.0,0.0,-0.25393852228280694,0.0,0.0,-0.25393852228280694,False,1345822_YES.csv,1345822_YES
1770821940,2026-02-11 14:59:00,1,247.47,32.740199999999994,0.13229967268706377,32.740199999999994,,,0.0,0.0,,0.0,,,,0.0,,-0.0,,-0.6369854247016539,0.3506632363476893,1.1693212799625838,0.0,0.0,0.0,0.0,0.8829990916086192,0.0,0.0,0.8829990916086192,False,1345822_YES.csv,1345822_YES
1770822900,2026-02-11 15:15:00,1,71.42857,9.999999,0.13999998879803968,9.999999,,,0.0,0.0,,0.0,,,,0.0,,-0.0,,-0.6253558089874437,-0.3682187724203506,-0.19196877917226396,0.0,0.0,0.0,0.0,-1.1855433605800583,0.0,0.0,-1.1855433605800583,False,1345822_YES.csv,1345822_YES
1770822960,2026-02-11 15:16:00,1,2178.714284,299.999999,0.1376958884434717,299.999999,,,0.0,0.0,,0.0,,,,0.0,,-0.0,,-0.6143449208445594,5.017099110198623,5.736972117956717,0.0,0.0,0.0,0.0,10.13972630731078,0.0,0.0,10.13972630731078,True,1345822_YES.csv,1345822_YES
1770823620,2026-02-11 15:27:00,1,1467.714284,199.999999,0.13626630276759216,199.999999,,,0.0,0.0,,0.0,,,,0.0,,-0.0,,-0.6038995417191089,2.7909641061421775,3.1340699137453787,0.0,0.0,0.0,0.0,5.321134478168448,0.0,0.0,5.321134478168448,False,1345822_YES.csv,1345822_YES
1770824040,2026-02-11 15:34:00,1,4727.27,568.7424000000001,0.12031096171783703,568.7424000000001,,,0.0,0.0,,0.0,,,,0.0,,-0.0,,-0.593972666067455,5.101866891014803,5.23944958528956,0.0,0.0,0.0,0.0,9.747343810236908,0.0,0.0,9.747343810236908,True,1345822_YES.csv,1345822_YES
1770824340,2026-02-11 15:39:00,1,3374.733332,500.659999,0.14835542537612614,500.659999,,,0.0,0.0,,0.0,,,,0.0,,-0.0,,-0.5845225972250062,3.6042993020333705,3.674349692027221,0.0,0.0,0.0,0.0,6.6941263968355855,0.0,0.0,6.6941263968355855,False,1345822_YES.csv,1345822_YES
1770825360,2026-02-11 15:56:00,2,30.0,3.9,0.12999999999566667,1.95,,,0.0,0.0,,0.0,,,,0.0,,-0.0,,0.28863131028119104,-0.4232843131863793,-0.38013999142570576,0.0,0.0,0.0,0.0,-0.514792994330894,0.0,0.0,-0.514792994330894,False,1345822_YES.csv,1345822_YES
1770825420,2026-02-11 15:57:00,1,16.0,2.08,0.129999999991875,2.08,,,0.0,0.0,,0.0,,,,0.0,,-0.0,,-0.5887624589607883,-0.4323522161021626,-0.3742147529255713,0.0,0.0,0.0,0.0,-1.3953294279885222,0.0,0.0,-1.3953294279885222,False,1345822_YES.csv,1345822_YES
1770825720,2026-02-11 16:02:00,1,15.0,1.95,0.12999999999133335,1.95,,,0.0,0.0,,0.0,,,,0.0,,-0.0,,-0.5800527344638996,-0.4277834996607868,-0.37060427373444166,0.0,0.0,0.0,0.0,-1.3784405078591282,0.0,0.0,-1.3784405078591282,False,1345822_YES.csv,1345822_YES
1770825840,2026-02-11 16:04:00,1,15.0,1.95,0.12999999999133335,1.95,,,0.0,0.0,,0.0,,,,0.0,,-0.0,,-0.5717204556613938,-0.4223543064115669,-0.36608584525951166,0.0,0.0,0.0,0.0,-1.3601606073324723,0.0,0.0,-1.3601606073324723,False,1345822_YES.csv,1345822_YES
1770825960,2026-02-11 16:06:00,1,16.0,2.08,0.129999999991875,2.08,,,0.0,0.0,,0.0,,,,0.0,,-0.0,,-0.5637390285138837,-0.41604876463624296,-0.3606440459561244,0.0,0.0,0.0,0.0,-1.340431839106251,0.0,0.0,-1.340431839106251,False,1345822_YES.csv,1345822_YES
1770826140,2026-02-11 16:09:00,1,16.0,2.08,0.129999999991875,2.08,,,0.0,0.0,,0.0,,,,0.0,,-0.0,,-0.5560844167777514,-0.4110287931144754,-0.3564552721446436,0.0,0.0,0.0,0.0,-1.3235684820368705,0.0,0.0,-1.3235684820368705,False,1345822_YES.csv,1345822_YES
1770826200,2026-02-11 16:10:00,2,81.0,10.53,0.12999999999839507,5.265,,,0.0,0.0,,0.0,,,,0.0,,-0.0,,0.3601747421045036,-0.334673740735888,-0.32528607315729324,0.0,0.0,0.0,0.0,-0.29978507178867764,0.0,0.0,-0.29978507178867764,False,1345822_YES.csv,1345822_YES
1770826260,2026-02-11 16:11:00,1,7.81,1.0934,0.1399999999820743,1.0934,,,0.0,0.0,,0.0,,,,0.0,,-0.0,,-0.5612486080160913,-0.4116340801061475,-0.35760655185600326,0.0,0.0,0.0,0.0,-1.330489239978242,0.0,0.0,-1.330489239978242,False,1345822_YES.csv,1345822_YES
1770826800,2026-02-11 16:20:00,2,31.0,4.96,0.15999999999483872,2.48,,,0.0,0.0,,0.0,,,,0.0,,-0.0,,0.370035510311436,-0.3736532349143116,-0.34167031574365503,0.0,0.0,0.0,0.0,-0.34528804034653066,0.0,0.0,-0.34528804034653066,False,1345822_YES.csv,1345822_YES
1770827220,2026-02-11 16:27:00,3,72.72,10.180800000000001,0.13999999999807483,3.3936000000000006,,,0.0,0.0,,0.0,,,,0.0,,-0.0,,1.279706006667311,-0.32417387999112285,-0.3300447449865934,0.0,0.0,0.0,0.0,0.6254873816895946,0.0,0.0,0.6254873816895946,False,1345822_YES.csv,1345822_YES
1770827280,2026-02-11 16:28:00,2,59.14,8.2796,0.13999999999763274,4.1398,,,0.0,0.0,,0.0,,,,0.0,,-0.0,,0.33889109203182427,-0.3375388637141054,-0.32003761736696473,0.0,0.0,0.0,0.0,-0.31868538904924587,0.0,0.0,-0.31868538904924587,False,1345822_YES.csv,1345822_YES
1770828000,2026-02-11 16:40:00,5,172.42000000000002,20.6904,0.11999999999930402,4.13808,,,0.0,0.0,,0.0,,,,0.0,,-0.0,,2.883535191914692,-0.224007098323074,-0.3168261704787182,0.0,0.0,0.0,0.0,2.3427019231129,0.0,0.0,2.3427019231129,False,1345822_YES.csv,1345822_YES
1770828060,2026-02-11 16:41:00,5,214.10999999999999,25.693199999999997,0.11999999999943954,5.13864,,,0.0,0.0,,0.0,,,,0.0,,-0.0,,2.6601534874990804,-0.17705622889780354,-0.3046888157206196,0.0,0.0,0.0,0.0,2.178408442880657,0.0,0.0,2.178408442880657,False,1345822_YES.csv,1345822_YES
1770828120,2026-02-11 16:42:00,2,31.0,3.7199999999999998,0.11999999999612902,1.8599999999999999,,,0.0,0.0,,0.0,,,,0.0,,-0.0,,0.19250417476598147,-0.3740047682188544,-0.33151638276022083,0.0,0.0,0.0,0.0,-0.5130169762130938,0.0,0.0,-0.5130169762130938,False,1345822_YES.csv,1345822_YES
1770829380,2026-02-11 17:03:00,2,25.0,2.5,0.099999999996,1.25,,,0.0,0.0,,0.0,,,,0.0,,-0.0,,0.19077536691716826,-0.3814010167260056,-0.3339086862248318,0.0,0.0,0.0,0.0,-0.5245343360336692,0.0,0.0,-0.5245343360336692,False,1345822_YES.csv,1345822_YES
1770829440,2026-02-11 17:04:00,4,153.0,15.3,0.09999999999934642,3.825,,,0.0,0.0,,0.0,,,,0.0,,-0.0,,1.7940065923574586,-0.26022697890841295,-0.30697887698880805,0.0,0.0,0.0,0.0,1.2268007364602378,0.0,0.0,1.2268007364602378,False,1345822_YES.csv,1345822_YES
1770829500,2026-02-11 17:05:00,2,31.0,3.1,0.0999999999967742,1.55,,,0.0,0.0,,0.0,,,,0.0,,-0.0,,0.15405476823712644,-0.37080025885971957,-0.3253361653486178,0.0,0.0,0.0,0.0,-0.5420816559712109,0.0,0.0,-0.5420816559712109,False,1345822_YES.csv,1345822_YES
1770829560,2026-02-11 17:06:00,3,49.0,4.9,0.0999999999979592,1.6333333333333335,,,0.0,0.0,,0.0,,,,0.0,,-0.0,,0.9644584906465289,-0.3505491092575352,-0.3215892550390043,0.0,0.0,0.0,0.0,0.29232012634998944,0.0,0.0,0.29232012634998944,False,1345822_YES.csv,1345822_YES
1770829620,2026-02-11 17:07:00,2,36.0,3.6,0.09999999999722224,1.8,,,0.0,0.0,,0.0,,,,0.0,,-0.0,,0.12449547920811192,-0.3551831024932065,-0.31211126485383367,0.0,0.0,0.0,0.0,-0.5427988881389283,0.0,0.0,-0.5427988881389283,False,1345822_YES.csv,1345822_YES
1770830160,2026-02-11 17:16:00,3,621.96,69.73519999999999,0.11212167985061397,23.245066666666663,,,0.0,0.0,,0.0,,,,0.0,,-0.0,,0.9239275440315947,0.2622814055495955,-0.11018754836855851,0.0,0.0,0.0,0.0,1.0760214012126317,0.0,0.0,1.0760214012126317,False,1345822_YES.csv,1345822_YES
1770830580,2026-02-11 17:23:00,1,17.0,2.04,0.11999999999294118,2.04,,,0.0,0.0,,0.0,,,,0.0,,-0.0,,-0.7054743821793014,-0.37959914618965857,-0.3128125447830113,0.0,0.0,0.0,0.0,-1.397886073151971,0.0,0.0,-1.397886073151971,False,1345822_YES.csv,1345822_YES
1770831060,2026-02-11 17:31:00,2,109.24,15.2436,0.13954229219938172,7.6218,,,0.0,0.0,,0.0,,,,0.0,,-0.0,,0.1111285526167693,-0.25658764673626266,-0.26046221393036095,0.0,0.0,0.0,0.0,-0.4059213080498543,0.0,0.0,-0.4059213080498543,False,1345822_YES.csv,1345822_YES
1770831900,2026-02-11 17:45:00,1,165.03,19.8036,0.11999999999927287,19.8036,,,0.0,0.0,,0.0,,,,0.0,,-0.0,,-0.7067325515857464,-0.21373576772806369,-0.14673835094710552,0.0,0.0,0.0,0.0,-1.0672066702609158,0.0,0.0,-1.0672066702609158,False,1345822_YES.csv,1345822_YES
1770832080,2026-02-11 17:48:00,1,1000.0,130.0,0.12999999999987,130.0,,,0.0,0.0,,0.0,,,,0.0,,-0.0,,-0.6947596760301061,0.8272436243045985,0.8838749131875,0.0,0.0,0.0,0.0,1.0163588614619923,0.0,0.0,1.0163588614619923,False,1345822_YES.csv,1345822_YES
1770832560,2026-02-11 17:56:00,1,7.692306,0.999999,0.12999989858307762,0.999999,,,0.0,0.0,,0.0,,,,0.0,,-0.0,,-0.6721296167677469,-0.38205992748214607,-0.3382317204168721,0.0,0.0,0.0,0.0,-1.392421264666765,0.0,0.0,-1.392421264666765,False,1345822_YES.csv,1345822_YES
1770833760,2026-02-11 18:16:00,1,5.0,0.55,0.109999999978,0.55,,,0.0,0.0,,0.0,,,,0.0,,-0.0,,-0.6538625481582947,-0.38506286947185303,-0.34193407140395016,0.0,0.0,0.0,0.0,-1.3808594890340977,0.0,0.0,-1.3808594890340977,False,1345822_YES.csv,1345822_YES
1770835560,2026-02-11 18:46:00,1,12.22,1.833,0.14999999998772504,1.833,,,0.0,0.0,,0.0,,,,0.0,,-0.0,,-0.6358765686384349,-0.3718935549311085,-0.3294167898015568,0.0,0.0,0.0,0.0,-1.3371869133711,0.0,0.0,-1.3371869133711,False,1345822_YES.csv,1345822_YES
1770835920,2026-02-11 18:52:00,1,5.0,0.8,0.15999999996800002,0.8,,,0.0,0.0,,0.0,,,,0.0,,-0.0,,-0.6181532039604415,-0.380524324324859,-0.3387269299625984,0.0,0.0,0.0,0.0,-1.3374044582478988,0.0,0.0,-1.3374044582478988,False,1345822_YES.csv,1345822_YES
1770836700,2026-02-11 19:05:00,2,201.19,34.2023,0.16999999999915505,17.10115,,,0.0,0.0,,0.0,,,,0.0,,-0.0,,0.34239507542069586,-0.06973016419542596,-0.1866583075679632,0.0,0.0,0.0,0.0,0.08600660365730672,0.0,0.0,0.08600660365730672,False,1345822_YES.csv,1345822_YES
1770836880,2026-02-11 19:08:00,1,49.27,8.8686,0.17999999999634667,8.8686,,,0.0,0.0,,0.0,,,,0.0,,-0.0,,-0.6358765686384349,-0.3109798768054485,-0.26606185919953895,0.0,0.0,0.0,0.0,-1.2129183046434222,0.0,0.0,-1.2129183046434222,False,1345822_YES.csv,1345822_YES
1770836940,2026-02-11 19:09:00,2,163.0,29.34,0.17999999999889568,14.67,,,0.0,0.0,,0.0,,,,0.0,,-0.0,,0.32693127407914724,-0.1094118553139019,-0.20114640036453033,0.0,0.0,0.0,0.0,0.016373018400715006,0.0,0.0,0.016373018400715006,False,1345822_YES.csv,1345822_YES
1770837120,2026-02-11 19:12:00,1,15.0,2.7,0.17999999998799998,2.7,,,0.0,0.0,,0.0,,,,0.0,,-0.0,,-0.6538625481582947,-0.36242109051024063,-0.3152574209208795,0.0,0.0,0.0,0.0,-1.3315410595894148,0.0,0.0,-1.3315410595894148,False,1345822_YES.csv,1345822_YES
1770837180,2026-02-11 19:13:00,2,42.0,7.56,0.17999999999571428,3.78,,,0.0,0.0,,0.0,,,,0.0,,-0.0,,0.3114747004533461,-0.31404396022389164,-0.3020957270338012,0.0,0.0,0.0,0.0,-0.3046649868043468,0.0,0.0,-0.3046649868043468,False,1345822_YES.csv,1345822_YES
1770837960,2026-02-11 19:26:00,2,110.0,20.9,0.18999999999827272,10.45,,,0.0,0.0,,0.0,,,,0.0,,-0.0,,0.2960131118316175,-0.1895118057680951,-0.23893813228647467,0.0,0.0,0.0,0.0,-0.13243682622295228,0.0,0.0,-0.13243682622295228,False,1345822_YES.csv,1345822_YES
1770838080,2026-02-11 19:28:00,1,1002.5,199.0,0.198503740648181,199.0,,,0.0,0.0,,0.0,,,,0.0,,-0.0,,-0.6906972609404406,1.4454811579647342,1.4952019760787651,0.0,0.0,0.0,0.0,2.249985873103059,0.0,0.0,2.249985873103059,False,1345822_YES.csv,1345822_YES
1770838620,2026-02-11 19:37:00,1,15.0,2.85,0.18999999998733333,2.85,,,0.0,0.0,,0.0,,,,0.0,,-0.0,,-0.6906972609404406,-0.3796681786741203,-0.33061569826108717,0.0,0.0,0.0,0.0,-1.400981137875648,0.0,0.0,-1.400981137875648,False,1345822_YES.csv,1345822_YES
1770838680,2026-02-11 19:38:00,1,15.0,2.85,0.18999999998733333,2.85,,,0.0,0.0,,0.0,,,,0.0,,-0.0,,-0.6721296167677469,-0.3798199737197595,-0.3309358529750524,0.0,0.0,0.0,0.0,-1.3828854434625588,0.0,0.0,-1.3828854434625588,False,1345822_YES.csv,1345822_YES
1770838740,2026-02-11 19:39:00,1,16.0,3.04,0.189999999988125,3.04,,,0.0,0.0,,0.0,,,,0.0,,-0.0,,-0.6721296167677469,-0.3768281748067166,-0.3279787725576958,0.0,0.0,0.0,0.0,-1.3769365641321594,0.0,0.0,-1.3769365641321594,False,1345822_YES.csv,1345822_YES
1770838980,2026-02-11 19:43:00,1,10.0,2.1,0.209999999979,2.1,,,0.0,0.0,,0.0,,,,0.0,,-0.0,,-0.650463604114872,-0.3831741288155913,-0.3364095457212189,0.0,0.0,0.0,0.0,-1.3700472786516822,0.0,0.0,-1.3700472786516822,False,1345822_YES.csv,1345822_YES
1770839160,2026-02-11 19:46:00,1,19.0,3.8,0.1999999999894737,3.8,,,0.0,0.0,,0.0,,,,0.0,,-0.0,,-0.6319354639003536,-0.3630021081755533,-0.3187254404407897,0.0,0.0,0.0,0.0,-1.3136630125166966,0.0,0.0,-1.3136630125166966,False,1345822_YES.csv,1345822_YES
1770840060,2026-02-11 20:01:00,1,16.0,3.04,0.189999999988125,3.04,,,0.0,0.0,,0.0,,,,0.0,,-0.0,,-0.6319354639003536,-0.3676559203280774,-0.3234481572438765,0.0,0.0,0.0,0.0,-1.3230395414723075,0.0,0.0,-1.3230395414723075,False,1345822_YES.csv,1345822_YES
1770840900,2026-02-11 20:15:00,1,15.0,2.85,0.18999999998733333,2.85,,,0.0,0.0,,0.0,,,,0.0,,-0.0,,-0.6319354639003536,-0.3671685388851435,-0.3230173026758393,0.0,0.0,0.0,0.0,-1.3221213054613363,0.0,0.0,-1.3221213054613363,False,1345822_YES.csv,1345822_YES
1770841800,2026-02-11 20:30:00,2,100.505293,16.375999,0.1629366823480337,8.1879995,,,0.0,0.0,,0.0,,,,0.0,,-0.0,,0.37658419185597863,-0.24423148950517956,-0.2746118196767046,0.0,0.0,0.0,0.0,-0.14225911732590554,0.0,0.0,-0.14225911732590554,False,1345822_YES.csv,1345822_YES
1770841860,2026-02-11 20:31:00,1,44.444443,7.999999,0.1799999833459494,7.999999,,,0.0,0.0,,0.0,,,,0.0,,-0.0,,-0.650463604114872,-0.3206931098697526,-0.27507021717244423,0.0,0.0,0.0,0.0,-1.2462269311570688,0.0,0.0,-1.2462269311570688,False,1345822_YES.csv,1345822_YES
1770842040,2026-02-11 20:34:00,1,52.941175,8.999999,0.1699999858301218,8.999999,,,0.0,0.0,,0.0,,,,0.0,,-0.0,,-0.650463604114872,-0.31248433967487255,-0.2668218449710737,0.0,0.0,0.0,0.0,-1.2297697887608183,0.0,0.0,-1.2297697887608183,False,1345822_YES.csv,1345822_YES
1770844200,2026-02-11 21:10:00,1,15.0,2.85,0.18999999998733333,2.85,,,0.0,0.0,,0.0,,,,0.0,,-0.0,,-0.650463604114872,-0.3700813644589822,-0.3244880520082654,0.0,0.0,0.0,0.0,-1.3450330205821195,0.0,0.0,-1.3450330205821195,False,1345822_YES.csv,1345822_YES
1770844920,2026-02-11 21:22:00,1,250.0,50.0,0.1999999999992,50.0,,,0.0,0.0,,0.0,,,,0.0,,-0.0,,-0.650463604114872,0.0606094562283819,0.10683291623232116,0.0,0.0,0.0,0.0,-0.483021231654169,0.0,0.0,-0.483021231654169,False,1345822_YES.csv,1345822_YES
1770844980,2026-02-11 21:23:00,1,16.0,3.2,0.1999999999875,3.2,,,0.0,0.0,,0.0,,,,0.0,,-0.0,,-0.650463604114872,-0.37000829216304054,-0.32436248114037053,0.0,0.0,0.0,0.0,-1.344834377418283,0.0,0.0,-1.344834377418283,False,1345822_YES.csv,1345822_YES
1770845040,2026-02-11 21:24:00,1,24.41,4.882000000000001,0.19999999999180665,4.882000000000001,,,0.0,0.0,,0.0,,,,0.0,,-0.0,,-0.650463604114872,-0.3550668388867175,-0.30938288186258295,0.0,0.0,0.0,0.0,-1.3149133248641725,0.0,0.0,-1.3149133248641725,False,1345822_YES.csv,1345822_YES
1770845580,2026-02-11 21:33:00,2,192.25,44.2175,0.22999999999880366,22.10875,,,0.0,0.0,,0.0,,,,0.0,,-0.0,,0.40000897149787285,0.004766286181008181,-0.15226748932303275,0.0,0.0,0.0,0.0,0.25250776835584826,0.0,0.0,0.25250776835584826,False,1345822_YES.csv,1345822_YES
1770846120,2026-02-11 21:42:00,1,44.71,11.1775,0.24999999999440842,11.1775,,,0.0,0.0,,0.0,,,,0.0,,-0.0,,-0.6179007796412356,-0.30215010100724177,-0.25516172510474844,0.0,0.0,0.0,0.0,-1.1752126057532257,0.0,0.0,-1.1752126057532257,False,1345822_YES.csv,1345822_YES
1770846540,2026-02-11 21:49:00,1,5.0,1.1,0.219999999956,1.1,,,0.0,0.0,,0.0,,,,0.0,,-0.0,,-0.5924384222593307,-0.3764606346305629,-0.34159292844175015,0.0,0.0,0.0,0.0,-1.3104919853316437,0.0,0.0,-1.3104919853316437,False,1345822_YES.csv,1345822_YES
1770846660,2026-02-11 21:51:00,3,59.0,13.95,0.23644067796209423,4.6499999999999995,,,0.0,0.0,,0.0,,,,0.0,,-0.0,,1.5161095886747342,-0.25769061435221347,-0.30888404031869077,0.0,0.0,0.0,0.0,0.9495349340038299,0.0,0.0,0.9495349340038299,False,1345822_YES.csv,1345822_YES
1770846720,2026-02-11 21:52:00,3,89.0,21.36,0.23999999999730334,7.12,,,0.0,0.0,,0.0,,,,0.0,,-0.0,,1.4579901556998414,-0.1885834906642516,-0.283776321265178,0.0,0.0,0.0,0.0,0.9856303437704117,0.0,0.0,0.9856303437704117,False,1345822_YES.csv,1345822_YES
1770848160,2026-02-11 22:16:00,2,35.0,6.65,0.18999999999457146,3.325,,,0.0,0.0,,0.0,,,,0.0,,-0.0,,0.40000897149787285,-0.3218768354258606,-0.31424738971708377,0.0,0.0,0.0,0.0,-0.23611525364507152,0.0,0.0,-0.23611525364507152,False,1345822_YES.csv,1345822_YES
1770849120,2026-02-11 22:32:00,1,26.315788,4.999999,0.18999997263277843,4.999999,,,0.0,0.0,,0.0,,,,0.0,,-0.0,,-0.6434926932791868,-0.33643921094171114,-0.29784450467726165,0.0,0.0,0.0,0.0,-1.2777764088981596,0.0,0.0,-1.2777764088981596,False,1345822_YES.csv,1345822_YES
1770849540,2026-02-11 22:39:00,1,51.0,8.4747,0.16617058823203584,8.4747,,,0.0,0.0,,0.0,,,,0.0,,-0.0,,-0.6434926932791868,-0.27251624342782904,-0.23261011731282547,0.0,0.0,0.0,0.0,-1.1486190540198413,0.0,0.0,-1.1486190540198413,False,1345822_YES.csv,1345822_YES
1770850140,2026-02-11 22:49:00,1,10.0,1.9,0.18999999998099998,1.9,,,0.0,0.0,,0.0,,,,0.0,,-0.0,,-0.6434926932791868,-0.3115803403521776,-0.2709231702225371,0.0,0.0,0.0,0.0,-1.2259962038539016,0.0,0.0,-1.2259962038539016,False,1345822_YES.csv,1345822_YES
1770850380,2026-02-11 22:53:00,1,51.0,8.21,0.16098039215370621,8.21,,,0.0,0.0,,0.0,,,,0.0,,-0.0,,-0.6434926932791868,-0.21807742172074623,-0.161930919395838,0.0,0.0,0.0,0.0,-1.0235010343957711,0.0,0.0,-1.0235010343957711,False,1345822_YES.csv,1345822_YES
1770850740,2026-02-11 22:59:00,1,51.0,8.16,0.15999999999686276,8.16,,,0.0,0.0,,0.0,,,,0.0,,-0.0,,-0.6434926932791868,-0.22661916589481765,-0.10505566047393836,0.0,0.0,0.0,0.0,-0.9751675196479428,0.0,0.0,-0.9751675196479428,False,1345822_YES.csv,1345822_YES
1770850860,2026-02-11 23:01:00,1,19.53,3.1248000000000005,0.1599999999918075,3.1248000000000005,,,0.0,0.0,,0.0,,,,0.0,,-0.0,,-0.6248529238713607,-0.3862605393164342,-0.2715789796534251,0.0,0.0,0.0,0.0,-1.28269244284122,0.0,0.0,-1.28269244284122,False,1345822_YES.csv,1345822_YES
1770854640,2026-02-12 00:04:00,1,31.25,5.0,0.15999999999488,5.0,,,0.0,0.0,,0.0,,,,0.0,,-0.0,,-0.6248529238713607,-0.3283815332836603,-0.21150260939800392,0.0,0.0,0.0,0.0,-1.164737066553025,0.0,0.0,-1.164737066553025,False,1345822_YES.csv,1345822_YES
1770855540,2026-02-12 00:19:00,1,5.89,0.8835,0.14999999997453312,0.8835,,,0.0,0.0,,0.0,,,,0.0,,-0.0,,-0.6248529238713607,-0.4586552466335389,-0.3465026896592387,0.0,0.0,0.0,0.0,-1.4300108601641384,0.0,0.0,-1.4300108601641384,False,1345822_YES.csv,1345822_YES
1770855840,2026-02-12 00:24:00,1,26.47,3.7969,0.14344163203084836,3.7969,,,0.0,0.0,,0.0,,,,0.0,,-0.0,,-0.6248529238713607,-0.3671202422239473,-0.2516015006931838,0.0,0.0,0.0,0.0,-1.2435746667884917,0.0,0.0,-1.2435746667884917,False,1345822_YES.csv,1345822_YES
1770856320,2026-02-12 00:32:00,1,12.36,1.9776,0.15999999998705502,1.9776,,,0.0,0.0,,0.0,,,,0.0,,-0.0,,-0.6248529238713607,-0.424940425057643,-0.31149800037159203,0.0,0.0,0.0,0.0,-1.3612913493005956,0.0,0.0,-1.3612913493005956,False,1345822_YES.csv,1345822_YES
1770858000,2026-02-12 01:00:00,1,51.0,8.16,0.15999999999686276,8.16,,,0.0,0.0,,0.0,,,,0.0,,-0.0,,-0.6248529238713607,-0.23171272156642522,-0.11116835115716936,0.0,0.0,0.0,0.0,-0.9677339965949553,0.0,0.0,-0.9677339965949553,False,1345822_YES.csv,1345822_YES
1770867420,2026-02-12 03:37:00,1,58.823528,9.999999,0.1699999870771097,9.999999,,,0.0,0.0,,0.0,,,,0.0,,-0.0,,-0.6064748179723588,-0.17281883285344765,-0.053106677313528264,0.0,0.0,0.0,0.0,-0.8324003281393347,0.0,0.0,-0.8324003281393347,False,1345822_YES.csv,1345822_YES
1770867480,2026-02-12 03:38:00,1,5.882351,0.999999,0.1699998860710624,0.999999,,,0.0,0.0,,0.0,,,,0.0,,-0.0,,-0.6064748179723588,-0.4593973132031441,-0.34996814137287047,0.0,0.0,0.0,0.0,-1.4158402725483734,0.0,0.0,-1.4158402725483734,False,1345822_YES.csv,1345822_YES
1770869160,2026-02-12 04:06:00,1,150.06,21.158400000000004,0.1409996001589964,21.158400000000004,,,0.0,0.0,,0.0,,,,0.0,,-0.0,,-0.5883391157692418,0.1741307285538976,0.3047900349237812,0.0,0.0,0.0,0.0,-0.10941835229156299,0.0,0.0,-0.10941835229156299,False,1345822_YES.csv,1345822_YES
1770869520,2026-02-12 04:12:00,1,10.0,1.6,0.159999999984,1.6,,,0.0,0.0,,0.0,,,,0.0,,-0.0,,-0.5630670478902273,-0.44400371489750157,-0.33934571683866305,0.0,0.0,0.0,0.0,-1.346416479626392,0.0,0.0,-1.346416479626392,False,1345822_YES.csv,1345822_YES
1770869880,2026-02-12 04:18:00,1,200.0,28.000000000000004,0.13999999999930002,28.000000000000004,,,0.0,0.0,,0.0,,,,0.0,,-0.0,,-0.5452137632195911,0.3853866695616388,0.5172937144071614,0.0,0.0,0.0,0.0,0.3574666207492091,0.0,0.0,0.3574666207492091,False,1345822_YES.csv,1345822_YES
1770872520,2026-02-12 05:02:00,1,16.0,1.92,0.1199999999925,1.92,,,0.0,0.0,,0.0,,,,0.0,,-0.0,,-0.5408072301849507,-0.4333522929196363,-0.3399650028214389,0.0,0.0,0.0,0.0,-1.314124525926026,0.0,0.0,-1.314124525926026,False,1345822_YES.csv,1345822_YES
1770875880,2026-02-12 05:58:00,1,71.7,7.887,0.10999999999846582,7.887,,,0.0,0.0,,0.0,,,,0.0,,-0.0,,-0.5546339026927258,-0.23455480870475004,-0.14514344898124415,0.0,0.0,0.0,0.0,-0.93433216037872,0.0,0.0,-0.93433216037872,False,1345822_YES.csv,1345822_YES
1770876000,2026-02-12 06:00:00,1,15.384614,1.999999,0.12999994669154522,1.999999,,,0.0,0.0,,0.0,,,,0.0,,-0.0,,-0.5328881395677382,-0.4205005834896932,-0.33902409003167605,0.0,0.0,0.0,0.0,-1.2924128130891075,0.0,0.0,-1.2924128130891075,False,1345822_YES.csv,1345822_YES
1770877500,2026-02-12 06:25:00,1,15.0,1.95,0.12999999999133335,1.95,,,0.0,0.0,,0.0,,,,0.0,,-0.0,,-0.5112654937146565,-0.42174562896188456,-0.34110107250374117,0.0,0.0,0.0,0.0,-1.274112195180282,0.0,0.0,-1.274112195180282,False,1345822_YES.csv,1345822_YES
1770877560,2026-02-12 06:26:00,1,15.0,1.95,0.12999999999133335,1.95,,,0.0,0.0,,0.0,,,,0.0,,-0.0,,-0.5077075834486445,-0.414067836364538,-0.3399620281233421,0.0,0.0,0.0,0.0,-1.2617374479365244,0.0,0.0,-1.2617374479365244,False,1345822_YES.csv,1345822_YES
1770877620,2026-02-12 06:27:00,2,32.0,4.16,0.12999999999593753,2.08,,,0.0,0.0,,0.0,,,,0.0,,-0.0,,1.184651028046837,-0.34463267569074846,-0.33600819854083025,0.0,0.0,0.0,0.0,0.5040101538152582,0.0,0.0,0.5040101538152582,False,1345822_YES.csv,1345822_YES
1770877800,2026-02-12 06:30:00,1,15.0,1.95,0.12999999999133335,1.95,,,0.0,0.0,,0.0,,,,0.0,,-0.0,,-0.48640670091677596,-0.41291383377414326,-0.3404819535471172,0.0,0.0,0.0,0.0,-1.2398024882380363,0.0,0.0,-1.2398024882380363,False,1345822_YES.csv,1345822_YES
1770879480,2026-02-12 06:58:00,1,115.384614,14.999999,0.1299999928922065,14.999999,,,0.0,0.0,,0.0,,,,0.0,,-0.0,,-0.4623506417666457,-0.005357899514093214,0.08195106828218456,0.0,0.0,0.0,0.0,-0.38575747299855434,0.0,0.0,-0.38575747299855434,False,1345822_YES.csv,1345822_YES
1770879540,2026-02-12 06:59:00,1,69.230768,8.999998999999999,0.1299999878647886,8.999998999999999,,,0.0,0.0,,0.0,,,,0.0,,-0.0,,-0.4419050380696819,-0.16796459243027506,-0.10803861415198121,0.0,0.0,0.0,0.0,-0.7179082446519381,0.0,0.0,-0.7179082446519381,False,1345822_YES.csv,1345822_YES
1770879960,2026-02-12 07:06:00,1,115.384614,14.999999,0.1299999928922065,14.999999,,,0.0,0.0,,0.0,,,,0.0,,-0.0,,-0.4419050380696819,0.020462912769646447,0.08281421245331604,0.0,0.0,0.0,0.0,-0.3386279128467194,0.0,0.0,-0.3386279128467194,False,1345822_YES.csv,1345822_YES
1770880080,2026-02-12 07:08:00,5,1190.0,142.8,0.11999999999989915,28.560000000000002,,,0.0,0.0,,0.0,,,,0.0,,-0.0,,5.445299078221697,3.6235103274396128,0.5178770551259784,0.0,0.0,0.0,0.0,9.586686460787288,0.0,0.0,9.586686460787288,False,1345822_YES.csv,1345822_YES
1770880140,2026-02-12 07:09:00,1,22.0,2.64,0.11999999999454544,2.64,,,0.0,0.0,,0.0,,,,0.0,,-0.0,,-0.38894993415869256,-0.38890876975679406,-0.32647840122104405,0.0,0.0,0.0,0.0,-1.1043371051365307,0.0,0.0,-1.1043371051365307,False,1345822_YES.csv,1345822_YES
1770880260,2026-02-12 07:11:00,1,123.076922,15.999998999999995,0.12999999301144363,15.999998999999995,,,0.0,0.0,,0.0,,,,0.0,,-0.0,,-0.38894993415869256,0.05350244130548163,0.204250585277,0.0,0.0,0.0,0.0,-0.1311969075762109,0.0,0.0,-0.1311969075762109,False,1345822_YES.csv,1345822_YES
1770880320,2026-02-12 07:12:00,1,200.0,26.0,0.12999999999935,26.0,,,0.0,0.0,,0.0,,,,0.0,,-0.0,,-0.38894993415869256,0.3574985189193447,0.5694962150038201,0.0,0.0,0.0,0.0,0.5380447997644722,0.0,0.0,0.5380447997644722,False,1345822_YES.csv,1345822_YES
1770880980,2026-02-12 07:23:00,1,82.5,11.55,0.13999999999830304,11.55,,,0.0,0.0,,0.0,,,,0.0,,-0.0,,-0.38894993415869256,-0.10683058335500678,0.011290168016147524,0.0,0.0,0.0,0.0,-0.4844903494975518,0.0,0.0,-0.4844903494975518,False,1345822_YES.csv,1345822_YES
1770881160,2026-02-12 07:26:00,1,20.0,3.0,0.1499999999925,3.0,,,0.0,0.0,,0.0,,,,0.0,,-0.0,,-0.38894993415869256,-0.3791870723354662,-0.3161461104765351,0.0,0.0,0.0,0.0,-1.084283116970694,0.0,0.0,-1.084283116970694,False,1345822_YES.csv,1345822_YES
1770881340,2026-02-12 07:29:00,1,20.0,2.4,0.11999999999399999,2.4,,,0.0,0.0,,0.0,,,,0.0,,-0.0,,-0.38894993415869256,-0.3992479533444829,-0.3402215961205707,0.0,0.0,0.0,0.0,-1.128419483623746,0.0,0.0,-1.128419483623746,False,1345822_YES.csv,1345822_YES
1770881580,2026-02-12 07:33:00,1,13.0,1.69,0.12999999999,1.69,,,0.0,0.0,,0.0,,,,0.0,,-0.0,,-0.3678601648961617,-0.4053291132990143,-0.3573008517439849,0.0,0.0,0.0,0.0,-1.1304901299391608,0.0,0.0,-1.1304901299391608,False,1345822_YES.csv,1345822_YES
1770881880,2026-02-12 07:38:00,1,50.0,6.5,0.1299999999974,6.5,,,0.0,0.0,,0.0,,,,0.0,,-0.0,,-0.3678601648961617,-0.25081143918375315,-0.17202287466381108,0.0,0.0,0.0,0.0,-0.7906944787437259,0.0,0.0,-0.7906944787437259,False,1345822_YES.csv,1345822_YES
1770882060,2026-02-12 07:41:00,1,7.142856,0.999999,0.1399998823803811,0.999999,,,0.0,0.0,,0.0,,,,0.0,,-0.0,,-0.3466380511241021,-0.4110979727104355,-0.3729891901114697,0.0,0.0,0.0,0.0,-1.1307252139460073,0.0,0.0,-1.1307252139460073,False,1345822_YES.csv,1345822_YES
1770884640,2026-02-12 08:24:00,1,5.0,0.55,0.109999999978,0.55,,,0.0,0.0,,0.0,,,,0.0,,-0.0,,-0.3466380511241021,-0.4240993208476234,-0.3886022159523746,0.0,0.0,0.0,0.0,-1.1593395879241002,0.0,0.0,-1.1593395879241002,False,1345822_YES.csv,1345822_YES
1770884760,2026-02-12 08:26:00,1,11.076922,1.4399989999999998,0.12999992234936739,1.4399989999999998,,,0.0,0.0,,0.0,,,,0.0,,-0.0,,-0.3252412641511547,-0.39212855375916467,-0.35301111958920506,0.0,0.0,0.0,0.0,-1.0703809374995243,0.0,0.0,-1.0703809374995243,False,1345822_YES.csv,1345822_YES
1770885480,2026-02-12 08:38:00,1,5.0,0.5,0.09999999998,0.5,,,0.0,0.0,,0.0,,,,0.0,,-0.0,,-0.303623945037278,-0.41079850974965626,-0.3820378243383641,0.0,0.0,0.0,0.0,-1.0964602791252984,0.0,0.0,-1.0964602791252984,False,1345822_YES.csv,1345822_YES
1770885540,2026-02-12 08:39:00,1,41.0,3.69,0.08999999999780488,3.69,,,0.0,0.0,,0.0,,,,0.0,,-0.0,,-0.303623945037278,-0.3251562416921039,-0.4063863287206053,0.0,0.0,0.0,0.0,-1.0351665154499872,0.0,0.0,-1.0351665154499872,False,1345822_YES.csv,1345822_YES
1770885900,2026-02-12 08:45:00,2,20.0,2.0,0.099999999995,1.0,,,0.0,0.0,,0.0,,,,0.0,,-0.0,,1.175872262700329,-0.4091070984601862,-0.7058426544941597,0.0,0.0,0.0,0.0,0.06092250974598312,0.0,0.0,0.06092250974598312,False,1345822_YES.csv,1345822_YES
1770886260,2026-02-12 08:51:00,2,15.0,1.5,0.09999999999333334,0.75,,,0.0,0.0,,0.0,,,,0.0,,-0.0,,1.138953596550621,-0.4328549254722278,-0.7283306277517705,0.0,0.0,0.0,0.0,-0.022231956673377296,0.0,0.0,-0.022231956673377296,False,1345822_YES.csv,1345822_YES
1770887760,2026-02-12 09:16:00,1,8.333332,0.999999,0.1199998991855838,0.999999,,,0.0,0.0,,0.0,,,,0.0,,-0.0,,-0.3466380511241021,-0.45589324990616864,-0.6947577666174507,0.0,0.0,0.0,0.0,-1.4972890676477215,0.0,0.0,-1.4972890676477215,False,1345822_YES.csv,1345822_YES
1770888480,2026-02-12 09:28:00,1,25.0,3.0,0.1199999999952,3.0,,,0.0,0.0,,0.0,,,,0.0,,-0.0,,-0.3466380511241021,-0.3565653569209001,-0.47205204910075826,0.0,0.0,0.0,0.0,-1.1752554571457605,0.0,0.0,-1.1752554571457605,False,1345822_YES.csv,1345822_YES
1770888660,2026-02-12 09:31:00,1,41.666665,4.999999,0.11999998079711921,4.999999,,,0.0,0.0,,0.0,,,,0.0,,-0.0,,-0.3466380511241021,-0.2574314232813641,-0.2494674207139105,0.0,0.0,0.0,0.0,-0.8535368951193767,0.0,0.0,-0.8535368951193767,False,1345822_YES.csv,1345822_YES
1770888720,2026-02-12 09:32:00,1,41.67,5.0004,0.11999999999712023,5.0004,,,0.0,0.0,,0.0,,,,0.0,,-0.0,,-0.3466380511241021,-0.2591816225760369,-0.2534440265521431,0.0,0.0,0.0,0.0,-0.859263700252282,0.0,0.0,-0.859263700252282,False,1345822_YES.csv,1345822_YES
1770888840,2026-02-12 09:34:00,4,59.333332,7.119999,0.11999998584067385,1.77999975,,,0.0,0.0,,0.0,,,,0.0,,-0.0,,3.5690707315153345,-0.15660972446081892,-0.6138100224710205,0.0,0.0,0.0,0.0,2.798650984583495,0.0,0.0,2.798650984583495,False,1345822_YES.csv,1345822_YES
1770889200,2026-02-12 09:40:00,1,100.0,12.0,0.1199999999988,12.0,,,0.0,0.0,,0.0,,,,0.0,,-0.0,,-0.35266723203054967,0.09206506195378622,0.5287229244211353,0.0,0.0,0.0,0.0,0.2681207543443719,0.0,0.0,0.2681207543443719,False,1345822_YES.csv,1345822_YES
1770889320,2026-02-12 09:42:00,1,10.0,1.2,0.119999999988,1.2,,,0.0,0.0,,0.0,,,,0.0,,-0.0,,-0.35266723203054967,-0.44402736784602626,-0.6693968657560643,0.0,0.0,0.0,0.0,-1.4660914656326403,0.0,0.0,-1.4660914656326403,False,1345822_YES.csv,1345822_YES
1770890040,2026-02-12 09:54:00,2,488.0,67.57000000000001,0.13846311475381465,33.785000000000004,,,0.0,0.0,,0.0,,,,0.0,,-0.0,,0.9415339966574193,2.6574215505495444,2.736670340630053,0.0,0.0,0.0,0.0,6.335625887837017,0.0,0.0,6.335625887837017,False,1345822_YES.csv,1345822_YES
1770890100,2026-02-12 09:55:00,1,58.82,7.1584,0.12170010200405128,7.1584,,,0.0,0.0,,0.0,,,,0.0,,-0.0,,-0.3722343707715381,-0.18552475435392698,-0.05311467165355628,0.0,0.0,0.0,0.0,-0.6108737967790214,0.0,0.0,-0.6108737967790214,False,1345822_YES.csv,1345822_YES
1770890160,2026-02-12 09:56:00,1,60.0,9.0,0.14999999999750002,9.0,,,0.0,0.0,,0.0,,,,0.0,,-0.0,,-0.3722343707715381,-0.0687457630959049,0.25963948755958643,0.0,0.0,0.0,0.0,-0.18134064630785657,0.0,0.0,-0.18134064630785657,False,1345822_YES.csv,1345822_YES
1770890220,2026-02-12 09:57:00,1,10.0,1.4,0.13999999998600002,1.4,,,0.0,0.0,,0.0,,,,0.0,,-0.0,,-0.3722343707715381,-0.43536891907368647,-0.7128118657478031,0.0,0.0,0.0,0.0,-1.5204151555930276,0.0,0.0,-1.5204151555930276,False,1345822_YES.csv,1345822_YES
1770890580,2026-02-12 10:03:00,2,153.0,21.420000000000005,0.13999999999908502,10.710000000000003,,,0.0,0.0,,0.0,,,,0.0,,-0.0,,0.9140837669207221,0.5200788892198385,0.46933453185164486,0.0,0.0,0.0,0.0,1.9034971879922056,0.0,0.0,1.9034971879922056,False,1345822_YES.csv,1345822_YES
1770890820,2026-02-12 10:07:00,2,124.0,17.36,0.139999999998871,8.68,,,0.0,0.0,,0.0,,,,0.0,,-0.0,,0.9140837669207221,0.35314244993953775,0.2456547198806039,0.0,0.0,0.0,0.0,1.5128809367408638,0.0,0.0,1.5128809367408638,False,1345822_YES.csv,1345822_YES
1770891360,2026-02-12 10:16:00,1,43.0,5.59,0.12999999999697676,5.59,,,0.0,0.0,,0.0,,,,0.0,,-0.0,,-0.39175018582316673,-0.22401594877195016,-0.15176177059344226,0.0,0.0,0.0,0.0,-0.7675279051885591,0.0,0.0,-0.7675279051885591,False,1345822_YES.csv,1345822_YES
1770891900,2026-02-12 10:25:00,1,15.0,1.95,0.12999999999133335,1.95,,,0.0,0.0,,0.0,,,,0.0,,-0.0,,-0.39175018582316673,-0.40470904480361825,-0.6379901761440473,0.0,0.0,0.0,0.0,-1.4344494067708324,0.0,0.0,-1.4344494067708324,False,1345822_YES.csv,1345822_YES
1770891960,2026-02-12 10:26:00,1,45.0,5.8500000000000005,0.12999999999711112,5.8500000000000005,,,0.0,0.0,,0.0,,,,0.0,,-0.0,,-0.36361089801333185,-0.20524752067502663,-0.12199224967265118,0.0,0.0,0.0,0.0,-0.6908506683610097,0.0,0.0,-0.6908506683610097,False,1345822_YES.csv,1345822_YES
1770893880,2026-02-12 10:58:00,1,30.0,5.1000000000000005,0.16999999999433335,5.1000000000000005,,,0.0,0.0,,0.0,,,,0.0,,-0.0,,-0.3343565116391237,-0.22944321688038039,-0.21723645710956707,0.0,0.0,0.0,0.0,-0.7810361856290712,0.0,0.0,-0.7810361856290712,False,1345822_YES.csv,1345822_YES
1770894000,2026-02-12 11:00:00,2,47.78,8.1226,0.16999999999644205,4.0613,,,0.0,0.0,,0.0,,,,0.0,,-0.0,,1.0985999668142634,-0.08093291638452638,-0.35728424434926076,0.0,0.0,0.0,0.0,0.6603828060804764,0.0,0.0,0.6603828060804764,False,1345822_YES.csv,1345822_YES
1770894060,2026-02-12 11:01:00,1,5.0,0.8500000000000001,0.16999999996600001,0.8500000000000001,,,0.0,0.0,,0.0,,,,0.0,,-0.0,,-0.3343565116391237,-0.4373254402350248,-0.7719197780301456,0.0,0.0,0.0,0.0,-1.5436017299042941,0.0,0.0,-1.5436017299042941,False,1345822_YES.csv,1345822_YES
1770894120,2026-02-12 11:02:00,3,74.39,13.5732,0.18246000806314747,4.5244,,,0.0,0.0,,0.0,,,,0.0,,-0.0,,2.3634708370866577,0.18807023321641303,-0.27631906295487135,0.0,0.0,0.0,0.0,2.2752220073481992,0.0,0.0,2.2752220073481992,False,1345822_YES.csv,1345822_YES
1770894300,2026-02-12 11:05:00,2,178.0,32.04,0.17999999999898877,16.02,,,0.0,0.0,,0.0,,,,0.0,,-0.0,,0.9703484116791938,1.0676275576591694,1.2040968818041808,0.0,0.0,0.0,0.0,3.2420728511425443,0.0,0.0,3.2420728511425443,False,1345822_YES.csv,1345822_YES
1770894360,2026-02-12 11:06:00,1,132.0,23.76,0.17999999999863636,23.76,,,0.0,0.0,,0.0,,,,0.0,,-0.0,,-0.3836261162452629,0.6464912836109106,2.1016485126416153,0.0,0.0,0.0,0.0,2.364513680007263,0.0,0.0,2.364513680007263,False,1345822_YES.csv,1345822_YES
1770894600,2026-02-12 11:10:00,1,100.0,16.0,0.1599999999984,16.0,,,0.0,0.0,,0.0,,,,0.0,,-0.0,,-0.3836261162452629,0.2606883947751158,1.0946460079416331,0.0,0.0,0.0,0.0,0.9717082864714861,0.0,0.0,0.9717082864714861,False,1345822_YES.csv,1345822_YES
1770895260,2026-02-12 11:21:00,1,5.0,0.8999999999999999,0.17999999996399998,0.8999999999999999,,,0.0,0.0,,0.0,,,,0.0,,-0.0,,-0.3836261162452629,-0.47484283501781416,-0.7842384711046131,0.0,0.0,0.0,0.0,-1.64270742236769,0.0,0.0,-1.64270742236769,False,1345822_YES.csv,1345822_YES
1770895380,2026-02-12 11:23:00,1,78.0,14.04,0.17999999999769228,14.04,,,0.0,0.0,,0.0,,,,0.0,,-0.0,,-0.3836261162452629,0.1593282687504323,0.8287087970983973,0.0,0.0,0.0,0.0,0.6044109496035667,0.0,0.0,0.6044109496035667,False,1345822_YES.csv,1345822_YES
1770895560,2026-02-12 11:26:00,1,5.0,0.8999999999999999,0.17999999996399998,0.8999999999999999,,,0.0,0.0,,0.0,,,,0.0,,-0.0,,-0.3836261162452629,-0.48242286799981815,-0.7988039681646005,0.0,0.0,0.0,0.0,-1.6648529524096816,0.0,0.0,-1.6648529524096816,False,1345822_YES.csv,1345822_YES
1770895680,2026-02-12 11:28:00,3,278.85,52.2,0.18719741796597741,17.400000000000002,,,0.0,0.0,,0.0,,,,0.0,,-0.0,,2.1860774032985755,1.9213756242980433,1.2035062767963753,0.0,0.0,0.0,0.0,5.310959304392994,0.0,0.0,5.310959304392994,False,1345822_YES.csv,1345822_YES
1770895740,2026-02-12 11:29:00,3,157.0,31.4,0.19999999999872614,10.466666666666667,,,0.0,0.0,,0.0,,,,0.0,,-0.0,,2.0655107507235546,0.9092827729515659,0.33783060859899816,0.0,0.0,0.0,0.0,3.312624132274119,0.0,0.0,3.312624132274119,False,1345822_YES.csv,1345822_YES
1770895800,2026-02-12 11:30:00,1,5.0,1.0,0.19999999996,1.0,,,0.0,0.0,,0.0,,,,0.0,,-0.0,,-0.43813864409287534,-0.514460951265175,-0.8062896896347769,0.0,0.0,0.0,0.0,-1.7588892849928273,0.0,0.0,-1.7588892849928273,False,1345822_YES.csv,1345822_YES
1770895920,2026-02-12 11:32:00,1,10.0,2.0,0.19999999998,2.0,,,0.0,0.0,,0.0,,,,0.0,,-0.0,,-0.43813864409287534,-0.46043138350696955,-0.6657367556956759,0.0,0.0,0.0,0.0,-1.5643067832955209,0.0,0.0,-1.5643067832955209,False,1345822_YES.csv,1345822_YES
1770896220,2026-02-12 11:37:00,2,10.0,1.9,0.18999999998099998,0.95,,,0.0,0.0,,0.0,,,,0.0,,-0.0,,0.7898558669581739,-0.4659842751083625,-0.7934829433924215,0.0,0.0,0.0,0.0,-0.46961135154261013,0.0,0.0,-0.46961135154261013,False,1345822_YES.csv,1345822_YES
1770896460,2026-02-12 11:41:00,1,94.0,16.919999999999998,0.17999999999808508,16.919999999999998,,,0.0,0.0,,0.0,,,,0.0,,-0.0,,-0.4572849756073639,0.2419270705790076,1.175084516067512,0.0,0.0,0.0,0.0,0.9597266110391558,0.0,0.0,0.9597266110391558,False,1345822_YES.csv,1345822_YES
1770896580,2026-02-12 11:43:00,1,10.526314,1.999999,0.1899999372819393,1.999999,,,0.0,0.0,,0.0,,,,0.0,,-0.0,,-0.4572849756073639,-0.45888842622674336,-0.6664682534704459,0.0,0.0,0.0,0.0,-1.582641655304553,0.0,0.0,-1.582641655304553,False,1345822_YES.csv,1345822_YES
1770897420,2026-02-12 11:57:00,2,229.0,41.22,0.17999999999921398,20.61,,,0.0,0.0,,0.0,,,,0.0,,-0.0,,0.7665483622561456,1.3571114247255183,1.7015589619324867,0.0,0.0,0.0,0.0,3.8252187489141507,0.0,0.0,3.8252187489141507,False,1345822_YES.csv,1345822_YES
1770897660,2026-02-12 12:01:00,1,116.0,20.88,0.17999999999844826,20.88,,,0.0,0.0,,0.0,,,,0.0,,-0.0,,-0.47650303599706345,0.3981660780407133,1.6615573812070545,0.0,0.0,0.0,0.0,1.5832204232507043,0.0,0.0,1.5832204232507043,False,1345822_YES.csv,1345822_YES
1770897780,2026-02-12 12:03:00,1,55.833332,9.999999,0.17910446397540616,9.999999,,,0.0,0.0,,0.0,,,,0.0,,-0.0,,-0.47650303599706345,-0.10897022327295706,0.2963851401736542,0.0,0.0,0.0,0.0,-0.2890881190963663,0.0,0.0,-0.2890881190963663,False,1345822_YES.csv,1345822_YES
1770898380,2026-02-12 12:13:00,3,444.0,75.48,0.16999999999961712,25.16,,,0.0,0.0,,0.0,,,,0.0,,-0.0,,1.9090816495622744,2.696142726354774,2.070657229742631,0.0,0.0,0.0,0.0,6.675881605659679,0.0,0.0,6.675881605659679,False,1345822_YES.csv,1345822_YES
1770898440,2026-02-12 12:14:00,1,16.0,2.88,0.17999999998875,2.88,,,0.0,0.0,,0.0,,,,0.0,,-0.0,,-0.5023899077795461,-0.46635200331227405,-0.6227048211665477,0.0,0.0,0.0,0.0,-1.5914467322583676,0.0,0.0,-1.5914467322583676,False,1345822_YES.csv,1345822_YES
1770898620,2026-02-12 12:17:00,1,49.8,8.466,0.16999999999658635,8.466,,,0.0,0.0,,0.0,,,,0.0,,-0.0,,-0.5023899077795461,-0.22814008679332018,0.03982359176741244,0.0,0.0,0.0,0.0,-0.6907064028054538,0.0,0.0,-0.6907064028054538,False,1345822_YES.csv,1345822_YES
1770899340,2026-02-12 12:29:00,1,124.0,21.08,0.16999999999862905,21.08,,,0.0,0.0,,0.0,,,,0.0,,-0.0,,-0.48338738744058435,0.3102443951917674,1.510416263283931,0.0,0.0,0.0,0.0,1.337273271035114,0.0,0.0,1.337273271035114,False,1345822_YES.csv,1345822_YES
1770899520,2026-02-12 12:32:00,1,5.0,0.8500000000000001,0.16999999996600001,0.8500000000000001,,,0.0,0.0,,0.0,,,,0.0,,-0.0,,-0.48338738744058435,-0.5721394912502783,-0.9059188427367929,0.0,0.0,0.0,0.0,-1.9614457214276557,0.0,0.0,-1.9614457214276557,False,1345822_YES.csv,1345822_YES
1770899640,2026-02-12 12:34:00,1,50.0,8.5,0.1699999999966,8.5,,,0.0,0.0,,0.0,,,,0.0,,-0.0,,-0.48338738744058435,-0.23338043782978,0.020623960740730897,0.0,0.0,0.0,0.0,-0.6961438645296334,0.0,0.0,-0.6961438645296334,False,1345822_YES.csv,1345822_YES
1770899760,2026-02-12 12:36:00,1,45.0,7.2,0.15999999999644446,7.2,,,0.0,0.0,,0.0,,,,0.0,,-0.0,,-0.48338738744058435,-0.28869516063318473,-0.131824861175585,0.0,0.0,0.0,0.0,-0.9039074092493541,0.0,0.0,-0.9039074092493541,False,1345822_YES.csv,1345822_YES
1770900780,2026-02-12 12:53:00,1,5.0,0.8,0.15999999996800002,0.8,,,0.0,0.0,,0.0,,,,0.0,,-0.0,,-0.48338738744058435,-0.5560406859121482,-0.8708076455046252,0.0,0.0,0.0,0.0,-1.9102357188573578,0.0,0.0,-1.9102357188573578,False,1345822_YES.csv,1345822_YES
1770900960,2026-02-12 12:56:00,1,18.75,3.0,0.15999999999146666,3.0,,,0.0,0.0,,0.0,,,,0.0,,-0.0,,-0.4897319658486504,-0.5306688195880579,-0.585584851332386,0.0,0.0,0.0,0.0,-1.6059856367690943,0.0,0.0,-1.6059856367690943,False,1345822_YES.csv,1345822_YES
1770901500,2026-02-12 13:05:00,2,10.0,1.5,0.149999999985,0.75,,,0.0,0.0,,0.0,,,,0.0,,-0.0,,0.94949305975579,-0.6254466368873116,-0.8632266879236389,0.0,0.0,0.0,0.0,-0.5391802650551605,0.0,0.0,-0.5391802650551605,False,1345822_YES.csv,1345822_YES
1770902580,2026-02-12 13:23:00,1,111.388887,19.999999,0.17955111626010276,19.999999,,,0.0,0.0,,0.0,,,,0.0,,-0.0,,-0.5112654937146563,0.5579944275663459,1.535784235922146,0.0,0.0,0.0,0.0,1.5825131697738355,0.0,0.0,1.5825131697738355,False,1345822_YES.csv,1345822_YES
1770902640,2026-02-12 13:24:00,1,9.0,1.57,0.17444444442506168,1.57,,,0.0,0.0,,0.0,,,,0.0,,-0.0,,-0.5112654937146563,-0.60069986738237,-0.7398762769356021,0.0,0.0,0.0,0.0,-1.8518416380326284,0.0,0.0,-1.8518416380326284,False,1345822_YES.csv,1345822_YES
1770903780,2026-02-12 13:43:00,1,5.0,0.8500000000000001,0.16999999996600001,0.8500000000000001,,,0.0,0.0,,0.0,,,,0.0,,-0.0,,-0.5112654937146563,-0.6334094021970036,-0.807858857992627,0.0,0.0,0.0,0.0,-1.9525337539042869,0.0,0.0,-1.9525337539042869,False,1345822_YES.csv,1345822_YES
1770903960,2026-02-12 13:46:00,2,57.263156,10.809999,0.1887775623091962,5.4049995,,,0.0,0.0,,0.0,,,,0.0,,-0.0,,0.9204431501624566,-0.00223139944875266,-0.2233315320430847,0.0,0.0,0.0,0.0,0.6948802186706193,0.0,0.0,0.6948802186706193,False,1345822_YES.csv,1345822_YES
1770904020,2026-02-12 13:47:00,1,26.578946,4.999999,0.18811878393567147,4.999999,,,0.0,0.0,,0.0,,,,0.0,,-0.0,,-0.5328881395677381,-0.3793731262217901,-0.2822587902048555,0.0,0.0,0.0,0.0,-1.1945200559943836,0.0,0.0,-1.1945200559943836,False,1345822_YES.csv,1345822_YES
1770904620,2026-02-12 13:57:00,1,10.0,2.0,0.19999999998,2.0,,,0.0,0.0,,0.0,,,,0.0,,-0.0,,-0.5328881395677381,-0.5731134239397205,-0.6737183950136353,0.0,0.0,0.0,0.0,-1.7797199585210937,0.0,0.0,-1.7797199585210937,False,1345822_YES.csv,1345822_YES
1770904680,2026-02-12 13:58:00,4,349.23,72.9383,0.20885462302720598,18.234575,,,0.0,0.0,,0.0,,,,0.0,,-0.0,,3.3742171485341377,3.4923812892535153,1.3911374655561253,0.0,0.0,0.0,0.0,8.257735903343779,0.0,0.0,8.257735903343779,False,1345822_YES.csv,1345822_YES
1770904800,2026-02-12 14:00:00,1,10.0,2.0,0.19999999998,2.0,,,0.0,0.0,,0.0,,,,0.0,,-0.0,,-0.5442285723442158,-0.5744246501837266,-0.6907341178460285,0.0,0.0,0.0,0.0,-1.8093873403739709,0.0,0.0,-1.8093873403739709,False,1345822_YES.csv,1345822_YES
1770904860,2026-02-12 14:01:00,1,143.0,27.17,0.18999999999867134,27.17,,,0.0,0.0,,0.0,,,,0.0,,-0.0,,-0.5442285723442158,0.8414641037529624,2.3726696200075166,0.0,0.0,0.0,0.0,2.669905151416263,0.0,0.0,2.669905151416263,False,1345822_YES.csv,1345822_YES
1770904920,2026-02-12 14:02:00,1,60.0,10.8,0.179999999997,10.8,,,0.0,0.0,,0.0,,,,0.0,,-0.0,,-0.5442285723442158,-0.10428210617027855,0.34674223009196,0.0,0.0,0.0,0.0,-0.3017684484225344,0.0,0.0,-0.3017684484225344,False,1345822_YES.csv,1345822_YES
1770904980,2026-02-12 14:03:00,1,94.0,16.919999999999998,0.17999999999808508,16.919999999999998,,,0.0,0.0,,0.0,,,,0.0,,-0.0,,-0.5442285723442158,0.23214987745982046,1.0644134246019565,0.0,0.0,0.0,0.0,0.7523347297175611,0.0,0.0,0.7523347297175611,False,1345822_YES.csv,1345822_YES
1770905100,2026-02-12 14:05:00,1,9.0,1.53,0.16999999998111112,1.53,,,0.0,0.0,,0.0,,,,0.0,,-0.0,,-0.5442285723442158,-0.6516174747690547,-0.8200806149163715,0.0,0.0,0.0,0.0,-2.015926662029642,0.0,0.0,-2.015926662029642,False,1345822_YES.csv,1345822_YES
1770905160,2026-02-12 14:06:00,1,62.0,10.54,0.1699999999972581,10.54,,,0.0,0.0,,0.0,,,,0.0,,-0.0,,-0.5238497920694087,-0.14181968522299968,0.2659973640144913,0.0,0.0,0.0,0.0,-0.39967211327791713,0.0,0.0,-0.39967211327791713,False,1345822_YES.csv,1345822_YES
1770905400,2026-02-12 14:10:00,1,158.0,28.44,0.17999999999886077,28.44,,,0.0,0.0,,0.0,,,,0.0,,-0.0,,-0.5036112075144337,0.8632458886975968,2.318926600636291,0.0,0.0,0.0,0.0,2.678561281819454,0.0,0.0,2.678561281819454,False,1345822_YES.csv,1345822_YES
1770905700,2026-02-12 14:15:00,3,145.96,24.813200000000002,0.1699999999988353,8.271066666666668,,,0.0,0.0,,0.0,,,,0.0,,-0.0,,2.010743732272136,0.6322182244730291,-0.08273452969036356,0.0,0.0,0.0,0.0,2.5602274270548016,0.0,0.0,2.5602274270548016,False,1345822_YES.csv,1345822_YES
1770905760,2026-02-12 14:16:00,1,123.0,20.91,0.1699999999986179,20.91,,,0.0,0.0,,0.0,,,,0.0,,-0.0,,-0.5291430874400358,0.39088221934044765,1.3717500393232098,0.0,0.0,0.0,0.0,1.2334891712236216,0.0,0.0,1.2334891712236216,False,1345822_YES.csv,1345822_YES
1770905820,2026-02-12 14:17:00,1,23.0,3.91,0.1699999999926087,3.91,,,0.0,0.0,,0.0,,,,0.0,,-0.0,,-0.5291430874400358,-0.5894274788526181,-0.6276435893636806,0.0,0.0,0.0,0.0,-1.7462141556563346,0.0,0.0,-1.7462141556563346,False,1345822_YES.csv,1345822_YES
1770906180,2026-02-12 14:23:00,1,38.0,6.460000000000001,0.16999999999552634,6.460000000000001,,,0.0,0.0,,0.0,,,,0.0,,-0.0,,-0.5291430874400358,-0.4439702437834554,-0.3309282311358695,0.0,0.0,0.0,0.0,-1.3040415623593606,0.0,0.0,-1.3040415623593606,False,1345822_YES.csv,1345822_YES
1770906600,2026-02-12 14:30:00,5,457.84000000000003,76.8844,0.16792853398530505,15.37688,,,0.0,0.0,,0.0,,,,0.0,,-0.0,,4.190879208321513,3.225999313900839,0.6944026504437413,0.0,0.0,0.0,0.0,8.111281172666093,0.0,0.0,8.111281172666093,False,1345822_YES.csv,1345822_YES
1770906660,2026-02-12 14:31:00,2,223.0,39.52,0.17721973094090934,19.76,,,0.0,0.0,,0.0,,,,0.0,,-0.0,,0.6453767002153575,1.2284031799783306,1.1830767076076356,0.0,0.0,0.0,0.0,3.056856587801324,0.0,0.0,3.056856587801324,False,1345822_YES.csv,1345822_YES
1770906720,2026-02-12 14:32:00,2,607.62,119.7338,0.197053750699126,59.8669,,,0.0,0.0,,0.0,,,,0.0,,-0.0,,0.6252121793048653,4.350917345765415,4.614245635280723,0.0,0.0,0.0,0.0,9.590375160351003,0.0,0.0,9.590375160351003,False,1345822_YES.csv,1345822_YES
1770906780,2026-02-12 14:33:00,1,940.803635,199.999999,0.21258421158182214,199.999999,,,0.0,0.0,,0.0,,,,0.0,,-0.0,,-0.5280354819943834,5.515992912713872,7.028471153519438,0.0,0.0,0.0,0.0,12.016428584238927,0.0,0.0,12.016428584238927,True,1345822_YES.csv,1345822_YES
1770906840,2026-02-12 14:34:00,6,4583.258092,949.2477979999999,0.20711201048369685,158.2079663333333,,,0.0,0.0,,0.0,,,,0.0,,-0.0,,4.324831403264949,7.3502479257880875,4.384692650826727,0.0,0.0,0.0,0.0,16.059771979879763,0.0,0.0,16.059771979879763,True,1345822_YES.csv,1345822_YES
1770906900,2026-02-12 14:35:00,1,432.0,77.75999999999999,0.17999999999958333,77.75999999999999,,,0.0,0.0,,0.0,,,,0.0,,-0.0,,-0.5163977794943224,0.32937056897201217,1.8174985534787407,0.0,0.0,0.0,0.0,1.6304713429564304,0.0,0.0,1.6304713429564304,False,1345822_YES.csv,1345822_YES
1770906960,2026-02-12 14:36:00,2,343.0,57.8,0.1685131195330364,28.9,,,0.0,0.0,,0.0,,,,0.0,,-0.0,,0.4359993869190583,0.16138861995202478,0.3416504847098985,0.0,0.0,0.0,0.0,0.9390384915809815,0.0,0.0,0.9390384915809815,False,1345822_YES.csv,1345822_YES
1770907020,2026-02-12 14:37:00,1,1225.11111,211.419999,0.17257210164376635,211.419999,,,0.0,0.0,,0.0,,,,0.0,,-0.0,,-0.5163977794943224,1.3502438262111434,4.569440840891056,0.0,0.0,0.0,0.0,5.403286887607877,0.0,0.0,5.403286887607877,False,1345822_YES.csv,1345822_YES
1770907080,2026-02-12 14:38:00,5,540.7647039999999,87.879999,0.16251060461194136,17.575999799999998,,,0.0,0.0,,0.0,,,,0.0,,-0.0,,3.0388392128638095,0.36236438879311206,-0.08188607067680914,0.0,0.0,0.0,0.0,3.319317530980112,0.0,0.0,3.319317530980112,False,1345822_YES.csv,1345822_YES
1770907140,2026-02-12 14:39:00,2,10.0,1.7000000000000002,0.16999999998300003,0.8500000000000001,,,0.0,0.0,,0.0,,,,0.0,,-0.0,,0.35620460472894994,-0.3189331699695714,-0.4808997663219219,0.0,0.0,0.0,0.0,-0.44362833156254333,0.0,0.0,-0.44362833156254333,False,1345822_YES.csv,1345822_YES
1770907200,2026-02-12 14:40:00,3,15.0,2.5500000000000003,0.1699999999886667,0.8500000000000001,,,0.0,0.0,,0.0,,,,0.0,,-0.0,,1.2046818724515143,-0.31229599982423784,-0.4803598981777919,0.0,0.0,0.0,0.0,0.4120259744494845,0.0,0.0,0.4120259744494845,False,1345822_YES.csv,1345822_YES
1770907500,2026-02-12 14:45:00,1,15.0,1.9,0.12666666665822215,1.9,,,0.0,0.0,,0.0,,,,0.0,,-0.0,,-0.5582672091848481,-0.31686674059101383,-0.45331945282281516,0.0,0.0,0.0,0.0,-1.3284534025986772,0.0,0.0,-1.3284534025986772,False,1345822_YES.csv,1345822_YES
1770907620,2026-02-12 14:47:00,1,410.0,57.400000000000006,0.13999999999965856,57.400000000000006,,,0.0,0.0,,0.0,,,,0.0,,-0.0,,-0.5582672091848481,0.11530048663531271,0.8508536763204442,0.0,0.0,0.0,0.0,0.40788695377090883,0.0,0.0,0.40788695377090883,False,1345822_YES.csv,1345822_YES
1770907680,2026-02-12 14:48:00,3,52.593332,6.881199,0.13083785982354496,2.293733,,,0.0,0.0,,0.0,,,,0.0,,-0.0,,1.1767631070754458,-0.28436035909388363,-0.461576685859928,0.0,0.0,0.0,0.0,0.43082606212163416,0.0,0.0,0.43082606212163416,False,1345822_YES.csv,1345822_YES
1770907800,2026-02-12 14:50:00,2,405.0,60.75,0.14999999999962962,30.375,,,0.0,0.0,,0.0,,,,0.0,,-0.0,,0.2911530781951802,0.13417736897645371,0.19606564362177578,0.0,0.0,0.0,0.0,0.6213960907934097,0.0,0.0,0.6213960907934097,False,1345822_YES.csv,1345822_YES
1770907920,2026-02-12 14:52:00,2,10.0,1.5,0.149999999985,0.75,,,0.0,0.0,,0.0,,,,0.0,,-0.0,,0.30909329482239495,-0.33336783770862577,-0.5091309830293568,0.0,0.0,0.0,0.0,-0.5334055259155877,0.0,0.0,-0.5334055259155877,False,1345822_YES.csv,1345822_YES
1770907980,2026-02-12 14:53:00,1,11.76,1.6464,0.13999999998809526,1.6464,,,0.0,0.0,,0.0,,,,0.0,,-0.0,,-0.5582672091848481,-0.32791784006207825,-0.48116264178472573,0.0,0.0,0.0,0.0,-1.367347691031652,0.0,0.0,-1.367347691031652,False,1345822_YES.csv,1345822_YES
1770908040,2026-02-12 14:54:00,1,12.705881,2.159999,0.16999993938476207,2.159999,,,0.0,0.0,,0.0,,,,0.0,,-0.0,,-0.5582672091848481,-0.3207874691618032,-0.45953463560366903,0.0,0.0,0.0,0.0,-1.3385893139503202,0.0,0.0,-1.3385893139503202,False,1345822_YES.csv,1345822_YES
1770908400,2026-02-12 15:00:00,1,10.0,1.3,0.12999999998700001,1.3,,,0.0,0.0,,0.0,,,,0.0,,-0.0,,-0.5582672091848481,-0.32547677388682905,-0.4733026797694094,0.0,0.0,0.0,0.0,-1.3570466628410864,0.0,0.0,-1.3570466628410864,False,1345822_YES.csv,1345822_YES
1770908460,2026-02-12 15:01:00,2,20.0,2.6,0.1299999999935,1.3,,,0.0,0.0,,0.0,,,,0.0,,-0.0,,0.30909329482239495,-0.3154530652250873,-0.47349723237337404,0.0,0.0,0.0,0.0,-0.4798570027760664,0.0,0.0,-0.4798570027760664,False,1345822_YES.csv,1345822_YES
1770908520,2026-02-12 15:02:00,2,15.559999999999999,2.234,0.14357326477226393,1.117,,,0.0,0.0,,0.0,,,,0.0,,-0.0,,0.29499262527655096,-0.31665458786574685,-0.471940029210624,0.0,0.0,0.0,0.0,-0.4936019917998199,0.0,0.0,-0.4936019917998199,False,1345822_YES.csv,1345822_YES
1770908580,2026-02-12 15:03:00,1,195.071427,27.309999,0.13999999600074692,27.309999,,,0.0,0.0,,0.0,,,,0.0,,-0.0,,-0.589985250553102,-0.12218469230009155,0.1382279494862619,0.0,0.0,0.0,0.0,-0.5739419933669316,0.0,0.0,-0.5739419933669316,False,1345822_YES.csv,1345822_YES
1770908640,2026-02-12 15:04:00,1,5.0,0.6,0.119999999976,0.6,,,0.0,0.0,,0.0,,,,0.0,,-0.0,,-0.5657677765977567,-0.3262191718338046,-0.4878928311325565,0.0,0.0,0.0,0.0,-1.3798797795641178,0.0,0.0,-1.3798797795641178,False,1345822_YES.csv,1345822_YES
1770908700,2026-02-12 15:05:00,4,20.0,2.25,0.112499999994375,0.5625,,,0.0,0.0,,0.0,,,,0.0,,-0.0,,2.048439482686887,-0.3091157165906151,-0.4841613356322127,0.0,0.0,0.0,0.0,1.2551624304640592,0.0,0.0,1.2551624304640592,False,1345822_YES.csv,1345822_YES
1770908760,2026-02-12 15:06:00,1,5.56,0.6671999999999999,0.11999999997841726,0.6671999999999999,,,0.0,0.0,,0.0,,,,0.0,,-0.0,,-0.5665896441474367,-0.3215573810112467,-0.4815239037965159,0.0,0.0,0.0,0.0,-1.3696709289551992,0.0,0.0,-1.3696709289551992,False,1345822_YES.csv,1345822_YES
1770908820,2026-02-12 15:07:00,1,5.0,0.55,0.109999999978,0.55,,,0.0,0.0,,0.0,,,,0.0,,-0.0,,-0.5665896441474367,-0.3222717144658075,-0.4835923426661139,0.0,0.0,0.0,0.0,-1.372453701279358,0.0,0.0,-1.372453701279358,False,1345822_YES.csv,1345822_YES
1770908880,2026-02-12 15:08:00,4,330.0,33.050000000000004,0.10015151515121168,8.262500000000001,,,0.0,0.0,,0.0,,,,0.0,,-0.0,,1.9534131984264285,-0.06998280718544728,-0.3045213809950729,0.0,0.0,0.0,0.0,1.5789090102459082,0.0,0.0,1.5789090102459082,False,1345822_YES.csv,1345822_YES
1770909000,2026-02-12 15:10:00,2,804.7,80.343,0.09984217720877366,40.1715,,,0.0,0.0,,0.0,,,,0.0,,-0.0,,0.25354627641855504,0.29500952951098786,0.4406956212830189,0.0,0.0,0.0,0.0,0.9892514272125619,0.0,0.0,0.9892514272125619,False,1345822_YES.csv,1345822_YES
1770909120,2026-02-12 15:12:00,2,3195.019227,393.65999800000003,0.12321052551834195,196.82999900000002,,,0.0,0.0,,0.0,,,,0.0,,-0.0,,0.24006663263036154,2.5608208268647754,3.5915226732922774,0.0,0.0,0.0,0.0,6.392410132787415,0.0,0.0,6.392410132787415,False,1345822_YES.csv,1345822_YES
1770909240,2026-02-12 15:14:00,1,105.0,11.55,0.10999999999895238,11.55,,,0.0,0.0,,0.0,,,,0.0,,-0.0,,-0.5916079783099616,-0.27849572148039403,-0.2725474615137113,0.0,0.0,0.0,0.0,-1.1426511613040669,0.0,0.0,-1.1426511613040669,False,1345822_YES.csv,1345822_YES
1770909540,2026-02-12 15:19:00,1,2089.026665,299.99999899999995,0.14360754892511454,299.99999899999995,,,0.0,0.0,,0.0,,,,0.0,,-0.0,,-0.5916079783099616,1.7816753659805726,4.53686792243159,0.0,0.0,0.0,0.0,5.726935310102201,0.0,0.0,5.726935310102201,False,1345822_YES.csv,1345822_YES
1770909720,2026-02-12 15:22:00,3,266.68,37.3352,0.13999999999947502,12.445066666666667,,,0.0,0.0,,0.0,,,,0.0,,-0.0,,1.0632592204403308,-0.12141143934890249,-0.2826366740264742,0.0,0.0,0.0,0.0,0.6592111070649541,0.0,0.0,0.6592111070649541,False,1345822_YES.csv,1345822_YES
1770909900,2026-02-12 15:25:00,2,299.08,38.880399999999995,0.12999999999956532,19.440199999999997,,,0.0,0.0,,0.0,,,,0.0,,-0.0,,0.24006663263036154,-0.10582435121143174,-0.16376071639714188,0.0,0.0,0.0,0.0,-0.029518434978212077,0.0,0.0,-0.029518434978212077,False,1345822_YES.csv,1345822_YES
1770910140,2026-02-12 15:29:00,1,0.9,0.117,0.12999999985555558,0.117,,,0.0,0.0,,0.0,,,,0.0,,-0.0,,-0.6072273648885612,-0.38603137157373446,-0.4866311311303963,0.0,0.0,0.0,0.0,-1.479889867592692,0.0,0.0,-1.479889867592692,False,1345822_YES.csv,1345822_YES
1770910260,2026-02-12 15:31:00,3,22.5,3.5,0.15555555554864198,1.1666666666666667,,,0.0,0.0,,0.0,,,,0.0,,-0.0,,1.0523104852453755,-0.3608720974743125,-0.4666158666887775,0.0,0.0,0.0,0.0,0.2248225210822855,0.0,0.0,0.2248225210822855,False,1345822_YES.csv,1345822_YES
1770910440,2026-02-12 15:34:00,1,10.0,1.2,0.119999999988,1.2,,,0.0,0.0,,0.0,,,,0.0,,-0.0,,-0.6313862911472253,-0.3748394438178055,-0.45974292605562095,0.0,0.0,0.0,0.0,-1.4659686610206517,0.0,0.0,-1.4659686610206517,False,1345822_YES.csv,1345822_YES
1770910500,2026-02-12 15:35:00,1,10.0,1.2,0.119999999988,1.2,,,0.0,0.0,,0.0,,,,0.0,,-0.0,,-0.6313862911472253,-0.374887671334684,-0.45986149356068085,0.0,0.0,0.0,0.0,-1.46613545604259,0.0,0.0,-1.46613545604259,False,1345822_YES.csv,1345822_YES
1770910560,2026-02-12 15:36:00,1,330.5,46.120000000000005,0.13954614220835238,46.120000000000005,,,0.0,0.0,,0.0,,,,0.0,,-0.0,,-0.6313862911472253,-0.05465980046497944,0.28038972458246536,0.0,0.0,0.0,0.0,-0.4056563670297394,0.0,0.0,-0.4056563670297394,False,1345822_YES.csv,1345822_YES
1770910680,2026-02-12 15:38:00,1,5.0,0.55,0.109999999978,0.55,,,0.0,0.0,,0.0,,,,0.0,,-0.0,,-0.6313862911472253,-0.3835407435491905,-0.479112651432877,0.0,0.0,0.0,0.0,-1.4940396861292928,0.0,0.0,-1.4940396861292928,False,1345822_YES.csv,1345822_YES
1770910740,2026-02-12 15:39:00,2,117.090908,11.879999,0.10145961973322933,5.9399995,,,0.0,0.0,,0.0,,,,0.0,,-0.0,,0.19704368910897388,-0.3030452669064887,-0.39076356769030796,0.0,0.0,0.0,0.0,-0.4967651454878228,0.0,0.0,-0.4967651454878228,False,1345822_YES.csv,1345822_YES
1770910860,2026-02-12 15:41:00,1,5.0,0.5,0.09999999998,0.5,,,0.0,0.0,,0.0,,,,0.0,,-0.0,,-0.6474292642151996,-0.38507183032747355,-0.4808288705061825,0.0,0.0,0.0,0.0,-1.5133299650488556,0.0,0.0,-1.5133299650488556,False,1345822_YES.csv,1345822_YES
1770910920,2026-02-12 15:42:00,1,1350.416665,159.999999,0.11848194942105625,159.999999,,,0.0,0.0,,0.0,,,,0.0,,-0.0,,-0.6313862911472253,0.7474941254313927,2.06368818792772,0.0,0.0,0.0,0.0,2.1797960222118875,0.0,0.0,2.1797960222118875,False,1345822_YES.csv,1345822_YES
1770910980,2026-02-12 15:43:00,1,760.136427,100.259999,0.13189737452204497,100.259999,,,0.0,0.0,,0.0,,,,0.0,,-0.0,,-0.6313862911472253,0.3069665843265733,1.0691259267153073,0.0,0.0,0.0,0.0,0.7447062198946552,0.0,0.0,0.7447062198946552,False,1345822_YES.csv,1345822_YES
1770911220,2026-02-12 15:47:00,1,200.0,22.0,0.10999999999945001,22.0,,,0.0,0.0,,0.0,,,,0.0,,-0.0,,-0.6313862911472253,-0.25994954566209044,-0.1856723038072136,0.0,0.0,0.0,0.0,-1.0770081406165295,0.0,0.0,-1.0770081406165295,False,1345822_YES.csv,1345822_YES
1770911280,2026-02-12 15:48:00,1,5.0,0.55,0.109999999978,0.55,,,0.0,0.0,,0.0,,,,0.0,,-0.0,,-0.6313862911472253,-0.4146875889227202,-0.5285618528601702,0.0,0.0,0.0,0.0,-1.574635732930116,0.0,0.0,-1.574635732930116,False,1345822_YES.csv,1345822_YES
1770911700,2026-02-12 15:55:00,2,341.0,30.69,0.08999999999973607,15.345,,,0.0,0.0,,0.0,,,,0.0,,-0.0,,0.2104620970490751,-0.19972660025908084,-0.29494064782561435,0.0,0.0,0.0,0.0,-0.2842051510356201,0.0,0.0,-0.2842051510356201,False,1345822_YES.csv,1345822_YES
1770911820,2026-02-12 15:57:00,1,17.0,1.53,0.08999999999470588,1.53,,,0.0,0.0,,0.0,,,,0.0,,-0.0,,-0.6313862911472253,-0.40978974893375353,-0.5148974155367824,0.0,0.0,0.0,0.0,-1.5560734556177613,0.0,0.0,-1.5560734556177613,False,1345822_YES.csv,1345822_YES
1770911940,2026-02-12 15:59:00,1,100.0,10.0,0.099999999999,10.0,,,0.0,0.0,,0.0,,,,0.0,,-0.0,,-0.6313862911472253,-0.3497344024082748,-0.3818927880261612,0.0,0.0,0.0,0.0,-1.3630134815816612,0.0,0.0,-1.3630134815816612,False,1345822_YES.csv,1345822_YES
1770912000,2026-02-12 16:00:00,1,5.0,0.55,0.109999999978,0.55,,,0.0,0.0,,0.0,,,,0.0,,-0.0,,-0.6064748179723587,-0.4087178745887614,-0.5275185900453726,0.0,0.0,0.0,0.0,-1.5427112826064926,0.0,0.0,-1.5427112826064926,False,1345822_YES.csv,1345822_YES
1770912060,2026-02-12 16:01:00,2,72.383332,8.023999,0.11085423644063727,4.0119995,,,0.0,0.0,,0.0,,,,0.0,,-0.0,,0.24613115264975502,-0.3556364520172996,-0.4728440181256353,0.0,0.0,0.0,0.0,-0.5823493174931799,0.0,0.0,-0.5823493174931799,False,1345822_YES.csv,1345822_YES
1770912120,2026-02-12 16:02:00,1,100.0,9.0,0.0899999999991,9.0,,,0.0,0.0,,0.0,,,,0.0,,-0.0,,-0.6225670331729094,-0.3461938316726739,-0.38778463847691846,0.0,0.0,0.0,0.0,-1.3565455033225018,0.0,0.0,-1.3565455033225018,False,1345822_YES.csv,1345822_YES
1770912180,2026-02-12 16:03:00,1,5.0,0.4499999999999999,0.08999999998199999,0.4499999999999999,,,0.0,0.0,,0.0,,,,0.0,,-0.0,,-0.6225670331729094,-0.4064032070979913,-0.520922330571762,0.0,0.0,0.0,0.0,-1.5498925708426627,0.0,0.0,-1.5498925708426627,False,1345822_YES.csv,1345822_YES
1770912360,2026-02-12 16:06:00,1,5.0,0.4,0.07999999998400001,0.4,,,0.0,0.0,,0.0,,,,0.0,,-0.0,,-0.6225670331729094,-0.4044968724545007,-0.5164348567817172,0.0,0.0,0.0,0.0,-1.5434987624091272,0.0,0.0,-1.5434987624091272,False,1345822_YES.csv,1345822_YES
1770912420,2026-02-12 16:07:00,2,99.983332,8.331999000000001,0.0833338800903001,4.165999500000001,,,0.0,0.0,,0.0,,,,0.0,,-0.0,,0.2323224036909013,-0.34830003553331107,-0.4573285772135274,0.0,0.0,0.0,0.0,-0.5733062090559371,0.0,0.0,-0.5733062090559371,False,1345822_YES.csv,1345822_YES
1770912480,2026-02-12 16:08:00,1,1111.11111,99.999999,0.089999999189919,99.999999,,,0.0,0.0,,0.0,,,,0.0,,-0.0,,-0.6388866101499788,0.30134573853935465,1.0366911271594197,0.0,0.0,0.0,0.0,0.6991502555487955,0.0,0.0,0.6991502555487955,False,1345822_YES.csv,1345822_YES
1770912540,2026-02-12 16:09:00,1,100.0,8.0,0.0799999999992,8.0,,,0.0,0.0,,0.0,,,,0.0,,-0.0,,-0.6388866101499788,-0.3587824805143157,-0.41060951024479514,0.0,0.0,0.0,0.0,-1.4082786009090897,0.0,0.0,-1.4082786009090897,False,1345822_YES.csv,1345822_YES
1770912600,2026-02-12 16:10:00,2,523.0,41.84,0.07999999999984704,20.92,,,0.0,0.0,,0.0,,,,0.0,,-0.0,,0.24934099681281172,-0.11723350216923001,-0.21034905837136145,0.0,0.0,0.0,0.0,-0.07824156372777974,0.0,0.0,-0.07824156372777974,False,1345822_YES.csv,1345822_YES
1770912720,2026-02-12 16:12:00,1,50.0,3.5000000000000004,0.06999999999860002,3.5000000000000004,,,0.0,0.0,,0.0,,,,0.0,,-0.0,,-0.6306860507618175,-0.3910052877883793,-0.48007146883362173,0.0,0.0,0.0,0.0,-1.5017628073838187,0.0,0.0,-1.5017628073838187,False,1345822_YES.csv,1345822_YES
1770913380,2026-02-12 16:23:00,2,118.0,7.08,0.05999999999949152,3.54,,,0.0,0.0,,0.0,,,,0.0,,-0.0,,0.23537005126579688,-0.36567270921293643,-0.47932104868614533,0.0,0.0,0.0,0.0,-0.6096237066332849,0.0,0.0,-0.6096237066332849,False,1345822_YES.csv,1345822_YES
1770913560,2026-02-12 16:26:00,4,410.0,24.6,0.05999999999985366,6.15,,,0.0,0.0,,0.0,,,,0.0,,-0.0,,1.9014475189965396,-0.24189878955654515,-0.438077767947055,0.0,0.0,0.0,0.0,1.2214709614929395,0.0,0.0,1.2214709614929395,False,1345822_YES.csv,1345822_YES
1770913920,2026-02-12 16:32:00,2,1714.9999970000001,119.999998,0.06997084443722594,59.999999,,,0.0,0.0,,0.0,,,,0.0,,-0.0,,0.2452869964831444,0.43944304361697756,0.39884662258285863,0.0,0.0,0.0,0.0,1.0835766626829806,0.0,0.0,1.0835766626829806,False,1345822_YES.csv,1345822_YES
1770914100,2026-02-12 16:35:00,1,200.0,12.0,0.0599999999997,12.0,,,0.0,0.0,,0.0,,,,0.0,,-0.0,,-0.657092054087795,-0.33376111237396255,-0.3550999319839065,0.0,0.0,0.0,0.0,-1.345953098445664,0.0,0.0,-1.345953098445664,False,1345822_YES.csv,1345822_YES
1770914160,2026-02-12 16:36:00,2,219.285713,13.299999000000001,0.0606514615931196,6.649999500000001,,,0.0,0.0,,0.0,,,,0.0,,-0.0,,0.2597805795230819,-0.31193083612684774,-0.42528774712197764,0.0,0.0,0.0,0.0,-0.47743800372574347,0.0,0.0,-0.47743800372574347,False,1345822_YES.csv,1345822_YES
1770914220,2026-02-12 16:37:00,2,525.857141,36.809999,0.06999999834542517,18.4049995,,,0.0,0.0,,0.0,,,,0.0,,-0.0,,0.2452869964831444,-0.12439841049558671,-0.20502724541884937,0.0,0.0,0.0,0.0,-0.08413865943129169,0.0,0.0,-0.08413865943129169,False,1345822_YES.csv,1345822_YES
1770914280,2026-02-12 16:38:00,1,138.0,8.28,0.05999999999956522,8.28,,,0.0,0.0,,0.0,,,,0.0,,-0.0,,-0.6947110384267023,-0.41661836035782374,-0.3463969823820929,0.0,0.0,0.0,0.0,-1.457726381166619,0.0,0.0,-1.457726381166619,False,1345822_YES.csv,1345822_YES
1770914340,2026-02-12 16:39:00,1,205.0,12.3,0.059999999999707315,12.3,,,0.0,0.0,,0.0,,,,0.0,,-0.0,,-0.6947110384267023,-0.3461489212371717,-0.2587849575100799,0.0,0.0,0.0,0.0,-1.299644917173954,0.0,0.0,-1.299644917173954,False,1345822_YES.csv,1345822_YES
1770914580,2026-02-12 16:43:00,1,60.0,3.6,0.059999999999,3.6,,,0.0,0.0,,0.0,,,,0.0,,-0.0,,-0.6750489292714782,-0.4541587836131968,-0.40345794650301675,0.0,0.0,0.0,0.0,-1.5326656593876917,0.0,0.0,-1.5326656593876917,False,1345822_YES.csv,1345822_YES
1770914640,2026-02-12 16:44:00,2,405.0,24.3,0.059999999999851845,12.15,,,0.0,0.0,,0.0,,,,0.0,,-0.0,,0.3740751745374552,-0.12985423082170872,-0.21587028731023078,0.0,0.0,0.0,0.0,0.028350656405515706,0.0,0.0,0.028350656405515706,False,1345822_YES.csv,1345822_YES
1770914700,2026-02-12 16:45:00,1,5.0,0.3,0.059999999988,0.3,,,0.0,0.0,,0.0,,,,0.0,,-0.0,,-0.7033458708913641,-0.4622096124961983,-0.43888124712329163,0.0,0.0,0.0,0.0,-1.604436730510854,0.0,0.0,-1.604436730510854,False,1345822_YES.csv,1345822_YES
1770914760,2026-02-12 16:46:00,2,19.285713,1.299999,0.06740736004588431,0.6499995,,,0.0,0.0,,0.0,,,,0.0,,-0.0,,0.502389907779546,-0.4473682919709456,-0.43204367626767215,0.0,0.0,0.0,0.0,-0.3770220604590718,0.0,0.0,-0.3770220604590718,False,1345822_YES.csv,1345822_YES
1770914940,2026-02-12 16:49:00,1,15.38,0.7690000000000001,0.04999999999674903,0.7690000000000001,,,0.0,0.0,,0.0,,,,0.0,,-0.0,,-0.6777869203482091,-0.4546597269613474,-0.42971401879957155,0.0,0.0,0.0,0.0,-1.562160666109128,0.0,0.0,-1.562160666109128,False,1345822_YES.csv,1345822_YES
1770915060,2026-02-12 16:51:00,1,1118.0,67.08,0.05999999999994633,67.08,,,0.0,0.0,,0.0,,,,0.0,,-0.0,,-0.6777869203482091,0.5051566340328231,0.8264782310355596,0.0,0.0,0.0,0.0,0.6538479447201736,0.0,0.0,0.6538479447201736,False,1345822_YES.csv,1345822_YES
1770915120,2026-02-12 16:52:00,2,114.0,5.7,0.0499999999995614,2.85,,,0.0,0.0,,0.0,,,,0.0,,-0.0,,0.5348175704108786,-0.3851167471445056,-0.3920492877834067,0.0,0.0,0.0,0.0,-0.24234846451703368,0.0,0.0,-0.24234846451703368,False,1345822_YES.csv,1345822_YES
1770915240,2026-02-12 16:54:00,2,410.0,16.4,0.03999999999990244,8.2,,,0.0,0.0,,0.0,,,,0.0,,-0.0,,0.5694030295324266,-0.23022103721521125,-0.2910322338726484,0.0,0.0,0.0,0.0,0.048149758444566926,0.0,0.0,0.048149758444566926,False,1345822_YES.csv,1345822_YES
1770915300,2026-02-12 16:55:00,1,205.0,8.2,0.03999999999980488,8.2,,,0.0,0.0,,0.0,,,,0.0,,-0.0,,-0.674086269282812,-0.33822067052161503,-0.28375317162346386,0.0,0.0,0.0,0.0,-1.296060111427891,0.0,0.0,-1.296060111427891,False,1345822_YES.csv,1345822_YES
1770915600,2026-02-12 17:00:00,1,208.0,8.32,0.039999999999807696,8.32,,,0.0,0.0,,0.0,,,,0.0,,-0.0,,-0.6525794947710536,-0.3383506871896098,-0.2841220244964914,0.0,0.0,0.0,0.0,-1.2750522064571548,0.0,0.0,-1.2750522064571548,False,1345822_YES.csv,1345822_YES
1770915780,2026-02-12 17:03:00,4,230.0,11.5,0.049999999999782614,2.875,,,0.0,0.0,,0.0,,,,0.0,,-0.0,,2.8591979645557983,-0.2941690286790482,-0.3896264968771113,0.0,0.0,0.0,0.0,2.175402438999639,0.0,0.0,2.175402438999639,False,1345822_YES.csv,1345822_YES
1770915900,2026-02-12 17:05:00,1,205.0,8.2,0.03999999999980488,8.2,,,0.0,0.0,,0.0,,,,0.0,,-0.0,,-0.6658406218828571,-0.3445349746197506,-0.2890184643522676,0.0,0.0,0.0,0.0,-1.299394060854875,0.0,0.0,-1.299394060854875,False,1345822_YES.csv,1345822_YES
1770915960,2026-02-12 17:06:00,2,251.0,10.04,0.039999999999840635,5.02,,,0.0,0.0,,0.0,,,,0.0,,-0.0,,0.49045022382324527,-0.3197947283574171,-0.3517827783913588,0.0,0.0,0.0,0.0,-0.18112728292553065,0.0,0.0,-0.18112728292553065,False,1345822_YES.csv,1345822_YES
1770916140,2026-02-12 17:09:00,1,105.17,4.2068,0.039999999999619666,4.2068,,,0.0,0.0,,0.0,,,,0.0,,-0.0,,-0.6658406218828571,-0.40642809294874704,-0.36856678180913716,0.0,0.0,0.0,0.0,-1.4408354966407413,0.0,0.0,-1.4408354966407413,False,1345822_YES.csv,1345822_YES
1770916200,2026-02-12 17:10:00,1,1400.0,56.0,0.039999999999971426,56.0,,,0.0,0.0,,0.0,,,,0.0,,-0.0,,-0.6453767002153575,0.345771948128904,0.6136334262603999,0.0,0.0,0.0,0.0,0.3140286741739463,0.0,0.0,0.3140286741739463,False,1345822_YES.csv,1345822_YES
1770916320,2026-02-12 17:12:00,1,87.5,3.5,0.03999999999954285,3.5,,,0.0,0.0,,0.0,,,,0.0,,-0.0,,-0.6453767002153575,-0.4238693351381484,-0.39107407523193244,0.0,0.0,0.0,0.0,-1.4603201105854384,0.0,0.0,-1.4603201105854384,False,1345822_YES.csv,1345822_YES
1770916440,2026-02-12 17:14:00,1,36.0,1.44,0.03999999999888889,1.44,,,0.0,0.0,,0.0,,,,0.0,,-0.0,,-0.6453767002153575,-0.4545287994638483,-0.4310875632198505,0.0,0.0,0.0,0.0,-1.5309930628990562,0.0,0.0,-1.5309930628990562,False,1345822_YES.csv,1345822_YES
1770916500,2026-02-12 17:15:00,3,529.6,23.04,0.04350453172197222,7.68,,,0.0,0.0,,0.0,,,,0.0,,-0.0,,1.8054964280214383,-0.1409777845069231,-0.3134048606676845,0.0,0.0,0.0,0.0,1.3511137828468307,0.0,0.0,1.3511137828468307,False,1345822_YES.csv,1345822_YES
1770916560,2026-02-12 17:16:00,8,1602.0,63.58,0.03968789013730357,7.9475,,,0.0,0.0,,0.0,,,,0.0,,-0.0,,5.465209832981577,0.44302127613811637,-0.3108667928316352,0.0,0.0,0.0,0.0,5.597364316288059,0.0,0.0,5.597364316288059,False,1345822_YES.csv,1345822_YES
1770916800,2026-02-12 17:20:00,1,1099.777776,47.899999,0.0435542525456128,47.899999,,,0.0,0.0,,0.0,,,,0.0,,-0.0,,-0.5594309277855157,0.19980582246067713,0.44519950109031625,0.0,0.0,0.0,0.0,0.08557439576547765,0.0,0.0,0.08557439576547765,False,1345822_YES.csv,1345822_YES
1770916860,2026-02-12 17:21:00,1,45.454544,1.999999,0.043999979407031306,1.999999,,,0.0,0.0,,0.0,,,,0.0,,-0.0,,-0.5343069070934251,-0.47159856092381847,-0.43858928896189225,0.0,0.0,0.0,0.0,-1.4444947569791358,0.0,0.0,-1.4444947569791358,False,1345822_YES.csv,1345822_YES
1770916920,2026-02-12 17:22:00,2,1185.790231,42.344159000000005,0.03570965411332039,21.172079500000002,,,0.0,0.0,,0.0,,,,0.0,,-0.0,,0.35620460472894994,0.134818945516758,-0.06267802652797846,0.0,0.0,0.0,0.0,0.4283455237177295,0.0,0.0,0.4283455237177295,False,1345822_YES.csv,1345822_YES
1770916980,2026-02-12 17:23:00,7,643.45818,27.822759,0.04323942078093833,3.974679857142857,,,0.0,0.0,,0.0,,,,0.0,,-0.0,,4.024222325295564,0.013726577462211646,-0.3693643029353613,0.0,0.0,0.0,0.0,3.668584599822414,0.0,0.0,3.668584599822414,False,1345822_YES.csv,1345822_YES
1770917220,2026-02-12 17:27:00,2,362.0,14.48,0.039999999999889506,7.24,,,0.0,0.0,,0.0,,,,0.0,,-0.0,,0.22749590318269974,-0.2656168530901505,-0.29770655801654144,0.0,0.0,0.0,0.0,-0.3358275079239922,0.0,0.0,-0.3358275079239922,False,1345822_YES.csv,1345822_YES
1770917280,2026-02-12 17:28:00,7,1867.090047,80.884858,0.04332134817488885,11.554979714285713,,,0.0,0.0,,0.0,,,,0.0,,-0.0,,3.5085433648752127,1.7506610367770419,-0.1648208460774432,0.0,0.0,0.0,0.0,5.094383555574812,0.0,0.0,5.094383555574812,False,1345822_YES.csv,1345822_YES
1770917400,2026-02-12 17:30:00,1,69.76744,2.999999,0.042999986812716565,2.999999,,,0.0,0.0,,0.0,,,,0.0,,-0.0,,-0.5190235690377083,-0.609443816427582,-0.4542293965665632,0.0,0.0,0.0,0.0,-1.5826967820318536,0.0,0.0,-1.5826967820318536,False,1345822_YES.csv,1345822_YES
1770917700,2026-02-12 17:35:00,1,704.545453,29.999999,0.04258064383527766,29.999999,,,0.0,0.0,,0.0,,,,0.0,,-0.0,,-0.5067246055983092,0.2186158625069367,0.47022557597916714,0.0,0.0,0.0,0.0,0.18211683288779462,0.0,0.0,0.18211683288779462,False,1345822_YES.csv,1345822_YES
1770917760,2026-02-12 17:36:00,6,1017.911818,41.93712,0.04119916800097393,6.98952,,,0.0,0.0,,0.0,,,,0.0,,-0.0,,2.6457154372001788,0.5626711171314123,-0.3266247791397979,0.0,0.0,0.0,0.0,2.8817617751917934,0.0,0.0,2.8817617751917934,False,1345822_YES.csv,1345822_YES
1770917820,2026-02-12 17:37:00,1,151.0,5.587,0.036999999999754965,5.587,,,0.0,0.0,,0.0,,,,0.0,,-0.0,,-0.5092550042372282,-0.5503877440534398,-0.37798764976162375,0.0,0.0,0.0,0.0,-1.4376303980522918,0.0,0.0,-1.4376303980522918,False,1345822_YES.csv,1345822_YES
1770917880,2026-02-12 17:38:00,2,177.0,7.506,0.04240677966077737,3.753,,,0.0,0.0,,0.0,,,,0.0,,-0.0,,0.11695220123471163,-0.4958380044206951,-0.44311624176716274,0.0,0.0,0.0,0.0,-0.8220020449531462,0.0,0.0,-0.8220020449531462,False,1345822_YES.csv,1345822_YES
1770917940,2026-02-12 17:39:00,1,110.0,4.4,0.03999999999963637,4.4,,,0.0,0.0,,0.0,,,,0.0,,-0.0,,-0.5209688964091699,-0.5933364111102882,-0.4229774187926689,0.0,0.0,0.0,0.0,-1.5372827263121271,0.0,0.0,-1.5372827263121271,False,1345822_YES.csv,1345822_YES
1770918060,2026-02-12 17:41:00,3,1420.0,60.251999999999995,0.04243098591546307,20.084,,,0.0,0.0,,0.0,,,,0.0,,-0.0,,0.731928404858463,1.1063938483100937,0.13575991632771958,0.0,0.0,0.0,0.0,1.9740821694962762,0.0,0.0,1.9740821694962762,False,1345822_YES.csv,1345822_YES
1770918120,2026-02-12 17:42:00,1,34.0,1.36,0.03999999999882354,1.36,,,0.0,0.0,,0.0,,,,0.0,,-0.0,,-0.5409905601127771,-0.6899382491429401,-0.5183101042418384,0.0,0.0,0.0,0.0,-1.7492389134975554,0.0,0.0,-1.7492389134975554,False,1345822_YES.csv,1345822_YES
1770918240,2026-02-12 17:44:00,1,64.0,2.432,0.037999999999406245,2.432,,,0.0,0.0,,0.0,,,,0.0,,-0.0,,-0.5291430874400356,-0.6508171488058679,-0.47843127008112857,0.0,0.0,0.0,0.0,-1.6583915063270322,0.0,0.0,-1.6583915063270322,False,1345822_YES.csv,1345822_YES
1770918360,2026-02-12 17:46:00,5,592.0,21.676999999999996,0.036616554053992195,4.335399999999999,,,0.0,0.0,,0.0,,,,0.0,,-0.0,,1.9101267755267706,-0.07635730125632804,-0.41472461587993353,0.0,0.0,0.0,0.0,1.4190448583905089,0.0,0.0,1.4190448583905089,False,1345822_YES.csv,1345822_YES
1770918420,2026-02-12 17:47:00,1,55.0,1.98,0.03599999999934545,1.98,,,0.0,0.0,,0.0,,,,0.0,,-0.0,,-0.5545529348303527,-0.7097640700259852,-0.5372169330414283,0.0,0.0,0.0,0.0,-1.8015339378977662,0.0,0.0,-1.8015339378977662,False,1345822_YES.csv,1345822_YES
1770918480,2026-02-12 17:48:00,2,281.0,10.258,0.0365053380781619,5.129,,,0.0,0.0,,0.0,,,,0.0,,-0.0,,0.051482950186718286,-0.38245043321841987,-0.3736732970702858,0.0,0.0,0.0,0.0,-0.7046407801019874,0.0,0.0,-0.7046407801019874,False,1345822_YES.csv,1345822_YES
1770918540,2026-02-12 17:49:00,3,469.0,16.714,0.03563752665237604,5.571333333333333,,,0.0,0.0,,0.0,,,,0.0,,-0.0,,0.6481263823944362,-0.12664007455427903,-0.3352251093557359,0.0,0.0,0.0,0.0,0.18626119848442124,0.0,0.0,0.18626119848442124,False,1345822_YES.csv,1345822_YES
1770918660,2026-02-12 17:51:00,1,147.0,5.292,0.0359999999997551,5.292,,,0.0,0.0,,0.0,,,,0.0,,-0.0,,-0.5864000602616327,-0.5773706544767533,-0.355514767605617,0.0,0.0,0.0,0.0,-1.519285482344003,0.0,0.0,-1.519285482344003,False,1345822_YES.csv,1345822_YES
1770918780,2026-02-12 17:53:00,1,204.0,7.343999999999999,0.03599999999982353,7.343999999999999,,,0.0,0.0,,0.0,,,,0.0,,-0.0,,-0.5744761361886395,-0.4815193008027699,-0.23607988144061667,0.0,0.0,0.0,0.0,-1.292075318432026,0.0,0.0,-1.292075318432026,False,1345822_YES.csv,1345822_YES
1770918840,2026-02-12 17:54:00,1,527.091,20.0,0.03794411211719041,20.0,,,0.0,0.0,,0.0,,,,0.0,,-0.0,,-0.5744761361886395,0.001892083867196601,0.4388958430352773,0.0,0.0,0.0,0.0,-0.13368820928616554,0.0,0.0,-0.13368820928616554,False,1345822_YES.csv,1345822_YES
1770919020,2026-02-12 17:57:00,9,1426.5,46.794090000000004,0.03280342797053431,5.199343333333334,,,0.0,0.0,,0.0,,,,0.0,,-0.0,,3.7311013023565534,1.023287110827496,-0.365656720173158,0.0,0.0,0.0,0.0,4.388731693010891,0.0,0.0,4.388731693010891,False,1345822_YES.csv,1345822_YES
1770919080,2026-02-12 17:58:00,3,163.583463,5.579999,0.034111021356516225,1.8599996666666667,,,0.0,0.0,,0.0,,,,0.0,,-0.0,,0.48472234548490667,-0.5892368510342052,-0.5496451025524332,0.0,0.0,0.0,0.0,-0.6541596081017317,0.0,0.0,-0.6541596081017317,False,1345822_YES.csv,1345822_YES
1770919140,2026-02-12 17:59:00,1,1060.0,30.74,0.028999999999972645,30.74,,,0.0,0.0,,0.0,,,,0.0,,-0.0,,-0.5817722297936977,0.38010938232264807,0.9975975354997559,0.0,0.0,0.0,0.0,0.7959346880287064,0.0,0.0,0.7959346880287064,False,1345822_YES.csv,1345822_YES
1770919200,2026-02-12 18:00:00,6,1393.103448,40.1,0.0287846534710258,6.683333333333334,,,0.0,0.0,,0.0,,,,0.0,,-0.0,,1.99270297333775,0.7242337949052572,-0.30590963334203003,0.0,0.0,0.0,0.0,2.411027134900977,0.0,0.0,2.411027134900977,False,1345822_YES.csv,1345822_YES
1770919380,2026-02-12 18:03:00,8,1261.428566,34.319998,0.02720724654968119,4.28999975,,,0.0,0.0,,0.0,,,,0.0,,-0.0,,2.7761292897505783,0.47844814151555354,-0.44006329496624635,0.0,0.0,0.0,0.0,2.8145141362998856,0.0,0.0,2.8145141362998856,False,1345822_YES.csv,1345822_YES
1770919440,2026-02-12 18:04:00,12,889.457136,24.9768,0.02808094846739406,2.0814,,,0.0,0.0,,0.0,,,,0.0,,-0.0,,3.9658478815876315,0.09687120736053817,-0.562162080500256,0.0,0.0,0.0,0.0,3.500557008447913,0.0,0.0,3.500557008447913,False,1345822_YES.csv,1345822_YES
1770919740,2026-02-12 18:09:00,4,248.0,7.936,0.03199999999987097,1.984,,,0.0,0.0,,0.0,,,,0.0,,-0.0,,0.6221143295786197,-0.5746962150984074,-0.5649065201767566,0.0,0.0,0.0,0.0,-0.5174884056965443,0.0,0.0,-0.5174884056965443,False,1345822_YES.csv,1345822_YES
1770919800,2026-02-12 18:10:00,2,385.142854,13.479997999999998,0.03499999509263903,6.739998999999999,,,0.0,0.0,,0.0,,,,0.0,,-0.0,,-0.21491655641183044,-0.32640798762506895,-0.284178053722427,0.0,0.0,0.0,0.0,-0.8255025977593264,0.0,0.0,-0.8255025977593264,False,1345822_YES.csv,1345822_YES
1770920100,2026-02-12 18:15:00,2,218.0,6.54,0.029999999999862387,3.27,,,0.0,0.0,,0.0,,,,0.0,,-0.0,,-0.22251925249025625,-0.6233684124967591,-0.5191380997250671,0.0,0.0,0.0,0.0,-1.3650257647120825,0.0,0.0,-1.3650257647120825,False,1345822_YES.csv,1345822_YES
1770920160,2026-02-12 18:16:00,6,293.32,8.77292,0.029909041319958033,1.4621533333333332,,,0.0,0.0,,0.0,,,,0.0,,-0.0,,1.3951563307438388,-0.5061190901254596,-0.6227781826734112,0.0,0.0,0.0,0.0,0.26625905794496796,0.0,0.0,0.26625905794496796,False,1345822_YES.csv,1345822_YES
1770920340,2026-02-12 18:19:00,1,62.0,1.488,0.023999999999612904,1.488,,,0.0,0.0,,0.0,,,,0.0,,-0.0,,-0.6565441556441595,-0.8182489988062863,-0.617845151156969,0.0,0.0,0.0,0.0,-2.092638305607415,0.0,0.0,-2.092638305607415,False,1345822_YES.csv,1345822_YES
1770920400,2026-02-12 18:20:00,2,122.0,2.896,0.023737704917838214,1.448,,,0.0,0.0,,0.0,,,,0.0,,-0.0,,-0.24620405836655984,-0.7529918474947087,-0.6173710773496476,0.0,0.0,0.0,0.0,-1.616566983210916,0.0,0.0,-1.616566983210916,False,1345822_YES.csv,1345822_YES
1770920520,2026-02-12 18:22:00,1,88.0,2.024,0.022999999999738636,2.024,,,0.0,0.0,,0.0,,,,0.0,,-0.0,,-0.6356191358869379,-0.7705714538092518,-0.5714693386017514,0.0,0.0,0.0,0.0,-1.9776599282979412,0.0,0.0,-1.9776599282979412,False,1345822_YES.csv,1345822_YES
1770920700,2026-02-12 18:25:00,1,88.0,2.024,0.022999999999738636,2.024,,,0.0,0.0,,0.0,,,,0.0,,-0.0,,-0.6269259458212637,-0.8250432587021989,-0.5640246365378395,0.0,0.0,0.0,0.0,-2.0159938410613023,0.0,0.0,-2.0159938410613023,False,1345822_YES.csv,1345822_YES
1770920940,2026-02-12 18:29:00,1,529.0,13.725,0.025945179584071852,13.725,,,0.0,0.0,,0.0,,,,0.0,,-0.0,,-0.6269259458212637,-0.22423349464673645,0.3384798340457195,0.0,0.0,0.0,0.0,-0.5126796064222807,0.0,0.0,-0.5126796064222807,False,1345822_YES.csv,1345822_YES
1770921360,2026-02-12 18:36:00,6,1732.2499999999998,37.37518,0.02157608890170495,6.229196666666667,,,0.0,0.0,,0.0,,,,0.0,,-0.0,,1.3680933714869303,0.9657795441192966,-0.2403043474941581,0.0,0.0,0.0,0.0,2.093568568112069,0.0,0.0,2.093568568112069,False,1345822_YES.csv,1345822_YES
1770921420,2026-02-12 18:37:00,2,264.0,5.279999999999999,0.01999999999992424,2.6399999999999997,,,0.0,0.0,,0.0,,,,0.0,,-0.0,,-0.2414282420271054,-0.6504102537819905,-0.4984231966479489,0.0,0.0,0.0,0.0,-1.3902616924570448,0.0,0.0,-1.3902616924570448,False,1345822_YES.csv,1345822_YES
1770921480,2026-02-12 18:38:00,1,95.0,2.66,0.027999999999705264,2.66,,,0.0,0.0,,0.0,,,,0.0,,-0.0,,-0.6438086454056143,-0.7776289144613686,-0.48862789926735756,0.0,0.0,0.0,0.0,-1.9100654591343407,0.0,0.0,-1.9100654591343407,False,1345822_YES.csv,1345822_YES
1770921540,2026-02-12 18:39:00,3,1098.379665,31.599999000000004,0.02876965042863494,10.533333,,,0.0,0.0,,0.0,,,,0.0,,-0.0,,0.14804138686766444,0.6840883795953178,0.1222066624837334,0.0,0.0,0.0,0.0,0.9543364289467156,0.0,0.0,0.9543364289467156,False,1345822_YES.csv,1345822_YES
1770921600,2026-02-12 18:40:00,1,161.215,5.0,0.03101448376372532,5.0,,,0.0,0.0,,0.0,,,,0.0,,-0.0,,-0.6594570869559597,-0.6738890778893618,-0.3076426328080506,0.0,0.0,0.0,0.0,-1.6409887976533721,0.0,0.0,-1.6409887976533721,False,1345822_YES.csv,1345822_YES
1770921720,2026-02-12 18:42:00,1,31.25,1.0,0.031999999998976,1.0,,,0.0,0.0,,0.0,,,,0.0,,-0.0,,-0.6507084648766364,-0.8534960479262317,-0.6011843598244435,0.0,0.0,0.0,0.0,-2.1053888726273113,0.0,0.0,-2.1053888726273113,False,1345822_YES.csv,1345822_YES
1770922020,2026-02-12 18:47:00,2,600.0,17.5,0.029166666666618057,8.75,,,0.0,0.0,,0.0,,,,0.0,,-0.0,,-0.25570785004414764,-0.03087962206410192,-0.014031519531942935,0.0,0.0,0.0,0.0,-0.3006189916401925,0.0,0.0,-0.3006189916401925,False,1345822_YES.csv,1345822_YES
1770922080,2026-02-12 18:48:00,1,166.666665,4.999999,0.029999994299819904,4.999999,,,0.0,0.0,,0.0,,,,0.0,,-0.0,,-0.6507084648766364,-0.6744235598413981,-0.31095966555264765,0.0,0.0,0.0,0.0,-1.6360916902706821,0.0,0.0,-1.6360916902706821,False,1345822_YES.csv,1345822_YES
1770922260,2026-02-12 18:51:00,1,233.333332,6.999999000000001,0.029999995885585634,6.999999000000001,,,0.0,0.0,,0.0,,,,0.0,,-0.0,,-0.6507084648766364,-0.5796005996532486,-0.1642295114276599,0.0,0.0,0.0,0.0,-1.394538575957545,0.0,0.0,-1.394538575957545,False,1345822_YES.csv,1345822_YES
1770922680,2026-02-12 18:58:00,1,140.0,3.64,0.025999999999814286,3.64,,,0.0,0.0,,0.0,,,,0.0,,-0.0,,-0.6507084648766364,-0.7358720214060296,-0.42617956588911615,0.0,0.0,0.0,0.0,-1.8127600521717822,0.0,0.0,-1.8127600521717822,False,1345822_YES.csv,1345822_YES
1770922920,2026-02-12 19:02:00,1,135.0,3.78,0.027999999999792597,3.78,,,0.0,0.0,,0.0,,,,0.0,,-0.0,,-0.6420491213573989,-0.7256823362019482,-0.4144378653827071,0.0,0.0,0.0,0.0,-1.782169322942054,0.0,0.0,-1.782169322942054,False,1345822_YES.csv,1345822_YES
1770923040,2026-02-12 19:04:00,3,204.06110999999999,5.2308,0.02563349773003963,1.7436,,,0.0,0.0,,0.0,,,,0.0,,-0.0,,0.1538697699961613,-0.6348291083207527,-0.599097488377103,0.0,0.0,0.0,0.0,-1.0800568267016943,0.0,0.0,-1.0800568267016943,False,1345822_YES.csv,1345822_YES
1770923220,2026-02-12 19:07:00,2,150.0,3.45,0.02299999999984667,1.725,,,0.0,0.0,,0.0,,,,0.0,,-0.0,,-0.25500425928554704,-0.7247702811716477,-0.5887233392383734,0.0,0.0,0.0,0.0,-1.5684978796955682,0.0,0.0,-1.5684978796955682,False,1345822_YES.csv,1345822_YES
1770923280,2026-02-12 19:08:00,2,232.0,5.486,0.023646551724036007,2.743,,,0.0,0.0,,0.0,,,,0.0,,-0.0,,-0.2625397865077141,-0.6117893021967404,-0.48099003030202686,0.0,0.0,0.0,0.0,-1.3553191190064815,0.0,0.0,-1.3553191190064815,False,1345822_YES.csv,1345822_YES
1770923340,2026-02-12 19:09:00,2,255.0,5.865,0.022999999999909804,2.9325,,,0.0,0.0,,0.0,,,,0.0,,-0.0,,-0.2495828117184658,-0.5850572122758743,-0.46292419174919164,0.0,0.0,0.0,0.0,-1.2975642157435319,0.0,0.0,-1.2975642157435319,False,1345822_YES.csv,1345822_YES
1770923460,2026-02-12 19:11:00,3,584.0,12.848,0.021999999999962327,4.282666666666667,,,0.0,0.0,,0.0,,,,0.0,,-0.0,,0.1421559151355462,-0.21501612806282466,-0.32684346830810906,0.0,0.0,0.0,0.0,-0.3997036812353875,0.0,0.0,-0.3997036812353875,False,1345822_YES.csv,1345822_YES
1770923640,2026-02-12 19:14:00,2,309.0,7.1,0.022977346278242793,3.55,,,0.0,0.0,,0.0,,,,0.0,,-0.0,,-0.26400384239458574,-0.5204758696782293,-0.3944098839551056,0.0,0.0,0.0,0.0,-1.1788895960279206,0.0,0.0,-1.1788895960279206,False,1345822_YES.csv,1345822_YES
1770923940,2026-02-12 19:19:00,2,228.0,5.700000000000001,0.024999999999890356,2.8500000000000005,,,0.0,0.0,,0.0,,,,0.0,,-0.0,,-0.2716544175540136,-0.597428134072568,-0.4588828309203998,0.0,0.0,0.0,0.0,-1.3279653825469815,0.0,0.0,-1.3279653825469815,False,1345822_YES.csv,1345822_YES
1770924000,2026-02-12 19:20:00,2,234.0,5.85,0.024999999999893163,2.925,,,0.0,0.0,,0.0,,,,0.0,,-0.0,,-0.2793711221109947,-0.5649630440665334,-0.4612375945264637,0.0,0.0,0.0,0.0,-1.3055717607039918,0.0,0.0,-1.3055717607039918,False,1345822_YES.csv,1345822_YES
1770924060,2026-02-12 19:21:00,1,130.0,3.38,0.025999999999800003,3.38,,,0.0,0.0,,0.0,,,,0.0,,-0.0,,-0.6882069105661089,-0.7023942319565614,-0.40625101062374763,0.0,0.0,0.0,0.0,-1.7968521531464179,0.0,0.0,-1.7968521531464179,False,1345822_YES.csv,1345822_YES
1770924120,2026-02-12 19:22:00,1,370.0,9.62,0.02599999999992973,9.62,,,0.0,0.0,,0.0,,,,0.0,,-0.0,,-0.6882069105661089,-0.36405190477411986,0.3284003260058345,0.0,0.0,0.0,0.0,-0.7238584893343942,0.0,0.0,-0.7238584893343942,False,1345822_YES.csv,1345822_YES
1770924180,2026-02-12 19:23:00,2,300.0,8.4,0.02799999999990667,4.2,,,0.0,0.0,,0.0,,,,0.0,,-0.0,,-0.2724221659079661,-0.4185739987379244,-0.31766162324449865,0.0,0.0,0.0,0.0,-1.008657787890389,0.0,0.0,-1.008657787890389,False,1345822_YES.csv,1345822_YES
1770924240,2026-02-12 19:24:00,2,120.0,3.24,0.026999999999774996,1.62,,,0.0,0.0,,0.0,,,,0.0,,-0.0,,-0.2415406536394431,-0.6921616836846718,-0.6137887073749292,0.0,0.0,0.0,0.0,-1.547491044699044,0.0,0.0,-1.547491044699044,False,1345822_YES.csv,1345822_YES
1770924420,2026-02-12 19:27:00,2,97.0,2.425,0.02499999999974227,1.2125,,,0.0,0.0,,0.0,,,,0.0,,-0.0,,-0.2494720163061005,-0.7167158920634265,-0.7446568473866912,0.0,0.0,0.0,0.0,-1.7108447557562183,0.0,0.0,-1.7108447557562183,False,1345822_YES.csv,1345822_YES
1770924480,2026-02-12 19:28:00,5,441.258063,11.525999,0.02612076688550817,2.3051998,,,0.0,0.0,,0.0,,,,0.0,,-0.0,,1.0002724947326687,-0.16938617258919259,-0.5741219493932116,0.0,0.0,0.0,0.0,0.25676437275026454,0.0,0.0,0.25676437275026454,False,1345822_YES.csv,1345822_YES
1770924540,2026-02-12 19:29:00,1,146.0,3.796,0.02599999999982192,3.796,,,0.0,0.0,,0.0,,,,0.0,,-0.0,,-0.6928002717776492,-0.6199303657897903,-0.3097744633855148,0.0,0.0,0.0,0.0,-1.6225051009529543,0.0,0.0,-1.6225051009529543,False,1345822_YES.csv,1345822_YES
1770924600,2026-02-12 19:30:00,1,70.0,1.96,0.027999999999599998,1.96,,,0.0,0.0,,0.0,,,,0.0,,-0.0,,-0.6679269106113414,-0.7102789533366397,-0.6062939275628022,0.0,0.0,0.0,0.0,-1.9844997915107832,0.0,0.0,-1.9844997915107832,False,1345822_YES.csv,1345822_YES
1770924660,2026-02-12 19:31:00,2,349.0,10.121,0.028999999999916908,5.0605,,,0.0,0.0,,0.0,,,,0.0,,-0.0,,-0.2323224036909013,-0.1900930227339172,-0.08895066590562199,0.0,0.0,0.0,0.0,-0.5113660923304405,0.0,0.0,-0.5113660923304405,False,1345822_YES.csv,1345822_YES
1770924720,2026-02-12 19:32:00,1,162.258063,4.999999,0.030815103468658886,4.999999,,,0.0,0.0,,0.0,,,,0.0,,-0.0,,-0.6434830589275048,-0.5229366336155342,-0.08158307675575387,0.0,0.0,0.0,0.0,-1.248002769298793,0.0,0.0,-1.248002769298793,False,1345822_YES.csv,1345822_YES
1770924900,2026-02-12 19:35:00,2,286.38,8.018640000000001,0.027999999999902235,4.009320000000001,,,0.0,0.0,,0.0,,,,0.0,,-0.0,,-0.20267677517021704,-0.30035244539023376,-0.24947809223265416,0.0,0.0,0.0,0.0,-0.7525073127931049,0.0,0.0,-0.7525073127931049,False,1345822_YES.csv,1345822_YES
1770924960,2026-02-12 19:36:00,1,50.0,1.4,0.027999999999440004,1.4,,,0.0,0.0,,0.0,,,,0.0,,-0.0,,-0.6530696088818103,-0.7784545957704774,-0.7129486880405271,0.0,0.0,0.0,0.0,-2.1444728926928147,0.0,0.0,-2.1444728926928147,False,1345822_YES.csv,1345822_YES
1770925200,2026-02-12 19:40:00,12,1308.01,39.41833,0.030136107522090692,3.284860833333333,,,0.0,0.0,,0.0,,,,0.0,,-0.0,,3.7794875618494723,2.179158020842947,-0.3307794133966537,0.0,0.0,0.0,0.0,5.627866169295766,0.0,0.0,5.627866169295766,False,1345822_YES.csv,1345822_YES
1770925260,2026-02-12 19:41:00,4,675.894284,17.667499,0.026139441356740106,4.41687475,,,0.0,0.0,,0.0,,,,0.0,,-0.0,,0.5602659520486435,0.4698466980424334,-0.10456962390346757,0.0,0.0,0.0,0.0,0.9255430261876093,0.0,0.0,0.9255430261876093,False,1345822_YES.csv,1345822_YES
1770925320,2026-02-12 19:42:00,1,355.703702,9.449999,0.02656705270943011,9.449999,,,0.0,0.0,,0.0,,,,0.0,,-0.0,,-0.6317647917678957,-0.1725460871675011,0.860426991414004,0.0,0.0,0.0,0.0,0.05611611247860726,0.0,0.0,0.05611611247860726,False,1345822_YES.csv,1345822_YES
1770925560,2026-02-12 19:46:00,2,276.0,8.004000000000001,0.028999999999894933,4.002000000000001,,,0.0,0.0,,0.0,,,,0.0,,-0.0,,-0.2401139794494187,-0.29046494823021735,-0.2021744165712238,0.0,0.0,0.0,0.0,-0.7327533442508598,0.0,0.0,-0.7327533442508598,False,1345822_YES.csv,1345822_YES
1770925860,2026-02-12 19:51:00,1,6.0,0.168,0.027999999995333334,0.168,,,0.0,0.0,,0.0,,,,0.0,,-0.0,,-0.6249881614895103,-0.9424766466759655,-0.9527033463508328,0.0,0.0,0.0,0.0,-2.5201681545163086,0.0,0.0,-2.5201681545163086,False,1345822_YES.csv,1345822_YES
1770925920,2026-02-12 19:52:00,2,373.482757,10.152999000000001,0.02718465259688767,5.076499500000001,,,0.0,0.0,,0.0,,,,0.0,,-0.0,,-0.23338608191167953,-0.06441527791239707,0.065156357838537,0.0,0.0,0.0,0.0,-0.2326450019855396,0.0,0.0,-0.2326450019855396,False,1345822_YES.csv,1345822_YES
1770926040,2026-02-12 19:54:00,1,37.037036,1.0,0.027000000755271,1.0,,,0.0,0.0,,0.0,,,,0.0,,-0.0,,-0.6334765080459872,-0.8828769779170074,-0.786769355482218,0.0,0.0,0.0,0.0,-2.3031228414452127,0.0,0.0,-2.3031228414452127,False,1345822_YES.csv,1345822_YES
1770926160,2026-02-12 19:56:00,3,209.62,5.240500000000001,0.024999999999880743,1.7468333333333337,,,0.0,0.0,,0.0,,,,0.0,,-0.0,,0.18145751367274027,-0.48105481142811535,-0.6187335076481588,0.0,0.0,0.0,0.0,-0.918330805403534,0.0,0.0,-0.918330805403534,False,1345822_YES.csv,1345822_YES
1770926220,2026-02-12 19:57:00,1,34.482757,0.999999,0.028999972362157705,0.999999,,,0.0,0.0,,0.0,,,,0.0,,-0.0,,-0.6250203248727717,-0.8611193269912552,-0.7699649296150101,0.0,0.0,0.0,0.0,-2.256104581479037,0.0,0.0,-2.256104581479037,False,1345822_YES.csv,1345822_YES
1770926460,2026-02-12 20:01:00,1,79.0,1.975,0.024999999999683543,1.975,,,0.0,0.0,,0.0,,,,0.0,,-0.0,,-0.6165322739467312,-0.7570560337193585,-0.553780963374387,0.0,0.0,0.0,0.0,-1.9273692710404768,0.0,0.0,-1.9273692710404768,False,1345822_YES.csv,1345822_YES
1770926520,2026-02-12 20:02:00,1,38.461537,0.999999,0.025999974987323003,0.999999,,,0.0,0.0,,0.0,,,,0.0,,-0.0,,-0.6014288164474713,-0.8184955593588495,-0.7379024570099847,0.0,0.0,0.0,0.0,-2.1578268328163053,0.0,0.0,-2.1578268328163053,False,1345822_YES.csv,1345822_YES
1770926640,2026-02-12 20:04:00,1,69.76,1.53472,0.021999999999684633,1.53472,,,0.0,0.0,,0.0,,,,0.0,,-0.0,,-0.6014288164474713,-0.7624966961390983,-0.6120650420889205,0.0,0.0,0.0,0.0,-1.9759905546754903,0.0,0.0,-1.9759905546754903,False,1345822_YES.csv,1345822_YES
1770926820,2026-02-12 20:07:00,2,79.88633200000001,2.169999,0.027163582876390355,1.0849995,,,0.0,0.0,,0.0,,,,0.0,,-0.0,,-0.20773034035169677,-0.6956584129548298,-0.6828335614501277,0.0,0.0,0.0,0.0,-1.5862223147566543,0.0,0.0,-1.5862223147566543,False,1345822_YES.csv,1345822_YES
1770927000,2026-02-12 20:10:00,5,238.92000000000002,5.06132,0.021184162062526435,1.012264,,,0.0,0.0,,0.0,,,,0.0,,-0.0,,0.9668851964912436,-0.41913257848918667,-0.69529585941148,0.0,0.0,0.0,0.0,-0.1475432414094231,0.0,0.0,-0.1475432414094231,False,1345822_YES.csv,1345822_YES
1770927120,2026-02-12 20:12:00,2,600.0,12.0,0.019999999999966666,6.0,,,0.0,0.0,,0.0,,,,0.0,,-0.0,,-0.19824543041320591,0.2792929934283392,0.43462986303855716,0.0,0.0,0.0,0.0,0.5156774260536905,0.0,0.0,0.5156774260536905,False,1345822_YES.csv,1345822_YES
1770927240,2026-02-12 20:14:00,2,192.0,3.84,0.019999999999895834,1.92,,,0.0,0.0,,0.0,,,,0.0,,-0.0,,-0.19118960456089765,-0.524835494643091,-0.49181282287606065,0.0,0.0,0.0,0.0,-1.2078379220800493,0.0,0.0,-1.2078379220800493,False,1345822_YES.csv,1345822_YES
1770927480,2026-02-12 20:18:00,1,160.0,3.3600000000000003,0.020999999999868752,3.3600000000000003,,,0.0,0.0,,0.0,,,,0.0,,-0.0,,-0.6160553924740033,-0.5477532555045936,-0.10091410432273396,0.0,0.0,0.0,0.0,-1.264722752301331,0.0,0.0,-1.264722752301331,False,1345822_YES.csv,1345822_YES
1770927600,2026-02-12 20:20:00,1,700.0,14.9,0.021285714285683793,14.9,,,0.0,0.0,,0.0,,,,0.0,,-0.0,,-0.5905965191524349,0.7477569775189375,3.6837017762038986,0.0,0.0,0.0,0.0,3.8408622345704013,0.0,0.0,3.8408622345704013,False,1345822_YES.csv,1345822_YES
1770927660,2026-02-12 20:21:00,3,170.0,3.2299999999999995,0.018999999999888235,1.0766666666666664,,,0.0,0.0,,0.0,,,,0.0,,-0.0,,0.32654565468023333,-0.5519493564754441,-0.8669897783704186,0.0,0.0,0.0,0.0,-1.0923934801656294,0.0,0.0,-1.0923934801656294,False,1345822_YES.csv,1345822_YES
1770927720,2026-02-12 20:22:00,1,47.090909,1.0,0.021235521276065452,1.0,,,0.0,0.0,,0.0,,,,0.0,,-0.0,,-0.6139439211618385,-0.8020260074599416,-0.882496704446641,0.0,0.0,0.0,0.0,-2.298466633068421,0.0,0.0,-2.298466633068421,False,1345822_YES.csv,1345822_YES
1770927780,2026-02-12 20:23:00,2,276.0,5.244,0.01899999999993116,2.622,,,0.0,0.0,,0.0,,,,0.0,,-0.0,,-0.037574206709004104,-0.2606275748177924,-0.35549052795703057,0.0,0.0,0.0,0.0,-0.6536923094838272,0.0,0.0,-0.6536923094838272,False,1345822_YES.csv,1345822_YES
1770927900,2026-02-12 20:25:00,4,453.0,8.824,0.019479028697528745,2.206,,,0.0,0.0,,0.0,,,,0.0,,-0.0,,1.0604485910977208,0.20170009790774107,-0.4702723483552109,0.0,0.0,0.0,0.0,0.7918763406502509,0.0,0.0,0.7918763406502509,False,1345822_YES.csv,1345822_YES
1770928860,2026-02-12 20:41:00,2,265.0,5.085,0.01918867924521061,2.5425,,,0.0,0.0,,0.0,,,,0.0,,-0.0,,-0.055813083741985355,-0.26900052725401424,-0.35483213307190486,0.0,0.0,0.0,0.0,-0.6796457440679045,0.0,0.0,-0.6796457440679045,False,1345822_YES.csv,1345822_YES
1770928920,2026-02-12 20:42:00,1,86.01,1.63419,0.018999999999779093,1.63419,,,0.0,0.0,,0.0,,,,0.0,,-0.0,,-0.5903454873149425,-0.6884843470743656,-0.6557968322276132,0.0,0.0,0.0,0.0,-1.9346266666169214,0.0,0.0,-1.9346266666169214,False,1345822_YES.csv,1345822_YES
1770929220,2026-02-12 20:47:00,1,149.0,2.5330000000000004,0.01699999999988591,2.5330000000000004,,,0.0,0.0,,0.0,,,,0.0,,-0.0,,-0.5903454873149425,-0.578078275315891,-0.36604107733976016,0.0,0.0,0.0,0.0,-1.5344648399705936,0.0,0.0,-1.5344648399705936,False,1345822_YES.csv,1345822_YES
1770929340,2026-02-12 20:49:00,1,149.0,2.5330000000000004,0.01699999999988591,2.5330000000000004,,,0.0,0.0,,0.0,,,,0.0,,-0.0,,-0.578988145584409,-0.5770647562382789,-0.3732771733765355,0.0,0.0,0.0,0.0,-1.5293300751992234,0.0,0.0,-1.5293300751992234,False,1345822_YES.csv,1345822_YES
1770929400,2026-02-12 20:50:00,8,845.0,13.520000000000001,0.015999999999981068,1.6900000000000002,,,0.0,0.0,,0.0,,,,0.0,,-0.0,,3.117097043108922,0.7853379029231149,-0.6507379102363827,0.0,0.0,0.0,0.0,3.2516970357956545,0.0,0.0,3.2516970357956545,False,1345822_YES.csv,1345822_YES
1770929640,2026-02-12 20:54:00,1,105.263156,1.999999,0.0189999908418193,1.999999,,,0.0,0.0,,0.0,,,,0.0,,-0.0,,-0.5916303169640165,-0.6673388639644,-0.5477003925024251,0.0,0.0,0.0,0.0,-1.8066695734308416,0.0,0.0,-1.8066695734308416,False,1345822_YES.csv,1345822_YES
1770930180,2026-02-12 21:03:00,1,150.0,2.85,0.018999999999873337,2.85,,,0.0,0.0,,0.0,,,,0.0,,-0.0,,-0.5916303169640165,-0.53901421491432,-0.228632796634344,0.0,0.0,0.0,0.0,-1.3592773285126805,0.0,0.0,-1.3592773285126805,False,1345822_YES.csv,1345822_YES
1770930240,2026-02-12 21:04:00,1,675.81,13.5162,0.019999999999970406,13.5162,,,0.0,0.0,,0.0,,,,0.0,,-0.0,,-0.5670381532234577,0.9871360673412504,3.325572964934174,0.0,0.0,0.0,0.0,3.745670879051967,0.0,0.0,3.745670879051967,False,1345822_YES.csv,1345822_YES
1770930300,2026-02-12 21:05:00,2,248.333333,4.47,0.01800000002408858,2.235,,,0.0,0.0,,0.0,,,,0.0,,-0.0,,-0.018291553329788896,-0.3233529087482507,-0.45164776891749514,0.0,0.0,0.0,0.0,-0.7932922309955347,0.0,0.0,-0.7932922309955347,False,1345822_YES.csv,1345822_YES
1770930360,2026-02-12 21:06:00,1,95.23,1.8446,0.019369946445244396,1.8446,,,0.0,0.0,,0.0,,,,0.0,,-0.0,,-0.5670381532234577,-0.7012259938911749,-0.5766079706598616,0.0,0.0,0.0,0.0,-1.8448721177744942,0.0,0.0,-1.8448721177744942,False,1345822_YES.csv,1345822_YES
1770930600,2026-02-12 21:10:00,3,350.0,6.65,0.018999999999945713,2.216666666666667,,,0.0,0.0,,0.0,,,,0.0,,-0.0,,0.53045504656388,0.06245974404231347,-0.42570369616471415,0.0,0.0,0.0,0.0,0.1672110944414793,0.0,0.0,0.1672110944414793,False,1345822_YES.csv,1345822_YES
1770930720,2026-02-12 21:12:00,1,5.0,0.09,0.0179999999964,0.09,,,0.0,0.0,,0.0,,,,0.0,,-0.0,,-0.5670381532234577,-0.9947243324933643,-1.1322504679260479,0.0,0.0,0.0,0.0,-2.6940129536428703,0.0,0.0,-2.6940129536428703,False,1345822_YES.csv,1345822_YES
1770930780,2026-02-12 21:13:00,2,11.2,0.2015999999999998,0.017999999998392857,0.1007999999999999,,,0.0,0.0,,0.0,,,,0.0,,-0.0,,-0.02751349774889108,-0.9723985346783355,-1.1175727963194642,0.0,0.0,0.0,0.0,-2.117484828746691,0.0,0.0,-2.117484828746691,False,1345822_YES.csv,1345822_YES
1770930840,2026-02-12 21:14:00,1,26.57,0.4782599999999999,0.017999999999322544,0.4782599999999999,,,0.0,0.0,,0.0,,,,0.0,,-0.0,,-0.5670381532234577,-0.9017951314956426,-0.9614548401731791,0.0,0.0,0.0,0.0,-2.4302881248922796,0.0,0.0,-2.4302881248922796,False,1345822_YES.csv,1345822_YES
1770931080,2026-02-12 21:18:00,2,52.619046,1.094999,0.020809936386516577,0.5474995,,,0.0,0.0,,0.0,,,,0.0,,-0.0,,-0.02751349774889108,-0.7841681441564918,-0.9074283313482778,0.0,0.0,0.0,0.0,-1.7191099732536608,0.0,0.0,-1.7191099732536608,False,1345822_YES.csv,1345822_YES
1770931320,2026-02-12 21:22:00,2,150.0,2.55,0.01699999999988667,1.275,,,0.0,0.0,,0.0,,,,0.0,,-0.0,,-0.036790235795300816,-0.5296111138657335,-0.6255510082829501,0.0,0.0,0.0,0.0,-1.1919523579439844,0.0,0.0,-1.1919523579439844,False,1345822_YES.csv,1345822_YES
1770931680,2026-02-12 21:28:00,1,51.0,1.02,0.019999999999607845,1.02,,,0.0,0.0,,0.0,,,,0.0,,-0.0,,-0.5886437727248114,-0.7722577536504298,-0.6983150973233906,0.0,0.0,0.0,0.0,-2.059216623698632,0.0,0.0,-2.059216623698632,False,1345822_YES.csv,1345822_YES
1770931740,2026-02-12 21:29:00,2,131.578946,2.56,0.019456000202194536,1.28,,,0.0,0.0,,0.0,,,,0.0,,-0.0,,-0.046124897074166116,-0.5145188605503667,-0.5896873680114719,0.0,0.0,0.0,0.0,-1.1503311256360047,0.0,0.0,-1.1503311256360047,False,1345822_YES.csv,1345822_YES
1770931800,2026-02-12 21:30:00,4,630.0,11.34,0.017999999999971428,2.835,,,0.0,0.0,,0.0,,,,0.0,,-0.0,,1.0440404545941069,0.9064375990288496,-0.04458924599440782,0.0,0.0,0.0,0.0,1.9058888076285487,0.0,0.0,1.9058888076285487,False,1345822_YES.csv,1345822_YES
1770931920,2026-02-12 21:32:00,1,88.0,1.584,0.01799999999979545,1.584,,,0.0,0.0,,0.0,,,,0.0,,-0.0,,-0.5934918570868772,-0.6799723853859514,-0.4880266895090481,0.0,0.0,0.0,0.0,-1.7614909319818768,0.0,0.0,-1.7614909319818768,False,1345822_YES.csv,1345822_YES
1770932460,2026-02-12 21:41:00,1,516.992379,9.999999,0.019342642959888984,9.999999,,,0.0,0.0,,0.0,,,,0.0,,-0.0,,-0.5826594379899844,0.6758532020241044,2.33926944492816,0.0,0.0,0.0,0.0,2.4324632089622797,0.0,0.0,2.4324632089622797,False,1345822_YES.csv,1345822_YES
1770932640,2026-02-12 21:44:00,2,299.69,6.29349,0.02099999999992993,3.146745,,,0.0,0.0,,0.0,,,,0.0,,-0.0,,-0.03641621487437413,0.0733697671665848,0.021656875884160216,0.0,0.0,0.0,0.0,0.05861042817637089,0.0,0.0,0.05861042817637089,False,1345822_YES.csv,1345822_YES
1770933000,2026-02-12 21:50:00,2,2065.6,51.4,0.024883810999213316,25.7,,,0.0,0.0,,0.0,,,,0.0,,-0.0,,-0.02737337207219805,5.296174849311792,5.356703862154635,0.0,0.0,0.0,0.0,10.62550533939423,0.0,0.0,10.62550533939423,True,1345822_YES.csv,1345822_YES
1770933060,2026-02-12 21:51:00,1,612.666665,17.779998999999997,0.029020673093044735,17.779998999999997,,,0.0,0.0,,0.0,,,,0.0,,-0.0,,-0.564166086031649,1.2920371817549914,3.1000009826967894,0.0,0.0,0.0,0.0,3.827872078420132,0.0,0.0,3.827872078420132,False,1345822_YES.csv,1345822_YES
1770933300,2026-02-12 21:55:00,4,289.43,8.3629,0.0288943786061262,2.090725,,,0.0,0.0,,0.0,,,,0.0,,-0.0,,1.04554784769928,0.1924895588178148,-0.3455919185921495,0.0,0.0,0.0,0.0,0.8924454879249455,0.0,0.0,0.8924454879249455,False,1345822_YES.csv,1345822_YES
1770933360,2026-02-12 21:56:00,1,100.0,3.0,0.0299999999997,3.0,,,0.0,0.0,,0.0,,,,0.0,,-0.0,,-0.5662755347593131,-0.42445133744642727,-0.1461555719485621,0.0,0.0,0.0,0.0,-1.1368824441543026,0.0,0.0,-1.1368824441543026,False,1345822_YES.csv,1345822_YES
1770933420,2026-02-12 21:57:00,1,5230.0,130.75,0.024999999999995217,130.75,,,0.0,0.0,,0.0,,,,0.0,,-0.0,,-0.5662755347593131,6.708778264847744,7.33953456120814,0.0,0.0,0.0,0.0,13.482037291296571,0.0,0.0,13.482037291296571,True,1345822_YES.csv,1345822_YES
1770934080,2026-02-12 22:08:00,1,118.365383,2.999999,0.025345239663311474,2.999999,,,0.0,0.0,,0.0,,,,0.0,,-0.0,,-0.5662755347593131,-0.311680726405962,-0.1573190361460505,0.0,0.0,0.0,0.0,-1.0352752973113257,0.0,0.0,-1.0352752973113257,False,1345822_YES.csv,1345822_YES
1770934560,2026-02-12 22:16:00,1,41.666665,0.999999,0.023999976959423002,0.999999,,,0.0,0.0,,0.0,,,,0.0,,-0.0,,-0.5558048548926506,-0.414207640622713,-0.2715255207052522,0.0,0.0,0.0,0.0,-1.2415380162206158,0.0,0.0,-1.2415380162206158,False,1345822_YES.csv,1345822_YES
1770935100,2026-02-12 22:25:00,1,44.0,1.056,0.023999999999454548,1.056,,,0.0,0.0,,0.0,,,,0.0,,-0.0,,-0.5454379038707222,-0.40884611089380113,-0.26764781374709345,0.0,0.0,0.0,0.0,-1.2219318285116167,0.0,0.0,-1.2219318285116167,False,1345822_YES.csv,1345822_YES
1770935520,2026-02-12 22:32:00,1,0.75,0.015,0.019999999973333335,0.015,,,0.0,0.0,,0.0,,,,0.0,,-0.0,,-0.5351707830125738,-0.46331704783246447,-0.3274743098373544,0.0,0.0,0.0,0.0,-1.3259621406823927,0.0,0.0,-1.3259621406823927,False,1345822_YES.csv,1345822_YES
1770935700,2026-02-12 22:35:00,2,0.74,0.0148,0.019999999972972974,0.0074,,,0.0,0.0,,0.0,,,,0.0,,-0.0,,0.027373372072198175,-0.45212709072123003,-0.32547998464705186,0.0,0.0,0.0,0.0,-0.7502337032960837,0.0,0.0,-0.7502337032960837,False,1345822_YES.csv,1345822_YES
1770935820,2026-02-12 22:37:00,1,82.29,1.6458000000000002,0.019999999999756955,1.6458000000000002,,,0.0,0.0,,0.0,,,,0.0,,-0.0,,-0.5200940693717648,-0.36072224143494674,-0.2272052390224591,0.0,0.0,0.0,0.0,-1.1080215498291706,0.0,0.0,-1.1080215498291706,False,1345822_YES.csv,1345822_YES
1770936420,2026-02-12 22:47:00,5,1342.70146,37.849999,0.028189437583520403,7.5699998,,,0.0,0.0,,0.0,,,,0.0,,-0.0,,1.600547291686218,1.554200007133319,0.11467643309034029,0.0,0.0,0.0,0.0,3.2694237319098773,0.0,0.0,3.2694237319098773,False,1345822_YES.csv,1345822_YES
1770936720,2026-02-12 22:52:00,1,375.0,9.0,0.023999999999936,9.0,,,0.0,0.0,,0.0,,,,0.0,,-0.0,,-0.5351707830125739,0.009482007144192985,0.19462644799305062,0.0,0.0,0.0,0.0,-0.3310623278753303,0.0,0.0,-0.3310623278753303,False,1345822_YES.csv,1345822_YES
1770937080,2026-02-12 22:58:00,1,306.21,7.34904,0.023999999999921622,7.34904,,,0.0,0.0,,0.0,,,,0.0,,-0.0,,-0.5351707830125739,-0.08109873180549816,0.09553518365119808,0.0,0.0,0.0,0.0,-0.5207343311668741,0.0,0.0,-0.5207343311668741,False,1345822_YES.csv,1345822_YES
1770937200,2026-02-12 23:00:00,1,476.0,11.9,0.02499999999994748,11.9,,,0.0,0.0,,0.0,,,,0.0,,-0.0,,-0.524999728398684,0.15931659700647735,0.35426152347213063,0.0,0.0,0.0,0.0,-0.011421607920076016,0.0,0.0,-0.011421607920076016,False,1345822_YES.csv,1345822_YES
1770937260,2026-02-12 23:01:00,3,476.93,11.92325,0.02499999999994758,3.9744166666666665,,,0.0,0.0,,0.0,,,,0.0,,-0.0,,0.524999728398684,0.15134672394814547,-0.11246032581104239,0.0,0.0,0.0,0.0,0.5638861265357871,0.0,0.0,0.5638861265357871,False,1345822_YES.csv,1345822_YES
1770937380,2026-02-12 23:03:00,2,1297.717271,35.470499000000004,0.02733299447624642,17.735249500000002,,,0.0,0.0,,0.0,,,,0.0,,-0.0,,0.11209403800121948,1.426005364995725,0.677149936813361,0.0,0.0,0.0,0.0,2.2152493398103053,0.0,0.0,2.2152493398103053,False,1345822_YES.csv,1345822_YES
1770937500,2026-02-12 23:05:00,1,114.090909,5.0,0.04382470122975508,5.0,,,0.0,0.0,,0.0,,,,0.0,,-0.0,,-0.609633942056286,-0.20667133165984636,-0.06680115594139477,0.0,0.0,0.0,0.0,-0.8831064296575271,0.0,0.0,-0.8831064296575271,False,1345822_YES.csv,1345822_YES
1770937860,2026-02-12 23:11:00,2,245.0,7.44,0.030367346938651563,3.72,,,0.0,0.0,,0.0,,,,0.0,,-0.0,,0.14013370017697466,-0.07303296816818612,-0.13596797032826935,0.0,0.0,0.0,0.0,-0.06886723831948081,0.0,0.0,-0.06886723831948081,False,1345822_YES.csv,1345822_YES
1770937980,2026-02-12 23:13:00,1,1132.87,40.73832,0.03596027787827726,40.73832,,,0.0,0.0,,0.0,,,,0.0,,-0.0,,-0.609633942056286,1.6558874742326162,1.9252039665551541,0.0,0.0,0.0,0.0,2.9714574987314846,0.0,0.0,2.9714574987314846,False,1345822_YES.csv,1345822_YES
1770938880,2026-02-12 23:28:00,1,4.5,0.1169999999999999,0.02599999999422222,0.1169999999999999,,,0.0,0.0,,0.0,,,,0.0,,-0.0,,-0.609633942056286,-0.4861710110719514,-0.3696580124205589,0.0,0.0,0.0,0.0,-1.4654629655487963,0.0,0.0,-1.4654629655487963,False,1345822_YES.csv,1345822_YES
1770939120,2026-02-12 23:32:00,1,333.708332,9.999999,0.029966285049095005,9.999999,,,0.0,0.0,,0.0,,,,0.0,,-0.0,,-0.5952269418221702,0.035119608319244204,0.18399882428136416,0.0,0.0,0.0,0.0,-0.3761085092215618,0.0,0.0,-0.3761085092215618,False,1345822_YES.csv,1345822_YES
1770940140,2026-02-12 23:49:00,2,569.0,14.974,0.02631634446392563,7.487,,,0.0,0.0,,0.0,,,,0.0,,-0.0,,0.15240848551407146,0.2854066211489125,0.03598581348457817,0.0,0.0,0.0,0.0,0.47380092014756214,0.0,0.0,0.47380092014756214,False,1345822_YES.csv,1345822_YES
1770940200,2026-02-12 23:50:00,2,900.900688,23.937499,0.02657063016914176,11.9687495,,,0.0,0.0,,0.0,,,,0.0,,-0.0,,0.16627247789265628,0.7389174695211906,0.27973082478119976,0.0,0.0,0.0,0.0,1.1849207721950468,0.0,0.0,1.1849207721950468,False,1345822_YES.csv,1345822_YES
1770940620,2026-02-12 23:57:00,1,23.3,0.3262,0.01399999999939914,0.3262,,,0.0,0.0,,0.0,,,,0.0,,-0.0,,-0.6011389585349884,-0.5013192169010684,-0.3777565009880259,0.0,0.0,0.0,0.0,-1.4802146764240827,0.0,0.0,-1.4802146764240827,False,1345822_YES.csv,1345822_YES
1770940920,2026-02-13 00:02:00,4,274.724136,6.985999,0.02542914176268286,1.74649975,,,0.0,0.0,,0.0,,,,0.0,,-0.0,,1.6293206670252924,-0.1559792621731404,-0.2972444967125863,0.0,0.0,0.0,0.0,1.1760969081395658,0.0,0.0,1.1760969081395658,False,1345822_YES.csv,1345822_YES
1770941160,2026-02-13 00:06:00,2,670.712961,18.099999,0.02698620729348483,9.0499995,,,0.0,0.0,,0.0,,,,0.0,,-0.0,,0.11317033765795281,0.41391665325555693,0.10804940465361433,0.0,0.0,0.0,0.0,0.6351363955671241,0.0,0.0,0.6351363955671241,False,1345822_YES.csv,1345822_YES
1770941220,2026-02-13 00:07:00,1,185.185184,4.999999999999999,0.0270000001726542,4.999999999999999,,,0.0,0.0,,0.0,,,,0.0,,-0.0,,-0.6412985800617331,-0.2789345869687987,-0.12441199958814726,0.0,0.0,0.0,0.0,-1.0446451666186791,0.0,0.0,-1.0446451666186791,False,1345822_YES.csv,1345822_YES
1770941340,2026-02-13 00:09:00,1,180.0,3.96,0.02199999999987778,3.96,,,0.0,0.0,,0.0,,,,0.0,,-0.0,,-0.6266617950097277,-0.33551224526397944,-0.18613580523160236,0.0,0.0,0.0,0.0,-1.1483098455053096,0.0,0.0,-1.1483098455053096,False,1345822_YES.csv,1345822_YES
1770941400,2026-02-13 00:10:00,1,458.290714,12.65,0.027602566697374473,12.65,,,0.0,0.0,,0.0,,,,0.0,,-0.0,,-0.6050359463404329,0.11606572103119912,0.2952754123569134,0.0,0.0,0.0,0.0,-0.19369481295232038,0.0,0.0,-0.19369481295232038,False,1345822_YES.csv,1345822_YES
1770942600,2026-02-13 00:30:00,1,250.0,5.0,0.019999999999920002,5.0,,,0.0,0.0,,0.0,,,,0.0,,-0.0,,-0.5902755262166932,-0.28117372396141865,-0.1372921052708773,0.0,0.0,0.0,0.0,-1.0087413554489892,0.0,0.0,-1.0087413554489892,False,1345822_YES.csv,1345822_YES
1770943980,2026-02-13 00:53:00,1,958.9635,19.15,0.019969477461842876,19.15,,,0.0,0.0,,0.0,,,,0.0,,-0.0,,-0.5756994857253553,0.45104343571161437,0.6464369632928282,0.0,0.0,0.0,0.0,0.5217809132790872,0.0,0.0,0.5217809132790872,False,1345822_YES.csv,1345822_YES
1770944160,2026-02-13 00:56:00,1,100.0,2.0,0.0199999999998,2.0,,,0.0,0.0,,0.0,,,,0.0,,-0.0,,-0.5756994857253553,-0.45103098625713167,-0.32126032137521865,0.0,0.0,0.0,0.0,-1.3479907933577056,0.0,0.0,-1.3479907933577056,False,1345822_YES.csv,1345822_YES
1770944700,2026-02-13 01:05:00,1,252.7495,4.99,0.019742867938335188,4.99,,,0.0,0.0,,0.0,,,,0.0,,-0.0,,-0.5756994857253553,-0.284823029224805,-0.14321655609998277,0.0,0.0,0.0,0.0,-1.003739071050143,0.0,0.0,-1.003739071050143,False,1345822_YES.csv,1345822_YES
1770944820,2026-02-13 01:07:00,2,200.0,3.5999999999999996,0.017999999999909998,1.7999999999999998,,,0.0,0.0,,0.0,,,,0.0,,-0.0,,0.22425216696655073,-0.3583638649466408,-0.324393381549809,0.0,0.0,0.0,0.0,-0.45850507952989905,0.0,0.0,-0.45850507952989905,False,1345822_YES.csv,1345822_YES
1770944880,2026-02-13 01:08:00,3,300.0,5.3999999999999995,0.017999999999939998,1.7999999999999998,,,0.0,0.0,,0.0,,,,0.0,,-0.0,,0.9837925436944887,-0.2678586338385483,-0.32523433659387335,0.0,0.0,0.0,0.0,0.39069957326206695,0.0,0.0,0.39069957326206695,False,1345822_YES.csv,1345822_YES
1770945120,2026-02-13 01:12:00,3,215.0,3.7949999999999995,0.017651162790615578,1.265,,,0.0,0.0,,0.0,,,,0.0,,-0.0,,0.9632042684028266,-0.3510705316590037,-0.354082150854403,0.0,0.0,0.0,0.0,0.2580515858894199,0.0,0.0,0.2580515858894199,False,1345822_YES.csv,1345822_YES
1770945300,2026-02-13 01:15:00,3,615.555554,11.539999000000002,0.018747290841569193,3.8466663333333337,,,0.0,0.0,,0.0,,,,0.0,,-0.0,,0.9942866277504318,0.054755318991587976,-0.20968747537709467,0.0,0.0,0.0,0.0,0.8393544713649251,0.0,0.0,0.8393544713649251,False,1345822_YES.csv,1345822_YES
1770946080,2026-02-13 01:28:00,1,5355.0,91.035,0.016999999999996827,91.035,,,0.0,0.0,,0.0,,,,0.0,,-0.0,,-0.5818089545153903,3.6592216454296826,3.964908894700568,0.0,0.0,0.0,0.0,7.042321585614861,0.0,0.0,7.042321585614861,False,1345822_YES.csv,1345822_YES
1770946320,2026-02-13 01:32:00,2,10264.993528,174.50489000000002,0.017000000002336386,87.25244500000001,,,0.0,0.0,,0.0,,,,0.0,,-0.0,,0.19885732555008637,5.308246958450301,3.3405681164293335,0.0,0.0,0.0,0.0,8.84767240042972,0.0,0.0,8.84767240042972,False,1345822_YES.csv,1345822_YES
1770946740,2026-02-13 01:39:00,1,66.94,1.2049199999999998,0.0179999999997311,1.2049199999999998,,,0.0,0.0,,0.0,,,,0.0,,-0.0,,-0.5965719766502591,-0.45152544238161657,-0.4012158705188076,0.0,0.0,0.0,0.0,-1.4493132895506833,0.0,0.0,-1.4493132895506833,False,1345822_YES.csv,1345822_YES
1770946860,2026-02-13 01:41:00,2,332.0,6.64,0.01999999999993976,3.32,,,0.0,0.0,,0.0,,,,0.0,,-0.0,,0.18611649091563628,-0.2734062930019796,-0.3098768007829877,0.0,0.0,0.0,0.0,-0.39716660286933103,0.0,0.0,-0.39716660286933103,False,1345822_YES.csv,1345822_YES
1770946920,2026-02-13 01:42:00,1,57.0,1.14,0.019999999999649125,1.14,,,0.0,0.0,,0.0,,,,0.0,,-0.0,,-0.681639107778129,-0.44868200054724655,-0.40422276255499673,0.0,0.0,0.0,0.0,-1.5345438708803723,0.0,0.0,-1.5345438708803723,False,1345822_YES.csv,1345822_YES
1770946980,2026-02-13 01:43:00,1,300.0,4.5,0.014999999999950001,4.5,,,0.0,0.0,,0.0,,,,0.0,,-0.0,,-0.681639107778129,-0.33869658423345594,-0.2600804883503231,0.0,0.0,0.0,0.0,-1.280416180361908,0.0,0.0,-1.280416180361908,False,1345822_YES.csv,1345822_YES
1770947100,2026-02-13 01:45:00,4,1637.0,31.9,0.019486866218680808,7.975,,,0.0,0.0,,0.0,,,,0.0,,-0.0,,2.3078364792630075,0.5546326214853259,-0.11269932323534673,0.0,0.0,0.0,0.0,2.7497697775129866,0.0,0.0,2.7497697775129866,False,1345822_YES.csv,1345822_YES
1770947460,2026-02-13 01:51:00,1,7729.0,162.309,0.02099999999999728,162.309,,,0.0,0.0,,0.0,,,,0.0,,-0.0,,-0.7023850154278718,4.06003984743586,4.9446996465685595,0.0,0.0,0.0,0.0,8.302354478576547,0.0,0.0,8.302354478576547,False,1345822_YES.csv,1345822_YES
1770947520,2026-02-13 01:52:00,2,201.818178,4.399998,0.021801792304250174,2.199999,,,0.0,0.0,,0.0,,,,0.0,,-0.0,,0.301022149469088,-0.3721636672337833,-0.35917109227749505,0.0,0.0,0.0,0.0,-0.43031261004219035,0.0,0.0,-0.43031261004219035,False,1345822_YES.csv,1345822_YES
1770947580,2026-02-13 01:53:00,2,929.109088,19.999998,0.021525995449070936,9.999999,,,0.0,0.0,,0.0,,,,0.0,,-0.0,,0.2853148508529728,0.057299434590500756,-0.10540183084018676,0.0,0.0,0.0,0.0,0.2372124546032868,0.0,0.0,0.2372124546032868,False,1345822_YES.csv,1345822_YES
1770947700,2026-02-13 01:55:00,4,1270.14869,27.759998,0.02185570730303871,6.9399995,,,0.0,0.0,,0.0,,,,0.0,,-0.0,,2.215918585234101,0.26564987631686254,-0.20964986250752554,0.0,0.0,0.0,0.0,2.271918599043438,0.0,0.0,2.271918599043438,False,1345822_YES.csv,1345822_YES
1770947940,2026-02-13 01:59:00,2,5148.0,87.516,0.0169999999999967,43.758,,,0.0,0.0,,0.0,,,,0.0,,-0.0,,0.24536520053310978,1.8521673200352107,0.9814890831377285,0.0,0.0,0.0,0.0,3.079021603706049,0.0,0.0,3.079021603706049,False,1345822_YES.csv,1345822_YES
1770948180,2026-02-13 02:03:00,2,400.0,9.16,0.02289999999994275,4.58,,,0.0,0.0,,0.0,,,,0.0,,-0.0,,0.24536520053310978,-0.29469399672492996,-0.31279871953174126,0.0,0.0,0.0,0.0,-0.36212751572356144,0.0,0.0,-0.36212751572356144,False,1345822_YES.csv,1345822_YES
1770948300,2026-02-13 02:05:00,2,72.0,1.44,0.01999999999972222,0.72,,,0.0,0.0,,0.0,,,,0.0,,-0.0,,0.22997955651361057,-0.5066813618707149,-0.4403280380869944,0.0,0.0,0.0,0.0,-0.7170298434440987,0.0,0.0,-0.7170298434440987,False,1345822_YES.csv,1345822_YES
1770948360,2026-02-13 02:06:00,2,96.347824,2.0,0.020758123193101247,1.0,,,0.0,0.0,,0.0,,,,0.0,,-0.0,,0.22997955651361057,-0.4918582045671887,-0.43138498147530857,0.0,0.0,0.0,0.0,-0.6932636295288868,0.0,0.0,-0.6932636295288868,False,1345822_YES.csv,1345822_YES
1770948480,2026-02-13 02:08:00,2,20628.0,350.67600000000004,0.01699999999999918,175.33800000000002,,,0.0,0.0,,0.0,,,,0.0,,-0.0,,0.22997955651361057,5.7924665427287385,4.3140614110844435,0.0,0.0,0.0,0.0,10.336507510326793,0.0,0.0,10.336507510326793,True,1345822_YES.csv,1345822_YES
1770949500,2026-02-13 02:25:00,2,742.956518,16.059998,0.021616336368124205,8.029999,,,0.0,0.0,,0.0,,,,0.0,,-0.0,,0.21452602649462052,-0.17752481963931505,-0.24704844756657446,0.0,0.0,0.0,0.0,-0.21004724071126898,0.0,0.0,-0.21004724071126898,False,1345822_YES.csv,1345822_YES
1770950940,2026-02-13 02:49:00,2,113.68421,2.0,0.01759259267388495,1.0,,,0.0,0.0,,0.0,,,,0.0,,-0.0,,0.21452602649462052,-0.4283309756570279,-0.43861293242132465,0.0,0.0,0.0,0.0,-0.652417881583732,0.0,0.0,-0.652417881583732,False,1345822_YES.csv,1345822_YES
1770951120,2026-02-13 02:52:00,4,10122.095236,202.56,0.020011667078527376,50.64,,,0.0,0.0,,0.0,,,,0.0,,-0.0,,2.1947662710603497,2.8687666228400674,0.8883854349526454,0.0,0.0,0.0,0.0,5.951918328853063,0.0,0.0,5.951918328853063,False,1345822_YES.csv,1345822_YES
1770951420,2026-02-13 02:57:00,1,501.0,10.02,0.01999999999996008,10.02,,,0.0,0.0,,0.0,,,,0.0,,-0.0,,-0.7755940957882439,-0.31967572338527245,-0.21727292736320458,0.0,0.0,0.0,0.0,-1.312542746536721,0.0,0.0,-1.312542746536721,False,1345822_YES.csv,1345822_YES
1770951540,2026-02-13 02:59:00,1,47.619046,0.999999,0.0209999797135583,0.999999,,,0.0,0.0,,0.0,,,,0.0,,-0.0,,-0.7755940957882439,-0.4661133365474198,-0.45748507023760515,0.0,0.0,0.0,0.0,-1.6991925025732688,0.0,0.0,-1.6991925025732688,False,1345822_YES.csv,1345822_YES
1770951720,2026-02-13 03:02:00,1,45.767825,1.0,0.021849410584360303,1.0,,,0.0,0.0,,0.0,,,,0.0,,-0.0,,-0.7556471142590059,-0.4643631156710479,-0.4563222667989488,0.0,0.0,0.0,0.0,-1.6763324967290025,0.0,0.0,-1.6763324967290025,False,1345822_YES.csv,1345822_YES
1770951780,2026-02-13 03:03:00,1,50.0,1.0,0.0199999999996,1.0,,,0.0,0.0,,0.0,,,,0.0,,-0.0,,-0.7360956015993294,-0.45021493102429094,-0.4445795476209633,0.0,0.0,0.0,0.0,-1.6308900802445836,0.0,0.0,-1.6308900802445836,False,1345822_YES.csv,1345822_YES
1770951840,2026-02-13 03:04:00,1,43.478259,0.999999,0.02299997798847,0.999999,,,0.0,0.0,,0.0,,,,0.0,,-0.0,,-0.7360956015993294,-0.44494714546272707,-0.4362922470208033,0.0,0.0,0.0,0.0,-1.6173349940828596,0.0,0.0,-1.6173349940828596,False,1345822_YES.csv,1345822_YES
1770952020,2026-02-13 03:07:00,1,10.0,0.15,0.0149999999985,0.15,,,0.0,0.0,,0.0,,,,0.0,,-0.0,,-0.7146869140812722,-0.45630579610857197,-0.45821247780379243,0.0,0.0,0.0,0.0,-1.6292051879936365,0.0,0.0,-1.6292051879936365,False,1345822_YES.csv,1345822_YES
1770952200,2026-02-13 03:10:00,3,857.96,11.595479999999998,0.013515175532643111,3.8651599999999995,,,0.0,0.0,,0.0,,,,0.0,,-0.0,,1.2804865799559442,-0.27019240883956147,-0.35829397929583,0.0,0.0,0.0,0.0,0.6520001918205527,0.0,0.0,0.6520001918205527,False,1345822_YES.csv,1345822_YES
1770952380,2026-02-13 03:13:00,1,65.625,1.0,0.015238095237862999,1.0,,,0.0,0.0,,0.0,,,,0.0,,-0.0,,-0.7413343357639678,-0.41923862256744165,-0.41163990902356706,0.0,0.0,0.0,0.0,-1.5722128673549767,0.0,0.0,-1.5722128673549767,False,1345822_YES.csv,1345822_YES
1770952620,2026-02-13 03:17:00,1,66.666665,0.999999,0.014999985374774599,0.999999,,,0.0,0.0,,0.0,,,,0.0,,-0.0,,-0.7413343357639678,-0.4185789401424272,-0.4105007920099037,0.0,0.0,0.0,0.0,-1.5704140679162988,0.0,0.0,-1.5704140679162988,False,1345822_YES.csv,1345822_YES
1770953160,2026-02-13 03:26:00,2,499.31,7.489649999999999,0.014999999999969958,3.7448249999999996,,,0.0,0.0,,0.0,,,,0.0,,-0.0,,0.2537921991499052,-0.310973092382879,-0.33113480294925884,0.0,0.0,0.0,0.0,-0.38831569618223266,0.0,0.0,-0.38831569618223266,False,1345822_YES.csv,1345822_YES
1770955500,2026-02-13 04:05:00,2,1249.7,14.996400000000001,0.011999999999990399,7.498200000000001,,,0.0,0.0,,0.0,,,,0.0,,-0.0,,0.23794886665290596,-0.1882155816149146,-0.22387115037132194,0.0,0.0,0.0,0.0,-0.1741378653333306,0.0,0.0,-0.1741378653333306,False,1345822_YES.csv,1345822_YES
1770955680,2026-02-13 04:08:00,1,763.36111,10.0,0.013099959991394938,10.0,,,0.0,0.0,,0.0,,,,0.0,,-0.0,,-0.7818319904309765,-0.27589146224788974,-0.15518110591201317,0.0,0.0,0.0,0.0,-1.2129045585908793,0.0,0.0,-1.2129045585908793,False,1345822_YES.csv,1345822_YES
1770956100,2026-02-13 04:15:00,1,15.0,0.1949999999999999,0.012999999999133332,0.1949999999999999,,,0.0,0.0,,0.0,,,,0.0,,-0.0,,-0.7613765974497155,-0.4420948907716306,-0.44509498784027346,0.0,0.0,0.0,0.0,-1.6485664760616197,0.0,0.0,-1.6485664760616197,False,1345822_YES.csv,1345822_YES
1770956340,2026-02-13 04:19:00,2,1541.952221,19.115360000000003,0.012396856231764886,9.557680000000001,,,0.0,0.0,,0.0,,,,0.0,,-0.0,,0.23794886665290596,-0.1265950400160358,-0.17244817591069064,0.0,0.0,0.0,0.0,-0.061094349273820486,0.0,0.0,-0.061094349273820486,False,1345822_YES.csv,1345822_YES
1770956520,2026-02-13 04:22:00,1,90.0,0.99,0.010999999999877778,0.99,,,0.0,0.0,,0.0,,,,0.0,,-0.0,,-0.7876460284254736,-0.4232049154639549,-0.42227869798875983,0.0,0.0,0.0,0.0,-1.6331296418781884,0.0,0.0,-1.6331296418781884,False,1345822_YES.csv,1345822_YES
1770956640,2026-02-13 04:24:00,1,421.071428,5.8500000000000005,0.013893129789813406,5.8500000000000005,,,0.0,0.0,,0.0,,,,0.0,,-0.0,,-0.7876460284254736,-0.33985459244585375,-0.27696560252021973,0.0,0.0,0.0,0.0,-1.4044662233915473,0.0,0.0,-1.4044662233915473,False,1345822_YES.csv,1345822_YES
1770956940,2026-02-13 04:29:00,1,421.07,4.63177,0.010999999999973876,4.63177,,,0.0,0.0,,0.0,,,,0.0,,-0.0,,-0.7876460284254736,-0.3596326349594562,-0.31150942032856366,0.0,0.0,0.0,0.0,-1.4587880837134932,0.0,0.0,-1.4587880837134932,False,1345822_YES.csv,1345822_YES
1770957000,2026-02-13 04:30:00,1,100.0,1.5,0.01499999999985,1.5,,,0.0,0.0,,0.0,,,,0.0,,-0.0,,-0.7876460284254736,-0.40934816171720306,-0.398381864932205,0.0,0.0,0.0,0.0,-1.5953760550748817,0.0,0.0,-1.5953760550748817,False,1345822_YES.csv,1345822_YES
1770957240,2026-02-13 04:34:00,5,461.0,6.605,0.01432754880691035,1.3210000000000002,,,0.0,0.0,,0.0,,,,0.0,,-0.0,,3.3610371870728812,-0.32132676996081166,-0.40216366095264156,0.0,0.0,0.0,0.0,2.637546756159428,0.0,0.0,2.637546756159428,False,1345822_YES.csv,1345822_YES
1770957300,2026-02-13 04:35:00,1,316.0,3.476,0.01099999999996519,3.476,,,0.0,0.0,,0.0,,,,0.0,,-0.0,,-0.7344114850733844,-0.36490131282256794,-0.33131982353144535,0.0,0.0,0.0,0.0,-1.4306326214273977,0.0,0.0,-1.4306326214273977,False,1345822_YES.csv,1345822_YES
1770957660,2026-02-13 04:41:00,2,8.92,0.09812,0.010999999998766816,0.04906,,,0.0,0.0,,0.0,,,,0.0,,-0.0,,0.2743703826181943,-0.420380190210849,-0.429464814120727,0.0,0.0,0.0,0.0,-0.5754746217133817,0.0,0.0,-0.5754746217133817,False,1345822_YES.csv,1345822_YES
1770957840,2026-02-13 04:44:00,2,3047.29,30.4729,0.009999999999996718,15.23645,,,0.0,0.0,,0.0,,,,0.0,,-0.0,,0.2743703826181943,0.08623342700796234,0.011913513001926028,0.0,0.0,0.0,0.0,0.3725173226280826,0.0,0.0,0.3725173226280826,False,1345822_YES.csv,1345822_YES
1770958140,2026-02-13 04:49:00,1,80.0,0.72,0.008999999999887499,0.72,,,0.0,0.0,,0.0,,,,0.0,,-0.0,,-0.7545185522000346,-0.40503805099881474,-0.3975480214150288,0.0,0.0,0.0,0.0,-1.5571046246138782,0.0,0.0,-1.5571046246138782,False,1345822_YES.csv,1345822_YES
1770958860,2026-02-13 05:01:00,1,384.615384,5.0,0.0130000000207662,5.0,,,0.0,0.0,,0.0,,,,0.0,,-0.0,,-0.7545185522000346,-0.3343074446471677,-0.27363278711850747,0.0,0.0,0.0,0.0,-1.3624587839657099,0.0,0.0,-1.3624587839657099,False,1345822_YES.csv,1345822_YES
1770959220,2026-02-13 05:07:00,1,642.82,5.63049,0.008759046078204174,5.63049,,,0.0,0.0,,0.0,,,,0.0,,-0.0,,-0.7545185522000346,-0.3223083397398013,-0.25271461460935596,0.0,0.0,0.0,0.0,-1.3295415065491918,0.0,0.0,-1.3295415065491918,False,1345822_YES.csv,1345822_YES
1770959580,2026-02-13 05:13:00,2,1340.94,17.43222,0.012999999999990306,8.71611,,,0.0,0.0,,0.0,,,,0.0,,-0.0,,0.2743703826181943,-0.12367363470632164,-0.16206288888700315,0.0,0.0,0.0,0.0,-0.011366140975130501,0.0,0.0,-0.011366140975130501,False,1345822_YES.csv,1345822_YES
1770961500,2026-02-13 05:45:00,1,99.0,1.089,0.010999999999888889,1.089,,,0.0,0.0,,0.0,,,,0.0,,-0.0,,-0.7344114850733844,-0.39279429576557784,-0.3818742613147598,0.0,0.0,0.0,0.0,-1.509080042153722,0.0,0.0,-1.509080042153722,False,1345822_YES.csv,1345822_YES
1770961560,2026-02-13 05:46:00,2,931.71,14.2422,0.01528608687250822,7.1211,,,0.0,0.0,,0.0,,,,0.0,,-0.0,,0.2743703826181943,-0.17501546722451491,-0.2071987385887727,0.0,0.0,0.0,0.0,-0.10784382319509331,0.0,0.0,-0.10784382319509331,False,1345822_YES.csv,1345822_YES
1770962340,2026-02-13 05:59:00,2,190.47714100000002,1.9999989999999999,0.010499942352607507,0.9999994999999999,,,0.0,0.0,,0.0,,,,0.0,,-0.0,,0.32394553780296287,-0.38019223990441886,-0.38783171813756606,0.0,0.0,0.0,0.0,-0.44407842023902205,0.0,0.0,-0.44407842023902205,False,1345822_YES.csv,1345822_YES
1770962520,2026-02-13 06:02:00,2,153.84615,1.999998,0.012999987324915101,0.999999,,,0.0,0.0,,0.0,,,,0.0,,-0.0,,0.32394553780296287,-0.3752442975902993,-0.38345117086587377,0.0,0.0,0.0,0.0,-0.4347499306532102,0.0,0.0,-0.4347499306532102,False,1345822_YES.csv,1345822_YES
1770962580,2026-02-13 06:03:00,1,216.86357,3.0,0.013833582099502311,3.0,,,0.0,0.0,,0.0,,,,0.0,,-0.0,,-0.7558729215402465,-0.35774990015787267,-0.32328512780500496,0.0,0.0,0.0,0.0,-1.4369079495031243,0.0,0.0,-1.4369079495031243,False,1345822_YES.csv,1345822_YES
1770963180,2026-02-13 06:13:00,1,310.0,4.03,0.012999999999958066,4.03,,,0.0,0.0,,0.0,,,,0.0,,-0.0,,-0.7558729215402465,-0.3404068966702373,-0.2929022917139219,0.0,0.0,0.0,0.0,-1.3891821099244057,0.0,0.0,-1.3891821099244057,False,1345822_YES.csv,1345822_YES
1770963540,2026-02-13 06:19:00,1,1800.89941,24.999999,0.013881951907567093,24.999999,,,0.0,0.0,,0.0,,,,0.0,,-0.0,,-0.7558729215402465,0.009666245844342825,0.3200797923867148,0.0,0.0,0.0,0.0,-0.4261268833091889,0.0,0.0,-0.4261268833091889,False,1345822_YES.csv,1345822_YES
1770964260,2026-02-13 06:31:00,1,950.0,10.0,0.01052631578946252,10.0,,,0.0,0.0,,0.0,,,,0.0,,-0.0,,-0.7558729215402465,-0.24481206152685064,-0.12507409951450768,0.0,0.0,0.0,0.0,-1.1257590825816048,0.0,0.0,-1.1257590825816048,False,1345822_YES.csv,1345822_YES
1770964380,2026-02-13 06:33:00,1,416.666666,5.0,0.0120000000191712,5.0,,,0.0,0.0,,0.0,,,,0.0,,-0.0,,-0.7558729215402465,-0.32491880062442696,-0.26561533478733296,0.0,0.0,0.0,0.0,-1.3464070569520064,0.0,0.0,-1.3464070569520064,False,1345822_YES.csv,1345822_YES
1770964500,2026-02-13 06:35:00,1,156.41,2.0,0.012786906207961147,2.0,,,0.0,0.0,,0.0,,,,0.0,,-0.0,,-0.7558729215402465,-0.37549155255052913,-0.3541478992960697,0.0,0.0,0.0,0.0,-1.4855123733868454,0.0,0.0,-1.4855123733868454,False,1345822_YES.csv,1345822_YES
1770965520,2026-02-13 06:52:00,1,1524.200625,20.0,0.01312163219982069,20.0,,,0.0,0.0,,0.0,,,,0.0,,-0.0,,-0.7558729215402465,-0.07633797533053631,0.1697261877845632,0.0,0.0,0.0,0.0,-0.6624847090862197,0.0,0.0,-0.6624847090862197,False,1345822_YES.csv,1345822_YES
1770965580,2026-02-13 06:53:00,1,963.797646,15.0,0.015563432907559053,15.0,,,0.0,0.0,,0.0,,,,0.0,,-0.0,,-0.7350967435676999,-0.16404251800788636,0.015642029756019915,0.0,0.0,0.0,0.0,-0.8834972318195664,0.0,0.0,-0.8834972318195664,False,1345822_YES.csv,1345822_YES
1770966000,2026-02-13 07:00:00,1,200.0,2.7,0.013499999999932502,2.7,,,0.0,0.0,,0.0,,,,0.0,,-0.0,,-0.7085650648727381,-0.3708848018816345,-0.3483955815289576,0.0,0.0,0.0,0.0,-1.4278454482833303,0.0,0.0,-1.4278454482833303,False,1345822_YES.csv,1345822_YES
1770966180,2026-02-13 07:03:00,1,71.42857,1.0,0.014000000279803998,1.0,,,0.0,0.0,,0.0,,,,0.0,,-0.0,,-0.6823827800460693,-0.3986777133582348,-0.39849734997905023,0.0,0.0,0.0,0.0,-1.4795578433833545,0.0,0.0,-1.4795578433833545,False,1345822_YES.csv,1345822_YES
1770966540,2026-02-13 07:09:00,1,292.495713,4.000000000000001,0.013675414107646448,4.000000000000001,,,0.0,0.0,,0.0,,,,0.0,,-0.0,,-0.6564890987608941,-0.34571545869689124,-0.3099028335281131,0.0,0.0,0.0,0.0,-1.3121073909858985,0.0,0.0,-1.3121073909858985,False,1345822_YES.csv,1345822_YES
1770966840,2026-02-13 07:14:00,1,78.007691,1.0,0.012819248809545967,1.0,,,0.0,0.0,,0.0,,,,0.0,,-0.0,,-0.6564890987608941,-0.3746450030765085,-0.37053503620373024,0.0,0.0,0.0,0.0,-1.401669138041133,0.0,0.0,-1.401669138041133,False,1345822_YES.csv,1345822_YES
1770967020,2026-02-13 07:17:00,1,72.999284,0.999999,0.013698750798518743,0.999999,,,0.0,0.0,,0.0,,,,0.0,,-0.0,,-0.6367079800275153,-0.3454889275467317,-0.34165508204337036,0.0,0.0,0.0,0.0,-1.3238519896176173,0.0,0.0,-1.3238519896176173,False,1345822_YES.csv,1345822_YES
1770967680,2026-02-13 07:28:00,1,179.99,3.5998,0.019999999999888884,3.5998,,,0.0,0.0,,0.0,,,,0.0,,-0.0,,-0.6367079800275153,-0.2992669647576411,-0.2588226727764341,0.0,0.0,0.0,0.0,-1.1947976175615906,0.0,0.0,-1.1947976175615906,False,1345822_YES.csv,1345822_YES
1770967740,2026-02-13 07:29:00,1,456.363635,10.0,0.021912350663036685,10.0,,,0.0,0.0,,0.0,,,,0.0,,-0.0,,-0.6172113413690823,-0.1845537269599337,-0.05503323396876287,0.0,0.0,0.0,0.0,-0.8567983022977789,0.0,0.0,-0.8567983022977789,False,1345822_YES.csv,1345822_YES
1770968160,2026-02-13 07:36:00,1,52.631577,0.999999,0.0189999817026383,0.999999,,,0.0,0.0,,0.0,,,,0.0,,-0.0,,-0.6172113413690823,-0.34733449072420236,-0.34681119036073327,0.0,0.0,0.0,0.0,-1.3113570224540179,0.0,0.0,-1.3113570224540179,False,1345822_YES.csv,1345822_YES
1770968820,2026-02-13 07:47:00,1,10.0,0.13,0.012999999998700001,0.13,,,0.0,0.0,,0.0,,,,0.0,,-0.0,,-0.6172113413690823,-0.3616001883681165,-0.37239104228400816,0.0,0.0,0.0,0.0,-1.351202572021207,0.0,0.0,-1.351202572021207,False,1345822_YES.csv,1345822_YES
1770970380,2026-02-13 08:13:00,2,906.2171410000001,11.166269000000002,0.01232184704392792,5.583134500000001,,,0.0,0.0,,0.0,,,,0.0,,-0.0,,0.5799213719239937,-0.15580033838054652,-0.1943518043846963,0.0,0.0,0.0,0.0,0.22976922915875092,0.0,0.0,0.22976922915875092,False,1345822_YES.csv,1345822_YES
1770971340,2026-02-13 08:29:00,1,500.0,6.5,0.012999999999974001,6.5,,,0.0,0.0,,0.0,,,,0.0,,-0.0,,-0.6199159492980622,-0.2052754246810419,-0.10490303927178177,0.0,0.0,0.0,0.0,-0.9300944132508858,0.0,0.0,-0.9300944132508858,False,1345822_YES.csv,1345822_YES
1770971700,2026-02-13 08:35:00,1,230.769229,2.999999,0.012999995766276966,2.999999,,,0.0,0.0,,0.0,,,,0.0,,-0.0,,-0.599796713529656,-0.27204616438725165,-0.2532451011845579,0.0,0.0,0.0,0.0,-1.1250879791014654,0.0,0.0,-1.1250879791014654,False,1345822_YES.csv,1345822_YES
1770972480,2026-02-13 08:48:00,1,676.0,8.112,0.011999999999982249,8.112,,,0.0,0.0,,0.0,,,,0.0,,-0.0,,-0.5799213719239937,-0.1699880112930705,-0.03609846740265624,0.0,0.0,0.0,0.0,-0.7860078506197204,0.0,0.0,-0.7860078506197204,False,1345822_YES.csv,1345822_YES
1770972540,2026-02-13 08:49:00,1,210.99,2.32089,0.010999999999947864,2.32089,,,0.0,0.0,,0.0,,,,0.0,,-0.0,,-0.5647742288937425,-0.273005836324993,-0.2771720613418707,0.0,0.0,0.0,0.0,-1.1149521265606062,0.0,0.0,-1.1149521265606062,False,1345822_YES.csv,1345822_YES
1770973020,2026-02-13 08:57:00,1,83.333332,1.0,0.012000000191855998,1.0,,,0.0,0.0,,0.0,,,,0.0,,-0.0,,-0.5442285723442164,-0.27494276936182727,-0.30839497305548713,0.0,0.0,0.0,0.0,-1.127566314761531,0.0,0.0,-1.127566314761531,False,1345822_YES.csv,1345822_YES
1770973380,2026-02-13 09:03:00,1,400.0,4.4,0.010999999999972499,4.4,,,0.0,0.0,,0.0,,,,0.0,,-0.0,,-0.5238497920694091,-0.20702527877058358,-0.16217374907712054,0.0,0.0,0.0,0.0,-0.8930488199171133,0.0,0.0,-0.8930488199171133,False,1345822_YES.csv,1345822_YES
1770973620,2026-02-13 09:07:00,1,100.0,1.2,0.011999999999879999,1.2,,,0.0,0.0,,0.0,,,,0.0,,-0.0,,-0.503611207514434,-0.26934219178661994,-0.3000426444062713,0.0,0.0,0.0,0.0,-1.0729960437073254,0.0,0.0,-1.0729960437073254,False,1345822_YES.csv,1345822_YES
1770973680,2026-02-13 09:08:00,2,3979.21,47.75052,0.011999999999996985,23.87526,,,0.0,0.0,,0.0,,,,0.0,,-0.0,,0.8101571599145244,0.6217781466976224,0.656049165863005,0.0,0.0,0.0,0.0,2.087984472475152,0.0,0.0,2.087984472475152,False,1345822_YES.csv,1345822_YES
1770973800,2026-02-13 09:10:00,1,400.0,5.2,0.012999999999967501,5.2,,,0.0,0.0,,0.0,,,,0.0,,-0.0,,-0.48348630237489904,-0.18055590909401187,-0.06534139471014491,0.0,0.0,0.0,0.0,-0.7293836061790557,0.0,0.0,-0.7293836061790557,False,1345822_YES.csv,1345822_YES
1770973920,2026-02-13 09:12:00,2,3347.001537,43.51102,0.013000000005672838,21.75551,,,0.0,0.0,,0.0,,,,0.0,,-0.0,,0.8351127041020983,1.2227461668338344,1.8948197163314477,0.0,0.0,0.0,0.0,3.95267858726738,0.0,0.0,3.95267858726738,False,1345822_YES.csv,1345822_YES
1770974700,2026-02-13 09:25:00,1,100.0,1.3,0.01299999999987,1.3,,,0.0,0.0,,0.0,,,,0.0,,-0.0,,-0.46344853738613695,-0.33909371021353113,-0.559311298599659,0.0,0.0,0.0,0.0,-1.361853546199327,0.0,0.0,-1.361853546199327,False,1345822_YES.csv,1345822_YES
1770975300,2026-02-13 09:35:00,1,100.0,1.3,0.01299999999987,1.3,,,0.0,0.0,,0.0,,,,0.0,,-0.0,,-0.4467930842687433,-0.5968179870174126,-0.6460573944739036,0.0,0.0,0.0,0.0,-1.6896684657600596,0.0,0.0,-1.6896684657600596,False,1345822_YES.csv,1345822_YES
1770975540,2026-02-13 09:39:00,1,76.923075,0.999999,0.0129999873248306,0.999999,,,0.0,0.0,,0.0,,,,0.0,,-0.0,,-0.4467930842687433,-0.6106959992906112,-0.6725402985802875,0.0,0.0,0.0,0.0,-1.730029382139642,0.0,0.0,-1.730029382139642,False,1345822_YES.csv,1345822_YES
1770975840,2026-02-13 09:44:00,1,715.93357,10.0,0.013967776367835392,10.0,,,0.0,0.0,,0.0,,,,0.0,,-0.0,,-0.4467930842687433,0.29711042494494916,0.8179613026038086,0.0,0.0,0.0,0.0,0.6682786432800145,0.0,0.0,0.6682786432800145,False,1345822_YES.csv,1345822_YES
1770976140,2026-02-13 09:49:00,1,1807.63125,27.0,0.014936674722781536,27.0,,,0.0,0.0,,0.0,,,,0.0,,-0.0,,-0.4467930842687433,1.939953339214208,3.2701882100274418,0.0,0.0,0.0,0.0,4.763348464972907,0.0,0.0,4.763348464972907,False,1345822_YES.csv,1345822_YES
1770976320,2026-02-13 09:52:00,1,117.647057,1.9999990000000003,0.0169999917633553,1.9999990000000003,,,0.0,0.0,,0.0,,,,0.0,,-0.0,,-0.4467930842687433,-0.5547196397604212,-0.5486458170641006,0.0,0.0,0.0,0.0,-1.5501585410932652,0.0,0.0,-1.5501585410932652,False,1345822_YES.csv,1345822_YES
1770976500,2026-02-13 09:55:00,1,115.384614,1.5,0.013000000155887334,1.5,,,0.0,0.0,,0.0,,,,0.0,,-0.0,,-0.4467930842687433,-0.6057738544615875,-0.6268902787694098,0.0,0.0,0.0,0.0,-1.6794572174997406,0.0,0.0,-1.6794572174997406,False,1345822_YES.csv,1345822_YES
1770976620,2026-02-13 09:57:00,1,307.692306,4.0,0.01300000007145775,4.0,,,0.0,0.0,,0.0,,,,0.0,,-0.0,,-0.4467930842687433,-0.36385907152161684,-0.255613174618482,0.0,0.0,0.0,0.0,-1.066265330408842,0.0,0.0,-1.066265330408842,False,1345822_YES.csv,1345822_YES
1770976680,2026-02-13 09:58:00,1,615.384615,8.0,0.013000000008103875,8.0,,,0.0,0.0,,0.0,,,,0.0,,-0.0,,-0.42045097956507216,0.04305859385429235,0.3489760765321687,0.0,0.0,0.0,0.0,-0.0284163091786111,0.0,0.0,-0.0284163091786111,False,1345822_YES.csv,1345822_YES
1770977100,2026-02-13 10:05:00,1,1108.720554,15.999999,0.014431047518927384,15.999999,,,0.0,0.0,,0.0,,,,0.0,,-0.0,,-0.42045097956507216,0.8190759546809189,1.5167810216122575,0.0,0.0,0.0,0.0,1.9154059967281043,0.0,0.0,1.9154059967281043,False,1345822_YES.csv,1345822_YES
1770977460,2026-02-13 10:11:00,1,58.823529,1.0,0.017000000118711,1.0,,,0.0,0.0,,0.0,,,,0.0,,-0.0,,-0.42045097956507216,-0.6830642557013222,-0.7539749915875811,0.0,0.0,0.0,0.0,-1.8574902268539755,0.0,0.0,-1.8574902268539755,False,1345822_YES.csv,1345822_YES
1770977640,2026-02-13 10:14:00,10,40000.0,600.0,0.014999999999999626,60.0,,,0.0,0.0,,0.0,,,,0.0,,-0.0,,6.659274356816185,7.552711014371078,5.5306717677090695,0.0,0.0,0.0,0.0,19.742657138896334,0.0,0.0,19.742657138896334,True,1345822_YES.csv,1345822_YES
1770977700,2026-02-13 10:15:00,1,242.342776,3.999999,0.016505542545998893,3.999999,,,0.0,0.0,,0.0,,,,0.0,,-0.0,,-0.2971554536973593,-0.17522193574908382,-0.2977521088174473,0.0,0.0,0.0,0.0,-0.7701294982638904,0.0,0.0,-0.7701294982638904,False,1345822_YES.csv,1345822_YES
1770978120,2026-02-13 10:22:00,1,1807.63,22.47565,0.012433766865999922,22.47565,,,0.0,0.0,,0.0,,,,0.0,,-0.0,,-0.2971554536973593,0.0616604516507644,1.5711416775396652,0.0,0.0,0.0,0.0,1.3356466754930703,0.0,0.0,1.3356466754930703,False,1345822_YES.csv,1345822_YES
1770978660,2026-02-13 10:31:00,1,1116.666665,19.999999,0.01791044689238756,19.999999,,,0.0,0.0,,0.0,,,,0.0,,-0.0,,-0.2971554536973593,0.0252875551504872,1.2723817688241055,0.0,0.0,0.0,0.0,1.0005138702772334,0.0,0.0,1.0005138702772334,False,1345822_YES.csv,1345822_YES
1770978720,2026-02-13 10:32:00,1,111.111111,2.0,0.018000000017837997,2.0,,,0.0,0.0,,0.0,,,,0.0,,-0.0,,-0.2845982123987558,-0.20446021369314116,-0.5312001667081566,0.0,0.0,0.0,0.0,-1.0202585928000536,0.0,0.0,-1.0202585928000536,False,1345822_YES.csv,1345822_YES
1770978840,2026-02-13 10:34:00,2,222.222222,4.0,0.018000000017918998,2.0,,,0.0,0.0,,0.0,,,,0.0,,-0.0,,0.47803268638270846,-0.17919676398452372,-0.5334329427177931,0.0,0.0,0.0,0.0,-0.23459702031960833,0.0,0.0,-0.23459702031960833,False,1345822_YES.csv,1345822_YES
1770978900,2026-02-13 10:35:00,2,231.32842,4.0,0.01729143353844158,2.0,,,0.0,0.0,,0.0,,,,0.0,,-0.0,,0.4646005365220595,-0.17878469817979079,-0.5257993160558787,0.0,0.0,0.0,0.0,-0.23998347771360995,0.0,0.0,-0.23998347771360995,False,1345822_YES.csv,1345822_YES
1770979080,2026-02-13 10:38:00,1,443.75,7.0,0.015774647887288353,7.0,,,0.0,0.0,,0.0,,,,0.0,,-0.0,,-0.3097336910147062,-0.14039915982103038,-0.026586838370084808,0.0,0.0,0.0,0.0,-0.4767196892058214,0.0,0.0,-0.4767196892058214,False,1345822_YES.csv,1345822_YES
1770979140,2026-02-13 10:39:00,1,557.565788,9.0,0.016141592962988352,9.0,,,0.0,0.0,,0.0,,,,0.0,,-0.0,,-0.3097336910147062,-0.11611056190311682,0.1626588926560084,0.0,0.0,0.0,0.0,-0.2631853602618146,0.0,0.0,-0.2631853602618146,False,1345822_YES.csv,1345822_YES
1770979320,2026-02-13 10:42:00,1,58.823528,1.0,0.017000000407711,1.0,,,0.0,0.0,,0.0,,,,0.0,,-0.0,,-0.27716947282604315,-0.2186425739502331,-0.644331765524945,0.0,0.0,0.0,0.0,-1.140143812301221,0.0,0.0,-1.140143812301221,False,1345822_YES.csv,1345822_YES
1770979800,2026-02-13 10:50:00,11,40000.0,600.0,0.014999999999999626,54.54545454545455,,,0.0,0.0,,0.0,,,,0.0,,-0.0,,5.484827557301446,5.316583327286299,3.987843985837194,0.0,0.0,0.0,0.0,14.78925487042494,0.0,0.0,14.78925487042494,True,1345822_YES.csv,1345822_YES
1770979860,2026-02-13 10:51:00,2,769.21,9.99973,0.012999999999983098,4.999865,,,0.0,0.0,,0.0,,,,0.0,,-0.0,,0.2886751345948129,-0.16696039083876033,-0.2866986655032272,0.0,0.0,0.0,0.0,-0.1649839217471746,0.0,0.0,-0.1649839217471746,False,1345822_YES.csv,1345822_YES
1770980040,2026-02-13 10:54:00,1,684.034665,9.999999,0.014619140683440827,9.999999,,,0.0,0.0,,0.0,,,,0.0,,-0.0,,-0.2790657691073193,-0.1637493753364361,0.15340067626515982,0.0,0.0,0.0,0.0,-0.2894144681785955,0.0,0.0,-0.2894144681785955,False,1345822_YES.csv,1345822_YES
1770980400,2026-02-13 11:00:00,1,66.666665,0.999999,0.014999985374774599,0.999999,,,0.0,0.0,,0.0,,,,0.0,,-0.0,,-0.2790657691073193,-0.2474271948124787,-0.627203761862713,0.0,0.0,0.0,0.0,-1.153696725782511,0.0,0.0,-1.153696725782511,False,1345822_YES.csv,1345822_YES
1770981300,2026-02-13 11:15:00,1,71.42857,1.0,0.014000000279803998,1.0,,,0.0,0.0,,0.0,,,,0.0,,-0.0,,-0.2790657691073193,-0.24677215771230912,-0.6197836569156742,0.0,0.0,0.0,0.0,-1.1456215837353025,0.0,0.0,-1.1456215837353025,False,1345822_YES.csv,1345822_YES
1770981480,2026-02-13 11:18:00,1,290.0,4.0600000000000005,0.013999999999951726,4.0600000000000005,,,0.0,0.0,,0.0,,,,0.0,,-0.0,,-0.2790657691073193,-0.21808657559655237,-0.35270686282538405,0.0,0.0,0.0,0.0,-0.8498592075292557,0.0,0.0,-0.8498592075292557,False,1345822_YES.csv,1345822_YES
1770982080,2026-02-13 11:28:00,1,142.857141,1.9999990000000003,0.0139999931819019,1.9999990000000003,,,0.0,0.0,,0.0,,,,0.0,,-0.0,,-0.2694808800963495,-0.234742086199796,-0.5198307683447416,0.0,0.0,0.0,0.0,-1.0240537346408871,0.0,0.0,-1.0240537346408871,False,1345822_YES.csv,1345822_YES
1770982500,2026-02-13 11:35:00,1,2725.2,39.78835,0.014600157786579044,39.78835,,,0.0,0.0,,0.0,,,,0.0,,-0.0,,-0.2694808800963495,0.11025250792788263,2.536917969846994,0.0,0.0,0.0,0.0,2.3776895976785273,0.0,0.0,2.3776895976785273,False,1345822_YES.csv,1345822_YES
1770982920,2026-02-13 11:42:00,1,1500.0,25.500000000000004,0.01699999999998867,25.500000000000004,,,0.0,0.0,,0.0,,,,0.0,,-0.0,,-0.25991777913101083,-0.024243474960992106,1.3265021326369901,0.0,0.0,0.0,0.0,1.0423408785449872,0.0,0.0,1.0423408785449872,False,1345822_YES.csv,1345822_YES
1770983160,2026-02-13 11:46:00,1,55.555554,0.999999,0.017999982503675502,0.999999,,,0.0,0.0,,0.0,,,,0.0,,-0.0,,-0.2503737932342134,-0.25173276538165507,-0.6409187127438506,0.0,0.0,0.0,0.0,-1.1430252713597189,0.0,0.0,-1.1430252713597189,False,1345822_YES.csv,1345822_YES
1770983520,2026-02-13 11:52:00,1,135.294116,2.299999,0.016999992815526346,2.299999,,,0.0,0.0,,0.0,,,,0.0,,-0.0,,-0.24084626113737792,-0.23970282686232203,-0.5388272600988251,0.0,0.0,0.0,0.0,-1.019376348098525,0.0,0.0,-1.019376348098525,False,1345822_YES.csv,1345822_YES
1770983580,2026-02-13 11:53:00,1,70.0,1.1900000000000002,0.016999999999757143,1.1900000000000002,,,0.0,0.0,,0.0,,,,0.0,,-0.0,,-0.24084626113737792,-0.24971916251412804,-0.6247783704675753,0.0,0.0,0.0,0.0,-1.1153437941190814,0.0,0.0,-1.1153437941190814,False,1345822_YES.csv,1345822_YES
1770984540,2026-02-13 12:09:00,1,20.0,0.3,0.014999999999249999,0.3,,,0.0,0.0,,0.0,,,,0.0,,-0.0,,-0.24084626113737792,-0.25737431046902326,-0.6893338958518567,0.0,0.0,0.0,0.0,-1.1875544674582579,0.0,0.0,-1.1875544674582579,False,1345822_YES.csv,1345822_YES
1770984840,2026-02-13 12:14:00,1,1000.0,16.0,0.015999999999984,16.0,,,0.0,0.0,,0.0,,,,0.0,,-0.0,,-0.24084626113737792,-0.11012035365687653,0.5862851413138404,0.0,0.0,0.0,0.0,0.2353185265195859,0.0,0.0,0.2353185265195859,False,1345822_YES.csv,1345822_YES
1770985320,2026-02-13 12:22:00,1,97.5,1.56,0.0159999999998359,1.56,,,0.0,0.0,,0.0,,,,0.0,,-0.0,,-0.24084626113737792,-0.2428792219015769,-0.570195935702664,0.0,0.0,0.0,0.0,-1.0539214187416188,0.0,0.0,-1.0539214187416188,False,1345822_YES.csv,1345822_YES
1770985680,2026-02-13 12:28:00,1,218.66,3.49856,0.015999999999926826,3.49856,,,0.0,0.0,,0.0,,,,0.0,,-0.0,,-0.24084626113737792,-0.22463311175435172,-0.4113094686463903,0.0,0.0,0.0,0.0,-0.87678884153812,0.0,0.0,-0.87678884153812,False,1345822_YES.csv,1345822_YES
1770985860,2026-02-13 12:31:00,1,58.823528,1.0,0.017000000407711,1.0,,,0.0,0.0,,0.0,,,,0.0,,-0.0,,-0.24084626113737792,-0.24767020549592525,-0.6111369820339612,0.0,0.0,0.0,0.0,-1.0996534486672642,0.0,0.0,-1.0996534486672642,False,1345822_YES.csv,1345822_YES
1770986460,2026-02-13 12:41:00,2,366.513528,5.92304,0.016160494899887676,2.96152,,,0.0,0.0,,0.0,,,,0.0,,-0.0,,0.3274118834601251,-0.1997186989047847,-0.4325323914929177,0.0,0.0,0.0,0.0,-0.30483920693757727,0.0,0.0,-0.30483920693757727,False,1345822_YES.csv,1345822_YES
1770986520,2026-02-13 12:42:00,1,117.647057,1.9999990000000003,0.0169999917633553,1.9999990000000003,,,0.0,0.0,,0.0,,,,0.0,,-0.0,,-0.2503737932342134,-0.23404035444007174,-0.4931711606707801,0.0,0.0,0.0,0.0,-0.9775853083450652,0.0,0.0,-0.9775853083450652,False,1345822_YES.csv,1345822_YES
1770986580,2026-02-13 12:43:00,2,2463.2,39.411199999999994,0.015999999999993502,19.705599999999997,,,0.0,0.0,,0.0,,,,0.0,,-0.0,,0.31767728560456887,0.10747366793101364,0.9153946976657266,0.0,0.0,0.0,0.0,1.340545651201309,0.0,0.0,1.340545651201309,False,1345822_YES.csv,1345822_YES
1770986940,2026-02-13 12:49:00,3,180.92307499999998,2.143999,0.011850334734738194,0.7146663333333333,,,0.0,0.0,,0.0,,,,0.0,,-0.0,,0.8707828193301559,-0.2386519288799728,-0.6164561791281584,0.0,0.0,0.0,0.0,0.015674711322024693,0.0,0.0,0.015674711322024693,False,1345822_YES.csv,1345822_YES
1770987120,2026-02-13 12:52:00,2,166.666664,2.0,0.012000000191928,1.0,,,0.0,0.0,,0.0,,,,0.0,,-0.0,,0.2870578942249656,-0.23966185711623134,-0.5882704286199844,0.0,0.0,0.0,0.0,-0.5408743915112502,0.0,0.0,-0.5408743915112502,False,1345822_YES.csv,1345822_YES
1770987180,2026-02-13 12:53:00,2,385.29999999999995,4.16208,0.010802180119359454,2.08104,,,0.0,0.0,,0.0,,,,0.0,,-0.0,,0.2775022171491706,-0.22010748912253172,-0.5030852872846068,0.0,0.0,0.0,0.0,-0.44569055925796786,0.0,0.0,-0.44569055925796786,False,1345822_YES.csv,1345822_YES
1770987240,2026-02-13 12:54:00,2,254.0,3.048,0.011999999999952757,1.524,,,0.0,0.0,,0.0,,,,0.0,,-0.0,,0.26797060734045125,-0.23078474027317813,-0.5488994352416141,0.0,0.0,0.0,0.0,-0.511713568174341,0.0,0.0,-0.511713568174341,False,1345822_YES.csv,1345822_YES
1770987300,2026-02-13 12:55:00,3,2113.95,26.77615,0.012666406490213734,8.925383333333334,,,0.0,0.0,,0.0,,,,0.0,,-0.0,,0.8189437586746272,-0.01408073142028726,0.04064761607406481,0.0,0.0,0.0,0.0,0.8455106433284048,0.0,0.0,0.8455106433284048,False,1345822_YES.csv,1345822_YES
1770987360,2026-02-13 12:56:00,1,384.615383,5.0,0.0130000000545662,5.0,,,0.0,0.0,,0.0,,,,0.0,,-0.0,,-0.32376846273182935,-0.21553612681595574,-0.26932779301689136,0.0,0.0,0.0,0.0,-0.8086323825646764,0.0,0.0,-0.8086323825646764,False,1345822_YES.csv,1345822_YES
1770987960,2026-02-13 13:06:00,2,765.748125,11.21,0.014639278418063827,5.605,,,0.0,0.0,,0.0,,,,0.0,,-0.0,,0.23816389894913112,-0.15949804197446896,-0.22729811979913453,0.0,0.0,0.0,0.0,-0.14863226282447237,0.0,0.0,-0.14863226282447237,False,1345822_YES.csv,1345822_YES
1770988140,2026-02-13 13:09:00,2,666.99,8.156880000000001,0.012229388746439635,4.0784400000000005,,,0.0,0.0,,0.0,,,,0.0,,-0.0,,0.2287534910011928,-0.18915804604975991,-0.35708724260477126,0.0,0.0,0.0,0.0,-0.31749179765333835,0.0,0.0,-0.31749179765333835,False,1345822_YES.csv,1345822_YES
1770988200,2026-02-13 13:10:00,1,969.68,10.666479999999998,0.010999999999988654,10.666479999999998,,,0.0,0.0,,0.0,,,,0.0,,-0.0,,-0.3334294585287835,-0.16575789824288478,0.17042823049198963,0.0,0.0,0.0,0.0,-0.3287591262796786,0.0,0.0,-0.3287591262796786,False,1345822_YES.csv,1345822_YES
1770988320,2026-02-13 13:12:00,1,152.307692,1.98,0.013000000026177247,1.98,,,0.0,0.0,,0.0,,,,0.0,,-0.0,,-0.3334294585287835,-0.24573708849924397,-0.5270320029769506,0.0,0.0,0.0,0.0,-1.106198550004978,0.0,0.0,-1.106198550004978,False,1345822_YES.csv,1345822_YES
1770988740,2026-02-13 13:19:00,1,10.0,0.12,0.0119999999988,0.12,,,0.0,0.0,,0.0,,,,0.0,,-0.0,,-0.3334294585287835,-0.26254259725731294,-0.6722342242336831,0.0,0.0,0.0,0.0,-1.2682062800197795,0.0,0.0,-1.2682062800197795,False,1345822_YES.csv,1345822_YES
1770988800,2026-02-13 13:20:00,2,899.69,11.79497,0.01311003790192943,5.897485,,,0.0,0.0,,0.0,,,,0.0,,-0.0,,0.2287534910011928,-0.15466890219674248,-0.20251122572062735,0.0,0.0,0.0,0.0,-0.12842663691617703,0.0,0.0,-0.12842663691617703,False,1345822_YES.csv,1345822_YES
1770989040,2026-02-13 13:24:00,1,1694.63,23.72482,0.013999999999991738,23.72482,,,0.0,0.0,,0.0,,,,0.0,,-0.0,,-0.3431302365017893,-0.04716813438920116,1.1956825787932472,0.0,0.0,0.0,0.0,0.8053842079022568,0.0,0.0,0.8053842079022568,False,1345822_YES.csv,1345822_YES
1770989100,2026-02-13 13:25:00,1,1268.03,19.93848,0.0157239812938055,19.93848,,,0.0,0.0,,0.0,,,,0.0,,-0.0,,-0.3431302365017893,-0.08534132442706363,0.8651445224518285,0.0,0.0,0.0,0.0,0.4366729615229755,0.0,0.0,0.4366729615229755,False,1345822_YES.csv,1345822_YES
1770989160,2026-02-13 13:26:00,3,1452.324,36.0,0.02478785725497562,12.0,,,0.0,0.0,,0.0,,,,0.0,,-0.0,,0.778273905757508,0.059160088498891886,0.22285575679059408,0.0,0.0,0.0,0.0,1.060289751046994,0.0,0.0,1.060289751046994,False,1345822_YES.csv,1345822_YES
1770989280,2026-02-13 13:28:00,2,30.44,0.73056,0.023999999999211565,0.36528,,,0.0,0.0,,0.0,,,,0.0,,-0.0,,0.19946943111640864,-0.26891195793824835,-0.7030256668708398,0.0,0.0,0.0,0.0,-0.7724681936926795,0.0,0.0,-0.7724681936926795,False,1345822_YES.csv,1345822_YES
1770989400,2026-02-13 13:30:00,2,200.0,4.9,0.0244999999998775,2.45,,,0.0,0.0,,0.0,,,,0.0,,-0.0,,0.19946943111640864,-0.22343379019582588,-0.5134459370045739,0.0,0.0,0.0,0.0,-0.537410296083991,0.0,0.0,-0.537410296083991,False,1345822_YES.csv,1345822_YES
1770989520,2026-02-13 13:32:00,1,412.32,6.40821,0.015541836437680508,6.40821,,,0.0,0.0,,0.0,,,,0.0,,-0.0,,-0.37044322921618733,-0.20960004969477042,-0.1967742911962362,0.0,0.0,0.0,0.0,-0.776817570107194,0.0,0.0,-0.776817570107194,False,1345822_YES.csv,1345822_YES
1770989580,2026-02-13 13:33:00,1,200.0,4.868,0.024339999999878303,4.868,,,0.0,0.0,,0.0,,,,0.0,,-0.0,,-0.36066351730225976,-0.21788195547655495,-0.30063342657526365,0.0,0.0,0.0,0.0,-0.8791788993540783,0.0,0.0,-0.8791788993540783,False,1345822_YES.csv,1345822_YES
1770989700,2026-02-13 13:35:00,1,100.0,2.4,0.023999999999759998,2.4,,,0.0,0.0,,0.0,,,,0.0,,-0.0,,-0.36066351730225976,-0.24101571157953752,-0.5028402157607722,0.0,0.0,0.0,0.0,-1.1045194446425695,0.0,0.0,-1.1045194446425695,False,1345822_YES.csv,1345822_YES
1770990060,2026-02-13 13:41:00,1,452.795833,10.0,0.02208500889622342,10.0,,,0.0,0.0,,0.0,,,,0.0,,-0.0,,-0.36066351730225976,-0.17172934335081094,0.10301115976563861,0.0,0.0,0.0,0.0,-0.42938170088743205,0.0,0.0,-0.42938170088743205,False,1345822_YES.csv,1345822_YES
1770990120,2026-02-13 13:42:00,1,217.391304,5.0,0.023000000036694203,5.0,,,0.0,0.0,,0.0,,,,0.0,,-0.0,,-0.36066351730225976,-0.21889894233181023,-0.31055903831770026,0.0,0.0,0.0,0.0,-0.8901214979517703,0.0,0.0,-0.8901214979517703,False,1345822_YES.csv,1345822_YES
1770990180,2026-02-13 13:43:00,1,218.369565,5.0,0.022896963686203645,5.0,,,0.0,0.0,,0.0,,,,0.0,,-0.0,,-0.36066351730225976,-0.2180899743734469,-0.3035362363743044,0.0,0.0,0.0,0.0,-0.882289728050011,0.0,0.0,-0.882289728050011,False,1345822_YES.csv,1345822_YES
1770990240,2026-02-13 13:44:00,1,174.891304,4.0,0.022871348709122327,4.0,,,0.0,0.0,,0.0,,,,0.0,,-0.0,,-0.36066351730225976,-0.22373077049175938,-0.3604564014388892,0.0,0.0,0.0,0.0,-0.9448506892329083,0.0,0.0,-0.9448506892329083,False,1345822_YES.csv,1345822_YES
1770990300,2026-02-13 13:45:00,1,125.0,2.75,0.021999999999824,2.75,,,0.0,0.0,,0.0,,,,0.0,,-0.0,,-0.36066351730225976,-0.23547776940562526,-0.46566479533423843,0.0,0.0,0.0,0.0,-1.0618060820421236,0.0,0.0,-1.0618060820421236,False,1345822_YES.csv,1345822_YES
1770990360,2026-02-13 13:46:00,3,616.31,9.42545,0.01529335886158702,3.1418166666666667,,,0.0,0.0,,0.0,,,,0.0,,-0.0,,0.756386946027767,-0.1746734999195668,-0.4358555571765717,0.0,0.0,0.0,0.0,0.1458578889316285,0.0,0.0,0.1458578889316285,False,1345822_YES.csv,1345822_YES
1770990480,2026-02-13 13:48:00,2,424.25,7.75975,0.01829051266937345,3.879875,,,0.0,0.0,,0.0,,,,0.0,,-0.0,,0.17981362195460823,-0.1907742434881314,-0.3741995252319965,0.0,0.0,0.0,0.0,-0.3851601467655197,0.0,0.0,-0.3851601467655197,False,1345822_YES.csv,1345822_YES
1770990540,2026-02-13 13:49:00,1,441.3375,8.0,0.018126717081557428,8.0,,,0.0,0.0,,0.0,,,,0.0,,-0.0,,-0.38801886842836514,-0.18853916264952958,-0.031094945131265088,0.0,0.0,0.0,0.0,-0.6076529762091598,0.0,0.0,-0.6076529762091598,False,1345822_YES.csv,1345822_YES
1770990840,2026-02-13 13:54:00,1,271.4,5.1,0.018791451731691965,5.1,,,0.0,0.0,,0.0,,,,0.0,,-0.0,,-0.38801886842836514,-0.21376797923930693,-0.25821612933761107,0.0,0.0,0.0,0.0,-0.8600029770052832,0.0,0.0,-0.8600029770052832,False,1345822_YES.csv,1345822_YES
1770990960,2026-02-13 13:56:00,1,138.082172,2.9999990000000003,0.021726186346331958,2.9999990000000003,,,0.0,0.0,,0.0,,,,0.0,,-0.0,,-0.38801886842836514,-0.23362699014851,-0.43703051342229576,0.0,0.0,0.0,0.0,-1.058676371999171,0.0,0.0,-1.058676371999171,False,1345822_YES.csv,1345822_YES
1770991140,2026-02-13 13:59:00,1,133.0,2.128,0.0159999999998797,2.128,,,0.0,0.0,,0.0,,,,0.0,,-0.0,,-0.3854904826831344,-0.20816963720000842,-0.520616199590035,0.0,0.0,0.0,0.0,-1.114276319473178,0.0,0.0,-1.114276319473178,False,1345822_YES.csv,1345822_YES
1770991320,2026-02-13 14:02:00,2,761.842043,13.799997999999999,0.018113988492470028,6.899998999999999,,,0.0,0.0,,0.0,,,,0.0,,-0.0,,0.32537766475756097,-0.05868678326388085,-0.041511790561191794,0.0,0.0,0.0,0.0,0.22517909093248833,0.0,0.0,0.22517909093248833,False,1345822_YES.csv,1345822_YES
1770991560,2026-02-13 14:06:00,1,543.166428,7.42,0.01366063809817475,7.42,,,0.0,0.0,,0.0,,,,0.0,,-0.0,,-0.3976838124814635,-0.1383052741042943,0.03753424262764018,0.0,0.0,0.0,0.0,-0.4984548439581177,0.0,0.0,-0.4984548439581177,False,1345822_YES.csv,1345822_YES
1770991620,2026-02-13 14:07:00,2,381.0,3.991,0.010475065616770406,1.9955,,,0.0,0.0,,0.0,,,,0.0,,-0.0,,0.3134887276089319,-0.17933847430204605,-0.5004639151546043,0.0,0.0,0.0,0.0,-0.3663136618477184,0.0,0.0,-0.3663136618477184,False,1345822_YES.csv,1345822_YES
1770991680,2026-02-13 14:08:00,2,1201.0,15.013000000000002,0.012500416319723148,7.506500000000001,,,0.0,0.0,,0.0,,,,0.0,,-0.0,,0.3016322075813232,-0.03901406697892538,0.06917413310801188,0.0,0.0,0.0,0.0,0.33179227371040965,0.0,0.0,0.33179227371040965,False,1345822_YES.csv,1345822_YES
1770991800,2026-02-13 14:10:00,3,340.47,3.4047,0.009999999999970628,1.1349,,,0.0,0.0,,0.0,,,,0.0,,-0.0,,1.005404973550042,-0.18970318768096972,-0.5997870080038559,0.0,0.0,0.0,0.0,0.2159147778652165,0.0,0.0,0.2159147778652165,False,1345822_YES.csv,1345822_YES
1770991920,2026-02-13 14:12:00,4,1138.73,11.3873,0.009999999999991217,2.846825,,,0.0,0.0,,0.0,,,,0.0,,-0.0,,1.6599428945576757,-0.08760938587392171,-0.42143954495416025,0.0,0.0,0.0,0.0,1.1508939637295938,0.0,0.0,1.1508939637295938,False,1345822_YES.csv,1345822_YES
1770992340,2026-02-13 14:19:00,2,163.69,1.80059,0.0109999999999328,0.900295,,,0.0,0.0,,0.0,,,,0.0,,-0.0,,0.24577499656065913,-0.21102140077386605,-0.6136924812614649,0.0,0.0,0.0,0.0,-0.5789388854746719,0.0,0.0,-0.5789388854746719,False,1345822_YES.csv,1345822_YES
1770992580,2026-02-13 14:23:00,1,146.55,1.4655000000000002,0.009999999999931765,1.4655000000000002,,,0.0,0.0,,0.0,,,,0.0,,-0.0,,-0.45643927932693823,-0.21368482439575257,-0.5400918304160632,0.0,0.0,0.0,0.0,-1.2102159341387542,0.0,0.0,-1.2102159341387542,False,1345822_YES.csv,1345822_YES
1770992640,2026-02-13 14:24:00,1,1333.333332,16.0,0.012000000011991,16.0,,,0.0,0.0,,0.0,,,,0.0,,-0.0,,-0.45643927932693823,-0.028155341126585163,0.9513986042600786,0.0,0.0,0.0,0.0,0.4668039838065552,0.0,0.0,0.4668039838065552,False,1345822_YES.csv,1345822_YES
1770992760,2026-02-13 14:26:00,1,300.0,3.6,0.011999999999960001,3.6,,,0.0,0.0,,0.0,,,,0.0,,-0.0,,-0.6669736607128,-0.49411145927305555,-0.3329019093623564,0.0,0.0,0.0,0.0,-1.4939870293482118,0.0,0.0,-1.4939870293482118,False,1345822_YES.csv,1345822_YES
1770992940,2026-02-13 14:29:00,1,1513.364284,19.999999,0.013215588085060669,19.999999,,,0.0,0.0,,0.0,,,,0.0,,-0.0,,-0.6444948124061126,1.2237947624747298,1.8309897567819906,0.0,0.0,0.0,0.0,2.410289706850608,0.0,0.0,2.410289706850608,False,1345822_YES.csv,1345822_YES
1770993060,2026-02-13 14:31:00,1,1141.16,11.411600000000002,0.009999999999991238,11.411600000000002,,,0.0,0.0,,0.0,,,,0.0,,-0.0,,-0.6444948124061126,0.31556262604697,0.6809981580525787,0.0,0.0,0.0,0.0,0.35206597169343606,0.0,0.0,0.35206597169343606,False,1345822_YES.csv,1345822_YES
1770993360,2026-02-13 14:36:00,3,700.0,8.313,0.01187571428569732,2.7710000000000004,,,0.0,0.0,,0.0,,,,0.0,,-0.0,,2.0056737702645635,-0.02392280522896501,-0.47442311396192316,0.0,0.0,0.0,0.0,1.5073278510736752,0.0,0.0,1.5073278510736752,False,1345822_YES.csv,1345822_YES
1770993480,2026-02-13 14:38:00,1,500.0,6.5,0.012999999999974001,6.5,,,0.0,0.0,,0.0,,,,0.0,,-0.0,,-0.6685579234215212,-0.2268417529706423,0.011028588087888345,0.0,0.0,0.0,0.0,-0.8843710883042751,0.0,0.0,-0.8843710883042751,False,1345822_YES.csv,1345822_YES
1770993600,2026-02-13 14:40:00,3,501.797333,7.125,0.014198959483082384,2.375,,,0.0,0.0,,0.0,,,,0.0,,-0.0,,1.9060637136274123,-0.16603451673024178,-0.5372245216875156,0.0,0.0,0.0,0.0,1.202804675209655,0.0,0.0,1.202804675209655,False,1345822_YES.csv,1345822_YES
1770993660,2026-02-13 14:41:00,5,829.489375,12.50614,0.015076914035197756,2.5012280000000002,,,0.0,0.0,,0.0,,,,0.0,,-0.0,,3.8339454783596594,0.39047593501799915,-0.5217799844995318,0.0,0.0,0.0,0.0,3.702641428878127,0.0,0.0,3.702641428878127,False,1345822_YES.csv,1345822_YES
1770993720,2026-02-13 14:42:00,1,102.0,1.632,0.015999999999843136,1.632,,,0.0,0.0,,0.0,,,,0.0,,-0.0,,-0.6765786138281753,-0.7786121853652407,-0.680347691897591,0.0,0.0,0.0,0.0,-2.135538491091007,0.0,0.0,-2.135538491091007,False,1345822_YES.csv,1345822_YES
1770993840,2026-02-13 14:44:00,1,150.0,1.8,0.011999999999920002,1.8,,,0.0,0.0,,0.0,,,,0.0,,-0.0,,-0.6765786138281753,-0.7356802477777704,-0.6474298499113873,0.0,0.0,0.0,0.0,-2.059688711517333,0.0,0.0,-2.059688711517333,False,1345822_YES.csv,1345822_YES
1770993900,2026-02-13 14:45:00,1,200.0,2.65,0.01324999999993375,2.65,,,0.0,0.0,,0.0,,,,0.0,,-0.0,,-0.6765786138281753,-0.6368603005472873,-0.4997836871514768,0.0,0.0,0.0,0.0,-1.8132226015269395,0.0,0.0,-1.8132226015269395,False,1345822_YES.csv,1345822_YES
1770993960,2026-02-13 14:46:00,1,102.133332,1.5,0.0146866842646954,1.5,,,0.0,0.0,,0.0,,,,0.0,,-0.0,,-0.6765786138281753,-0.7750490767206369,-0.7056653513314671,0.0,0.0,0.0,0.0,-2.1572930418802794,0.0,0.0,-2.1572930418802794,False,1345822_YES.csv,1345822_YES
1770994020,2026-02-13 14:47:00,7,3203.5764670000003,51.607898,0.016109463448616277,7.372556857142857,,,0.0,0.0,,0.0,,,,0.0,,-0.0,,4.713380076190265,4.338269626626554,0.34469940806694604,0.0,0.0,0.0,0.0,9.396349110883763,0.0,0.0,9.396349110883763,False,1345822_YES.csv,1345822_YES
1770994080,2026-02-13 14:48:00,1,1297.85,22.06345,0.016999999999986904,22.06345,,,0.0,0.0,,0.0,,,,0.0,,-0.0,,-0.6225218968553179,1.3044998872569769,2.777873902636948,0.0,0.0,0.0,0.0,3.459851893038607,0.0,0.0,3.459851893038607,False,1345822_YES.csv,1345822_YES
1770994140,2026-02-13 14:49:00,1,238.0,5.95,0.02499999999989496,5.95,,,0.0,0.0,,0.0,,,,0.0,,-0.0,,-0.6225218968553179,-0.2941084334567194,0.0475958379198279,0.0,0.0,0.0,0.0,-0.8690344923922094,0.0,0.0,-0.8690344923922094,False,1345822_YES.csv,1345822_YES
1770994200,2026-02-13 14:50:00,2,316.463529,4.1200399999999995,0.013019004158254768,2.0600199999999997,,,0.0,0.0,,0.0,,,,0.0,,-0.0,,0.2526797885932783,-0.48365966380856623,-0.6389397963493515,0.0,0.0,0.0,0.0,-0.8699196715646395,0.0,0.0,-0.8699196715646395,False,1345822_YES.csv,1345822_YES
1770994260,2026-02-13 14:51:00,1,626.875,10.0,0.015952143569266653,10.0,,,0.0,0.0,,0.0,,,,0.0,,-0.0,,-0.639131229971233,0.09838169641593066,0.7378557383850052,0.0,0.0,0.0,0.0,0.19710620482970287,0.0,0.0,0.19710620482970287,False,1345822_YES.csv,1345822_YES
1770994380,2026-02-13 14:53:00,1,500.0,6.5,0.012999999999974001,6.5,,,0.0,0.0,,0.0,,,,0.0,,-0.0,,-0.639131229971233,-0.2659252541170567,0.10809757657277902,0.0,0.0,0.0,0.0,-0.7969589075155106,0.0,0.0,-0.7969589075155106,False,1345822_YES.csv,1345822_YES
1770994440,2026-02-13 14:54:00,1,201.5,4.0,0.019851116625211586,4.0,,,0.0,0.0,,0.0,,,,0.0,,-0.0,,-0.6225218968553179,-0.5158796155908668,-0.33686613871701077,0.0,0.0,0.0,0.0,-1.4752676511631955,0.0,0.0,-1.4752676511631955,False,1345822_YES.csv,1345822_YES
1770994560,2026-02-13 14:56:00,1,158.421051,3.009999,0.01899999388326867,3.009999,,,0.0,0.0,,0.0,,,,0.0,,-0.0,,-0.6225218968553179,-0.6187211720647158,-0.5158352567324023,0.0,0.0,0.0,0.0,-1.7570783256524358,0.0,0.0,-1.7570783256524358,False,1345822_YES.csv,1345822_YES
1770994680,2026-02-13 14:58:00,1,41.66,0.49992,0.011999999999711955,0.49992,,,0.0,0.0,,0.0,,,,0.0,,-0.0,,-0.6061446003883734,-0.8771826650853307,-0.9467260070641155,0.0,0.0,0.0,0.0,-2.4300532725378194,0.0,0.0,-2.4300532725378194,False,1345822_YES.csv,1345822_YES
1770994800,2026-02-13 15:00:00,1,147.058822,4.999999,0.033999993553368704,4.999999,,,0.0,0.0,,0.0,,,,0.0,,-0.0,,-0.5817722297936977,-0.3873033223174003,-0.1258181472196966,0.0,0.0,0.0,0.0,-1.0948936993307945,0.0,0.0,-1.0948936993307945,False,1345822_YES.csv,1345822_YES
1770994980,2026-02-13 15:03:00,1,250.0,10.0,0.039999999999840004,10.0,,,0.0,0.0,,0.0,,,,0.0,,-0.0,,-0.5657677765977566,0.15157488381647538,0.7815108180377109,0.0,0.0,0.0,0.0,0.36731792525642976,0.0,0.0,0.36731792525642976,False,1345822_YES.csv,1345822_YES
1770995160,2026-02-13 15:06:00,1,163.608887,4.999999000000001,0.03056068097309061,4.999999000000001,,,0.0,0.0,,0.0,,,,0.0,,-0.0,,-0.5499501281147819,-0.40561299523320266,-0.16381059401731624,0.0,0.0,0.0,0.0,-1.119373717365301,0.0,0.0,-1.119373717365301,False,1345822_YES.csv,1345822_YES
1770995220,2026-02-13 15:07:00,1,0.73,0.02555,0.0349999999520548,0.02555,,,0.0,0.0,,0.0,,,,0.0,,-0.0,,-0.5343069070934251,-0.9486718795440984,-1.08869170013282,0.0,0.0,0.0,0.0,-2.5716704867703433,0.0,0.0,-2.5716704867703433,False,1345822_YES.csv,1345822_YES
1770995280,2026-02-13 15:08:00,2,1237.422776,23.744979,0.01918905927749042,11.8724895,,,0.0,0.0,,0.0,,,,0.0,,-0.0,,0.375661172460571,1.6994899975116753,1.1089331702579828,0.0,0.0,0.0,0.0,3.1840843402302292,0.0,0.0,3.1840843402302292,False,1345822_YES.csv,1345822_YES
1770995340,2026-02-13 15:09:00,1,179.97,2.87952,0.015999999999911096,2.87952,,,0.0,0.0,,0.0,,,,0.0,,-0.0,,-0.5259256414447993,-0.6287216007856781,-0.5518545797960009,0.0,0.0,0.0,0.0,-1.7065018220264783,0.0,0.0,-1.7065018220264783,False,1345822_YES.csv,1345822_YES
1770995400,2026-02-13 15:10:00,1,204.214614,9.999999,0.04896808707309761,9.999999,,,0.0,0.0,,0.0,,,,0.0,,-0.0,,-0.5103721017539081,0.16829027353023174,0.7490170116490482,0.0,0.0,0.0,0.0,0.4069351834253718,0.0,0.0,0.4069351834253718,False,1345822_YES.csv,1345822_YES
1770995460,2026-02-13 15:11:00,2,87.699163,5.1299980000000005,0.05849540433973699,2.5649990000000003,,,0.0,0.0,,0.0,,,,0.0,,-0.0,,0.3902845484000474,-0.3694471798319496,-0.6145879228634683,0.0,0.0,0.0,0.0,-0.5937505542953705,0.0,0.0,-0.5937505542953705,False,1345822_YES.csv,1345822_YES
1770995520,2026-02-13 15:12:00,4,1321.604145,105.681049,0.07996422332643331,26.42026225,,,0.0,0.0,,0.0,,,,0.0,,-0.0,,2.07039734287735,6.200215597667532,3.3618479486308055,0.0,0.0,0.0,0.0,11.632460889175688,0.0,0.0,11.632460889175688,True,1345822_YES.csv,1345822_YES
1770995580,2026-02-13 15:13:00,4,357.047893,22.488398999999998,0.06298426469061116,5.622099749999999,,,0.0,0.0,,0.0,,,,0.0,,-0.0,,1.9633305036765119,0.7833108994164191,-0.1016843751194967,0.0,0.0,0.0,0.0,2.644957027973434,0.0,0.0,2.644957027973434,False,1345822_YES.csv,1345822_YES
1770995640,2026-02-13 15:14:00,2,112.5,7.53125,0.06694444444384938,3.765625,,,0.0,0.0,,0.0,,,,0.0,,-0.0,,0.2670133148928212,-0.1919661943312636,-0.4244641651393254,0.0,0.0,0.0,0.0,-0.3494170445777678,0.0,0.0,-0.3494170445777678,False,1345822_YES.csv,1345822_YES
1770995700,2026-02-13 15:15:00,2,89.968027,6.405729000000001,0.07120006088306009,3.2028645000000004,,,0.0,0.0,,0.0,,,,0.0,,-0.0,,0.2670133148928212,-0.2589990950286845,-0.5103120380098453,0.0,0.0,0.0,0.0,-0.5022978181457085,0.0,0.0,-0.5022978181457085,False,1345822_YES.csv,1345822_YES
1770995760,2026-02-13 15:16:00,3,912.915071,40.852519,0.044749528513321236,13.617506333333333,,,0.0,0.0,,0.0,,,,0.0,,-0.0,,1.0743664096611285,1.9053924572925032,1.3469429660831307,0.0,0.0,0.0,0.0,4.326701833036763,0.0,0.0,4.326701833036763,False,1345822_YES.csv,1345822_YES
1770995880,2026-02-13 15:18:00,2,3857.33,115.40989,0.02991963093641716,57.704945,,,0.0,0.0,,0.0,,,,0.0,,-0.0,,0.22384404640849062,4.959082845848776,5.975423279390171,0.0,0.0,0.0,0.0,11.158350171647438,0.0,0.0,11.158350171647438,True,1345822_YES.csv,1345822_YES
1770995940,2026-02-13 15:19:00,1,516.99,11.58778,0.022413934505459646,11.58778,,,0.0,0.0,,0.0,,,,0.0,,-0.0,,-0.5916079783099616,-0.013788318926259925,0.572764953744025,0.0,0.0,0.0,0.0,-0.03263134349219654,0.0,0.0,-0.03263134349219654,False,1345822_YES.csv,1345822_YES
1770996000,2026-02-13 15:20:00,1,54.91,1.35384,0.024655618284016384,1.35384,,,0.0,0.0,,0.0,,,,0.0,,-0.0,,-0.5761866268739826,-0.5121423759167364,-0.629755290491704,0.0,0.0,0.0,0.0,-1.718084293282423,0.0,0.0,-1.718084293282423,False,1345822_YES.csv,1345822_YES
1770996060,2026-02-13 15:21:00,3,909.8506110000001,33.002769,0.03627273378834239,11.000923,,,0.0,0.0,,0.0,,,,0.0,,-0.0,,1.0856358509857835,0.9970283736327552,0.48604565215191325,0.0,0.0,0.0,0.0,2.568709876770452,0.0,0.0,2.568709876770452,False,1345822_YES.csv,1345822_YES
1770996180,2026-02-13 15:23:00,1,150.0,4.31,0.028733333333141747,4.31,,,0.0,0.0,,0.0,,,,0.0,,-0.0,,-0.5845731505308065,-0.3862300875287077,-0.29518041933780165,0.0,0.0,0.0,0.0,-1.2659836573973158,0.0,0.0,-1.2659836573973158,False,1345822_YES.csv,1345822_YES
1770996240,2026-02-13 15:24:00,2,82.521739,2.6799999999999997,0.03247629088339405,1.3399999999999999,,,0.0,0.0,,0.0,,,,0.0,,-0.0,,0.23719777875635312,-0.4627745831220333,-0.6347945080549611,0.0,0.0,0.0,0.0,-0.8603713124206412,0.0,0.0,-0.8603713124206412,False,1345822_YES.csv,1345822_YES
1770996300,2026-02-13 15:25:00,8,8946.068697,520.1364540000001,0.0581413436020635,65.01705675000001,,,0.0,0.0,,0.0,,,,0.0,,-0.0,,4.282566098583595,7.2632094978776305,5.033331897512457,0.0,0.0,0.0,0.0,16.579107493973684,0.0,0.0,16.579107493973684,True,1345822_YES.csv,1345822_YES
1770996360,2026-02-13 15:26:00,9,9201.850553999999,819.6420959999999,0.08907361526792196,91.071344,,,0.0,0.0,,0.0,,,,0.0,,-0.0,,4.120094382106015,6.337877869862819,5.235848366736449,0.0,0.0,0.0,0.0,15.693820618705281,0.0,0.0,15.693820618705281,True,1345822_YES.csv,1345822_YES
1770996420,2026-02-13 15:27:00,3,267.38,27.39562,0.10245949584822177,9.131873333333333,,,0.0,0.0,,0.0,,,,0.0,,-0.0,,0.5856818725331642,-0.059586870090583055,-0.006334597789259328,0.0,0.0,0.0,0.0,0.5197604046533217,0.0,0.0,0.5197604046533217,False,1345822_YES.csv,1345822_YES
1770996480,2026-02-13 15:28:00,4,281.123011,28.709997,0.10212610094695468,7.17749925,,,0.0,0.0,,0.0,,,,0.0,,-0.0,,1.1327336411790445,-0.05218909256092604,-0.13372443443473514,0.0,0.0,0.0,0.0,0.9468201141833833,0.0,0.0,0.9468201141833833,False,1345822_YES.csv,1345822_YES
1770996540,2026-02-13 15:29:00,4,70.09396100000001,6.7931989999999995,0.09691561017507748,1.6982997499999999,,,0.0,0.0,,0.0,,,,0.0,,-0.0,,1.0957280993219727,-0.22964701855240452,-0.4814030262612514,0.0,0.0,0.0,0.0,0.3846780545083167,0.0,0.0,0.3846780545083167,False,1345822_YES.csv,1345822_YES
1770996600,2026-02-13 15:30:00,6,182.911135,22.642699,0.12379070853109195,3.7737831666666666,,,0.0,0.0,,0.0,,,,0.0,,-0.0,,2.121350854294026,-0.10432164493285315,-0.3499632248219072,0.0,0.0,0.0,0.0,1.6670659845392657,0.0,0.0,1.6670659845392657,False,1345822_YES.csv,1345822_YES
1770996660,2026-02-13 15:31:00,3,823.004461,115.42203899999998,0.14024473070244964,38.47401299999999,,,0.0,0.0,,0.0,,,,0.0,,-0.0,,0.453913501573831,0.6294662849381031,1.7830417304401887,0.0,0.0,0.0,0.0,2.8664215169521228,0.0,0.0,2.8664215169521228,False,1345822_YES.csv,1345822_YES
1770996720,2026-02-13 15:32:00,11,5827.394173,584.0972770000001,0.10023301318901529,53.09975245454546,,,0.0,0.0,,0.0,,,,0.0,,-0.0,,4.071472842297909,3.7650764332457185,2.499212876848078,0.0,0.0,0.0,0.0,10.335762152391705,0.0,0.0,10.335762152391705,True,1345822_YES.csv,1345822_YES
1770996780,2026-02-13 15:33:00,30,18998.394605999998,3274.195656,0.17234064898124518,109.1398552,,,0.0,0.0,,0.0,,,,0.0,,-0.0,,6.547444091330326,7.206399356733569,4.564095101834006,0.0,0.0,0.0,0.0,18.317938549897903,0.0,0.0,18.317938549897903,True,1345822_YES.csv,1345822_YES
1770996840,2026-02-13 15:34:00,14,9680.801018,1544.5230119999999,0.15954496008419453,110.32307228571428,,,0.0,0.0,,0.0,,,,0.0,,-0.0,,2.4993335966479893,2.9665576564889182,3.9009205714219712,0.0,0.0,0.0,0.0,9.36681182455888,0.0,0.0,9.36681182455888,False,1345822_YES.csv,1345822_YES
1770996900,2026-02-13 15:35:00,6,1643.875999,236.676437,0.1439746289524457,39.44607283333333,,,0.0,0.0,,0.0,,,,0.0,,-0.0,,0.6558937829665067,0.22138554941940455,0.9962019004829075,0.0,0.0,0.0,0.0,1.8734812328688188,0.0,0.0,1.8734812328688188,False,1345822_YES.csv,1345822_YES
1770996960,2026-02-13 15:36:00,6,783.1262380000001,138.174598,0.17643975044521945,23.029099666666667,,,0.0,0.0,,0.0,,,,0.0,,-0.0,,0.6359851333888006,0.010469129754278174,0.3216529321905961,0.0,0.0,0.0,0.0,0.9681071953336748,0.0,0.0,0.9681071953336748,False,1345822_YES.csv,1345822_YES
1770997020,2026-02-13 15:37:00,19,9360.764949,1563.751277,0.16705379159925243,82.3026987894737,,,0.0,0.0,,0.0,,,,0.0,,-0.0,,3.200286173601592,2.745804718381704,2.513780613355759,0.0,0.0,0.0,0.0,8.459871505339056,0.0,0.0,8.459871505339056,False,1345822_YES.csv,1345822_YES
1770997080,2026-02-13 15:38:00,21,9276.267067,1605.688106,0.1730963645615602,76.46133838095238,,,0.0,0.0,,0.0,,,,0.0,,-0.0,,3.219227855701681,2.609683260788906,2.1575375533637784,0.0,0.0,0.0,0.0,7.986448669854366,0.0,0.0,7.986448669854366,False,1345822_YES.csv,1345822_YES
1770997140,2026-02-13 15:39:00,11,325.08428200000003,40.240954,0.12378621861476585,3.6582685454545456,,,0.0,0.0,,0.0,,,,0.0,,-0.0,,1.2996419319683505,-0.26842056027163824,-0.505883903731157,0.0,0.0,0.0,0.0,0.5253374679655552,0.0,0.0,0.5253374679655552,False,1345822_YES.csv,1345822_YES
1770997200,2026-02-13 15:40:00,4,383.255453,35.933929,0.09375973314567877,8.98348225,,,0.0,0.0,,0.0,,,,0.0,,-0.0,,0.0,-0.27703294139636764,-0.31205111939683633,0.0,0.0,0.0,0.0,-0.589084060793204,0.0,0.0,-0.589084060793204,False,1345822_YES.csv,1345822_YES
1770997260,2026-02-13 15:41:00,3,467.622978,57.231998000000004,0.12238919106297129,19.077332666666667,,,0.0,0.0,,0.0,,,,0.0,,-0.0,,-0.18499388589633314,-0.2396369660730929,0.04655992891889363,0.0,0.0,0.0,0.0,-0.37807092305053247,0.0,0.0,-0.37807092305053247,False,1345822_YES.csv,1345822_YES
1770997320,2026-02-13 15:42:00,4,366.918718,40.480568000000005,0.11032570979355065,10.120142000000001,,,0.0,0.0,,0.0,,,,0.0,,-0.0,,0.0,-0.2714185456763056,-0.2872600305688274,0.0,0.0,0.0,0.0,-0.558678576245133,0.0,0.0,-0.558678576245133,False,1345822_YES.csv,1345822_YES
1770997500,2026-02-13 15:45:00,7,2425.402453,122.650068,0.05056895520503924,17.521438285714286,,,0.0,0.0,,0.0,,,,0.0,,-0.0,,0.5388496976052766,-0.124032403198723,-0.025311353178170203,0.0,0.0,0.0,0.0,0.3895059412283834,0.0,0.0,0.3895059412283834,False,1345822_YES.csv,1345822_YES
1770997560,2026-02-13 15:46:00,1,254.0,8.439,0.033224409448688,8.439,,,0.0,0.0,,0.0,,,,0.0,,-0.0,,-0.5696411088970066,-0.3346180751713599,-0.3655747944015451,0.0,0.0,0.0,0.0,-1.2698339784699115,0.0,0.0,-1.2698339784699115,False,1345822_YES.csv,1345822_YES
1770997620,2026-02-13 15:47:00,5,1757.1834829999998,84.871037,0.048299473459113805,16.9742074,,,0.0,0.0,,0.0,,,,0.0,,-0.0,,0.15744355940736418,-0.19606301500557902,-0.050506050731616244,0.0,0.0,0.0,0.0,-0.08912550632983107,0.0,0.0,-0.08912550632983107,False,1345822_YES.csv,1345822_YES
1770997800,2026-02-13 15:50:00,1,93.090909,4.999999999999999,0.05371093755187503,4.999999999999999,,,0.0,0.0,,0.0,,,,0.0,,-0.0,,-0.583467308391997,-0.3433053485414641,-0.4944745509284151,0.0,0.0,0.0,0.0,-1.4212472078618763,0.0,0.0,-1.4212472078618763,False,1345822_YES.csv,1345822_YES
1770997860,2026-02-13 15:51:00,2,1821.051203,110.629998,0.0607506245940187,55.314999,,,0.0,0.0,,0.0,,,,0.0,,-0.0,,-0.4019485561343258,-0.15152107098160025,1.3250782280377704,0.0,0.0,0.0,0.0,0.7716086009218444,0.0,0.0,0.7716086009218444,False,1345822_YES.csv,1345822_YES
1770997920,2026-02-13 15:52:00,2,288.611108,20.779998,0.0719999938461412,10.389999,,,0.0,0.0,,0.0,,,,0.0,,-0.0,,-0.4056739655707675,-0.3175357775367911,-0.3113086343383724,0.0,0.0,0.0,0.0,-1.034518377445931,0.0,0.0,-1.034518377445931,False,1345822_YES.csv,1345822_YES
1770997980,2026-02-13 15:53:00,2,79.36,3.83776,0.048358870967132574,1.91888,,,0.0,0.0,,0.0,,,,0.0,,-0.0,,-0.402183224962024,-0.3486283392432371,-0.6192244979140362,0.0,0.0,0.0,0.0,-1.3700360621192973,0.0,0.0,-1.3700360621192973,False,1345822_YES.csv,1345822_YES
1770998040,2026-02-13 15:54:00,4,263.962857,8.58442,0.0325213179518188,2.146105,,,0.0,0.0,,0.0,,,,0.0,,-0.0,,-0.04033805379427977,-0.3399460357061202,-0.6074404235849289,0.0,0.0,0.0,0.0,-0.9877245130853289,0.0,0.0,-0.9877245130853289,False,1345822_YES.csv,1345822_YES
1770998100,2026-02-13 15:55:00,3,94.65290300000001,4.9999970000000005,0.05282454992370568,1.6666656666666668,,,0.0,0.0,,0.0,,,,0.0,,-0.0,,-0.22651368669095553,-0.34648344368049017,-0.6242814435074148,0.0,0.0,0.0,0.0,-1.1972785738788605,0.0,0.0,-1.1972785738788605,False,1345822_YES.csv,1345822_YES
1770998220,2026-02-13 15:57:00,1,47.4,1.5168,0.031999999999324895,1.5168,,,0.0,0.0,,0.0,,,,0.0,,-0.0,,-0.5848292390131177,-0.35252799751981956,-0.6289007306376458,0.0,0.0,0.0,0.0,-1.566257967170583,0.0,0.0,-1.566257967170583,False,1345822_YES.csv,1345822_YES
1770998280,2026-02-13 15:58:00,1,25.641024,0.999999,0.038999963494476604,0.999999,,,0.0,0.0,,0.0,,,,0.0,,-0.0,,-0.5848292390131177,-0.3534590984824178,-0.6471416311790784,0.0,0.0,0.0,0.0,-1.5854299686746138,0.0,0.0,-1.5854299686746138,False,1345822_YES.csv,1345822_YES
1770998340,2026-02-13 15:59:00,3,650.9085239999999,21.309659,0.032738331446351215,7.103219666666667,,,0.0,0.0,,0.0,,,,0.0,,-0.0,,-0.22025607985522871,-0.3166722114680785,-0.4293111922584171,0.0,0.0,0.0,0.0,-0.9662394835817243,0.0,0.0,-0.9662394835817243,False,1345822_YES.csv,1345822_YES
1770998400,2026-02-13 16:00:00,12,773.9377020000001,34.943024,0.045149659862357784,2.9119186666666668,,,0.0,0.0,,0.0,,,,0.0,,-0.0,,1.4008171351729128,-0.2926148912602587,-0.5820882786018334,0.0,0.0,0.0,0.0,0.5261139653108208,0.0,0.0,0.5261139653108208,False,1345822_YES.csv,1345822_YES
1770998460,2026-02-13 16:01:00,1,191.23,6.69305,0.03499999999981698,6.69305,,,0.0,0.0,,0.0,,,,0.0,,-0.0,,-0.6178276447705859,-0.3449147059766958,-0.44837034746791227,0.0,0.0,0.0,0.0,-1.411112698215194,0.0,0.0,-1.411112698215194,False,1345822_YES.csv,1345822_YES
1770998520,2026-02-13 16:02:00,14,1720.827961,87.50375400000001,0.05084979787816745,6.250268142857144,,,0.0,0.0,,0.0,,,,0.0,,-0.0,,1.7055256514330863,-0.1969669548165804,-0.463692290708193,0.0,0.0,0.0,0.0,1.0448664059083128,0.0,0.0,1.0448664059083128,False,1345822_YES.csv,1345822_YES
1770998580,2026-02-13 16:03:00,2,8.82,0.46746,0.05299999999399092,0.23373,,,0.0,0.0,,0.0,,,,0.0,,-0.0,,-0.44876795963477273,-0.3568518157375376,-0.6672620676318877,0.0,0.0,0.0,0.0,-1.472881843004198,0.0,0.0,-1.472881843004198,False,1345822_YES.csv,1345822_YES
1770998640,2026-02-13 16:04:00,2,175.14,10.193190000000001,0.058200239807821144,5.096595000000001,,,0.0,0.0,,0.0,,,,0.0,,-0.0,,-0.45250382165486214,-0.33905243002700286,-0.4900079424247695,0.0,0.0,0.0,0.0,-1.2815641941066347,0.0,0.0,-1.2815641941066347,False,1345822_YES.csv,1345822_YES
1770998700,2026-02-13 16:05:00,3,1140.721893,81.41737899999998,0.07137355695506804,27.139126333333326,,,0.0,0.0,,0.0,,,,0.0,,-0.0,,-0.2760041167022722,-0.21014762741897117,0.29587960321227197,0.0,0.0,0.0,0.0,-0.19027214090897143,0.0,0.0,-0.19027214090897143,False,1345822_YES.csv,1345822_YES
1770998760,2026-02-13 16:06:00,2,113.890409,8.439999,0.07410631917149313,4.2199995,,,0.0,0.0,,0.0,,,,0.0,,-0.0,,-0.4597754925997454,-0.34484448912708726,-0.5339564242383287,0.0,0.0,0.0,0.0,-1.3385764059651613,0.0,0.0,-1.3385764059651613,False,1345822_YES.csv,1345822_YES
1770998820,2026-02-13 16:07:00,12,1294.826996,109.53504500000001,0.08459434761423168,9.127920416666667,,,0.0,0.0,,0.0,,,,0.0,,-0.0,,1.295697021183812,-0.161482075825718,-0.3574277524065169,0.0,0.0,0.0,0.0,0.7767871929515769,0.0,0.0,0.7767871929515769,False,1345822_YES.csv,1345822_YES
1770998880,2026-02-13 16:08:00,20,793.814029,74.801781,0.09423086298202187,3.7400890500000004,,,0.0,0.0,,0.0,,,,0.0,,-0.0,,2.5246588220730026,-0.22799618044674688,-0.5531440252373976,0.0,0.0,0.0,0.0,1.743518616388858,0.0,0.0,1.743518616388858,False,1345822_YES.csv,1345822_YES
1770998940,2026-02-13 16:09:00,10,570.323084,58.321564,0.10226057060649807,5.832156400000001,,,0.0,0.0,,0.0,,,,0.0,,-0.0,,0.8092736727665317,-0.2603155191659597,-0.4792266226131897,0.0,0.0,0.0,0.0,0.06973153098738238,0.0,0.0,0.06973153098738238,False,1345822_YES.csv,1345822_YES
1770999000,2026-02-13 16:10:00,9,1354.407114,81.569944,0.060225572619031345,9.063327111111112,,,0.0,0.0,,0.0,,,,0.0,,-0.0,,0.6188315383936344,-0.2199665067672157,-0.3678369688345558,0.0,0.0,0.0,0.0,0.03102806279186282,0.0,0.0,0.03102806279186282,False,1345822_YES.csv,1345822_YES
1770999060,2026-02-13 16:11:00,3,102.68,7.80752,0.07603739773981262,2.6025066666666667,,,0.0,0.0,,0.0,,,,0.0,,-0.0,,-0.40072593321849664,-0.3566382735673044,-0.6016649699743667,0.0,0.0,0.0,0.0,-1.3590291767601679,0.0,0.0,-1.3590291767601679,False,1345822_YES.csv,1345822_YES
1770999120,2026-02-13 16:12:00,2,70.0,2.95,0.0421428571422551,1.475,,,0.0,0.0,,0.0,,,,0.0,,-0.0,,-0.5739505072165689,-0.36538585210740293,-0.6359755291427693,0.0,0.0,0.0,0.0,-1.5753118884667412,0.0,0.0,-1.5753118884667412,False,1345822_YES.csv,1345822_YES
1770999180,2026-02-13 16:13:00,13,375.474249,23.024143,0.06132016526102344,1.771087923076923,,,0.0,0.0,,0.0,,,,0.0,,-0.0,,1.2471448548648238,-0.32884000081606507,-0.6225486198704564,0.0,0.0,0.0,0.0,0.29575623417830244,0.0,0.0,0.29575623417830244,False,1345822_YES.csv,1345822_YES
1770999240,2026-02-13 16:14:00,13,824.528157,66.655096,0.08084029081849675,5.127315076923077,,,0.0,0.0,,0.0,,,,0.0,,-0.0,,1.2044280978674038,-0.25026288683730896,-0.5046476018617692,0.0,0.0,0.0,0.0,0.4495176091683257,0.0,0.0,0.4495176091683257,False,1345822_YES.csv,1345822_YES
1770999300,2026-02-13 16:15:00,19,889.5126359999999,68.970471,0.07753737070006325,3.6300247894736843,,,0.0,0.0,,0.0,,,,0.0,,-0.0,,2.0833714689916447,-0.2474706441613761,-0.5530045916913818,0.0,0.0,0.0,0.0,1.282896233138887,0.0,0.0,1.282896233138887,False,1345822_YES.csv,1345822_YES
1770999360,2026-02-13 16:16:00,12,1303.727631,102.005295,0.07824126188203932,8.50044125,,,0.0,0.0,,0.0,,,,0.0,,-0.0,,0.9247139505874016,-0.18945922226757408,-0.380127424555996,0.0,0.0,0.0,0.0,0.3551273037638315,0.0,0.0,0.3551273037638315,False,1345822_YES.csv,1345822_YES
1770999420,2026-02-13 16:17:00,5,1138.6846930000002,83.136768,0.07301122822762574,16.6273536,,,0.0,0.0,,0.0,,,,0.0,,-0.0,,-0.21297576091583698,-0.22688252219188706,-0.08852975048634767,0.0,0.0,0.0,0.0,-0.5283880335940717,0.0,0.0,-0.5283880335940717,False,1345822_YES.csv,1345822_YES
1770999480,2026-02-13 16:18:00,5,2337.604298,138.15111600000003,0.05909944472558498,27.630223200000007,,,0.0,0.0,,0.0,,,,0.0,,-0.0,,-0.22190395120329284,-0.12899185236868838,0.2976277724452227,0.0,0.0,0.0,0.0,-0.05326803112675854,0.0,0.0,-0.05326803112675854,False,1345822_YES.csv,1345822_YES
1770999540,2026-02-13 16:19:00,2,258.0,19.070999999999998,0.07391860465087621,9.535499999999999,,,0.0,0.0,,0.0,,,,0.0,,-0.0,,-0.7015008516546324,-0.34737607288504135,-0.3523916619540617,0.0,0.0,0.0,0.0,-1.4012685864937353,0.0,0.0,-1.4012685864937353,False,1345822_YES.csv,1345822_YES
1770999600,2026-02-13 16:20:00,5,398.837128,21.772757,0.05459059719220874,4.3545514,,,0.0,0.0,,0.0,,,,0.0,,-0.0,,-0.21872349253545287,-0.3423334936660899,-0.5404130850933827,0.0,0.0,0.0,0.0,-1.1014700712949255,0.0,0.0,-1.1014700712949255,False,1345822_YES.csv,1345822_YES
1770999660,2026-02-13 16:21:00,2,69.197677,3.448959,0.04984212114447364,1.7244795,,,0.0,0.0,,0.0,,,,0.0,,-0.0,,-0.7047756981697927,-0.37622042382788023,-0.6346049244428671,0.0,0.0,0.0,0.0,-1.71560104644054,0.0,0.0,-1.71560104644054,False,1345822_YES.csv,1345822_YES
1770999720,2026-02-13 16:22:00,2,798.856121,33.013999,0.04132658952231859,16.5069995,,,0.0,0.0,,0.0,,,,0.0,,-0.0,,-0.7047756981697927,-0.3222313995881384,-0.10430797514175445,0.0,0.0,0.0,0.0,-1.1313150728996855,0.0,0.0,-1.1313150728996855,False,1345822_YES.csv,1345822_YES
1770999780,2026-02-13 16:23:00,1,21.739129,0.999999,0.0459999570338811,0.999999,,,0.0,0.0,,0.0,,,,0.0,,-0.0,,-0.8580901824615518,-0.3803047766564501,-0.6610388540097337,0.0,0.0,0.0,0.0,-1.8994338131277355,0.0,0.0,-1.8994338131277355,False,1345822_YES.csv,1345822_YES
1770999840,2026-02-13 16:24:00,1,65.21739,2.9999989999999994,0.04599998558596096,2.9999989999999994,,,0.0,0.0,,0.0,,,,0.0,,-0.0,,-0.8535900774957446,-0.3727556744926142,-0.56312848802784,0.0,0.0,0.0,0.0,-1.7894742400161987,0.0,0.0,-1.7894742400161987,False,1345822_YES.csv,1345822_YES
1770999900,2026-02-13 16:25:00,1,1495.914628,75.94999899999999,0.05077161328483856,75.94999899999999,,,0.0,0.0,,0.0,,,,0.0,,-0.0,,-0.8535900774957446,-0.23956117198037055,2.0190771211521286,0.0,0.0,0.0,0.0,0.9259258716760135,0.0,0.0,0.9259258716760135,False,1345822_YES.csv,1345822_YES
1770999960,2026-02-13 16:26:00,1,87.269136,4.999999,0.05729401285630578,4.999999,,,0.0,0.0,,0.0,,,,0.0,,-0.0,,-0.8535900774957446,-0.3713882681106345,-0.5130273892248112,0.0,0.0,0.0,0.0,-1.7380057348311904,0.0,0.0,-1.7380057348311904,False,1345822_YES.csv,1345822_YES
1771000020,2026-02-13 16:27:00,2,116.591895,6.379999,0.05472077625932124,3.1899995,,,0.0,0.0,,0.0,,,,0.0,,-0.0,,-0.6887040137676519,-0.36789702230535415,-0.571810480493371,0.0,0.0,0.0,0.0,-1.628411516566377,0.0,0.0,-1.628411516566377,False,1345822_YES.csv,1345822_YES
1771000140,2026-02-13 16:29:00,3,93.456594,4.320279,0.046227653020971114,1.440093,,,0.0,0.0,,0.0,,,,0.0,,-0.0,,-0.5352976373349492,-0.3717197285755806,-0.6318029203323953,0.0,0.0,0.0,0.0,-1.5388202862429252,0.0,0.0,-1.5388202862429252,False,1345822_YES.csv,1345822_YES
1771000200,2026-02-13 16:30:00,3,414.023188,12.248868000000002,0.029584980636327047,4.082956,,,0.0,0.0,,0.0,,,,0.0,,-0.0,,-0.5388984118796809,-0.35734150525562874,-0.5399082793893478,0.0,0.0,0.0,0.0,-1.4361481965246576,0.0,0.0,-1.4361481965246576,False,1345822_YES.csv,1345822_YES
1771000260,2026-02-13 16:31:00,3,141.53,4.05552,0.028654843495876093,1.35184,,,0.0,0.0,,0.0,,,,0.0,,-0.0,,-0.524507010455739,-0.35724806799037606,-0.6116373117075329,0.0,0.0,0.0,0.0,-1.4933923901536479,0.0,0.0,-1.4933923901536479,False,1345822_YES.csv,1345822_YES
1771000320,2026-02-13 16:32:00,33,11772.328606000001,1251.038814,0.10626944386875821,37.91026709090909,,,0.0,0.0,,0.0,,,,0.0,,-0.0,,3.717861171559416,1.9081574290556198,0.7949098726145569,0.0,0.0,0.0,0.0,6.420928473229593,0.0,0.0,6.420928473229593,False,1345822_YES.csv,1345822_YES
1771000380,2026-02-13 16:33:00,10,11092.571958,1178.751358,0.10626492777896962,117.8751358,,,0.0,0.0,,0.0,,,,0.0,,-0.0,,0.45643279242154955,1.6991654359554054,3.408517393722444,0.0,0.0,0.0,0.0,5.564115622099399,0.0,0.0,5.564115622099399,False,1345822_YES.csv,1345822_YES
1771000440,2026-02-13 16:34:00,6,1408.480137,113.866118,0.08084325437662816,18.977686333333335,,,0.0,0.0,,0.0,,,,0.0,,-0.0,,-0.11306811531060228,-0.19581552188702564,-0.011225769018874085,0.0,0.0,0.0,0.0,-0.32010940621650197,0.0,0.0,-0.32010940621650197,False,1345822_YES.csv,1345822_YES
1771000500,2026-02-13 16:35:00,3,34.120177,2.4361990000000002,0.07140053816041456,0.8120663333333334,,,0.0,0.0,,0.0,,,,0.0,,-0.0,,-0.5341230349906388,-0.3938168104607231,-0.6383190332783535,0.0,0.0,0.0,0.0,-1.5662588787297154,0.0,0.0,-1.5662588787297154,False,1345822_YES.csv,1345822_YES
1771000560,2026-02-13 16:36:00,10,1841.31783,126.865447,0.06889926602184211,12.6865447,,,0.0,0.0,,0.0,,,,0.0,,-0.0,,0.44400097745508993,-0.17579757640593954,-0.2336672320996501,0.0,0.0,0.0,0.0,0.03453616894950032,0.0,0.0,0.03453616894950032,False,1345822_YES.csv,1345822_YES
1771000620,2026-02-13 16:37:00,4,2042.582607,121.555499,0.05951068935149336,30.38887475,,,0.0,0.0,,0.0,,,,0.0,,-0.0,,-0.40452210864347543,-0.18543591534761605,0.38478302836791534,0.0,0.0,0.0,0.0,-0.2051749956231762,0.0,0.0,-0.2051749956231762,False,1345822_YES.csv,1345822_YES
1771000680,2026-02-13 16:38:00,3,333.90060300000005,21.649997999999997,0.06483964930106802,7.216665999999999,,,0.0,0.0,,0.0,,,,0.0,,-0.0,,-0.5271042063390606,-0.34741539016873385,-0.3970641790171414,0.0,0.0,0.0,0.0,-1.271583775524936,0.0,0.0,-1.271583775524936,False,1345822_YES.csv,1345822_YES
1771000740,2026-02-13 16:39:00,8,1786.7795219999998,120.320108,0.06733909053605812,15.0400135,,,0.0,0.0,,0.0,,,,0.0,,-0.0,,0.25545721979955716,-0.11117722507300466,-0.07442703654663595,0.0,0.0,0.0,0.0,0.06985295817991656,0.0,0.0,0.06985295817991656,False,1345822_YES.csv,1345822_YES
1771000800,2026-02-13 16:40:00,3,133.6,9.059349999999998,0.0678095059875164,3.019783333333333,,,0.0,0.0,,0.0,,,,0.0,,-0.0,,-0.5030113602169218,-0.3721515651484364,-0.5313769589543322,0.0,0.0,0.0,0.0,-1.4065398843196903,0.0,0.0,-1.4065398843196903,False,1345822_YES.csv,1345822_YES
1771000860,2026-02-13 16:41:00,1,355.61,16.39327,0.04609901296351026,16.39327,,,0.0,0.0,,0.0,,,,0.0,,-0.0,,-0.8014044548119987,-0.34033795550367374,0.07048577796189766,0.0,0.0,0.0,0.0,-1.0712566323537747,0.0,0.0,-1.0712566323537747,False,1345822_YES.csv,1345822_YES
1771000920,2026-02-13 16:42:00,4,709.48,19.01691,0.02680401138858484,4.7542275,,,0.0,0.0,,0.0,,,,0.0,,-0.0,,-0.32445805232807756,-0.32675952074090364,-0.42945791948436884,0.0,0.0,0.0,0.0,-1.08067549255335,0.0,0.0,-1.08067549255335,False,1345822_YES.csv,1345822_YES
1771000980,2026-02-13 16:43:00,38,1977.208107,53.656335,0.027137424133560288,1.4120088157894737,,,0.0,0.0,,0.0,,,,0.0,,-0.0,,4.266357991473286,-0.18378670001520972,-0.5610634115362358,0.0,0.0,0.0,0.0,3.52150787992184,0.0,0.0,3.52150787992184,False,1345822_YES.csv,1345822_YES
1771001040,2026-02-13 16:44:00,20,3856.4877890000002,175.911583,0.0456144535195245,8.79557915,,,0.0,0.0,,0.0,,,,0.0,,-0.0,,1.8477567516448703,0.426207130343425,-0.16778575641542218,0.0,0.0,0.0,0.0,2.1061781255728733,0.0,0.0,2.1061781255728733,False,1345822_YES.csv,1345822_YES
1771001100,2026-02-13 16:45:00,4,5206.53,96.79372000000001,0.018590831129366638,24.198430000000002,,,0.0,0.0,,0.0,,,,0.0,,-0.0,,-0.30574270399869113,0.056724003989125395,0.6160196079909215,0.0,0.0,0.0,0.0,0.36700090798135576,0.0,0.0,0.36700090798135576,False,1345822_YES.csv,1345822_YES
1771001160,2026-02-13 16:46:00,3,471.398929,7.623478,0.016172030802352133,2.5411593333333333,,,0.0,0.0,,0.0,,,,0.0,,-0.0,,-0.4389870804645141,-0.3525483523123558,-0.504149362835569,0.0,0.0,0.0,0.0,-1.295684795612439,0.0,0.0,-1.295684795612439,False,1345822_YES.csv,1345822_YES
1771001220,2026-02-13 16:47:00,4,1673.0533320000002,11.725349,0.007008353395391285,2.93133725,,,0.0,0.0,,0.0,,,,0.0,,-0.0,,-0.30574270399869113,-0.32985763080372826,-0.4695313798016491,0.0,0.0,0.0,0.0,-1.1051317146040684,0.0,0.0,-1.1051317146040684,False,1345822_YES.csv,1345822_YES
1771001280,2026-02-13 16:48:00,8,7398.624114,32.858508,0.004441164667065492,4.1073135,,,0.0,0.0,,0.0,,,,0.0,,-0.0,,0.22882201380941594,-0.23181696487186013,-0.40278736313281194,0.0,0.0,0.0,0.0,-0.4057823141952561,0.0,0.0,-0.4057823141952561,False,1345822_YES.csv,1345822_YES
1771001340,2026-02-13 16:49:00,1,126.5625,1.0,0.00790123456783877,1.0,,,0.0,0.0,,0.0,,,,0.0,,-0.0,,-0.7061204576818734,-0.36899432572122093,-0.5485000852102568,0.0,0.0,0.0,0.0,-1.6236148686133511,0.0,0.0,-1.6236148686133511,False,1345822_YES.csv,1345822_YES
1771001400,2026-02-13 16:50:00,2,2765.158,8.96961,0.0032437965570129043,4.484805,,,0.0,0.0,,0.0,,,,0.0,,-0.0,,-0.5738605280706146,-0.3323364988397749,-0.3645316542425655,0.0,0.0,0.0,0.0,-1.270728681152955,0.0,0.0,-1.270728681152955,False,1345822_YES.csv,1345822_YES
1771001460,2026-02-13 16:51:00,6,7699.746666,16.97435,0.002204533569260389,2.8290583333333337,,,0.0,0.0,,0.0,,,,0.0,,-0.0,,-0.03389723229481396,-0.2900496903806335,-0.43747786159367064,0.0,0.0,0.0,0.0,-0.7614247842691181,0.0,0.0,-0.7614247842691181,False,1345822_YES.csv,1345822_YES
1771001520,2026-02-13 16:52:00,4,1755.3799999999999,2.99538,0.0017063997538984685,0.748845,,,0.0,0.0,,0.0,,,,0.0,,-0.0,,-0.31296088839938707,-0.35420950326685635,-0.5403313779615337,0.0,0.0,0.0,0.0,-1.2075017696277772,0.0,0.0,-1.2075017696277772,False,1345822_YES.csv,1345822_YES
1771001580,2026-02-13 16:53:00,1,103.41,0.10341,0.0009999999999903298,0.10341,,,0.0,0.0,,0.0,,,,0.0,,-0.0,,-0.7178243335243334,-0.35870402800540074,-0.5498250540443721,0.0,0.0,0.0,0.0,-1.6263534155741062,0.0,0.0,-1.6263534155741062,False,1345822_YES.csv,1345822_YES
1771001700,2026-02-13 16:55:00,4,6029.3,7.0293,0.0011658567329538808,1.757325,,,0.0,0.0,,0.0,,,,0.0,,-0.0,,-0.31540775948917976,-0.32570536834247615,-0.45220758658616317,0.0,0.0,0.0,0.0,-1.0933207144178192,0.0,0.0,-1.0933207144178192,False,1345822_YES.csv,1345822_YES
1771001820,2026-02-13 16:57:00,1,1000.0,1.0,0.000999999999999,1.0,,,0.0,0.0,,0.0,,,,0.0,,-0.0,,-0.7204927594712814,-0.35317220331885385,-0.49190475569376313,0.0,0.0,0.0,0.0,-1.5655697184838986,0.0,0.0,-1.5655697184838986,False,1345822_YES.csv,1345822_YES
1771002360,2026-02-13 17:06:00,1,1000.0,1.0,0.000999999999999,1.0,,,0.0,0.0,,0.0,,,,0.0,,-0.0,,-0.7111773815438692,-0.35252141251025726,-0.49064241499757355,0.0,0.0,0.0,0.0,-1.5543412090517,0.0,0.0,-1.5543412090517,False,1345822_YES.csv,1345822_YES
1771003560,2026-02-13 17:26:00,1,1000.0,1.0,0.000999999999999,1.0,,,0.0,0.0,,0.0,,,,0.0,,-0.0,,-0.7048084459535685,-0.3521774424998342,-0.4899051621343722,0.0,0.0,0.0,0.0,-1.5468910505877749,0.0,0.0,-1.5468910505877749,False,1345822_YES.csv,1345822_YES
1771004100,2026-02-13 17:35:00,1,100.0,0.1,0.00099999999999,0.1,,,0.0,0.0,,0.0,,,,0.0,,-0.0,,-0.7048084459535685,-0.3561899972466809,-0.5366187928735245,0.0,0.0,0.0,0.0,-1.597617236073774,0.0,0.0,-1.597617236073774,False,1345822_YES.csv,1345822_YES
1771005660,2026-02-13 18:01:00,1,1000.0,1.0,0.000999999999999,1.0,,,0.0,0.0,,0.0,,,,0.0,,-0.0,,-0.7048084459535685,-0.35205524391082926,-0.4883227463153761,0.0,0.0,0.0,0.0,-1.5451864361797738,0.0,0.0,-1.5451864361797738,False,1345822_YES.csv,1345822_YES
1771006920,2026-02-13 18:22:00,2,24000.0,24.0,0.0009999999999999584,12.0,,,0.0,0.0,,0.0,,,,0.0,,-0.0,,-0.5667996861177963,-0.24660837507878428,0.09759648400580985,0.0,0.0,0.0,0.0,-0.7158115771907707,0.0,0.0,-0.7158115771907707,False,1345822_YES.csv,1345822_YES
1771010820,2026-02-13 19:27:00,1,5000.0,5.0,0.0009999999999997999,5.0,,0.0005,0.0,0.0,0.001,2.0,0.0,589979.35,589979.35,0.0,-1.0,-0.0,1.0,-0.6779128905945014,-0.3314054729576017,-0.2801384702706564,0.0,0.0,0.0,0.0,-1.2894568338227594,0.0,0.0,-1.2894568338227594,False,1345822_YES.csv,1345822_YES
1771011120,2026-02-13 19:32:00,1,1000.0,1.0,0.000999999999999,1.0,,0.0005,0.0,0.0,0.001,2.0,0.0,589979.35,589979.35,0.0,-1.0,-0.0,1.0,-0.6779128905945014,-0.34928409005264327,-0.48899926315286296,0.0,0.0,0.0,0.0,-1.5161962438000078,0.0,0.0,-1.5161962438000078,False,1345822_YES.csv,1345822_YES
1771011420,2026-02-13 19:37:00,1,1000.0,1.0,0.000999999999999,1.0,,0.0005,0.0,0.0,0.001,2.0,0.0,589979.35,589979.35,0.0,-1.0,-0.0,1.0,-0.6528285391893766,-0.34232575652360864,-0.4835109104121066,0.0,0.0,0.0,0.0,-1.4786652061250918,0.0,0.0,-1.4786652061250918,False,1345822_YES.csv,1345822_YES
